ISO-10303-21;
HEADER;
FILE_DESCRIPTION(('Wafer Halo'),'2;1');
FILE_NAME('bracket_wheel','2026-07-22T00:00:00',('wafer-flower'),('scripts/step_export.py'),'','','');
FILE_SCHEMA(('AUTOMOTIVE_DESIGN { 1 0 10303 214 1 1 1 1 }'));
ENDSEC;
DATA;
#1=APPLICATION_CONTEXT('automotive design');
#2=APPLICATION_PROTOCOL_DEFINITION('international standard','automotive_design',2010,#1);
#3=PRODUCT_CONTEXT('',#1,'mechanical');
#4=PRODUCT('bracket_wheel','bracket_wheel','',(#3));
#5=PRODUCT_DEFINITION_FORMATION('','',#4);
#6=PRODUCT_DEFINITION_CONTEXT('part definition',#1,'design');
#7=PRODUCT_DEFINITION('design','',#5,#6);
#8=PRODUCT_DEFINITION_SHAPE('','',#7);
#9=(LENGTH_UNIT()NAMED_UNIT(*)SI_UNIT(.MILLI.,.METRE.));
#10=(NAMED_UNIT(*)PLANE_ANGLE_UNIT()SI_UNIT($,.RADIAN.));
#11=(NAMED_UNIT(*)SI_UNIT($,.STERADIAN.)SOLID_ANGLE_UNIT());
#12=UNCERTAINTY_MEASURE_WITH_UNIT(LENGTH_MEASURE(1.E-03),#9,'distance_accuracy_value','');
#13=(GEOMETRIC_REPRESENTATION_CONTEXT(3)GLOBAL_UNCERTAINTY_ASSIGNED_CONTEXT((#12))GLOBAL_UNIT_ASSIGNED_CONTEXT((#9,#10,#11))REPRESENTATION_CONTEXT('',''));
#14=CARTESIAN_POINT('',(-5.656854,-5.656854,0));
#15=VERTEX_POINT('',#14);
#16=CARTESIAN_POINT('',(-6.42566,-4.765594,0));
#17=VERTEX_POINT('',#16);
#18=CARTESIAN_POINT('',(-5.927609,-5.372472,0));
#19=VERTEX_POINT('',#18);
#20=CARTESIAN_POINT('',(-6.184083,-5.075146,0));
#21=VERTEX_POINT('',#20);
#22=CARTESIAN_POINT('',(-5.372472,-5.927609,0));
#23=VERTEX_POINT('',#22);
#24=CARTESIAN_POINT('',(-5.075146,-6.184083,0));
#25=VERTEX_POINT('',#24);
#26=CARTESIAN_POINT('',(-4.765594,-6.42566,0));
#27=VERTEX_POINT('',#26);
#28=CARTESIAN_POINT('',(-6.861829,-4.112822,0));
#29=VERTEX_POINT('',#28);
#30=CARTESIAN_POINT('',(-7.05537,-3.771174,0));
#31=VERTEX_POINT('',#30);
#32=CARTESIAN_POINT('',(-7.231915,-3.420441,0));
#33=VERTEX_POINT('',#32);
#34=CARTESIAN_POINT('',(-7.391036,-3.061467,0));
#35=VERTEX_POINT('',#34);
#36=CARTESIAN_POINT('',(-7.655523,-2.322277,0));
#37=VERTEX_POINT('',#36);
#38=CARTESIAN_POINT('',(-7.532352,-2.695119,0));
#39=VERTEX_POINT('',#38);
#40=CARTESIAN_POINT('',(-7.913412,-1.173844,0));
#41=VERTEX_POINT('',#40);
#42=CARTESIAN_POINT('',(-7.961478,-0.784137,0));
#43=VERTEX_POINT('',#42);
#44=CARTESIAN_POINT('',(-7.990364,-0.392541,0));
#45=VERTEX_POINT('',#44);
#46=CARTESIAN_POINT('',(-7.76025,-1.943841,0));
#47=VERTEX_POINT('',#46);
#48=CARTESIAN_POINT('',(-7.846282,-1.560723,0));
#49=VERTEX_POINT('',#48);
#50=CARTESIAN_POINT('',(-6.651757,-4.444562,0));
#51=VERTEX_POINT('',#50);
#52=CARTESIAN_POINT('',(-4.112822,-6.861829,0));
#53=VERTEX_POINT('',#52);
#54=CARTESIAN_POINT('',(-3.771174,-7.05537,0));
#55=VERTEX_POINT('',#54);
#56=CARTESIAN_POINT('',(-3.420441,-7.231915,0));
#57=VERTEX_POINT('',#56);
#58=CARTESIAN_POINT('',(-3.061467,-7.391036,0));
#59=VERTEX_POINT('',#58);
#60=CARTESIAN_POINT('',(-2.695119,-7.532352,0));
#61=VERTEX_POINT('',#60);
#62=CARTESIAN_POINT('',(-2.322277,-7.655523,0));
#63=VERTEX_POINT('',#62);
#64=CARTESIAN_POINT('',(-4.444562,-6.651757,0));
#65=VERTEX_POINT('',#64);
#66=CARTESIAN_POINT('',(-1.173844,-7.913412,0));
#67=VERTEX_POINT('',#66);
#68=CARTESIAN_POINT('',(-1.943841,-7.76025,0));
#69=VERTEX_POINT('',#68);
#70=CARTESIAN_POINT('',(-1.560723,-7.846282,0));
#71=VERTEX_POINT('',#70);
#72=CARTESIAN_POINT('',(-0.784137,-7.961478,0));
#73=VERTEX_POINT('',#72);
#74=CARTESIAN_POINT('',(-0.392541,-7.990364,0));
#75=VERTEX_POINT('',#74);
#76=CARTESIAN_POINT('',(-2.309699,-0.956709,0));
#77=VERTEX_POINT('',#76);
#78=CARTESIAN_POINT('',(-2.392351,-0.725712,0));
#79=VERTEX_POINT('',#78);
#80=CARTESIAN_POINT('',(-2.451963,-0.487726,0));
#81=VERTEX_POINT('',#80);
#82=CARTESIAN_POINT('',(-2.487962,-0.245043,0));
#83=VERTEX_POINT('',#82);
#84=CARTESIAN_POINT('',(-0.956709,-2.309699,0));
#85=VERTEX_POINT('',#84);
#86=CARTESIAN_POINT('',(-0.725712,-2.392351,0));
#87=VERTEX_POINT('',#86);
#88=CARTESIAN_POINT('',(-0.487726,-2.451963,0));
#89=VERTEX_POINT('',#88);
#90=CARTESIAN_POINT('',(-0.245043,-2.487962,0));
#91=VERTEX_POINT('',#90);
#92=CARTESIAN_POINT('',(-1.767767,-1.767767,0));
#93=VERTEX_POINT('',#92);
#94=CARTESIAN_POINT('',(-2.204803,-1.178492,0));
#95=VERTEX_POINT('',#94);
#96=CARTESIAN_POINT('',(-2.078674,-1.388926,0));
#97=VERTEX_POINT('',#96);
#98=CARTESIAN_POINT('',(-1.932526,-1.585983,0));
#99=VERTEX_POINT('',#98);
#100=CARTESIAN_POINT('',(-1.585983,-1.932526,0));
#101=VERTEX_POINT('',#100);
#102=CARTESIAN_POINT('',(-1.388926,-2.078674,0));
#103=VERTEX_POINT('',#102);
#104=CARTESIAN_POINT('',(-1.178492,-2.204803,0));
#105=VERTEX_POINT('',#104);
#106=CARTESIAN_POINT('',(-6.957094,-5.709539,4));
#107=VERTEX_POINT('',#106);
#108=CARTESIAN_POINT('',(-7.719557,-4.626925,4));
#109=VERTEX_POINT('',#108);
#110=CARTESIAN_POINT('',(-7.483226,-5.000132,4));
#111=VERTEX_POINT('',#110);
#112=CARTESIAN_POINT('',(-7.228868,-5.361294,4));
#113=VERTEX_POINT('',#112);
#114=CARTESIAN_POINT('',(-6.957094,-5.709539,5));
#115=VERTEX_POINT('',#114);
#116=CARTESIAN_POINT('',(-7.719557,-4.626925,5));
#117=VERTEX_POINT('',#116);
#118=CARTESIAN_POINT('',(-7.483226,-5.000132,5));
#119=VERTEX_POINT('',#118);
#120=CARTESIAN_POINT('',(-7.228868,-5.361294,5));
#121=VERTEX_POINT('',#120);
#122=CARTESIAN_POINT('',(-5.709539,-6.957094,4));
#123=VERTEX_POINT('',#122);
#124=CARTESIAN_POINT('',(-5.361294,-7.228868,4));
#125=VERTEX_POINT('',#124);
#126=CARTESIAN_POINT('',(-5.000132,-7.483226,4));
#127=VERTEX_POINT('',#126);
#128=CARTESIAN_POINT('',(-4.626925,-7.719557,4));
#129=VERTEX_POINT('',#128);
#130=CARTESIAN_POINT('',(-5.709539,-6.957094,5));
#131=VERTEX_POINT('',#130);
#132=CARTESIAN_POINT('',(-5.361294,-7.228868,5));
#133=VERTEX_POINT('',#132);
#134=CARTESIAN_POINT('',(-5.000132,-7.483226,5));
#135=VERTEX_POINT('',#134);
#136=CARTESIAN_POINT('',(-4.626925,-7.719557,5));
#137=VERTEX_POINT('',#136);
#138=CARTESIAN_POINT('',(-6.363961,-6.363961,4));
#139=VERTEX_POINT('',#138);
#140=CARTESIAN_POINT('',(-6.66856,-6.044031,4));
#141=VERTEX_POINT('',#140);
#142=CARTESIAN_POINT('',(-6.044031,-6.66856,4));
#143=VERTEX_POINT('',#142);
#144=CARTESIAN_POINT('',(-5.656854,-5.656854,4));
#145=VERTEX_POINT('',#144);
#146=CARTESIAN_POINT('',(-6.42566,-4.765594,4));
#147=VERTEX_POINT('',#146);
#148=CARTESIAN_POINT('',(-5.927609,-5.372472,4));
#149=VERTEX_POINT('',#148);
#150=CARTESIAN_POINT('',(-6.184083,-5.075146,4));
#151=VERTEX_POINT('',#150);
#152=CARTESIAN_POINT('',(-5.372472,-5.927609,4));
#153=VERTEX_POINT('',#152);
#154=CARTESIAN_POINT('',(-5.075146,-6.184083,4));
#155=VERTEX_POINT('',#154);
#156=CARTESIAN_POINT('',(-4.765594,-6.42566,4));
#157=VERTEX_POINT('',#156);
#158=CARTESIAN_POINT('',(-6.363961,-6.363961,5));
#159=VERTEX_POINT('',#158);
#160=CARTESIAN_POINT('',(-6.66856,-6.044031,5));
#161=VERTEX_POINT('',#160);
#162=CARTESIAN_POINT('',(-6.044031,-6.66856,5));
#163=VERTEX_POINT('',#162);
#164=CARTESIAN_POINT('',(-7.937291,-4.24257,4));
#165=VERTEX_POINT('',#164);
#166=CARTESIAN_POINT('',(-8.314916,-3.444151,4));
#167=VERTEX_POINT('',#166);
#168=CARTESIAN_POINT('',(-8.135903,-3.847996,4));
#169=VERTEX_POINT('',#168);
#170=CARTESIAN_POINT('',(-8.473897,-3.032009,4));
#171=VERTEX_POINT('',#170);
#172=CARTESIAN_POINT('',(-8.612463,-2.612562,4));
#173=VERTEX_POINT('',#172);
#174=CARTESIAN_POINT('',(-6.861829,-4.112822,4));
#175=VERTEX_POINT('',#174);
#176=CARTESIAN_POINT('',(-7.05537,-3.771174,4));
#177=VERTEX_POINT('',#176);
#178=CARTESIAN_POINT('',(-7.231915,-3.420441,4));
#179=VERTEX_POINT('',#178);
#180=CARTESIAN_POINT('',(-7.391036,-3.061467,4));
#181=VERTEX_POINT('',#180);
#182=CARTESIAN_POINT('',(-7.655523,-2.322277,4));
#183=VERTEX_POINT('',#182);
#184=CARTESIAN_POINT('',(-7.532352,-2.695119,4));
#185=VERTEX_POINT('',#184);
#186=CARTESIAN_POINT('',(-7.937291,-4.24257,5));
#187=VERTEX_POINT('',#186);
#188=CARTESIAN_POINT('',(-8.314916,-3.444151,5));
#189=VERTEX_POINT('',#188);
#190=CARTESIAN_POINT('',(-8.135903,-3.847996,5));
#191=VERTEX_POINT('',#190);
#192=CARTESIAN_POINT('',(-8.473897,-3.032009,5));
#193=VERTEX_POINT('',#192);
#194=CARTESIAN_POINT('',(-8.612463,-2.612562,5));
#195=VERTEX_POINT('',#194);
#196=CARTESIAN_POINT('',(-8.730281,-2.186822,4));
#197=VERTEX_POINT('',#196);
#198=CARTESIAN_POINT('',(-8.827067,-1.755813,4));
#199=VERTEX_POINT('',#198);
#200=CARTESIAN_POINT('',(-8.902589,-1.320574,4));
#201=VERTEX_POINT('',#200);
#202=CARTESIAN_POINT('',(-7.913412,-1.173844,4));
#203=VERTEX_POINT('',#202);
#204=CARTESIAN_POINT('',(-8.956662,-0.882154,4));
#205=VERTEX_POINT('',#204);
#206=CARTESIAN_POINT('',(-8.989159,-0.441609,4));
#207=VERTEX_POINT('',#206);
#208=CARTESIAN_POINT('',(-7.961478,-0.784137,4));
#209=VERTEX_POINT('',#208);
#210=CARTESIAN_POINT('',(-7.990364,-0.392541,4));
#211=VERTEX_POINT('',#210);
#212=CARTESIAN_POINT('',(-7.76025,-1.943841,4));
#213=VERTEX_POINT('',#212);
#214=CARTESIAN_POINT('',(-7.846282,-1.560723,4));
#215=VERTEX_POINT('',#214);
#216=CARTESIAN_POINT('',(-8.730281,-2.186822,5));
#217=VERTEX_POINT('',#216);
#218=CARTESIAN_POINT('',(-8.827067,-1.755813,5));
#219=VERTEX_POINT('',#218);
#220=CARTESIAN_POINT('',(-8.902589,-1.320574,5));
#221=VERTEX_POINT('',#220);
#222=CARTESIAN_POINT('',(-8.956662,-0.882154,5));
#223=VERTEX_POINT('',#222);
#224=CARTESIAN_POINT('',(-8.989159,-0.441609,5));
#225=VERTEX_POINT('',#224);
#226=CARTESIAN_POINT('',(-6.651757,-4.444562,4));
#227=VERTEX_POINT('',#226);
#228=CARTESIAN_POINT('',(-4.24257,-7.937291,4));
#229=VERTEX_POINT('',#228);
#230=CARTESIAN_POINT('',(-3.847996,-8.135903,4));
#231=VERTEX_POINT('',#230);
#232=CARTESIAN_POINT('',(-3.444151,-8.314916,4));
#233=VERTEX_POINT('',#232);
#234=CARTESIAN_POINT('',(-4.112822,-6.861829,4));
#235=VERTEX_POINT('',#234);
#236=CARTESIAN_POINT('',(-3.771174,-7.05537,4));
#237=VERTEX_POINT('',#236);
#238=CARTESIAN_POINT('',(-3.420441,-7.231915,4));
#239=VERTEX_POINT('',#238);
#240=CARTESIAN_POINT('',(-3.032009,-8.473897,4));
#241=VERTEX_POINT('',#240);
#242=CARTESIAN_POINT('',(-2.612562,-8.612463,4));
#243=VERTEX_POINT('',#242);
#244=CARTESIAN_POINT('',(-3.061467,-7.391036,4));
#245=VERTEX_POINT('',#244);
#246=CARTESIAN_POINT('',(-2.695119,-7.532352,4));
#247=VERTEX_POINT('',#246);
#248=CARTESIAN_POINT('',(-2.322277,-7.655523,4));
#249=VERTEX_POINT('',#248);
#250=CARTESIAN_POINT('',(-4.24257,-7.937291,5));
#251=VERTEX_POINT('',#250);
#252=CARTESIAN_POINT('',(-3.847996,-8.135903,5));
#253=VERTEX_POINT('',#252);
#254=CARTESIAN_POINT('',(-3.444151,-8.314916,5));
#255=VERTEX_POINT('',#254);
#256=CARTESIAN_POINT('',(-3.032009,-8.473897,5));
#257=VERTEX_POINT('',#256);
#258=CARTESIAN_POINT('',(-2.612562,-8.612463,5));
#259=VERTEX_POINT('',#258);
#260=CARTESIAN_POINT('',(-4.444562,-6.651757,4));
#261=VERTEX_POINT('',#260);
#262=CARTESIAN_POINT('',(-2.186822,-8.730281,4));
#263=VERTEX_POINT('',#262);
#264=CARTESIAN_POINT('',(-1.755813,-8.827067,4));
#265=VERTEX_POINT('',#264);
#266=CARTESIAN_POINT('',(-1.320574,-8.902589,4));
#267=VERTEX_POINT('',#266);
#268=CARTESIAN_POINT('',(-1.173844,-7.913412,4));
#269=VERTEX_POINT('',#268);
#270=CARTESIAN_POINT('',(-1.943841,-7.76025,4));
#271=VERTEX_POINT('',#270);
#272=CARTESIAN_POINT('',(-1.560723,-7.846282,4));
#273=VERTEX_POINT('',#272);
#274=CARTESIAN_POINT('',(-0.882154,-8.956662,4));
#275=VERTEX_POINT('',#274);
#276=CARTESIAN_POINT('',(-0.784137,-7.961478,4));
#277=VERTEX_POINT('',#276);
#278=CARTESIAN_POINT('',(-0.441609,-8.989159,4));
#279=VERTEX_POINT('',#278);
#280=CARTESIAN_POINT('',(-0.392541,-7.990364,4));
#281=VERTEX_POINT('',#280);
#282=CARTESIAN_POINT('',(-2.186822,-8.730281,5));
#283=VERTEX_POINT('',#282);
#284=CARTESIAN_POINT('',(-1.755813,-8.827067,5));
#285=VERTEX_POINT('',#284);
#286=CARTESIAN_POINT('',(-1.320574,-8.902589,5));
#287=VERTEX_POINT('',#286);
#288=CARTESIAN_POINT('',(-0.882154,-8.956662,5));
#289=VERTEX_POINT('',#288);
#290=CARTESIAN_POINT('',(-0.441609,-8.989159,5));
#291=VERTEX_POINT('',#290);
#292=CARTESIAN_POINT('',(-2.309699,-0.956709,5));
#293=VERTEX_POINT('',#292);
#294=CARTESIAN_POINT('',(-2.392351,-0.725712,5));
#295=VERTEX_POINT('',#294);
#296=CARTESIAN_POINT('',(-2.451963,-0.487726,5));
#297=VERTEX_POINT('',#296);
#298=CARTESIAN_POINT('',(-2.487962,-0.245043,5));
#299=VERTEX_POINT('',#298);
#300=CARTESIAN_POINT('',(-0.956709,-2.309699,5));
#301=VERTEX_POINT('',#300);
#302=CARTESIAN_POINT('',(-0.882154,-2.336375,5));
#303=VERTEX_POINT('',#302);
#304=CARTESIAN_POINT('',(-0.725712,-2.392351,5));
#305=VERTEX_POINT('',#304);
#306=CARTESIAN_POINT('',(-0.812696,-2.361227,5));
#307=VERTEX_POINT('',#306);
#308=CARTESIAN_POINT('',(-0.487726,-2.451963,5));
#309=VERTEX_POINT('',#308);
#310=CARTESIAN_POINT('',(-0.441609,-2.458804,5));
#311=VERTEX_POINT('',#310);
#312=CARTESIAN_POINT('',(-0.409651,-2.463544,5));
#313=VERTEX_POINT('',#312);
#314=CARTESIAN_POINT('',(-0.245043,-2.487962,5));
#315=VERTEX_POINT('',#314);
#316=CARTESIAN_POINT('',(-1.767767,-1.767767,5));
#317=VERTEX_POINT('',#316);
#318=CARTESIAN_POINT('',(-1.755813,-1.778602,5));
#319=VERTEX_POINT('',#318);
#320=CARTESIAN_POINT('',(-2.204803,-1.178492,5));
#321=VERTEX_POINT('',#320);
#322=CARTESIAN_POINT('',(-2.078674,-1.388926,5));
#323=VERTEX_POINT('',#322);
#324=CARTESIAN_POINT('',(-1.932526,-1.585983,5));
#325=VERTEX_POINT('',#324);
#326=CARTESIAN_POINT('',(-1.590276,-1.928635,5));
#327=VERTEX_POINT('',#326);
#328=CARTESIAN_POINT('',(-1.585983,-1.932526,5));
#329=VERTEX_POINT('',#328);
#330=CARTESIAN_POINT('',(-1.320574,-2.119642,5));
#331=VERTEX_POINT('',#330);
#332=CARTESIAN_POINT('',(-1.388926,-2.078674,5));
#333=VERTEX_POINT('',#332);
#334=CARTESIAN_POINT('',(-1.195909,-2.194364,5));
#335=VERTEX_POINT('',#334);
#336=CARTESIAN_POINT('',(-1.178492,-2.204803,5));
#337=VERTEX_POINT('',#336);
#338=CARTESIAN_POINT('',(-8,-0,0));
#339=VERTEX_POINT('',#338);
#340=CARTESIAN_POINT('',(-7.990364,0.392541,0));
#341=VERTEX_POINT('',#340);
#342=CARTESIAN_POINT('',(-7.961478,0.784137,0));
#343=VERTEX_POINT('',#342);
#344=CARTESIAN_POINT('',(-7.913412,1.173844,0));
#345=VERTEX_POINT('',#344);
#346=CARTESIAN_POINT('',(-7.846282,1.560723,0));
#347=VERTEX_POINT('',#346);
#348=CARTESIAN_POINT('',(-7.76025,1.943841,0));
#349=VERTEX_POINT('',#348);
#350=CARTESIAN_POINT('',(-7.655523,2.322277,0));
#351=VERTEX_POINT('',#350);
#352=CARTESIAN_POINT('',(-7.532352,2.695119,0));
#353=VERTEX_POINT('',#352);
#354=CARTESIAN_POINT('',(-7.391036,3.061467,0));
#355=VERTEX_POINT('',#354);
#356=CARTESIAN_POINT('',(-7.231915,3.420441,0));
#357=VERTEX_POINT('',#356);
#358=CARTESIAN_POINT('',(-7.05537,3.771174,0));
#359=VERTEX_POINT('',#358);
#360=CARTESIAN_POINT('',(-6.861829,4.112822,0));
#361=VERTEX_POINT('',#360);
#362=CARTESIAN_POINT('',(-6.651757,4.444562,0));
#363=VERTEX_POINT('',#362);
#364=CARTESIAN_POINT('',(-6.42566,4.765594,0));
#365=VERTEX_POINT('',#364);
#366=CARTESIAN_POINT('',(-6.184083,5.075146,0));
#367=VERTEX_POINT('',#366);
#368=CARTESIAN_POINT('',(-5.927609,5.372472,0));
#369=VERTEX_POINT('',#368);
#370=CARTESIAN_POINT('',(-5.656854,5.656854,0));
#371=VERTEX_POINT('',#370);
#372=CARTESIAN_POINT('',(-5.372472,5.927609,0));
#373=VERTEX_POINT('',#372);
#374=CARTESIAN_POINT('',(-5.075146,6.184083,0));
#375=VERTEX_POINT('',#374);
#376=CARTESIAN_POINT('',(-4.765594,6.42566,0));
#377=VERTEX_POINT('',#376);
#378=CARTESIAN_POINT('',(-2.5,0,0));
#379=VERTEX_POINT('',#378);
#380=CARTESIAN_POINT('',(-2.487962,0.245043,0));
#381=VERTEX_POINT('',#380);
#382=CARTESIAN_POINT('',(-2.451963,0.487726,0));
#383=VERTEX_POINT('',#382);
#384=CARTESIAN_POINT('',(-2.392351,0.725712,0));
#385=VERTEX_POINT('',#384);
#386=CARTESIAN_POINT('',(-2.309699,0.956709,0));
#387=VERTEX_POINT('',#386);
#388=CARTESIAN_POINT('',(-2.204803,1.178492,0));
#389=VERTEX_POINT('',#388);
#390=CARTESIAN_POINT('',(-2.078674,1.388926,0));
#391=VERTEX_POINT('',#390);
#392=CARTESIAN_POINT('',(-1.932526,1.585983,0));
#393=VERTEX_POINT('',#392);
#394=CARTESIAN_POINT('',(-1.767767,1.767767,0));
#395=VERTEX_POINT('',#394);
#396=CARTESIAN_POINT('',(-1.585983,1.932526,0));
#397=VERTEX_POINT('',#396);
#398=CARTESIAN_POINT('',(-1.388926,2.078674,0));
#399=VERTEX_POINT('',#398);
#400=CARTESIAN_POINT('',(-1.178492,2.204803,0));
#401=VERTEX_POINT('',#400);
#402=CARTESIAN_POINT('',(-0.956709,2.309699,0));
#403=VERTEX_POINT('',#402);
#404=CARTESIAN_POINT('',(-0.725712,2.392351,0));
#405=VERTEX_POINT('',#404);
#406=CARTESIAN_POINT('',(-0.487726,2.451963,0));
#407=VERTEX_POINT('',#406);
#408=CARTESIAN_POINT('',(-0.245043,2.487962,0));
#409=VERTEX_POINT('',#408);
#410=CARTESIAN_POINT('',(-4.444562,6.651757,0));
#411=VERTEX_POINT('',#410);
#412=CARTESIAN_POINT('',(-4.112822,6.861829,0));
#413=VERTEX_POINT('',#412);
#414=CARTESIAN_POINT('',(-3.771174,7.05537,0));
#415=VERTEX_POINT('',#414);
#416=CARTESIAN_POINT('',(-3.420441,7.231915,0));
#417=VERTEX_POINT('',#416);
#418=CARTESIAN_POINT('',(-3.061467,7.391036,0));
#419=VERTEX_POINT('',#418);
#420=CARTESIAN_POINT('',(-2.695119,7.532352,0));
#421=VERTEX_POINT('',#420);
#422=CARTESIAN_POINT('',(-2.322277,7.655523,0));
#423=VERTEX_POINT('',#422);
#424=CARTESIAN_POINT('',(-1.943841,7.76025,0));
#425=VERTEX_POINT('',#424);
#426=CARTESIAN_POINT('',(-1.560723,7.846282,0));
#427=VERTEX_POINT('',#426);
#428=CARTESIAN_POINT('',(-1.173844,7.913412,0));
#429=VERTEX_POINT('',#428);
#430=CARTESIAN_POINT('',(-0.784137,7.961478,0));
#431=VERTEX_POINT('',#430);
#432=CARTESIAN_POINT('',(-0.392541,7.990364,0));
#433=VERTEX_POINT('',#432);
#434=CARTESIAN_POINT('',(-9,0,4));
#435=VERTEX_POINT('',#434);
#436=CARTESIAN_POINT('',(-8.989159,0.441609,4));
#437=VERTEX_POINT('',#436);
#438=CARTESIAN_POINT('',(-8.956662,0.882154,4));
#439=VERTEX_POINT('',#438);
#440=CARTESIAN_POINT('',(-8,-0,4));
#441=VERTEX_POINT('',#440);
#442=CARTESIAN_POINT('',(-7.990364,0.392541,4));
#443=VERTEX_POINT('',#442);
#444=CARTESIAN_POINT('',(-7.961478,0.784137,4));
#445=VERTEX_POINT('',#444);
#446=CARTESIAN_POINT('',(-8.902589,1.320574,4));
#447=VERTEX_POINT('',#446);
#448=CARTESIAN_POINT('',(-8.827067,1.755813,4));
#449=VERTEX_POINT('',#448);
#450=CARTESIAN_POINT('',(-8.730281,2.186822,4));
#451=VERTEX_POINT('',#450);
#452=CARTESIAN_POINT('',(-7.913412,1.173844,4));
#453=VERTEX_POINT('',#452);
#454=CARTESIAN_POINT('',(-7.846282,1.560723,4));
#455=VERTEX_POINT('',#454);
#456=CARTESIAN_POINT('',(-7.76025,1.943841,4));
#457=VERTEX_POINT('',#456);
#458=CARTESIAN_POINT('',(-9,0,5));
#459=VERTEX_POINT('',#458);
#460=CARTESIAN_POINT('',(-8.989159,0.441609,5));
#461=VERTEX_POINT('',#460);
#462=CARTESIAN_POINT('',(-8.956662,0.882154,5));
#463=VERTEX_POINT('',#462);
#464=CARTESIAN_POINT('',(-8.902589,1.320574,5));
#465=VERTEX_POINT('',#464);
#466=CARTESIAN_POINT('',(-8.827067,1.755813,5));
#467=VERTEX_POINT('',#466);
#468=CARTESIAN_POINT('',(-8.730281,2.186822,5));
#469=VERTEX_POINT('',#468);
#470=CARTESIAN_POINT('',(-8.612463,2.612562,4));
#471=VERTEX_POINT('',#470);
#472=CARTESIAN_POINT('',(-8.473897,3.032009,4));
#473=VERTEX_POINT('',#472);
#474=CARTESIAN_POINT('',(-8.314916,3.444151,4));
#475=VERTEX_POINT('',#474);
#476=CARTESIAN_POINT('',(-8.135903,3.847996,4));
#477=VERTEX_POINT('',#476);
#478=CARTESIAN_POINT('',(-7.937291,4.24257,4));
#479=VERTEX_POINT('',#478);
#480=CARTESIAN_POINT('',(-7.655523,2.322277,4));
#481=VERTEX_POINT('',#480);
#482=CARTESIAN_POINT('',(-7.532352,2.695119,4));
#483=VERTEX_POINT('',#482);
#484=CARTESIAN_POINT('',(-7.391036,3.061467,4));
#485=VERTEX_POINT('',#484);
#486=CARTESIAN_POINT('',(-7.231915,3.420441,4));
#487=VERTEX_POINT('',#486);
#488=CARTESIAN_POINT('',(-7.05537,3.771174,4));
#489=VERTEX_POINT('',#488);
#490=CARTESIAN_POINT('',(-6.861829,4.112822,4));
#491=VERTEX_POINT('',#490);
#492=CARTESIAN_POINT('',(-8.612463,2.612562,5));
#493=VERTEX_POINT('',#492);
#494=CARTESIAN_POINT('',(-8.473897,3.032009,5));
#495=VERTEX_POINT('',#494);
#496=CARTESIAN_POINT('',(-8.314916,3.444151,5));
#497=VERTEX_POINT('',#496);
#498=CARTESIAN_POINT('',(-8.135903,3.847996,5));
#499=VERTEX_POINT('',#498);
#500=CARTESIAN_POINT('',(-7.937291,4.24257,5));
#501=VERTEX_POINT('',#500);
#502=CARTESIAN_POINT('',(-6.651757,4.444562,4));
#503=VERTEX_POINT('',#502);
#504=CARTESIAN_POINT('',(-7.719557,4.626925,4));
#505=VERTEX_POINT('',#504);
#506=CARTESIAN_POINT('',(-7.483226,5.000132,4));
#507=VERTEX_POINT('',#506);
#508=CARTESIAN_POINT('',(-7.228868,5.361294,4));
#509=VERTEX_POINT('',#508);
#510=CARTESIAN_POINT('',(-6.957094,5.709539,4));
#511=VERTEX_POINT('',#510);
#512=CARTESIAN_POINT('',(-7.719557,4.626925,5));
#513=VERTEX_POINT('',#512);
#514=CARTESIAN_POINT('',(-7.483226,5.000132,5));
#515=VERTEX_POINT('',#514);
#516=CARTESIAN_POINT('',(-7.228868,5.361294,5));
#517=VERTEX_POINT('',#516);
#518=CARTESIAN_POINT('',(-6.957094,5.709539,5));
#519=VERTEX_POINT('',#518);
#520=CARTESIAN_POINT('',(-6.42566,4.765594,4));
#521=VERTEX_POINT('',#520);
#522=CARTESIAN_POINT('',(-6.184083,5.075146,4));
#523=VERTEX_POINT('',#522);
#524=CARTESIAN_POINT('',(-5.927609,5.372472,4));
#525=VERTEX_POINT('',#524);
#526=CARTESIAN_POINT('',(-6.66856,6.044031,4));
#527=VERTEX_POINT('',#526);
#528=CARTESIAN_POINT('',(-6.363961,6.363961,4));
#529=VERTEX_POINT('',#528);
#530=CARTESIAN_POINT('',(-5.656854,5.656854,4));
#531=VERTEX_POINT('',#530);
#532=CARTESIAN_POINT('',(-6.044031,6.66856,4));
#533=VERTEX_POINT('',#532);
#534=CARTESIAN_POINT('',(-5.372472,5.927609,4));
#535=VERTEX_POINT('',#534);
#536=CARTESIAN_POINT('',(-5.075146,6.184083,4));
#537=VERTEX_POINT('',#536);
#538=CARTESIAN_POINT('',(-4.765594,6.42566,4));
#539=VERTEX_POINT('',#538);
#540=CARTESIAN_POINT('',(-6.66856,6.044031,5));
#541=VERTEX_POINT('',#540);
#542=CARTESIAN_POINT('',(-6.363961,6.363961,5));
#543=VERTEX_POINT('',#542);
#544=CARTESIAN_POINT('',(-6.044031,6.66856,5));
#545=VERTEX_POINT('',#544);
#546=CARTESIAN_POINT('',(-5.709539,6.957094,4));
#547=VERTEX_POINT('',#546);
#548=CARTESIAN_POINT('',(-5.361294,7.228868,4));
#549=VERTEX_POINT('',#548);
#550=CARTESIAN_POINT('',(-5.000132,7.483226,4));
#551=VERTEX_POINT('',#550);
#552=CARTESIAN_POINT('',(-4.626925,7.719557,4));
#553=VERTEX_POINT('',#552);
#554=CARTESIAN_POINT('',(-5.709539,6.957094,5));
#555=VERTEX_POINT('',#554);
#556=CARTESIAN_POINT('',(-5.361294,7.228868,5));
#557=VERTEX_POINT('',#556);
#558=CARTESIAN_POINT('',(-5.000132,7.483226,5));
#559=VERTEX_POINT('',#558);
#560=CARTESIAN_POINT('',(-4.626925,7.719557,5));
#561=VERTEX_POINT('',#560);
#562=CARTESIAN_POINT('',(-2.5,0,5));
#563=VERTEX_POINT('',#562);
#564=CARTESIAN_POINT('',(-2.487962,0.245043,5));
#565=VERTEX_POINT('',#564);
#566=CARTESIAN_POINT('',(-2.451963,0.487726,5));
#567=VERTEX_POINT('',#566);
#568=CARTESIAN_POINT('',(-2.392351,0.725712,5));
#569=VERTEX_POINT('',#568);
#570=CARTESIAN_POINT('',(-2.309699,0.956709,5));
#571=VERTEX_POINT('',#570);
#572=CARTESIAN_POINT('',(-2.204803,1.178492,5));
#573=VERTEX_POINT('',#572);
#574=CARTESIAN_POINT('',(-2.078674,1.388926,5));
#575=VERTEX_POINT('',#574);
#576=CARTESIAN_POINT('',(-1.932526,1.585983,5));
#577=VERTEX_POINT('',#576);
#578=CARTESIAN_POINT('',(-1.767767,1.767767,5));
#579=VERTEX_POINT('',#578);
#580=CARTESIAN_POINT('',(-1.585983,1.932526,5));
#581=VERTEX_POINT('',#580);
#582=CARTESIAN_POINT('',(-1.388926,2.078674,5));
#583=VERTEX_POINT('',#582);
#584=CARTESIAN_POINT('',(-1.178492,2.204803,5));
#585=VERTEX_POINT('',#584);
#586=CARTESIAN_POINT('',(-0.956709,2.309699,5));
#587=VERTEX_POINT('',#586);
#588=CARTESIAN_POINT('',(-0.882154,2.336375,5));
#589=VERTEX_POINT('',#588);
#590=CARTESIAN_POINT('',(-0.864313,2.342759,5));
#591=VERTEX_POINT('',#590);
#592=CARTESIAN_POINT('',(-0.725712,2.392351,5));
#593=VERTEX_POINT('',#592);
#594=CARTESIAN_POINT('',(-0.487726,2.451963,5));
#595=VERTEX_POINT('',#594);
#596=CARTESIAN_POINT('',(-0.441609,2.458804,5));
#597=VERTEX_POINT('',#596);
#598=CARTESIAN_POINT('',(-0.428264,2.460783,5));
#599=VERTEX_POINT('',#598);
#600=CARTESIAN_POINT('',(-0.245043,2.487962,5));
#601=VERTEX_POINT('',#600);
#602=CARTESIAN_POINT('',(-4.444562,6.651757,4));
#603=VERTEX_POINT('',#602);
#604=CARTESIAN_POINT('',(-4.112822,6.861829,4));
#605=VERTEX_POINT('',#604);
#606=CARTESIAN_POINT('',(-3.771174,7.05537,4));
#607=VERTEX_POINT('',#606);
#608=CARTESIAN_POINT('',(-3.420441,7.231915,4));
#609=VERTEX_POINT('',#608);
#610=CARTESIAN_POINT('',(-4.24257,7.937291,4));
#611=VERTEX_POINT('',#610);
#612=CARTESIAN_POINT('',(-3.847996,8.135903,4));
#613=VERTEX_POINT('',#612);
#614=CARTESIAN_POINT('',(-3.444151,8.314916,4));
#615=VERTEX_POINT('',#614);
#616=CARTESIAN_POINT('',(-3.061467,7.391036,4));
#617=VERTEX_POINT('',#616);
#618=CARTESIAN_POINT('',(-2.695119,7.532352,4));
#619=VERTEX_POINT('',#618);
#620=CARTESIAN_POINT('',(-2.322277,7.655523,4));
#621=VERTEX_POINT('',#620);
#622=CARTESIAN_POINT('',(-3.032009,8.473897,4));
#623=VERTEX_POINT('',#622);
#624=CARTESIAN_POINT('',(-2.612562,8.612463,4));
#625=VERTEX_POINT('',#624);
#626=CARTESIAN_POINT('',(-4.24257,7.937291,5));
#627=VERTEX_POINT('',#626);
#628=CARTESIAN_POINT('',(-3.847996,8.135903,5));
#629=VERTEX_POINT('',#628);
#630=CARTESIAN_POINT('',(-3.444151,8.314916,5));
#631=VERTEX_POINT('',#630);
#632=CARTESIAN_POINT('',(-3.032009,8.473897,5));
#633=VERTEX_POINT('',#632);
#634=CARTESIAN_POINT('',(-2.612562,8.612463,5));
#635=VERTEX_POINT('',#634);
#636=CARTESIAN_POINT('',(-1.943841,7.76025,4));
#637=VERTEX_POINT('',#636);
#638=CARTESIAN_POINT('',(-1.560723,7.846282,4));
#639=VERTEX_POINT('',#638);
#640=CARTESIAN_POINT('',(-2.186822,8.730281,4));
#641=VERTEX_POINT('',#640);
#642=CARTESIAN_POINT('',(-1.755813,8.827067,4));
#643=VERTEX_POINT('',#642);
#644=CARTESIAN_POINT('',(-1.173844,7.913412,4));
#645=VERTEX_POINT('',#644);
#646=CARTESIAN_POINT('',(-1.320574,8.902589,4));
#647=VERTEX_POINT('',#646);
#648=CARTESIAN_POINT('',(-0.784137,7.961478,4));
#649=VERTEX_POINT('',#648);
#650=CARTESIAN_POINT('',(-0.882154,8.956662,4));
#651=VERTEX_POINT('',#650);
#652=CARTESIAN_POINT('',(-0.392541,7.990364,4));
#653=VERTEX_POINT('',#652);
#654=CARTESIAN_POINT('',(-0.441609,8.989159,4));
#655=VERTEX_POINT('',#654);
#656=CARTESIAN_POINT('',(-2.186822,8.730281,5));
#657=VERTEX_POINT('',#656);
#658=CARTESIAN_POINT('',(-1.755813,8.827067,5));
#659=VERTEX_POINT('',#658);
#660=CARTESIAN_POINT('',(-1.320574,8.902589,5));
#661=VERTEX_POINT('',#660);
#662=CARTESIAN_POINT('',(-0.882154,8.956662,5));
#663=VERTEX_POINT('',#662);
#664=CARTESIAN_POINT('',(-0.441609,8.989159,5));
#665=VERTEX_POINT('',#664);
#666=CARTESIAN_POINT('',(0,-8,0));
#667=VERTEX_POINT('',#666);
#668=CARTESIAN_POINT('',(0.392541,-7.990364,0));
#669=VERTEX_POINT('',#668);
#670=CARTESIAN_POINT('',(0.784137,-7.961478,0));
#671=VERTEX_POINT('',#670);
#672=CARTESIAN_POINT('',(1.173844,-7.913412,0));
#673=VERTEX_POINT('',#672);
#674=CARTESIAN_POINT('',(1.560723,-7.846282,0));
#675=VERTEX_POINT('',#674);
#676=CARTESIAN_POINT('',(1.943841,-7.76025,0));
#677=VERTEX_POINT('',#676);
#678=CARTESIAN_POINT('',(2.322277,-7.655523,0));
#679=VERTEX_POINT('',#678);
#680=CARTESIAN_POINT('',(2.695119,-7.532352,0));
#681=VERTEX_POINT('',#680);
#682=CARTESIAN_POINT('',(3.061467,-7.391036,0));
#683=VERTEX_POINT('',#682);
#684=CARTESIAN_POINT('',(3.420441,-7.231915,0));
#685=VERTEX_POINT('',#684);
#686=CARTESIAN_POINT('',(3.771174,-7.05537,0));
#687=VERTEX_POINT('',#686);
#688=CARTESIAN_POINT('',(4.112822,-6.861829,0));
#689=VERTEX_POINT('',#688);
#690=CARTESIAN_POINT('',(4.444562,-6.651757,0));
#691=VERTEX_POINT('',#690);
#692=CARTESIAN_POINT('',(0,-2.5,0));
#693=VERTEX_POINT('',#692);
#694=CARTESIAN_POINT('',(0.245043,-2.487962,0));
#695=VERTEX_POINT('',#694);
#696=CARTESIAN_POINT('',(0.487726,-2.451963,0));
#697=VERTEX_POINT('',#696);
#698=CARTESIAN_POINT('',(0.725712,-2.392351,0));
#699=VERTEX_POINT('',#698);
#700=CARTESIAN_POINT('',(0.956709,-2.309699,0));
#701=VERTEX_POINT('',#700);
#702=CARTESIAN_POINT('',(1.178492,-2.204803,0));
#703=VERTEX_POINT('',#702);
#704=CARTESIAN_POINT('',(1.388926,-2.078674,0));
#705=VERTEX_POINT('',#704);
#706=CARTESIAN_POINT('',(1.585983,-1.932526,0));
#707=VERTEX_POINT('',#706);
#708=CARTESIAN_POINT('',(1.767767,-1.767767,0));
#709=VERTEX_POINT('',#708);
#710=CARTESIAN_POINT('',(1.932526,-1.585983,0));
#711=VERTEX_POINT('',#710);
#712=CARTESIAN_POINT('',(2.078674,-1.388926,0));
#713=VERTEX_POINT('',#712);
#714=CARTESIAN_POINT('',(2.204803,-1.178492,0));
#715=VERTEX_POINT('',#714);
#716=CARTESIAN_POINT('',(2.309699,-0.956709,0));
#717=VERTEX_POINT('',#716);
#718=CARTESIAN_POINT('',(2.392351,-0.725712,0));
#719=VERTEX_POINT('',#718);
#720=CARTESIAN_POINT('',(2.451963,-0.487726,0));
#721=VERTEX_POINT('',#720);
#722=CARTESIAN_POINT('',(2.487962,-0.245043,0));
#723=VERTEX_POINT('',#722);
#724=CARTESIAN_POINT('',(4.765594,-6.42566,0));
#725=VERTEX_POINT('',#724);
#726=CARTESIAN_POINT('',(5.075146,-6.184083,0));
#727=VERTEX_POINT('',#726);
#728=CARTESIAN_POINT('',(5.372472,-5.927609,0));
#729=VERTEX_POINT('',#728);
#730=CARTESIAN_POINT('',(5.656854,-5.656854,0));
#731=VERTEX_POINT('',#730);
#732=CARTESIAN_POINT('',(5.927609,-5.372472,0));
#733=VERTEX_POINT('',#732);
#734=CARTESIAN_POINT('',(6.184083,-5.075146,0));
#735=VERTEX_POINT('',#734);
#736=CARTESIAN_POINT('',(6.42566,-4.765594,0));
#737=VERTEX_POINT('',#736);
#738=CARTESIAN_POINT('',(6.651757,-4.444562,0));
#739=VERTEX_POINT('',#738);
#740=CARTESIAN_POINT('',(6.861829,-4.112822,0));
#741=VERTEX_POINT('',#740);
#742=CARTESIAN_POINT('',(7.05537,-3.771174,0));
#743=VERTEX_POINT('',#742);
#744=CARTESIAN_POINT('',(7.231915,-3.420441,0));
#745=VERTEX_POINT('',#744);
#746=CARTESIAN_POINT('',(7.391036,-3.061467,0));
#747=VERTEX_POINT('',#746);
#748=CARTESIAN_POINT('',(7.532352,-2.695119,0));
#749=VERTEX_POINT('',#748);
#750=CARTESIAN_POINT('',(7.655523,-2.322277,0));
#751=VERTEX_POINT('',#750);
#752=CARTESIAN_POINT('',(7.76025,-1.943841,0));
#753=VERTEX_POINT('',#752);
#754=CARTESIAN_POINT('',(7.846282,-1.560723,0));
#755=VERTEX_POINT('',#754);
#756=CARTESIAN_POINT('',(7.913412,-1.173844,0));
#757=VERTEX_POINT('',#756);
#758=CARTESIAN_POINT('',(7.961478,-0.784137,0));
#759=VERTEX_POINT('',#758);
#760=CARTESIAN_POINT('',(7.990364,-0.392541,0));
#761=VERTEX_POINT('',#760);
#762=CARTESIAN_POINT('',(0,-9,4));
#763=VERTEX_POINT('',#762);
#764=CARTESIAN_POINT('',(0.441609,-8.989159,4));
#765=VERTEX_POINT('',#764);
#766=CARTESIAN_POINT('',(0,-8,4));
#767=VERTEX_POINT('',#766);
#768=CARTESIAN_POINT('',(0.392541,-7.990364,4));
#769=VERTEX_POINT('',#768);
#770=CARTESIAN_POINT('',(0.882154,-8.956662,4));
#771=VERTEX_POINT('',#770);
#772=CARTESIAN_POINT('',(0.784137,-7.961478,4));
#773=VERTEX_POINT('',#772);
#774=CARTESIAN_POINT('',(1.320574,-8.902589,4));
#775=VERTEX_POINT('',#774);
#776=CARTESIAN_POINT('',(1.173844,-7.913412,4));
#777=VERTEX_POINT('',#776);
#778=CARTESIAN_POINT('',(1.755813,-8.827067,4));
#779=VERTEX_POINT('',#778);
#780=CARTESIAN_POINT('',(2.186822,-8.730281,4));
#781=VERTEX_POINT('',#780);
#782=CARTESIAN_POINT('',(1.560723,-7.846282,4));
#783=VERTEX_POINT('',#782);
#784=CARTESIAN_POINT('',(1.943841,-7.76025,4));
#785=VERTEX_POINT('',#784);
#786=CARTESIAN_POINT('',(0,-9,5));
#787=VERTEX_POINT('',#786);
#788=CARTESIAN_POINT('',(0.441609,-8.989159,5));
#789=VERTEX_POINT('',#788);
#790=CARTESIAN_POINT('',(0.882154,-8.956662,5));
#791=VERTEX_POINT('',#790);
#792=CARTESIAN_POINT('',(1.320574,-8.902589,5));
#793=VERTEX_POINT('',#792);
#794=CARTESIAN_POINT('',(1.755813,-8.827067,5));
#795=VERTEX_POINT('',#794);
#796=CARTESIAN_POINT('',(2.186822,-8.730281,5));
#797=VERTEX_POINT('',#796);
#798=CARTESIAN_POINT('',(2.612562,-8.612463,4));
#799=VERTEX_POINT('',#798);
#800=CARTESIAN_POINT('',(3.032009,-8.473897,4));
#801=VERTEX_POINT('',#800);
#802=CARTESIAN_POINT('',(2.322277,-7.655523,4));
#803=VERTEX_POINT('',#802);
#804=CARTESIAN_POINT('',(2.695119,-7.532352,4));
#805=VERTEX_POINT('',#804);
#806=CARTESIAN_POINT('',(3.061467,-7.391036,4));
#807=VERTEX_POINT('',#806);
#808=CARTESIAN_POINT('',(3.444151,-8.314916,4));
#809=VERTEX_POINT('',#808);
#810=CARTESIAN_POINT('',(3.847996,-8.135903,4));
#811=VERTEX_POINT('',#810);
#812=CARTESIAN_POINT('',(4.24257,-7.937291,4));
#813=VERTEX_POINT('',#812);
#814=CARTESIAN_POINT('',(3.420441,-7.231915,4));
#815=VERTEX_POINT('',#814);
#816=CARTESIAN_POINT('',(3.771174,-7.05537,4));
#817=VERTEX_POINT('',#816);
#818=CARTESIAN_POINT('',(4.112822,-6.861829,4));
#819=VERTEX_POINT('',#818);
#820=CARTESIAN_POINT('',(2.612562,-8.612463,5));
#821=VERTEX_POINT('',#820);
#822=CARTESIAN_POINT('',(3.032009,-8.473897,5));
#823=VERTEX_POINT('',#822);
#824=CARTESIAN_POINT('',(3.444151,-8.314916,5));
#825=VERTEX_POINT('',#824);
#826=CARTESIAN_POINT('',(3.847996,-8.135903,5));
#827=VERTEX_POINT('',#826);
#828=CARTESIAN_POINT('',(4.24257,-7.937291,5));
#829=VERTEX_POINT('',#828);
#830=CARTESIAN_POINT('',(4.444562,-6.651757,4));
#831=VERTEX_POINT('',#830);
#832=CARTESIAN_POINT('',(0,-2.5,5));
#833=VERTEX_POINT('',#832);
#834=CARTESIAN_POINT('',(0.245043,-2.487962,5));
#835=VERTEX_POINT('',#834);
#836=CARTESIAN_POINT('',(0.487726,-2.451963,5));
#837=VERTEX_POINT('',#836);
#838=CARTESIAN_POINT('',(0.725712,-2.392351,5));
#839=VERTEX_POINT('',#838);
#840=CARTESIAN_POINT('',(0.956709,-2.309699,5));
#841=VERTEX_POINT('',#840);
#842=CARTESIAN_POINT('',(1.178492,-2.204803,5));
#843=VERTEX_POINT('',#842);
#844=CARTESIAN_POINT('',(1.388926,-2.078674,5));
#845=VERTEX_POINT('',#844);
#846=CARTESIAN_POINT('',(1.585983,-1.932526,5));
#847=VERTEX_POINT('',#846);
#848=CARTESIAN_POINT('',(1.755813,-1.778602,5));
#849=VERTEX_POINT('',#848);
#850=CARTESIAN_POINT('',(1.767767,-1.767767,5));
#851=VERTEX_POINT('',#850);
#852=CARTESIAN_POINT('',(1.931968,-1.586599,5));
#853=VERTEX_POINT('',#852);
#854=CARTESIAN_POINT('',(1.932526,-1.585983,5));
#855=VERTEX_POINT('',#854);
#856=CARTESIAN_POINT('',(2.078674,-1.388926,5));
#857=VERTEX_POINT('',#856);
#858=CARTESIAN_POINT('',(2.186822,-1.208492,5));
#859=VERTEX_POINT('',#858);
#860=CARTESIAN_POINT('',(2.204803,-1.178492,5));
#861=VERTEX_POINT('',#860);
#862=CARTESIAN_POINT('',(2.267429,-1.046081,5));
#863=VERTEX_POINT('',#862);
#864=CARTESIAN_POINT('',(2.309699,-0.956709,5));
#865=VERTEX_POINT('',#864);
#866=CARTESIAN_POINT('',(2.392351,-0.725712,5));
#867=VERTEX_POINT('',#866);
#868=CARTESIAN_POINT('',(2.451963,-0.487726,5));
#869=VERTEX_POINT('',#868);
#870=CARTESIAN_POINT('',(2.487962,-0.245043,5));
#871=VERTEX_POINT('',#870);
#872=CARTESIAN_POINT('',(4.626925,-7.719557,4));
#873=VERTEX_POINT('',#872);
#874=CARTESIAN_POINT('',(5.000132,-7.483226,4));
#875=VERTEX_POINT('',#874);
#876=CARTESIAN_POINT('',(5.361294,-7.228868,4));
#877=VERTEX_POINT('',#876);
#878=CARTESIAN_POINT('',(5.709539,-6.957094,4));
#879=VERTEX_POINT('',#878);
#880=CARTESIAN_POINT('',(4.626925,-7.719557,5));
#881=VERTEX_POINT('',#880);
#882=CARTESIAN_POINT('',(5.000132,-7.483226,5));
#883=VERTEX_POINT('',#882);
#884=CARTESIAN_POINT('',(5.361294,-7.228868,5));
#885=VERTEX_POINT('',#884);
#886=CARTESIAN_POINT('',(5.709539,-6.957094,5));
#887=VERTEX_POINT('',#886);
#888=CARTESIAN_POINT('',(4.765594,-6.42566,4));
#889=VERTEX_POINT('',#888);
#890=CARTESIAN_POINT('',(5.075146,-6.184083,4));
#891=VERTEX_POINT('',#890);
#892=CARTESIAN_POINT('',(5.372472,-5.927609,4));
#893=VERTEX_POINT('',#892);
#894=CARTESIAN_POINT('',(6.044031,-6.66856,4));
#895=VERTEX_POINT('',#894);
#896=CARTESIAN_POINT('',(5.656854,-5.656854,4));
#897=VERTEX_POINT('',#896);
#898=CARTESIAN_POINT('',(6.363961,-6.363961,4));
#899=VERTEX_POINT('',#898);
#900=CARTESIAN_POINT('',(6.66856,-6.044031,4));
#901=VERTEX_POINT('',#900);
#902=CARTESIAN_POINT('',(5.927609,-5.372472,4));
#903=VERTEX_POINT('',#902);
#904=CARTESIAN_POINT('',(6.184083,-5.075146,4));
#905=VERTEX_POINT('',#904);
#906=CARTESIAN_POINT('',(6.42566,-4.765594,4));
#907=VERTEX_POINT('',#906);
#908=CARTESIAN_POINT('',(6.044031,-6.66856,5));
#909=VERTEX_POINT('',#908);
#910=CARTESIAN_POINT('',(6.363961,-6.363961,5));
#911=VERTEX_POINT('',#910);
#912=CARTESIAN_POINT('',(6.66856,-6.044031,5));
#913=VERTEX_POINT('',#912);
#914=CARTESIAN_POINT('',(6.957094,-5.709539,4));
#915=VERTEX_POINT('',#914);
#916=CARTESIAN_POINT('',(7.228868,-5.361294,4));
#917=VERTEX_POINT('',#916);
#918=CARTESIAN_POINT('',(7.483226,-5.000132,4));
#919=VERTEX_POINT('',#918);
#920=CARTESIAN_POINT('',(7.719557,-4.626925,4));
#921=VERTEX_POINT('',#920);
#922=CARTESIAN_POINT('',(6.957094,-5.709539,5));
#923=VERTEX_POINT('',#922);
#924=CARTESIAN_POINT('',(7.228868,-5.361294,5));
#925=VERTEX_POINT('',#924);
#926=CARTESIAN_POINT('',(7.483226,-5.000132,5));
#927=VERTEX_POINT('',#926);
#928=CARTESIAN_POINT('',(7.719557,-4.626925,5));
#929=VERTEX_POINT('',#928);
#930=CARTESIAN_POINT('',(6.651757,-4.444562,4));
#931=VERTEX_POINT('',#930);
#932=CARTESIAN_POINT('',(6.861829,-4.112822,4));
#933=VERTEX_POINT('',#932);
#934=CARTESIAN_POINT('',(7.05537,-3.771174,4));
#935=VERTEX_POINT('',#934);
#936=CARTESIAN_POINT('',(7.231915,-3.420441,4));
#937=VERTEX_POINT('',#936);
#938=CARTESIAN_POINT('',(7.391036,-3.061467,4));
#939=VERTEX_POINT('',#938);
#940=CARTESIAN_POINT('',(7.532352,-2.695119,4));
#941=VERTEX_POINT('',#940);
#942=CARTESIAN_POINT('',(7.655523,-2.322277,4));
#943=VERTEX_POINT('',#942);
#944=CARTESIAN_POINT('',(7.937291,-4.24257,4));
#945=VERTEX_POINT('',#944);
#946=CARTESIAN_POINT('',(8.135903,-3.847996,4));
#947=VERTEX_POINT('',#946);
#948=CARTESIAN_POINT('',(8.314916,-3.444151,4));
#949=VERTEX_POINT('',#948);
#950=CARTESIAN_POINT('',(8.473897,-3.032009,4));
#951=VERTEX_POINT('',#950);
#952=CARTESIAN_POINT('',(8.612463,-2.612562,4));
#953=VERTEX_POINT('',#952);
#954=CARTESIAN_POINT('',(7.937291,-4.24257,5));
#955=VERTEX_POINT('',#954);
#956=CARTESIAN_POINT('',(8.135903,-3.847996,5));
#957=VERTEX_POINT('',#956);
#958=CARTESIAN_POINT('',(8.314916,-3.444151,5));
#959=VERTEX_POINT('',#958);
#960=CARTESIAN_POINT('',(8.473897,-3.032009,5));
#961=VERTEX_POINT('',#960);
#962=CARTESIAN_POINT('',(8.612463,-2.612562,5));
#963=VERTEX_POINT('',#962);
#964=CARTESIAN_POINT('',(7.76025,-1.943841,4));
#965=VERTEX_POINT('',#964);
#966=CARTESIAN_POINT('',(7.846282,-1.560723,4));
#967=VERTEX_POINT('',#966);
#968=CARTESIAN_POINT('',(7.913412,-1.173844,4));
#969=VERTEX_POINT('',#968);
#970=CARTESIAN_POINT('',(8.730281,-2.186822,4));
#971=VERTEX_POINT('',#970);
#972=CARTESIAN_POINT('',(8.827067,-1.755813,4));
#973=VERTEX_POINT('',#972);
#974=CARTESIAN_POINT('',(8.902589,-1.320574,4));
#975=VERTEX_POINT('',#974);
#976=CARTESIAN_POINT('',(7.961478,-0.784137,4));
#977=VERTEX_POINT('',#976);
#978=CARTESIAN_POINT('',(7.990364,-0.392541,4));
#979=VERTEX_POINT('',#978);
#980=CARTESIAN_POINT('',(8.956662,-0.882154,4));
#981=VERTEX_POINT('',#980);
#982=CARTESIAN_POINT('',(8.989159,-0.441609,4));
#983=VERTEX_POINT('',#982);
#984=CARTESIAN_POINT('',(8.730281,-2.186822,5));
#985=VERTEX_POINT('',#984);
#986=CARTESIAN_POINT('',(8.827067,-1.755813,5));
#987=VERTEX_POINT('',#986);
#988=CARTESIAN_POINT('',(8.902589,-1.320574,5));
#989=VERTEX_POINT('',#988);
#990=CARTESIAN_POINT('',(8.956662,-0.882154,5));
#991=VERTEX_POINT('',#990);
#992=CARTESIAN_POINT('',(8.989159,-0.441609,5));
#993=VERTEX_POINT('',#992);
#994=CARTESIAN_POINT('',(1.178492,2.204803,0));
#995=VERTEX_POINT('',#994);
#996=CARTESIAN_POINT('',(1.388926,2.078674,0));
#997=VERTEX_POINT('',#996);
#998=CARTESIAN_POINT('',(1.585983,1.932526,0));
#999=VERTEX_POINT('',#998);
#1000=CARTESIAN_POINT('',(1.932526,1.585983,0));
#1001=VERTEX_POINT('',#1000);
#1002=CARTESIAN_POINT('',(2.078674,1.388926,0));
#1003=VERTEX_POINT('',#1002);
#1004=CARTESIAN_POINT('',(2.204803,1.178492,0));
#1005=VERTEX_POINT('',#1004);
#1006=CARTESIAN_POINT('',(1.767767,1.767767,0));
#1007=VERTEX_POINT('',#1006);
#1008=CARTESIAN_POINT('',(0,2.5,0));
#1009=VERTEX_POINT('',#1008);
#1010=CARTESIAN_POINT('',(0.245043,2.487962,0));
#1011=VERTEX_POINT('',#1010);
#1012=CARTESIAN_POINT('',(0.487726,2.451963,0));
#1013=VERTEX_POINT('',#1012);
#1014=CARTESIAN_POINT('',(0.725712,2.392351,0));
#1015=VERTEX_POINT('',#1014);
#1016=CARTESIAN_POINT('',(0.956709,2.309699,0));
#1017=VERTEX_POINT('',#1016);
#1018=CARTESIAN_POINT('',(2.5,0,0));
#1019=VERTEX_POINT('',#1018);
#1020=CARTESIAN_POINT('',(2.487962,0.245043,0));
#1021=VERTEX_POINT('',#1020);
#1022=CARTESIAN_POINT('',(2.451963,0.487726,0));
#1023=VERTEX_POINT('',#1022);
#1024=CARTESIAN_POINT('',(2.392351,0.725712,0));
#1025=VERTEX_POINT('',#1024);
#1026=CARTESIAN_POINT('',(2.309699,0.956709,0));
#1027=VERTEX_POINT('',#1026);
#1028=CARTESIAN_POINT('',(-0,8,0));
#1029=VERTEX_POINT('',#1028);
#1030=CARTESIAN_POINT('',(0.392541,7.990364,0));
#1031=VERTEX_POINT('',#1030);
#1032=CARTESIAN_POINT('',(0.784137,7.961478,0));
#1033=VERTEX_POINT('',#1032);
#1034=CARTESIAN_POINT('',(1.560723,7.846282,0));
#1035=VERTEX_POINT('',#1034);
#1036=CARTESIAN_POINT('',(1.943841,7.76025,0));
#1037=VERTEX_POINT('',#1036);
#1038=CARTESIAN_POINT('',(1.173844,7.913412,0));
#1039=VERTEX_POINT('',#1038);
#1040=CARTESIAN_POINT('',(4.444562,6.651757,0));
#1041=VERTEX_POINT('',#1040);
#1042=CARTESIAN_POINT('',(2.322277,7.655523,0));
#1043=VERTEX_POINT('',#1042);
#1044=CARTESIAN_POINT('',(2.695119,7.532352,0));
#1045=VERTEX_POINT('',#1044);
#1046=CARTESIAN_POINT('',(3.061467,7.391036,0));
#1047=VERTEX_POINT('',#1046);
#1048=CARTESIAN_POINT('',(3.420441,7.231915,0));
#1049=VERTEX_POINT('',#1048);
#1050=CARTESIAN_POINT('',(3.771174,7.05537,0));
#1051=VERTEX_POINT('',#1050);
#1052=CARTESIAN_POINT('',(4.112822,6.861829,0));
#1053=VERTEX_POINT('',#1052);
#1054=CARTESIAN_POINT('',(6.651757,4.444562,0));
#1055=VERTEX_POINT('',#1054);
#1056=CARTESIAN_POINT('',(7.846282,1.560723,0));
#1057=VERTEX_POINT('',#1056);
#1058=CARTESIAN_POINT('',(7.76025,1.943841,0));
#1059=VERTEX_POINT('',#1058);
#1060=CARTESIAN_POINT('',(8,0,0));
#1061=VERTEX_POINT('',#1060);
#1062=CARTESIAN_POINT('',(7.990364,0.392541,0));
#1063=VERTEX_POINT('',#1062);
#1064=CARTESIAN_POINT('',(7.961478,0.784137,0));
#1065=VERTEX_POINT('',#1064);
#1066=CARTESIAN_POINT('',(7.913412,1.173844,0));
#1067=VERTEX_POINT('',#1066);
#1068=CARTESIAN_POINT('',(7.532352,2.695119,0));
#1069=VERTEX_POINT('',#1068);
#1070=CARTESIAN_POINT('',(7.655523,2.322277,0));
#1071=VERTEX_POINT('',#1070);
#1072=CARTESIAN_POINT('',(7.391036,3.061467,0));
#1073=VERTEX_POINT('',#1072);
#1074=CARTESIAN_POINT('',(7.231915,3.420441,0));
#1075=VERTEX_POINT('',#1074);
#1076=CARTESIAN_POINT('',(7.05537,3.771174,0));
#1077=VERTEX_POINT('',#1076);
#1078=CARTESIAN_POINT('',(6.861829,4.112822,0));
#1079=VERTEX_POINT('',#1078);
#1080=CARTESIAN_POINT('',(4.765594,6.42566,0));
#1081=VERTEX_POINT('',#1080);
#1082=CARTESIAN_POINT('',(5.075146,6.184083,0));
#1083=VERTEX_POINT('',#1082);
#1084=CARTESIAN_POINT('',(5.372472,5.927609,0));
#1085=VERTEX_POINT('',#1084);
#1086=CARTESIAN_POINT('',(6.184083,5.075146,0));
#1087=VERTEX_POINT('',#1086);
#1088=CARTESIAN_POINT('',(5.927609,5.372472,0));
#1089=VERTEX_POINT('',#1088);
#1090=CARTESIAN_POINT('',(6.42566,4.765594,0));
#1091=VERTEX_POINT('',#1090);
#1092=CARTESIAN_POINT('',(5.656854,5.656854,0));
#1093=VERTEX_POINT('',#1092);
#1094=CARTESIAN_POINT('',(1.178492,2.204803,5));
#1095=VERTEX_POINT('',#1094);
#1096=CARTESIAN_POINT('',(1.388926,2.078674,5));
#1097=VERTEX_POINT('',#1096);
#1098=CARTESIAN_POINT('',(1.585983,1.932526,5));
#1099=VERTEX_POINT('',#1098);
#1100=CARTESIAN_POINT('',(1.932526,1.585983,5));
#1101=VERTEX_POINT('',#1100);
#1102=CARTESIAN_POINT('',(2.078674,1.388926,5));
#1103=VERTEX_POINT('',#1102);
#1104=CARTESIAN_POINT('',(2.211463,1.164411,5));
#1105=VERTEX_POINT('',#1104);
#1106=CARTESIAN_POINT('',(2.204803,1.178492,5));
#1107=VERTEX_POINT('',#1106);
#1108=CARTESIAN_POINT('',(2.186822,1.208492,5));
#1109=VERTEX_POINT('',#1108);
#1110=CARTESIAN_POINT('',(1.767767,1.767767,5));
#1111=VERTEX_POINT('',#1110);
#1112=CARTESIAN_POINT('',(0,2.5,5));
#1113=VERTEX_POINT('',#1112);
#1114=CARTESIAN_POINT('',(0.245043,2.487962,5));
#1115=VERTEX_POINT('',#1114);
#1116=CARTESIAN_POINT('',(0.487726,2.451963,5));
#1117=VERTEX_POINT('',#1116);
#1118=CARTESIAN_POINT('',(0.725712,2.392351,5));
#1119=VERTEX_POINT('',#1118);
#1120=CARTESIAN_POINT('',(0.956709,2.309699,5));
#1121=VERTEX_POINT('',#1120);
#1122=CARTESIAN_POINT('',(2.5,0,5));
#1123=VERTEX_POINT('',#1122);
#1124=CARTESIAN_POINT('',(2.487962,0.245043,5));
#1125=VERTEX_POINT('',#1124);
#1126=CARTESIAN_POINT('',(2.451963,0.487726,5));
#1127=VERTEX_POINT('',#1126);
#1128=CARTESIAN_POINT('',(2.392351,0.725712,5));
#1129=VERTEX_POINT('',#1128);
#1130=CARTESIAN_POINT('',(2.309699,0.956709,5));
#1131=VERTEX_POINT('',#1130);
#1132=CARTESIAN_POINT('',(0,8,4));
#1133=VERTEX_POINT('',#1132);
#1134=CARTESIAN_POINT('',(0.392541,7.990364,4));
#1135=VERTEX_POINT('',#1134);
#1136=CARTESIAN_POINT('',(0,9,4));
#1137=VERTEX_POINT('',#1136);
#1138=CARTESIAN_POINT('',(0.441609,8.989159,4));
#1139=VERTEX_POINT('',#1138);
#1140=CARTESIAN_POINT('',(0.784137,7.961478,4));
#1141=VERTEX_POINT('',#1140);
#1142=CARTESIAN_POINT('',(0.882154,8.956662,4));
#1143=VERTEX_POINT('',#1142);
#1144=CARTESIAN_POINT('',(1.560723,7.846282,4));
#1145=VERTEX_POINT('',#1144);
#1146=CARTESIAN_POINT('',(1.943841,7.76025,4));
#1147=VERTEX_POINT('',#1146);
#1148=CARTESIAN_POINT('',(1.173844,7.913412,4));
#1149=VERTEX_POINT('',#1148);
#1150=CARTESIAN_POINT('',(1.320574,8.902589,4));
#1151=VERTEX_POINT('',#1150);
#1152=CARTESIAN_POINT('',(1.755813,8.827067,4));
#1153=VERTEX_POINT('',#1152);
#1154=CARTESIAN_POINT('',(2.186822,8.730281,4));
#1155=VERTEX_POINT('',#1154);
#1156=CARTESIAN_POINT('',(0,9,5));
#1157=VERTEX_POINT('',#1156);
#1158=CARTESIAN_POINT('',(0.441609,8.989159,5));
#1159=VERTEX_POINT('',#1158);
#1160=CARTESIAN_POINT('',(0.882154,8.956662,5));
#1161=VERTEX_POINT('',#1160);
#1162=CARTESIAN_POINT('',(1.320574,8.902589,5));
#1163=VERTEX_POINT('',#1162);
#1164=CARTESIAN_POINT('',(1.755813,8.827067,5));
#1165=VERTEX_POINT('',#1164);
#1166=CARTESIAN_POINT('',(2.186822,8.730281,5));
#1167=VERTEX_POINT('',#1166);
#1168=CARTESIAN_POINT('',(4.444562,6.651757,4));
#1169=VERTEX_POINT('',#1168);
#1170=CARTESIAN_POINT('',(2.322277,7.655523,4));
#1171=VERTEX_POINT('',#1170);
#1172=CARTESIAN_POINT('',(2.695119,7.532352,4));
#1173=VERTEX_POINT('',#1172);
#1174=CARTESIAN_POINT('',(3.061467,7.391036,4));
#1175=VERTEX_POINT('',#1174);
#1176=CARTESIAN_POINT('',(2.612562,8.612463,4));
#1177=VERTEX_POINT('',#1176);
#1178=CARTESIAN_POINT('',(3.032009,8.473897,4));
#1179=VERTEX_POINT('',#1178);
#1180=CARTESIAN_POINT('',(3.420441,7.231915,4));
#1181=VERTEX_POINT('',#1180);
#1182=CARTESIAN_POINT('',(3.771174,7.05537,4));
#1183=VERTEX_POINT('',#1182);
#1184=CARTESIAN_POINT('',(4.112822,6.861829,4));
#1185=VERTEX_POINT('',#1184);
#1186=CARTESIAN_POINT('',(3.444151,8.314916,4));
#1187=VERTEX_POINT('',#1186);
#1188=CARTESIAN_POINT('',(3.847996,8.135903,4));
#1189=VERTEX_POINT('',#1188);
#1190=CARTESIAN_POINT('',(4.24257,7.937291,4));
#1191=VERTEX_POINT('',#1190);
#1192=CARTESIAN_POINT('',(2.612562,8.612463,5));
#1193=VERTEX_POINT('',#1192);
#1194=CARTESIAN_POINT('',(3.032009,8.473897,5));
#1195=VERTEX_POINT('',#1194);
#1196=CARTESIAN_POINT('',(3.444151,8.314916,5));
#1197=VERTEX_POINT('',#1196);
#1198=CARTESIAN_POINT('',(3.847996,8.135903,5));
#1199=VERTEX_POINT('',#1198);
#1200=CARTESIAN_POINT('',(4.24257,7.937291,5));
#1201=VERTEX_POINT('',#1200);
#1202=CARTESIAN_POINT('',(6.651757,4.444562,4));
#1203=VERTEX_POINT('',#1202);
#1204=CARTESIAN_POINT('',(7.846282,1.560723,4));
#1205=VERTEX_POINT('',#1204);
#1206=CARTESIAN_POINT('',(7.76025,1.943841,4));
#1207=VERTEX_POINT('',#1206);
#1208=CARTESIAN_POINT('',(8,0,4));
#1209=VERTEX_POINT('',#1208);
#1210=CARTESIAN_POINT('',(7.990364,0.392541,4));
#1211=VERTEX_POINT('',#1210);
#1212=CARTESIAN_POINT('',(7.961478,0.784137,4));
#1213=VERTEX_POINT('',#1212);
#1214=CARTESIAN_POINT('',(9,0,4));
#1215=VERTEX_POINT('',#1214);
#1216=CARTESIAN_POINT('',(8.989159,0.441609,4));
#1217=VERTEX_POINT('',#1216);
#1218=CARTESIAN_POINT('',(8.956662,0.882154,4));
#1219=VERTEX_POINT('',#1218);
#1220=CARTESIAN_POINT('',(7.913412,1.173844,4));
#1221=VERTEX_POINT('',#1220);
#1222=CARTESIAN_POINT('',(8.902589,1.320574,4));
#1223=VERTEX_POINT('',#1222);
#1224=CARTESIAN_POINT('',(8.827067,1.755813,4));
#1225=VERTEX_POINT('',#1224);
#1226=CARTESIAN_POINT('',(8.730281,2.186822,4));
#1227=VERTEX_POINT('',#1226);
#1228=CARTESIAN_POINT('',(9,0,5));
#1229=VERTEX_POINT('',#1228);
#1230=CARTESIAN_POINT('',(8.989159,0.441609,5));
#1231=VERTEX_POINT('',#1230);
#1232=CARTESIAN_POINT('',(8.956662,0.882154,5));
#1233=VERTEX_POINT('',#1232);
#1234=CARTESIAN_POINT('',(8.902589,1.320574,5));
#1235=VERTEX_POINT('',#1234);
#1236=CARTESIAN_POINT('',(8.827067,1.755813,5));
#1237=VERTEX_POINT('',#1236);
#1238=CARTESIAN_POINT('',(8.730281,2.186822,5));
#1239=VERTEX_POINT('',#1238);
#1240=CARTESIAN_POINT('',(7.532352,2.695119,4));
#1241=VERTEX_POINT('',#1240);
#1242=CARTESIAN_POINT('',(7.655523,2.322277,4));
#1243=VERTEX_POINT('',#1242);
#1244=CARTESIAN_POINT('',(7.391036,3.061467,4));
#1245=VERTEX_POINT('',#1244);
#1246=CARTESIAN_POINT('',(7.231915,3.420441,4));
#1247=VERTEX_POINT('',#1246);
#1248=CARTESIAN_POINT('',(7.05537,3.771174,4));
#1249=VERTEX_POINT('',#1248);
#1250=CARTESIAN_POINT('',(6.861829,4.112822,4));
#1251=VERTEX_POINT('',#1250);
#1252=CARTESIAN_POINT('',(8.612463,2.612562,4));
#1253=VERTEX_POINT('',#1252);
#1254=CARTESIAN_POINT('',(8.473897,3.032009,4));
#1255=VERTEX_POINT('',#1254);
#1256=CARTESIAN_POINT('',(8.135903,3.847996,4));
#1257=VERTEX_POINT('',#1256);
#1258=CARTESIAN_POINT('',(8.314916,3.444151,4));
#1259=VERTEX_POINT('',#1258);
#1260=CARTESIAN_POINT('',(7.937291,4.24257,4));
#1261=VERTEX_POINT('',#1260);
#1262=CARTESIAN_POINT('',(8.612463,2.612562,5));
#1263=VERTEX_POINT('',#1262);
#1264=CARTESIAN_POINT('',(8.473897,3.032009,5));
#1265=VERTEX_POINT('',#1264);
#1266=CARTESIAN_POINT('',(8.135903,3.847996,5));
#1267=VERTEX_POINT('',#1266);
#1268=CARTESIAN_POINT('',(8.314916,3.444151,5));
#1269=VERTEX_POINT('',#1268);
#1270=CARTESIAN_POINT('',(7.937291,4.24257,5));
#1271=VERTEX_POINT('',#1270);
#1272=CARTESIAN_POINT('',(4.765594,6.42566,4));
#1273=VERTEX_POINT('',#1272);
#1274=CARTESIAN_POINT('',(5.075146,6.184083,4));
#1275=VERTEX_POINT('',#1274);
#1276=CARTESIAN_POINT('',(5.372472,5.927609,4));
#1277=VERTEX_POINT('',#1276);
#1278=CARTESIAN_POINT('',(6.184083,5.075146,4));
#1279=VERTEX_POINT('',#1278);
#1280=CARTESIAN_POINT('',(5.927609,5.372472,4));
#1281=VERTEX_POINT('',#1280);
#1282=CARTESIAN_POINT('',(6.42566,4.765594,4));
#1283=VERTEX_POINT('',#1282);
#1284=CARTESIAN_POINT('',(5.656854,5.656854,4));
#1285=VERTEX_POINT('',#1284);
#1286=CARTESIAN_POINT('',(6.044031,6.66856,4));
#1287=VERTEX_POINT('',#1286);
#1288=CARTESIAN_POINT('',(6.66856,6.044031,4));
#1289=VERTEX_POINT('',#1288);
#1290=CARTESIAN_POINT('',(6.363961,6.363961,4));
#1291=VERTEX_POINT('',#1290);
#1292=CARTESIAN_POINT('',(6.044031,6.66856,5));
#1293=VERTEX_POINT('',#1292);
#1294=CARTESIAN_POINT('',(6.66856,6.044031,5));
#1295=VERTEX_POINT('',#1294);
#1296=CARTESIAN_POINT('',(6.363961,6.363961,5));
#1297=VERTEX_POINT('',#1296);
#1298=CARTESIAN_POINT('',(4.626925,7.719557,4));
#1299=VERTEX_POINT('',#1298);
#1300=CARTESIAN_POINT('',(5.000132,7.483226,4));
#1301=VERTEX_POINT('',#1300);
#1302=CARTESIAN_POINT('',(5.361294,7.228868,4));
#1303=VERTEX_POINT('',#1302);
#1304=CARTESIAN_POINT('',(5.709539,6.957094,4));
#1305=VERTEX_POINT('',#1304);
#1306=CARTESIAN_POINT('',(4.626925,7.719557,5));
#1307=VERTEX_POINT('',#1306);
#1308=CARTESIAN_POINT('',(5.000132,7.483226,5));
#1309=VERTEX_POINT('',#1308);
#1310=CARTESIAN_POINT('',(5.361294,7.228868,5));
#1311=VERTEX_POINT('',#1310);
#1312=CARTESIAN_POINT('',(5.709539,6.957094,5));
#1313=VERTEX_POINT('',#1312);
#1314=CARTESIAN_POINT('',(7.228868,5.361294,4));
#1315=VERTEX_POINT('',#1314);
#1316=CARTESIAN_POINT('',(7.483226,5.000132,4));
#1317=VERTEX_POINT('',#1316);
#1318=CARTESIAN_POINT('',(7.719557,4.626925,4));
#1319=VERTEX_POINT('',#1318);
#1320=CARTESIAN_POINT('',(6.957094,5.709539,4));
#1321=VERTEX_POINT('',#1320);
#1322=CARTESIAN_POINT('',(7.228868,5.361294,5));
#1323=VERTEX_POINT('',#1322);
#1324=CARTESIAN_POINT('',(7.483226,5.000132,5));
#1325=VERTEX_POINT('',#1324);
#1326=CARTESIAN_POINT('',(7.719557,4.626925,5));
#1327=VERTEX_POINT('',#1326);
#1328=CARTESIAN_POINT('',(6.957094,5.709539,5));
#1329=VERTEX_POINT('',#1328);
#1330=DIRECTION('',(-0.817585,-0.575808,0));
#1331=DIRECTION('',(0,-0,-1));
#1332=AXIS2_PLACEMENT_3D('',#50,#1330,#1331);
#1333=PLANE('',#1332);
#1334=DIRECTION('',(-0.575808,0.817585,0));
#1335=VECTOR('',#1334,0.39266);
#1336=LINE('',#16,#1335);
#1337=EDGE_CURVE('',#17,#51,#1336,.T.);
#1338=ORIENTED_EDGE('',*,*,#1337,.F.);
#1339=DIRECTION('',(0,0,1));
#1340=VECTOR('',#1339,4);
#1341=LINE('',#16,#1340);
#1342=EDGE_CURVE('',#17,#147,#1341,.T.);
#1343=ORIENTED_EDGE('',*,*,#1342,.T.);
#1344=DIRECTION('',(-0.575808,0.817585,0));
#1345=VECTOR('',#1344,0.39266);
#1346=LINE('',#146,#1345);
#1347=EDGE_CURVE('',#147,#227,#1346,.T.);
#1348=ORIENTED_EDGE('',*,*,#1347,.T.);
#1349=DIRECTION('',(0,0,1));
#1350=VECTOR('',#1349,4);
#1351=LINE('',#50,#1350);
#1352=EDGE_CURVE('',#51,#227,#1351,.T.);
#1353=ORIENTED_EDGE('',*,*,#1352,.F.);
#1354=EDGE_LOOP('',(#1338,#1343,#1348,#1353));
#1355=FACE_OUTER_BOUND('',#1354,.T.);
#1356=ADVANCED_FACE('',(#1355),#1333,.T.);
#1357=DIRECTION('',(-0.788346,-0.615232,0));
#1358=DIRECTION('',(0,-0,-1));
#1359=AXIS2_PLACEMENT_3D('',#146,#1357,#1358);
#1360=PLANE('',#1359);
#1361=ORIENTED_EDGE('',*,*,#1342,.F.);
#1362=DIRECTION('',(0.615232,-0.788346,0));
#1363=VECTOR('',#1362,0.39266);
#1364=LINE('',#16,#1363);
#1365=EDGE_CURVE('',#17,#21,#1364,.T.);
#1366=ORIENTED_EDGE('',*,*,#1365,.T.);
#1367=DIRECTION('',(0,0,1));
#1368=VECTOR('',#1367,4);
#1369=LINE('',#20,#1368);
#1370=EDGE_CURVE('',#21,#151,#1369,.T.);
#1371=ORIENTED_EDGE('',*,*,#1370,.T.);
#1372=DIRECTION('',(0.615232,-0.788346,0));
#1373=VECTOR('',#1372,0.39266);
#1374=LINE('',#146,#1373);
#1375=EDGE_CURVE('',#147,#151,#1374,.T.);
#1376=ORIENTED_EDGE('',*,*,#1375,.F.);
#1377=EDGE_LOOP('',(#1361,#1366,#1371,#1376));
#1378=FACE_OUTER_BOUND('',#1377,.T.);
#1379=ADVANCED_FACE('',(#1378),#1360,.T.);
#1380=DIRECTION('',(-0.757209,-0.653172,0));
#1381=DIRECTION('',(0,-0,-1));
#1382=AXIS2_PLACEMENT_3D('',#148,#1380,#1381);
#1383=PLANE('',#1382);
#1384=DIRECTION('',(-0.653172,0.757209,0));
#1385=VECTOR('',#1384,0.39266);
#1386=LINE('',#148,#1385);
#1387=EDGE_CURVE('',#149,#151,#1386,.T.);
#1388=ORIENTED_EDGE('',*,*,#1387,.T.);
#1389=ORIENTED_EDGE('',*,*,#1370,.F.);
#1390=DIRECTION('',(-0.653172,0.757209,0));
#1391=VECTOR('',#1390,0.39266);
#1392=LINE('',#18,#1391);
#1393=EDGE_CURVE('',#19,#21,#1392,.T.);
#1394=ORIENTED_EDGE('',*,*,#1393,.F.);
#1395=DIRECTION('',(0,0,1));
#1396=VECTOR('',#1395,4);
#1397=LINE('',#18,#1396);
#1398=EDGE_CURVE('',#19,#149,#1397,.T.);
#1399=ORIENTED_EDGE('',*,*,#1398,.T.);
#1400=EDGE_LOOP('',(#1388,#1389,#1394,#1399));
#1401=FACE_OUTER_BOUND('',#1400,.T.);
#1402=ADVANCED_FACE('',(#1401),#1383,.T.);
#1403=DIRECTION('',(-0.724247,-0.689541,0));
#1404=DIRECTION('',(0,-0,-1));
#1405=AXIS2_PLACEMENT_3D('',#14,#1403,#1404);
#1406=PLANE('',#1405);
#1407=DIRECTION('',(0,0,1));
#1408=VECTOR('',#1407,4);
#1409=LINE('',#14,#1408);
#1410=EDGE_CURVE('',#15,#145,#1409,.T.);
#1411=ORIENTED_EDGE('',*,*,#1410,.T.);
#1412=DIRECTION('',(-0.689541,0.724247,0));
#1413=VECTOR('',#1412,0.39266);
#1414=LINE('',#144,#1413);
#1415=EDGE_CURVE('',#145,#149,#1414,.T.);
#1416=ORIENTED_EDGE('',*,*,#1415,.T.);
#1417=ORIENTED_EDGE('',*,*,#1398,.F.);
#1418=DIRECTION('',(-0.689541,0.724247,0));
#1419=VECTOR('',#1418,0.39266);
#1420=LINE('',#14,#1419);
#1421=EDGE_CURVE('',#15,#19,#1420,.T.);
#1422=ORIENTED_EDGE('',*,*,#1421,.F.);
#1423=EDGE_LOOP('',(#1411,#1416,#1417,#1422));
#1424=FACE_OUTER_BOUND('',#1423,.T.);
#1425=ADVANCED_FACE('',(#1424),#1406,.T.);
#1426=DIRECTION('',(-0.689541,-0.724247,0));
#1427=DIRECTION('',(0,-0,-1));
#1428=AXIS2_PLACEMENT_3D('',#14,#1426,#1427);
#1429=PLANE('',#1428);
#1430=DIRECTION('',(0.724247,-0.689541,0));
#1431=VECTOR('',#1430,0.39266);
#1432=LINE('',#14,#1431);
#1433=EDGE_CURVE('',#15,#23,#1432,.T.);
#1434=ORIENTED_EDGE('',*,*,#1433,.T.);
#1435=DIRECTION('',(0,0,1));
#1436=VECTOR('',#1435,4);
#1437=LINE('',#22,#1436);
#1438=EDGE_CURVE('',#23,#153,#1437,.T.);
#1439=ORIENTED_EDGE('',*,*,#1438,.T.);
#1440=DIRECTION('',(0.724247,-0.689541,0));
#1441=VECTOR('',#1440,0.39266);
#1442=LINE('',#144,#1441);
#1443=EDGE_CURVE('',#145,#153,#1442,.T.);
#1444=ORIENTED_EDGE('',*,*,#1443,.F.);
#1445=ORIENTED_EDGE('',*,*,#1410,.F.);
#1446=EDGE_LOOP('',(#1434,#1439,#1444,#1445));
#1447=FACE_OUTER_BOUND('',#1446,.T.);
#1448=ADVANCED_FACE('',(#1447),#1429,.T.);
#1449=DIRECTION('',(-0.653172,-0.757209,0));
#1450=DIRECTION('',(0,-0,-1));
#1451=AXIS2_PLACEMENT_3D('',#152,#1449,#1450);
#1452=PLANE('',#1451);
#1453=ORIENTED_EDGE('',*,*,#1438,.F.);
#1454=DIRECTION('',(0.757209,-0.653172,0));
#1455=VECTOR('',#1454,0.39266);
#1456=LINE('',#22,#1455);
#1457=EDGE_CURVE('',#23,#25,#1456,.T.);
#1458=ORIENTED_EDGE('',*,*,#1457,.T.);
#1459=DIRECTION('',(0,0,1));
#1460=VECTOR('',#1459,4);
#1461=LINE('',#24,#1460);
#1462=EDGE_CURVE('',#25,#155,#1461,.T.);
#1463=ORIENTED_EDGE('',*,*,#1462,.T.);
#1464=DIRECTION('',(0.757209,-0.653172,0));
#1465=VECTOR('',#1464,0.39266);
#1466=LINE('',#152,#1465);
#1467=EDGE_CURVE('',#153,#155,#1466,.T.);
#1468=ORIENTED_EDGE('',*,*,#1467,.F.);
#1469=EDGE_LOOP('',(#1453,#1458,#1463,#1468));
#1470=FACE_OUTER_BOUND('',#1469,.T.);
#1471=ADVANCED_FACE('',(#1470),#1452,.T.);
#1472=DIRECTION('',(-0.615232,-0.788346,0));
#1473=DIRECTION('',(0,-0,-1));
#1474=AXIS2_PLACEMENT_3D('',#156,#1472,#1473);
#1475=PLANE('',#1474);
#1476=DIRECTION('',(0.788346,-0.615232,0));
#1477=VECTOR('',#1476,0.39266);
#1478=LINE('',#154,#1477);
#1479=EDGE_CURVE('',#155,#157,#1478,.T.);
#1480=ORIENTED_EDGE('',*,*,#1479,.F.);
#1481=ORIENTED_EDGE('',*,*,#1462,.F.);
#1482=DIRECTION('',(0.788346,-0.615232,0));
#1483=VECTOR('',#1482,0.39266);
#1484=LINE('',#24,#1483);
#1485=EDGE_CURVE('',#25,#27,#1484,.T.);
#1486=ORIENTED_EDGE('',*,*,#1485,.T.);
#1487=DIRECTION('',(0,0,1));
#1488=VECTOR('',#1487,4);
#1489=LINE('',#26,#1488);
#1490=EDGE_CURVE('',#27,#157,#1489,.T.);
#1491=ORIENTED_EDGE('',*,*,#1490,.T.);
#1492=EDGE_LOOP('',(#1480,#1481,#1486,#1491));
#1493=FACE_OUTER_BOUND('',#1492,.T.);
#1494=ADVANCED_FACE('',(#1493),#1475,.T.);
#1495=DIRECTION('',(-0.575808,-0.817585,0));
#1496=DIRECTION('',(0,-0,-1));
#1497=AXIS2_PLACEMENT_3D('',#260,#1495,#1496);
#1498=PLANE('',#1497);
#1499=DIRECTION('',(0.817585,-0.575808,0));
#1500=VECTOR('',#1499,0.39266);
#1501=LINE('',#156,#1500);
#1502=EDGE_CURVE('',#157,#261,#1501,.T.);
#1503=ORIENTED_EDGE('',*,*,#1502,.F.);
#1504=ORIENTED_EDGE('',*,*,#1490,.F.);
#1505=DIRECTION('',(0.817585,-0.575808,0));
#1506=VECTOR('',#1505,0.39266);
#1507=LINE('',#26,#1506);
#1508=EDGE_CURVE('',#27,#65,#1507,.T.);
#1509=ORIENTED_EDGE('',*,*,#1508,.T.);
#1510=DIRECTION('',(0,0,1));
#1511=VECTOR('',#1510,4);
#1512=LINE('',#64,#1511);
#1513=EDGE_CURVE('',#65,#261,#1512,.T.);
#1514=ORIENTED_EDGE('',*,*,#1513,.T.);
#1515=EDGE_LOOP('',(#1503,#1504,#1509,#1514));
#1516=FACE_OUTER_BOUND('',#1515,.T.);
#1517=ADVANCED_FACE('',(#1516),#1498,.T.);
#1518=DIRECTION('',(0,0,-1));
#1519=DIRECTION('',(-0,1,0));
#1520=AXIS2_PLACEMENT_3D('',#22,#1518,#1519);
#1521=PLANE('',#1520);
#1522=ORIENTED_EDGE('',*,*,#1433,.F.);
#1523=ORIENTED_EDGE('',*,*,#1421,.T.);
#1524=ORIENTED_EDGE('',*,*,#1393,.T.);
#1525=ORIENTED_EDGE('',*,*,#1365,.F.);
#1526=ORIENTED_EDGE('',*,*,#1337,.T.);
#1527=DIRECTION('',(0.534998,-0.844853,0));
#1528=VECTOR('',#1527,0.39266);
#1529=LINE('',#28,#1528);
#1530=EDGE_CURVE('',#29,#51,#1529,.T.);
#1531=ORIENTED_EDGE('',*,*,#1530,.F.);
#1532=DIRECTION('',(-0.492899,0.870087,0));
#1533=VECTOR('',#1532,0.39266);
#1534=LINE('',#28,#1533);
#1535=EDGE_CURVE('',#29,#31,#1534,.T.);
#1536=ORIENTED_EDGE('',*,*,#1535,.T.);
#1537=DIRECTION('',(-0.449611,0.893224,0));
#1538=VECTOR('',#1537,0.39266);
#1539=LINE('',#30,#1538);
#1540=EDGE_CURVE('',#31,#33,#1539,.T.);
#1541=ORIENTED_EDGE('',*,*,#1540,.T.);
#1542=DIRECTION('',(-0.40524,0.91421,0));
#1543=VECTOR('',#1542,0.392659);
#1544=LINE('',#32,#1543);
#1545=EDGE_CURVE('',#33,#35,#1544,.T.);
#1546=ORIENTED_EDGE('',*,*,#1545,.T.);
#1547=DIRECTION('',(-0.359895,0.932993,0));
#1548=VECTOR('',#1547,0.39266);
#1549=LINE('',#34,#1548);
#1550=EDGE_CURVE('',#35,#39,#1549,.T.);
#1551=ORIENTED_EDGE('',*,*,#1550,.T.);
#1552=DIRECTION('',(0.313682,-0.949528,0));
#1553=VECTOR('',#1552,0.39266);
#1554=LINE('',#36,#1553);
#1555=EDGE_CURVE('',#37,#39,#1554,.T.);
#1556=ORIENTED_EDGE('',*,*,#1555,.F.);
#1557=DIRECTION('',(-0.266713,0.963776,0));
#1558=VECTOR('',#1557,0.39266);
#1559=LINE('',#36,#1558);
#1560=EDGE_CURVE('',#37,#47,#1559,.T.);
#1561=ORIENTED_EDGE('',*,*,#1560,.T.);
#1562=DIRECTION('',(-0.219101,0.975702,0));
#1563=VECTOR('',#1562,0.39266);
#1564=LINE('',#46,#1563);
#1565=EDGE_CURVE('',#47,#49,#1564,.T.);
#1566=ORIENTED_EDGE('',*,*,#1565,.T.);
#1567=DIRECTION('',(0.170962,-0.985278,0));
#1568=VECTOR('',#1567,0.39266);
#1569=LINE('',#40,#1568);
#1570=EDGE_CURVE('',#41,#49,#1569,.T.);
#1571=ORIENTED_EDGE('',*,*,#1570,.F.);
#1572=DIRECTION('',(-0.122411,0.99248,0));
#1573=VECTOR('',#1572,0.39266);
#1574=LINE('',#40,#1573);
#1575=EDGE_CURVE('',#41,#43,#1574,.T.);
#1576=ORIENTED_EDGE('',*,*,#1575,.T.);
#1577=DIRECTION('',(-0.073565,0.99729,0));
#1578=VECTOR('',#1577,0.39266);
#1579=LINE('',#42,#1578);
#1580=EDGE_CURVE('',#43,#45,#1579,.T.);
#1581=ORIENTED_EDGE('',*,*,#1580,.T.);
#1582=DIRECTION('',(-0.024541,0.999699,0));
#1583=VECTOR('',#1582,0.39266);
#1584=LINE('',#44,#1583);
#1585=EDGE_CURVE('',#45,#339,#1584,.T.);
#1586=ORIENTED_EDGE('',*,*,#1585,.T.);
#1587=DIRECTION('',(0.024541,0.999699,0));
#1588=VECTOR('',#1587,0.39266);
#1589=LINE('',#338,#1588);
#1590=EDGE_CURVE('',#339,#341,#1589,.T.);
#1591=ORIENTED_EDGE('',*,*,#1590,.T.);
#1592=DIRECTION('',(0.073565,0.99729,0));
#1593=VECTOR('',#1592,0.39266);
#1594=LINE('',#340,#1593);
#1595=EDGE_CURVE('',#341,#343,#1594,.T.);
#1596=ORIENTED_EDGE('',*,*,#1595,.T.);
#1597=DIRECTION('',(0.122411,0.99248,0));
#1598=VECTOR('',#1597,0.39266);
#1599=LINE('',#342,#1598);
#1600=EDGE_CURVE('',#343,#345,#1599,.T.);
#1601=ORIENTED_EDGE('',*,*,#1600,.T.);
#1602=DIRECTION('',(0.170962,0.985278,0));
#1603=VECTOR('',#1602,0.39266);
#1604=LINE('',#344,#1603);
#1605=EDGE_CURVE('',#345,#347,#1604,.T.);
#1606=ORIENTED_EDGE('',*,*,#1605,.T.);
#1607=DIRECTION('',(0.219101,0.975702,0));
#1608=VECTOR('',#1607,0.39266);
#1609=LINE('',#346,#1608);
#1610=EDGE_CURVE('',#347,#349,#1609,.T.);
#1611=ORIENTED_EDGE('',*,*,#1610,.T.);
#1612=DIRECTION('',(0.266713,0.963776,0));
#1613=VECTOR('',#1612,0.39266);
#1614=LINE('',#348,#1613);
#1615=EDGE_CURVE('',#349,#351,#1614,.T.);
#1616=ORIENTED_EDGE('',*,*,#1615,.T.);
#1617=DIRECTION('',(0.313682,0.949528,0));
#1618=VECTOR('',#1617,0.39266);
#1619=LINE('',#350,#1618);
#1620=EDGE_CURVE('',#351,#353,#1619,.T.);
#1621=ORIENTED_EDGE('',*,*,#1620,.T.);
#1622=DIRECTION('',(0.359895,0.932993,0));
#1623=VECTOR('',#1622,0.39266);
#1624=LINE('',#352,#1623);
#1625=EDGE_CURVE('',#353,#355,#1624,.T.);
#1626=ORIENTED_EDGE('',*,*,#1625,.T.);
#1627=DIRECTION('',(0.40524,0.91421,0));
#1628=VECTOR('',#1627,0.392659);
#1629=LINE('',#354,#1628);
#1630=EDGE_CURVE('',#355,#357,#1629,.T.);
#1631=ORIENTED_EDGE('',*,*,#1630,.T.);
#1632=DIRECTION('',(0.449611,0.893224,0));
#1633=VECTOR('',#1632,0.39266);
#1634=LINE('',#356,#1633);
#1635=EDGE_CURVE('',#357,#359,#1634,.T.);
#1636=ORIENTED_EDGE('',*,*,#1635,.T.);
#1637=DIRECTION('',(0.492899,0.870087,0));
#1638=VECTOR('',#1637,0.39266);
#1639=LINE('',#358,#1638);
#1640=EDGE_CURVE('',#359,#361,#1639,.T.);
#1641=ORIENTED_EDGE('',*,*,#1640,.T.);
#1642=DIRECTION('',(0.534998,0.844853,0));
#1643=VECTOR('',#1642,0.39266);
#1644=LINE('',#360,#1643);
#1645=EDGE_CURVE('',#361,#363,#1644,.T.);
#1646=ORIENTED_EDGE('',*,*,#1645,.T.);
#1647=DIRECTION('',(0.575808,0.817585,0));
#1648=VECTOR('',#1647,0.39266);
#1649=LINE('',#362,#1648);
#1650=EDGE_CURVE('',#363,#365,#1649,.T.);
#1651=ORIENTED_EDGE('',*,*,#1650,.T.);
#1652=DIRECTION('',(0.615232,0.788346,0));
#1653=VECTOR('',#1652,0.39266);
#1654=LINE('',#364,#1653);
#1655=EDGE_CURVE('',#365,#367,#1654,.T.);
#1656=ORIENTED_EDGE('',*,*,#1655,.T.);
#1657=DIRECTION('',(0.653172,0.757209,0));
#1658=VECTOR('',#1657,0.39266);
#1659=LINE('',#366,#1658);
#1660=EDGE_CURVE('',#367,#369,#1659,.T.);
#1661=ORIENTED_EDGE('',*,*,#1660,.T.);
#1662=DIRECTION('',(0.689541,0.724247,0));
#1663=VECTOR('',#1662,0.39266);
#1664=LINE('',#368,#1663);
#1665=EDGE_CURVE('',#369,#371,#1664,.T.);
#1666=ORIENTED_EDGE('',*,*,#1665,.T.);
#1667=DIRECTION('',(0.724247,0.689541,0));
#1668=VECTOR('',#1667,0.39266);
#1669=LINE('',#370,#1668);
#1670=EDGE_CURVE('',#371,#373,#1669,.T.);
#1671=ORIENTED_EDGE('',*,*,#1670,.T.);
#1672=DIRECTION('',(0.757209,0.653172,0));
#1673=VECTOR('',#1672,0.39266);
#1674=LINE('',#372,#1673);
#1675=EDGE_CURVE('',#373,#375,#1674,.T.);
#1676=ORIENTED_EDGE('',*,*,#1675,.T.);
#1677=DIRECTION('',(0.788346,0.615232,0));
#1678=VECTOR('',#1677,0.39266);
#1679=LINE('',#374,#1678);
#1680=EDGE_CURVE('',#375,#377,#1679,.T.);
#1681=ORIENTED_EDGE('',*,*,#1680,.T.);
#1682=DIRECTION('',(0.817585,0.575808,0));
#1683=VECTOR('',#1682,0.39266);
#1684=LINE('',#376,#1683);
#1685=EDGE_CURVE('',#377,#411,#1684,.T.);
#1686=ORIENTED_EDGE('',*,*,#1685,.T.);
#1687=DIRECTION('',(0.844853,0.534998,0));
#1688=VECTOR('',#1687,0.39266);
#1689=LINE('',#410,#1688);
#1690=EDGE_CURVE('',#411,#413,#1689,.T.);
#1691=ORIENTED_EDGE('',*,*,#1690,.T.);
#1692=DIRECTION('',(0.870087,0.492899,0));
#1693=VECTOR('',#1692,0.39266);
#1694=LINE('',#412,#1693);
#1695=EDGE_CURVE('',#413,#415,#1694,.T.);
#1696=ORIENTED_EDGE('',*,*,#1695,.T.);
#1697=DIRECTION('',(0.893224,0.449611,0));
#1698=VECTOR('',#1697,0.39266);
#1699=LINE('',#414,#1698);
#1700=EDGE_CURVE('',#415,#417,#1699,.T.);
#1701=ORIENTED_EDGE('',*,*,#1700,.T.);
#1702=DIRECTION('',(0.91421,0.40524,0));
#1703=VECTOR('',#1702,0.392659);
#1704=LINE('',#416,#1703);
#1705=EDGE_CURVE('',#417,#419,#1704,.T.);
#1706=ORIENTED_EDGE('',*,*,#1705,.T.);
#1707=DIRECTION('',(0.932993,0.359895,0));
#1708=VECTOR('',#1707,0.39266);
#1709=LINE('',#418,#1708);
#1710=EDGE_CURVE('',#419,#421,#1709,.T.);
#1711=ORIENTED_EDGE('',*,*,#1710,.T.);
#1712=DIRECTION('',(0.949528,0.313682,0));
#1713=VECTOR('',#1712,0.39266);
#1714=LINE('',#420,#1713);
#1715=EDGE_CURVE('',#421,#423,#1714,.T.);
#1716=ORIENTED_EDGE('',*,*,#1715,.T.);
#1717=DIRECTION('',(0.963776,0.266713,0));
#1718=VECTOR('',#1717,0.39266);
#1719=LINE('',#422,#1718);
#1720=EDGE_CURVE('',#423,#425,#1719,.T.);
#1721=ORIENTED_EDGE('',*,*,#1720,.T.);
#1722=DIRECTION('',(0.975702,0.219101,0));
#1723=VECTOR('',#1722,0.39266);
#1724=LINE('',#424,#1723);
#1725=EDGE_CURVE('',#425,#427,#1724,.T.);
#1726=ORIENTED_EDGE('',*,*,#1725,.T.);
#1727=DIRECTION('',(0.985278,0.170962,0));
#1728=VECTOR('',#1727,0.39266);
#1729=LINE('',#426,#1728);
#1730=EDGE_CURVE('',#427,#429,#1729,.T.);
#1731=ORIENTED_EDGE('',*,*,#1730,.T.);
#1732=DIRECTION('',(0.99248,0.122411,0));
#1733=VECTOR('',#1732,0.39266);
#1734=LINE('',#428,#1733);
#1735=EDGE_CURVE('',#429,#431,#1734,.T.);
#1736=ORIENTED_EDGE('',*,*,#1735,.T.);
#1737=DIRECTION('',(0.99729,0.073565,0));
#1738=VECTOR('',#1737,0.39266);
#1739=LINE('',#430,#1738);
#1740=EDGE_CURVE('',#431,#433,#1739,.T.);
#1741=ORIENTED_EDGE('',*,*,#1740,.T.);
#1742=DIRECTION('',(0.999699,0.024541,0));
#1743=VECTOR('',#1742,0.39266);
#1744=LINE('',#432,#1743);
#1745=EDGE_CURVE('',#433,#1029,#1744,.T.);
#1746=ORIENTED_EDGE('',*,*,#1745,.T.);
#1747=DIRECTION('',(0.999699,-0.024541,0));
#1748=VECTOR('',#1747,0.39266);
#1749=LINE('',#1028,#1748);
#1750=EDGE_CURVE('',#1029,#1031,#1749,.T.);
#1751=ORIENTED_EDGE('',*,*,#1750,.T.);
#1752=DIRECTION('',(0.99729,-0.073565,0));
#1753=VECTOR('',#1752,0.39266);
#1754=LINE('',#1030,#1753);
#1755=EDGE_CURVE('',#1031,#1033,#1754,.T.);
#1756=ORIENTED_EDGE('',*,*,#1755,.T.);
#1757=DIRECTION('',(0.99248,-0.122411,0));
#1758=VECTOR('',#1757,0.39266);
#1759=LINE('',#1032,#1758);
#1760=EDGE_CURVE('',#1033,#1039,#1759,.T.);
#1761=ORIENTED_EDGE('',*,*,#1760,.T.);
#1762=DIRECTION('',(-0.985278,0.170962,0));
#1763=VECTOR('',#1762,0.39266);
#1764=LINE('',#1034,#1763);
#1765=EDGE_CURVE('',#1035,#1039,#1764,.T.);
#1766=ORIENTED_EDGE('',*,*,#1765,.F.);
#1767=DIRECTION('',(0.975702,-0.219101,0));
#1768=VECTOR('',#1767,0.39266);
#1769=LINE('',#1034,#1768);
#1770=EDGE_CURVE('',#1035,#1037,#1769,.T.);
#1771=ORIENTED_EDGE('',*,*,#1770,.T.);
#1772=DIRECTION('',(0.963776,-0.266713,0));
#1773=VECTOR('',#1772,0.39266);
#1774=LINE('',#1036,#1773);
#1775=EDGE_CURVE('',#1037,#1043,#1774,.T.);
#1776=ORIENTED_EDGE('',*,*,#1775,.T.);
#1777=DIRECTION('',(0.949528,-0.313682,0));
#1778=VECTOR('',#1777,0.39266);
#1779=LINE('',#1042,#1778);
#1780=EDGE_CURVE('',#1043,#1045,#1779,.T.);
#1781=ORIENTED_EDGE('',*,*,#1780,.T.);
#1782=DIRECTION('',(0.932993,-0.359895,0));
#1783=VECTOR('',#1782,0.39266);
#1784=LINE('',#1044,#1783);
#1785=EDGE_CURVE('',#1045,#1047,#1784,.T.);
#1786=ORIENTED_EDGE('',*,*,#1785,.T.);
#1787=DIRECTION('',(0.91421,-0.40524,0));
#1788=VECTOR('',#1787,0.392659);
#1789=LINE('',#1046,#1788);
#1790=EDGE_CURVE('',#1047,#1049,#1789,.T.);
#1791=ORIENTED_EDGE('',*,*,#1790,.T.);
#1792=DIRECTION('',(0.893224,-0.449611,0));
#1793=VECTOR('',#1792,0.39266);
#1794=LINE('',#1048,#1793);
#1795=EDGE_CURVE('',#1049,#1051,#1794,.T.);
#1796=ORIENTED_EDGE('',*,*,#1795,.T.);
#1797=DIRECTION('',(0.870087,-0.492899,0));
#1798=VECTOR('',#1797,0.39266);
#1799=LINE('',#1050,#1798);
#1800=EDGE_CURVE('',#1051,#1053,#1799,.T.);
#1801=ORIENTED_EDGE('',*,*,#1800,.T.);
#1802=DIRECTION('',(-0.844853,0.534998,0));
#1803=VECTOR('',#1802,0.39266);
#1804=LINE('',#1040,#1803);
#1805=EDGE_CURVE('',#1041,#1053,#1804,.T.);
#1806=ORIENTED_EDGE('',*,*,#1805,.F.);
#1807=DIRECTION('',(0.817585,-0.575808,0));
#1808=VECTOR('',#1807,0.39266);
#1809=LINE('',#1040,#1808);
#1810=EDGE_CURVE('',#1041,#1081,#1809,.T.);
#1811=ORIENTED_EDGE('',*,*,#1810,.T.);
#1812=DIRECTION('',(0.788346,-0.615232,0));
#1813=VECTOR('',#1812,0.39266);
#1814=LINE('',#1080,#1813);
#1815=EDGE_CURVE('',#1081,#1083,#1814,.T.);
#1816=ORIENTED_EDGE('',*,*,#1815,.T.);
#1817=DIRECTION('',(0.757209,-0.653172,0));
#1818=VECTOR('',#1817,0.39266);
#1819=LINE('',#1082,#1818);
#1820=EDGE_CURVE('',#1083,#1085,#1819,.T.);
#1821=ORIENTED_EDGE('',*,*,#1820,.T.);
#1822=DIRECTION('',(0.724247,-0.689541,0));
#1823=VECTOR('',#1822,0.39266);
#1824=LINE('',#1084,#1823);
#1825=EDGE_CURVE('',#1085,#1093,#1824,.T.);
#1826=ORIENTED_EDGE('',*,*,#1825,.T.);
#1827=DIRECTION('',(-0.689541,0.724247,0));
#1828=VECTOR('',#1827,0.39266);
#1829=LINE('',#1088,#1828);
#1830=EDGE_CURVE('',#1089,#1093,#1829,.T.);
#1831=ORIENTED_EDGE('',*,*,#1830,.F.);
#1832=DIRECTION('',(-0.653172,0.757209,0));
#1833=VECTOR('',#1832,0.39266);
#1834=LINE('',#1086,#1833);
#1835=EDGE_CURVE('',#1087,#1089,#1834,.T.);
#1836=ORIENTED_EDGE('',*,*,#1835,.F.);
#1837=DIRECTION('',(0.615232,-0.788346,0));
#1838=VECTOR('',#1837,0.39266);
#1839=LINE('',#1086,#1838);
#1840=EDGE_CURVE('',#1087,#1091,#1839,.T.);
#1841=ORIENTED_EDGE('',*,*,#1840,.T.);
#1842=DIRECTION('',(-0.575808,0.817585,0));
#1843=VECTOR('',#1842,0.39266);
#1844=LINE('',#1054,#1843);
#1845=EDGE_CURVE('',#1055,#1091,#1844,.T.);
#1846=ORIENTED_EDGE('',*,*,#1845,.F.);
#1847=DIRECTION('',(0.534998,-0.844853,0));
#1848=VECTOR('',#1847,0.39266);
#1849=LINE('',#1054,#1848);
#1850=EDGE_CURVE('',#1055,#1079,#1849,.T.);
#1851=ORIENTED_EDGE('',*,*,#1850,.T.);
#1852=DIRECTION('',(-0.492899,0.870087,0));
#1853=VECTOR('',#1852,0.39266);
#1854=LINE('',#1076,#1853);
#1855=EDGE_CURVE('',#1077,#1079,#1854,.T.);
#1856=ORIENTED_EDGE('',*,*,#1855,.F.);
#1857=DIRECTION('',(-0.449611,0.893224,0));
#1858=VECTOR('',#1857,0.39266);
#1859=LINE('',#1074,#1858);
#1860=EDGE_CURVE('',#1075,#1077,#1859,.T.);
#1861=ORIENTED_EDGE('',*,*,#1860,.F.);
#1862=DIRECTION('',(-0.40524,0.91421,0));
#1863=VECTOR('',#1862,0.392659);
#1864=LINE('',#1072,#1863);
#1865=EDGE_CURVE('',#1073,#1075,#1864,.T.);
#1866=ORIENTED_EDGE('',*,*,#1865,.F.);
#1867=DIRECTION('',(-0.359895,0.932993,0));
#1868=VECTOR('',#1867,0.39266);
#1869=LINE('',#1068,#1868);
#1870=EDGE_CURVE('',#1069,#1073,#1869,.T.);
#1871=ORIENTED_EDGE('',*,*,#1870,.F.);
#1872=DIRECTION('',(0.313682,-0.949528,0));
#1873=VECTOR('',#1872,0.39266);
#1874=LINE('',#1068,#1873);
#1875=EDGE_CURVE('',#1069,#1071,#1874,.T.);
#1876=ORIENTED_EDGE('',*,*,#1875,.T.);
#1877=DIRECTION('',(-0.266713,0.963776,0));
#1878=VECTOR('',#1877,0.39266);
#1879=LINE('',#1058,#1878);
#1880=EDGE_CURVE('',#1059,#1071,#1879,.T.);
#1881=ORIENTED_EDGE('',*,*,#1880,.F.);
#1882=DIRECTION('',(-0.219101,0.975702,0));
#1883=VECTOR('',#1882,0.39266);
#1884=LINE('',#1056,#1883);
#1885=EDGE_CURVE('',#1057,#1059,#1884,.T.);
#1886=ORIENTED_EDGE('',*,*,#1885,.F.);
#1887=DIRECTION('',(0.170962,-0.985278,0));
#1888=VECTOR('',#1887,0.39266);
#1889=LINE('',#1056,#1888);
#1890=EDGE_CURVE('',#1057,#1067,#1889,.T.);
#1891=ORIENTED_EDGE('',*,*,#1890,.T.);
#1892=DIRECTION('',(-0.122411,0.99248,0));
#1893=VECTOR('',#1892,0.39266);
#1894=LINE('',#1064,#1893);
#1895=EDGE_CURVE('',#1065,#1067,#1894,.T.);
#1896=ORIENTED_EDGE('',*,*,#1895,.F.);
#1897=DIRECTION('',(-0.073565,0.99729,0));
#1898=VECTOR('',#1897,0.39266);
#1899=LINE('',#1062,#1898);
#1900=EDGE_CURVE('',#1063,#1065,#1899,.T.);
#1901=ORIENTED_EDGE('',*,*,#1900,.F.);
#1902=DIRECTION('',(-0.024541,0.999699,0));
#1903=VECTOR('',#1902,0.39266);
#1904=LINE('',#1060,#1903);
#1905=EDGE_CURVE('',#1061,#1063,#1904,.T.);
#1906=ORIENTED_EDGE('',*,*,#1905,.F.);
#1907=DIRECTION('',(0.024541,0.999699,0));
#1908=VECTOR('',#1907,0.39266);
#1909=LINE('',#760,#1908);
#1910=EDGE_CURVE('',#761,#1061,#1909,.T.);
#1911=ORIENTED_EDGE('',*,*,#1910,.F.);
#1912=DIRECTION('',(0.073565,0.99729,0));
#1913=VECTOR('',#1912,0.39266);
#1914=LINE('',#758,#1913);
#1915=EDGE_CURVE('',#759,#761,#1914,.T.);
#1916=ORIENTED_EDGE('',*,*,#1915,.F.);
#1917=DIRECTION('',(0.122411,0.99248,0));
#1918=VECTOR('',#1917,0.39266);
#1919=LINE('',#756,#1918);
#1920=EDGE_CURVE('',#757,#759,#1919,.T.);
#1921=ORIENTED_EDGE('',*,*,#1920,.F.);
#1922=DIRECTION('',(0.170962,0.985278,0));
#1923=VECTOR('',#1922,0.39266);
#1924=LINE('',#754,#1923);
#1925=EDGE_CURVE('',#755,#757,#1924,.T.);
#1926=ORIENTED_EDGE('',*,*,#1925,.F.);
#1927=DIRECTION('',(0.219101,0.975702,0));
#1928=VECTOR('',#1927,0.39266);
#1929=LINE('',#752,#1928);
#1930=EDGE_CURVE('',#753,#755,#1929,.T.);
#1931=ORIENTED_EDGE('',*,*,#1930,.F.);
#1932=DIRECTION('',(0.266713,0.963776,0));
#1933=VECTOR('',#1932,0.39266);
#1934=LINE('',#750,#1933);
#1935=EDGE_CURVE('',#751,#753,#1934,.T.);
#1936=ORIENTED_EDGE('',*,*,#1935,.F.);
#1937=DIRECTION('',(0.313682,0.949528,0));
#1938=VECTOR('',#1937,0.39266);
#1939=LINE('',#748,#1938);
#1940=EDGE_CURVE('',#749,#751,#1939,.T.);
#1941=ORIENTED_EDGE('',*,*,#1940,.F.);
#1942=DIRECTION('',(0.359895,0.932993,0));
#1943=VECTOR('',#1942,0.39266);
#1944=LINE('',#746,#1943);
#1945=EDGE_CURVE('',#747,#749,#1944,.T.);
#1946=ORIENTED_EDGE('',*,*,#1945,.F.);
#1947=DIRECTION('',(0.40524,0.91421,0));
#1948=VECTOR('',#1947,0.392659);
#1949=LINE('',#744,#1948);
#1950=EDGE_CURVE('',#745,#747,#1949,.T.);
#1951=ORIENTED_EDGE('',*,*,#1950,.F.);
#1952=DIRECTION('',(0.449611,0.893224,0));
#1953=VECTOR('',#1952,0.39266);
#1954=LINE('',#742,#1953);
#1955=EDGE_CURVE('',#743,#745,#1954,.T.);
#1956=ORIENTED_EDGE('',*,*,#1955,.F.);
#1957=DIRECTION('',(0.492899,0.870087,0));
#1958=VECTOR('',#1957,0.39266);
#1959=LINE('',#740,#1958);
#1960=EDGE_CURVE('',#741,#743,#1959,.T.);
#1961=ORIENTED_EDGE('',*,*,#1960,.F.);
#1962=DIRECTION('',(0.534998,0.844853,0));
#1963=VECTOR('',#1962,0.39266);
#1964=LINE('',#738,#1963);
#1965=EDGE_CURVE('',#739,#741,#1964,.T.);
#1966=ORIENTED_EDGE('',*,*,#1965,.F.);
#1967=DIRECTION('',(0.575808,0.817585,0));
#1968=VECTOR('',#1967,0.39266);
#1969=LINE('',#736,#1968);
#1970=EDGE_CURVE('',#737,#739,#1969,.T.);
#1971=ORIENTED_EDGE('',*,*,#1970,.F.);
#1972=DIRECTION('',(0.615232,0.788346,0));
#1973=VECTOR('',#1972,0.39266);
#1974=LINE('',#734,#1973);
#1975=EDGE_CURVE('',#735,#737,#1974,.T.);
#1976=ORIENTED_EDGE('',*,*,#1975,.F.);
#1977=DIRECTION('',(0.653172,0.757209,0));
#1978=VECTOR('',#1977,0.39266);
#1979=LINE('',#732,#1978);
#1980=EDGE_CURVE('',#733,#735,#1979,.T.);
#1981=ORIENTED_EDGE('',*,*,#1980,.F.);
#1982=DIRECTION('',(0.689541,0.724247,0));
#1983=VECTOR('',#1982,0.39266);
#1984=LINE('',#730,#1983);
#1985=EDGE_CURVE('',#731,#733,#1984,.T.);
#1986=ORIENTED_EDGE('',*,*,#1985,.F.);
#1987=DIRECTION('',(0.724247,0.689541,0));
#1988=VECTOR('',#1987,0.39266);
#1989=LINE('',#728,#1988);
#1990=EDGE_CURVE('',#729,#731,#1989,.T.);
#1991=ORIENTED_EDGE('',*,*,#1990,.F.);
#1992=DIRECTION('',(0.757209,0.653172,0));
#1993=VECTOR('',#1992,0.39266);
#1994=LINE('',#726,#1993);
#1995=EDGE_CURVE('',#727,#729,#1994,.T.);
#1996=ORIENTED_EDGE('',*,*,#1995,.F.);
#1997=DIRECTION('',(0.788346,0.615232,0));
#1998=VECTOR('',#1997,0.39266);
#1999=LINE('',#724,#1998);
#2000=EDGE_CURVE('',#725,#727,#1999,.T.);
#2001=ORIENTED_EDGE('',*,*,#2000,.F.);
#2002=DIRECTION('',(0.817585,0.575808,0));
#2003=VECTOR('',#2002,0.39266);
#2004=LINE('',#690,#2003);
#2005=EDGE_CURVE('',#691,#725,#2004,.T.);
#2006=ORIENTED_EDGE('',*,*,#2005,.F.);
#2007=DIRECTION('',(0.844853,0.534998,0));
#2008=VECTOR('',#2007,0.39266);
#2009=LINE('',#688,#2008);
#2010=EDGE_CURVE('',#689,#691,#2009,.T.);
#2011=ORIENTED_EDGE('',*,*,#2010,.F.);
#2012=DIRECTION('',(0.870087,0.492899,0));
#2013=VECTOR('',#2012,0.39266);
#2014=LINE('',#686,#2013);
#2015=EDGE_CURVE('',#687,#689,#2014,.T.);
#2016=ORIENTED_EDGE('',*,*,#2015,.F.);
#2017=DIRECTION('',(0.893224,0.449611,0));
#2018=VECTOR('',#2017,0.39266);
#2019=LINE('',#684,#2018);
#2020=EDGE_CURVE('',#685,#687,#2019,.T.);
#2021=ORIENTED_EDGE('',*,*,#2020,.F.);
#2022=DIRECTION('',(0.91421,0.40524,0));
#2023=VECTOR('',#2022,0.392659);
#2024=LINE('',#682,#2023);
#2025=EDGE_CURVE('',#683,#685,#2024,.T.);
#2026=ORIENTED_EDGE('',*,*,#2025,.F.);
#2027=DIRECTION('',(0.932993,0.359895,0));
#2028=VECTOR('',#2027,0.39266);
#2029=LINE('',#680,#2028);
#2030=EDGE_CURVE('',#681,#683,#2029,.T.);
#2031=ORIENTED_EDGE('',*,*,#2030,.F.);
#2032=DIRECTION('',(0.949528,0.313682,0));
#2033=VECTOR('',#2032,0.39266);
#2034=LINE('',#678,#2033);
#2035=EDGE_CURVE('',#679,#681,#2034,.T.);
#2036=ORIENTED_EDGE('',*,*,#2035,.F.);
#2037=DIRECTION('',(0.963776,0.266713,0));
#2038=VECTOR('',#2037,0.39266);
#2039=LINE('',#676,#2038);
#2040=EDGE_CURVE('',#677,#679,#2039,.T.);
#2041=ORIENTED_EDGE('',*,*,#2040,.F.);
#2042=DIRECTION('',(0.975702,0.219101,0));
#2043=VECTOR('',#2042,0.39266);
#2044=LINE('',#674,#2043);
#2045=EDGE_CURVE('',#675,#677,#2044,.T.);
#2046=ORIENTED_EDGE('',*,*,#2045,.F.);
#2047=DIRECTION('',(0.985278,0.170962,0));
#2048=VECTOR('',#2047,0.39266);
#2049=LINE('',#672,#2048);
#2050=EDGE_CURVE('',#673,#675,#2049,.T.);
#2051=ORIENTED_EDGE('',*,*,#2050,.F.);
#2052=DIRECTION('',(0.99248,0.122411,0));
#2053=VECTOR('',#2052,0.39266);
#2054=LINE('',#670,#2053);
#2055=EDGE_CURVE('',#671,#673,#2054,.T.);
#2056=ORIENTED_EDGE('',*,*,#2055,.F.);
#2057=DIRECTION('',(0.99729,0.073565,0));
#2058=VECTOR('',#2057,0.39266);
#2059=LINE('',#668,#2058);
#2060=EDGE_CURVE('',#669,#671,#2059,.T.);
#2061=ORIENTED_EDGE('',*,*,#2060,.F.);
#2062=DIRECTION('',(0.999699,0.024541,0));
#2063=VECTOR('',#2062,0.39266);
#2064=LINE('',#666,#2063);
#2065=EDGE_CURVE('',#667,#669,#2064,.T.);
#2066=ORIENTED_EDGE('',*,*,#2065,.F.);
#2067=DIRECTION('',(0.999699,-0.024541,0));
#2068=VECTOR('',#2067,0.39266);
#2069=LINE('',#74,#2068);
#2070=EDGE_CURVE('',#75,#667,#2069,.T.);
#2071=ORIENTED_EDGE('',*,*,#2070,.F.);
#2072=DIRECTION('',(0.99729,-0.073565,0));
#2073=VECTOR('',#2072,0.39266);
#2074=LINE('',#72,#2073);
#2075=EDGE_CURVE('',#73,#75,#2074,.T.);
#2076=ORIENTED_EDGE('',*,*,#2075,.F.);
#2077=DIRECTION('',(0.99248,-0.122411,0));
#2078=VECTOR('',#2077,0.39266);
#2079=LINE('',#66,#2078);
#2080=EDGE_CURVE('',#67,#73,#2079,.T.);
#2081=ORIENTED_EDGE('',*,*,#2080,.F.);
#2082=DIRECTION('',(-0.985278,0.170962,0));
#2083=VECTOR('',#2082,0.39266);
#2084=LINE('',#66,#2083);
#2085=EDGE_CURVE('',#67,#71,#2084,.T.);
#2086=ORIENTED_EDGE('',*,*,#2085,.T.);
#2087=DIRECTION('',(0.975702,-0.219101,0));
#2088=VECTOR('',#2087,0.39266);
#2089=LINE('',#68,#2088);
#2090=EDGE_CURVE('',#69,#71,#2089,.T.);
#2091=ORIENTED_EDGE('',*,*,#2090,.F.);
#2092=DIRECTION('',(0.963776,-0.266713,0));
#2093=VECTOR('',#2092,0.39266);
#2094=LINE('',#62,#2093);
#2095=EDGE_CURVE('',#63,#69,#2094,.T.);
#2096=ORIENTED_EDGE('',*,*,#2095,.F.);
#2097=DIRECTION('',(0.949528,-0.313682,0));
#2098=VECTOR('',#2097,0.39266);
#2099=LINE('',#60,#2098);
#2100=EDGE_CURVE('',#61,#63,#2099,.T.);
#2101=ORIENTED_EDGE('',*,*,#2100,.F.);
#2102=DIRECTION('',(0.932993,-0.359895,0));
#2103=VECTOR('',#2102,0.39266);
#2104=LINE('',#58,#2103);
#2105=EDGE_CURVE('',#59,#61,#2104,.T.);
#2106=ORIENTED_EDGE('',*,*,#2105,.F.);
#2107=DIRECTION('',(0.91421,-0.40524,0));
#2108=VECTOR('',#2107,0.392659);
#2109=LINE('',#56,#2108);
#2110=EDGE_CURVE('',#57,#59,#2109,.T.);
#2111=ORIENTED_EDGE('',*,*,#2110,.F.);
#2112=DIRECTION('',(0.893224,-0.449611,0));
#2113=VECTOR('',#2112,0.39266);
#2114=LINE('',#54,#2113);
#2115=EDGE_CURVE('',#55,#57,#2114,.T.);
#2116=ORIENTED_EDGE('',*,*,#2115,.F.);
#2117=DIRECTION('',(0.870087,-0.492899,0));
#2118=VECTOR('',#2117,0.39266);
#2119=LINE('',#52,#2118);
#2120=EDGE_CURVE('',#53,#55,#2119,.T.);
#2121=ORIENTED_EDGE('',*,*,#2120,.F.);
#2122=DIRECTION('',(-0.844853,0.534998,0));
#2123=VECTOR('',#2122,0.39266);
#2124=LINE('',#52,#2123);
#2125=EDGE_CURVE('',#53,#65,#2124,.T.);
#2126=ORIENTED_EDGE('',*,*,#2125,.T.);
#2127=ORIENTED_EDGE('',*,*,#1508,.F.);
#2128=ORIENTED_EDGE('',*,*,#1485,.F.);
#2129=ORIENTED_EDGE('',*,*,#1457,.F.);
#2130=EDGE_LOOP('',(#1522,#1523,#1524,#1525,#1526,#1531,#1536,#1541,#1546,#1551,#1556,#1561,#1566,#1571,#1576,#1581,#1586,#1591,#1596,#1601,#1606,#1611,#1616,#1621,#1626,#1631,#1636,#1641,#1646,#1651,#1656,#1661,#1666,#1671,#1676,#1681,#1686,#1691,#1696,#1701,#1706,#1711,#1716,#1721,#1726,#1731,#1736,#1741,#1746,#1751,#1756,#1761,#1766,#1771,#1776,#1781,#1786,#1791,#1796,#1801,#1806,#1811,#1816,#1821,#1826,#1831,#1836,#1841,#1846,#1851,#1856,#1861,#1866,#1871,#1876,#1881,#1886,#1891,#1896,#1901,#1906,#1911,#1916,#1921,#1926,#1931,#1936,#1941,#1946,#1951,#1956,#1961,#1966,#1971,#1976,#1981,#1986,#1991,#1996,#2001,#2006,#2011,#2016,#2021,#2026,#2031,#2036,#2041,#2046,#2051,#2056,#2061,#2066,#2071,#2076,#2081,#2086,#2091,#2096,#2101,#2106,#2111,#2116,#2121,#2126,#2127,#2128,#2129));
#2131=FACE_OUTER_BOUND('',#2130,.T.);
#2132=DIRECTION('',(0.514103,0.857729,0));
#2133=VECTOR('',#2132,0.245338);
#2134=LINE('',#712,#2133);
#2135=EDGE_CURVE('',#713,#715,#2134,.T.);
#2136=ORIENTED_EDGE('',*,*,#2135,.T.);
#2137=DIRECTION('',(0.427555,0.903989,0));
#2138=VECTOR('',#2137,0.245338);
#2139=LINE('',#714,#2138);
#2140=EDGE_CURVE('',#715,#717,#2139,.T.);
#2141=ORIENTED_EDGE('',*,*,#2140,.T.);
#2142=DIRECTION('',(0.33689,0.941544,0));
#2143=VECTOR('',#2142,0.245338);
#2144=LINE('',#716,#2143);
#2145=EDGE_CURVE('',#717,#719,#2144,.T.);
#2146=ORIENTED_EDGE('',*,*,#2145,.T.);
#2147=DIRECTION('',(0.24298,0.970031,0));
#2148=VECTOR('',#2147,0.245338);
#2149=LINE('',#718,#2148);
#2150=EDGE_CURVE('',#719,#721,#2149,.T.);
#2151=ORIENTED_EDGE('',*,*,#2150,.T.);
#2152=DIRECTION('',(0.14673,0.989177,0));
#2153=VECTOR('',#2152,0.245338);
#2154=LINE('',#720,#2153);
#2155=EDGE_CURVE('',#721,#723,#2154,.T.);
#2156=ORIENTED_EDGE('',*,*,#2155,.T.);
#2157=DIRECTION('',(0.049068,0.998795,0));
#2158=VECTOR('',#2157,0.245338);
#2159=LINE('',#722,#2158);
#2160=EDGE_CURVE('',#723,#1019,#2159,.T.);
#2161=ORIENTED_EDGE('',*,*,#2160,.T.);
#2162=DIRECTION('',(-0.049068,0.998795,0));
#2163=VECTOR('',#2162,0.245338);
#2164=LINE('',#1018,#2163);
#2165=EDGE_CURVE('',#1019,#1021,#2164,.T.);
#2166=ORIENTED_EDGE('',*,*,#2165,.T.);
#2167=DIRECTION('',(-0.14673,0.989177,0));
#2168=VECTOR('',#2167,0.245338);
#2169=LINE('',#1020,#2168);
#2170=EDGE_CURVE('',#1021,#1023,#2169,.T.);
#2171=ORIENTED_EDGE('',*,*,#2170,.T.);
#2172=DIRECTION('',(-0.24298,0.970031,0));
#2173=VECTOR('',#2172,0.245338);
#2174=LINE('',#1022,#2173);
#2175=EDGE_CURVE('',#1023,#1025,#2174,.T.);
#2176=ORIENTED_EDGE('',*,*,#2175,.T.);
#2177=DIRECTION('',(-0.33689,0.941544,0));
#2178=VECTOR('',#2177,0.245338);
#2179=LINE('',#1024,#2178);
#2180=EDGE_CURVE('',#1025,#1027,#2179,.T.);
#2181=ORIENTED_EDGE('',*,*,#2180,.T.);
#2182=DIRECTION('',(0.427555,-0.903989,0));
#2183=VECTOR('',#2182,0.245338);
#2184=LINE('',#1004,#2183);
#2185=EDGE_CURVE('',#1005,#1027,#2184,.T.);
#2186=ORIENTED_EDGE('',*,*,#2185,.F.);
#2187=DIRECTION('',(0.514103,-0.857729,0));
#2188=VECTOR('',#2187,0.245338);
#2189=LINE('',#1002,#2188);
#2190=EDGE_CURVE('',#1003,#1005,#2189,.T.);
#2191=ORIENTED_EDGE('',*,*,#2190,.F.);
#2192=DIRECTION('',(0.5957,-0.803207,0));
#2193=VECTOR('',#2192,0.245338);
#2194=LINE('',#1000,#2193);
#2195=EDGE_CURVE('',#1001,#1003,#2194,.T.);
#2196=ORIENTED_EDGE('',*,*,#2195,.F.);
#2197=DIRECTION('',(-0.671559,0.740951,0));
#2198=VECTOR('',#2197,0.245338);
#2199=LINE('',#1000,#2198);
#2200=EDGE_CURVE('',#1001,#1007,#2199,.T.);
#2201=ORIENTED_EDGE('',*,*,#2200,.T.);
#2202=DIRECTION('',(0.740951,-0.671559,0));
#2203=VECTOR('',#2202,0.245338);
#2204=LINE('',#998,#2203);
#2205=EDGE_CURVE('',#999,#1007,#2204,.T.);
#2206=ORIENTED_EDGE('',*,*,#2205,.F.);
#2207=DIRECTION('',(0.803207,-0.5957,0));
#2208=VECTOR('',#2207,0.245338);
#2209=LINE('',#996,#2208);
#2210=EDGE_CURVE('',#997,#999,#2209,.T.);
#2211=ORIENTED_EDGE('',*,*,#2210,.F.);
#2212=DIRECTION('',(0.857729,-0.514103,0));
#2213=VECTOR('',#2212,0.245338);
#2214=LINE('',#994,#2213);
#2215=EDGE_CURVE('',#995,#997,#2214,.T.);
#2216=ORIENTED_EDGE('',*,*,#2215,.F.);
#2217=DIRECTION('',(-0.903989,0.427555,0));
#2218=VECTOR('',#2217,0.245338);
#2219=LINE('',#994,#2218);
#2220=EDGE_CURVE('',#995,#1017,#2219,.T.);
#2221=ORIENTED_EDGE('',*,*,#2220,.T.);
#2222=DIRECTION('',(0.941544,-0.33689,0));
#2223=VECTOR('',#2222,0.245338);
#2224=LINE('',#1014,#2223);
#2225=EDGE_CURVE('',#1015,#1017,#2224,.T.);
#2226=ORIENTED_EDGE('',*,*,#2225,.F.);
#2227=DIRECTION('',(0.970031,-0.24298,0));
#2228=VECTOR('',#2227,0.245338);
#2229=LINE('',#1012,#2228);
#2230=EDGE_CURVE('',#1013,#1015,#2229,.T.);
#2231=ORIENTED_EDGE('',*,*,#2230,.F.);
#2232=DIRECTION('',(0.989177,-0.14673,0));
#2233=VECTOR('',#2232,0.245338);
#2234=LINE('',#1010,#2233);
#2235=EDGE_CURVE('',#1011,#1013,#2234,.T.);
#2236=ORIENTED_EDGE('',*,*,#2235,.F.);
#2237=DIRECTION('',(0.998795,-0.049068,0));
#2238=VECTOR('',#2237,0.245338);
#2239=LINE('',#1008,#2238);
#2240=EDGE_CURVE('',#1009,#1011,#2239,.T.);
#2241=ORIENTED_EDGE('',*,*,#2240,.F.);
#2242=DIRECTION('',(0.998795,0.049068,0));
#2243=VECTOR('',#2242,0.245338);
#2244=LINE('',#408,#2243);
#2245=EDGE_CURVE('',#409,#1009,#2244,.T.);
#2246=ORIENTED_EDGE('',*,*,#2245,.F.);
#2247=DIRECTION('',(0.989177,0.14673,0));
#2248=VECTOR('',#2247,0.245338);
#2249=LINE('',#406,#2248);
#2250=EDGE_CURVE('',#407,#409,#2249,.T.);
#2251=ORIENTED_EDGE('',*,*,#2250,.F.);
#2252=DIRECTION('',(0.970031,0.24298,0));
#2253=VECTOR('',#2252,0.245338);
#2254=LINE('',#404,#2253);
#2255=EDGE_CURVE('',#405,#407,#2254,.T.);
#2256=ORIENTED_EDGE('',*,*,#2255,.F.);
#2257=DIRECTION('',(0.941544,0.33689,0));
#2258=VECTOR('',#2257,0.245338);
#2259=LINE('',#402,#2258);
#2260=EDGE_CURVE('',#403,#405,#2259,.T.);
#2261=ORIENTED_EDGE('',*,*,#2260,.F.);
#2262=DIRECTION('',(0.903989,0.427555,0));
#2263=VECTOR('',#2262,0.245338);
#2264=LINE('',#400,#2263);
#2265=EDGE_CURVE('',#401,#403,#2264,.T.);
#2266=ORIENTED_EDGE('',*,*,#2265,.F.);
#2267=DIRECTION('',(0.857729,0.514103,0));
#2268=VECTOR('',#2267,0.245338);
#2269=LINE('',#398,#2268);
#2270=EDGE_CURVE('',#399,#401,#2269,.T.);
#2271=ORIENTED_EDGE('',*,*,#2270,.F.);
#2272=DIRECTION('',(0.803207,0.5957,0));
#2273=VECTOR('',#2272,0.245338);
#2274=LINE('',#396,#2273);
#2275=EDGE_CURVE('',#397,#399,#2274,.T.);
#2276=ORIENTED_EDGE('',*,*,#2275,.F.);
#2277=DIRECTION('',(0.740951,0.671559,0));
#2278=VECTOR('',#2277,0.245338);
#2279=LINE('',#394,#2278);
#2280=EDGE_CURVE('',#395,#397,#2279,.T.);
#2281=ORIENTED_EDGE('',*,*,#2280,.F.);
#2282=DIRECTION('',(0.671559,0.740951,0));
#2283=VECTOR('',#2282,0.245338);
#2284=LINE('',#392,#2283);
#2285=EDGE_CURVE('',#393,#395,#2284,.T.);
#2286=ORIENTED_EDGE('',*,*,#2285,.F.);
#2287=DIRECTION('',(0.5957,0.803207,0));
#2288=VECTOR('',#2287,0.245338);
#2289=LINE('',#390,#2288);
#2290=EDGE_CURVE('',#391,#393,#2289,.T.);
#2291=ORIENTED_EDGE('',*,*,#2290,.F.);
#2292=DIRECTION('',(0.514103,0.857729,0));
#2293=VECTOR('',#2292,0.245338);
#2294=LINE('',#388,#2293);
#2295=EDGE_CURVE('',#389,#391,#2294,.T.);
#2296=ORIENTED_EDGE('',*,*,#2295,.F.);
#2297=DIRECTION('',(0.427555,0.903989,0));
#2298=VECTOR('',#2297,0.245338);
#2299=LINE('',#386,#2298);
#2300=EDGE_CURVE('',#387,#389,#2299,.T.);
#2301=ORIENTED_EDGE('',*,*,#2300,.F.);
#2302=DIRECTION('',(0.33689,0.941544,0));
#2303=VECTOR('',#2302,0.245338);
#2304=LINE('',#384,#2303);
#2305=EDGE_CURVE('',#385,#387,#2304,.T.);
#2306=ORIENTED_EDGE('',*,*,#2305,.F.);
#2307=DIRECTION('',(0.24298,0.970031,0));
#2308=VECTOR('',#2307,0.245338);
#2309=LINE('',#382,#2308);
#2310=EDGE_CURVE('',#383,#385,#2309,.T.);
#2311=ORIENTED_EDGE('',*,*,#2310,.F.);
#2312=DIRECTION('',(0.14673,0.989177,0));
#2313=VECTOR('',#2312,0.245338);
#2314=LINE('',#380,#2313);
#2315=EDGE_CURVE('',#381,#383,#2314,.T.);
#2316=ORIENTED_EDGE('',*,*,#2315,.F.);
#2317=DIRECTION('',(0.049068,0.998795,0));
#2318=VECTOR('',#2317,0.245338);
#2319=LINE('',#378,#2318);
#2320=EDGE_CURVE('',#379,#381,#2319,.T.);
#2321=ORIENTED_EDGE('',*,*,#2320,.F.);
#2322=DIRECTION('',(-0.049068,0.998795,0));
#2323=VECTOR('',#2322,0.245338);
#2324=LINE('',#82,#2323);
#2325=EDGE_CURVE('',#83,#379,#2324,.T.);
#2326=ORIENTED_EDGE('',*,*,#2325,.F.);
#2327=DIRECTION('',(-0.14673,0.989177,0));
#2328=VECTOR('',#2327,0.245338);
#2329=LINE('',#80,#2328);
#2330=EDGE_CURVE('',#81,#83,#2329,.T.);
#2331=ORIENTED_EDGE('',*,*,#2330,.F.);
#2332=DIRECTION('',(-0.24298,0.970031,0));
#2333=VECTOR('',#2332,0.245338);
#2334=LINE('',#78,#2333);
#2335=EDGE_CURVE('',#79,#81,#2334,.T.);
#2336=ORIENTED_EDGE('',*,*,#2335,.F.);
#2337=DIRECTION('',(-0.33689,0.941544,0));
#2338=VECTOR('',#2337,0.245338);
#2339=LINE('',#76,#2338);
#2340=EDGE_CURVE('',#77,#79,#2339,.T.);
#2341=ORIENTED_EDGE('',*,*,#2340,.F.);
#2342=DIRECTION('',(0.427555,-0.903989,0));
#2343=VECTOR('',#2342,0.245338);
#2344=LINE('',#76,#2343);
#2345=EDGE_CURVE('',#77,#95,#2344,.T.);
#2346=ORIENTED_EDGE('',*,*,#2345,.T.);
#2347=DIRECTION('',(0.514103,-0.857729,0));
#2348=VECTOR('',#2347,0.245338);
#2349=LINE('',#94,#2348);
#2350=EDGE_CURVE('',#95,#97,#2349,.T.);
#2351=ORIENTED_EDGE('',*,*,#2350,.T.);
#2352=DIRECTION('',(0.5957,-0.803207,0));
#2353=VECTOR('',#2352,0.245338);
#2354=LINE('',#96,#2353);
#2355=EDGE_CURVE('',#97,#99,#2354,.T.);
#2356=ORIENTED_EDGE('',*,*,#2355,.T.);
#2357=DIRECTION('',(-0.671559,0.740951,0));
#2358=VECTOR('',#2357,0.245338);
#2359=LINE('',#92,#2358);
#2360=EDGE_CURVE('',#93,#99,#2359,.T.);
#2361=ORIENTED_EDGE('',*,*,#2360,.F.);
#2362=DIRECTION('',(0.740951,-0.671559,0));
#2363=VECTOR('',#2362,0.245338);
#2364=LINE('',#92,#2363);
#2365=EDGE_CURVE('',#93,#101,#2364,.T.);
#2366=ORIENTED_EDGE('',*,*,#2365,.T.);
#2367=DIRECTION('',(0.803207,-0.5957,0));
#2368=VECTOR('',#2367,0.245338);
#2369=LINE('',#100,#2368);
#2370=EDGE_CURVE('',#101,#103,#2369,.T.);
#2371=ORIENTED_EDGE('',*,*,#2370,.T.);
#2372=DIRECTION('',(0.857729,-0.514103,0));
#2373=VECTOR('',#2372,0.245338);
#2374=LINE('',#102,#2373);
#2375=EDGE_CURVE('',#103,#105,#2374,.T.);
#2376=ORIENTED_EDGE('',*,*,#2375,.T.);
#2377=DIRECTION('',(-0.903989,0.427555,0));
#2378=VECTOR('',#2377,0.245338);
#2379=LINE('',#84,#2378);
#2380=EDGE_CURVE('',#85,#105,#2379,.T.);
#2381=ORIENTED_EDGE('',*,*,#2380,.F.);
#2382=DIRECTION('',(0.941544,-0.33689,0));
#2383=VECTOR('',#2382,0.245338);
#2384=LINE('',#84,#2383);
#2385=EDGE_CURVE('',#85,#87,#2384,.T.);
#2386=ORIENTED_EDGE('',*,*,#2385,.T.);
#2387=DIRECTION('',(0.970031,-0.24298,0));
#2388=VECTOR('',#2387,0.245338);
#2389=LINE('',#86,#2388);
#2390=EDGE_CURVE('',#87,#89,#2389,.T.);
#2391=ORIENTED_EDGE('',*,*,#2390,.T.);
#2392=DIRECTION('',(0.989177,-0.14673,0));
#2393=VECTOR('',#2392,0.245338);
#2394=LINE('',#88,#2393);
#2395=EDGE_CURVE('',#89,#91,#2394,.T.);
#2396=ORIENTED_EDGE('',*,*,#2395,.T.);
#2397=DIRECTION('',(0.998795,-0.049068,0));
#2398=VECTOR('',#2397,0.245338);
#2399=LINE('',#90,#2398);
#2400=EDGE_CURVE('',#91,#693,#2399,.T.);
#2401=ORIENTED_EDGE('',*,*,#2400,.T.);
#2402=DIRECTION('',(0.998795,0.049068,0));
#2403=VECTOR('',#2402,0.245338);
#2404=LINE('',#692,#2403);
#2405=EDGE_CURVE('',#693,#695,#2404,.T.);
#2406=ORIENTED_EDGE('',*,*,#2405,.T.);
#2407=DIRECTION('',(0.989177,0.14673,0));
#2408=VECTOR('',#2407,0.245338);
#2409=LINE('',#694,#2408);
#2410=EDGE_CURVE('',#695,#697,#2409,.T.);
#2411=ORIENTED_EDGE('',*,*,#2410,.T.);
#2412=DIRECTION('',(0.970031,0.24298,0));
#2413=VECTOR('',#2412,0.245338);
#2414=LINE('',#696,#2413);
#2415=EDGE_CURVE('',#697,#699,#2414,.T.);
#2416=ORIENTED_EDGE('',*,*,#2415,.T.);
#2417=DIRECTION('',(0.941544,0.33689,0));
#2418=VECTOR('',#2417,0.245338);
#2419=LINE('',#698,#2418);
#2420=EDGE_CURVE('',#699,#701,#2419,.T.);
#2421=ORIENTED_EDGE('',*,*,#2420,.T.);
#2422=DIRECTION('',(0.903989,0.427555,0));
#2423=VECTOR('',#2422,0.245338);
#2424=LINE('',#700,#2423);
#2425=EDGE_CURVE('',#701,#703,#2424,.T.);
#2426=ORIENTED_EDGE('',*,*,#2425,.T.);
#2427=DIRECTION('',(0.857729,0.514103,0));
#2428=VECTOR('',#2427,0.245338);
#2429=LINE('',#702,#2428);
#2430=EDGE_CURVE('',#703,#705,#2429,.T.);
#2431=ORIENTED_EDGE('',*,*,#2430,.T.);
#2432=DIRECTION('',(0.803207,0.5957,0));
#2433=VECTOR('',#2432,0.245338);
#2434=LINE('',#704,#2433);
#2435=EDGE_CURVE('',#705,#707,#2434,.T.);
#2436=ORIENTED_EDGE('',*,*,#2435,.T.);
#2437=DIRECTION('',(0.740951,0.671559,0));
#2438=VECTOR('',#2437,0.245338);
#2439=LINE('',#706,#2438);
#2440=EDGE_CURVE('',#707,#709,#2439,.T.);
#2441=ORIENTED_EDGE('',*,*,#2440,.T.);
#2442=DIRECTION('',(0.671559,0.740951,0));
#2443=VECTOR('',#2442,0.245338);
#2444=LINE('',#708,#2443);
#2445=EDGE_CURVE('',#709,#711,#2444,.T.);
#2446=ORIENTED_EDGE('',*,*,#2445,.T.);
#2447=DIRECTION('',(0.5957,0.803207,0));
#2448=VECTOR('',#2447,0.245338);
#2449=LINE('',#710,#2448);
#2450=EDGE_CURVE('',#711,#713,#2449,.T.);
#2451=ORIENTED_EDGE('',*,*,#2450,.T.);
#2452=EDGE_LOOP('',(#2136,#2141,#2146,#2151,#2156,#2161,#2166,#2171,#2176,#2181,#2186,#2191,#2196,#2201,#2206,#2211,#2216,#2221,#2226,#2231,#2236,#2241,#2246,#2251,#2256,#2261,#2266,#2271,#2276,#2281,#2286,#2291,#2296,#2301,#2306,#2311,#2316,#2321,#2326,#2331,#2336,#2341,#2346,#2351,#2356,#2361,#2366,#2371,#2376,#2381,#2386,#2391,#2396,#2401,#2406,#2411,#2416,#2421,#2426,#2431,#2436,#2441,#2446,#2451));
#2453=FACE_BOUND('',#2452,.T.);
#2454=ADVANCED_FACE('',(#2131,#2453),#1521,.T.);
#2455=DIRECTION('',(-0.844853,-0.534998,0));
#2456=DIRECTION('',(0,-0,-1));
#2457=AXIS2_PLACEMENT_3D('',#50,#2455,#2456);
#2458=PLANE('',#2457);
#2459=ORIENTED_EDGE('',*,*,#1352,.T.);
#2460=DIRECTION('',(0.534998,-0.844853,0));
#2461=VECTOR('',#2460,0.39266);
#2462=LINE('',#174,#2461);
#2463=EDGE_CURVE('',#175,#227,#2462,.T.);
#2464=ORIENTED_EDGE('',*,*,#2463,.F.);
#2465=DIRECTION('',(0,0,1));
#2466=VECTOR('',#2465,4);
#2467=LINE('',#28,#2466);
#2468=EDGE_CURVE('',#29,#175,#2467,.T.);
#2469=ORIENTED_EDGE('',*,*,#2468,.F.);
#2470=ORIENTED_EDGE('',*,*,#1530,.T.);
#2471=EDGE_LOOP('',(#2459,#2464,#2469,#2470));
#2472=FACE_OUTER_BOUND('',#2471,.T.);
#2473=ADVANCED_FACE('',(#2472),#2458,.T.);
#2474=DIRECTION('',(-0.893224,-0.449611,0));
#2475=DIRECTION('',(0,-0,-1));
#2476=AXIS2_PLACEMENT_3D('',#30,#2474,#2475);
#2477=PLANE('',#2476);
#2478=DIRECTION('',(0,0,1));
#2479=VECTOR('',#2478,4);
#2480=LINE('',#30,#2479);
#2481=EDGE_CURVE('',#31,#177,#2480,.T.);
#2482=ORIENTED_EDGE('',*,*,#2481,.T.);
#2483=DIRECTION('',(-0.449611,0.893224,0));
#2484=VECTOR('',#2483,0.39266);
#2485=LINE('',#176,#2484);
#2486=EDGE_CURVE('',#177,#179,#2485,.T.);
#2487=ORIENTED_EDGE('',*,*,#2486,.T.);
#2488=DIRECTION('',(0,0,1));
#2489=VECTOR('',#2488,4);
#2490=LINE('',#32,#2489);
#2491=EDGE_CURVE('',#33,#179,#2490,.T.);
#2492=ORIENTED_EDGE('',*,*,#2491,.F.);
#2493=ORIENTED_EDGE('',*,*,#1540,.F.);
#2494=EDGE_LOOP('',(#2482,#2487,#2492,#2493));
#2495=FACE_OUTER_BOUND('',#2494,.T.);
#2496=ADVANCED_FACE('',(#2495),#2477,.T.);
#2497=DIRECTION('',(-0.870087,-0.492899,0));
#2498=DIRECTION('',(0,-0,-1));
#2499=AXIS2_PLACEMENT_3D('',#174,#2497,#2498);
#2500=PLANE('',#2499);
#2501=DIRECTION('',(-0.492899,0.870087,0));
#2502=VECTOR('',#2501,0.39266);
#2503=LINE('',#174,#2502);
#2504=EDGE_CURVE('',#175,#177,#2503,.T.);
#2505=ORIENTED_EDGE('',*,*,#2504,.T.);
#2506=ORIENTED_EDGE('',*,*,#2481,.F.);
#2507=ORIENTED_EDGE('',*,*,#1535,.F.);
#2508=ORIENTED_EDGE('',*,*,#2468,.T.);
#2509=EDGE_LOOP('',(#2505,#2506,#2507,#2508));
#2510=FACE_OUTER_BOUND('',#2509,.T.);
#2511=ADVANCED_FACE('',(#2510),#2500,.T.);
#2512=DIRECTION('',(-0.91421,-0.40524,0));
#2513=DIRECTION('',(0,-0,1));
#2514=AXIS2_PLACEMENT_3D('',#180,#2512,#2513);
#2515=PLANE('',#2514);
#2516=DIRECTION('',(0,0,1));
#2517=VECTOR('',#2516,4);
#2518=LINE('',#34,#2517);
#2519=EDGE_CURVE('',#35,#181,#2518,.T.);
#2520=ORIENTED_EDGE('',*,*,#2519,.F.);
#2521=ORIENTED_EDGE('',*,*,#1545,.F.);
#2522=ORIENTED_EDGE('',*,*,#2491,.T.);
#2523=DIRECTION('',(-0.40524,0.91421,0));
#2524=VECTOR('',#2523,0.392659);
#2525=LINE('',#178,#2524);
#2526=EDGE_CURVE('',#179,#181,#2525,.T.);
#2527=ORIENTED_EDGE('',*,*,#2526,.T.);
#2528=EDGE_LOOP('',(#2520,#2521,#2522,#2527));
#2529=FACE_OUTER_BOUND('',#2528,.T.);
#2530=ADVANCED_FACE('',(#2529),#2515,.T.);
#2531=DIRECTION('',(-0.932993,-0.359895,0));
#2532=DIRECTION('',(0,-0,1));
#2533=AXIS2_PLACEMENT_3D('',#38,#2531,#2532);
#2534=PLANE('',#2533);
#2535=ORIENTED_EDGE('',*,*,#1550,.F.);
#2536=ORIENTED_EDGE('',*,*,#2519,.T.);
#2537=DIRECTION('',(-0.359895,0.932993,0));
#2538=VECTOR('',#2537,0.39266);
#2539=LINE('',#180,#2538);
#2540=EDGE_CURVE('',#181,#185,#2539,.T.);
#2541=ORIENTED_EDGE('',*,*,#2540,.T.);
#2542=DIRECTION('',(0,0,1));
#2543=VECTOR('',#2542,4);
#2544=LINE('',#38,#2543);
#2545=EDGE_CURVE('',#39,#185,#2544,.T.);
#2546=ORIENTED_EDGE('',*,*,#2545,.F.);
#2547=EDGE_LOOP('',(#2535,#2536,#2541,#2546));
#2548=FACE_OUTER_BOUND('',#2547,.T.);
#2549=ADVANCED_FACE('',(#2548),#2534,.T.);
#2550=DIRECTION('',(-0.949528,-0.313682,0));
#2551=DIRECTION('',(0,-0,1));
#2552=AXIS2_PLACEMENT_3D('',#184,#2550,#2551);
#2553=PLANE('',#2552);
#2554=DIRECTION('',(0.313682,-0.949528,0));
#2555=VECTOR('',#2554,0.39266);
#2556=LINE('',#182,#2555);
#2557=EDGE_CURVE('',#183,#185,#2556,.T.);
#2558=ORIENTED_EDGE('',*,*,#2557,.F.);
#2559=DIRECTION('',(0,0,1));
#2560=VECTOR('',#2559,4);
#2561=LINE('',#36,#2560);
#2562=EDGE_CURVE('',#37,#183,#2561,.T.);
#2563=ORIENTED_EDGE('',*,*,#2562,.F.);
#2564=ORIENTED_EDGE('',*,*,#1555,.T.);
#2565=ORIENTED_EDGE('',*,*,#2545,.T.);
#2566=EDGE_LOOP('',(#2558,#2563,#2564,#2565));
#2567=FACE_OUTER_BOUND('',#2566,.T.);
#2568=ADVANCED_FACE('',(#2567),#2553,.T.);
#2569=DIRECTION('',(-0.985278,-0.170962,0));
#2570=DIRECTION('',(0,-0,1));
#2571=AXIS2_PLACEMENT_3D('',#202,#2569,#2570);
#2572=PLANE('',#2571);
#2573=DIRECTION('',(0,0,1));
#2574=VECTOR('',#2573,4);
#2575=LINE('',#40,#2574);
#2576=EDGE_CURVE('',#41,#203,#2575,.T.);
#2577=ORIENTED_EDGE('',*,*,#2576,.F.);
#2578=ORIENTED_EDGE('',*,*,#1570,.T.);
#2579=DIRECTION('',(0,0,1));
#2580=VECTOR('',#2579,4);
#2581=LINE('',#48,#2580);
#2582=EDGE_CURVE('',#49,#215,#2581,.T.);
#2583=ORIENTED_EDGE('',*,*,#2582,.T.);
#2584=DIRECTION('',(0.170962,-0.985278,0));
#2585=VECTOR('',#2584,0.39266);
#2586=LINE('',#202,#2585);
#2587=EDGE_CURVE('',#203,#215,#2586,.T.);
#2588=ORIENTED_EDGE('',*,*,#2587,.F.);
#2589=EDGE_LOOP('',(#2577,#2578,#2583,#2588));
#2590=FACE_OUTER_BOUND('',#2589,.T.);
#2591=ADVANCED_FACE('',(#2590),#2572,.T.);
#2592=DIRECTION('',(-0.99248,-0.122411,0));
#2593=DIRECTION('',(0,-0,1));
#2594=AXIS2_PLACEMENT_3D('',#208,#2592,#2593);
#2595=PLANE('',#2594);
#2596=DIRECTION('',(0,0,1));
#2597=VECTOR('',#2596,4);
#2598=LINE('',#42,#2597);
#2599=EDGE_CURVE('',#43,#209,#2598,.T.);
#2600=ORIENTED_EDGE('',*,*,#2599,.F.);
#2601=ORIENTED_EDGE('',*,*,#1575,.F.);
#2602=ORIENTED_EDGE('',*,*,#2576,.T.);
#2603=DIRECTION('',(-0.122411,0.99248,0));
#2604=VECTOR('',#2603,0.39266);
#2605=LINE('',#202,#2604);
#2606=EDGE_CURVE('',#203,#209,#2605,.T.);
#2607=ORIENTED_EDGE('',*,*,#2606,.T.);
#2608=EDGE_LOOP('',(#2600,#2601,#2602,#2607));
#2609=FACE_OUTER_BOUND('',#2608,.T.);
#2610=ADVANCED_FACE('',(#2609),#2595,.T.);
#2611=DIRECTION('',(-0.99729,-0.073565,0));
#2612=DIRECTION('',(0,-0,1));
#2613=AXIS2_PLACEMENT_3D('',#44,#2611,#2612);
#2614=PLANE('',#2613);
#2615=ORIENTED_EDGE('',*,*,#1580,.F.);
#2616=ORIENTED_EDGE('',*,*,#2599,.T.);
#2617=DIRECTION('',(-0.073565,0.99729,0));
#2618=VECTOR('',#2617,0.39266);
#2619=LINE('',#208,#2618);
#2620=EDGE_CURVE('',#209,#211,#2619,.T.);
#2621=ORIENTED_EDGE('',*,*,#2620,.T.);
#2622=DIRECTION('',(0,0,1));
#2623=VECTOR('',#2622,4);
#2624=LINE('',#44,#2623);
#2625=EDGE_CURVE('',#45,#211,#2624,.T.);
#2626=ORIENTED_EDGE('',*,*,#2625,.F.);
#2627=EDGE_LOOP('',(#2615,#2616,#2621,#2626));
#2628=FACE_OUTER_BOUND('',#2627,.T.);
#2629=ADVANCED_FACE('',(#2628),#2614,.T.);
#2630=DIRECTION('',(-0.999699,-0.024541,0));
#2631=DIRECTION('',(0,-0,1));
#2632=AXIS2_PLACEMENT_3D('',#210,#2630,#2631);
#2633=PLANE('',#2632);
#2634=DIRECTION('',(-0.024541,0.999699,0));
#2635=VECTOR('',#2634,0.39266);
#2636=LINE('',#210,#2635);
#2637=EDGE_CURVE('',#211,#441,#2636,.T.);
#2638=ORIENTED_EDGE('',*,*,#2637,.T.);
#2639=DIRECTION('',(0,0,1));
#2640=VECTOR('',#2639,4);
#2641=LINE('',#338,#2640);
#2642=EDGE_CURVE('',#339,#441,#2641,.T.);
#2643=ORIENTED_EDGE('',*,*,#2642,.F.);
#2644=ORIENTED_EDGE('',*,*,#1585,.F.);
#2645=ORIENTED_EDGE('',*,*,#2625,.T.);
#2646=EDGE_LOOP('',(#2638,#2643,#2644,#2645));
#2647=FACE_OUTER_BOUND('',#2646,.T.);
#2648=ADVANCED_FACE('',(#2647),#2633,.T.);
#2649=DIRECTION('',(-0.963776,-0.266713,0));
#2650=DIRECTION('',(0,-0,1));
#2651=AXIS2_PLACEMENT_3D('',#36,#2649,#2650);
#2652=PLANE('',#2651);
#2653=ORIENTED_EDGE('',*,*,#2562,.T.);
#2654=DIRECTION('',(-0.266713,0.963776,0));
#2655=VECTOR('',#2654,0.39266);
#2656=LINE('',#182,#2655);
#2657=EDGE_CURVE('',#183,#213,#2656,.T.);
#2658=ORIENTED_EDGE('',*,*,#2657,.T.);
#2659=DIRECTION('',(0,0,1));
#2660=VECTOR('',#2659,4);
#2661=LINE('',#46,#2660);
#2662=EDGE_CURVE('',#47,#213,#2661,.T.);
#2663=ORIENTED_EDGE('',*,*,#2662,.F.);
#2664=ORIENTED_EDGE('',*,*,#1560,.F.);
#2665=EDGE_LOOP('',(#2653,#2658,#2663,#2664));
#2666=FACE_OUTER_BOUND('',#2665,.T.);
#2667=ADVANCED_FACE('',(#2666),#2652,.T.);
#2668=DIRECTION('',(-0.975702,-0.219101,0));
#2669=DIRECTION('',(0,-0,1));
#2670=AXIS2_PLACEMENT_3D('',#214,#2668,#2669);
#2671=PLANE('',#2670);
#2672=ORIENTED_EDGE('',*,*,#2582,.F.);
#2673=ORIENTED_EDGE('',*,*,#1565,.F.);
#2674=ORIENTED_EDGE('',*,*,#2662,.T.);
#2675=DIRECTION('',(-0.219101,0.975702,0));
#2676=VECTOR('',#2675,0.39266);
#2677=LINE('',#212,#2676);
#2678=EDGE_CURVE('',#213,#215,#2677,.T.);
#2679=ORIENTED_EDGE('',*,*,#2678,.T.);
#2680=EDGE_LOOP('',(#2672,#2673,#2674,#2679));
#2681=FACE_OUTER_BOUND('',#2680,.T.);
#2682=ADVANCED_FACE('',(#2681),#2671,.T.);
#2683=DIRECTION('',(-0.492899,-0.870087,0));
#2684=DIRECTION('',(0,-0,-1));
#2685=AXIS2_PLACEMENT_3D('',#54,#2683,#2684);
#2686=PLANE('',#2685);
#2687=DIRECTION('',(0,0,1));
#2688=VECTOR('',#2687,4);
#2689=LINE('',#54,#2688);
#2690=EDGE_CURVE('',#55,#237,#2689,.T.);
#2691=ORIENTED_EDGE('',*,*,#2690,.T.);
#2692=DIRECTION('',(0.870087,-0.492899,0));
#2693=VECTOR('',#2692,0.39266);
#2694=LINE('',#234,#2693);
#2695=EDGE_CURVE('',#235,#237,#2694,.T.);
#2696=ORIENTED_EDGE('',*,*,#2695,.F.);
#2697=DIRECTION('',(0,0,1));
#2698=VECTOR('',#2697,4);
#2699=LINE('',#52,#2698);
#2700=EDGE_CURVE('',#53,#235,#2699,.T.);
#2701=ORIENTED_EDGE('',*,*,#2700,.F.);
#2702=ORIENTED_EDGE('',*,*,#2120,.T.);
#2703=EDGE_LOOP('',(#2691,#2696,#2701,#2702));
#2704=FACE_OUTER_BOUND('',#2703,.T.);
#2705=ADVANCED_FACE('',(#2704),#2686,.T.);
#2706=DIRECTION('',(-0.449611,-0.893224,0));
#2707=DIRECTION('',(0,-0,-1));
#2708=AXIS2_PLACEMENT_3D('',#236,#2706,#2707);
#2709=PLANE('',#2708);
#2710=ORIENTED_EDGE('',*,*,#2690,.F.);
#2711=ORIENTED_EDGE('',*,*,#2115,.T.);
#2712=DIRECTION('',(0,0,1));
#2713=VECTOR('',#2712,4);
#2714=LINE('',#56,#2713);
#2715=EDGE_CURVE('',#57,#239,#2714,.T.);
#2716=ORIENTED_EDGE('',*,*,#2715,.T.);
#2717=DIRECTION('',(0.893224,-0.449611,0));
#2718=VECTOR('',#2717,0.39266);
#2719=LINE('',#236,#2718);
#2720=EDGE_CURVE('',#237,#239,#2719,.T.);
#2721=ORIENTED_EDGE('',*,*,#2720,.F.);
#2722=EDGE_LOOP('',(#2710,#2711,#2716,#2721));
#2723=FACE_OUTER_BOUND('',#2722,.T.);
#2724=ADVANCED_FACE('',(#2723),#2709,.T.);
#2725=DIRECTION('',(-0.359895,-0.932993,0));
#2726=DIRECTION('',(0,-0,-1));
#2727=AXIS2_PLACEMENT_3D('',#244,#2725,#2726);
#2728=PLANE('',#2727);
#2729=DIRECTION('',(0,0,1));
#2730=VECTOR('',#2729,4);
#2731=LINE('',#58,#2730);
#2732=EDGE_CURVE('',#59,#245,#2731,.T.);
#2733=ORIENTED_EDGE('',*,*,#2732,.F.);
#2734=ORIENTED_EDGE('',*,*,#2105,.T.);
#2735=DIRECTION('',(0,0,1));
#2736=VECTOR('',#2735,4);
#2737=LINE('',#60,#2736);
#2738=EDGE_CURVE('',#61,#247,#2737,.T.);
#2739=ORIENTED_EDGE('',*,*,#2738,.T.);
#2740=DIRECTION('',(0.932993,-0.359895,0));
#2741=VECTOR('',#2740,0.39266);
#2742=LINE('',#244,#2741);
#2743=EDGE_CURVE('',#245,#247,#2742,.T.);
#2744=ORIENTED_EDGE('',*,*,#2743,.F.);
#2745=EDGE_LOOP('',(#2733,#2734,#2739,#2744));
#2746=FACE_OUTER_BOUND('',#2745,.T.);
#2747=ADVANCED_FACE('',(#2746),#2728,.T.);
#2748=DIRECTION('',(-0.40524,-0.91421,0));
#2749=DIRECTION('',(0,-0,-1));
#2750=AXIS2_PLACEMENT_3D('',#238,#2748,#2749);
#2751=PLANE('',#2750);
#2752=ORIENTED_EDGE('',*,*,#2715,.F.);
#2753=ORIENTED_EDGE('',*,*,#2110,.T.);
#2754=ORIENTED_EDGE('',*,*,#2732,.T.);
#2755=DIRECTION('',(0.91421,-0.40524,0));
#2756=VECTOR('',#2755,0.392659);
#2757=LINE('',#238,#2756);
#2758=EDGE_CURVE('',#239,#245,#2757,.T.);
#2759=ORIENTED_EDGE('',*,*,#2758,.F.);
#2760=EDGE_LOOP('',(#2752,#2753,#2754,#2759));
#2761=FACE_OUTER_BOUND('',#2760,.T.);
#2762=ADVANCED_FACE('',(#2761),#2751,.T.);
#2763=DIRECTION('',(-0.313682,-0.949528,0));
#2764=DIRECTION('',(0,-0,-1));
#2765=AXIS2_PLACEMENT_3D('',#246,#2763,#2764);
#2766=PLANE('',#2765);
#2767=ORIENTED_EDGE('',*,*,#2738,.F.);
#2768=ORIENTED_EDGE('',*,*,#2100,.T.);
#2769=DIRECTION('',(0,0,1));
#2770=VECTOR('',#2769,4);
#2771=LINE('',#62,#2770);
#2772=EDGE_CURVE('',#63,#249,#2771,.T.);
#2773=ORIENTED_EDGE('',*,*,#2772,.T.);
#2774=DIRECTION('',(0.949528,-0.313682,0));
#2775=VECTOR('',#2774,0.39266);
#2776=LINE('',#246,#2775);
#2777=EDGE_CURVE('',#247,#249,#2776,.T.);
#2778=ORIENTED_EDGE('',*,*,#2777,.F.);
#2779=EDGE_LOOP('',(#2767,#2768,#2773,#2778));
#2780=FACE_OUTER_BOUND('',#2779,.T.);
#2781=ADVANCED_FACE('',(#2780),#2766,.T.);
#2782=DIRECTION('',(-0.534998,-0.844853,0));
#2783=DIRECTION('',(0,-0,-1));
#2784=AXIS2_PLACEMENT_3D('',#64,#2782,#2783);
#2785=PLANE('',#2784);
#2786=ORIENTED_EDGE('',*,*,#2125,.F.);
#2787=ORIENTED_EDGE('',*,*,#2700,.T.);
#2788=DIRECTION('',(-0.844853,0.534998,0));
#2789=VECTOR('',#2788,0.39266);
#2790=LINE('',#234,#2789);
#2791=EDGE_CURVE('',#235,#261,#2790,.T.);
#2792=ORIENTED_EDGE('',*,*,#2791,.T.);
#2793=ORIENTED_EDGE('',*,*,#1513,.F.);
#2794=EDGE_LOOP('',(#2786,#2787,#2792,#2793));
#2795=FACE_OUTER_BOUND('',#2794,.T.);
#2796=ADVANCED_FACE('',(#2795),#2785,.T.);
#2797=DIRECTION('',(-0.266713,-0.963776,0));
#2798=DIRECTION('',(0,-0,-1));
#2799=AXIS2_PLACEMENT_3D('',#62,#2797,#2798);
#2800=PLANE('',#2799);
#2801=ORIENTED_EDGE('',*,*,#2095,.T.);
#2802=DIRECTION('',(0,0,1));
#2803=VECTOR('',#2802,4);
#2804=LINE('',#68,#2803);
#2805=EDGE_CURVE('',#69,#271,#2804,.T.);
#2806=ORIENTED_EDGE('',*,*,#2805,.T.);
#2807=DIRECTION('',(0.963776,-0.266713,0));
#2808=VECTOR('',#2807,0.39266);
#2809=LINE('',#248,#2808);
#2810=EDGE_CURVE('',#249,#271,#2809,.T.);
#2811=ORIENTED_EDGE('',*,*,#2810,.F.);
#2812=ORIENTED_EDGE('',*,*,#2772,.F.);
#2813=EDGE_LOOP('',(#2801,#2806,#2811,#2812));
#2814=FACE_OUTER_BOUND('',#2813,.T.);
#2815=ADVANCED_FACE('',(#2814),#2800,.T.);
#2816=DIRECTION('',(-0.219101,-0.975702,0));
#2817=DIRECTION('',(0,-0,-1));
#2818=AXIS2_PLACEMENT_3D('',#270,#2816,#2817);
#2819=PLANE('',#2818);
#2820=ORIENTED_EDGE('',*,*,#2805,.F.);
#2821=ORIENTED_EDGE('',*,*,#2090,.T.);
#2822=DIRECTION('',(0,0,1));
#2823=VECTOR('',#2822,4);
#2824=LINE('',#70,#2823);
#2825=EDGE_CURVE('',#71,#273,#2824,.T.);
#2826=ORIENTED_EDGE('',*,*,#2825,.T.);
#2827=DIRECTION('',(0.975702,-0.219101,0));
#2828=VECTOR('',#2827,0.39266);
#2829=LINE('',#270,#2828);
#2830=EDGE_CURVE('',#271,#273,#2829,.T.);
#2831=ORIENTED_EDGE('',*,*,#2830,.F.);
#2832=EDGE_LOOP('',(#2820,#2821,#2826,#2831));
#2833=FACE_OUTER_BOUND('',#2832,.T.);
#2834=ADVANCED_FACE('',(#2833),#2819,.T.);
#2835=DIRECTION('',(-0.170962,-0.985278,0));
#2836=DIRECTION('',(0,-0,-1));
#2837=AXIS2_PLACEMENT_3D('',#70,#2835,#2836);
#2838=PLANE('',#2837);
#2839=ORIENTED_EDGE('',*,*,#2085,.F.);
#2840=DIRECTION('',(0,0,1));
#2841=VECTOR('',#2840,4);
#2842=LINE('',#66,#2841);
#2843=EDGE_CURVE('',#67,#269,#2842,.T.);
#2844=ORIENTED_EDGE('',*,*,#2843,.T.);
#2845=DIRECTION('',(-0.985278,0.170962,0));
#2846=VECTOR('',#2845,0.39266);
#2847=LINE('',#268,#2846);
#2848=EDGE_CURVE('',#269,#273,#2847,.T.);
#2849=ORIENTED_EDGE('',*,*,#2848,.T.);
#2850=ORIENTED_EDGE('',*,*,#2825,.F.);
#2851=EDGE_LOOP('',(#2839,#2844,#2849,#2850));
#2852=FACE_OUTER_BOUND('',#2851,.T.);
#2853=ADVANCED_FACE('',(#2852),#2838,.T.);
#2854=DIRECTION('',(-0.122411,-0.99248,0));
#2855=DIRECTION('',(0,-0,-1));
#2856=AXIS2_PLACEMENT_3D('',#268,#2854,#2855);
#2857=PLANE('',#2856);
#2858=ORIENTED_EDGE('',*,*,#2843,.F.);
#2859=ORIENTED_EDGE('',*,*,#2080,.T.);
#2860=DIRECTION('',(0,0,1));
#2861=VECTOR('',#2860,4);
#2862=LINE('',#72,#2861);
#2863=EDGE_CURVE('',#73,#277,#2862,.T.);
#2864=ORIENTED_EDGE('',*,*,#2863,.T.);
#2865=DIRECTION('',(0.99248,-0.122411,0));
#2866=VECTOR('',#2865,0.39266);
#2867=LINE('',#268,#2866);
#2868=EDGE_CURVE('',#269,#277,#2867,.T.);
#2869=ORIENTED_EDGE('',*,*,#2868,.F.);
#2870=EDGE_LOOP('',(#2858,#2859,#2864,#2869));
#2871=FACE_OUTER_BOUND('',#2870,.T.);
#2872=ADVANCED_FACE('',(#2871),#2857,.T.);
#2873=DIRECTION('',(-0.073565,-0.99729,0));
#2874=DIRECTION('',(0,-0,-1));
#2875=AXIS2_PLACEMENT_3D('',#276,#2873,#2874);
#2876=PLANE('',#2875);
#2877=ORIENTED_EDGE('',*,*,#2863,.F.);
#2878=ORIENTED_EDGE('',*,*,#2075,.T.);
#2879=DIRECTION('',(0,0,1));
#2880=VECTOR('',#2879,4);
#2881=LINE('',#74,#2880);
#2882=EDGE_CURVE('',#75,#281,#2881,.T.);
#2883=ORIENTED_EDGE('',*,*,#2882,.T.);
#2884=DIRECTION('',(0.99729,-0.073565,0));
#2885=VECTOR('',#2884,0.39266);
#2886=LINE('',#276,#2885);
#2887=EDGE_CURVE('',#277,#281,#2886,.T.);
#2888=ORIENTED_EDGE('',*,*,#2887,.F.);
#2889=EDGE_LOOP('',(#2877,#2878,#2883,#2888));
#2890=FACE_OUTER_BOUND('',#2889,.T.);
#2891=ADVANCED_FACE('',(#2890),#2876,.T.);
#2892=DIRECTION('',(-0.024541,-0.999699,0));
#2893=DIRECTION('',(0,-0,-1));
#2894=AXIS2_PLACEMENT_3D('',#666,#2892,#2893);
#2895=PLANE('',#2894);
#2896=DIRECTION('',(0,0,1));
#2897=VECTOR('',#2896,4);
#2898=LINE('',#666,#2897);
#2899=EDGE_CURVE('',#667,#767,#2898,.T.);
#2900=ORIENTED_EDGE('',*,*,#2899,.T.);
#2901=DIRECTION('',(0.999699,-0.024541,0));
#2902=VECTOR('',#2901,0.39266);
#2903=LINE('',#280,#2902);
#2904=EDGE_CURVE('',#281,#767,#2903,.T.);
#2905=ORIENTED_EDGE('',*,*,#2904,.F.);
#2906=ORIENTED_EDGE('',*,*,#2882,.F.);
#2907=ORIENTED_EDGE('',*,*,#2070,.T.);
#2908=EDGE_LOOP('',(#2900,#2905,#2906,#2907));
#2909=FACE_OUTER_BOUND('',#2908,.T.);
#2910=ADVANCED_FACE('',(#2909),#2895,.T.);
#2911=DIRECTION('',(0,0,1));
#2912=DIRECTION('',(0,-1,0));
#2913=AXIS2_PLACEMENT_3D('',#258,#2911,#2912);
#2914=PLANE('',#2913);
#2915=DIRECTION('',(0.963776,-0.266712,0));
#2916=VECTOR('',#2915,0.441742);
#2917=LINE('',#258,#2916);
#2918=EDGE_CURVE('',#259,#283,#2917,.T.);
#2919=ORIENTED_EDGE('',*,*,#2918,.T.);
#2920=DIRECTION('',(0.975702,-0.219102,0));
#2921=VECTOR('',#2920,0.441742);
#2922=LINE('',#282,#2921);
#2923=EDGE_CURVE('',#283,#285,#2922,.T.);
#2924=ORIENTED_EDGE('',*,*,#2923,.T.);
#2925=DIRECTION('',(0.985277,-0.170963,0));
#2926=VECTOR('',#2925,0.441742);
#2927=LINE('',#284,#2926);
#2928=EDGE_CURVE('',#285,#287,#2927,.T.);
#2929=ORIENTED_EDGE('',*,*,#2928,.T.);
#2930=DIRECTION('',(0.99248,-0.122409,0));
#2931=VECTOR('',#2930,0.441742);
#2932=LINE('',#286,#2931);
#2933=EDGE_CURVE('',#287,#289,#2932,.T.);
#2934=ORIENTED_EDGE('',*,*,#2933,.T.);
#2935=DIRECTION('',(0.99729,-0.073564,0));
#2936=VECTOR('',#2935,0.441742);
#2937=LINE('',#288,#2936);
#2938=EDGE_CURVE('',#289,#291,#2937,.T.);
#2939=ORIENTED_EDGE('',*,*,#2938,.T.);
#2940=DIRECTION('',(0.999699,-0.024542,0));
#2941=VECTOR('',#2940,0.441742);
#2942=LINE('',#290,#2941);
#2943=EDGE_CURVE('',#291,#787,#2942,.T.);
#2944=ORIENTED_EDGE('',*,*,#2943,.T.);
#2945=DIRECTION('',(0.999699,0.024542,0));
#2946=VECTOR('',#2945,0.441742);
#2947=LINE('',#786,#2946);
#2948=EDGE_CURVE('',#787,#789,#2947,.T.);
#2949=ORIENTED_EDGE('',*,*,#2948,.T.);
#2950=DIRECTION('',(0.99729,0.073564,0));
#2951=VECTOR('',#2950,0.441742);
#2952=LINE('',#788,#2951);
#2953=EDGE_CURVE('',#789,#791,#2952,.T.);
#2954=ORIENTED_EDGE('',*,*,#2953,.T.);
#2955=DIRECTION('',(0.99248,0.122409,0));
#2956=VECTOR('',#2955,0.441742);
#2957=LINE('',#790,#2956);
#2958=EDGE_CURVE('',#791,#793,#2957,.T.);
#2959=ORIENTED_EDGE('',*,*,#2958,.T.);
#2960=DIRECTION('',(0.985277,0.170963,0));
#2961=VECTOR('',#2960,0.441742);
#2962=LINE('',#792,#2961);
#2963=EDGE_CURVE('',#793,#795,#2962,.T.);
#2964=ORIENTED_EDGE('',*,*,#2963,.T.);
#2965=DIRECTION('',(0.975702,0.219102,0));
#2966=VECTOR('',#2965,0.441742);
#2967=LINE('',#794,#2966);
#2968=EDGE_CURVE('',#795,#797,#2967,.T.);
#2969=ORIENTED_EDGE('',*,*,#2968,.T.);
#2970=DIRECTION('',(0.963776,0.266712,0));
#2971=VECTOR('',#2970,0.441742);
#2972=LINE('',#796,#2971);
#2973=EDGE_CURVE('',#797,#821,#2972,.T.);
#2974=ORIENTED_EDGE('',*,*,#2973,.T.);
#2975=DIRECTION('',(0.949528,0.313681,0));
#2976=VECTOR('',#2975,0.441742);
#2977=LINE('',#820,#2976);
#2978=EDGE_CURVE('',#821,#823,#2977,.T.);
#2979=ORIENTED_EDGE('',*,*,#2978,.T.);
#2980=DIRECTION('',(0.932992,0.359896,0));
#2981=VECTOR('',#2980,0.441742);
#2982=LINE('',#822,#2981);
#2983=EDGE_CURVE('',#823,#825,#2982,.T.);
#2984=ORIENTED_EDGE('',*,*,#2983,.T.);
#2985=DIRECTION('',(0.91421,0.405242,0));
#2986=VECTOR('',#2985,0.441742);
#2987=LINE('',#824,#2986);
#2988=EDGE_CURVE('',#825,#827,#2987,.T.);
#2989=ORIENTED_EDGE('',*,*,#2988,.T.);
#2990=DIRECTION('',(0.893224,0.449611,0));
#2991=VECTOR('',#2990,0.441742);
#2992=LINE('',#826,#2991);
#2993=EDGE_CURVE('',#827,#829,#2992,.T.);
#2994=ORIENTED_EDGE('',*,*,#2993,.T.);
#2995=DIRECTION('',(0.870087,0.492898,0));
#2996=VECTOR('',#2995,0.441742);
#2997=LINE('',#828,#2996);
#2998=EDGE_CURVE('',#829,#881,#2997,.T.);
#2999=ORIENTED_EDGE('',*,*,#2998,.T.);
#3000=DIRECTION('',(0.844854,0.534997,0));
#3001=VECTOR('',#3000,0.441742);
#3002=LINE('',#880,#3001);
#3003=EDGE_CURVE('',#881,#883,#3002,.T.);
#3004=ORIENTED_EDGE('',*,*,#3003,.T.);
#3005=DIRECTION('',(0.817585,0.575807,0));
#3006=VECTOR('',#3005,0.441742);
#3007=LINE('',#882,#3006);
#3008=EDGE_CURVE('',#883,#885,#3007,.T.);
#3009=ORIENTED_EDGE('',*,*,#3008,.T.);
#3010=DIRECTION('',(0.788346,0.615232,0));
#3011=VECTOR('',#3010,0.441742);
#3012=LINE('',#884,#3011);
#3013=EDGE_CURVE('',#885,#887,#3012,.T.);
#3014=ORIENTED_EDGE('',*,*,#3013,.T.);
#3015=DIRECTION('',(0.757209,0.653173,0));
#3016=VECTOR('',#3015,0.441742);
#3017=LINE('',#886,#3016);
#3018=EDGE_CURVE('',#887,#909,#3017,.T.);
#3019=ORIENTED_EDGE('',*,*,#3018,.T.);
#3020=DIRECTION('',(0.724248,0.68954,0));
#3021=VECTOR('',#3020,0.441742);
#3022=LINE('',#908,#3021);
#3023=EDGE_CURVE('',#909,#911,#3022,.T.);
#3024=ORIENTED_EDGE('',*,*,#3023,.T.);
#3025=DIRECTION('',(0.68954,0.724248,0));
#3026=VECTOR('',#3025,0.441742);
#3027=LINE('',#910,#3026);
#3028=EDGE_CURVE('',#911,#913,#3027,.T.);
#3029=ORIENTED_EDGE('',*,*,#3028,.T.);
#3030=DIRECTION('',(0.653173,0.757209,0));
#3031=VECTOR('',#3030,0.441742);
#3032=LINE('',#912,#3031);
#3033=EDGE_CURVE('',#913,#923,#3032,.T.);
#3034=ORIENTED_EDGE('',*,*,#3033,.T.);
#3035=DIRECTION('',(0.615232,0.788346,0));
#3036=VECTOR('',#3035,0.441742);
#3037=LINE('',#922,#3036);
#3038=EDGE_CURVE('',#923,#925,#3037,.T.);
#3039=ORIENTED_EDGE('',*,*,#3038,.T.);
#3040=DIRECTION('',(0.575807,0.817585,0));
#3041=VECTOR('',#3040,0.441742);
#3042=LINE('',#924,#3041);
#3043=EDGE_CURVE('',#925,#927,#3042,.T.);
#3044=ORIENTED_EDGE('',*,*,#3043,.T.);
#3045=DIRECTION('',(0.534997,0.844854,0));
#3046=VECTOR('',#3045,0.441742);
#3047=LINE('',#926,#3046);
#3048=EDGE_CURVE('',#927,#929,#3047,.T.);
#3049=ORIENTED_EDGE('',*,*,#3048,.T.);
#3050=DIRECTION('',(0.492898,0.870087,0));
#3051=VECTOR('',#3050,0.441742);
#3052=LINE('',#928,#3051);
#3053=EDGE_CURVE('',#929,#955,#3052,.T.);
#3054=ORIENTED_EDGE('',*,*,#3053,.T.);
#3055=DIRECTION('',(0.449611,0.893224,0));
#3056=VECTOR('',#3055,0.441742);
#3057=LINE('',#954,#3056);
#3058=EDGE_CURVE('',#955,#957,#3057,.T.);
#3059=ORIENTED_EDGE('',*,*,#3058,.T.);
#3060=DIRECTION('',(0.405242,0.91421,0));
#3061=VECTOR('',#3060,0.441742);
#3062=LINE('',#956,#3061);
#3063=EDGE_CURVE('',#957,#959,#3062,.T.);
#3064=ORIENTED_EDGE('',*,*,#3063,.T.);
#3065=DIRECTION('',(0.359896,0.932992,0));
#3066=VECTOR('',#3065,0.441742);
#3067=LINE('',#958,#3066);
#3068=EDGE_CURVE('',#959,#961,#3067,.T.);
#3069=ORIENTED_EDGE('',*,*,#3068,.T.);
#3070=DIRECTION('',(0.313681,0.949528,0));
#3071=VECTOR('',#3070,0.441742);
#3072=LINE('',#960,#3071);
#3073=EDGE_CURVE('',#961,#963,#3072,.T.);
#3074=ORIENTED_EDGE('',*,*,#3073,.T.);
#3075=DIRECTION('',(0.266712,0.963776,0));
#3076=VECTOR('',#3075,0.441742);
#3077=LINE('',#962,#3076);
#3078=EDGE_CURVE('',#963,#985,#3077,.T.);
#3079=ORIENTED_EDGE('',*,*,#3078,.T.);
#3080=DIRECTION('',(0.219102,0.975702,0));
#3081=VECTOR('',#3080,0.441742);
#3082=LINE('',#984,#3081);
#3083=EDGE_CURVE('',#985,#987,#3082,.T.);
#3084=ORIENTED_EDGE('',*,*,#3083,.T.);
#3085=DIRECTION('',(0.170963,0.985277,0));
#3086=VECTOR('',#3085,0.441742);
#3087=LINE('',#986,#3086);
#3088=EDGE_CURVE('',#987,#989,#3087,.T.);
#3089=ORIENTED_EDGE('',*,*,#3088,.T.);
#3090=DIRECTION('',(0.122409,0.99248,0));
#3091=VECTOR('',#3090,0.441742);
#3092=LINE('',#988,#3091);
#3093=EDGE_CURVE('',#989,#991,#3092,.T.);
#3094=ORIENTED_EDGE('',*,*,#3093,.T.);
#3095=DIRECTION('',(0.073564,0.99729,0));
#3096=VECTOR('',#3095,0.441742);
#3097=LINE('',#990,#3096);
#3098=EDGE_CURVE('',#991,#993,#3097,.T.);
#3099=ORIENTED_EDGE('',*,*,#3098,.T.);
#3100=DIRECTION('',(0.024542,0.999699,0));
#3101=VECTOR('',#3100,0.441742);
#3102=LINE('',#992,#3101);
#3103=EDGE_CURVE('',#993,#1229,#3102,.T.);
#3104=ORIENTED_EDGE('',*,*,#3103,.T.);
#3105=DIRECTION('',(-0.024542,0.999699,0));
#3106=VECTOR('',#3105,0.441742);
#3107=LINE('',#1228,#3106);
#3108=EDGE_CURVE('',#1229,#1231,#3107,.T.);
#3109=ORIENTED_EDGE('',*,*,#3108,.T.);
#3110=DIRECTION('',(-0.073564,0.99729,0));
#3111=VECTOR('',#3110,0.441742);
#3112=LINE('',#1230,#3111);
#3113=EDGE_CURVE('',#1231,#1233,#3112,.T.);
#3114=ORIENTED_EDGE('',*,*,#3113,.T.);
#3115=DIRECTION('',(-0.122409,0.99248,0));
#3116=VECTOR('',#3115,0.441742);
#3117=LINE('',#1232,#3116);
#3118=EDGE_CURVE('',#1233,#1235,#3117,.T.);
#3119=ORIENTED_EDGE('',*,*,#3118,.T.);
#3120=DIRECTION('',(-0.170963,0.985277,0));
#3121=VECTOR('',#3120,0.441742);
#3122=LINE('',#1234,#3121);
#3123=EDGE_CURVE('',#1235,#1237,#3122,.T.);
#3124=ORIENTED_EDGE('',*,*,#3123,.T.);
#3125=DIRECTION('',(-0.219102,0.975702,0));
#3126=VECTOR('',#3125,0.441742);
#3127=LINE('',#1236,#3126);
#3128=EDGE_CURVE('',#1237,#1239,#3127,.T.);
#3129=ORIENTED_EDGE('',*,*,#3128,.T.);
#3130=DIRECTION('',(-0.266712,0.963776,0));
#3131=VECTOR('',#3130,0.441742);
#3132=LINE('',#1238,#3131);
#3133=EDGE_CURVE('',#1239,#1263,#3132,.T.);
#3134=ORIENTED_EDGE('',*,*,#3133,.T.);
#3135=DIRECTION('',(-0.313681,0.949528,0));
#3136=VECTOR('',#3135,0.441742);
#3137=LINE('',#1262,#3136);
#3138=EDGE_CURVE('',#1263,#1265,#3137,.T.);
#3139=ORIENTED_EDGE('',*,*,#3138,.T.);
#3140=DIRECTION('',(-0.359896,0.932992,0));
#3141=VECTOR('',#3140,0.441742);
#3142=LINE('',#1264,#3141);
#3143=EDGE_CURVE('',#1265,#1269,#3142,.T.);
#3144=ORIENTED_EDGE('',*,*,#3143,.T.);
#3145=DIRECTION('',(0.405242,-0.91421,0));
#3146=VECTOR('',#3145,0.441742);
#3147=LINE('',#1266,#3146);
#3148=EDGE_CURVE('',#1267,#1269,#3147,.T.);
#3149=ORIENTED_EDGE('',*,*,#3148,.F.);
#3150=DIRECTION('',(-0.449611,0.893224,0));
#3151=VECTOR('',#3150,0.441742);
#3152=LINE('',#1266,#3151);
#3153=EDGE_CURVE('',#1267,#1271,#3152,.T.);
#3154=ORIENTED_EDGE('',*,*,#3153,.T.);
#3155=DIRECTION('',(-0.492898,0.870087,0));
#3156=VECTOR('',#3155,0.441742);
#3157=LINE('',#1270,#3156);
#3158=EDGE_CURVE('',#1271,#1327,#3157,.T.);
#3159=ORIENTED_EDGE('',*,*,#3158,.T.);
#3160=DIRECTION('',(0.534997,-0.844854,0));
#3161=VECTOR('',#3160,0.441742);
#3162=LINE('',#1324,#3161);
#3163=EDGE_CURVE('',#1325,#1327,#3162,.T.);
#3164=ORIENTED_EDGE('',*,*,#3163,.F.);
#3165=DIRECTION('',(0.575807,-0.817585,0));
#3166=VECTOR('',#3165,0.441742);
#3167=LINE('',#1322,#3166);
#3168=EDGE_CURVE('',#1323,#1325,#3167,.T.);
#3169=ORIENTED_EDGE('',*,*,#3168,.F.);
#3170=DIRECTION('',(-0.615232,0.788346,0));
#3171=VECTOR('',#3170,0.441742);
#3172=LINE('',#1322,#3171);
#3173=EDGE_CURVE('',#1323,#1329,#3172,.T.);
#3174=ORIENTED_EDGE('',*,*,#3173,.T.);
#3175=DIRECTION('',(0.653173,-0.757209,0));
#3176=VECTOR('',#3175,0.441742);
#3177=LINE('',#1294,#3176);
#3178=EDGE_CURVE('',#1295,#1329,#3177,.T.);
#3179=ORIENTED_EDGE('',*,*,#3178,.F.);
#3180=DIRECTION('',(-0.68954,0.724248,0));
#3181=VECTOR('',#3180,0.441742);
#3182=LINE('',#1294,#3181);
#3183=EDGE_CURVE('',#1295,#1297,#3182,.T.);
#3184=ORIENTED_EDGE('',*,*,#3183,.T.);
#3185=DIRECTION('',(0.724248,-0.68954,0));
#3186=VECTOR('',#3185,0.441742);
#3187=LINE('',#1292,#3186);
#3188=EDGE_CURVE('',#1293,#1297,#3187,.T.);
#3189=ORIENTED_EDGE('',*,*,#3188,.F.);
#3190=DIRECTION('',(-0.757209,0.653173,0));
#3191=VECTOR('',#3190,0.441742);
#3192=LINE('',#1292,#3191);
#3193=EDGE_CURVE('',#1293,#1313,#3192,.T.);
#3194=ORIENTED_EDGE('',*,*,#3193,.T.);
#3195=DIRECTION('',(0.788346,-0.615232,0));
#3196=VECTOR('',#3195,0.441742);
#3197=LINE('',#1310,#3196);
#3198=EDGE_CURVE('',#1311,#1313,#3197,.T.);
#3199=ORIENTED_EDGE('',*,*,#3198,.F.);
#3200=DIRECTION('',(0.817585,-0.575807,0));
#3201=VECTOR('',#3200,0.441742);
#3202=LINE('',#1308,#3201);
#3203=EDGE_CURVE('',#1309,#1311,#3202,.T.);
#3204=ORIENTED_EDGE('',*,*,#3203,.F.);
#3205=DIRECTION('',(0.844854,-0.534997,0));
#3206=VECTOR('',#3205,0.441742);
#3207=LINE('',#1306,#3206);
#3208=EDGE_CURVE('',#1307,#1309,#3207,.T.);
#3209=ORIENTED_EDGE('',*,*,#3208,.F.);
#3210=DIRECTION('',(0.870087,-0.492898,0));
#3211=VECTOR('',#3210,0.441742);
#3212=LINE('',#1200,#3211);
#3213=EDGE_CURVE('',#1201,#1307,#3212,.T.);
#3214=ORIENTED_EDGE('',*,*,#3213,.F.);
#3215=DIRECTION('',(0.893224,-0.449611,0));
#3216=VECTOR('',#3215,0.441742);
#3217=LINE('',#1198,#3216);
#3218=EDGE_CURVE('',#1199,#1201,#3217,.T.);
#3219=ORIENTED_EDGE('',*,*,#3218,.F.);
#3220=DIRECTION('',(0.91421,-0.405242,0));
#3221=VECTOR('',#3220,0.441742);
#3222=LINE('',#1196,#3221);
#3223=EDGE_CURVE('',#1197,#1199,#3222,.T.);
#3224=ORIENTED_EDGE('',*,*,#3223,.F.);
#3225=DIRECTION('',(0.932992,-0.359896,0));
#3226=VECTOR('',#3225,0.441742);
#3227=LINE('',#1194,#3226);
#3228=EDGE_CURVE('',#1195,#1197,#3227,.T.);
#3229=ORIENTED_EDGE('',*,*,#3228,.F.);
#3230=DIRECTION('',(0.949528,-0.313681,0));
#3231=VECTOR('',#3230,0.441742);
#3232=LINE('',#1192,#3231);
#3233=EDGE_CURVE('',#1193,#1195,#3232,.T.);
#3234=ORIENTED_EDGE('',*,*,#3233,.F.);
#3235=DIRECTION('',(0.963776,-0.266712,0));
#3236=VECTOR('',#3235,0.441742);
#3237=LINE('',#1166,#3236);
#3238=EDGE_CURVE('',#1167,#1193,#3237,.T.);
#3239=ORIENTED_EDGE('',*,*,#3238,.F.);
#3240=DIRECTION('',(0.975702,-0.219102,0));
#3241=VECTOR('',#3240,0.441742);
#3242=LINE('',#1164,#3241);
#3243=EDGE_CURVE('',#1165,#1167,#3242,.T.);
#3244=ORIENTED_EDGE('',*,*,#3243,.F.);
#3245=DIRECTION('',(0.985277,-0.170963,0));
#3246=VECTOR('',#3245,0.441742);
#3247=LINE('',#1162,#3246);
#3248=EDGE_CURVE('',#1163,#1165,#3247,.T.);
#3249=ORIENTED_EDGE('',*,*,#3248,.F.);
#3250=DIRECTION('',(0.99248,-0.122409,0));
#3251=VECTOR('',#3250,0.441742);
#3252=LINE('',#1160,#3251);
#3253=EDGE_CURVE('',#1161,#1163,#3252,.T.);
#3254=ORIENTED_EDGE('',*,*,#3253,.F.);
#3255=DIRECTION('',(0.99729,-0.073564,0));
#3256=VECTOR('',#3255,0.441742);
#3257=LINE('',#1158,#3256);
#3258=EDGE_CURVE('',#1159,#1161,#3257,.T.);
#3259=ORIENTED_EDGE('',*,*,#3258,.F.);
#3260=DIRECTION('',(0.999699,-0.024542,0));
#3261=VECTOR('',#3260,0.441742);
#3262=LINE('',#1156,#3261);
#3263=EDGE_CURVE('',#1157,#1159,#3262,.T.);
#3264=ORIENTED_EDGE('',*,*,#3263,.F.);
#3265=DIRECTION('',(0.999699,0.024542,0));
#3266=VECTOR('',#3265,0.441742);
#3267=LINE('',#664,#3266);
#3268=EDGE_CURVE('',#665,#1157,#3267,.T.);
#3269=ORIENTED_EDGE('',*,*,#3268,.F.);
#3270=DIRECTION('',(0.99729,0.073564,0));
#3271=VECTOR('',#3270,0.441742);
#3272=LINE('',#662,#3271);
#3273=EDGE_CURVE('',#663,#665,#3272,.T.);
#3274=ORIENTED_EDGE('',*,*,#3273,.F.);
#3275=DIRECTION('',(0.99248,0.122409,0));
#3276=VECTOR('',#3275,0.441742);
#3277=LINE('',#660,#3276);
#3278=EDGE_CURVE('',#661,#663,#3277,.T.);
#3279=ORIENTED_EDGE('',*,*,#3278,.F.);
#3280=DIRECTION('',(0.985277,0.170963,0));
#3281=VECTOR('',#3280,0.441742);
#3282=LINE('',#658,#3281);
#3283=EDGE_CURVE('',#659,#661,#3282,.T.);
#3284=ORIENTED_EDGE('',*,*,#3283,.F.);
#3285=DIRECTION('',(0.975702,0.219102,0));
#3286=VECTOR('',#3285,0.441742);
#3287=LINE('',#656,#3286);
#3288=EDGE_CURVE('',#657,#659,#3287,.T.);
#3289=ORIENTED_EDGE('',*,*,#3288,.F.);
#3290=DIRECTION('',(0.963776,0.266712,0));
#3291=VECTOR('',#3290,0.441742);
#3292=LINE('',#634,#3291);
#3293=EDGE_CURVE('',#635,#657,#3292,.T.);
#3294=ORIENTED_EDGE('',*,*,#3293,.F.);
#3295=DIRECTION('',(0.949528,0.313681,0));
#3296=VECTOR('',#3295,0.441742);
#3297=LINE('',#632,#3296);
#3298=EDGE_CURVE('',#633,#635,#3297,.T.);
#3299=ORIENTED_EDGE('',*,*,#3298,.F.);
#3300=DIRECTION('',(0.932992,0.359896,0));
#3301=VECTOR('',#3300,0.441742);
#3302=LINE('',#630,#3301);
#3303=EDGE_CURVE('',#631,#633,#3302,.T.);
#3304=ORIENTED_EDGE('',*,*,#3303,.F.);
#3305=DIRECTION('',(0.91421,0.405242,0));
#3306=VECTOR('',#3305,0.441742);
#3307=LINE('',#628,#3306);
#3308=EDGE_CURVE('',#629,#631,#3307,.T.);
#3309=ORIENTED_EDGE('',*,*,#3308,.F.);
#3310=DIRECTION('',(0.893224,0.449611,0));
#3311=VECTOR('',#3310,0.441742);
#3312=LINE('',#626,#3311);
#3313=EDGE_CURVE('',#627,#629,#3312,.T.);
#3314=ORIENTED_EDGE('',*,*,#3313,.F.);
#3315=DIRECTION('',(0.870087,0.492898,0));
#3316=VECTOR('',#3315,0.441742);
#3317=LINE('',#560,#3316);
#3318=EDGE_CURVE('',#561,#627,#3317,.T.);
#3319=ORIENTED_EDGE('',*,*,#3318,.F.);
#3320=DIRECTION('',(0.844854,0.534997,0));
#3321=VECTOR('',#3320,0.441742);
#3322=LINE('',#558,#3321);
#3323=EDGE_CURVE('',#559,#561,#3322,.T.);
#3324=ORIENTED_EDGE('',*,*,#3323,.F.);
#3325=DIRECTION('',(0.817585,0.575807,0));
#3326=VECTOR('',#3325,0.441742);
#3327=LINE('',#556,#3326);
#3328=EDGE_CURVE('',#557,#559,#3327,.T.);
#3329=ORIENTED_EDGE('',*,*,#3328,.F.);
#3330=DIRECTION('',(0.788346,0.615232,0));
#3331=VECTOR('',#3330,0.441742);
#3332=LINE('',#554,#3331);
#3333=EDGE_CURVE('',#555,#557,#3332,.T.);
#3334=ORIENTED_EDGE('',*,*,#3333,.F.);
#3335=DIRECTION('',(0.757209,0.653173,0));
#3336=VECTOR('',#3335,0.441742);
#3337=LINE('',#544,#3336);
#3338=EDGE_CURVE('',#545,#555,#3337,.T.);
#3339=ORIENTED_EDGE('',*,*,#3338,.F.);
#3340=DIRECTION('',(0.724248,0.68954,0));
#3341=VECTOR('',#3340,0.441742);
#3342=LINE('',#542,#3341);
#3343=EDGE_CURVE('',#543,#545,#3342,.T.);
#3344=ORIENTED_EDGE('',*,*,#3343,.F.);
#3345=DIRECTION('',(0.68954,0.724248,0));
#3346=VECTOR('',#3345,0.441742);
#3347=LINE('',#540,#3346);
#3348=EDGE_CURVE('',#541,#543,#3347,.T.);
#3349=ORIENTED_EDGE('',*,*,#3348,.F.);
#3350=DIRECTION('',(0.653173,0.757209,0));
#3351=VECTOR('',#3350,0.441742);
#3352=LINE('',#518,#3351);
#3353=EDGE_CURVE('',#519,#541,#3352,.T.);
#3354=ORIENTED_EDGE('',*,*,#3353,.F.);
#3355=DIRECTION('',(0.615232,0.788346,0));
#3356=VECTOR('',#3355,0.441742);
#3357=LINE('',#516,#3356);
#3358=EDGE_CURVE('',#517,#519,#3357,.T.);
#3359=ORIENTED_EDGE('',*,*,#3358,.F.);
#3360=DIRECTION('',(0.575807,0.817585,0));
#3361=VECTOR('',#3360,0.441742);
#3362=LINE('',#514,#3361);
#3363=EDGE_CURVE('',#515,#517,#3362,.T.);
#3364=ORIENTED_EDGE('',*,*,#3363,.F.);
#3365=DIRECTION('',(0.534997,0.844854,0));
#3366=VECTOR('',#3365,0.441742);
#3367=LINE('',#512,#3366);
#3368=EDGE_CURVE('',#513,#515,#3367,.T.);
#3369=ORIENTED_EDGE('',*,*,#3368,.F.);
#3370=DIRECTION('',(0.492898,0.870087,0));
#3371=VECTOR('',#3370,0.441742);
#3372=LINE('',#500,#3371);
#3373=EDGE_CURVE('',#501,#513,#3372,.T.);
#3374=ORIENTED_EDGE('',*,*,#3373,.F.);
#3375=DIRECTION('',(0.449611,0.893224,0));
#3376=VECTOR('',#3375,0.441742);
#3377=LINE('',#498,#3376);
#3378=EDGE_CURVE('',#499,#501,#3377,.T.);
#3379=ORIENTED_EDGE('',*,*,#3378,.F.);
#3380=DIRECTION('',(0.405242,0.91421,0));
#3381=VECTOR('',#3380,0.441742);
#3382=LINE('',#496,#3381);
#3383=EDGE_CURVE('',#497,#499,#3382,.T.);
#3384=ORIENTED_EDGE('',*,*,#3383,.F.);
#3385=DIRECTION('',(0.359896,0.932992,0));
#3386=VECTOR('',#3385,0.441742);
#3387=LINE('',#494,#3386);
#3388=EDGE_CURVE('',#495,#497,#3387,.T.);
#3389=ORIENTED_EDGE('',*,*,#3388,.F.);
#3390=DIRECTION('',(0.313681,0.949528,0));
#3391=VECTOR('',#3390,0.441742);
#3392=LINE('',#492,#3391);
#3393=EDGE_CURVE('',#493,#495,#3392,.T.);
#3394=ORIENTED_EDGE('',*,*,#3393,.F.);
#3395=DIRECTION('',(0.266712,0.963776,0));
#3396=VECTOR('',#3395,0.441742);
#3397=LINE('',#468,#3396);
#3398=EDGE_CURVE('',#469,#493,#3397,.T.);
#3399=ORIENTED_EDGE('',*,*,#3398,.F.);
#3400=DIRECTION('',(0.219102,0.975702,0));
#3401=VECTOR('',#3400,0.441742);
#3402=LINE('',#466,#3401);
#3403=EDGE_CURVE('',#467,#469,#3402,.T.);
#3404=ORIENTED_EDGE('',*,*,#3403,.F.);
#3405=DIRECTION('',(0.170963,0.985277,0));
#3406=VECTOR('',#3405,0.441742);
#3407=LINE('',#464,#3406);
#3408=EDGE_CURVE('',#465,#467,#3407,.T.);
#3409=ORIENTED_EDGE('',*,*,#3408,.F.);
#3410=DIRECTION('',(0.122409,0.99248,0));
#3411=VECTOR('',#3410,0.441742);
#3412=LINE('',#462,#3411);
#3413=EDGE_CURVE('',#463,#465,#3412,.T.);
#3414=ORIENTED_EDGE('',*,*,#3413,.F.);
#3415=DIRECTION('',(0.073564,0.99729,0));
#3416=VECTOR('',#3415,0.441742);
#3417=LINE('',#460,#3416);
#3418=EDGE_CURVE('',#461,#463,#3417,.T.);
#3419=ORIENTED_EDGE('',*,*,#3418,.F.);
#3420=DIRECTION('',(0.024542,0.999699,0));
#3421=VECTOR('',#3420,0.441742);
#3422=LINE('',#458,#3421);
#3423=EDGE_CURVE('',#459,#461,#3422,.T.);
#3424=ORIENTED_EDGE('',*,*,#3423,.F.);
#3425=DIRECTION('',(-0.024542,0.999699,0));
#3426=VECTOR('',#3425,0.441742);
#3427=LINE('',#224,#3426);
#3428=EDGE_CURVE('',#225,#459,#3427,.T.);
#3429=ORIENTED_EDGE('',*,*,#3428,.F.);
#3430=DIRECTION('',(-0.073564,0.99729,0));
#3431=VECTOR('',#3430,0.441742);
#3432=LINE('',#222,#3431);
#3433=EDGE_CURVE('',#223,#225,#3432,.T.);
#3434=ORIENTED_EDGE('',*,*,#3433,.F.);
#3435=DIRECTION('',(-0.122409,0.99248,0));
#3436=VECTOR('',#3435,0.441742);
#3437=LINE('',#220,#3436);
#3438=EDGE_CURVE('',#221,#223,#3437,.T.);
#3439=ORIENTED_EDGE('',*,*,#3438,.F.);
#3440=DIRECTION('',(-0.170963,0.985277,0));
#3441=VECTOR('',#3440,0.441742);
#3442=LINE('',#218,#3441);
#3443=EDGE_CURVE('',#219,#221,#3442,.T.);
#3444=ORIENTED_EDGE('',*,*,#3443,.F.);
#3445=DIRECTION('',(-0.219102,0.975702,0));
#3446=VECTOR('',#3445,0.441742);
#3447=LINE('',#216,#3446);
#3448=EDGE_CURVE('',#217,#219,#3447,.T.);
#3449=ORIENTED_EDGE('',*,*,#3448,.F.);
#3450=DIRECTION('',(-0.266712,0.963776,0));
#3451=VECTOR('',#3450,0.441742);
#3452=LINE('',#194,#3451);
#3453=EDGE_CURVE('',#195,#217,#3452,.T.);
#3454=ORIENTED_EDGE('',*,*,#3453,.F.);
#3455=DIRECTION('',(-0.313681,0.949528,0));
#3456=VECTOR('',#3455,0.441742);
#3457=LINE('',#192,#3456);
#3458=EDGE_CURVE('',#193,#195,#3457,.T.);
#3459=ORIENTED_EDGE('',*,*,#3458,.F.);
#3460=DIRECTION('',(-0.359896,0.932992,0));
#3461=VECTOR('',#3460,0.441742);
#3462=LINE('',#188,#3461);
#3463=EDGE_CURVE('',#189,#193,#3462,.T.);
#3464=ORIENTED_EDGE('',*,*,#3463,.F.);
#3465=DIRECTION('',(0.405242,-0.91421,0));
#3466=VECTOR('',#3465,0.441742);
#3467=LINE('',#188,#3466);
#3468=EDGE_CURVE('',#189,#191,#3467,.T.);
#3469=ORIENTED_EDGE('',*,*,#3468,.T.);
#3470=DIRECTION('',(-0.449611,0.893224,0));
#3471=VECTOR('',#3470,0.441742);
#3472=LINE('',#186,#3471);
#3473=EDGE_CURVE('',#187,#191,#3472,.T.);
#3474=ORIENTED_EDGE('',*,*,#3473,.F.);
#3475=DIRECTION('',(-0.492898,0.870087,0));
#3476=VECTOR('',#3475,0.441742);
#3477=LINE('',#116,#3476);
#3478=EDGE_CURVE('',#117,#187,#3477,.T.);
#3479=ORIENTED_EDGE('',*,*,#3478,.F.);
#3480=DIRECTION('',(0.534997,-0.844854,0));
#3481=VECTOR('',#3480,0.441742);
#3482=LINE('',#116,#3481);
#3483=EDGE_CURVE('',#117,#119,#3482,.T.);
#3484=ORIENTED_EDGE('',*,*,#3483,.T.);
#3485=DIRECTION('',(0.575807,-0.817585,0));
#3486=VECTOR('',#3485,0.441742);
#3487=LINE('',#118,#3486);
#3488=EDGE_CURVE('',#119,#121,#3487,.T.);
#3489=ORIENTED_EDGE('',*,*,#3488,.T.);
#3490=DIRECTION('',(-0.615232,0.788346,0));
#3491=VECTOR('',#3490,0.441742);
#3492=LINE('',#114,#3491);
#3493=EDGE_CURVE('',#115,#121,#3492,.T.);
#3494=ORIENTED_EDGE('',*,*,#3493,.F.);
#3495=DIRECTION('',(0.653173,-0.757209,0));
#3496=VECTOR('',#3495,0.441742);
#3497=LINE('',#114,#3496);
#3498=EDGE_CURVE('',#115,#161,#3497,.T.);
#3499=ORIENTED_EDGE('',*,*,#3498,.T.);
#3500=DIRECTION('',(-0.68954,0.724248,0));
#3501=VECTOR('',#3500,0.441742);
#3502=LINE('',#158,#3501);
#3503=EDGE_CURVE('',#159,#161,#3502,.T.);
#3504=ORIENTED_EDGE('',*,*,#3503,.F.);
#3505=DIRECTION('',(0.724248,-0.68954,0));
#3506=VECTOR('',#3505,0.441742);
#3507=LINE('',#158,#3506);
#3508=EDGE_CURVE('',#159,#163,#3507,.T.);
#3509=ORIENTED_EDGE('',*,*,#3508,.T.);
#3510=DIRECTION('',(-0.757209,0.653173,0));
#3511=VECTOR('',#3510,0.441742);
#3512=LINE('',#130,#3511);
#3513=EDGE_CURVE('',#131,#163,#3512,.T.);
#3514=ORIENTED_EDGE('',*,*,#3513,.F.);
#3515=DIRECTION('',(0.788346,-0.615232,0));
#3516=VECTOR('',#3515,0.441742);
#3517=LINE('',#130,#3516);
#3518=EDGE_CURVE('',#131,#133,#3517,.T.);
#3519=ORIENTED_EDGE('',*,*,#3518,.T.);
#3520=DIRECTION('',(0.817585,-0.575807,0));
#3521=VECTOR('',#3520,0.441742);
#3522=LINE('',#132,#3521);
#3523=EDGE_CURVE('',#133,#135,#3522,.T.);
#3524=ORIENTED_EDGE('',*,*,#3523,.T.);
#3525=DIRECTION('',(0.844854,-0.534997,0));
#3526=VECTOR('',#3525,0.441742);
#3527=LINE('',#134,#3526);
#3528=EDGE_CURVE('',#135,#137,#3527,.T.);
#3529=ORIENTED_EDGE('',*,*,#3528,.T.);
#3530=DIRECTION('',(0.870087,-0.492898,0));
#3531=VECTOR('',#3530,0.441742);
#3532=LINE('',#136,#3531);
#3533=EDGE_CURVE('',#137,#251,#3532,.T.);
#3534=ORIENTED_EDGE('',*,*,#3533,.T.);
#3535=DIRECTION('',(0.893224,-0.449611,0));
#3536=VECTOR('',#3535,0.441742);
#3537=LINE('',#250,#3536);
#3538=EDGE_CURVE('',#251,#253,#3537,.T.);
#3539=ORIENTED_EDGE('',*,*,#3538,.T.);
#3540=DIRECTION('',(0.91421,-0.405242,0));
#3541=VECTOR('',#3540,0.441742);
#3542=LINE('',#252,#3541);
#3543=EDGE_CURVE('',#253,#255,#3542,.T.);
#3544=ORIENTED_EDGE('',*,*,#3543,.T.);
#3545=DIRECTION('',(0.932992,-0.359896,0));
#3546=VECTOR('',#3545,0.441742);
#3547=LINE('',#254,#3546);
#3548=EDGE_CURVE('',#255,#257,#3547,.T.);
#3549=ORIENTED_EDGE('',*,*,#3548,.T.);
#3550=DIRECTION('',(0.949528,-0.313681,0));
#3551=VECTOR('',#3550,0.441742);
#3552=LINE('',#256,#3551);
#3553=EDGE_CURVE('',#257,#259,#3552,.T.);
#3554=ORIENTED_EDGE('',*,*,#3553,.T.);
#3555=EDGE_LOOP('',(#2919,#2924,#2929,#2934,#2939,#2944,#2949,#2954,#2959,#2964,#2969,#2974,#2979,#2984,#2989,#2994,#2999,#3004,#3009,#3014,#3019,#3024,#3029,#3034,#3039,#3044,#3049,#3054,#3059,#3064,#3069,#3074,#3079,#3084,#3089,#3094,#3099,#3104,#3109,#3114,#3119,#3124,#3129,#3134,#3139,#3144,#3149,#3154,#3159,#3164,#3169,#3174,#3179,#3184,#3189,#3194,#3199,#3204,#3209,#3214,#3219,#3224,#3229,#3234,#3239,#3244,#3249,#3254,#3259,#3264,#3269,#3274,#3279,#3284,#3289,#3294,#3299,#3304,#3309,#3314,#3319,#3324,#3329,#3334,#3339,#3344,#3349,#3354,#3359,#3364,#3369,#3374,#3379,#3384,#3389,#3394,#3399,#3404,#3409,#3414,#3419,#3424,#3429,#3434,#3439,#3444,#3449,#3454,#3459,#3464,#3469,#3474,#3479,#3484,#3489,#3494,#3499,#3504,#3509,#3514,#3519,#3524,#3529,#3534,#3539,#3544,#3549,#3554));
#3556=FACE_OUTER_BOUND('',#3555,.T.);
#3557=DIRECTION('',(-0.14673,0.989177,0));
#3558=VECTOR('',#3557,0.245338);
#3559=LINE('',#296,#3558);
#3560=EDGE_CURVE('',#297,#299,#3559,.T.);
#3561=ORIENTED_EDGE('',*,*,#3560,.T.);
#3562=DIRECTION('',(-0.049068,0.998795,0));
#3563=VECTOR('',#3562,0.245338);
#3564=LINE('',#298,#3563);
#3565=EDGE_CURVE('',#299,#563,#3564,.T.);
#3566=ORIENTED_EDGE('',*,*,#3565,.T.);
#3567=DIRECTION('',(0.049068,0.998795,0));
#3568=VECTOR('',#3567,0.245338);
#3569=LINE('',#562,#3568);
#3570=EDGE_CURVE('',#563,#565,#3569,.T.);
#3571=ORIENTED_EDGE('',*,*,#3570,.T.);
#3572=DIRECTION('',(0.14673,0.989177,0));
#3573=VECTOR('',#3572,0.245338);
#3574=LINE('',#564,#3573);
#3575=EDGE_CURVE('',#565,#567,#3574,.T.);
#3576=ORIENTED_EDGE('',*,*,#3575,.T.);
#3577=DIRECTION('',(0.24298,0.970031,0));
#3578=VECTOR('',#3577,0.245338);
#3579=LINE('',#566,#3578);
#3580=EDGE_CURVE('',#567,#569,#3579,.T.);
#3581=ORIENTED_EDGE('',*,*,#3580,.T.);
#3582=DIRECTION('',(0.33689,0.941544,0));
#3583=VECTOR('',#3582,0.245338);
#3584=LINE('',#568,#3583);
#3585=EDGE_CURVE('',#569,#571,#3584,.T.);
#3586=ORIENTED_EDGE('',*,*,#3585,.T.);
#3587=DIRECTION('',(0.427555,0.903989,0));
#3588=VECTOR('',#3587,0.245338);
#3589=LINE('',#570,#3588);
#3590=EDGE_CURVE('',#571,#573,#3589,.T.);
#3591=ORIENTED_EDGE('',*,*,#3590,.T.);
#3592=DIRECTION('',(0.514103,0.857729,0));
#3593=VECTOR('',#3592,0.245338);
#3594=LINE('',#572,#3593);
#3595=EDGE_CURVE('',#573,#575,#3594,.T.);
#3596=ORIENTED_EDGE('',*,*,#3595,.T.);
#3597=DIRECTION('',(0.5957,0.803207,0));
#3598=VECTOR('',#3597,0.245338);
#3599=LINE('',#574,#3598);
#3600=EDGE_CURVE('',#575,#577,#3599,.T.);
#3601=ORIENTED_EDGE('',*,*,#3600,.T.);
#3602=DIRECTION('',(0.671559,0.740951,0));
#3603=VECTOR('',#3602,0.245338);
#3604=LINE('',#576,#3603);
#3605=EDGE_CURVE('',#577,#579,#3604,.T.);
#3606=ORIENTED_EDGE('',*,*,#3605,.T.);
#3607=DIRECTION('',(0.740951,0.671559,0));
#3608=VECTOR('',#3607,0.245338);
#3609=LINE('',#578,#3608);
#3610=EDGE_CURVE('',#579,#581,#3609,.T.);
#3611=ORIENTED_EDGE('',*,*,#3610,.T.);
#3612=DIRECTION('',(0.803207,0.5957,0));
#3613=VECTOR('',#3612,0.245338);
#3614=LINE('',#580,#3613);
#3615=EDGE_CURVE('',#581,#583,#3614,.T.);
#3616=ORIENTED_EDGE('',*,*,#3615,.T.);
#3617=DIRECTION('',(0.857729,0.514103,0));
#3618=VECTOR('',#3617,0.245338);
#3619=LINE('',#582,#3618);
#3620=EDGE_CURVE('',#583,#585,#3619,.T.);
#3621=ORIENTED_EDGE('',*,*,#3620,.T.);
#3622=DIRECTION('',(0.903989,0.427555,0));
#3623=VECTOR('',#3622,0.245338);
#3624=LINE('',#584,#3623);
#3625=EDGE_CURVE('',#585,#587,#3624,.T.);
#3626=ORIENTED_EDGE('',*,*,#3625,.T.);
#3627=DIRECTION('',(0.941544,0.33689,0));
#3628=VECTOR('',#3627,0.079183);
#3629=LINE('',#586,#3628);
#3630=EDGE_CURVE('',#587,#589,#3629,.T.);
#3631=ORIENTED_EDGE('',*,*,#3630,.T.);
#3632=DIRECTION('',(0.941542,0.336895,0));
#3633=VECTOR('',#3632,0.018949);
#3634=LINE('',#588,#3633);
#3635=EDGE_CURVE('',#589,#591,#3634,.T.);
#3636=ORIENTED_EDGE('',*,*,#3635,.T.);
#3637=DIRECTION('',(0.941544,0.33689,0));
#3638=VECTOR('',#3637,0.147206);
#3639=LINE('',#590,#3638);
#3640=EDGE_CURVE('',#591,#593,#3639,.T.);
#3641=ORIENTED_EDGE('',*,*,#3640,.T.);
#3642=DIRECTION('',(0.970031,0.24298,0));
#3643=VECTOR('',#3642,0.245338);
#3644=LINE('',#592,#3643);
#3645=EDGE_CURVE('',#593,#595,#3644,.T.);
#3646=ORIENTED_EDGE('',*,*,#3645,.T.);
#3647=DIRECTION('',(0.989177,0.146729,0));
#3648=VECTOR('',#3647,0.046621);
#3649=LINE('',#594,#3648);
#3650=EDGE_CURVE('',#595,#597,#3649,.T.);
#3651=ORIENTED_EDGE('',*,*,#3650,.T.);
#3652=DIRECTION('',(0.989176,0.146731,0));
#3653=VECTOR('',#3652,0.013491);
#3654=LINE('',#596,#3653);
#3655=EDGE_CURVE('',#597,#599,#3654,.T.);
#3656=ORIENTED_EDGE('',*,*,#3655,.T.);
#3657=DIRECTION('',(0.989176,0.146731,0));
#3658=VECTOR('',#3657,0.185226);
#3659=LINE('',#598,#3658);
#3660=EDGE_CURVE('',#599,#601,#3659,.T.);
#3661=ORIENTED_EDGE('',*,*,#3660,.T.);
#3662=DIRECTION('',(0.998795,0.049068,0));
#3663=VECTOR('',#3662,0.245338);
#3664=LINE('',#600,#3663);
#3665=EDGE_CURVE('',#601,#1113,#3664,.T.);
#3666=ORIENTED_EDGE('',*,*,#3665,.T.);
#3667=DIRECTION('',(0.998795,-0.049068,0));
#3668=VECTOR('',#3667,0.245338);
#3669=LINE('',#1112,#3668);
#3670=EDGE_CURVE('',#1113,#1115,#3669,.T.);
#3671=ORIENTED_EDGE('',*,*,#3670,.T.);
#3672=DIRECTION('',(0.989177,-0.14673,0));
#3673=VECTOR('',#3672,0.245338);
#3674=LINE('',#1114,#3673);
#3675=EDGE_CURVE('',#1115,#1117,#3674,.T.);
#3676=ORIENTED_EDGE('',*,*,#3675,.T.);
#3677=DIRECTION('',(0.970031,-0.24298,0));
#3678=VECTOR('',#3677,0.245338);
#3679=LINE('',#1116,#3678);
#3680=EDGE_CURVE('',#1117,#1119,#3679,.T.);
#3681=ORIENTED_EDGE('',*,*,#3680,.T.);
#3682=DIRECTION('',(0.941544,-0.33689,0));
#3683=VECTOR('',#3682,0.245338);
#3684=LINE('',#1118,#3683);
#3685=EDGE_CURVE('',#1119,#1121,#3684,.T.);
#3686=ORIENTED_EDGE('',*,*,#3685,.T.);
#3687=DIRECTION('',(-0.903989,0.427555,0));
#3688=VECTOR('',#3687,0.245338);
#3689=LINE('',#1094,#3688);
#3690=EDGE_CURVE('',#1095,#1121,#3689,.T.);
#3691=ORIENTED_EDGE('',*,*,#3690,.F.);
#3692=DIRECTION('',(0.857729,-0.514103,0));
#3693=VECTOR('',#3692,0.245338);
#3694=LINE('',#1094,#3693);
#3695=EDGE_CURVE('',#1095,#1097,#3694,.T.);
#3696=ORIENTED_EDGE('',*,*,#3695,.T.);
#3697=DIRECTION('',(0.803207,-0.5957,0));
#3698=VECTOR('',#3697,0.245338);
#3699=LINE('',#1096,#3698);
#3700=EDGE_CURVE('',#1097,#1099,#3699,.T.);
#3701=ORIENTED_EDGE('',*,*,#3700,.T.);
#3702=DIRECTION('',(0.740951,-0.671559,0));
#3703=VECTOR('',#3702,0.245338);
#3704=LINE('',#1098,#3703);
#3705=EDGE_CURVE('',#1099,#1111,#3704,.T.);
#3706=ORIENTED_EDGE('',*,*,#3705,.T.);
#3707=DIRECTION('',(-0.671559,0.740951,0));
#3708=VECTOR('',#3707,0.245338);
#3709=LINE('',#1100,#3708);
#3710=EDGE_CURVE('',#1101,#1111,#3709,.T.);
#3711=ORIENTED_EDGE('',*,*,#3710,.F.);
#3712=DIRECTION('',(0.5957,-0.803207,0));
#3713=VECTOR('',#3712,0.245338);
#3714=LINE('',#1100,#3713);
#3715=EDGE_CURVE('',#1101,#1103,#3714,.T.);
#3716=ORIENTED_EDGE('',*,*,#3715,.T.);
#3717=DIRECTION('',(0.514103,-0.857728,0));
#3718=VECTOR('',#3717,0.210362);
#3719=LINE('',#1102,#3718);
#3720=EDGE_CURVE('',#1103,#1109,#3719,.T.);
#3721=ORIENTED_EDGE('',*,*,#3720,.T.);
#3722=DIRECTION('',(-0.514102,0.857729,0));
#3723=VECTOR('',#3722,0.034977);
#3724=LINE('',#1106,#3723);
#3725=EDGE_CURVE('',#1107,#1109,#3724,.T.);
#3726=ORIENTED_EDGE('',*,*,#3725,.F.);
#3727=DIRECTION('',(-0.427557,0.903988,0));
#3728=VECTOR('',#3727,0.015576);
#3729=LINE('',#1104,#3728);
#3730=EDGE_CURVE('',#1105,#1107,#3729,.T.);
#3731=ORIENTED_EDGE('',*,*,#3730,.F.);
#3732=DIRECTION('',(0.427555,-0.903989,0));
#3733=VECTOR('',#3732,0.229762);
#3734=LINE('',#1104,#3733);
#3735=EDGE_CURVE('',#1105,#1131,#3734,.T.);
#3736=ORIENTED_EDGE('',*,*,#3735,.T.);
#3737=DIRECTION('',(-0.33689,0.941544,0));
#3738=VECTOR('',#3737,0.245338);
#3739=LINE('',#1128,#3738);
#3740=EDGE_CURVE('',#1129,#1131,#3739,.T.);
#3741=ORIENTED_EDGE('',*,*,#3740,.F.);
#3742=DIRECTION('',(-0.24298,0.970031,0));
#3743=VECTOR('',#3742,0.245338);
#3744=LINE('',#1126,#3743);
#3745=EDGE_CURVE('',#1127,#1129,#3744,.T.);
#3746=ORIENTED_EDGE('',*,*,#3745,.F.);
#3747=DIRECTION('',(-0.14673,0.989177,0));
#3748=VECTOR('',#3747,0.245338);
#3749=LINE('',#1124,#3748);
#3750=EDGE_CURVE('',#1125,#1127,#3749,.T.);
#3751=ORIENTED_EDGE('',*,*,#3750,.F.);
#3752=DIRECTION('',(-0.049068,0.998795,0));
#3753=VECTOR('',#3752,0.245338);
#3754=LINE('',#1122,#3753);
#3755=EDGE_CURVE('',#1123,#1125,#3754,.T.);
#3756=ORIENTED_EDGE('',*,*,#3755,.F.);
#3757=DIRECTION('',(0.049068,0.998795,0));
#3758=VECTOR('',#3757,0.245338);
#3759=LINE('',#870,#3758);
#3760=EDGE_CURVE('',#871,#1123,#3759,.T.);
#3761=ORIENTED_EDGE('',*,*,#3760,.F.);
#3762=DIRECTION('',(0.14673,0.989177,0));
#3763=VECTOR('',#3762,0.245338);
#3764=LINE('',#868,#3763);
#3765=EDGE_CURVE('',#869,#871,#3764,.T.);
#3766=ORIENTED_EDGE('',*,*,#3765,.F.);
#3767=DIRECTION('',(0.24298,0.970031,0));
#3768=VECTOR('',#3767,0.245338);
#3769=LINE('',#866,#3768);
#3770=EDGE_CURVE('',#867,#869,#3769,.T.);
#3771=ORIENTED_EDGE('',*,*,#3770,.F.);
#3772=DIRECTION('',(0.33689,0.941544,0));
#3773=VECTOR('',#3772,0.245338);
#3774=LINE('',#864,#3773);
#3775=EDGE_CURVE('',#865,#867,#3774,.T.);
#3776=ORIENTED_EDGE('',*,*,#3775,.F.);
#3777=DIRECTION('',(0.427554,0.90399,0));
#3778=VECTOR('',#3777,0.098864);
#3779=LINE('',#862,#3778);
#3780=EDGE_CURVE('',#863,#865,#3779,.T.);
#3781=ORIENTED_EDGE('',*,*,#3780,.F.);
#3782=DIRECTION('',(0.427555,0.903989,0));
#3783=VECTOR('',#3782,0.146474);
#3784=LINE('',#860,#3783);
#3785=EDGE_CURVE('',#861,#863,#3784,.T.);
#3786=ORIENTED_EDGE('',*,*,#3785,.F.);
#3787=DIRECTION('',(0.514102,0.857729,0));
#3788=VECTOR('',#3787,0.034977);
#3789=LINE('',#858,#3788);
#3790=EDGE_CURVE('',#859,#861,#3789,.T.);
#3791=ORIENTED_EDGE('',*,*,#3790,.F.);
#3792=DIRECTION('',(0.514103,0.857728,0));
#3793=VECTOR('',#3792,0.210362);
#3794=LINE('',#856,#3793);
#3795=EDGE_CURVE('',#857,#859,#3794,.T.);
#3796=ORIENTED_EDGE('',*,*,#3795,.F.);
#3797=DIRECTION('',(0.5957,0.803207,0));
#3798=VECTOR('',#3797,0.245338);
#3799=LINE('',#854,#3798);
#3800=EDGE_CURVE('',#855,#857,#3799,.T.);
#3801=ORIENTED_EDGE('',*,*,#3800,.F.);
#3802=DIRECTION('',(0.671537,0.740971,0));
#3803=VECTOR('',#3802,0.000831);
#3804=LINE('',#852,#3803);
#3805=EDGE_CURVE('',#853,#855,#3804,.T.);
#3806=ORIENTED_EDGE('',*,*,#3805,.F.);
#3807=DIRECTION('',(0.671559,0.740951,0));
#3808=VECTOR('',#3807,0.244507);
#3809=LINE('',#850,#3808);
#3810=EDGE_CURVE('',#851,#853,#3809,.T.);
#3811=ORIENTED_EDGE('',*,*,#3810,.F.);
#3812=DIRECTION('',(0.74095,0.67156,0));
#3813=VECTOR('',#3812,0.016133);
#3814=LINE('',#848,#3813);
#3815=EDGE_CURVE('',#849,#851,#3814,.T.);
#3816=ORIENTED_EDGE('',*,*,#3815,.F.);
#3817=DIRECTION('',(0.740951,0.671559,0));
#3818=VECTOR('',#3817,0.229205);
#3819=LINE('',#846,#3818);
#3820=EDGE_CURVE('',#847,#849,#3819,.T.);
#3821=ORIENTED_EDGE('',*,*,#3820,.F.);
#3822=DIRECTION('',(0.803207,0.5957,0));
#3823=VECTOR('',#3822,0.245338);
#3824=LINE('',#844,#3823);
#3825=EDGE_CURVE('',#845,#847,#3824,.T.);
#3826=ORIENTED_EDGE('',*,*,#3825,.F.);
#3827=DIRECTION('',(0.857729,0.514103,0));
#3828=VECTOR('',#3827,0.245338);
#3829=LINE('',#842,#3828);
#3830=EDGE_CURVE('',#843,#845,#3829,.T.);
#3831=ORIENTED_EDGE('',*,*,#3830,.F.);
#3832=DIRECTION('',(0.903989,0.427555,0));
#3833=VECTOR('',#3832,0.245338);
#3834=LINE('',#840,#3833);
#3835=EDGE_CURVE('',#841,#843,#3834,.T.);
#3836=ORIENTED_EDGE('',*,*,#3835,.F.);
#3837=DIRECTION('',(0.941544,0.33689,0));
#3838=VECTOR('',#3837,0.245338);
#3839=LINE('',#838,#3838);
#3840=EDGE_CURVE('',#839,#841,#3839,.T.);
#3841=ORIENTED_EDGE('',*,*,#3840,.F.);
#3842=DIRECTION('',(0.970031,0.24298,0));
#3843=VECTOR('',#3842,0.245338);
#3844=LINE('',#836,#3843);
#3845=EDGE_CURVE('',#837,#839,#3844,.T.);
#3846=ORIENTED_EDGE('',*,*,#3845,.F.);
#3847=DIRECTION('',(0.989177,0.14673,0));
#3848=VECTOR('',#3847,0.245338);
#3849=LINE('',#834,#3848);
#3850=EDGE_CURVE('',#835,#837,#3849,.T.);
#3851=ORIENTED_EDGE('',*,*,#3850,.F.);
#3852=DIRECTION('',(0.998795,0.049068,0));
#3853=VECTOR('',#3852,0.245338);
#3854=LINE('',#832,#3853);
#3855=EDGE_CURVE('',#833,#835,#3854,.T.);
#3856=ORIENTED_EDGE('',*,*,#3855,.F.);
#3857=DIRECTION('',(0.998795,-0.049068,0));
#3858=VECTOR('',#3857,0.245338);
#3859=LINE('',#314,#3858);
#3860=EDGE_CURVE('',#315,#833,#3859,.T.);
#3861=ORIENTED_EDGE('',*,*,#3860,.F.);
#3862=DIRECTION('',(0.989176,-0.146731,0));
#3863=VECTOR('',#3862,0.16641);
#3864=LINE('',#312,#3863);
#3865=EDGE_CURVE('',#313,#315,#3864,.T.);
#3866=ORIENTED_EDGE('',*,*,#3865,.F.);
#3867=DIRECTION('',(0.989177,-0.146731,0));
#3868=VECTOR('',#3867,0.032307);
#3869=LINE('',#310,#3868);
#3870=EDGE_CURVE('',#311,#313,#3869,.T.);
#3871=ORIENTED_EDGE('',*,*,#3870,.F.);
#3872=DIRECTION('',(0.989177,-0.146729,0));
#3873=VECTOR('',#3872,0.046621);
#3874=LINE('',#308,#3873);
#3875=EDGE_CURVE('',#309,#311,#3874,.T.);
#3876=ORIENTED_EDGE('',*,*,#3875,.F.);
#3877=DIRECTION('',(0.970031,-0.24298,0));
#3878=VECTOR('',#3877,0.245338);
#3879=LINE('',#304,#3878);
#3880=EDGE_CURVE('',#305,#309,#3879,.T.);
#3881=ORIENTED_EDGE('',*,*,#3880,.F.);
#3882=DIRECTION('',(-0.941544,0.336891,0));
#3883=VECTOR('',#3882,0.092385);
#3884=LINE('',#304,#3883);
#3885=EDGE_CURVE('',#305,#307,#3884,.T.);
#3886=ORIENTED_EDGE('',*,*,#3885,.T.);
#3887=DIRECTION('',(0.941544,-0.336889,0));
#3888=VECTOR('',#3887,0.073771);
#3889=LINE('',#302,#3888);
#3890=EDGE_CURVE('',#303,#307,#3889,.T.);
#3891=ORIENTED_EDGE('',*,*,#3890,.F.);
#3892=DIRECTION('',(0.941544,-0.33689,0));
#3893=VECTOR('',#3892,0.079183);
#3894=LINE('',#300,#3893);
#3895=EDGE_CURVE('',#301,#303,#3894,.T.);
#3896=ORIENTED_EDGE('',*,*,#3895,.F.);
#3897=DIRECTION('',(-0.903989,0.427555,0));
#3898=VECTOR('',#3897,0.245338);
#3899=LINE('',#300,#3898);
#3900=EDGE_CURVE('',#301,#337,#3899,.T.);
#3901=ORIENTED_EDGE('',*,*,#3900,.T.);
#3902=DIRECTION('',(0.857729,-0.514102,0));
#3903=VECTOR('',#3902,0.020306);
#3904=LINE('',#334,#3903);
#3905=EDGE_CURVE('',#335,#337,#3904,.T.);
#3906=ORIENTED_EDGE('',*,*,#3905,.F.);
#3907=DIRECTION('',(0.857728,-0.514103,0));
#3908=VECTOR('',#3907,0.145344);
#3909=LINE('',#330,#3908);
#3910=EDGE_CURVE('',#331,#335,#3909,.T.);
#3911=ORIENTED_EDGE('',*,*,#3910,.F.);
#3912=DIRECTION('',(-0.857729,0.514103,0));
#3913=VECTOR('',#3912,0.079689);
#3914=LINE('',#330,#3913);
#3915=EDGE_CURVE('',#331,#333,#3914,.T.);
#3916=ORIENTED_EDGE('',*,*,#3915,.T.);
#3917=DIRECTION('',(0.803207,-0.5957,0));
#3918=VECTOR('',#3917,0.245338);
#3919=LINE('',#328,#3918);
#3920=EDGE_CURVE('',#329,#333,#3919,.T.);
#3921=ORIENTED_EDGE('',*,*,#3920,.F.);
#3922=DIRECTION('',(0.740955,-0.671555,0));
#3923=VECTOR('',#3922,0.005794);
#3924=LINE('',#326,#3923);
#3925=EDGE_CURVE('',#327,#329,#3924,.T.);
#3926=ORIENTED_EDGE('',*,*,#3925,.F.);
#3927=DIRECTION('',(0.740951,-0.671559,0));
#3928=VECTOR('',#3927,0.223411);
#3929=LINE('',#318,#3928);
#3930=EDGE_CURVE('',#319,#327,#3929,.T.);
#3931=ORIENTED_EDGE('',*,*,#3930,.F.);
#3932=DIRECTION('',(0.74095,-0.67156,0));
#3933=VECTOR('',#3932,0.016133);
#3934=LINE('',#316,#3933);
#3935=EDGE_CURVE('',#317,#319,#3934,.T.);
#3936=ORIENTED_EDGE('',*,*,#3935,.F.);
#3937=DIRECTION('',(-0.671559,0.740951,0));
#3938=VECTOR('',#3937,0.245338);
#3939=LINE('',#316,#3938);
#3940=EDGE_CURVE('',#317,#325,#3939,.T.);
#3941=ORIENTED_EDGE('',*,*,#3940,.T.);
#3942=DIRECTION('',(0.5957,-0.803207,0));
#3943=VECTOR('',#3942,0.245338);
#3944=LINE('',#322,#3943);
#3945=EDGE_CURVE('',#323,#325,#3944,.T.);
#3946=ORIENTED_EDGE('',*,*,#3945,.F.);
#3947=DIRECTION('',(0.514103,-0.857729,0));
#3948=VECTOR('',#3947,0.245338);
#3949=LINE('',#320,#3948);
#3950=EDGE_CURVE('',#321,#323,#3949,.T.);
#3951=ORIENTED_EDGE('',*,*,#3950,.F.);
#3952=DIRECTION('',(0.427555,-0.903989,0));
#3953=VECTOR('',#3952,0.245338);
#3954=LINE('',#292,#3953);
#3955=EDGE_CURVE('',#293,#321,#3954,.T.);
#3956=ORIENTED_EDGE('',*,*,#3955,.F.);
#3957=DIRECTION('',(-0.33689,0.941544,0));
#3958=VECTOR('',#3957,0.245338);
#3959=LINE('',#292,#3958);
#3960=EDGE_CURVE('',#293,#295,#3959,.T.);
#3961=ORIENTED_EDGE('',*,*,#3960,.T.);
#3962=DIRECTION('',(-0.24298,0.970031,0));
#3963=VECTOR('',#3962,0.245338);
#3964=LINE('',#294,#3963);
#3965=EDGE_CURVE('',#295,#297,#3964,.T.);
#3966=ORIENTED_EDGE('',*,*,#3965,.T.);
#3967=EDGE_LOOP('',(#3561,#3566,#3571,#3576,#3581,#3586,#3591,#3596,#3601,#3606,#3611,#3616,#3621,#3626,#3631,#3636,#3641,#3646,#3651,#3656,#3661,#3666,#3671,#3676,#3681,#3686,#3691,#3696,#3701,#3706,#3711,#3716,#3721,#3726,#3731,#3736,#3741,#3746,#3751,#3756,#3761,#3766,#3771,#3776,#3781,#3786,#3791,#3796,#3801,#3806,#3811,#3816,#3821,#3826,#3831,#3836,#3841,#3846,#3851,#3856,#3861,#3866,#3871,#3876,#3881,#3886,#3891,#3896,#3901,#3906,#3911,#3916,#3921,#3926,#3931,#3936,#3941,#3946,#3951,#3956,#3961,#3966));
#3968=FACE_BOUND('',#3967,.T.);
#3969=ADVANCED_FACE('',(#3556,#3968),#2914,.T.);
#3970=DIRECTION('',(-0.999699,0.024541,0));
#3971=DIRECTION('',(0,-0,1));
#3972=AXIS2_PLACEMENT_3D('',#340,#3970,#3971);
#3973=PLANE('',#3972);
#3974=ORIENTED_EDGE('',*,*,#1590,.F.);
#3975=ORIENTED_EDGE('',*,*,#2642,.T.);
#3976=DIRECTION('',(0.024541,0.999699,0));
#3977=VECTOR('',#3976,0.39266);
#3978=LINE('',#440,#3977);
#3979=EDGE_CURVE('',#441,#443,#3978,.T.);
#3980=ORIENTED_EDGE('',*,*,#3979,.T.);
#3981=DIRECTION('',(0,0,1));
#3982=VECTOR('',#3981,4);
#3983=LINE('',#340,#3982);
#3984=EDGE_CURVE('',#341,#443,#3983,.T.);
#3985=ORIENTED_EDGE('',*,*,#3984,.F.);
#3986=EDGE_LOOP('',(#3974,#3975,#3980,#3985));
#3987=FACE_OUTER_BOUND('',#3986,.T.);
#3988=ADVANCED_FACE('',(#3987),#3973,.T.);
#3989=DIRECTION('',(-0.99729,0.073565,0));
#3990=DIRECTION('',(0,-0,1));
#3991=AXIS2_PLACEMENT_3D('',#444,#3989,#3990);
#3992=PLANE('',#3991);
#3993=DIRECTION('',(0,0,1));
#3994=VECTOR('',#3993,4);
#3995=LINE('',#342,#3994);
#3996=EDGE_CURVE('',#343,#445,#3995,.T.);
#3997=ORIENTED_EDGE('',*,*,#3996,.F.);
#3998=ORIENTED_EDGE('',*,*,#1595,.F.);
#3999=ORIENTED_EDGE('',*,*,#3984,.T.);
#4000=DIRECTION('',(0.073565,0.99729,0));
#4001=VECTOR('',#4000,0.39266);
#4002=LINE('',#442,#4001);
#4003=EDGE_CURVE('',#443,#445,#4002,.T.);
#4004=ORIENTED_EDGE('',*,*,#4003,.T.);
#4005=EDGE_LOOP('',(#3997,#3998,#3999,#4004));
#4006=FACE_OUTER_BOUND('',#4005,.T.);
#4007=ADVANCED_FACE('',(#4006),#3992,.T.);
#4008=DIRECTION('',(-0.99248,0.122411,0));
#4009=DIRECTION('',(0,-0,1));
#4010=AXIS2_PLACEMENT_3D('',#444,#4008,#4009);
#4011=PLANE('',#4010);
#4012=DIRECTION('',(0.122411,0.99248,0));
#4013=VECTOR('',#4012,0.39266);
#4014=LINE('',#444,#4013);
#4015=EDGE_CURVE('',#445,#453,#4014,.T.);
#4016=ORIENTED_EDGE('',*,*,#4015,.T.);
#4017=DIRECTION('',(0,0,1));
#4018=VECTOR('',#4017,4);
#4019=LINE('',#344,#4018);
#4020=EDGE_CURVE('',#345,#453,#4019,.T.);
#4021=ORIENTED_EDGE('',*,*,#4020,.F.);
#4022=ORIENTED_EDGE('',*,*,#1600,.F.);
#4023=ORIENTED_EDGE('',*,*,#3996,.T.);
#4024=EDGE_LOOP('',(#4016,#4021,#4022,#4023));
#4025=FACE_OUTER_BOUND('',#4024,.T.);
#4026=ADVANCED_FACE('',(#4025),#4011,.T.);
#4027=DIRECTION('',(-0.985278,0.170962,0));
#4028=DIRECTION('',(0,-0,1));
#4029=AXIS2_PLACEMENT_3D('',#344,#4027,#4028);
#4030=PLANE('',#4029);
#4031=ORIENTED_EDGE('',*,*,#4020,.T.);
#4032=DIRECTION('',(0.170962,0.985278,0));
#4033=VECTOR('',#4032,0.39266);
#4034=LINE('',#452,#4033);
#4035=EDGE_CURVE('',#453,#455,#4034,.T.);
#4036=ORIENTED_EDGE('',*,*,#4035,.T.);
#4037=DIRECTION('',(0,0,1));
#4038=VECTOR('',#4037,4);
#4039=LINE('',#346,#4038);
#4040=EDGE_CURVE('',#347,#455,#4039,.T.);
#4041=ORIENTED_EDGE('',*,*,#4040,.F.);
#4042=ORIENTED_EDGE('',*,*,#1605,.F.);
#4043=EDGE_LOOP('',(#4031,#4036,#4041,#4042));
#4044=FACE_OUTER_BOUND('',#4043,.T.);
#4045=ADVANCED_FACE('',(#4044),#4030,.T.);
#4046=DIRECTION('',(-0.975702,0.219101,0));
#4047=DIRECTION('',(0,-0,1));
#4048=AXIS2_PLACEMENT_3D('',#456,#4046,#4047);
#4049=PLANE('',#4048);
#4050=DIRECTION('',(0,0,1));
#4051=VECTOR('',#4050,4);
#4052=LINE('',#348,#4051);
#4053=EDGE_CURVE('',#349,#457,#4052,.T.);
#4054=ORIENTED_EDGE('',*,*,#4053,.F.);
#4055=ORIENTED_EDGE('',*,*,#1610,.F.);
#4056=ORIENTED_EDGE('',*,*,#4040,.T.);
#4057=DIRECTION('',(0.219101,0.975702,0));
#4058=VECTOR('',#4057,0.39266);
#4059=LINE('',#454,#4058);
#4060=EDGE_CURVE('',#455,#457,#4059,.T.);
#4061=ORIENTED_EDGE('',*,*,#4060,.T.);
#4062=EDGE_LOOP('',(#4054,#4055,#4056,#4061));
#4063=FACE_OUTER_BOUND('',#4062,.T.);
#4064=ADVANCED_FACE('',(#4063),#4049,.T.);
#4065=DIRECTION('',(-0.963776,0.266713,0));
#4066=DIRECTION('',(0,-0,1));
#4067=AXIS2_PLACEMENT_3D('',#350,#4065,#4066);
#4068=PLANE('',#4067);
#4069=ORIENTED_EDGE('',*,*,#1615,.F.);
#4070=ORIENTED_EDGE('',*,*,#4053,.T.);
#4071=DIRECTION('',(0.266713,0.963776,0));
#4072=VECTOR('',#4071,0.39266);
#4073=LINE('',#456,#4072);
#4074=EDGE_CURVE('',#457,#481,#4073,.T.);
#4075=ORIENTED_EDGE('',*,*,#4074,.T.);
#4076=DIRECTION('',(0,0,1));
#4077=VECTOR('',#4076,4);
#4078=LINE('',#350,#4077);
#4079=EDGE_CURVE('',#351,#481,#4078,.T.);
#4080=ORIENTED_EDGE('',*,*,#4079,.F.);
#4081=EDGE_LOOP('',(#4069,#4070,#4075,#4080));
#4082=FACE_OUTER_BOUND('',#4081,.T.);
#4083=ADVANCED_FACE('',(#4082),#4068,.T.);
#4084=DIRECTION('',(-0.949528,0.313682,0));
#4085=DIRECTION('',(0,-0,1));
#4086=AXIS2_PLACEMENT_3D('',#350,#4084,#4085);
#4087=PLANE('',#4086);
#4088=ORIENTED_EDGE('',*,*,#4079,.T.);
#4089=DIRECTION('',(0.313682,0.949528,0));
#4090=VECTOR('',#4089,0.39266);
#4091=LINE('',#480,#4090);
#4092=EDGE_CURVE('',#481,#483,#4091,.T.);
#4093=ORIENTED_EDGE('',*,*,#4092,.T.);
#4094=DIRECTION('',(0,0,1));
#4095=VECTOR('',#4094,4);
#4096=LINE('',#352,#4095);
#4097=EDGE_CURVE('',#353,#483,#4096,.T.);
#4098=ORIENTED_EDGE('',*,*,#4097,.F.);
#4099=ORIENTED_EDGE('',*,*,#1620,.F.);
#4100=EDGE_LOOP('',(#4088,#4093,#4098,#4099));
#4101=FACE_OUTER_BOUND('',#4100,.T.);
#4102=ADVANCED_FACE('',(#4101),#4087,.T.);
#4103=DIRECTION('',(-0.932993,0.359895,0));
#4104=DIRECTION('',(0,-0,1));
#4105=AXIS2_PLACEMENT_3D('',#352,#4103,#4104);
#4106=PLANE('',#4105);
#4107=ORIENTED_EDGE('',*,*,#4097,.T.);
#4108=DIRECTION('',(0.359895,0.932993,0));
#4109=VECTOR('',#4108,0.39266);
#4110=LINE('',#482,#4109);
#4111=EDGE_CURVE('',#483,#485,#4110,.T.);
#4112=ORIENTED_EDGE('',*,*,#4111,.T.);
#4113=DIRECTION('',(0,0,1));
#4114=VECTOR('',#4113,4);
#4115=LINE('',#354,#4114);
#4116=EDGE_CURVE('',#355,#485,#4115,.T.);
#4117=ORIENTED_EDGE('',*,*,#4116,.F.);
#4118=ORIENTED_EDGE('',*,*,#1625,.F.);
#4119=EDGE_LOOP('',(#4107,#4112,#4117,#4118));
#4120=FACE_OUTER_BOUND('',#4119,.T.);
#4121=ADVANCED_FACE('',(#4120),#4106,.T.);
#4122=DIRECTION('',(-0.91421,0.40524,0));
#4123=DIRECTION('',(0,-0,1));
#4124=AXIS2_PLACEMENT_3D('',#486,#4122,#4123);
#4125=PLANE('',#4124);
#4126=DIRECTION('',(0,0,1));
#4127=VECTOR('',#4126,4);
#4128=LINE('',#356,#4127);
#4129=EDGE_CURVE('',#357,#487,#4128,.T.);
#4130=ORIENTED_EDGE('',*,*,#4129,.F.);
#4131=ORIENTED_EDGE('',*,*,#1630,.F.);
#4132=ORIENTED_EDGE('',*,*,#4116,.T.);
#4133=DIRECTION('',(0.40524,0.91421,0));
#4134=VECTOR('',#4133,0.392659);
#4135=LINE('',#484,#4134);
#4136=EDGE_CURVE('',#485,#487,#4135,.T.);
#4137=ORIENTED_EDGE('',*,*,#4136,.T.);
#4138=EDGE_LOOP('',(#4130,#4131,#4132,#4137));
#4139=FACE_OUTER_BOUND('',#4138,.T.);
#4140=ADVANCED_FACE('',(#4139),#4125,.T.);
#4141=DIRECTION('',(-0.893224,0.449611,0));
#4142=DIRECTION('',(0,-0,1));
#4143=AXIS2_PLACEMENT_3D('',#358,#4141,#4142);
#4144=PLANE('',#4143);
#4145=ORIENTED_EDGE('',*,*,#1635,.F.);
#4146=ORIENTED_EDGE('',*,*,#4129,.T.);
#4147=DIRECTION('',(0.449611,0.893224,0));
#4148=VECTOR('',#4147,0.39266);
#4149=LINE('',#486,#4148);
#4150=EDGE_CURVE('',#487,#489,#4149,.T.);
#4151=ORIENTED_EDGE('',*,*,#4150,.T.);
#4152=DIRECTION('',(0,0,1));
#4153=VECTOR('',#4152,4);
#4154=LINE('',#358,#4153);
#4155=EDGE_CURVE('',#359,#489,#4154,.T.);
#4156=ORIENTED_EDGE('',*,*,#4155,.F.);
#4157=EDGE_LOOP('',(#4145,#4146,#4151,#4156));
#4158=FACE_OUTER_BOUND('',#4157,.T.);
#4159=ADVANCED_FACE('',(#4158),#4144,.T.);
#4160=DIRECTION('',(-0.870087,0.492899,0));
#4161=DIRECTION('',(0,-0,1));
#4162=AXIS2_PLACEMENT_3D('',#358,#4160,#4161);
#4163=PLANE('',#4162);
#4164=ORIENTED_EDGE('',*,*,#4155,.T.);
#4165=DIRECTION('',(0.492899,0.870087,0));
#4166=VECTOR('',#4165,0.39266);
#4167=LINE('',#488,#4166);
#4168=EDGE_CURVE('',#489,#491,#4167,.T.);
#4169=ORIENTED_EDGE('',*,*,#4168,.T.);
#4170=DIRECTION('',(0,0,1));
#4171=VECTOR('',#4170,4);
#4172=LINE('',#360,#4171);
#4173=EDGE_CURVE('',#361,#491,#4172,.T.);
#4174=ORIENTED_EDGE('',*,*,#4173,.F.);
#4175=ORIENTED_EDGE('',*,*,#1640,.F.);
#4176=EDGE_LOOP('',(#4164,#4169,#4174,#4175));
#4177=FACE_OUTER_BOUND('',#4176,.T.);
#4178=ADVANCED_FACE('',(#4177),#4163,.T.);
#4179=DIRECTION('',(-0.844853,0.534998,0));
#4180=DIRECTION('',(0,-0,1));
#4181=AXIS2_PLACEMENT_3D('',#490,#4179,#4180);
#4182=PLANE('',#4181);
#4183=DIRECTION('',(0.534998,0.844853,0));
#4184=VECTOR('',#4183,0.39266);
#4185=LINE('',#490,#4184);
#4186=EDGE_CURVE('',#491,#503,#4185,.T.);
#4187=ORIENTED_EDGE('',*,*,#4186,.T.);
#4188=DIRECTION('',(0,0,1));
#4189=VECTOR('',#4188,4);
#4190=LINE('',#362,#4189);
#4191=EDGE_CURVE('',#363,#503,#4190,.T.);
#4192=ORIENTED_EDGE('',*,*,#4191,.F.);
#4193=ORIENTED_EDGE('',*,*,#1645,.F.);
#4194=ORIENTED_EDGE('',*,*,#4173,.T.);
#4195=EDGE_LOOP('',(#4187,#4192,#4193,#4194));
#4196=FACE_OUTER_BOUND('',#4195,.T.);
#4197=ADVANCED_FACE('',(#4196),#4182,.T.);
#4198=DIRECTION('',(-0.817585,0.575808,0));
#4199=DIRECTION('',(0,-0,1));
#4200=AXIS2_PLACEMENT_3D('',#362,#4198,#4199);
#4201=PLANE('',#4200);
#4202=ORIENTED_EDGE('',*,*,#4191,.T.);
#4203=DIRECTION('',(0.575808,0.817585,0));
#4204=VECTOR('',#4203,0.39266);
#4205=LINE('',#502,#4204);
#4206=EDGE_CURVE('',#503,#521,#4205,.T.);
#4207=ORIENTED_EDGE('',*,*,#4206,.T.);
#4208=DIRECTION('',(0,0,1));
#4209=VECTOR('',#4208,4);
#4210=LINE('',#364,#4209);
#4211=EDGE_CURVE('',#365,#521,#4210,.T.);
#4212=ORIENTED_EDGE('',*,*,#4211,.F.);
#4213=ORIENTED_EDGE('',*,*,#1650,.F.);
#4214=EDGE_LOOP('',(#4202,#4207,#4212,#4213));
#4215=FACE_OUTER_BOUND('',#4214,.T.);
#4216=ADVANCED_FACE('',(#4215),#4201,.T.);
#4217=DIRECTION('',(-0.788346,0.615232,0));
#4218=DIRECTION('',(0,-0,1));
#4219=AXIS2_PLACEMENT_3D('',#520,#4217,#4218);
#4220=PLANE('',#4219);
#4221=DIRECTION('',(0.615232,0.788346,0));
#4222=VECTOR('',#4221,0.39266);
#4223=LINE('',#520,#4222);
#4224=EDGE_CURVE('',#521,#523,#4223,.T.);
#4225=ORIENTED_EDGE('',*,*,#4224,.T.);
#4226=DIRECTION('',(0,0,1));
#4227=VECTOR('',#4226,4);
#4228=LINE('',#366,#4227);
#4229=EDGE_CURVE('',#367,#523,#4228,.T.);
#4230=ORIENTED_EDGE('',*,*,#4229,.F.);
#4231=ORIENTED_EDGE('',*,*,#1655,.F.);
#4232=ORIENTED_EDGE('',*,*,#4211,.T.);
#4233=EDGE_LOOP('',(#4225,#4230,#4231,#4232));
#4234=FACE_OUTER_BOUND('',#4233,.T.);
#4235=ADVANCED_FACE('',(#4234),#4220,.T.);
#4236=DIRECTION('',(-0.757209,0.653172,0));
#4237=DIRECTION('',(0,-0,1));
#4238=AXIS2_PLACEMENT_3D('',#524,#4236,#4237);
#4239=PLANE('',#4238);
#4240=DIRECTION('',(0,0,1));
#4241=VECTOR('',#4240,4);
#4242=LINE('',#368,#4241);
#4243=EDGE_CURVE('',#369,#525,#4242,.T.);
#4244=ORIENTED_EDGE('',*,*,#4243,.F.);
#4245=ORIENTED_EDGE('',*,*,#1660,.F.);
#4246=ORIENTED_EDGE('',*,*,#4229,.T.);
#4247=DIRECTION('',(0.653172,0.757209,0));
#4248=VECTOR('',#4247,0.39266);
#4249=LINE('',#522,#4248);
#4250=EDGE_CURVE('',#523,#525,#4249,.T.);
#4251=ORIENTED_EDGE('',*,*,#4250,.T.);
#4252=EDGE_LOOP('',(#4244,#4245,#4246,#4251));
#4253=FACE_OUTER_BOUND('',#4252,.T.);
#4254=ADVANCED_FACE('',(#4253),#4239,.T.);
#4255=DIRECTION('',(-0.724247,0.689541,0));
#4256=DIRECTION('',(0,-0,1));
#4257=AXIS2_PLACEMENT_3D('',#368,#4255,#4256);
#4258=PLANE('',#4257);
#4259=ORIENTED_EDGE('',*,*,#4243,.T.);
#4260=DIRECTION('',(0.689541,0.724247,0));
#4261=VECTOR('',#4260,0.39266);
#4262=LINE('',#524,#4261);
#4263=EDGE_CURVE('',#525,#531,#4262,.T.);
#4264=ORIENTED_EDGE('',*,*,#4263,.T.);
#4265=DIRECTION('',(0,0,1));
#4266=VECTOR('',#4265,4);
#4267=LINE('',#370,#4266);
#4268=EDGE_CURVE('',#371,#531,#4267,.T.);
#4269=ORIENTED_EDGE('',*,*,#4268,.F.);
#4270=ORIENTED_EDGE('',*,*,#1665,.F.);
#4271=EDGE_LOOP('',(#4259,#4264,#4269,#4270));
#4272=FACE_OUTER_BOUND('',#4271,.T.);
#4273=ADVANCED_FACE('',(#4272),#4258,.T.);
#4274=DIRECTION('',(-0.689541,0.724247,0));
#4275=DIRECTION('',(0,-0,1));
#4276=AXIS2_PLACEMENT_3D('',#530,#4274,#4275);
#4277=PLANE('',#4276);
#4278=DIRECTION('',(0.724247,0.689541,0));
#4279=VECTOR('',#4278,0.39266);
#4280=LINE('',#530,#4279);
#4281=EDGE_CURVE('',#531,#535,#4280,.T.);
#4282=ORIENTED_EDGE('',*,*,#4281,.T.);
#4283=DIRECTION('',(0,0,1));
#4284=VECTOR('',#4283,4);
#4285=LINE('',#372,#4284);
#4286=EDGE_CURVE('',#373,#535,#4285,.T.);
#4287=ORIENTED_EDGE('',*,*,#4286,.F.);
#4288=ORIENTED_EDGE('',*,*,#1670,.F.);
#4289=ORIENTED_EDGE('',*,*,#4268,.T.);
#4290=EDGE_LOOP('',(#4282,#4287,#4288,#4289));
#4291=FACE_OUTER_BOUND('',#4290,.T.);
#4292=ADVANCED_FACE('',(#4291),#4277,.T.);
#4293=DIRECTION('',(-0.653172,0.757209,0));
#4294=DIRECTION('',(0,-0,1));
#4295=AXIS2_PLACEMENT_3D('',#534,#4293,#4294);
#4296=PLANE('',#4295);
#4297=DIRECTION('',(0.757209,0.653172,0));
#4298=VECTOR('',#4297,0.39266);
#4299=LINE('',#534,#4298);
#4300=EDGE_CURVE('',#535,#537,#4299,.T.);
#4301=ORIENTED_EDGE('',*,*,#4300,.T.);
#4302=DIRECTION('',(0,0,1));
#4303=VECTOR('',#4302,4);
#4304=LINE('',#374,#4303);
#4305=EDGE_CURVE('',#375,#537,#4304,.T.);
#4306=ORIENTED_EDGE('',*,*,#4305,.F.);
#4307=ORIENTED_EDGE('',*,*,#1675,.F.);
#4308=ORIENTED_EDGE('',*,*,#4286,.T.);
#4309=EDGE_LOOP('',(#4301,#4306,#4307,#4308));
#4310=FACE_OUTER_BOUND('',#4309,.T.);
#4311=ADVANCED_FACE('',(#4310),#4296,.T.);
#4312=DIRECTION('',(-0.615232,0.788346,0));
#4313=DIRECTION('',(0,-0,1));
#4314=AXIS2_PLACEMENT_3D('',#376,#4312,#4313);
#4315=PLANE('',#4314);
#4316=ORIENTED_EDGE('',*,*,#1680,.F.);
#4317=ORIENTED_EDGE('',*,*,#4305,.T.);
#4318=DIRECTION('',(0.788346,0.615232,0));
#4319=VECTOR('',#4318,0.39266);
#4320=LINE('',#536,#4319);
#4321=EDGE_CURVE('',#537,#539,#4320,.T.);
#4322=ORIENTED_EDGE('',*,*,#4321,.T.);
#4323=DIRECTION('',(0,0,1));
#4324=VECTOR('',#4323,4);
#4325=LINE('',#376,#4324);
#4326=EDGE_CURVE('',#377,#539,#4325,.T.);
#4327=ORIENTED_EDGE('',*,*,#4326,.F.);
#4328=EDGE_LOOP('',(#4316,#4317,#4322,#4327));
#4329=FACE_OUTER_BOUND('',#4328,.T.);
#4330=ADVANCED_FACE('',(#4329),#4315,.T.);
#4331=DIRECTION('',(-0.575808,0.817585,0));
#4332=DIRECTION('',(0,-0,1));
#4333=AXIS2_PLACEMENT_3D('',#538,#4331,#4332);
#4334=PLANE('',#4333);
#4335=DIRECTION('',(0.817585,0.575808,0));
#4336=VECTOR('',#4335,0.39266);
#4337=LINE('',#538,#4336);
#4338=EDGE_CURVE('',#539,#603,#4337,.T.);
#4339=ORIENTED_EDGE('',*,*,#4338,.T.);
#4340=DIRECTION('',(0,0,1));
#4341=VECTOR('',#4340,4);
#4342=LINE('',#410,#4341);
#4343=EDGE_CURVE('',#411,#603,#4342,.T.);
#4344=ORIENTED_EDGE('',*,*,#4343,.F.);
#4345=ORIENTED_EDGE('',*,*,#1685,.F.);
#4346=ORIENTED_EDGE('',*,*,#4326,.T.);
#4347=EDGE_LOOP('',(#4339,#4344,#4345,#4346));
#4348=FACE_OUTER_BOUND('',#4347,.T.);
#4349=ADVANCED_FACE('',(#4348),#4334,.T.);
#4350=DIRECTION('',(-0.534998,0.844853,0));
#4351=DIRECTION('',(0,-0,1));
#4352=AXIS2_PLACEMENT_3D('',#604,#4350,#4351);
#4353=PLANE('',#4352);
#4354=DIRECTION('',(0,0,1));
#4355=VECTOR('',#4354,4);
#4356=LINE('',#412,#4355);
#4357=EDGE_CURVE('',#413,#605,#4356,.T.);
#4358=ORIENTED_EDGE('',*,*,#4357,.F.);
#4359=ORIENTED_EDGE('',*,*,#1690,.F.);
#4360=ORIENTED_EDGE('',*,*,#4343,.T.);
#4361=DIRECTION('',(0.844853,0.534998,0));
#4362=VECTOR('',#4361,0.39266);
#4363=LINE('',#602,#4362);
#4364=EDGE_CURVE('',#603,#605,#4363,.T.);
#4365=ORIENTED_EDGE('',*,*,#4364,.T.);
#4366=EDGE_LOOP('',(#4358,#4359,#4360,#4365));
#4367=FACE_OUTER_BOUND('',#4366,.T.);
#4368=ADVANCED_FACE('',(#4367),#4353,.T.);
#4369=DIRECTION('',(-0.492899,0.870087,0));
#4370=DIRECTION('',(0,-0,1));
#4371=AXIS2_PLACEMENT_3D('',#606,#4369,#4370);
#4372=PLANE('',#4371);
#4373=DIRECTION('',(0,0,1));
#4374=VECTOR('',#4373,4);
#4375=LINE('',#414,#4374);
#4376=EDGE_CURVE('',#415,#607,#4375,.T.);
#4377=ORIENTED_EDGE('',*,*,#4376,.F.);
#4378=ORIENTED_EDGE('',*,*,#1695,.F.);
#4379=ORIENTED_EDGE('',*,*,#4357,.T.);
#4380=DIRECTION('',(0.870087,0.492899,0));
#4381=VECTOR('',#4380,0.39266);
#4382=LINE('',#604,#4381);
#4383=EDGE_CURVE('',#605,#607,#4382,.T.);
#4384=ORIENTED_EDGE('',*,*,#4383,.T.);
#4385=EDGE_LOOP('',(#4377,#4378,#4379,#4384));
#4386=FACE_OUTER_BOUND('',#4385,.T.);
#4387=ADVANCED_FACE('',(#4386),#4372,.T.);
#4388=DIRECTION('',(-0.449611,0.893224,0));
#4389=DIRECTION('',(0,-0,1));
#4390=AXIS2_PLACEMENT_3D('',#414,#4388,#4389);
#4391=PLANE('',#4390);
#4392=ORIENTED_EDGE('',*,*,#4376,.T.);
#4393=DIRECTION('',(0.893224,0.449611,0));
#4394=VECTOR('',#4393,0.39266);
#4395=LINE('',#606,#4394);
#4396=EDGE_CURVE('',#607,#609,#4395,.T.);
#4397=ORIENTED_EDGE('',*,*,#4396,.T.);
#4398=DIRECTION('',(0,0,1));
#4399=VECTOR('',#4398,4);
#4400=LINE('',#416,#4399);
#4401=EDGE_CURVE('',#417,#609,#4400,.T.);
#4402=ORIENTED_EDGE('',*,*,#4401,.F.);
#4403=ORIENTED_EDGE('',*,*,#1700,.F.);
#4404=EDGE_LOOP('',(#4392,#4397,#4402,#4403));
#4405=FACE_OUTER_BOUND('',#4404,.T.);
#4406=ADVANCED_FACE('',(#4405),#4391,.T.);
#4407=DIRECTION('',(-0.40524,0.91421,0));
#4408=DIRECTION('',(0,-0,1));
#4409=AXIS2_PLACEMENT_3D('',#616,#4407,#4408);
#4410=PLANE('',#4409);
#4411=DIRECTION('',(0,0,1));
#4412=VECTOR('',#4411,4);
#4413=LINE('',#418,#4412);
#4414=EDGE_CURVE('',#419,#617,#4413,.T.);
#4415=ORIENTED_EDGE('',*,*,#4414,.F.);
#4416=ORIENTED_EDGE('',*,*,#1705,.F.);
#4417=ORIENTED_EDGE('',*,*,#4401,.T.);
#4418=DIRECTION('',(0.91421,0.40524,0));
#4419=VECTOR('',#4418,0.392659);
#4420=LINE('',#608,#4419);
#4421=EDGE_CURVE('',#609,#617,#4420,.T.);
#4422=ORIENTED_EDGE('',*,*,#4421,.T.);
#4423=EDGE_LOOP('',(#4415,#4416,#4417,#4422));
#4424=FACE_OUTER_BOUND('',#4423,.T.);
#4425=ADVANCED_FACE('',(#4424),#4410,.T.);
#4426=DIRECTION('',(-0.359895,0.932993,0));
#4427=DIRECTION('',(0,-0,1));
#4428=AXIS2_PLACEMENT_3D('',#420,#4426,#4427);
#4429=PLANE('',#4428);
#4430=ORIENTED_EDGE('',*,*,#1710,.F.);
#4431=ORIENTED_EDGE('',*,*,#4414,.T.);
#4432=DIRECTION('',(0.932993,0.359895,0));
#4433=VECTOR('',#4432,0.39266);
#4434=LINE('',#616,#4433);
#4435=EDGE_CURVE('',#617,#619,#4434,.T.);
#4436=ORIENTED_EDGE('',*,*,#4435,.T.);
#4437=DIRECTION('',(0,0,1));
#4438=VECTOR('',#4437,4);
#4439=LINE('',#420,#4438);
#4440=EDGE_CURVE('',#421,#619,#4439,.T.);
#4441=ORIENTED_EDGE('',*,*,#4440,.F.);
#4442=EDGE_LOOP('',(#4430,#4431,#4436,#4441));
#4443=FACE_OUTER_BOUND('',#4442,.T.);
#4444=ADVANCED_FACE('',(#4443),#4429,.T.);
#4445=DIRECTION('',(-0.313682,0.949528,0));
#4446=DIRECTION('',(0,-0,1));
#4447=AXIS2_PLACEMENT_3D('',#422,#4445,#4446);
#4448=PLANE('',#4447);
#4449=ORIENTED_EDGE('',*,*,#1715,.F.);
#4450=ORIENTED_EDGE('',*,*,#4440,.T.);
#4451=DIRECTION('',(0.949528,0.313682,0));
#4452=VECTOR('',#4451,0.39266);
#4453=LINE('',#618,#4452);
#4454=EDGE_CURVE('',#619,#621,#4453,.T.);
#4455=ORIENTED_EDGE('',*,*,#4454,.T.);
#4456=DIRECTION('',(0,0,1));
#4457=VECTOR('',#4456,4);
#4458=LINE('',#422,#4457);
#4459=EDGE_CURVE('',#423,#621,#4458,.T.);
#4460=ORIENTED_EDGE('',*,*,#4459,.F.);
#4461=EDGE_LOOP('',(#4449,#4450,#4455,#4460));
#4462=FACE_OUTER_BOUND('',#4461,.T.);
#4463=ADVANCED_FACE('',(#4462),#4448,.T.);
#4464=DIRECTION('',(-0.266713,0.963776,0));
#4465=DIRECTION('',(0,-0,1));
#4466=AXIS2_PLACEMENT_3D('',#422,#4464,#4465);
#4467=PLANE('',#4466);
#4468=ORIENTED_EDGE('',*,*,#4459,.T.);
#4469=DIRECTION('',(0.963776,0.266713,0));
#4470=VECTOR('',#4469,0.39266);
#4471=LINE('',#620,#4470);
#4472=EDGE_CURVE('',#621,#637,#4471,.T.);
#4473=ORIENTED_EDGE('',*,*,#4472,.T.);
#4474=DIRECTION('',(0,0,1));
#4475=VECTOR('',#4474,4);
#4476=LINE('',#424,#4475);
#4477=EDGE_CURVE('',#425,#637,#4476,.T.);
#4478=ORIENTED_EDGE('',*,*,#4477,.F.);
#4479=ORIENTED_EDGE('',*,*,#1720,.F.);
#4480=EDGE_LOOP('',(#4468,#4473,#4478,#4479));
#4481=FACE_OUTER_BOUND('',#4480,.T.);
#4482=ADVANCED_FACE('',(#4481),#4467,.T.);
#4483=DIRECTION('',(-0.219101,0.975702,0));
#4484=DIRECTION('',(0,-0,1));
#4485=AXIS2_PLACEMENT_3D('',#636,#4483,#4484);
#4486=PLANE('',#4485);
#4487=DIRECTION('',(0.975702,0.219101,0));
#4488=VECTOR('',#4487,0.39266);
#4489=LINE('',#636,#4488);
#4490=EDGE_CURVE('',#637,#639,#4489,.T.);
#4491=ORIENTED_EDGE('',*,*,#4490,.T.);
#4492=DIRECTION('',(0,0,1));
#4493=VECTOR('',#4492,4);
#4494=LINE('',#426,#4493);
#4495=EDGE_CURVE('',#427,#639,#4494,.T.);
#4496=ORIENTED_EDGE('',*,*,#4495,.F.);
#4497=ORIENTED_EDGE('',*,*,#1725,.F.);
#4498=ORIENTED_EDGE('',*,*,#4477,.T.);
#4499=EDGE_LOOP('',(#4491,#4496,#4497,#4498));
#4500=FACE_OUTER_BOUND('',#4499,.T.);
#4501=ADVANCED_FACE('',(#4500),#4486,.T.);
#4502=DIRECTION('',(-0.170962,0.985278,0));
#4503=DIRECTION('',(0,-0,1));
#4504=AXIS2_PLACEMENT_3D('',#638,#4502,#4503);
#4505=PLANE('',#4504);
#4506=DIRECTION('',(0.985278,0.170962,0));
#4507=VECTOR('',#4506,0.39266);
#4508=LINE('',#638,#4507);
#4509=EDGE_CURVE('',#639,#645,#4508,.T.);
#4510=ORIENTED_EDGE('',*,*,#4509,.T.);
#4511=DIRECTION('',(0,0,1));
#4512=VECTOR('',#4511,4);
#4513=LINE('',#428,#4512);
#4514=EDGE_CURVE('',#429,#645,#4513,.T.);
#4515=ORIENTED_EDGE('',*,*,#4514,.F.);
#4516=ORIENTED_EDGE('',*,*,#1730,.F.);
#4517=ORIENTED_EDGE('',*,*,#4495,.T.);
#4518=EDGE_LOOP('',(#4510,#4515,#4516,#4517));
#4519=FACE_OUTER_BOUND('',#4518,.T.);
#4520=ADVANCED_FACE('',(#4519),#4505,.T.);
#4521=DIRECTION('',(-0.122411,0.99248,0));
#4522=DIRECTION('',(0,-0,1));
#4523=AXIS2_PLACEMENT_3D('',#644,#4521,#4522);
#4524=PLANE('',#4523);
#4525=DIRECTION('',(0.99248,0.122411,0));
#4526=VECTOR('',#4525,0.39266);
#4527=LINE('',#644,#4526);
#4528=EDGE_CURVE('',#645,#649,#4527,.T.);
#4529=ORIENTED_EDGE('',*,*,#4528,.T.);
#4530=DIRECTION('',(0,0,1));
#4531=VECTOR('',#4530,4);
#4532=LINE('',#430,#4531);
#4533=EDGE_CURVE('',#431,#649,#4532,.T.);
#4534=ORIENTED_EDGE('',*,*,#4533,.F.);
#4535=ORIENTED_EDGE('',*,*,#1735,.F.);
#4536=ORIENTED_EDGE('',*,*,#4514,.T.);
#4537=EDGE_LOOP('',(#4529,#4534,#4535,#4536));
#4538=FACE_OUTER_BOUND('',#4537,.T.);
#4539=ADVANCED_FACE('',(#4538),#4524,.T.);
#4540=DIRECTION('',(-0.073565,0.99729,0));
#4541=DIRECTION('',(0,-0,1));
#4542=AXIS2_PLACEMENT_3D('',#652,#4540,#4541);
#4543=PLANE('',#4542);
#4544=DIRECTION('',(0,0,1));
#4545=VECTOR('',#4544,4);
#4546=LINE('',#432,#4545);
#4547=EDGE_CURVE('',#433,#653,#4546,.T.);
#4548=ORIENTED_EDGE('',*,*,#4547,.F.);
#4549=ORIENTED_EDGE('',*,*,#1740,.F.);
#4550=ORIENTED_EDGE('',*,*,#4533,.T.);
#4551=DIRECTION('',(0.99729,0.073565,0));
#4552=VECTOR('',#4551,0.39266);
#4553=LINE('',#648,#4552);
#4554=EDGE_CURVE('',#649,#653,#4553,.T.);
#4555=ORIENTED_EDGE('',*,*,#4554,.T.);
#4556=EDGE_LOOP('',(#4548,#4549,#4550,#4555));
#4557=FACE_OUTER_BOUND('',#4556,.T.);
#4558=ADVANCED_FACE('',(#4557),#4543,.T.);
#4559=DIRECTION('',(-0.024541,0.999699,0));
#4560=DIRECTION('',(0,-0,1));
#4561=AXIS2_PLACEMENT_3D('',#652,#4559,#4560);
#4562=PLANE('',#4561);
#4563=DIRECTION('',(0.999699,0.024541,0));
#4564=VECTOR('',#4563,0.39266);
#4565=LINE('',#652,#4564);
#4566=EDGE_CURVE('',#653,#1133,#4565,.T.);
#4567=ORIENTED_EDGE('',*,*,#4566,.T.);
#4568=DIRECTION('',(0,0,1));
#4569=VECTOR('',#4568,4);
#4570=LINE('',#1028,#4569);
#4571=EDGE_CURVE('',#1029,#1133,#4570,.T.);
#4572=ORIENTED_EDGE('',*,*,#4571,.F.);
#4573=ORIENTED_EDGE('',*,*,#1745,.F.);
#4574=ORIENTED_EDGE('',*,*,#4547,.T.);
#4575=EDGE_LOOP('',(#4567,#4572,#4573,#4574));
#4576=FACE_OUTER_BOUND('',#4575,.T.);
#4577=ADVANCED_FACE('',(#4576),#4562,.T.);
#4578=DIRECTION('',(0.024541,-0.999699,0));
#4579=DIRECTION('',(0,0,-1));
#4580=AXIS2_PLACEMENT_3D('',#666,#4578,#4579);
#4581=PLANE('',#4580);
#4582=ORIENTED_EDGE('',*,*,#2065,.T.);
#4583=DIRECTION('',(0,0,1));
#4584=VECTOR('',#4583,4);
#4585=LINE('',#668,#4584);
#4586=EDGE_CURVE('',#669,#769,#4585,.T.);
#4587=ORIENTED_EDGE('',*,*,#4586,.T.);
#4588=DIRECTION('',(0.999699,0.024541,0));
#4589=VECTOR('',#4588,0.39266);
#4590=LINE('',#766,#4589);
#4591=EDGE_CURVE('',#767,#769,#4590,.T.);
#4592=ORIENTED_EDGE('',*,*,#4591,.F.);
#4593=ORIENTED_EDGE('',*,*,#2899,.F.);
#4594=EDGE_LOOP('',(#4582,#4587,#4592,#4593));
#4595=FACE_OUTER_BOUND('',#4594,.T.);
#4596=ADVANCED_FACE('',(#4595),#4581,.T.);
#4597=DIRECTION('',(0.073565,-0.99729,0));
#4598=DIRECTION('',(0,0,-1));
#4599=AXIS2_PLACEMENT_3D('',#670,#4597,#4598);
#4600=PLANE('',#4599);
#4601=DIRECTION('',(0,0,1));
#4602=VECTOR('',#4601,4);
#4603=LINE('',#670,#4602);
#4604=EDGE_CURVE('',#671,#773,#4603,.T.);
#4605=ORIENTED_EDGE('',*,*,#4604,.T.);
#4606=DIRECTION('',(0.99729,0.073565,0));
#4607=VECTOR('',#4606,0.39266);
#4608=LINE('',#768,#4607);
#4609=EDGE_CURVE('',#769,#773,#4608,.T.);
#4610=ORIENTED_EDGE('',*,*,#4609,.F.);
#4611=ORIENTED_EDGE('',*,*,#4586,.F.);
#4612=ORIENTED_EDGE('',*,*,#2060,.T.);
#4613=EDGE_LOOP('',(#4605,#4610,#4611,#4612));
#4614=FACE_OUTER_BOUND('',#4613,.T.);
#4615=ADVANCED_FACE('',(#4614),#4600,.T.);
#4616=DIRECTION('',(0.122411,-0.99248,0));
#4617=DIRECTION('',(0,0,-1));
#4618=AXIS2_PLACEMENT_3D('',#672,#4616,#4617);
#4619=PLANE('',#4618);
#4620=DIRECTION('',(0,0,1));
#4621=VECTOR('',#4620,4);
#4622=LINE('',#672,#4621);
#4623=EDGE_CURVE('',#673,#777,#4622,.T.);
#4624=ORIENTED_EDGE('',*,*,#4623,.T.);
#4625=DIRECTION('',(0.99248,0.122411,0));
#4626=VECTOR('',#4625,0.39266);
#4627=LINE('',#772,#4626);
#4628=EDGE_CURVE('',#773,#777,#4627,.T.);
#4629=ORIENTED_EDGE('',*,*,#4628,.F.);
#4630=ORIENTED_EDGE('',*,*,#4604,.F.);
#4631=ORIENTED_EDGE('',*,*,#2055,.T.);
#4632=EDGE_LOOP('',(#4624,#4629,#4630,#4631));
#4633=FACE_OUTER_BOUND('',#4632,.T.);
#4634=ADVANCED_FACE('',(#4633),#4619,.T.);
#4635=DIRECTION('',(0.170962,-0.985278,0));
#4636=DIRECTION('',(0,0,-1));
#4637=AXIS2_PLACEMENT_3D('',#672,#4635,#4636);
#4638=PLANE('',#4637);
#4639=ORIENTED_EDGE('',*,*,#2050,.T.);
#4640=DIRECTION('',(0,0,1));
#4641=VECTOR('',#4640,4);
#4642=LINE('',#674,#4641);
#4643=EDGE_CURVE('',#675,#783,#4642,.T.);
#4644=ORIENTED_EDGE('',*,*,#4643,.T.);
#4645=DIRECTION('',(0.985278,0.170962,0));
#4646=VECTOR('',#4645,0.39266);
#4647=LINE('',#776,#4646);
#4648=EDGE_CURVE('',#777,#783,#4647,.T.);
#4649=ORIENTED_EDGE('',*,*,#4648,.F.);
#4650=ORIENTED_EDGE('',*,*,#4623,.F.);
#4651=EDGE_LOOP('',(#4639,#4644,#4649,#4650));
#4652=FACE_OUTER_BOUND('',#4651,.T.);
#4653=ADVANCED_FACE('',(#4652),#4638,.T.);
#4654=DIRECTION('',(0.219101,-0.975702,0));
#4655=DIRECTION('',(0,0,-1));
#4656=AXIS2_PLACEMENT_3D('',#782,#4654,#4655);
#4657=PLANE('',#4656);
#4658=ORIENTED_EDGE('',*,*,#4643,.F.);
#4659=ORIENTED_EDGE('',*,*,#2045,.T.);
#4660=DIRECTION('',(0,0,1));
#4661=VECTOR('',#4660,4);
#4662=LINE('',#676,#4661);
#4663=EDGE_CURVE('',#677,#785,#4662,.T.);
#4664=ORIENTED_EDGE('',*,*,#4663,.T.);
#4665=DIRECTION('',(0.975702,0.219101,0));
#4666=VECTOR('',#4665,0.39266);
#4667=LINE('',#782,#4666);
#4668=EDGE_CURVE('',#783,#785,#4667,.T.);
#4669=ORIENTED_EDGE('',*,*,#4668,.F.);
#4670=EDGE_LOOP('',(#4658,#4659,#4664,#4669));
#4671=FACE_OUTER_BOUND('',#4670,.T.);
#4672=ADVANCED_FACE('',(#4671),#4657,.T.);
#4673=DIRECTION('',(0.266713,-0.963776,0));
#4674=DIRECTION('',(0,0,-1));
#4675=AXIS2_PLACEMENT_3D('',#676,#4673,#4674);
#4676=PLANE('',#4675);
#4677=ORIENTED_EDGE('',*,*,#2040,.T.);
#4678=DIRECTION('',(0,0,1));
#4679=VECTOR('',#4678,4);
#4680=LINE('',#678,#4679);
#4681=EDGE_CURVE('',#679,#803,#4680,.T.);
#4682=ORIENTED_EDGE('',*,*,#4681,.T.);
#4683=DIRECTION('',(0.963776,0.266713,0));
#4684=VECTOR('',#4683,0.39266);
#4685=LINE('',#784,#4684);
#4686=EDGE_CURVE('',#785,#803,#4685,.T.);
#4687=ORIENTED_EDGE('',*,*,#4686,.F.);
#4688=ORIENTED_EDGE('',*,*,#4663,.F.);
#4689=EDGE_LOOP('',(#4677,#4682,#4687,#4688));
#4690=FACE_OUTER_BOUND('',#4689,.T.);
#4691=ADVANCED_FACE('',(#4690),#4676,.T.);
#4692=DIRECTION('',(0.313682,-0.949528,0));
#4693=DIRECTION('',(0,0,-1));
#4694=AXIS2_PLACEMENT_3D('',#804,#4692,#4693);
#4695=PLANE('',#4694);
#4696=DIRECTION('',(0.949528,0.313682,0));
#4697=VECTOR('',#4696,0.39266);
#4698=LINE('',#802,#4697);
#4699=EDGE_CURVE('',#803,#805,#4698,.T.);
#4700=ORIENTED_EDGE('',*,*,#4699,.F.);
#4701=ORIENTED_EDGE('',*,*,#4681,.F.);
#4702=ORIENTED_EDGE('',*,*,#2035,.T.);
#4703=DIRECTION('',(0,0,1));
#4704=VECTOR('',#4703,4);
#4705=LINE('',#680,#4704);
#4706=EDGE_CURVE('',#681,#805,#4705,.T.);
#4707=ORIENTED_EDGE('',*,*,#4706,.T.);
#4708=EDGE_LOOP('',(#4700,#4701,#4702,#4707));
#4709=FACE_OUTER_BOUND('',#4708,.T.);
#4710=ADVANCED_FACE('',(#4709),#4695,.T.);
#4711=DIRECTION('',(0.359895,-0.932993,0));
#4712=DIRECTION('',(0,0,-1));
#4713=AXIS2_PLACEMENT_3D('',#680,#4711,#4712);
#4714=PLANE('',#4713);
#4715=ORIENTED_EDGE('',*,*,#2030,.T.);
#4716=DIRECTION('',(0,0,1));
#4717=VECTOR('',#4716,4);
#4718=LINE('',#682,#4717);
#4719=EDGE_CURVE('',#683,#807,#4718,.T.);
#4720=ORIENTED_EDGE('',*,*,#4719,.T.);
#4721=DIRECTION('',(0.932993,0.359895,0));
#4722=VECTOR('',#4721,0.39266);
#4723=LINE('',#804,#4722);
#4724=EDGE_CURVE('',#805,#807,#4723,.T.);
#4725=ORIENTED_EDGE('',*,*,#4724,.F.);
#4726=ORIENTED_EDGE('',*,*,#4706,.F.);
#4727=EDGE_LOOP('',(#4715,#4720,#4725,#4726));
#4728=FACE_OUTER_BOUND('',#4727,.T.);
#4729=ADVANCED_FACE('',(#4728),#4714,.T.);
#4730=DIRECTION('',(0.40524,-0.91421,0));
#4731=DIRECTION('',(0,0,-1));
#4732=AXIS2_PLACEMENT_3D('',#684,#4730,#4731);
#4733=PLANE('',#4732);
#4734=DIRECTION('',(0,0,1));
#4735=VECTOR('',#4734,4);
#4736=LINE('',#684,#4735);
#4737=EDGE_CURVE('',#685,#815,#4736,.T.);
#4738=ORIENTED_EDGE('',*,*,#4737,.T.);
#4739=DIRECTION('',(0.91421,0.40524,0));
#4740=VECTOR('',#4739,0.392659);
#4741=LINE('',#806,#4740);
#4742=EDGE_CURVE('',#807,#815,#4741,.T.);
#4743=ORIENTED_EDGE('',*,*,#4742,.F.);
#4744=ORIENTED_EDGE('',*,*,#4719,.F.);
#4745=ORIENTED_EDGE('',*,*,#2025,.T.);
#4746=EDGE_LOOP('',(#4738,#4743,#4744,#4745));
#4747=FACE_OUTER_BOUND('',#4746,.T.);
#4748=ADVANCED_FACE('',(#4747),#4733,.T.);
#4749=DIRECTION('',(0.449611,-0.893224,0));
#4750=DIRECTION('',(0,0,-1));
#4751=AXIS2_PLACEMENT_3D('',#684,#4749,#4750);
#4752=PLANE('',#4751);
#4753=ORIENTED_EDGE('',*,*,#2020,.T.);
#4754=DIRECTION('',(0,0,1));
#4755=VECTOR('',#4754,4);
#4756=LINE('',#686,#4755);
#4757=EDGE_CURVE('',#687,#817,#4756,.T.);
#4758=ORIENTED_EDGE('',*,*,#4757,.T.);
#4759=DIRECTION('',(0.893224,0.449611,0));
#4760=VECTOR('',#4759,0.39266);
#4761=LINE('',#814,#4760);
#4762=EDGE_CURVE('',#815,#817,#4761,.T.);
#4763=ORIENTED_EDGE('',*,*,#4762,.F.);
#4764=ORIENTED_EDGE('',*,*,#4737,.F.);
#4765=EDGE_LOOP('',(#4753,#4758,#4763,#4764));
#4766=FACE_OUTER_BOUND('',#4765,.T.);
#4767=ADVANCED_FACE('',(#4766),#4752,.T.);
#4768=DIRECTION('',(0.492899,-0.870087,0));
#4769=DIRECTION('',(0,0,-1));
#4770=AXIS2_PLACEMENT_3D('',#688,#4768,#4769);
#4771=PLANE('',#4770);
#4772=DIRECTION('',(0,0,1));
#4773=VECTOR('',#4772,4);
#4774=LINE('',#688,#4773);
#4775=EDGE_CURVE('',#689,#819,#4774,.T.);
#4776=ORIENTED_EDGE('',*,*,#4775,.T.);
#4777=DIRECTION('',(0.870087,0.492899,0));
#4778=VECTOR('',#4777,0.39266);
#4779=LINE('',#816,#4778);
#4780=EDGE_CURVE('',#817,#819,#4779,.T.);
#4781=ORIENTED_EDGE('',*,*,#4780,.F.);
#4782=ORIENTED_EDGE('',*,*,#4757,.F.);
#4783=ORIENTED_EDGE('',*,*,#2015,.T.);
#4784=EDGE_LOOP('',(#4776,#4781,#4782,#4783));
#4785=FACE_OUTER_BOUND('',#4784,.T.);
#4786=ADVANCED_FACE('',(#4785),#4771,.T.);
#4787=DIRECTION('',(0.534998,-0.844853,0));
#4788=DIRECTION('',(0,0,-1));
#4789=AXIS2_PLACEMENT_3D('',#830,#4787,#4788);
#4790=PLANE('',#4789);
#4791=DIRECTION('',(0.844853,0.534998,0));
#4792=VECTOR('',#4791,0.39266);
#4793=LINE('',#818,#4792);
#4794=EDGE_CURVE('',#819,#831,#4793,.T.);
#4795=ORIENTED_EDGE('',*,*,#4794,.F.);
#4796=ORIENTED_EDGE('',*,*,#4775,.F.);
#4797=ORIENTED_EDGE('',*,*,#2010,.T.);
#4798=DIRECTION('',(0,0,1));
#4799=VECTOR('',#4798,4);
#4800=LINE('',#690,#4799);
#4801=EDGE_CURVE('',#691,#831,#4800,.T.);
#4802=ORIENTED_EDGE('',*,*,#4801,.T.);
#4803=EDGE_LOOP('',(#4795,#4796,#4797,#4802));
#4804=FACE_OUTER_BOUND('',#4803,.T.);
#4805=ADVANCED_FACE('',(#4804),#4790,.T.);
#4806=DIRECTION('',(0.575808,-0.817585,0));
#4807=DIRECTION('',(0,0,-1));
#4808=AXIS2_PLACEMENT_3D('',#690,#4806,#4807);
#4809=PLANE('',#4808);
#4810=ORIENTED_EDGE('',*,*,#2005,.T.);
#4811=DIRECTION('',(0,0,1));
#4812=VECTOR('',#4811,4);
#4813=LINE('',#724,#4812);
#4814=EDGE_CURVE('',#725,#889,#4813,.T.);
#4815=ORIENTED_EDGE('',*,*,#4814,.T.);
#4816=DIRECTION('',(0.817585,0.575808,0));
#4817=VECTOR('',#4816,0.39266);
#4818=LINE('',#830,#4817);
#4819=EDGE_CURVE('',#831,#889,#4818,.T.);
#4820=ORIENTED_EDGE('',*,*,#4819,.F.);
#4821=ORIENTED_EDGE('',*,*,#4801,.F.);
#4822=EDGE_LOOP('',(#4810,#4815,#4820,#4821));
#4823=FACE_OUTER_BOUND('',#4822,.T.);
#4824=ADVANCED_FACE('',(#4823),#4809,.T.);
#4825=DIRECTION('',(0.615232,-0.788346,0));
#4826=DIRECTION('',(0,0,-1));
#4827=AXIS2_PLACEMENT_3D('',#724,#4825,#4826);
#4828=PLANE('',#4827);
#4829=ORIENTED_EDGE('',*,*,#2000,.T.);
#4830=DIRECTION('',(0,0,1));
#4831=VECTOR('',#4830,4);
#4832=LINE('',#726,#4831);
#4833=EDGE_CURVE('',#727,#891,#4832,.T.);
#4834=ORIENTED_EDGE('',*,*,#4833,.T.);
#4835=DIRECTION('',(0.788346,0.615232,0));
#4836=VECTOR('',#4835,0.39266);
#4837=LINE('',#888,#4836);
#4838=EDGE_CURVE('',#889,#891,#4837,.T.);
#4839=ORIENTED_EDGE('',*,*,#4838,.F.);
#4840=ORIENTED_EDGE('',*,*,#4814,.F.);
#4841=EDGE_LOOP('',(#4829,#4834,#4839,#4840));
#4842=FACE_OUTER_BOUND('',#4841,.T.);
#4843=ADVANCED_FACE('',(#4842),#4828,.T.);
#4844=DIRECTION('',(0.653172,-0.757209,0));
#4845=DIRECTION('',(0,0,-1));
#4846=AXIS2_PLACEMENT_3D('',#890,#4844,#4845);
#4847=PLANE('',#4846);
#4848=ORIENTED_EDGE('',*,*,#4833,.F.);
#4849=ORIENTED_EDGE('',*,*,#1995,.T.);
#4850=DIRECTION('',(0,0,1));
#4851=VECTOR('',#4850,4);
#4852=LINE('',#728,#4851);
#4853=EDGE_CURVE('',#729,#893,#4852,.T.);
#4854=ORIENTED_EDGE('',*,*,#4853,.T.);
#4855=DIRECTION('',(0.757209,0.653172,0));
#4856=VECTOR('',#4855,0.39266);
#4857=LINE('',#890,#4856);
#4858=EDGE_CURVE('',#891,#893,#4857,.T.);
#4859=ORIENTED_EDGE('',*,*,#4858,.F.);
#4860=EDGE_LOOP('',(#4848,#4849,#4854,#4859));
#4861=FACE_OUTER_BOUND('',#4860,.T.);
#4862=ADVANCED_FACE('',(#4861),#4847,.T.);
#4863=DIRECTION('',(0.689541,-0.724247,0));
#4864=DIRECTION('',(0,0,-1));
#4865=AXIS2_PLACEMENT_3D('',#896,#4863,#4864);
#4866=PLANE('',#4865);
#4867=DIRECTION('',(0.724247,0.689541,0));
#4868=VECTOR('',#4867,0.39266);
#4869=LINE('',#892,#4868);
#4870=EDGE_CURVE('',#893,#897,#4869,.T.);
#4871=ORIENTED_EDGE('',*,*,#4870,.F.);
#4872=ORIENTED_EDGE('',*,*,#4853,.F.);
#4873=ORIENTED_EDGE('',*,*,#1990,.T.);
#4874=DIRECTION('',(0,0,1));
#4875=VECTOR('',#4874,4);
#4876=LINE('',#730,#4875);
#4877=EDGE_CURVE('',#731,#897,#4876,.T.);
#4878=ORIENTED_EDGE('',*,*,#4877,.T.);
#4879=EDGE_LOOP('',(#4871,#4872,#4873,#4878));
#4880=FACE_OUTER_BOUND('',#4879,.T.);
#4881=ADVANCED_FACE('',(#4880),#4866,.T.);
#4882=DIRECTION('',(0.724247,-0.689541,0));
#4883=DIRECTION('',(0,0,-1));
#4884=AXIS2_PLACEMENT_3D('',#730,#4882,#4883);
#4885=PLANE('',#4884);
#4886=ORIENTED_EDGE('',*,*,#1985,.T.);
#4887=DIRECTION('',(0,0,1));
#4888=VECTOR('',#4887,4);
#4889=LINE('',#732,#4888);
#4890=EDGE_CURVE('',#733,#903,#4889,.T.);
#4891=ORIENTED_EDGE('',*,*,#4890,.T.);
#4892=DIRECTION('',(0.689541,0.724247,0));
#4893=VECTOR('',#4892,0.39266);
#4894=LINE('',#896,#4893);
#4895=EDGE_CURVE('',#897,#903,#4894,.T.);
#4896=ORIENTED_EDGE('',*,*,#4895,.F.);
#4897=ORIENTED_EDGE('',*,*,#4877,.F.);
#4898=EDGE_LOOP('',(#4886,#4891,#4896,#4897));
#4899=FACE_OUTER_BOUND('',#4898,.T.);
#4900=ADVANCED_FACE('',(#4899),#4885,.T.);
#4901=DIRECTION('',(0.757209,-0.653172,0));
#4902=DIRECTION('',(0,0,-1));
#4903=AXIS2_PLACEMENT_3D('',#734,#4901,#4902);
#4904=PLANE('',#4903);
#4905=DIRECTION('',(0,0,1));
#4906=VECTOR('',#4905,4);
#4907=LINE('',#734,#4906);
#4908=EDGE_CURVE('',#735,#905,#4907,.T.);
#4909=ORIENTED_EDGE('',*,*,#4908,.T.);
#4910=DIRECTION('',(0.653172,0.757209,0));
#4911=VECTOR('',#4910,0.39266);
#4912=LINE('',#902,#4911);
#4913=EDGE_CURVE('',#903,#905,#4912,.T.);
#4914=ORIENTED_EDGE('',*,*,#4913,.F.);
#4915=ORIENTED_EDGE('',*,*,#4890,.F.);
#4916=ORIENTED_EDGE('',*,*,#1980,.T.);
#4917=EDGE_LOOP('',(#4909,#4914,#4915,#4916));
#4918=FACE_OUTER_BOUND('',#4917,.T.);
#4919=ADVANCED_FACE('',(#4918),#4904,.T.);
#4920=DIRECTION('',(0.788346,-0.615232,0));
#4921=DIRECTION('',(0,0,-1));
#4922=AXIS2_PLACEMENT_3D('',#736,#4920,#4921);
#4923=PLANE('',#4922);
#4924=DIRECTION('',(0,0,1));
#4925=VECTOR('',#4924,4);
#4926=LINE('',#736,#4925);
#4927=EDGE_CURVE('',#737,#907,#4926,.T.);
#4928=ORIENTED_EDGE('',*,*,#4927,.T.);
#4929=DIRECTION('',(0.615232,0.788346,0));
#4930=VECTOR('',#4929,0.39266);
#4931=LINE('',#904,#4930);
#4932=EDGE_CURVE('',#905,#907,#4931,.T.);
#4933=ORIENTED_EDGE('',*,*,#4932,.F.);
#4934=ORIENTED_EDGE('',*,*,#4908,.F.);
#4935=ORIENTED_EDGE('',*,*,#1975,.T.);
#4936=EDGE_LOOP('',(#4928,#4933,#4934,#4935));
#4937=FACE_OUTER_BOUND('',#4936,.T.);
#4938=ADVANCED_FACE('',(#4937),#4923,.T.);
#4939=DIRECTION('',(0.817585,-0.575808,0));
#4940=DIRECTION('',(0,0,-1));
#4941=AXIS2_PLACEMENT_3D('',#738,#4939,#4940);
#4942=PLANE('',#4941);
#4943=DIRECTION('',(0,0,1));
#4944=VECTOR('',#4943,4);
#4945=LINE('',#738,#4944);
#4946=EDGE_CURVE('',#739,#931,#4945,.T.);
#4947=ORIENTED_EDGE('',*,*,#4946,.T.);
#4948=DIRECTION('',(0.575808,0.817585,0));
#4949=VECTOR('',#4948,0.39266);
#4950=LINE('',#906,#4949);
#4951=EDGE_CURVE('',#907,#931,#4950,.T.);
#4952=ORIENTED_EDGE('',*,*,#4951,.F.);
#4953=ORIENTED_EDGE('',*,*,#4927,.F.);
#4954=ORIENTED_EDGE('',*,*,#1970,.T.);
#4955=EDGE_LOOP('',(#4947,#4952,#4953,#4954));
#4956=FACE_OUTER_BOUND('',#4955,.T.);
#4957=ADVANCED_FACE('',(#4956),#4942,.T.);
#4958=DIRECTION('',(0.844853,-0.534998,0));
#4959=DIRECTION('',(0,0,-1));
#4960=AXIS2_PLACEMENT_3D('',#740,#4958,#4959);
#4961=PLANE('',#4960);
#4962=DIRECTION('',(0,0,1));
#4963=VECTOR('',#4962,4);
#4964=LINE('',#740,#4963);
#4965=EDGE_CURVE('',#741,#933,#4964,.T.);
#4966=ORIENTED_EDGE('',*,*,#4965,.T.);
#4967=DIRECTION('',(0.534998,0.844853,0));
#4968=VECTOR('',#4967,0.39266);
#4969=LINE('',#930,#4968);
#4970=EDGE_CURVE('',#931,#933,#4969,.T.);
#4971=ORIENTED_EDGE('',*,*,#4970,.F.);
#4972=ORIENTED_EDGE('',*,*,#4946,.F.);
#4973=ORIENTED_EDGE('',*,*,#1965,.T.);
#4974=EDGE_LOOP('',(#4966,#4971,#4972,#4973));
#4975=FACE_OUTER_BOUND('',#4974,.T.);
#4976=ADVANCED_FACE('',(#4975),#4961,.T.);
#4977=DIRECTION('',(0.870087,-0.492899,0));
#4978=DIRECTION('',(0,0,-1));
#4979=AXIS2_PLACEMENT_3D('',#742,#4977,#4978);
#4980=PLANE('',#4979);
#4981=DIRECTION('',(0,0,1));
#4982=VECTOR('',#4981,4);
#4983=LINE('',#742,#4982);
#4984=EDGE_CURVE('',#743,#935,#4983,.T.);
#4985=ORIENTED_EDGE('',*,*,#4984,.T.);
#4986=DIRECTION('',(0.492899,0.870087,0));
#4987=VECTOR('',#4986,0.39266);
#4988=LINE('',#932,#4987);
#4989=EDGE_CURVE('',#933,#935,#4988,.T.);
#4990=ORIENTED_EDGE('',*,*,#4989,.F.);
#4991=ORIENTED_EDGE('',*,*,#4965,.F.);
#4992=ORIENTED_EDGE('',*,*,#1960,.T.);
#4993=EDGE_LOOP('',(#4985,#4990,#4991,#4992));
#4994=FACE_OUTER_BOUND('',#4993,.T.);
#4995=ADVANCED_FACE('',(#4994),#4980,.T.);
#4996=DIRECTION('',(0.893224,-0.449611,0));
#4997=DIRECTION('',(0,0,-1));
#4998=AXIS2_PLACEMENT_3D('',#936,#4996,#4997);
#4999=PLANE('',#4998);
#5000=DIRECTION('',(0.449611,0.893224,0));
#5001=VECTOR('',#5000,0.39266);
#5002=LINE('',#934,#5001);
#5003=EDGE_CURVE('',#935,#937,#5002,.T.);
#5004=ORIENTED_EDGE('',*,*,#5003,.F.);
#5005=ORIENTED_EDGE('',*,*,#4984,.F.);
#5006=ORIENTED_EDGE('',*,*,#1955,.T.);
#5007=DIRECTION('',(0,0,1));
#5008=VECTOR('',#5007,4);
#5009=LINE('',#744,#5008);
#5010=EDGE_CURVE('',#745,#937,#5009,.T.);
#5011=ORIENTED_EDGE('',*,*,#5010,.T.);
#5012=EDGE_LOOP('',(#5004,#5005,#5006,#5011));
#5013=FACE_OUTER_BOUND('',#5012,.T.);
#5014=ADVANCED_FACE('',(#5013),#4999,.T.);
#5015=DIRECTION('',(0.91421,-0.40524,0));
#5016=DIRECTION('',(0,0,-1));
#5017=AXIS2_PLACEMENT_3D('',#744,#5015,#5016);
#5018=PLANE('',#5017);
#5019=ORIENTED_EDGE('',*,*,#1950,.T.);
#5020=DIRECTION('',(0,0,1));
#5021=VECTOR('',#5020,4);
#5022=LINE('',#746,#5021);
#5023=EDGE_CURVE('',#747,#939,#5022,.T.);
#5024=ORIENTED_EDGE('',*,*,#5023,.T.);
#5025=DIRECTION('',(0.40524,0.91421,0));
#5026=VECTOR('',#5025,0.392659);
#5027=LINE('',#936,#5026);
#5028=EDGE_CURVE('',#937,#939,#5027,.T.);
#5029=ORIENTED_EDGE('',*,*,#5028,.F.);
#5030=ORIENTED_EDGE('',*,*,#5010,.F.);
#5031=EDGE_LOOP('',(#5019,#5024,#5029,#5030));
#5032=FACE_OUTER_BOUND('',#5031,.T.);
#5033=ADVANCED_FACE('',(#5032),#5018,.T.);
#5034=DIRECTION('',(0.932993,-0.359895,0));
#5035=DIRECTION('',(0,0,-1));
#5036=AXIS2_PLACEMENT_3D('',#940,#5034,#5035);
#5037=PLANE('',#5036);
#5038=DIRECTION('',(0.359895,0.932993,0));
#5039=VECTOR('',#5038,0.39266);
#5040=LINE('',#938,#5039);
#5041=EDGE_CURVE('',#939,#941,#5040,.T.);
#5042=ORIENTED_EDGE('',*,*,#5041,.F.);
#5043=ORIENTED_EDGE('',*,*,#5023,.F.);
#5044=ORIENTED_EDGE('',*,*,#1945,.T.);
#5045=DIRECTION('',(0,0,1));
#5046=VECTOR('',#5045,4);
#5047=LINE('',#748,#5046);
#5048=EDGE_CURVE('',#749,#941,#5047,.T.);
#5049=ORIENTED_EDGE('',*,*,#5048,.T.);
#5050=EDGE_LOOP('',(#5042,#5043,#5044,#5049));
#5051=FACE_OUTER_BOUND('',#5050,.T.);
#5052=ADVANCED_FACE('',(#5051),#5037,.T.);
#5053=DIRECTION('',(0.949528,-0.313682,0));
#5054=DIRECTION('',(0,0,-1));
#5055=AXIS2_PLACEMENT_3D('',#748,#5053,#5054);
#5056=PLANE('',#5055);
#5057=ORIENTED_EDGE('',*,*,#1940,.T.);
#5058=DIRECTION('',(0,0,1));
#5059=VECTOR('',#5058,4);
#5060=LINE('',#750,#5059);
#5061=EDGE_CURVE('',#751,#943,#5060,.T.);
#5062=ORIENTED_EDGE('',*,*,#5061,.T.);
#5063=DIRECTION('',(0.313682,0.949528,0));
#5064=VECTOR('',#5063,0.39266);
#5065=LINE('',#940,#5064);
#5066=EDGE_CURVE('',#941,#943,#5065,.T.);
#5067=ORIENTED_EDGE('',*,*,#5066,.F.);
#5068=ORIENTED_EDGE('',*,*,#5048,.F.);
#5069=EDGE_LOOP('',(#5057,#5062,#5067,#5068));
#5070=FACE_OUTER_BOUND('',#5069,.T.);
#5071=ADVANCED_FACE('',(#5070),#5056,.T.);
#5072=DIRECTION('',(0.963776,-0.266713,0));
#5073=DIRECTION('',(0,0,-1));
#5074=AXIS2_PLACEMENT_3D('',#752,#5072,#5073);
#5075=PLANE('',#5074);
#5076=DIRECTION('',(0,0,1));
#5077=VECTOR('',#5076,4);
#5078=LINE('',#752,#5077);
#5079=EDGE_CURVE('',#753,#965,#5078,.T.);
#5080=ORIENTED_EDGE('',*,*,#5079,.T.);
#5081=DIRECTION('',(0.266713,0.963776,0));
#5082=VECTOR('',#5081,0.39266);
#5083=LINE('',#942,#5082);
#5084=EDGE_CURVE('',#943,#965,#5083,.T.);
#5085=ORIENTED_EDGE('',*,*,#5084,.F.);
#5086=ORIENTED_EDGE('',*,*,#5061,.F.);
#5087=ORIENTED_EDGE('',*,*,#1935,.T.);
#5088=EDGE_LOOP('',(#5080,#5085,#5086,#5087));
#5089=FACE_OUTER_BOUND('',#5088,.T.);
#5090=ADVANCED_FACE('',(#5089),#5075,.T.);
#5091=DIRECTION('',(0.975702,-0.219101,0));
#5092=DIRECTION('',(0,0,-1));
#5093=AXIS2_PLACEMENT_3D('',#966,#5091,#5092);
#5094=PLANE('',#5093);
#5095=DIRECTION('',(0.219101,0.975702,0));
#5096=VECTOR('',#5095,0.39266);
#5097=LINE('',#964,#5096);
#5098=EDGE_CURVE('',#965,#967,#5097,.T.);
#5099=ORIENTED_EDGE('',*,*,#5098,.F.);
#5100=ORIENTED_EDGE('',*,*,#5079,.F.);
#5101=ORIENTED_EDGE('',*,*,#1930,.T.);
#5102=DIRECTION('',(0,0,1));
#5103=VECTOR('',#5102,4);
#5104=LINE('',#754,#5103);
#5105=EDGE_CURVE('',#755,#967,#5104,.T.);
#5106=ORIENTED_EDGE('',*,*,#5105,.T.);
#5107=EDGE_LOOP('',(#5099,#5100,#5101,#5106));
#5108=FACE_OUTER_BOUND('',#5107,.T.);
#5109=ADVANCED_FACE('',(#5108),#5094,.T.);
#5110=DIRECTION('',(0.985278,-0.170962,0));
#5111=DIRECTION('',(0,0,-1));
#5112=AXIS2_PLACEMENT_3D('',#756,#5110,#5111);
#5113=PLANE('',#5112);
#5114=DIRECTION('',(0,0,1));
#5115=VECTOR('',#5114,4);
#5116=LINE('',#756,#5115);
#5117=EDGE_CURVE('',#757,#969,#5116,.T.);
#5118=ORIENTED_EDGE('',*,*,#5117,.T.);
#5119=DIRECTION('',(0.170962,0.985278,0));
#5120=VECTOR('',#5119,0.39266);
#5121=LINE('',#966,#5120);
#5122=EDGE_CURVE('',#967,#969,#5121,.T.);
#5123=ORIENTED_EDGE('',*,*,#5122,.F.);
#5124=ORIENTED_EDGE('',*,*,#5105,.F.);
#5125=ORIENTED_EDGE('',*,*,#1925,.T.);
#5126=EDGE_LOOP('',(#5118,#5123,#5124,#5125));
#5127=FACE_OUTER_BOUND('',#5126,.T.);
#5128=ADVANCED_FACE('',(#5127),#5113,.T.);
#5129=DIRECTION('',(0.99248,-0.122411,0));
#5130=DIRECTION('',(0,0,-1));
#5131=AXIS2_PLACEMENT_3D('',#758,#5129,#5130);
#5132=PLANE('',#5131);
#5133=DIRECTION('',(0,0,1));
#5134=VECTOR('',#5133,4);
#5135=LINE('',#758,#5134);
#5136=EDGE_CURVE('',#759,#977,#5135,.T.);
#5137=ORIENTED_EDGE('',*,*,#5136,.T.);
#5138=DIRECTION('',(0.122411,0.99248,0));
#5139=VECTOR('',#5138,0.39266);
#5140=LINE('',#968,#5139);
#5141=EDGE_CURVE('',#969,#977,#5140,.T.);
#5142=ORIENTED_EDGE('',*,*,#5141,.F.);
#5143=ORIENTED_EDGE('',*,*,#5117,.F.);
#5144=ORIENTED_EDGE('',*,*,#1920,.T.);
#5145=EDGE_LOOP('',(#5137,#5142,#5143,#5144));
#5146=FACE_OUTER_BOUND('',#5145,.T.);
#5147=ADVANCED_FACE('',(#5146),#5132,.T.);
#5148=DIRECTION('',(0.99729,-0.073565,0));
#5149=DIRECTION('',(0,0,-1));
#5150=AXIS2_PLACEMENT_3D('',#758,#5148,#5149);
#5151=PLANE('',#5150);
#5152=ORIENTED_EDGE('',*,*,#1915,.T.);
#5153=DIRECTION('',(0,0,1));
#5154=VECTOR('',#5153,4);
#5155=LINE('',#760,#5154);
#5156=EDGE_CURVE('',#761,#979,#5155,.T.);
#5157=ORIENTED_EDGE('',*,*,#5156,.T.);
#5158=DIRECTION('',(0.073565,0.99729,0));
#5159=VECTOR('',#5158,0.39266);
#5160=LINE('',#976,#5159);
#5161=EDGE_CURVE('',#977,#979,#5160,.T.);
#5162=ORIENTED_EDGE('',*,*,#5161,.F.);
#5163=ORIENTED_EDGE('',*,*,#5136,.F.);
#5164=EDGE_LOOP('',(#5152,#5157,#5162,#5163));
#5165=FACE_OUTER_BOUND('',#5164,.T.);
#5166=ADVANCED_FACE('',(#5165),#5151,.T.);
#5167=DIRECTION('',(0.999699,-0.024541,0));
#5168=DIRECTION('',(0,0,-1));
#5169=AXIS2_PLACEMENT_3D('',#978,#5167,#5168);
#5170=PLANE('',#5169);
#5171=ORIENTED_EDGE('',*,*,#5156,.F.);
#5172=ORIENTED_EDGE('',*,*,#1910,.T.);
#5173=DIRECTION('',(0,0,1));
#5174=VECTOR('',#5173,4);
#5175=LINE('',#1060,#5174);
#5176=EDGE_CURVE('',#1061,#1209,#5175,.T.);
#5177=ORIENTED_EDGE('',*,*,#5176,.T.);
#5178=DIRECTION('',(0.024541,0.999699,0));
#5179=VECTOR('',#5178,0.39266);
#5180=LINE('',#978,#5179);
#5181=EDGE_CURVE('',#979,#1209,#5180,.T.);
#5182=ORIENTED_EDGE('',*,*,#5181,.F.);
#5183=EDGE_LOOP('',(#5171,#5172,#5177,#5182));
#5184=FACE_OUTER_BOUND('',#5183,.T.);
#5185=ADVANCED_FACE('',(#5184),#5170,.T.);
#5186=DIRECTION('',(0.024541,0.999699,0));
#5187=DIRECTION('',(0,0,1));
#5188=AXIS2_PLACEMENT_3D('',#1134,#5186,#5187);
#5189=PLANE('',#5188);
#5190=DIRECTION('',(0,0,1));
#5191=VECTOR('',#5190,4);
#5192=LINE('',#1030,#5191);
#5193=EDGE_CURVE('',#1031,#1135,#5192,.T.);
#5194=ORIENTED_EDGE('',*,*,#5193,.F.);
#5195=ORIENTED_EDGE('',*,*,#1750,.F.);
#5196=ORIENTED_EDGE('',*,*,#4571,.T.);
#5197=DIRECTION('',(0.999699,-0.024541,0));
#5198=VECTOR('',#5197,0.39266);
#5199=LINE('',#1132,#5198);
#5200=EDGE_CURVE('',#1133,#1135,#5199,.T.);
#5201=ORIENTED_EDGE('',*,*,#5200,.T.);
#5202=EDGE_LOOP('',(#5194,#5195,#5196,#5201));
#5203=FACE_OUTER_BOUND('',#5202,.T.);
#5204=ADVANCED_FACE('',(#5203),#5189,.T.);
#5205=DIRECTION('',(0.073565,0.99729,0));
#5206=DIRECTION('',(0,0,1));
#5207=AXIS2_PLACEMENT_3D('',#1030,#5205,#5206);
#5208=PLANE('',#5207);
#5209=ORIENTED_EDGE('',*,*,#5193,.T.);
#5210=DIRECTION('',(0.99729,-0.073565,0));
#5211=VECTOR('',#5210,0.39266);
#5212=LINE('',#1134,#5211);
#5213=EDGE_CURVE('',#1135,#1141,#5212,.T.);
#5214=ORIENTED_EDGE('',*,*,#5213,.T.);
#5215=DIRECTION('',(0,0,1));
#5216=VECTOR('',#5215,4);
#5217=LINE('',#1032,#5216);
#5218=EDGE_CURVE('',#1033,#1141,#5217,.T.);
#5219=ORIENTED_EDGE('',*,*,#5218,.F.);
#5220=ORIENTED_EDGE('',*,*,#1755,.F.);
#5221=EDGE_LOOP('',(#5209,#5214,#5219,#5220));
#5222=FACE_OUTER_BOUND('',#5221,.T.);
#5223=ADVANCED_FACE('',(#5222),#5208,.T.);
#5224=DIRECTION('',(0.122411,0.99248,0));
#5225=DIRECTION('',(0,0,1));
#5226=AXIS2_PLACEMENT_3D('',#1032,#5224,#5225);
#5227=PLANE('',#5226);
#5228=ORIENTED_EDGE('',*,*,#5218,.T.);
#5229=DIRECTION('',(0.99248,-0.122411,0));
#5230=VECTOR('',#5229,0.39266);
#5231=LINE('',#1140,#5230);
#5232=EDGE_CURVE('',#1141,#1149,#5231,.T.);
#5233=ORIENTED_EDGE('',*,*,#5232,.T.);
#5234=DIRECTION('',(0,0,1));
#5235=VECTOR('',#5234,4);
#5236=LINE('',#1038,#5235);
#5237=EDGE_CURVE('',#1039,#1149,#5236,.T.);
#5238=ORIENTED_EDGE('',*,*,#5237,.F.);
#5239=ORIENTED_EDGE('',*,*,#1760,.F.);
#5240=EDGE_LOOP('',(#5228,#5233,#5238,#5239));
#5241=FACE_OUTER_BOUND('',#5240,.T.);
#5242=ADVANCED_FACE('',(#5241),#5227,.T.);
#5243=DIRECTION('',(0.170962,0.985278,-0));
#5244=DIRECTION('',(-0,0,1));
#5245=AXIS2_PLACEMENT_3D('',#1038,#5243,#5244);
#5246=PLANE('',#5245);
#5247=ORIENTED_EDGE('',*,*,#5237,.T.);
#5248=DIRECTION('',(-0.985278,0.170962,0));
#5249=VECTOR('',#5248,0.39266);
#5250=LINE('',#1144,#5249);
#5251=EDGE_CURVE('',#1145,#1149,#5250,.T.);
#5252=ORIENTED_EDGE('',*,*,#5251,.F.);
#5253=DIRECTION('',(0,0,1));
#5254=VECTOR('',#5253,4);
#5255=LINE('',#1034,#5254);
#5256=EDGE_CURVE('',#1035,#1145,#5255,.T.);
#5257=ORIENTED_EDGE('',*,*,#5256,.F.);
#5258=ORIENTED_EDGE('',*,*,#1765,.T.);
#5259=EDGE_LOOP('',(#5247,#5252,#5257,#5258));
#5260=FACE_OUTER_BOUND('',#5259,.T.);
#5261=ADVANCED_FACE('',(#5260),#5246,.T.);
#5262=DIRECTION('',(0.219101,0.975702,0));
#5263=DIRECTION('',(0,0,1));
#5264=AXIS2_PLACEMENT_3D('',#1146,#5262,#5263);
#5265=PLANE('',#5264);
#5266=DIRECTION('',(0,0,1));
#5267=VECTOR('',#5266,4);
#5268=LINE('',#1036,#5267);
#5269=EDGE_CURVE('',#1037,#1147,#5268,.T.);
#5270=ORIENTED_EDGE('',*,*,#5269,.F.);
#5271=ORIENTED_EDGE('',*,*,#1770,.F.);
#5272=ORIENTED_EDGE('',*,*,#5256,.T.);
#5273=DIRECTION('',(0.975702,-0.219101,0));
#5274=VECTOR('',#5273,0.39266);
#5275=LINE('',#1144,#5274);
#5276=EDGE_CURVE('',#1145,#1147,#5275,.T.);
#5277=ORIENTED_EDGE('',*,*,#5276,.T.);
#5278=EDGE_LOOP('',(#5270,#5271,#5272,#5277));
#5279=FACE_OUTER_BOUND('',#5278,.T.);
#5280=ADVANCED_FACE('',(#5279),#5265,.T.);
#5281=DIRECTION('',(0.266713,0.963776,0));
#5282=DIRECTION('',(0,0,1));
#5283=AXIS2_PLACEMENT_3D('',#1170,#5281,#5282);
#5284=PLANE('',#5283);
#5285=DIRECTION('',(0,0,1));
#5286=VECTOR('',#5285,4);
#5287=LINE('',#1042,#5286);
#5288=EDGE_CURVE('',#1043,#1171,#5287,.T.);
#5289=ORIENTED_EDGE('',*,*,#5288,.F.);
#5290=ORIENTED_EDGE('',*,*,#1775,.F.);
#5291=ORIENTED_EDGE('',*,*,#5269,.T.);
#5292=DIRECTION('',(0.963776,-0.266713,0));
#5293=VECTOR('',#5292,0.39266);
#5294=LINE('',#1146,#5293);
#5295=EDGE_CURVE('',#1147,#1171,#5294,.T.);
#5296=ORIENTED_EDGE('',*,*,#5295,.T.);
#5297=EDGE_LOOP('',(#5289,#5290,#5291,#5296));
#5298=FACE_OUTER_BOUND('',#5297,.T.);
#5299=ADVANCED_FACE('',(#5298),#5284,.T.);
#5300=DIRECTION('',(0.534998,0.844853,-0));
#5301=DIRECTION('',(-0,0,1));
#5302=AXIS2_PLACEMENT_3D('',#1184,#5300,#5301);
#5303=PLANE('',#5302);
#5304=DIRECTION('',(-0.844853,0.534998,0));
#5305=VECTOR('',#5304,0.39266);
#5306=LINE('',#1168,#5305);
#5307=EDGE_CURVE('',#1169,#1185,#5306,.T.);
#5308=ORIENTED_EDGE('',*,*,#5307,.F.);
#5309=DIRECTION('',(0,0,1));
#5310=VECTOR('',#5309,4);
#5311=LINE('',#1040,#5310);
#5312=EDGE_CURVE('',#1041,#1169,#5311,.T.);
#5313=ORIENTED_EDGE('',*,*,#5312,.F.);
#5314=ORIENTED_EDGE('',*,*,#1805,.T.);
#5315=DIRECTION('',(0,0,1));
#5316=VECTOR('',#5315,4);
#5317=LINE('',#1052,#5316);
#5318=EDGE_CURVE('',#1053,#1185,#5317,.T.);
#5319=ORIENTED_EDGE('',*,*,#5318,.T.);
#5320=EDGE_LOOP('',(#5308,#5313,#5314,#5319));
#5321=FACE_OUTER_BOUND('',#5320,.T.);
#5322=ADVANCED_FACE('',(#5321),#5303,.T.);
#5323=DIRECTION('',(0.313682,0.949528,0));
#5324=DIRECTION('',(0,0,1));
#5325=AXIS2_PLACEMENT_3D('',#1170,#5323,#5324);
#5326=PLANE('',#5325);
#5327=DIRECTION('',(0.949528,-0.313682,0));
#5328=VECTOR('',#5327,0.39266);
#5329=LINE('',#1170,#5328);
#5330=EDGE_CURVE('',#1171,#1173,#5329,.T.);
#5331=ORIENTED_EDGE('',*,*,#5330,.T.);
#5332=DIRECTION('',(0,0,1));
#5333=VECTOR('',#5332,4);
#5334=LINE('',#1044,#5333);
#5335=EDGE_CURVE('',#1045,#1173,#5334,.T.);
#5336=ORIENTED_EDGE('',*,*,#5335,.F.);
#5337=ORIENTED_EDGE('',*,*,#1780,.F.);
#5338=ORIENTED_EDGE('',*,*,#5288,.T.);
#5339=EDGE_LOOP('',(#5331,#5336,#5337,#5338));
#5340=FACE_OUTER_BOUND('',#5339,.T.);
#5341=ADVANCED_FACE('',(#5340),#5326,.T.);
#5342=DIRECTION('',(0.40524,0.91421,0));
#5343=DIRECTION('',(0,0,1));
#5344=AXIS2_PLACEMENT_3D('',#1180,#5342,#5343);
#5345=PLANE('',#5344);
#5346=DIRECTION('',(0,0,1));
#5347=VECTOR('',#5346,4);
#5348=LINE('',#1048,#5347);
#5349=EDGE_CURVE('',#1049,#1181,#5348,.T.);
#5350=ORIENTED_EDGE('',*,*,#5349,.F.);
#5351=ORIENTED_EDGE('',*,*,#1790,.F.);
#5352=DIRECTION('',(0,0,1));
#5353=VECTOR('',#5352,4);
#5354=LINE('',#1046,#5353);
#5355=EDGE_CURVE('',#1047,#1175,#5354,.T.);
#5356=ORIENTED_EDGE('',*,*,#5355,.T.);
#5357=DIRECTION('',(0.91421,-0.40524,0));
#5358=VECTOR('',#5357,0.392659);
#5359=LINE('',#1174,#5358);
#5360=EDGE_CURVE('',#1175,#1181,#5359,.T.);
#5361=ORIENTED_EDGE('',*,*,#5360,.T.);
#5362=EDGE_LOOP('',(#5350,#5351,#5356,#5361));
#5363=FACE_OUTER_BOUND('',#5362,.T.);
#5364=ADVANCED_FACE('',(#5363),#5345,.T.);
#5365=DIRECTION('',(0.359895,0.932993,0));
#5366=DIRECTION('',(0,0,1));
#5367=AXIS2_PLACEMENT_3D('',#1174,#5365,#5366);
#5368=PLANE('',#5367);
#5369=ORIENTED_EDGE('',*,*,#5355,.F.);
#5370=ORIENTED_EDGE('',*,*,#1785,.F.);
#5371=ORIENTED_EDGE('',*,*,#5335,.T.);
#5372=DIRECTION('',(0.932993,-0.359895,0));
#5373=VECTOR('',#5372,0.39266);
#5374=LINE('',#1172,#5373);
#5375=EDGE_CURVE('',#1173,#1175,#5374,.T.);
#5376=ORIENTED_EDGE('',*,*,#5375,.T.);
#5377=EDGE_LOOP('',(#5369,#5370,#5371,#5376));
#5378=FACE_OUTER_BOUND('',#5377,.T.);
#5379=ADVANCED_FACE('',(#5378),#5368,.T.);
#5380=DIRECTION('',(0.449611,0.893224,0));
#5381=DIRECTION('',(0,0,1));
#5382=AXIS2_PLACEMENT_3D('',#1182,#5380,#5381);
#5383=PLANE('',#5382);
#5384=DIRECTION('',(0,0,1));
#5385=VECTOR('',#5384,4);
#5386=LINE('',#1050,#5385);
#5387=EDGE_CURVE('',#1051,#1183,#5386,.T.);
#5388=ORIENTED_EDGE('',*,*,#5387,.F.);
#5389=ORIENTED_EDGE('',*,*,#1795,.F.);
#5390=ORIENTED_EDGE('',*,*,#5349,.T.);
#5391=DIRECTION('',(0.893224,-0.449611,0));
#5392=VECTOR('',#5391,0.39266);
#5393=LINE('',#1180,#5392);
#5394=EDGE_CURVE('',#1181,#1183,#5393,.T.);
#5395=ORIENTED_EDGE('',*,*,#5394,.T.);
#5396=EDGE_LOOP('',(#5388,#5389,#5390,#5395));
#5397=FACE_OUTER_BOUND('',#5396,.T.);
#5398=ADVANCED_FACE('',(#5397),#5383,.T.);
#5399=DIRECTION('',(0.492899,0.870087,0));
#5400=DIRECTION('',(0,0,1));
#5401=AXIS2_PLACEMENT_3D('',#1182,#5399,#5400);
#5402=PLANE('',#5401);
#5403=DIRECTION('',(0.870087,-0.492899,0));
#5404=VECTOR('',#5403,0.39266);
#5405=LINE('',#1182,#5404);
#5406=EDGE_CURVE('',#1183,#1185,#5405,.T.);
#5407=ORIENTED_EDGE('',*,*,#5406,.T.);
#5408=ORIENTED_EDGE('',*,*,#5318,.F.);
#5409=ORIENTED_EDGE('',*,*,#1800,.F.);
#5410=ORIENTED_EDGE('',*,*,#5387,.T.);
#5411=EDGE_LOOP('',(#5407,#5408,#5409,#5410));
#5412=FACE_OUTER_BOUND('',#5411,.T.);
#5413=ADVANCED_FACE('',(#5412),#5402,.T.);
#5414=DIRECTION('',(0.975702,0.219101,-0));
#5415=DIRECTION('',(-0,0,-1));
#5416=AXIS2_PLACEMENT_3D('',#1204,#5414,#5415);
#5417=PLANE('',#5416);
#5418=DIRECTION('',(0,0,1));
#5419=VECTOR('',#5418,4);
#5420=LINE('',#1056,#5419);
#5421=EDGE_CURVE('',#1057,#1205,#5420,.T.);
#5422=ORIENTED_EDGE('',*,*,#5421,.F.);
#5423=ORIENTED_EDGE('',*,*,#1885,.T.);
#5424=DIRECTION('',(0,0,1));
#5425=VECTOR('',#5424,4);
#5426=LINE('',#1058,#5425);
#5427=EDGE_CURVE('',#1059,#1207,#5426,.T.);
#5428=ORIENTED_EDGE('',*,*,#5427,.T.);
#5429=DIRECTION('',(-0.219101,0.975702,0));
#5430=VECTOR('',#5429,0.39266);
#5431=LINE('',#1204,#5430);
#5432=EDGE_CURVE('',#1205,#1207,#5431,.T.);
#5433=ORIENTED_EDGE('',*,*,#5432,.F.);
#5434=EDGE_LOOP('',(#5422,#5423,#5428,#5433));
#5435=FACE_OUTER_BOUND('',#5434,.T.);
#5436=ADVANCED_FACE('',(#5435),#5417,.T.);
#5437=DIRECTION('',(0.963776,0.266713,-0));
#5438=DIRECTION('',(-0,0,-1));
#5439=AXIS2_PLACEMENT_3D('',#1242,#5437,#5438);
#5440=PLANE('',#5439);
#5441=DIRECTION('',(-0.266713,0.963776,0));
#5442=VECTOR('',#5441,0.39266);
#5443=LINE('',#1206,#5442);
#5444=EDGE_CURVE('',#1207,#1243,#5443,.T.);
#5445=ORIENTED_EDGE('',*,*,#5444,.F.);
#5446=ORIENTED_EDGE('',*,*,#5427,.F.);
#5447=ORIENTED_EDGE('',*,*,#1880,.T.);
#5448=DIRECTION('',(0,0,1));
#5449=VECTOR('',#5448,4);
#5450=LINE('',#1070,#5449);
#5451=EDGE_CURVE('',#1071,#1243,#5450,.T.);
#5452=ORIENTED_EDGE('',*,*,#5451,.T.);
#5453=EDGE_LOOP('',(#5445,#5446,#5447,#5452));
#5454=FACE_OUTER_BOUND('',#5453,.T.);
#5455=ADVANCED_FACE('',(#5454),#5440,.T.);
#5456=DIRECTION('',(0.999699,0.024541,-0));
#5457=DIRECTION('',(-0,0,-1));
#5458=AXIS2_PLACEMENT_3D('',#1060,#5456,#5457);
#5459=PLANE('',#5458);
#5460=ORIENTED_EDGE('',*,*,#1905,.T.);
#5461=DIRECTION('',(0,0,1));
#5462=VECTOR('',#5461,4);
#5463=LINE('',#1062,#5462);
#5464=EDGE_CURVE('',#1063,#1211,#5463,.T.);
#5465=ORIENTED_EDGE('',*,*,#5464,.T.);
#5466=DIRECTION('',(-0.024541,0.999699,0));
#5467=VECTOR('',#5466,0.39266);
#5468=LINE('',#1208,#5467);
#5469=EDGE_CURVE('',#1209,#1211,#5468,.T.);
#5470=ORIENTED_EDGE('',*,*,#5469,.F.);
#5471=ORIENTED_EDGE('',*,*,#5176,.F.);
#5472=EDGE_LOOP('',(#5460,#5465,#5470,#5471));
#5473=FACE_OUTER_BOUND('',#5472,.T.);
#5474=ADVANCED_FACE('',(#5473),#5459,.T.);
#5475=DIRECTION('',(0.99729,0.073565,-0));
#5476=DIRECTION('',(-0,0,-1));
#5477=AXIS2_PLACEMENT_3D('',#1210,#5475,#5476);
#5478=PLANE('',#5477);
#5479=ORIENTED_EDGE('',*,*,#5464,.F.);
#5480=ORIENTED_EDGE('',*,*,#1900,.T.);
#5481=DIRECTION('',(0,0,1));
#5482=VECTOR('',#5481,4);
#5483=LINE('',#1064,#5482);
#5484=EDGE_CURVE('',#1065,#1213,#5483,.T.);
#5485=ORIENTED_EDGE('',*,*,#5484,.T.);
#5486=DIRECTION('',(-0.073565,0.99729,0));
#5487=VECTOR('',#5486,0.39266);
#5488=LINE('',#1210,#5487);
#5489=EDGE_CURVE('',#1211,#1213,#5488,.T.);
#5490=ORIENTED_EDGE('',*,*,#5489,.F.);
#5491=EDGE_LOOP('',(#5479,#5480,#5485,#5490));
#5492=FACE_OUTER_BOUND('',#5491,.T.);
#5493=ADVANCED_FACE('',(#5492),#5478,.T.);
#5494=DIRECTION('',(0.99248,0.122411,-0));
#5495=DIRECTION('',(-0,0,-1));
#5496=AXIS2_PLACEMENT_3D('',#1066,#5494,#5495);
#5497=PLANE('',#5496);
#5498=DIRECTION('',(0,0,1));
#5499=VECTOR('',#5498,4);
#5500=LINE('',#1066,#5499);
#5501=EDGE_CURVE('',#1067,#1221,#5500,.T.);
#5502=ORIENTED_EDGE('',*,*,#5501,.T.);
#5503=DIRECTION('',(-0.122411,0.99248,0));
#5504=VECTOR('',#5503,0.39266);
#5505=LINE('',#1212,#5504);
#5506=EDGE_CURVE('',#1213,#1221,#5505,.T.);
#5507=ORIENTED_EDGE('',*,*,#5506,.F.);
#5508=ORIENTED_EDGE('',*,*,#5484,.F.);
#5509=ORIENTED_EDGE('',*,*,#1895,.T.);
#5510=EDGE_LOOP('',(#5502,#5507,#5508,#5509));
#5511=FACE_OUTER_BOUND('',#5510,.T.);
#5512=ADVANCED_FACE('',(#5511),#5497,.T.);
#5513=DIRECTION('',(0.985278,0.170962,0));
#5514=DIRECTION('',(0,0,-1));
#5515=AXIS2_PLACEMENT_3D('',#1056,#5513,#5514);
#5516=PLANE('',#5515);
#5517=ORIENTED_EDGE('',*,*,#5421,.T.);
#5518=DIRECTION('',(0.170962,-0.985278,0));
#5519=VECTOR('',#5518,0.39266);
#5520=LINE('',#1204,#5519);
#5521=EDGE_CURVE('',#1205,#1221,#5520,.T.);
#5522=ORIENTED_EDGE('',*,*,#5521,.T.);
#5523=ORIENTED_EDGE('',*,*,#5501,.F.);
#5524=ORIENTED_EDGE('',*,*,#1890,.F.);
#5525=EDGE_LOOP('',(#5517,#5522,#5523,#5524));
#5526=FACE_OUTER_BOUND('',#5525,.T.);
#5527=ADVANCED_FACE('',(#5526),#5516,.T.);
#5528=DIRECTION('',(0.949528,0.313682,0));
#5529=DIRECTION('',(0,0,-1));
#5530=AXIS2_PLACEMENT_3D('',#1070,#5528,#5529);
#5531=PLANE('',#5530);
#5532=ORIENTED_EDGE('',*,*,#1875,.F.);
#5533=DIRECTION('',(0,0,1));
#5534=VECTOR('',#5533,4);
#5535=LINE('',#1068,#5534);
#5536=EDGE_CURVE('',#1069,#1241,#5535,.T.);
#5537=ORIENTED_EDGE('',*,*,#5536,.T.);
#5538=DIRECTION('',(0.313682,-0.949528,0));
#5539=VECTOR('',#5538,0.39266);
#5540=LINE('',#1240,#5539);
#5541=EDGE_CURVE('',#1241,#1243,#5540,.T.);
#5542=ORIENTED_EDGE('',*,*,#5541,.T.);
#5543=ORIENTED_EDGE('',*,*,#5451,.F.);
#5544=EDGE_LOOP('',(#5532,#5537,#5542,#5543));
#5545=FACE_OUTER_BOUND('',#5544,.T.);
#5546=ADVANCED_FACE('',(#5545),#5531,.T.);
#5547=DIRECTION('',(0.932993,0.359895,-0));
#5548=DIRECTION('',(-0,0,-1));
#5549=AXIS2_PLACEMENT_3D('',#1240,#5547,#5548);
#5550=PLANE('',#5549);
#5551=ORIENTED_EDGE('',*,*,#5536,.F.);
#5552=ORIENTED_EDGE('',*,*,#1870,.T.);
#5553=DIRECTION('',(0,0,1));
#5554=VECTOR('',#5553,4);
#5555=LINE('',#1072,#5554);
#5556=EDGE_CURVE('',#1073,#1245,#5555,.T.);
#5557=ORIENTED_EDGE('',*,*,#5556,.T.);
#5558=DIRECTION('',(-0.359895,0.932993,0));
#5559=VECTOR('',#5558,0.39266);
#5560=LINE('',#1240,#5559);
#5561=EDGE_CURVE('',#1241,#1245,#5560,.T.);
#5562=ORIENTED_EDGE('',*,*,#5561,.F.);
#5563=EDGE_LOOP('',(#5551,#5552,#5557,#5562));
#5564=FACE_OUTER_BOUND('',#5563,.T.);
#5565=ADVANCED_FACE('',(#5564),#5550,.T.);
#5566=DIRECTION('',(0.91421,0.40524,-0));
#5567=DIRECTION('',(-0,0,-1));
#5568=AXIS2_PLACEMENT_3D('',#1246,#5566,#5567);
#5569=PLANE('',#5568);
#5570=DIRECTION('',(-0.40524,0.91421,0));
#5571=VECTOR('',#5570,0.392659);
#5572=LINE('',#1244,#5571);
#5573=EDGE_CURVE('',#1245,#1247,#5572,.T.);
#5574=ORIENTED_EDGE('',*,*,#5573,.F.);
#5575=ORIENTED_EDGE('',*,*,#5556,.F.);
#5576=ORIENTED_EDGE('',*,*,#1865,.T.);
#5577=DIRECTION('',(0,0,1));
#5578=VECTOR('',#5577,4);
#5579=LINE('',#1074,#5578);
#5580=EDGE_CURVE('',#1075,#1247,#5579,.T.);
#5581=ORIENTED_EDGE('',*,*,#5580,.T.);
#5582=EDGE_LOOP('',(#5574,#5575,#5576,#5581));
#5583=FACE_OUTER_BOUND('',#5582,.T.);
#5584=ADVANCED_FACE('',(#5583),#5569,.T.);
#5585=DIRECTION('',(0.870087,0.492899,-0));
#5586=DIRECTION('',(-0,0,1));
#5587=AXIS2_PLACEMENT_3D('',#1076,#5585,#5586);
#5588=PLANE('',#5587);
#5589=ORIENTED_EDGE('',*,*,#1855,.T.);
#5590=DIRECTION('',(0,0,1));
#5591=VECTOR('',#5590,4);
#5592=LINE('',#1078,#5591);
#5593=EDGE_CURVE('',#1079,#1251,#5592,.T.);
#5594=ORIENTED_EDGE('',*,*,#5593,.T.);
#5595=DIRECTION('',(-0.492899,0.870087,0));
#5596=VECTOR('',#5595,0.39266);
#5597=LINE('',#1248,#5596);
#5598=EDGE_CURVE('',#1249,#1251,#5597,.T.);
#5599=ORIENTED_EDGE('',*,*,#5598,.F.);
#5600=DIRECTION('',(0,0,1));
#5601=VECTOR('',#5600,4);
#5602=LINE('',#1076,#5601);
#5603=EDGE_CURVE('',#1077,#1249,#5602,.T.);
#5604=ORIENTED_EDGE('',*,*,#5603,.F.);
#5605=EDGE_LOOP('',(#5589,#5594,#5599,#5604));
#5606=FACE_OUTER_BOUND('',#5605,.T.);
#5607=ADVANCED_FACE('',(#5606),#5588,.T.);
#5608=DIRECTION('',(0.893224,0.449611,-0));
#5609=DIRECTION('',(-0,0,1));
#5610=AXIS2_PLACEMENT_3D('',#1076,#5608,#5609);
#5611=PLANE('',#5610);
#5612=ORIENTED_EDGE('',*,*,#5603,.T.);
#5613=DIRECTION('',(-0.449611,0.893224,0));
#5614=VECTOR('',#5613,0.39266);
#5615=LINE('',#1246,#5614);
#5616=EDGE_CURVE('',#1247,#1249,#5615,.T.);
#5617=ORIENTED_EDGE('',*,*,#5616,.F.);
#5618=ORIENTED_EDGE('',*,*,#5580,.F.);
#5619=ORIENTED_EDGE('',*,*,#1860,.T.);
#5620=EDGE_LOOP('',(#5612,#5617,#5618,#5619));
#5621=FACE_OUTER_BOUND('',#5620,.T.);
#5622=ADVANCED_FACE('',(#5621),#5611,.T.);
#5623=DIRECTION('',(0.844853,0.534998,0));
#5624=DIRECTION('',(0,0,1));
#5625=AXIS2_PLACEMENT_3D('',#1078,#5623,#5624);
#5626=PLANE('',#5625);
#5627=ORIENTED_EDGE('',*,*,#1850,.F.);
#5628=DIRECTION('',(0,0,1));
#5629=VECTOR('',#5628,4);
#5630=LINE('',#1054,#5629);
#5631=EDGE_CURVE('',#1055,#1203,#5630,.T.);
#5632=ORIENTED_EDGE('',*,*,#5631,.T.);
#5633=DIRECTION('',(0.534998,-0.844853,0));
#5634=VECTOR('',#5633,0.39266);
#5635=LINE('',#1202,#5634);
#5636=EDGE_CURVE('',#1203,#1251,#5635,.T.);
#5637=ORIENTED_EDGE('',*,*,#5636,.T.);
#5638=ORIENTED_EDGE('',*,*,#5593,.F.);
#5639=EDGE_LOOP('',(#5627,#5632,#5637,#5638));
#5640=FACE_OUTER_BOUND('',#5639,.T.);
#5641=ADVANCED_FACE('',(#5640),#5626,.T.);
#5642=DIRECTION('',(0.575808,0.817585,0));
#5643=DIRECTION('',(0,0,1));
#5644=AXIS2_PLACEMENT_3D('',#1272,#5642,#5643);
#5645=PLANE('',#5644);
#5646=DIRECTION('',(0,0,1));
#5647=VECTOR('',#5646,4);
#5648=LINE('',#1080,#5647);
#5649=EDGE_CURVE('',#1081,#1273,#5648,.T.);
#5650=ORIENTED_EDGE('',*,*,#5649,.F.);
#5651=ORIENTED_EDGE('',*,*,#1810,.F.);
#5652=ORIENTED_EDGE('',*,*,#5312,.T.);
#5653=DIRECTION('',(0.817585,-0.575808,0));
#5654=VECTOR('',#5653,0.39266);
#5655=LINE('',#1168,#5654);
#5656=EDGE_CURVE('',#1169,#1273,#5655,.T.);
#5657=ORIENTED_EDGE('',*,*,#5656,.T.);
#5658=EDGE_LOOP('',(#5650,#5651,#5652,#5657));
#5659=FACE_OUTER_BOUND('',#5658,.T.);
#5660=ADVANCED_FACE('',(#5659),#5645,.T.);
#5661=DIRECTION('',(0.615232,0.788346,0));
#5662=DIRECTION('',(0,0,1));
#5663=AXIS2_PLACEMENT_3D('',#1272,#5661,#5662);
#5664=PLANE('',#5663);
#5665=DIRECTION('',(0.788346,-0.615232,0));
#5666=VECTOR('',#5665,0.39266);
#5667=LINE('',#1272,#5666);
#5668=EDGE_CURVE('',#1273,#1275,#5667,.T.);
#5669=ORIENTED_EDGE('',*,*,#5668,.T.);
#5670=DIRECTION('',(0,0,1));
#5671=VECTOR('',#5670,4);
#5672=LINE('',#1082,#5671);
#5673=EDGE_CURVE('',#1083,#1275,#5672,.T.);
#5674=ORIENTED_EDGE('',*,*,#5673,.F.);
#5675=ORIENTED_EDGE('',*,*,#1815,.F.);
#5676=ORIENTED_EDGE('',*,*,#5649,.T.);
#5677=EDGE_LOOP('',(#5669,#5674,#5675,#5676));
#5678=FACE_OUTER_BOUND('',#5677,.T.);
#5679=ADVANCED_FACE('',(#5678),#5664,.T.);
#5680=DIRECTION('',(0.653172,0.757209,0));
#5681=DIRECTION('',(0,0,1));
#5682=AXIS2_PLACEMENT_3D('',#1082,#5680,#5681);
#5683=PLANE('',#5682);
#5684=ORIENTED_EDGE('',*,*,#5673,.T.);
#5685=DIRECTION('',(0.757209,-0.653172,0));
#5686=VECTOR('',#5685,0.39266);
#5687=LINE('',#1274,#5686);
#5688=EDGE_CURVE('',#1275,#1277,#5687,.T.);
#5689=ORIENTED_EDGE('',*,*,#5688,.T.);
#5690=DIRECTION('',(0,0,1));
#5691=VECTOR('',#5690,4);
#5692=LINE('',#1084,#5691);
#5693=EDGE_CURVE('',#1085,#1277,#5692,.T.);
#5694=ORIENTED_EDGE('',*,*,#5693,.F.);
#5695=ORIENTED_EDGE('',*,*,#1820,.F.);
#5696=EDGE_LOOP('',(#5684,#5689,#5694,#5695));
#5697=FACE_OUTER_BOUND('',#5696,.T.);
#5698=ADVANCED_FACE('',(#5697),#5683,.T.);
#5699=DIRECTION('',(0.689541,0.724247,0));
#5700=DIRECTION('',(0,0,1));
#5701=AXIS2_PLACEMENT_3D('',#1276,#5699,#5700);
#5702=PLANE('',#5701);
#5703=DIRECTION('',(0.724247,-0.689541,0));
#5704=VECTOR('',#5703,0.39266);
#5705=LINE('',#1276,#5704);
#5706=EDGE_CURVE('',#1277,#1285,#5705,.T.);
#5707=ORIENTED_EDGE('',*,*,#5706,.T.);
#5708=DIRECTION('',(0,0,1));
#5709=VECTOR('',#5708,4);
#5710=LINE('',#1092,#5709);
#5711=EDGE_CURVE('',#1093,#1285,#5710,.T.);
#5712=ORIENTED_EDGE('',*,*,#5711,.F.);
#5713=ORIENTED_EDGE('',*,*,#1825,.F.);
#5714=ORIENTED_EDGE('',*,*,#5693,.T.);
#5715=EDGE_LOOP('',(#5707,#5712,#5713,#5714));
#5716=FACE_OUTER_BOUND('',#5715,.T.);
#5717=ADVANCED_FACE('',(#5716),#5702,.T.);
#5718=DIRECTION('',(0.724247,0.689541,-0));
#5719=DIRECTION('',(-0,0,1));
#5720=AXIS2_PLACEMENT_3D('',#1280,#5718,#5719);
#5721=PLANE('',#5720);
#5722=DIRECTION('',(0,0,1));
#5723=VECTOR('',#5722,4);
#5724=LINE('',#1088,#5723);
#5725=EDGE_CURVE('',#1089,#1281,#5724,.T.);
#5726=ORIENTED_EDGE('',*,*,#5725,.F.);
#5727=ORIENTED_EDGE('',*,*,#1830,.T.);
#5728=ORIENTED_EDGE('',*,*,#5711,.T.);
#5729=DIRECTION('',(-0.689541,0.724247,0));
#5730=VECTOR('',#5729,0.39266);
#5731=LINE('',#1280,#5730);
#5732=EDGE_CURVE('',#1281,#1285,#5731,.T.);
#5733=ORIENTED_EDGE('',*,*,#5732,.F.);
#5734=EDGE_LOOP('',(#5726,#5727,#5728,#5733));
#5735=FACE_OUTER_BOUND('',#5734,.T.);
#5736=ADVANCED_FACE('',(#5735),#5721,.T.);
#5737=DIRECTION('',(0.757209,0.653172,-0));
#5738=DIRECTION('',(-0,0,1));
#5739=AXIS2_PLACEMENT_3D('',#1278,#5737,#5738);
#5740=PLANE('',#5739);
#5741=DIRECTION('',(0,0,1));
#5742=VECTOR('',#5741,4);
#5743=LINE('',#1086,#5742);
#5744=EDGE_CURVE('',#1087,#1279,#5743,.T.);
#5745=ORIENTED_EDGE('',*,*,#5744,.F.);
#5746=ORIENTED_EDGE('',*,*,#1835,.T.);
#5747=ORIENTED_EDGE('',*,*,#5725,.T.);
#5748=DIRECTION('',(-0.653172,0.757209,0));
#5749=VECTOR('',#5748,0.39266);
#5750=LINE('',#1278,#5749);
#5751=EDGE_CURVE('',#1279,#1281,#5750,.T.);
#5752=ORIENTED_EDGE('',*,*,#5751,.F.);
#5753=EDGE_LOOP('',(#5745,#5746,#5747,#5752));
#5754=FACE_OUTER_BOUND('',#5753,.T.);
#5755=ADVANCED_FACE('',(#5754),#5740,.T.);
#5756=DIRECTION('',(0.788346,0.615232,0));
#5757=DIRECTION('',(0,0,1));
#5758=AXIS2_PLACEMENT_3D('',#1278,#5756,#5757);
#5759=PLANE('',#5758);
#5760=DIRECTION('',(0.615232,-0.788346,0));
#5761=VECTOR('',#5760,0.39266);
#5762=LINE('',#1278,#5761);
#5763=EDGE_CURVE('',#1279,#1283,#5762,.T.);
#5764=ORIENTED_EDGE('',*,*,#5763,.T.);
#5765=DIRECTION('',(0,0,1));
#5766=VECTOR('',#5765,4);
#5767=LINE('',#1090,#5766);
#5768=EDGE_CURVE('',#1091,#1283,#5767,.T.);
#5769=ORIENTED_EDGE('',*,*,#5768,.F.);
#5770=ORIENTED_EDGE('',*,*,#1840,.F.);
#5771=ORIENTED_EDGE('',*,*,#5744,.T.);
#5772=EDGE_LOOP('',(#5764,#5769,#5770,#5771));
#5773=FACE_OUTER_BOUND('',#5772,.T.);
#5774=ADVANCED_FACE('',(#5773),#5759,.T.);
#5775=DIRECTION('',(0.817585,0.575808,-0));
#5776=DIRECTION('',(-0,0,1));
#5777=AXIS2_PLACEMENT_3D('',#1282,#5775,#5776);
#5778=PLANE('',#5777);
#5779=DIRECTION('',(-0.575808,0.817585,0));
#5780=VECTOR('',#5779,0.39266);
#5781=LINE('',#1202,#5780);
#5782=EDGE_CURVE('',#1203,#1283,#5781,.T.);
#5783=ORIENTED_EDGE('',*,*,#5782,.F.);
#5784=ORIENTED_EDGE('',*,*,#5631,.F.);
#5785=ORIENTED_EDGE('',*,*,#1845,.T.);
#5786=ORIENTED_EDGE('',*,*,#5768,.T.);
#5787=EDGE_LOOP('',(#5783,#5784,#5785,#5786));
#5788=FACE_OUTER_BOUND('',#5787,.T.);
#5789=ADVANCED_FACE('',(#5788),#5778,.T.);
#5790=DIRECTION('',(-0.757209,-0.653173,0));
#5791=DIRECTION('',(0,-0,-1));
#5792=AXIS2_PLACEMENT_3D('',#106,#5790,#5791);
#5793=PLANE('',#5792);
#5794=DIRECTION('',(0.653173,-0.757209,0));
#5795=VECTOR('',#5794,0.441742);
#5796=LINE('',#106,#5795);
#5797=EDGE_CURVE('',#107,#141,#5796,.T.);
#5798=ORIENTED_EDGE('',*,*,#5797,.T.);
#5799=DIRECTION('',(0,0,1));
#5800=VECTOR('',#5799,1);
#5801=LINE('',#140,#5800);
#5802=EDGE_CURVE('',#141,#161,#5801,.T.);
#5803=ORIENTED_EDGE('',*,*,#5802,.T.);
#5804=ORIENTED_EDGE('',*,*,#3498,.F.);
#5805=DIRECTION('',(0,0,1));
#5806=VECTOR('',#5805,1);
#5807=LINE('',#106,#5806);
#5808=EDGE_CURVE('',#107,#115,#5807,.T.);
#5809=ORIENTED_EDGE('',*,*,#5808,.F.);
#5810=EDGE_LOOP('',(#5798,#5803,#5804,#5809));
#5811=FACE_OUTER_BOUND('',#5810,.T.);
#5812=ADVANCED_FACE('',(#5811),#5793,.T.);
#5813=DIRECTION('',(0,0,-1));
#5814=DIRECTION('',(-0,1,0));
#5815=AXIS2_PLACEMENT_3D('',#1226,#5813,#5814);
#5816=PLANE('',#5815);
#5817=DIRECTION('',(-0.219102,0.975702,0));
#5818=VECTOR('',#5817,0.441742);
#5819=LINE('',#1224,#5818);
#5820=EDGE_CURVE('',#1225,#1227,#5819,.T.);
#5821=ORIENTED_EDGE('',*,*,#5820,.F.);
#5822=DIRECTION('',(-0.170963,0.985277,0));
#5823=VECTOR('',#5822,0.441742);
#5824=LINE('',#1222,#5823);
#5825=EDGE_CURVE('',#1223,#1225,#5824,.T.);
#5826=ORIENTED_EDGE('',*,*,#5825,.F.);
#5827=DIRECTION('',(-0.122409,0.99248,0));
#5828=VECTOR('',#5827,0.441742);
#5829=LINE('',#1218,#5828);
#5830=EDGE_CURVE('',#1219,#1223,#5829,.T.);
#5831=ORIENTED_EDGE('',*,*,#5830,.F.);
#5832=DIRECTION('',(-0.073564,0.99729,0));
#5833=VECTOR('',#5832,0.441742);
#5834=LINE('',#1216,#5833);
#5835=EDGE_CURVE('',#1217,#1219,#5834,.T.);
#5836=ORIENTED_EDGE('',*,*,#5835,.F.);
#5837=DIRECTION('',(-0.024542,0.999699,0));
#5838=VECTOR('',#5837,0.441742);
#5839=LINE('',#1214,#5838);
#5840=EDGE_CURVE('',#1215,#1217,#5839,.T.);
#5841=ORIENTED_EDGE('',*,*,#5840,.F.);
#5842=DIRECTION('',(0.024542,0.999699,0));
#5843=VECTOR('',#5842,0.441742);
#5844=LINE('',#982,#5843);
#5845=EDGE_CURVE('',#983,#1215,#5844,.T.);
#5846=ORIENTED_EDGE('',*,*,#5845,.F.);
#5847=DIRECTION('',(0.073564,0.99729,0));
#5848=VECTOR('',#5847,0.441742);
#5849=LINE('',#980,#5848);
#5850=EDGE_CURVE('',#981,#983,#5849,.T.);
#5851=ORIENTED_EDGE('',*,*,#5850,.F.);
#5852=DIRECTION('',(0.122409,0.99248,0));
#5853=VECTOR('',#5852,0.441742);
#5854=LINE('',#974,#5853);
#5855=EDGE_CURVE('',#975,#981,#5854,.T.);
#5856=ORIENTED_EDGE('',*,*,#5855,.F.);
#5857=DIRECTION('',(0.170963,0.985277,0));
#5858=VECTOR('',#5857,0.441742);
#5859=LINE('',#972,#5858);
#5860=EDGE_CURVE('',#973,#975,#5859,.T.);
#5861=ORIENTED_EDGE('',*,*,#5860,.F.);
#5862=DIRECTION('',(0.219102,0.975702,0));
#5863=VECTOR('',#5862,0.441742);
#5864=LINE('',#970,#5863);
#5865=EDGE_CURVE('',#971,#973,#5864,.T.);
#5866=ORIENTED_EDGE('',*,*,#5865,.F.);
#5867=DIRECTION('',(0.266712,0.963776,0));
#5868=VECTOR('',#5867,0.441742);
#5869=LINE('',#952,#5868);
#5870=EDGE_CURVE('',#953,#971,#5869,.T.);
#5871=ORIENTED_EDGE('',*,*,#5870,.F.);
#5872=DIRECTION('',(0.313681,0.949528,0));
#5873=VECTOR('',#5872,0.441742);
#5874=LINE('',#950,#5873);
#5875=EDGE_CURVE('',#951,#953,#5874,.T.);
#5876=ORIENTED_EDGE('',*,*,#5875,.F.);
#5877=DIRECTION('',(0.359896,0.932992,0));
#5878=VECTOR('',#5877,0.441742);
#5879=LINE('',#948,#5878);
#5880=EDGE_CURVE('',#949,#951,#5879,.T.);
#5881=ORIENTED_EDGE('',*,*,#5880,.F.);
#5882=DIRECTION('',(0.405242,0.91421,0));
#5883=VECTOR('',#5882,0.441742);
#5884=LINE('',#946,#5883);
#5885=EDGE_CURVE('',#947,#949,#5884,.T.);
#5886=ORIENTED_EDGE('',*,*,#5885,.F.);
#5887=DIRECTION('',(0.449611,0.893224,0));
#5888=VECTOR('',#5887,0.441742);
#5889=LINE('',#944,#5888);
#5890=EDGE_CURVE('',#945,#947,#5889,.T.);
#5891=ORIENTED_EDGE('',*,*,#5890,.F.);
#5892=DIRECTION('',(0.492898,0.870087,0));
#5893=VECTOR('',#5892,0.441742);
#5894=LINE('',#920,#5893);
#5895=EDGE_CURVE('',#921,#945,#5894,.T.);
#5896=ORIENTED_EDGE('',*,*,#5895,.F.);
#5897=DIRECTION('',(0.534997,0.844854,0));
#5898=VECTOR('',#5897,0.441742);
#5899=LINE('',#918,#5898);
#5900=EDGE_CURVE('',#919,#921,#5899,.T.);
#5901=ORIENTED_EDGE('',*,*,#5900,.F.);
#5902=DIRECTION('',(0.575807,0.817585,0));
#5903=VECTOR('',#5902,0.441742);
#5904=LINE('',#916,#5903);
#5905=EDGE_CURVE('',#917,#919,#5904,.T.);
#5906=ORIENTED_EDGE('',*,*,#5905,.F.);
#5907=DIRECTION('',(0.615232,0.788346,0));
#5908=VECTOR('',#5907,0.441742);
#5909=LINE('',#914,#5908);
#5910=EDGE_CURVE('',#915,#917,#5909,.T.);
#5911=ORIENTED_EDGE('',*,*,#5910,.F.);
#5912=DIRECTION('',(0.653173,0.757209,0));
#5913=VECTOR('',#5912,0.441742);
#5914=LINE('',#900,#5913);
#5915=EDGE_CURVE('',#901,#915,#5914,.T.);
#5916=ORIENTED_EDGE('',*,*,#5915,.F.);
#5917=DIRECTION('',(0.68954,0.724248,0));
#5918=VECTOR('',#5917,0.441742);
#5919=LINE('',#898,#5918);
#5920=EDGE_CURVE('',#899,#901,#5919,.T.);
#5921=ORIENTED_EDGE('',*,*,#5920,.F.);
#5922=DIRECTION('',(0.724248,0.68954,0));
#5923=VECTOR('',#5922,0.441742);
#5924=LINE('',#894,#5923);
#5925=EDGE_CURVE('',#895,#899,#5924,.T.);
#5926=ORIENTED_EDGE('',*,*,#5925,.F.);
#5927=DIRECTION('',(0.757209,0.653173,0));
#5928=VECTOR('',#5927,0.441742);
#5929=LINE('',#878,#5928);
#5930=EDGE_CURVE('',#879,#895,#5929,.T.);
#5931=ORIENTED_EDGE('',*,*,#5930,.F.);
#5932=DIRECTION('',(0.788346,0.615232,0));
#5933=VECTOR('',#5932,0.441742);
#5934=LINE('',#876,#5933);
#5935=EDGE_CURVE('',#877,#879,#5934,.T.);
#5936=ORIENTED_EDGE('',*,*,#5935,.F.);
#5937=DIRECTION('',(0.817585,0.575807,0));
#5938=VECTOR('',#5937,0.441742);
#5939=LINE('',#874,#5938);
#5940=EDGE_CURVE('',#875,#877,#5939,.T.);
#5941=ORIENTED_EDGE('',*,*,#5940,.F.);
#5942=DIRECTION('',(0.844854,0.534997,0));
#5943=VECTOR('',#5942,0.441742);
#5944=LINE('',#872,#5943);
#5945=EDGE_CURVE('',#873,#875,#5944,.T.);
#5946=ORIENTED_EDGE('',*,*,#5945,.F.);
#5947=DIRECTION('',(0.870087,0.492898,0));
#5948=VECTOR('',#5947,0.441742);
#5949=LINE('',#812,#5948);
#5950=EDGE_CURVE('',#813,#873,#5949,.T.);
#5951=ORIENTED_EDGE('',*,*,#5950,.F.);
#5952=DIRECTION('',(0.893224,0.449611,0));
#5953=VECTOR('',#5952,0.441742);
#5954=LINE('',#810,#5953);
#5955=EDGE_CURVE('',#811,#813,#5954,.T.);
#5956=ORIENTED_EDGE('',*,*,#5955,.F.);
#5957=DIRECTION('',(0.91421,0.405242,0));
#5958=VECTOR('',#5957,0.441742);
#5959=LINE('',#808,#5958);
#5960=EDGE_CURVE('',#809,#811,#5959,.T.);
#5961=ORIENTED_EDGE('',*,*,#5960,.F.);
#5962=DIRECTION('',(0.932992,0.359896,0));
#5963=VECTOR('',#5962,0.441742);
#5964=LINE('',#800,#5963);
#5965=EDGE_CURVE('',#801,#809,#5964,.T.);
#5966=ORIENTED_EDGE('',*,*,#5965,.F.);
#5967=DIRECTION('',(0.949528,0.313681,0));
#5968=VECTOR('',#5967,0.441742);
#5969=LINE('',#798,#5968);
#5970=EDGE_CURVE('',#799,#801,#5969,.T.);
#5971=ORIENTED_EDGE('',*,*,#5970,.F.);
#5972=DIRECTION('',(0.963776,0.266712,0));
#5973=VECTOR('',#5972,0.441742);
#5974=LINE('',#780,#5973);
#5975=EDGE_CURVE('',#781,#799,#5974,.T.);
#5976=ORIENTED_EDGE('',*,*,#5975,.F.);
#5977=DIRECTION('',(0.975702,0.219102,0));
#5978=VECTOR('',#5977,0.441742);
#5979=LINE('',#778,#5978);
#5980=EDGE_CURVE('',#779,#781,#5979,.T.);
#5981=ORIENTED_EDGE('',*,*,#5980,.F.);
#5982=DIRECTION('',(0.985277,0.170963,0));
#5983=VECTOR('',#5982,0.441742);
#5984=LINE('',#774,#5983);
#5985=EDGE_CURVE('',#775,#779,#5984,.T.);
#5986=ORIENTED_EDGE('',*,*,#5985,.F.);
#5987=DIRECTION('',(0.99248,0.122409,0));
#5988=VECTOR('',#5987,0.441742);
#5989=LINE('',#770,#5988);
#5990=EDGE_CURVE('',#771,#775,#5989,.T.);
#5991=ORIENTED_EDGE('',*,*,#5990,.F.);
#5992=DIRECTION('',(0.99729,0.073564,0));
#5993=VECTOR('',#5992,0.441742);
#5994=LINE('',#764,#5993);
#5995=EDGE_CURVE('',#765,#771,#5994,.T.);
#5996=ORIENTED_EDGE('',*,*,#5995,.F.);
#5997=DIRECTION('',(0.999699,0.024542,0));
#5998=VECTOR('',#5997,0.441742);
#5999=LINE('',#762,#5998);
#6000=EDGE_CURVE('',#763,#765,#5999,.T.);
#6001=ORIENTED_EDGE('',*,*,#6000,.F.);
#6002=DIRECTION('',(0.999699,-0.024542,0));
#6003=VECTOR('',#6002,0.441742);
#6004=LINE('',#278,#6003);
#6005=EDGE_CURVE('',#279,#763,#6004,.T.);
#6006=ORIENTED_EDGE('',*,*,#6005,.F.);
#6007=DIRECTION('',(0.99729,-0.073564,0));
#6008=VECTOR('',#6007,0.441742);
#6009=LINE('',#274,#6008);
#6010=EDGE_CURVE('',#275,#279,#6009,.T.);
#6011=ORIENTED_EDGE('',*,*,#6010,.F.);
#6012=DIRECTION('',(0.99248,-0.122409,0));
#6013=VECTOR('',#6012,0.441742);
#6014=LINE('',#266,#6013);
#6015=EDGE_CURVE('',#267,#275,#6014,.T.);
#6016=ORIENTED_EDGE('',*,*,#6015,.F.);
#6017=DIRECTION('',(0.985277,-0.170963,0));
#6018=VECTOR('',#6017,0.441742);
#6019=LINE('',#264,#6018);
#6020=EDGE_CURVE('',#265,#267,#6019,.T.);
#6021=ORIENTED_EDGE('',*,*,#6020,.F.);
#6022=DIRECTION('',(0.975702,-0.219102,0));
#6023=VECTOR('',#6022,0.441742);
#6024=LINE('',#262,#6023);
#6025=EDGE_CURVE('',#263,#265,#6024,.T.);
#6026=ORIENTED_EDGE('',*,*,#6025,.F.);
#6027=DIRECTION('',(0.963776,-0.266712,0));
#6028=VECTOR('',#6027,0.441742);
#6029=LINE('',#242,#6028);
#6030=EDGE_CURVE('',#243,#263,#6029,.T.);
#6031=ORIENTED_EDGE('',*,*,#6030,.F.);
#6032=DIRECTION('',(0.949528,-0.313681,0));
#6033=VECTOR('',#6032,0.441742);
#6034=LINE('',#240,#6033);
#6035=EDGE_CURVE('',#241,#243,#6034,.T.);
#6036=ORIENTED_EDGE('',*,*,#6035,.F.);
#6037=DIRECTION('',(0.932992,-0.359896,0));
#6038=VECTOR('',#6037,0.441742);
#6039=LINE('',#232,#6038);
#6040=EDGE_CURVE('',#233,#241,#6039,.T.);
#6041=ORIENTED_EDGE('',*,*,#6040,.F.);
#6042=DIRECTION('',(0.91421,-0.405242,0));
#6043=VECTOR('',#6042,0.441742);
#6044=LINE('',#230,#6043);
#6045=EDGE_CURVE('',#231,#233,#6044,.T.);
#6046=ORIENTED_EDGE('',*,*,#6045,.F.);
#6047=DIRECTION('',(0.893224,-0.449611,0));
#6048=VECTOR('',#6047,0.441742);
#6049=LINE('',#228,#6048);
#6050=EDGE_CURVE('',#229,#231,#6049,.T.);
#6051=ORIENTED_EDGE('',*,*,#6050,.F.);
#6052=DIRECTION('',(0.870087,-0.492898,0));
#6053=VECTOR('',#6052,0.441742);
#6054=LINE('',#128,#6053);
#6055=EDGE_CURVE('',#129,#229,#6054,.T.);
#6056=ORIENTED_EDGE('',*,*,#6055,.F.);
#6057=DIRECTION('',(0.844854,-0.534997,0));
#6058=VECTOR('',#6057,0.441742);
#6059=LINE('',#126,#6058);
#6060=EDGE_CURVE('',#127,#129,#6059,.T.);
#6061=ORIENTED_EDGE('',*,*,#6060,.F.);
#6062=DIRECTION('',(0.817585,-0.575807,0));
#6063=VECTOR('',#6062,0.441742);
#6064=LINE('',#124,#6063);
#6065=EDGE_CURVE('',#125,#127,#6064,.T.);
#6066=ORIENTED_EDGE('',*,*,#6065,.F.);
#6067=DIRECTION('',(0.788346,-0.615232,0));
#6068=VECTOR('',#6067,0.441742);
#6069=LINE('',#122,#6068);
#6070=EDGE_CURVE('',#123,#125,#6069,.T.);
#6071=ORIENTED_EDGE('',*,*,#6070,.F.);
#6072=DIRECTION('',(-0.757209,0.653173,0));
#6073=VECTOR('',#6072,0.441742);
#6074=LINE('',#122,#6073);
#6075=EDGE_CURVE('',#123,#143,#6074,.T.);
#6076=ORIENTED_EDGE('',*,*,#6075,.T.);
#6077=DIRECTION('',(0.724248,-0.68954,0));
#6078=VECTOR('',#6077,0.441742);
#6079=LINE('',#138,#6078);
#6080=EDGE_CURVE('',#139,#143,#6079,.T.);
#6081=ORIENTED_EDGE('',*,*,#6080,.F.);
#6082=DIRECTION('',(-0.68954,0.724248,0));
#6083=VECTOR('',#6082,0.441742);
#6084=LINE('',#138,#6083);
#6085=EDGE_CURVE('',#139,#141,#6084,.T.);
#6086=ORIENTED_EDGE('',*,*,#6085,.T.);
#6087=ORIENTED_EDGE('',*,*,#5797,.F.);
#6088=DIRECTION('',(-0.615232,0.788346,0));
#6089=VECTOR('',#6088,0.441742);
#6090=LINE('',#106,#6089);
#6091=EDGE_CURVE('',#107,#113,#6090,.T.);
#6092=ORIENTED_EDGE('',*,*,#6091,.T.);
#6093=DIRECTION('',(0.575807,-0.817585,0));
#6094=VECTOR('',#6093,0.441742);
#6095=LINE('',#110,#6094);
#6096=EDGE_CURVE('',#111,#113,#6095,.T.);
#6097=ORIENTED_EDGE('',*,*,#6096,.F.);
#6098=DIRECTION('',(0.534997,-0.844854,0));
#6099=VECTOR('',#6098,0.441742);
#6100=LINE('',#108,#6099);
#6101=EDGE_CURVE('',#109,#111,#6100,.T.);
#6102=ORIENTED_EDGE('',*,*,#6101,.F.);
#6103=DIRECTION('',(-0.492898,0.870087,0));
#6104=VECTOR('',#6103,0.441742);
#6105=LINE('',#108,#6104);
#6106=EDGE_CURVE('',#109,#165,#6105,.T.);
#6107=ORIENTED_EDGE('',*,*,#6106,.T.);
#6108=DIRECTION('',(-0.449611,0.893224,0));
#6109=VECTOR('',#6108,0.441742);
#6110=LINE('',#164,#6109);
#6111=EDGE_CURVE('',#165,#169,#6110,.T.);
#6112=ORIENTED_EDGE('',*,*,#6111,.T.);
#6113=DIRECTION('',(0.405242,-0.91421,0));
#6114=VECTOR('',#6113,0.441742);
#6115=LINE('',#166,#6114);
#6116=EDGE_CURVE('',#167,#169,#6115,.T.);
#6117=ORIENTED_EDGE('',*,*,#6116,.F.);
#6118=DIRECTION('',(-0.359896,0.932992,0));
#6119=VECTOR('',#6118,0.441742);
#6120=LINE('',#166,#6119);
#6121=EDGE_CURVE('',#167,#171,#6120,.T.);
#6122=ORIENTED_EDGE('',*,*,#6121,.T.);
#6123=DIRECTION('',(-0.313681,0.949528,0));
#6124=VECTOR('',#6123,0.441742);
#6125=LINE('',#170,#6124);
#6126=EDGE_CURVE('',#171,#173,#6125,.T.);
#6127=ORIENTED_EDGE('',*,*,#6126,.T.);
#6128=DIRECTION('',(-0.266712,0.963776,0));
#6129=VECTOR('',#6128,0.441742);
#6130=LINE('',#172,#6129);
#6131=EDGE_CURVE('',#173,#197,#6130,.T.);
#6132=ORIENTED_EDGE('',*,*,#6131,.T.);
#6133=DIRECTION('',(-0.219102,0.975702,0));
#6134=VECTOR('',#6133,0.441742);
#6135=LINE('',#196,#6134);
#6136=EDGE_CURVE('',#197,#199,#6135,.T.);
#6137=ORIENTED_EDGE('',*,*,#6136,.T.);
#6138=DIRECTION('',(-0.170963,0.985277,0));
#6139=VECTOR('',#6138,0.441742);
#6140=LINE('',#198,#6139);
#6141=EDGE_CURVE('',#199,#201,#6140,.T.);
#6142=ORIENTED_EDGE('',*,*,#6141,.T.);
#6143=DIRECTION('',(-0.122409,0.99248,0));
#6144=VECTOR('',#6143,0.441742);
#6145=LINE('',#200,#6144);
#6146=EDGE_CURVE('',#201,#205,#6145,.T.);
#6147=ORIENTED_EDGE('',*,*,#6146,.T.);
#6148=DIRECTION('',(-0.073564,0.99729,0));
#6149=VECTOR('',#6148,0.441742);
#6150=LINE('',#204,#6149);
#6151=EDGE_CURVE('',#205,#207,#6150,.T.);
#6152=ORIENTED_EDGE('',*,*,#6151,.T.);
#6153=DIRECTION('',(-0.024542,0.999699,0));
#6154=VECTOR('',#6153,0.441742);
#6155=LINE('',#206,#6154);
#6156=EDGE_CURVE('',#207,#435,#6155,.T.);
#6157=ORIENTED_EDGE('',*,*,#6156,.T.);
#6158=DIRECTION('',(0.024542,0.999699,0));
#6159=VECTOR('',#6158,0.441742);
#6160=LINE('',#434,#6159);
#6161=EDGE_CURVE('',#435,#437,#6160,.T.);
#6162=ORIENTED_EDGE('',*,*,#6161,.T.);
#6163=DIRECTION('',(0.073564,0.99729,0));
#6164=VECTOR('',#6163,0.441742);
#6165=LINE('',#436,#6164);
#6166=EDGE_CURVE('',#437,#439,#6165,.T.);
#6167=ORIENTED_EDGE('',*,*,#6166,.T.);
#6168=DIRECTION('',(0.122409,0.99248,0));
#6169=VECTOR('',#6168,0.441742);
#6170=LINE('',#438,#6169);
#6171=EDGE_CURVE('',#439,#447,#6170,.T.);
#6172=ORIENTED_EDGE('',*,*,#6171,.T.);
#6173=DIRECTION('',(0.170963,0.985277,0));
#6174=VECTOR('',#6173,0.441742);
#6175=LINE('',#446,#6174);
#6176=EDGE_CURVE('',#447,#449,#6175,.T.);
#6177=ORIENTED_EDGE('',*,*,#6176,.T.);
#6178=DIRECTION('',(0.219102,0.975702,0));
#6179=VECTOR('',#6178,0.441742);
#6180=LINE('',#448,#6179);
#6181=EDGE_CURVE('',#449,#451,#6180,.T.);
#6182=ORIENTED_EDGE('',*,*,#6181,.T.);
#6183=DIRECTION('',(0.266712,0.963776,0));
#6184=VECTOR('',#6183,0.441742);
#6185=LINE('',#450,#6184);
#6186=EDGE_CURVE('',#451,#471,#6185,.T.);
#6187=ORIENTED_EDGE('',*,*,#6186,.T.);
#6188=DIRECTION('',(0.313681,0.949528,0));
#6189=VECTOR('',#6188,0.441742);
#6190=LINE('',#470,#6189);
#6191=EDGE_CURVE('',#471,#473,#6190,.T.);
#6192=ORIENTED_EDGE('',*,*,#6191,.T.);
#6193=DIRECTION('',(0.359896,0.932992,0));
#6194=VECTOR('',#6193,0.441742);
#6195=LINE('',#472,#6194);
#6196=EDGE_CURVE('',#473,#475,#6195,.T.);
#6197=ORIENTED_EDGE('',*,*,#6196,.T.);
#6198=DIRECTION('',(0.405242,0.91421,0));
#6199=VECTOR('',#6198,0.441742);
#6200=LINE('',#474,#6199);
#6201=EDGE_CURVE('',#475,#477,#6200,.T.);
#6202=ORIENTED_EDGE('',*,*,#6201,.T.);
#6203=DIRECTION('',(0.449611,0.893224,0));
#6204=VECTOR('',#6203,0.441742);
#6205=LINE('',#476,#6204);
#6206=EDGE_CURVE('',#477,#479,#6205,.T.);
#6207=ORIENTED_EDGE('',*,*,#6206,.T.);
#6208=DIRECTION('',(0.492898,0.870087,0));
#6209=VECTOR('',#6208,0.441742);
#6210=LINE('',#478,#6209);
#6211=EDGE_CURVE('',#479,#505,#6210,.T.);
#6212=ORIENTED_EDGE('',*,*,#6211,.T.);
#6213=DIRECTION('',(0.534997,0.844854,0));
#6214=VECTOR('',#6213,0.441742);
#6215=LINE('',#504,#6214);
#6216=EDGE_CURVE('',#505,#507,#6215,.T.);
#6217=ORIENTED_EDGE('',*,*,#6216,.T.);
#6218=DIRECTION('',(0.575807,0.817585,0));
#6219=VECTOR('',#6218,0.441742);
#6220=LINE('',#506,#6219);
#6221=EDGE_CURVE('',#507,#509,#6220,.T.);
#6222=ORIENTED_EDGE('',*,*,#6221,.T.);
#6223=DIRECTION('',(0.615232,0.788346,0));
#6224=VECTOR('',#6223,0.441742);
#6225=LINE('',#508,#6224);
#6226=EDGE_CURVE('',#509,#511,#6225,.T.);
#6227=ORIENTED_EDGE('',*,*,#6226,.T.);
#6228=DIRECTION('',(0.653173,0.757209,0));
#6229=VECTOR('',#6228,0.441742);
#6230=LINE('',#510,#6229);
#6231=EDGE_CURVE('',#511,#527,#6230,.T.);
#6232=ORIENTED_EDGE('',*,*,#6231,.T.);
#6233=DIRECTION('',(0.68954,0.724248,0));
#6234=VECTOR('',#6233,0.441742);
#6235=LINE('',#526,#6234);
#6236=EDGE_CURVE('',#527,#529,#6235,.T.);
#6237=ORIENTED_EDGE('',*,*,#6236,.T.);
#6238=DIRECTION('',(0.724248,0.68954,0));
#6239=VECTOR('',#6238,0.441742);
#6240=LINE('',#528,#6239);
#6241=EDGE_CURVE('',#529,#533,#6240,.T.);
#6242=ORIENTED_EDGE('',*,*,#6241,.T.);
#6243=DIRECTION('',(0.757209,0.653173,0));
#6244=VECTOR('',#6243,0.441742);
#6245=LINE('',#532,#6244);
#6246=EDGE_CURVE('',#533,#547,#6245,.T.);
#6247=ORIENTED_EDGE('',*,*,#6246,.T.);
#6248=DIRECTION('',(0.788346,0.615232,0));
#6249=VECTOR('',#6248,0.441742);
#6250=LINE('',#546,#6249);
#6251=EDGE_CURVE('',#547,#549,#6250,.T.);
#6252=ORIENTED_EDGE('',*,*,#6251,.T.);
#6253=DIRECTION('',(0.817585,0.575807,0));
#6254=VECTOR('',#6253,0.441742);
#6255=LINE('',#548,#6254);
#6256=EDGE_CURVE('',#549,#551,#6255,.T.);
#6257=ORIENTED_EDGE('',*,*,#6256,.T.);
#6258=DIRECTION('',(0.844854,0.534997,0));
#6259=VECTOR('',#6258,0.441742);
#6260=LINE('',#550,#6259);
#6261=EDGE_CURVE('',#551,#553,#6260,.T.);
#6262=ORIENTED_EDGE('',*,*,#6261,.T.);
#6263=DIRECTION('',(0.870087,0.492898,0));
#6264=VECTOR('',#6263,0.441742);
#6265=LINE('',#552,#6264);
#6266=EDGE_CURVE('',#553,#611,#6265,.T.);
#6267=ORIENTED_EDGE('',*,*,#6266,.T.);
#6268=DIRECTION('',(0.893224,0.449611,0));
#6269=VECTOR('',#6268,0.441742);
#6270=LINE('',#610,#6269);
#6271=EDGE_CURVE('',#611,#613,#6270,.T.);
#6272=ORIENTED_EDGE('',*,*,#6271,.T.);
#6273=DIRECTION('',(0.91421,0.405242,0));
#6274=VECTOR('',#6273,0.441742);
#6275=LINE('',#612,#6274);
#6276=EDGE_CURVE('',#613,#615,#6275,.T.);
#6277=ORIENTED_EDGE('',*,*,#6276,.T.);
#6278=DIRECTION('',(0.932992,0.359896,0));
#6279=VECTOR('',#6278,0.441742);
#6280=LINE('',#614,#6279);
#6281=EDGE_CURVE('',#615,#623,#6280,.T.);
#6282=ORIENTED_EDGE('',*,*,#6281,.T.);
#6283=DIRECTION('',(0.949528,0.313681,0));
#6284=VECTOR('',#6283,0.441742);
#6285=LINE('',#622,#6284);
#6286=EDGE_CURVE('',#623,#625,#6285,.T.);
#6287=ORIENTED_EDGE('',*,*,#6286,.T.);
#6288=DIRECTION('',(0.963776,0.266712,0));
#6289=VECTOR('',#6288,0.441742);
#6290=LINE('',#624,#6289);
#6291=EDGE_CURVE('',#625,#641,#6290,.T.);
#6292=ORIENTED_EDGE('',*,*,#6291,.T.);
#6293=DIRECTION('',(0.975702,0.219102,0));
#6294=VECTOR('',#6293,0.441742);
#6295=LINE('',#640,#6294);
#6296=EDGE_CURVE('',#641,#643,#6295,.T.);
#6297=ORIENTED_EDGE('',*,*,#6296,.T.);
#6298=DIRECTION('',(0.985277,0.170963,0));
#6299=VECTOR('',#6298,0.441742);
#6300=LINE('',#642,#6299);
#6301=EDGE_CURVE('',#643,#647,#6300,.T.);
#6302=ORIENTED_EDGE('',*,*,#6301,.T.);
#6303=DIRECTION('',(0.99248,0.122409,0));
#6304=VECTOR('',#6303,0.441742);
#6305=LINE('',#646,#6304);
#6306=EDGE_CURVE('',#647,#651,#6305,.T.);
#6307=ORIENTED_EDGE('',*,*,#6306,.T.);
#6308=DIRECTION('',(0.99729,0.073564,0));
#6309=VECTOR('',#6308,0.441742);
#6310=LINE('',#650,#6309);
#6311=EDGE_CURVE('',#651,#655,#6310,.T.);
#6312=ORIENTED_EDGE('',*,*,#6311,.T.);
#6313=DIRECTION('',(0.999699,0.024542,0));
#6314=VECTOR('',#6313,0.441742);
#6315=LINE('',#654,#6314);
#6316=EDGE_CURVE('',#655,#1137,#6315,.T.);
#6317=ORIENTED_EDGE('',*,*,#6316,.T.);
#6318=DIRECTION('',(0.999699,-0.024542,0));
#6319=VECTOR('',#6318,0.441742);
#6320=LINE('',#1136,#6319);
#6321=EDGE_CURVE('',#1137,#1139,#6320,.T.);
#6322=ORIENTED_EDGE('',*,*,#6321,.T.);
#6323=DIRECTION('',(0.99729,-0.073564,0));
#6324=VECTOR('',#6323,0.441742);
#6325=LINE('',#1138,#6324);
#6326=EDGE_CURVE('',#1139,#1143,#6325,.T.);
#6327=ORIENTED_EDGE('',*,*,#6326,.T.);
#6328=DIRECTION('',(0.99248,-0.122409,0));
#6329=VECTOR('',#6328,0.441742);
#6330=LINE('',#1142,#6329);
#6331=EDGE_CURVE('',#1143,#1151,#6330,.T.);
#6332=ORIENTED_EDGE('',*,*,#6331,.T.);
#6333=DIRECTION('',(0.985277,-0.170963,0));
#6334=VECTOR('',#6333,0.441742);
#6335=LINE('',#1150,#6334);
#6336=EDGE_CURVE('',#1151,#1153,#6335,.T.);
#6337=ORIENTED_EDGE('',*,*,#6336,.T.);
#6338=DIRECTION('',(0.975702,-0.219102,0));
#6339=VECTOR('',#6338,0.441742);
#6340=LINE('',#1152,#6339);
#6341=EDGE_CURVE('',#1153,#1155,#6340,.T.);
#6342=ORIENTED_EDGE('',*,*,#6341,.T.);
#6343=DIRECTION('',(0.963776,-0.266712,0));
#6344=VECTOR('',#6343,0.441742);
#6345=LINE('',#1154,#6344);
#6346=EDGE_CURVE('',#1155,#1177,#6345,.T.);
#6347=ORIENTED_EDGE('',*,*,#6346,.T.);
#6348=DIRECTION('',(0.949528,-0.313681,0));
#6349=VECTOR('',#6348,0.441742);
#6350=LINE('',#1176,#6349);
#6351=EDGE_CURVE('',#1177,#1179,#6350,.T.);
#6352=ORIENTED_EDGE('',*,*,#6351,.T.);
#6353=DIRECTION('',(0.932992,-0.359896,0));
#6354=VECTOR('',#6353,0.441742);
#6355=LINE('',#1178,#6354);
#6356=EDGE_CURVE('',#1179,#1187,#6355,.T.);
#6357=ORIENTED_EDGE('',*,*,#6356,.T.);
#6358=DIRECTION('',(0.91421,-0.405242,0));
#6359=VECTOR('',#6358,0.441742);
#6360=LINE('',#1186,#6359);
#6361=EDGE_CURVE('',#1187,#1189,#6360,.T.);
#6362=ORIENTED_EDGE('',*,*,#6361,.T.);
#6363=DIRECTION('',(0.893224,-0.449611,0));
#6364=VECTOR('',#6363,0.441742);
#6365=LINE('',#1188,#6364);
#6366=EDGE_CURVE('',#1189,#1191,#6365,.T.);
#6367=ORIENTED_EDGE('',*,*,#6366,.T.);
#6368=DIRECTION('',(0.870087,-0.492898,0));
#6369=VECTOR('',#6368,0.441742);
#6370=LINE('',#1190,#6369);
#6371=EDGE_CURVE('',#1191,#1299,#6370,.T.);
#6372=ORIENTED_EDGE('',*,*,#6371,.T.);
#6373=DIRECTION('',(0.844854,-0.534997,0));
#6374=VECTOR('',#6373,0.441742);
#6375=LINE('',#1298,#6374);
#6376=EDGE_CURVE('',#1299,#1301,#6375,.T.);
#6377=ORIENTED_EDGE('',*,*,#6376,.T.);
#6378=DIRECTION('',(0.817585,-0.575807,0));
#6379=VECTOR('',#6378,0.441742);
#6380=LINE('',#1300,#6379);
#6381=EDGE_CURVE('',#1301,#1303,#6380,.T.);
#6382=ORIENTED_EDGE('',*,*,#6381,.T.);
#6383=DIRECTION('',(0.788346,-0.615232,0));
#6384=VECTOR('',#6383,0.441742);
#6385=LINE('',#1302,#6384);
#6386=EDGE_CURVE('',#1303,#1305,#6385,.T.);
#6387=ORIENTED_EDGE('',*,*,#6386,.T.);
#6388=DIRECTION('',(-0.757209,0.653173,0));
#6389=VECTOR('',#6388,0.441742);
#6390=LINE('',#1286,#6389);
#6391=EDGE_CURVE('',#1287,#1305,#6390,.T.);
#6392=ORIENTED_EDGE('',*,*,#6391,.F.);
#6393=DIRECTION('',(0.724248,-0.68954,0));
#6394=VECTOR('',#6393,0.441742);
#6395=LINE('',#1286,#6394);
#6396=EDGE_CURVE('',#1287,#1291,#6395,.T.);
#6397=ORIENTED_EDGE('',*,*,#6396,.T.);
#6398=DIRECTION('',(-0.68954,0.724248,0));
#6399=VECTOR('',#6398,0.441742);
#6400=LINE('',#1288,#6399);
#6401=EDGE_CURVE('',#1289,#1291,#6400,.T.);
#6402=ORIENTED_EDGE('',*,*,#6401,.F.);
#6403=DIRECTION('',(0.653173,-0.757209,0));
#6404=VECTOR('',#6403,0.441742);
#6405=LINE('',#1288,#6404);
#6406=EDGE_CURVE('',#1289,#1321,#6405,.T.);
#6407=ORIENTED_EDGE('',*,*,#6406,.T.);
#6408=DIRECTION('',(-0.615232,0.788346,0));
#6409=VECTOR('',#6408,0.441742);
#6410=LINE('',#1314,#6409);
#6411=EDGE_CURVE('',#1315,#1321,#6410,.T.);
#6412=ORIENTED_EDGE('',*,*,#6411,.F.);
#6413=DIRECTION('',(0.575807,-0.817585,0));
#6414=VECTOR('',#6413,0.441742);
#6415=LINE('',#1314,#6414);
#6416=EDGE_CURVE('',#1315,#1317,#6415,.T.);
#6417=ORIENTED_EDGE('',*,*,#6416,.T.);
#6418=DIRECTION('',(0.534997,-0.844854,0));
#6419=VECTOR('',#6418,0.441742);
#6420=LINE('',#1316,#6419);
#6421=EDGE_CURVE('',#1317,#1319,#6420,.T.);
#6422=ORIENTED_EDGE('',*,*,#6421,.T.);
#6423=DIRECTION('',(-0.492898,0.870087,0));
#6424=VECTOR('',#6423,0.441742);
#6425=LINE('',#1260,#6424);
#6426=EDGE_CURVE('',#1261,#1319,#6425,.T.);
#6427=ORIENTED_EDGE('',*,*,#6426,.F.);
#6428=DIRECTION('',(-0.449611,0.893224,0));
#6429=VECTOR('',#6428,0.441742);
#6430=LINE('',#1256,#6429);
#6431=EDGE_CURVE('',#1257,#1261,#6430,.T.);
#6432=ORIENTED_EDGE('',*,*,#6431,.F.);
#6433=DIRECTION('',(0.405242,-0.91421,0));
#6434=VECTOR('',#6433,0.441742);
#6435=LINE('',#1256,#6434);
#6436=EDGE_CURVE('',#1257,#1259,#6435,.T.);
#6437=ORIENTED_EDGE('',*,*,#6436,.T.);
#6438=DIRECTION('',(-0.359896,0.932992,0));
#6439=VECTOR('',#6438,0.441742);
#6440=LINE('',#1254,#6439);
#6441=EDGE_CURVE('',#1255,#1259,#6440,.T.);
#6442=ORIENTED_EDGE('',*,*,#6441,.F.);
#6443=DIRECTION('',(-0.313681,0.949528,0));
#6444=VECTOR('',#6443,0.441742);
#6445=LINE('',#1252,#6444);
#6446=EDGE_CURVE('',#1253,#1255,#6445,.T.);
#6447=ORIENTED_EDGE('',*,*,#6446,.F.);
#6448=DIRECTION('',(-0.266712,0.963776,0));
#6449=VECTOR('',#6448,0.441742);
#6450=LINE('',#1226,#6449);
#6451=EDGE_CURVE('',#1227,#1253,#6450,.T.);
#6452=ORIENTED_EDGE('',*,*,#6451,.F.);
#6453=EDGE_LOOP('',(#5821,#5826,#5831,#5836,#5841,#5846,#5851,#5856,#5861,#5866,#5871,#5876,#5881,#5886,#5891,#5896,#5901,#5906,#5911,#5916,#5921,#5926,#5931,#5936,#5941,#5946,#5951,#5956,#5961,#5966,#5971,#5976,#5981,#5986,#5991,#5996,#6001,#6006,#6011,#6016,#6021,#6026,#6031,#6036,#6041,#6046,#6051,#6056,#6061,#6066,#6071,#6076,#6081,#6086,#6087,#6092,#6097,#6102,#6107,#6112,#6117,#6122,#6127,#6132,#6137,#6142,#6147,#6152,#6157,#6162,#6167,#6172,#6177,#6182,#6187,#6192,#6197,#6202,#6207,#6212,#6217,#6222,#6227,#6232,#6237,#6242,#6247,#6252,#6257,#6262,#6267,#6272,#6277,#6282,#6287,#6292,#6297,#6302,#6307,#6312,#6317,#6322,#6327,#6332,#6337,#6342,#6347,#6352,#6357,#6362,#6367,#6372,#6377,#6382,#6387,#6392,#6397,#6402,#6407,#6412,#6417,#6422,#6427,#6432,#6437,#6442,#6447,#6452));
#6454=FACE_OUTER_BOUND('',#6453,.T.);
#6455=ORIENTED_EDGE('',*,*,#2657,.F.);
#6456=ORIENTED_EDGE('',*,*,#2557,.T.);
#6457=ORIENTED_EDGE('',*,*,#2540,.F.);
#6458=ORIENTED_EDGE('',*,*,#2526,.F.);
#6459=ORIENTED_EDGE('',*,*,#2486,.F.);
#6460=ORIENTED_EDGE('',*,*,#2504,.F.);
#6461=ORIENTED_EDGE('',*,*,#2463,.T.);
#6462=ORIENTED_EDGE('',*,*,#1347,.F.);
#6463=ORIENTED_EDGE('',*,*,#1375,.T.);
#6464=ORIENTED_EDGE('',*,*,#1387,.F.);
#6465=ORIENTED_EDGE('',*,*,#1415,.F.);
#6466=ORIENTED_EDGE('',*,*,#1443,.T.);
#6467=ORIENTED_EDGE('',*,*,#1467,.T.);
#6468=ORIENTED_EDGE('',*,*,#1479,.T.);
#6469=ORIENTED_EDGE('',*,*,#1502,.T.);
#6470=ORIENTED_EDGE('',*,*,#2791,.F.);
#6471=ORIENTED_EDGE('',*,*,#2695,.T.);
#6472=ORIENTED_EDGE('',*,*,#2720,.T.);
#6473=ORIENTED_EDGE('',*,*,#2758,.T.);
#6474=ORIENTED_EDGE('',*,*,#2743,.T.);
#6475=ORIENTED_EDGE('',*,*,#2777,.T.);
#6476=ORIENTED_EDGE('',*,*,#2810,.T.);
#6477=ORIENTED_EDGE('',*,*,#2830,.T.);
#6478=ORIENTED_EDGE('',*,*,#2848,.F.);
#6479=ORIENTED_EDGE('',*,*,#2868,.T.);
#6480=ORIENTED_EDGE('',*,*,#2887,.T.);
#6481=ORIENTED_EDGE('',*,*,#2904,.T.);
#6482=ORIENTED_EDGE('',*,*,#4591,.T.);
#6483=ORIENTED_EDGE('',*,*,#4609,.T.);
#6484=ORIENTED_EDGE('',*,*,#4628,.T.);
#6485=ORIENTED_EDGE('',*,*,#4648,.T.);
#6486=ORIENTED_EDGE('',*,*,#4668,.T.);
#6487=ORIENTED_EDGE('',*,*,#4686,.T.);
#6488=ORIENTED_EDGE('',*,*,#4699,.T.);
#6489=ORIENTED_EDGE('',*,*,#4724,.T.);
#6490=ORIENTED_EDGE('',*,*,#4742,.T.);
#6491=ORIENTED_EDGE('',*,*,#4762,.T.);
#6492=ORIENTED_EDGE('',*,*,#4780,.T.);
#6493=ORIENTED_EDGE('',*,*,#4794,.T.);
#6494=ORIENTED_EDGE('',*,*,#4819,.T.);
#6495=ORIENTED_EDGE('',*,*,#4838,.T.);
#6496=ORIENTED_EDGE('',*,*,#4858,.T.);
#6497=ORIENTED_EDGE('',*,*,#4870,.T.);
#6498=ORIENTED_EDGE('',*,*,#4895,.T.);
#6499=ORIENTED_EDGE('',*,*,#4913,.T.);
#6500=ORIENTED_EDGE('',*,*,#4932,.T.);
#6501=ORIENTED_EDGE('',*,*,#4951,.T.);
#6502=ORIENTED_EDGE('',*,*,#4970,.T.);
#6503=ORIENTED_EDGE('',*,*,#4989,.T.);
#6504=ORIENTED_EDGE('',*,*,#5003,.T.);
#6505=ORIENTED_EDGE('',*,*,#5028,.T.);
#6506=ORIENTED_EDGE('',*,*,#5041,.T.);
#6507=ORIENTED_EDGE('',*,*,#5066,.T.);
#6508=ORIENTED_EDGE('',*,*,#5084,.T.);
#6509=ORIENTED_EDGE('',*,*,#5098,.T.);
#6510=ORIENTED_EDGE('',*,*,#5122,.T.);
#6511=ORIENTED_EDGE('',*,*,#5141,.T.);
#6512=ORIENTED_EDGE('',*,*,#5161,.T.);
#6513=ORIENTED_EDGE('',*,*,#5181,.T.);
#6514=ORIENTED_EDGE('',*,*,#5469,.T.);
#6515=ORIENTED_EDGE('',*,*,#5489,.T.);
#6516=ORIENTED_EDGE('',*,*,#5506,.T.);
#6517=ORIENTED_EDGE('',*,*,#5521,.F.);
#6518=ORIENTED_EDGE('',*,*,#5432,.T.);
#6519=ORIENTED_EDGE('',*,*,#5444,.T.);
#6520=ORIENTED_EDGE('',*,*,#5541,.F.);
#6521=ORIENTED_EDGE('',*,*,#5561,.T.);
#6522=ORIENTED_EDGE('',*,*,#5573,.T.);
#6523=ORIENTED_EDGE('',*,*,#5616,.T.);
#6524=ORIENTED_EDGE('',*,*,#5598,.T.);
#6525=ORIENTED_EDGE('',*,*,#5636,.F.);
#6526=ORIENTED_EDGE('',*,*,#5782,.T.);
#6527=ORIENTED_EDGE('',*,*,#5763,.F.);
#6528=ORIENTED_EDGE('',*,*,#5751,.T.);
#6529=ORIENTED_EDGE('',*,*,#5732,.T.);
#6530=ORIENTED_EDGE('',*,*,#5706,.F.);
#6531=ORIENTED_EDGE('',*,*,#5688,.F.);
#6532=ORIENTED_EDGE('',*,*,#5668,.F.);
#6533=ORIENTED_EDGE('',*,*,#5656,.F.);
#6534=ORIENTED_EDGE('',*,*,#5307,.T.);
#6535=ORIENTED_EDGE('',*,*,#5406,.F.);
#6536=ORIENTED_EDGE('',*,*,#5394,.F.);
#6537=ORIENTED_EDGE('',*,*,#5360,.F.);
#6538=ORIENTED_EDGE('',*,*,#5375,.F.);
#6539=ORIENTED_EDGE('',*,*,#5330,.F.);
#6540=ORIENTED_EDGE('',*,*,#5295,.F.);
#6541=ORIENTED_EDGE('',*,*,#5276,.F.);
#6542=ORIENTED_EDGE('',*,*,#5251,.T.);
#6543=ORIENTED_EDGE('',*,*,#5232,.F.);
#6544=ORIENTED_EDGE('',*,*,#5213,.F.);
#6545=ORIENTED_EDGE('',*,*,#5200,.F.);
#6546=ORIENTED_EDGE('',*,*,#4566,.F.);
#6547=ORIENTED_EDGE('',*,*,#4554,.F.);
#6548=ORIENTED_EDGE('',*,*,#4528,.F.);
#6549=ORIENTED_EDGE('',*,*,#4509,.F.);
#6550=ORIENTED_EDGE('',*,*,#4490,.F.);
#6551=ORIENTED_EDGE('',*,*,#4472,.F.);
#6552=ORIENTED_EDGE('',*,*,#4454,.F.);
#6553=ORIENTED_EDGE('',*,*,#4435,.F.);
#6554=ORIENTED_EDGE('',*,*,#4421,.F.);
#6555=ORIENTED_EDGE('',*,*,#4396,.F.);
#6556=ORIENTED_EDGE('',*,*,#4383,.F.);
#6557=ORIENTED_EDGE('',*,*,#4364,.F.);
#6558=ORIENTED_EDGE('',*,*,#4338,.F.);
#6559=ORIENTED_EDGE('',*,*,#4321,.F.);
#6560=ORIENTED_EDGE('',*,*,#4300,.F.);
#6561=ORIENTED_EDGE('',*,*,#4281,.F.);
#6562=ORIENTED_EDGE('',*,*,#4263,.F.);
#6563=ORIENTED_EDGE('',*,*,#4250,.F.);
#6564=ORIENTED_EDGE('',*,*,#4224,.F.);
#6565=ORIENTED_EDGE('',*,*,#4206,.F.);
#6566=ORIENTED_EDGE('',*,*,#4186,.F.);
#6567=ORIENTED_EDGE('',*,*,#4168,.F.);
#6568=ORIENTED_EDGE('',*,*,#4150,.F.);
#6569=ORIENTED_EDGE('',*,*,#4136,.F.);
#6570=ORIENTED_EDGE('',*,*,#4111,.F.);
#6571=ORIENTED_EDGE('',*,*,#4092,.F.);
#6572=ORIENTED_EDGE('',*,*,#4074,.F.);
#6573=ORIENTED_EDGE('',*,*,#4060,.F.);
#6574=ORIENTED_EDGE('',*,*,#4035,.F.);
#6575=ORIENTED_EDGE('',*,*,#4015,.F.);
#6576=ORIENTED_EDGE('',*,*,#4003,.F.);
#6577=ORIENTED_EDGE('',*,*,#3979,.F.);
#6578=ORIENTED_EDGE('',*,*,#2637,.F.);
#6579=ORIENTED_EDGE('',*,*,#2620,.F.);
#6580=ORIENTED_EDGE('',*,*,#2606,.F.);
#6581=ORIENTED_EDGE('',*,*,#2587,.T.);
#6582=ORIENTED_EDGE('',*,*,#2678,.F.);
#6583=EDGE_LOOP('',(#6455,#6456,#6457,#6458,#6459,#6460,#6461,#6462,#6463,#6464,#6465,#6466,#6467,#6468,#6469,#6470,#6471,#6472,#6473,#6474,#6475,#6476,#6477,#6478,#6479,#6480,#6481,#6482,#6483,#6484,#6485,#6486,#6487,#6488,#6489,#6490,#6491,#6492,#6493,#6494,#6495,#6496,#6497,#6498,#6499,#6500,#6501,#6502,#6503,#6504,#6505,#6506,#6507,#6508,#6509,#6510,#6511,#6512,#6513,#6514,#6515,#6516,#6517,#6518,#6519,#6520,#6521,#6522,#6523,#6524,#6525,#6526,#6527,#6528,#6529,#6530,#6531,#6532,#6533,#6534,#6535,#6536,#6537,#6538,#6539,#6540,#6541,#6542,#6543,#6544,#6545,#6546,#6547,#6548,#6549,#6550,#6551,#6552,#6553,#6554,#6555,#6556,#6557,#6558,#6559,#6560,#6561,#6562,#6563,#6564,#6565,#6566,#6567,#6568,#6569,#6570,#6571,#6572,#6573,#6574,#6575,#6576,#6577,#6578,#6579,#6580,#6581,#6582));
#6584=FACE_BOUND('',#6583,.T.);
#6585=ADVANCED_FACE('',(#6454,#6584),#5816,.T.);
#6586=DIRECTION('',(-0.817585,-0.575807,0));
#6587=DIRECTION('',(0,-0,-1));
#6588=AXIS2_PLACEMENT_3D('',#110,#6586,#6587);
#6589=PLANE('',#6588);
#6590=ORIENTED_EDGE('',*,*,#6096,.T.);
#6591=DIRECTION('',(0,0,1));
#6592=VECTOR('',#6591,1);
#6593=LINE('',#112,#6592);
#6594=EDGE_CURVE('',#113,#121,#6593,.T.);
#6595=ORIENTED_EDGE('',*,*,#6594,.T.);
#6596=ORIENTED_EDGE('',*,*,#3488,.F.);
#6597=DIRECTION('',(0,0,1));
#6598=VECTOR('',#6597,1);
#6599=LINE('',#110,#6598);
#6600=EDGE_CURVE('',#111,#119,#6599,.T.);
#6601=ORIENTED_EDGE('',*,*,#6600,.F.);
#6602=EDGE_LOOP('',(#6590,#6595,#6596,#6601));
#6603=FACE_OUTER_BOUND('',#6602,.T.);
#6604=ADVANCED_FACE('',(#6603),#6589,.T.);
#6605=DIRECTION('',(-0.844854,-0.534997,0));
#6606=DIRECTION('',(0,-0,-1));
#6607=AXIS2_PLACEMENT_3D('',#116,#6605,#6606);
#6608=PLANE('',#6607);
#6609=DIRECTION('',(0,0,1));
#6610=VECTOR('',#6609,1);
#6611=LINE('',#108,#6610);
#6612=EDGE_CURVE('',#109,#117,#6611,.T.);
#6613=ORIENTED_EDGE('',*,*,#6612,.F.);
#6614=ORIENTED_EDGE('',*,*,#6101,.T.);
#6615=ORIENTED_EDGE('',*,*,#6600,.T.);
#6616=ORIENTED_EDGE('',*,*,#3483,.F.);
#6617=EDGE_LOOP('',(#6613,#6614,#6615,#6616));
#6618=FACE_OUTER_BOUND('',#6617,.T.);
#6619=ADVANCED_FACE('',(#6618),#6608,.T.);
#6620=DIRECTION('',(-0.788346,-0.615232,0));
#6621=DIRECTION('',(0,-0,-1));
#6622=AXIS2_PLACEMENT_3D('',#112,#6620,#6621);
#6623=PLANE('',#6622);
#6624=ORIENTED_EDGE('',*,*,#6091,.F.);
#6625=ORIENTED_EDGE('',*,*,#5808,.T.);
#6626=ORIENTED_EDGE('',*,*,#3493,.T.);
#6627=ORIENTED_EDGE('',*,*,#6594,.F.);
#6628=EDGE_LOOP('',(#6624,#6625,#6626,#6627));
#6629=FACE_OUTER_BOUND('',#6628,.T.);
#6630=ADVANCED_FACE('',(#6629),#6623,.T.);
#6631=DIRECTION('',(-0.653173,-0.757209,0));
#6632=DIRECTION('',(0,-0,-1));
#6633=AXIS2_PLACEMENT_3D('',#122,#6631,#6632);
#6634=PLANE('',#6633);
#6635=DIRECTION('',(0,0,1));
#6636=VECTOR('',#6635,1);
#6637=LINE('',#122,#6636);
#6638=EDGE_CURVE('',#123,#131,#6637,.T.);
#6639=ORIENTED_EDGE('',*,*,#6638,.T.);
#6640=ORIENTED_EDGE('',*,*,#3513,.T.);
#6641=DIRECTION('',(0,0,1));
#6642=VECTOR('',#6641,1);
#6643=LINE('',#142,#6642);
#6644=EDGE_CURVE('',#143,#163,#6643,.T.);
#6645=ORIENTED_EDGE('',*,*,#6644,.F.);
#6646=ORIENTED_EDGE('',*,*,#6075,.F.);
#6647=EDGE_LOOP('',(#6639,#6640,#6645,#6646));
#6648=FACE_OUTER_BOUND('',#6647,.T.);
#6649=ADVANCED_FACE('',(#6648),#6634,.T.);
#6650=DIRECTION('',(-0.575807,-0.817585,0));
#6651=DIRECTION('',(0,-0,-1));
#6652=AXIS2_PLACEMENT_3D('',#132,#6650,#6651);
#6653=PLANE('',#6652);
#6654=DIRECTION('',(0,0,1));
#6655=VECTOR('',#6654,1);
#6656=LINE('',#124,#6655);
#6657=EDGE_CURVE('',#125,#133,#6656,.T.);
#6658=ORIENTED_EDGE('',*,*,#6657,.F.);
#6659=ORIENTED_EDGE('',*,*,#6065,.T.);
#6660=DIRECTION('',(0,0,1));
#6661=VECTOR('',#6660,1);
#6662=LINE('',#126,#6661);
#6663=EDGE_CURVE('',#127,#135,#6662,.T.);
#6664=ORIENTED_EDGE('',*,*,#6663,.T.);
#6665=ORIENTED_EDGE('',*,*,#3523,.F.);
#6666=EDGE_LOOP('',(#6658,#6659,#6664,#6665));
#6667=FACE_OUTER_BOUND('',#6666,.T.);
#6668=ADVANCED_FACE('',(#6667),#6653,.T.);
#6669=DIRECTION('',(-0.615232,-0.788346,0));
#6670=DIRECTION('',(0,-0,-1));
#6671=AXIS2_PLACEMENT_3D('',#122,#6669,#6670);
#6672=PLANE('',#6671);
#6673=ORIENTED_EDGE('',*,*,#6070,.T.);
#6674=ORIENTED_EDGE('',*,*,#6657,.T.);
#6675=ORIENTED_EDGE('',*,*,#3518,.F.);
#6676=ORIENTED_EDGE('',*,*,#6638,.F.);
#6677=EDGE_LOOP('',(#6673,#6674,#6675,#6676));
#6678=FACE_OUTER_BOUND('',#6677,.T.);
#6679=ADVANCED_FACE('',(#6678),#6672,.T.);
#6680=DIRECTION('',(-0.534997,-0.844854,0));
#6681=DIRECTION('',(0,-0,-1));
#6682=AXIS2_PLACEMENT_3D('',#134,#6680,#6681);
#6683=PLANE('',#6682);
#6684=ORIENTED_EDGE('',*,*,#6663,.F.);
#6685=ORIENTED_EDGE('',*,*,#6060,.T.);
#6686=DIRECTION('',(0,0,1));
#6687=VECTOR('',#6686,1);
#6688=LINE('',#128,#6687);
#6689=EDGE_CURVE('',#129,#137,#6688,.T.);
#6690=ORIENTED_EDGE('',*,*,#6689,.T.);
#6691=ORIENTED_EDGE('',*,*,#3528,.F.);
#6692=EDGE_LOOP('',(#6684,#6685,#6690,#6691));
#6693=FACE_OUTER_BOUND('',#6692,.T.);
#6694=ADVANCED_FACE('',(#6693),#6683,.T.);
#6695=DIRECTION('',(-0.68954,-0.724248,0));
#6696=DIRECTION('',(0,-0,-1));
#6697=AXIS2_PLACEMENT_3D('',#158,#6695,#6696);
#6698=PLANE('',#6697);
#6699=DIRECTION('',(0,0,1));
#6700=VECTOR('',#6699,1);
#6701=LINE('',#138,#6700);
#6702=EDGE_CURVE('',#139,#159,#6701,.T.);
#6703=ORIENTED_EDGE('',*,*,#6702,.F.);
#6704=ORIENTED_EDGE('',*,*,#6080,.T.);
#6705=ORIENTED_EDGE('',*,*,#6644,.T.);
#6706=ORIENTED_EDGE('',*,*,#3508,.F.);
#6707=EDGE_LOOP('',(#6703,#6704,#6705,#6706));
#6708=FACE_OUTER_BOUND('',#6707,.T.);
#6709=ADVANCED_FACE('',(#6708),#6698,.T.);
#6710=DIRECTION('',(-0.724248,-0.68954,0));
#6711=DIRECTION('',(0,-0,-1));
#6712=AXIS2_PLACEMENT_3D('',#158,#6710,#6711);
#6713=PLANE('',#6712);
#6714=ORIENTED_EDGE('',*,*,#3503,.T.);
#6715=ORIENTED_EDGE('',*,*,#5802,.F.);
#6716=ORIENTED_EDGE('',*,*,#6085,.F.);
#6717=ORIENTED_EDGE('',*,*,#6702,.T.);
#6718=EDGE_LOOP('',(#6714,#6715,#6716,#6717));
#6719=FACE_OUTER_BOUND('',#6718,.T.);
#6720=ADVANCED_FACE('',(#6719),#6713,.T.);
#6721=DIRECTION('',(-0.893224,-0.449611,0));
#6722=DIRECTION('',(0,-0,-1));
#6723=AXIS2_PLACEMENT_3D('',#168,#6721,#6722);
#6724=PLANE('',#6723);
#6725=ORIENTED_EDGE('',*,*,#6111,.F.);
#6726=DIRECTION('',(0,0,1));
#6727=VECTOR('',#6726,1);
#6728=LINE('',#164,#6727);
#6729=EDGE_CURVE('',#165,#187,#6728,.T.);
#6730=ORIENTED_EDGE('',*,*,#6729,.T.);
#6731=ORIENTED_EDGE('',*,*,#3473,.T.);
#6732=DIRECTION('',(0,0,1));
#6733=VECTOR('',#6732,1);
#6734=LINE('',#168,#6733);
#6735=EDGE_CURVE('',#169,#191,#6734,.T.);
#6736=ORIENTED_EDGE('',*,*,#6735,.F.);
#6737=EDGE_LOOP('',(#6725,#6730,#6731,#6736));
#6738=FACE_OUTER_BOUND('',#6737,.T.);
#6739=ADVANCED_FACE('',(#6738),#6724,.T.);
#6740=DIRECTION('',(-0.91421,-0.405242,0));
#6741=DIRECTION('',(0,-0,1));
#6742=AXIS2_PLACEMENT_3D('',#168,#6740,#6741);
#6743=PLANE('',#6742);
#6744=ORIENTED_EDGE('',*,*,#6735,.T.);
#6745=ORIENTED_EDGE('',*,*,#3468,.F.);
#6746=DIRECTION('',(0,0,1));
#6747=VECTOR('',#6746,1);
#6748=LINE('',#166,#6747);
#6749=EDGE_CURVE('',#167,#189,#6748,.T.);
#6750=ORIENTED_EDGE('',*,*,#6749,.F.);
#6751=ORIENTED_EDGE('',*,*,#6116,.T.);
#6752=EDGE_LOOP('',(#6744,#6745,#6750,#6751));
#6753=FACE_OUTER_BOUND('',#6752,.T.);
#6754=ADVANCED_FACE('',(#6753),#6743,.T.);
#6755=DIRECTION('',(-0.949528,-0.313681,0));
#6756=DIRECTION('',(0,-0,1));
#6757=AXIS2_PLACEMENT_3D('',#172,#6755,#6756);
#6758=PLANE('',#6757);
#6759=ORIENTED_EDGE('',*,*,#6126,.F.);
#6760=DIRECTION('',(0,0,1));
#6761=VECTOR('',#6760,1);
#6762=LINE('',#170,#6761);
#6763=EDGE_CURVE('',#171,#193,#6762,.T.);
#6764=ORIENTED_EDGE('',*,*,#6763,.T.);
#6765=ORIENTED_EDGE('',*,*,#3458,.T.);
#6766=DIRECTION('',(0,0,1));
#6767=VECTOR('',#6766,1);
#6768=LINE('',#172,#6767);
#6769=EDGE_CURVE('',#173,#195,#6768,.T.);
#6770=ORIENTED_EDGE('',*,*,#6769,.F.);
#6771=EDGE_LOOP('',(#6759,#6764,#6765,#6770));
#6772=FACE_OUTER_BOUND('',#6771,.T.);
#6773=ADVANCED_FACE('',(#6772),#6758,.T.);
#6774=DIRECTION('',(-0.963776,-0.266712,0));
#6775=DIRECTION('',(0,-0,1));
#6776=AXIS2_PLACEMENT_3D('',#172,#6774,#6775);
#6777=PLANE('',#6776);
#6778=ORIENTED_EDGE('',*,*,#6769,.T.);
#6779=ORIENTED_EDGE('',*,*,#3453,.T.);
#6780=DIRECTION('',(0,0,1));
#6781=VECTOR('',#6780,1);
#6782=LINE('',#196,#6781);
#6783=EDGE_CURVE('',#197,#217,#6782,.T.);
#6784=ORIENTED_EDGE('',*,*,#6783,.F.);
#6785=ORIENTED_EDGE('',*,*,#6131,.F.);
#6786=EDGE_LOOP('',(#6778,#6779,#6784,#6785));
#6787=FACE_OUTER_BOUND('',#6786,.T.);
#6788=ADVANCED_FACE('',(#6787),#6777,.T.);
#6789=DIRECTION('',(-0.932992,-0.359896,0));
#6790=DIRECTION('',(0,-0,1));
#6791=AXIS2_PLACEMENT_3D('',#192,#6789,#6790);
#6792=PLANE('',#6791);
#6793=ORIENTED_EDGE('',*,*,#6763,.F.);
#6794=ORIENTED_EDGE('',*,*,#6121,.F.);
#6795=ORIENTED_EDGE('',*,*,#6749,.T.);
#6796=ORIENTED_EDGE('',*,*,#3463,.T.);
#6797=EDGE_LOOP('',(#6793,#6794,#6795,#6796));
#6798=FACE_OUTER_BOUND('',#6797,.T.);
#6799=ADVANCED_FACE('',(#6798),#6792,.T.);
#6800=DIRECTION('',(-0.870087,-0.492898,0));
#6801=DIRECTION('',(0,-0,-1));
#6802=AXIS2_PLACEMENT_3D('',#116,#6800,#6801);
#6803=PLANE('',#6802);
#6804=ORIENTED_EDGE('',*,*,#3478,.T.);
#6805=ORIENTED_EDGE('',*,*,#6729,.F.);
#6806=ORIENTED_EDGE('',*,*,#6106,.F.);
#6807=ORIENTED_EDGE('',*,*,#6612,.T.);
#6808=EDGE_LOOP('',(#6804,#6805,#6806,#6807));
#6809=FACE_OUTER_BOUND('',#6808,.T.);
#6810=ADVANCED_FACE('',(#6809),#6803,.T.);
#6811=DIRECTION('',(-0.975702,-0.219102,0));
#6812=DIRECTION('',(0,-0,1));
#6813=AXIS2_PLACEMENT_3D('',#216,#6811,#6812);
#6814=PLANE('',#6813);
#6815=ORIENTED_EDGE('',*,*,#3448,.T.);
#6816=DIRECTION('',(0,0,1));
#6817=VECTOR('',#6816,1);
#6818=LINE('',#198,#6817);
#6819=EDGE_CURVE('',#199,#219,#6818,.T.);
#6820=ORIENTED_EDGE('',*,*,#6819,.F.);
#6821=ORIENTED_EDGE('',*,*,#6136,.F.);
#6822=ORIENTED_EDGE('',*,*,#6783,.T.);
#6823=EDGE_LOOP('',(#6815,#6820,#6821,#6822));
#6824=FACE_OUTER_BOUND('',#6823,.T.);
#6825=ADVANCED_FACE('',(#6824),#6814,.T.);
#6826=DIRECTION('',(-0.985277,-0.170963,0));
#6827=DIRECTION('',(0,-0,1));
#6828=AXIS2_PLACEMENT_3D('',#198,#6826,#6827);
#6829=PLANE('',#6828);
#6830=ORIENTED_EDGE('',*,*,#6819,.T.);
#6831=ORIENTED_EDGE('',*,*,#3443,.T.);
#6832=DIRECTION('',(0,0,1));
#6833=VECTOR('',#6832,1);
#6834=LINE('',#200,#6833);
#6835=EDGE_CURVE('',#201,#221,#6834,.T.);
#6836=ORIENTED_EDGE('',*,*,#6835,.F.);
#6837=ORIENTED_EDGE('',*,*,#6141,.F.);
#6838=EDGE_LOOP('',(#6830,#6831,#6836,#6837));
#6839=FACE_OUTER_BOUND('',#6838,.T.);
#6840=ADVANCED_FACE('',(#6839),#6829,.T.);
#6841=DIRECTION('',(-0.99248,-0.122409,0));
#6842=DIRECTION('',(0,-0,1));
#6843=AXIS2_PLACEMENT_3D('',#200,#6841,#6842);
#6844=PLANE('',#6843);
#6845=ORIENTED_EDGE('',*,*,#6835,.T.);
#6846=ORIENTED_EDGE('',*,*,#3438,.T.);
#6847=DIRECTION('',(0,0,1));
#6848=VECTOR('',#6847,1);
#6849=LINE('',#204,#6848);
#6850=EDGE_CURVE('',#205,#223,#6849,.T.);
#6851=ORIENTED_EDGE('',*,*,#6850,.F.);
#6852=ORIENTED_EDGE('',*,*,#6146,.F.);
#6853=EDGE_LOOP('',(#6845,#6846,#6851,#6852));
#6854=FACE_OUTER_BOUND('',#6853,.T.);
#6855=ADVANCED_FACE('',(#6854),#6844,.T.);
#6856=DIRECTION('',(-0.99729,-0.073564,0));
#6857=DIRECTION('',(0,-0,1));
#6858=AXIS2_PLACEMENT_3D('',#224,#6856,#6857);
#6859=PLANE('',#6858);
#6860=DIRECTION('',(0,0,1));
#6861=VECTOR('',#6860,1);
#6862=LINE('',#206,#6861);
#6863=EDGE_CURVE('',#207,#225,#6862,.T.);
#6864=ORIENTED_EDGE('',*,*,#6863,.F.);
#6865=ORIENTED_EDGE('',*,*,#6151,.F.);
#6866=ORIENTED_EDGE('',*,*,#6850,.T.);
#6867=ORIENTED_EDGE('',*,*,#3433,.T.);
#6868=EDGE_LOOP('',(#6864,#6865,#6866,#6867));
#6869=FACE_OUTER_BOUND('',#6868,.T.);
#6870=ADVANCED_FACE('',(#6869),#6859,.T.);
#6871=DIRECTION('',(-0.999699,-0.024542,0));
#6872=DIRECTION('',(0,-0,1));
#6873=AXIS2_PLACEMENT_3D('',#458,#6871,#6872);
#6874=PLANE('',#6873);
#6875=DIRECTION('',(0,0,1));
#6876=VECTOR('',#6875,1);
#6877=LINE('',#434,#6876);
#6878=EDGE_CURVE('',#435,#459,#6877,.T.);
#6879=ORIENTED_EDGE('',*,*,#6878,.F.);
#6880=ORIENTED_EDGE('',*,*,#6156,.F.);
#6881=ORIENTED_EDGE('',*,*,#6863,.T.);
#6882=ORIENTED_EDGE('',*,*,#3428,.T.);
#6883=EDGE_LOOP('',(#6879,#6880,#6881,#6882));
#6884=FACE_OUTER_BOUND('',#6883,.T.);
#6885=ADVANCED_FACE('',(#6884),#6874,.T.);
#6886=DIRECTION('',(-0.449611,-0.893224,0));
#6887=DIRECTION('',(0,-0,-1));
#6888=AXIS2_PLACEMENT_3D('',#250,#6886,#6887);
#6889=PLANE('',#6888);
#6890=DIRECTION('',(0,0,1));
#6891=VECTOR('',#6890,1);
#6892=LINE('',#228,#6891);
#6893=EDGE_CURVE('',#229,#251,#6892,.T.);
#6894=ORIENTED_EDGE('',*,*,#6893,.F.);
#6895=ORIENTED_EDGE('',*,*,#6050,.T.);
#6896=DIRECTION('',(0,0,1));
#6897=VECTOR('',#6896,1);
#6898=LINE('',#230,#6897);
#6899=EDGE_CURVE('',#231,#253,#6898,.T.);
#6900=ORIENTED_EDGE('',*,*,#6899,.T.);
#6901=ORIENTED_EDGE('',*,*,#3538,.F.);
#6902=EDGE_LOOP('',(#6894,#6895,#6900,#6901));
#6903=FACE_OUTER_BOUND('',#6902,.T.);
#6904=ADVANCED_FACE('',(#6903),#6889,.T.);
#6905=DIRECTION('',(-0.405242,-0.91421,0));
#6906=DIRECTION('',(0,-0,-1));
#6907=AXIS2_PLACEMENT_3D('',#232,#6905,#6906);
#6908=PLANE('',#6907);
#6909=DIRECTION('',(0,0,1));
#6910=VECTOR('',#6909,1);
#6911=LINE('',#232,#6910);
#6912=EDGE_CURVE('',#233,#255,#6911,.T.);
#6913=ORIENTED_EDGE('',*,*,#6912,.T.);
#6914=ORIENTED_EDGE('',*,*,#3543,.F.);
#6915=ORIENTED_EDGE('',*,*,#6899,.F.);
#6916=ORIENTED_EDGE('',*,*,#6045,.T.);
#6917=EDGE_LOOP('',(#6913,#6914,#6915,#6916));
#6918=FACE_OUTER_BOUND('',#6917,.T.);
#6919=ADVANCED_FACE('',(#6918),#6908,.T.);
#6920=DIRECTION('',(-0.492898,-0.870087,0));
#6921=DIRECTION('',(0,-0,-1));
#6922=AXIS2_PLACEMENT_3D('',#250,#6920,#6921);
#6923=PLANE('',#6922);
#6924=ORIENTED_EDGE('',*,*,#3533,.F.);
#6925=ORIENTED_EDGE('',*,*,#6689,.F.);
#6926=ORIENTED_EDGE('',*,*,#6055,.T.);
#6927=ORIENTED_EDGE('',*,*,#6893,.T.);
#6928=EDGE_LOOP('',(#6924,#6925,#6926,#6927));
#6929=FACE_OUTER_BOUND('',#6928,.T.);
#6930=ADVANCED_FACE('',(#6929),#6923,.T.);
#6931=DIRECTION('',(-0.313681,-0.949528,0));
#6932=DIRECTION('',(0,-0,-1));
#6933=AXIS2_PLACEMENT_3D('',#240,#6931,#6932);
#6934=PLANE('',#6933);
#6935=ORIENTED_EDGE('',*,*,#6035,.T.);
#6936=DIRECTION('',(0,0,1));
#6937=VECTOR('',#6936,1);
#6938=LINE('',#242,#6937);
#6939=EDGE_CURVE('',#243,#259,#6938,.T.);
#6940=ORIENTED_EDGE('',*,*,#6939,.T.);
#6941=ORIENTED_EDGE('',*,*,#3553,.F.);
#6942=DIRECTION('',(0,0,1));
#6943=VECTOR('',#6942,1);
#6944=LINE('',#240,#6943);
#6945=EDGE_CURVE('',#241,#257,#6944,.T.);
#6946=ORIENTED_EDGE('',*,*,#6945,.F.);
#6947=EDGE_LOOP('',(#6935,#6940,#6941,#6946));
#6948=FACE_OUTER_BOUND('',#6947,.T.);
#6949=ADVANCED_FACE('',(#6948),#6934,.T.);
#6950=DIRECTION('',(-0.359896,-0.932992,0));
#6951=DIRECTION('',(0,-0,-1));
#6952=AXIS2_PLACEMENT_3D('',#240,#6950,#6951);
#6953=PLANE('',#6952);
#6954=ORIENTED_EDGE('',*,*,#6945,.T.);
#6955=ORIENTED_EDGE('',*,*,#3548,.F.);
#6956=ORIENTED_EDGE('',*,*,#6912,.F.);
#6957=ORIENTED_EDGE('',*,*,#6040,.T.);
#6958=EDGE_LOOP('',(#6954,#6955,#6956,#6957));
#6959=FACE_OUTER_BOUND('',#6958,.T.);
#6960=ADVANCED_FACE('',(#6959),#6953,.T.);
#6961=DIRECTION('',(-0.266712,-0.963776,0));
#6962=DIRECTION('',(0,-0,-1));
#6963=AXIS2_PLACEMENT_3D('',#262,#6961,#6962);
#6964=PLANE('',#6963);
#6965=DIRECTION('',(0,0,1));
#6966=VECTOR('',#6965,1);
#6967=LINE('',#262,#6966);
#6968=EDGE_CURVE('',#263,#283,#6967,.T.);
#6969=ORIENTED_EDGE('',*,*,#6968,.T.);
#6970=ORIENTED_EDGE('',*,*,#2918,.F.);
#6971=ORIENTED_EDGE('',*,*,#6939,.F.);
#6972=ORIENTED_EDGE('',*,*,#6030,.T.);
#6973=EDGE_LOOP('',(#6969,#6970,#6971,#6972));
#6974=FACE_OUTER_BOUND('',#6973,.T.);
#6975=ADVANCED_FACE('',(#6974),#6964,.T.);
#6976=DIRECTION('',(-0.219102,-0.975702,0));
#6977=DIRECTION('',(0,-0,-1));
#6978=AXIS2_PLACEMENT_3D('',#282,#6976,#6977);
#6979=PLANE('',#6978);
#6980=ORIENTED_EDGE('',*,*,#6968,.F.);
#6981=ORIENTED_EDGE('',*,*,#6025,.T.);
#6982=DIRECTION('',(0,0,1));
#6983=VECTOR('',#6982,1);
#6984=LINE('',#264,#6983);
#6985=EDGE_CURVE('',#265,#285,#6984,.T.);
#6986=ORIENTED_EDGE('',*,*,#6985,.T.);
#6987=ORIENTED_EDGE('',*,*,#2923,.F.);
#6988=EDGE_LOOP('',(#6980,#6981,#6986,#6987));
#6989=FACE_OUTER_BOUND('',#6988,.T.);
#6990=ADVANCED_FACE('',(#6989),#6979,.T.);
#6991=DIRECTION('',(-0.170963,-0.985277,0));
#6992=DIRECTION('',(0,-0,-1));
#6993=AXIS2_PLACEMENT_3D('',#264,#6991,#6992);
#6994=PLANE('',#6993);
#6995=ORIENTED_EDGE('',*,*,#6020,.T.);
#6996=DIRECTION('',(0,0,1));
#6997=VECTOR('',#6996,1);
#6998=LINE('',#266,#6997);
#6999=EDGE_CURVE('',#267,#287,#6998,.T.);
#7000=ORIENTED_EDGE('',*,*,#6999,.T.);
#7001=ORIENTED_EDGE('',*,*,#2928,.F.);
#7002=ORIENTED_EDGE('',*,*,#6985,.F.);
#7003=EDGE_LOOP('',(#6995,#7000,#7001,#7002));
#7004=FACE_OUTER_BOUND('',#7003,.T.);
#7005=ADVANCED_FACE('',(#7004),#6994,.T.);
#7006=DIRECTION('',(-0.122409,-0.99248,0));
#7007=DIRECTION('',(0,-0,-1));
#7008=AXIS2_PLACEMENT_3D('',#288,#7006,#7007);
#7009=PLANE('',#7008);
#7010=ORIENTED_EDGE('',*,*,#2933,.F.);
#7011=ORIENTED_EDGE('',*,*,#6999,.F.);
#7012=ORIENTED_EDGE('',*,*,#6015,.T.);
#7013=DIRECTION('',(0,0,1));
#7014=VECTOR('',#7013,1);
#7015=LINE('',#274,#7014);
#7016=EDGE_CURVE('',#275,#289,#7015,.T.);
#7017=ORIENTED_EDGE('',*,*,#7016,.T.);
#7018=EDGE_LOOP('',(#7010,#7011,#7012,#7017));
#7019=FACE_OUTER_BOUND('',#7018,.T.);
#7020=ADVANCED_FACE('',(#7019),#7009,.T.);
#7021=DIRECTION('',(-0.073564,-0.99729,0));
#7022=DIRECTION('',(0,-0,-1));
#7023=AXIS2_PLACEMENT_3D('',#288,#7021,#7022);
#7024=PLANE('',#7023);
#7025=ORIENTED_EDGE('',*,*,#7016,.F.);
#7026=ORIENTED_EDGE('',*,*,#6010,.T.);
#7027=DIRECTION('',(0,0,1));
#7028=VECTOR('',#7027,1);
#7029=LINE('',#278,#7028);
#7030=EDGE_CURVE('',#279,#291,#7029,.T.);
#7031=ORIENTED_EDGE('',*,*,#7030,.T.);
#7032=ORIENTED_EDGE('',*,*,#2938,.F.);
#7033=EDGE_LOOP('',(#7025,#7026,#7031,#7032));
#7034=FACE_OUTER_BOUND('',#7033,.T.);
#7035=ADVANCED_FACE('',(#7034),#7024,.T.);
#7036=DIRECTION('',(-0.024542,-0.999699,0));
#7037=DIRECTION('',(0,-0,-1));
#7038=AXIS2_PLACEMENT_3D('',#290,#7036,#7037);
#7039=PLANE('',#7038);
#7040=ORIENTED_EDGE('',*,*,#7030,.F.);
#7041=ORIENTED_EDGE('',*,*,#6005,.T.);
#7042=DIRECTION('',(0,0,1));
#7043=VECTOR('',#7042,1);
#7044=LINE('',#762,#7043);
#7045=EDGE_CURVE('',#763,#787,#7044,.T.);
#7046=ORIENTED_EDGE('',*,*,#7045,.T.);
#7047=ORIENTED_EDGE('',*,*,#2943,.F.);
#7048=EDGE_LOOP('',(#7040,#7041,#7046,#7047));
#7049=FACE_OUTER_BOUND('',#7048,.T.);
#7050=ADVANCED_FACE('',(#7049),#7039,.T.);
#7051=DIRECTION('',(-0.999699,0.024542,0));
#7052=DIRECTION('',(0,-0,1));
#7053=AXIS2_PLACEMENT_3D('',#434,#7051,#7052);
#7054=PLANE('',#7053);
#7055=ORIENTED_EDGE('',*,*,#6878,.T.);
#7056=ORIENTED_EDGE('',*,*,#3423,.T.);
#7057=DIRECTION('',(0,0,1));
#7058=VECTOR('',#7057,1);
#7059=LINE('',#436,#7058);
#7060=EDGE_CURVE('',#437,#461,#7059,.T.);
#7061=ORIENTED_EDGE('',*,*,#7060,.F.);
#7062=ORIENTED_EDGE('',*,*,#6161,.F.);
#7063=EDGE_LOOP('',(#7055,#7056,#7061,#7062));
#7064=FACE_OUTER_BOUND('',#7063,.T.);
#7065=ADVANCED_FACE('',(#7064),#7054,.T.);
#7066=DIRECTION('',(-0.99729,0.073564,0));
#7067=DIRECTION('',(0,-0,1));
#7068=AXIS2_PLACEMENT_3D('',#462,#7066,#7067);
#7069=PLANE('',#7068);
#7070=DIRECTION('',(0,0,1));
#7071=VECTOR('',#7070,1);
#7072=LINE('',#438,#7071);
#7073=EDGE_CURVE('',#439,#463,#7072,.T.);
#7074=ORIENTED_EDGE('',*,*,#7073,.F.);
#7075=ORIENTED_EDGE('',*,*,#6166,.F.);
#7076=ORIENTED_EDGE('',*,*,#7060,.T.);
#7077=ORIENTED_EDGE('',*,*,#3418,.T.);
#7078=EDGE_LOOP('',(#7074,#7075,#7076,#7077));
#7079=FACE_OUTER_BOUND('',#7078,.T.);
#7080=ADVANCED_FACE('',(#7079),#7069,.T.);
#7081=DIRECTION('',(-0.99248,0.122409,0));
#7082=DIRECTION('',(0,-0,1));
#7083=AXIS2_PLACEMENT_3D('',#462,#7081,#7082);
#7084=PLANE('',#7083);
#7085=ORIENTED_EDGE('',*,*,#3413,.T.);
#7086=DIRECTION('',(0,0,1));
#7087=VECTOR('',#7086,1);
#7088=LINE('',#446,#7087);
#7089=EDGE_CURVE('',#447,#465,#7088,.T.);
#7090=ORIENTED_EDGE('',*,*,#7089,.F.);
#7091=ORIENTED_EDGE('',*,*,#6171,.F.);
#7092=ORIENTED_EDGE('',*,*,#7073,.T.);
#7093=EDGE_LOOP('',(#7085,#7090,#7091,#7092));
#7094=FACE_OUTER_BOUND('',#7093,.T.);
#7095=ADVANCED_FACE('',(#7094),#7084,.T.);
#7096=DIRECTION('',(-0.985277,0.170963,0));
#7097=DIRECTION('',(0,-0,1));
#7098=AXIS2_PLACEMENT_3D('',#448,#7096,#7097);
#7099=PLANE('',#7098);
#7100=ORIENTED_EDGE('',*,*,#6176,.F.);
#7101=ORIENTED_EDGE('',*,*,#7089,.T.);
#7102=ORIENTED_EDGE('',*,*,#3408,.T.);
#7103=DIRECTION('',(0,0,1));
#7104=VECTOR('',#7103,1);
#7105=LINE('',#448,#7104);
#7106=EDGE_CURVE('',#449,#467,#7105,.T.);
#7107=ORIENTED_EDGE('',*,*,#7106,.F.);
#7108=EDGE_LOOP('',(#7100,#7101,#7102,#7107));
#7109=FACE_OUTER_BOUND('',#7108,.T.);
#7110=ADVANCED_FACE('',(#7109),#7099,.T.);
#7111=DIRECTION('',(-0.975702,0.219102,0));
#7112=DIRECTION('',(0,-0,1));
#7113=AXIS2_PLACEMENT_3D('',#448,#7111,#7112);
#7114=PLANE('',#7113);
#7115=ORIENTED_EDGE('',*,*,#7106,.T.);
#7116=ORIENTED_EDGE('',*,*,#3403,.T.);
#7117=DIRECTION('',(0,0,1));
#7118=VECTOR('',#7117,1);
#7119=LINE('',#450,#7118);
#7120=EDGE_CURVE('',#451,#469,#7119,.T.);
#7121=ORIENTED_EDGE('',*,*,#7120,.F.);
#7122=ORIENTED_EDGE('',*,*,#6181,.F.);
#7123=EDGE_LOOP('',(#7115,#7116,#7121,#7122));
#7124=FACE_OUTER_BOUND('',#7123,.T.);
#7125=ADVANCED_FACE('',(#7124),#7114,.T.);
#7126=DIRECTION('',(-0.963776,0.266712,0));
#7127=DIRECTION('',(0,-0,1));
#7128=AXIS2_PLACEMENT_3D('',#468,#7126,#7127);
#7129=PLANE('',#7128);
#7130=ORIENTED_EDGE('',*,*,#3398,.T.);
#7131=DIRECTION('',(0,0,1));
#7132=VECTOR('',#7131,1);
#7133=LINE('',#470,#7132);
#7134=EDGE_CURVE('',#471,#493,#7133,.T.);
#7135=ORIENTED_EDGE('',*,*,#7134,.F.);
#7136=ORIENTED_EDGE('',*,*,#6186,.F.);
#7137=ORIENTED_EDGE('',*,*,#7120,.T.);
#7138=EDGE_LOOP('',(#7130,#7135,#7136,#7137));
#7139=FACE_OUTER_BOUND('',#7138,.T.);
#7140=ADVANCED_FACE('',(#7139),#7129,.T.);
#7141=DIRECTION('',(-0.949528,0.313681,0));
#7142=DIRECTION('',(0,-0,1));
#7143=AXIS2_PLACEMENT_3D('',#492,#7141,#7142);
#7144=PLANE('',#7143);
#7145=ORIENTED_EDGE('',*,*,#3393,.T.);
#7146=DIRECTION('',(0,0,1));
#7147=VECTOR('',#7146,1);
#7148=LINE('',#472,#7147);
#7149=EDGE_CURVE('',#473,#495,#7148,.T.);
#7150=ORIENTED_EDGE('',*,*,#7149,.F.);
#7151=ORIENTED_EDGE('',*,*,#6191,.F.);
#7152=ORIENTED_EDGE('',*,*,#7134,.T.);
#7153=EDGE_LOOP('',(#7145,#7150,#7151,#7152));
#7154=FACE_OUTER_BOUND('',#7153,.T.);
#7155=ADVANCED_FACE('',(#7154),#7144,.T.);
#7156=DIRECTION('',(-0.932992,0.359896,0));
#7157=DIRECTION('',(0,-0,1));
#7158=AXIS2_PLACEMENT_3D('',#472,#7156,#7157);
#7159=PLANE('',#7158);
#7160=ORIENTED_EDGE('',*,*,#7149,.T.);
#7161=ORIENTED_EDGE('',*,*,#3388,.T.);
#7162=DIRECTION('',(0,0,1));
#7163=VECTOR('',#7162,1);
#7164=LINE('',#474,#7163);
#7165=EDGE_CURVE('',#475,#497,#7164,.T.);
#7166=ORIENTED_EDGE('',*,*,#7165,.F.);
#7167=ORIENTED_EDGE('',*,*,#6196,.F.);
#7168=EDGE_LOOP('',(#7160,#7161,#7166,#7167));
#7169=FACE_OUTER_BOUND('',#7168,.T.);
#7170=ADVANCED_FACE('',(#7169),#7159,.T.);
#7171=DIRECTION('',(-0.91421,0.405242,0));
#7172=DIRECTION('',(0,-0,1));
#7173=AXIS2_PLACEMENT_3D('',#476,#7171,#7172);
#7174=PLANE('',#7173);
#7175=ORIENTED_EDGE('',*,*,#6201,.F.);
#7176=ORIENTED_EDGE('',*,*,#7165,.T.);
#7177=ORIENTED_EDGE('',*,*,#3383,.T.);
#7178=DIRECTION('',(0,0,1));
#7179=VECTOR('',#7178,1);
#7180=LINE('',#476,#7179);
#7181=EDGE_CURVE('',#477,#499,#7180,.T.);
#7182=ORIENTED_EDGE('',*,*,#7181,.F.);
#7183=EDGE_LOOP('',(#7175,#7176,#7177,#7182));
#7184=FACE_OUTER_BOUND('',#7183,.T.);
#7185=ADVANCED_FACE('',(#7184),#7174,.T.);
#7186=DIRECTION('',(-0.893224,0.449611,0));
#7187=DIRECTION('',(0,-0,1));
#7188=AXIS2_PLACEMENT_3D('',#478,#7186,#7187);
#7189=PLANE('',#7188);
#7190=ORIENTED_EDGE('',*,*,#6206,.F.);
#7191=ORIENTED_EDGE('',*,*,#7181,.T.);
#7192=ORIENTED_EDGE('',*,*,#3378,.T.);
#7193=DIRECTION('',(0,0,1));
#7194=VECTOR('',#7193,1);
#7195=LINE('',#478,#7194);
#7196=EDGE_CURVE('',#479,#501,#7195,.T.);
#7197=ORIENTED_EDGE('',*,*,#7196,.F.);
#7198=EDGE_LOOP('',(#7190,#7191,#7192,#7197));
#7199=FACE_OUTER_BOUND('',#7198,.T.);
#7200=ADVANCED_FACE('',(#7199),#7189,.T.);
#7201=DIRECTION('',(-0.870087,0.492898,0));
#7202=DIRECTION('',(0,-0,1));
#7203=AXIS2_PLACEMENT_3D('',#512,#7201,#7202);
#7204=PLANE('',#7203);
#7205=DIRECTION('',(0,0,1));
#7206=VECTOR('',#7205,1);
#7207=LINE('',#504,#7206);
#7208=EDGE_CURVE('',#505,#513,#7207,.T.);
#7209=ORIENTED_EDGE('',*,*,#7208,.F.);
#7210=ORIENTED_EDGE('',*,*,#6211,.F.);
#7211=ORIENTED_EDGE('',*,*,#7196,.T.);
#7212=ORIENTED_EDGE('',*,*,#3373,.T.);
#7213=EDGE_LOOP('',(#7209,#7210,#7211,#7212));
#7214=FACE_OUTER_BOUND('',#7213,.T.);
#7215=ADVANCED_FACE('',(#7214),#7204,.T.);
#7216=DIRECTION('',(-0.844854,0.534997,0));
#7217=DIRECTION('',(0,-0,1));
#7218=AXIS2_PLACEMENT_3D('',#512,#7216,#7217);
#7219=PLANE('',#7218);
#7220=ORIENTED_EDGE('',*,*,#3368,.T.);
#7221=DIRECTION('',(0,0,1));
#7222=VECTOR('',#7221,1);
#7223=LINE('',#506,#7222);
#7224=EDGE_CURVE('',#507,#515,#7223,.T.);
#7225=ORIENTED_EDGE('',*,*,#7224,.F.);
#7226=ORIENTED_EDGE('',*,*,#6216,.F.);
#7227=ORIENTED_EDGE('',*,*,#7208,.T.);
#7228=EDGE_LOOP('',(#7220,#7225,#7226,#7227));
#7229=FACE_OUTER_BOUND('',#7228,.T.);
#7230=ADVANCED_FACE('',(#7229),#7219,.T.);
#7231=DIRECTION('',(-0.817585,0.575807,0));
#7232=DIRECTION('',(0,-0,1));
#7233=AXIS2_PLACEMENT_3D('',#514,#7231,#7232);
#7234=PLANE('',#7233);
#7235=ORIENTED_EDGE('',*,*,#3363,.T.);
#7236=DIRECTION('',(0,0,1));
#7237=VECTOR('',#7236,1);
#7238=LINE('',#508,#7237);
#7239=EDGE_CURVE('',#509,#517,#7238,.T.);
#7240=ORIENTED_EDGE('',*,*,#7239,.F.);
#7241=ORIENTED_EDGE('',*,*,#6221,.F.);
#7242=ORIENTED_EDGE('',*,*,#7224,.T.);
#7243=EDGE_LOOP('',(#7235,#7240,#7241,#7242));
#7244=FACE_OUTER_BOUND('',#7243,.T.);
#7245=ADVANCED_FACE('',(#7244),#7234,.T.);
#7246=DIRECTION('',(-0.788346,0.615232,0));
#7247=DIRECTION('',(0,-0,1));
#7248=AXIS2_PLACEMENT_3D('',#516,#7246,#7247);
#7249=PLANE('',#7248);
#7250=ORIENTED_EDGE('',*,*,#3358,.T.);
#7251=DIRECTION('',(0,0,1));
#7252=VECTOR('',#7251,1);
#7253=LINE('',#510,#7252);
#7254=EDGE_CURVE('',#511,#519,#7253,.T.);
#7255=ORIENTED_EDGE('',*,*,#7254,.F.);
#7256=ORIENTED_EDGE('',*,*,#6226,.F.);
#7257=ORIENTED_EDGE('',*,*,#7239,.T.);
#7258=EDGE_LOOP('',(#7250,#7255,#7256,#7257));
#7259=FACE_OUTER_BOUND('',#7258,.T.);
#7260=ADVANCED_FACE('',(#7259),#7249,.T.);
#7261=DIRECTION('',(-0.757209,0.653173,0));
#7262=DIRECTION('',(0,-0,1));
#7263=AXIS2_PLACEMENT_3D('',#526,#7261,#7262);
#7264=PLANE('',#7263);
#7265=ORIENTED_EDGE('',*,*,#6231,.F.);
#7266=ORIENTED_EDGE('',*,*,#7254,.T.);
#7267=ORIENTED_EDGE('',*,*,#3353,.T.);
#7268=DIRECTION('',(0,0,1));
#7269=VECTOR('',#7268,1);
#7270=LINE('',#526,#7269);
#7271=EDGE_CURVE('',#527,#541,#7270,.T.);
#7272=ORIENTED_EDGE('',*,*,#7271,.F.);
#7273=EDGE_LOOP('',(#7265,#7266,#7267,#7272));
#7274=FACE_OUTER_BOUND('',#7273,.T.);
#7275=ADVANCED_FACE('',(#7274),#7264,.T.);
#7276=DIRECTION('',(-0.724248,0.68954,0));
#7277=DIRECTION('',(0,-0,1));
#7278=AXIS2_PLACEMENT_3D('',#540,#7276,#7277);
#7279=PLANE('',#7278);
#7280=ORIENTED_EDGE('',*,*,#3348,.T.);
#7281=DIRECTION('',(0,0,1));
#7282=VECTOR('',#7281,1);
#7283=LINE('',#528,#7282);
#7284=EDGE_CURVE('',#529,#543,#7283,.T.);
#7285=ORIENTED_EDGE('',*,*,#7284,.F.);
#7286=ORIENTED_EDGE('',*,*,#6236,.F.);
#7287=ORIENTED_EDGE('',*,*,#7271,.T.);
#7288=EDGE_LOOP('',(#7280,#7285,#7286,#7287));
#7289=FACE_OUTER_BOUND('',#7288,.T.);
#7290=ADVANCED_FACE('',(#7289),#7279,.T.);
#7291=DIRECTION('',(-0.68954,0.724248,0));
#7292=DIRECTION('',(0,-0,1));
#7293=AXIS2_PLACEMENT_3D('',#542,#7291,#7292);
#7294=PLANE('',#7293);
#7295=ORIENTED_EDGE('',*,*,#3343,.T.);
#7296=DIRECTION('',(0,0,1));
#7297=VECTOR('',#7296,1);
#7298=LINE('',#532,#7297);
#7299=EDGE_CURVE('',#533,#545,#7298,.T.);
#7300=ORIENTED_EDGE('',*,*,#7299,.F.);
#7301=ORIENTED_EDGE('',*,*,#6241,.F.);
#7302=ORIENTED_EDGE('',*,*,#7284,.T.);
#7303=EDGE_LOOP('',(#7295,#7300,#7301,#7302));
#7304=FACE_OUTER_BOUND('',#7303,.T.);
#7305=ADVANCED_FACE('',(#7304),#7294,.T.);
#7306=DIRECTION('',(-0.653173,0.757209,0));
#7307=DIRECTION('',(0,-0,1));
#7308=AXIS2_PLACEMENT_3D('',#532,#7306,#7307);
#7309=PLANE('',#7308);
#7310=ORIENTED_EDGE('',*,*,#7299,.T.);
#7311=ORIENTED_EDGE('',*,*,#3338,.T.);
#7312=DIRECTION('',(0,0,1));
#7313=VECTOR('',#7312,1);
#7314=LINE('',#546,#7313);
#7315=EDGE_CURVE('',#547,#555,#7314,.T.);
#7316=ORIENTED_EDGE('',*,*,#7315,.F.);
#7317=ORIENTED_EDGE('',*,*,#6246,.F.);
#7318=EDGE_LOOP('',(#7310,#7311,#7316,#7317));
#7319=FACE_OUTER_BOUND('',#7318,.T.);
#7320=ADVANCED_FACE('',(#7319),#7309,.T.);
#7321=DIRECTION('',(-0.615232,0.788346,0));
#7322=DIRECTION('',(0,-0,1));
#7323=AXIS2_PLACEMENT_3D('',#556,#7321,#7322);
#7324=PLANE('',#7323);
#7325=DIRECTION('',(0,0,1));
#7326=VECTOR('',#7325,1);
#7327=LINE('',#548,#7326);
#7328=EDGE_CURVE('',#549,#557,#7327,.T.);
#7329=ORIENTED_EDGE('',*,*,#7328,.F.);
#7330=ORIENTED_EDGE('',*,*,#6251,.F.);
#7331=ORIENTED_EDGE('',*,*,#7315,.T.);
#7332=ORIENTED_EDGE('',*,*,#3333,.T.);
#7333=EDGE_LOOP('',(#7329,#7330,#7331,#7332));
#7334=FACE_OUTER_BOUND('',#7333,.T.);
#7335=ADVANCED_FACE('',(#7334),#7324,.T.);
#7336=DIRECTION('',(-0.575807,0.817585,0));
#7337=DIRECTION('',(0,-0,1));
#7338=AXIS2_PLACEMENT_3D('',#548,#7336,#7337);
#7339=PLANE('',#7338);
#7340=ORIENTED_EDGE('',*,*,#7328,.T.);
#7341=ORIENTED_EDGE('',*,*,#3328,.T.);
#7342=DIRECTION('',(0,0,1));
#7343=VECTOR('',#7342,1);
#7344=LINE('',#550,#7343);
#7345=EDGE_CURVE('',#551,#559,#7344,.T.);
#7346=ORIENTED_EDGE('',*,*,#7345,.F.);
#7347=ORIENTED_EDGE('',*,*,#6256,.F.);
#7348=EDGE_LOOP('',(#7340,#7341,#7346,#7347));
#7349=FACE_OUTER_BOUND('',#7348,.T.);
#7350=ADVANCED_FACE('',(#7349),#7339,.T.);
#7351=DIRECTION('',(-0.534997,0.844854,0));
#7352=DIRECTION('',(0,-0,1));
#7353=AXIS2_PLACEMENT_3D('',#558,#7351,#7352);
#7354=PLANE('',#7353);
#7355=ORIENTED_EDGE('',*,*,#3323,.T.);
#7356=DIRECTION('',(0,0,1));
#7357=VECTOR('',#7356,1);
#7358=LINE('',#552,#7357);
#7359=EDGE_CURVE('',#553,#561,#7358,.T.);
#7360=ORIENTED_EDGE('',*,*,#7359,.F.);
#7361=ORIENTED_EDGE('',*,*,#6261,.F.);
#7362=ORIENTED_EDGE('',*,*,#7345,.T.);
#7363=EDGE_LOOP('',(#7355,#7360,#7361,#7362));
#7364=FACE_OUTER_BOUND('',#7363,.T.);
#7365=ADVANCED_FACE('',(#7364),#7354,.T.);
#7366=DIRECTION('',(-0.492898,0.870087,0));
#7367=DIRECTION('',(0,-0,1));
#7368=AXIS2_PLACEMENT_3D('',#626,#7366,#7367);
#7369=PLANE('',#7368);
#7370=DIRECTION('',(0,0,1));
#7371=VECTOR('',#7370,1);
#7372=LINE('',#610,#7371);
#7373=EDGE_CURVE('',#611,#627,#7372,.T.);
#7374=ORIENTED_EDGE('',*,*,#7373,.F.);
#7375=ORIENTED_EDGE('',*,*,#6266,.F.);
#7376=ORIENTED_EDGE('',*,*,#7359,.T.);
#7377=ORIENTED_EDGE('',*,*,#3318,.T.);
#7378=EDGE_LOOP('',(#7374,#7375,#7376,#7377));
#7379=FACE_OUTER_BOUND('',#7378,.T.);
#7380=ADVANCED_FACE('',(#7379),#7369,.T.);
#7381=DIRECTION('',(-0.449611,0.893224,0));
#7382=DIRECTION('',(0,-0,1));
#7383=AXIS2_PLACEMENT_3D('',#626,#7381,#7382);
#7384=PLANE('',#7383);
#7385=ORIENTED_EDGE('',*,*,#3313,.T.);
#7386=DIRECTION('',(0,0,1));
#7387=VECTOR('',#7386,1);
#7388=LINE('',#612,#7387);
#7389=EDGE_CURVE('',#613,#629,#7388,.T.);
#7390=ORIENTED_EDGE('',*,*,#7389,.F.);
#7391=ORIENTED_EDGE('',*,*,#6271,.F.);
#7392=ORIENTED_EDGE('',*,*,#7373,.T.);
#7393=EDGE_LOOP('',(#7385,#7390,#7391,#7392));
#7394=FACE_OUTER_BOUND('',#7393,.T.);
#7395=ADVANCED_FACE('',(#7394),#7384,.T.);
#7396=DIRECTION('',(-0.405242,0.91421,0));
#7397=DIRECTION('',(0,-0,1));
#7398=AXIS2_PLACEMENT_3D('',#612,#7396,#7397);
#7399=PLANE('',#7398);
#7400=ORIENTED_EDGE('',*,*,#7389,.T.);
#7401=ORIENTED_EDGE('',*,*,#3308,.T.);
#7402=DIRECTION('',(0,0,1));
#7403=VECTOR('',#7402,1);
#7404=LINE('',#614,#7403);
#7405=EDGE_CURVE('',#615,#631,#7404,.T.);
#7406=ORIENTED_EDGE('',*,*,#7405,.F.);
#7407=ORIENTED_EDGE('',*,*,#6276,.F.);
#7408=EDGE_LOOP('',(#7400,#7401,#7406,#7407));
#7409=FACE_OUTER_BOUND('',#7408,.T.);
#7410=ADVANCED_FACE('',(#7409),#7399,.T.);
#7411=DIRECTION('',(-0.359896,0.932992,0));
#7412=DIRECTION('',(0,-0,1));
#7413=AXIS2_PLACEMENT_3D('',#630,#7411,#7412);
#7414=PLANE('',#7413);
#7415=ORIENTED_EDGE('',*,*,#3303,.T.);
#7416=DIRECTION('',(0,0,1));
#7417=VECTOR('',#7416,1);
#7418=LINE('',#622,#7417);
#7419=EDGE_CURVE('',#623,#633,#7418,.T.);
#7420=ORIENTED_EDGE('',*,*,#7419,.F.);
#7421=ORIENTED_EDGE('',*,*,#6281,.F.);
#7422=ORIENTED_EDGE('',*,*,#7405,.T.);
#7423=EDGE_LOOP('',(#7415,#7420,#7421,#7422));
#7424=FACE_OUTER_BOUND('',#7423,.T.);
#7425=ADVANCED_FACE('',(#7424),#7414,.T.);
#7426=DIRECTION('',(-0.313681,0.949528,0));
#7427=DIRECTION('',(0,-0,1));
#7428=AXIS2_PLACEMENT_3D('',#624,#7426,#7427);
#7429=PLANE('',#7428);
#7430=ORIENTED_EDGE('',*,*,#6286,.F.);
#7431=ORIENTED_EDGE('',*,*,#7419,.T.);
#7432=ORIENTED_EDGE('',*,*,#3298,.T.);
#7433=DIRECTION('',(0,0,1));
#7434=VECTOR('',#7433,1);
#7435=LINE('',#624,#7434);
#7436=EDGE_CURVE('',#625,#635,#7435,.T.);
#7437=ORIENTED_EDGE('',*,*,#7436,.F.);
#7438=EDGE_LOOP('',(#7430,#7431,#7432,#7437));
#7439=FACE_OUTER_BOUND('',#7438,.T.);
#7440=ADVANCED_FACE('',(#7439),#7429,.T.);
#7441=DIRECTION('',(-0.266712,0.963776,0));
#7442=DIRECTION('',(0,-0,1));
#7443=AXIS2_PLACEMENT_3D('',#640,#7441,#7442);
#7444=PLANE('',#7443);
#7445=ORIENTED_EDGE('',*,*,#6291,.F.);
#7446=ORIENTED_EDGE('',*,*,#7436,.T.);
#7447=ORIENTED_EDGE('',*,*,#3293,.T.);
#7448=DIRECTION('',(0,0,1));
#7449=VECTOR('',#7448,1);
#7450=LINE('',#640,#7449);
#7451=EDGE_CURVE('',#641,#657,#7450,.T.);
#7452=ORIENTED_EDGE('',*,*,#7451,.F.);
#7453=EDGE_LOOP('',(#7445,#7446,#7447,#7452));
#7454=FACE_OUTER_BOUND('',#7453,.T.);
#7455=ADVANCED_FACE('',(#7454),#7444,.T.);
#7456=DIRECTION('',(-0.219102,0.975702,0));
#7457=DIRECTION('',(0,-0,1));
#7458=AXIS2_PLACEMENT_3D('',#658,#7456,#7457);
#7459=PLANE('',#7458);
#7460=DIRECTION('',(0,0,1));
#7461=VECTOR('',#7460,1);
#7462=LINE('',#642,#7461);
#7463=EDGE_CURVE('',#643,#659,#7462,.T.);
#7464=ORIENTED_EDGE('',*,*,#7463,.F.);
#7465=ORIENTED_EDGE('',*,*,#6296,.F.);
#7466=ORIENTED_EDGE('',*,*,#7451,.T.);
#7467=ORIENTED_EDGE('',*,*,#3288,.T.);
#7468=EDGE_LOOP('',(#7464,#7465,#7466,#7467));
#7469=FACE_OUTER_BOUND('',#7468,.T.);
#7470=ADVANCED_FACE('',(#7469),#7459,.T.);
#7471=DIRECTION('',(-0.170963,0.985277,0));
#7472=DIRECTION('',(0,-0,1));
#7473=AXIS2_PLACEMENT_3D('',#642,#7471,#7472);
#7474=PLANE('',#7473);
#7475=ORIENTED_EDGE('',*,*,#7463,.T.);
#7476=ORIENTED_EDGE('',*,*,#3283,.T.);
#7477=DIRECTION('',(0,0,1));
#7478=VECTOR('',#7477,1);
#7479=LINE('',#646,#7478);
#7480=EDGE_CURVE('',#647,#661,#7479,.T.);
#7481=ORIENTED_EDGE('',*,*,#7480,.F.);
#7482=ORIENTED_EDGE('',*,*,#6301,.F.);
#7483=EDGE_LOOP('',(#7475,#7476,#7481,#7482));
#7484=FACE_OUTER_BOUND('',#7483,.T.);
#7485=ADVANCED_FACE('',(#7484),#7474,.T.);
#7486=DIRECTION('',(-0.122409,0.99248,0));
#7487=DIRECTION('',(0,-0,1));
#7488=AXIS2_PLACEMENT_3D('',#660,#7486,#7487);
#7489=PLANE('',#7488);
#7490=ORIENTED_EDGE('',*,*,#3278,.T.);
#7491=DIRECTION('',(0,0,1));
#7492=VECTOR('',#7491,1);
#7493=LINE('',#650,#7492);
#7494=EDGE_CURVE('',#651,#663,#7493,.T.);
#7495=ORIENTED_EDGE('',*,*,#7494,.F.);
#7496=ORIENTED_EDGE('',*,*,#6306,.F.);
#7497=ORIENTED_EDGE('',*,*,#7480,.T.);
#7498=EDGE_LOOP('',(#7490,#7495,#7496,#7497));
#7499=FACE_OUTER_BOUND('',#7498,.T.);
#7500=ADVANCED_FACE('',(#7499),#7489,.T.);
#7501=DIRECTION('',(-0.073564,0.99729,0));
#7502=DIRECTION('',(0,-0,1));
#7503=AXIS2_PLACEMENT_3D('',#662,#7501,#7502);
#7504=PLANE('',#7503);
#7505=ORIENTED_EDGE('',*,*,#3273,.T.);
#7506=DIRECTION('',(0,0,1));
#7507=VECTOR('',#7506,1);
#7508=LINE('',#654,#7507);
#7509=EDGE_CURVE('',#655,#665,#7508,.T.);
#7510=ORIENTED_EDGE('',*,*,#7509,.F.);
#7511=ORIENTED_EDGE('',*,*,#6311,.F.);
#7512=ORIENTED_EDGE('',*,*,#7494,.T.);
#7513=EDGE_LOOP('',(#7505,#7510,#7511,#7512));
#7514=FACE_OUTER_BOUND('',#7513,.T.);
#7515=ADVANCED_FACE('',(#7514),#7504,.T.);
#7516=DIRECTION('',(-0.024542,0.999699,0));
#7517=DIRECTION('',(0,-0,1));
#7518=AXIS2_PLACEMENT_3D('',#664,#7516,#7517);
#7519=PLANE('',#7518);
#7520=ORIENTED_EDGE('',*,*,#3268,.T.);
#7521=DIRECTION('',(0,0,1));
#7522=VECTOR('',#7521,1);
#7523=LINE('',#1136,#7522);
#7524=EDGE_CURVE('',#1137,#1157,#7523,.T.);
#7525=ORIENTED_EDGE('',*,*,#7524,.F.);
#7526=ORIENTED_EDGE('',*,*,#6316,.F.);
#7527=ORIENTED_EDGE('',*,*,#7509,.T.);
#7528=EDGE_LOOP('',(#7520,#7525,#7526,#7527));
#7529=FACE_OUTER_BOUND('',#7528,.T.);
#7530=ADVANCED_FACE('',(#7529),#7519,.T.);
#7531=DIRECTION('',(0.024542,-0.999699,0));
#7532=DIRECTION('',(0,0,-1));
#7533=AXIS2_PLACEMENT_3D('',#762,#7531,#7532);
#7534=PLANE('',#7533);
#7535=ORIENTED_EDGE('',*,*,#6000,.T.);
#7536=DIRECTION('',(0,0,1));
#7537=VECTOR('',#7536,1);
#7538=LINE('',#764,#7537);
#7539=EDGE_CURVE('',#765,#789,#7538,.T.);
#7540=ORIENTED_EDGE('',*,*,#7539,.T.);
#7541=ORIENTED_EDGE('',*,*,#2948,.F.);
#7542=ORIENTED_EDGE('',*,*,#7045,.F.);
#7543=EDGE_LOOP('',(#7535,#7540,#7541,#7542));
#7544=FACE_OUTER_BOUND('',#7543,.T.);
#7545=ADVANCED_FACE('',(#7544),#7534,.T.);
#7546=DIRECTION('',(0.073564,-0.99729,0));
#7547=DIRECTION('',(0,0,-1));
#7548=AXIS2_PLACEMENT_3D('',#788,#7546,#7547);
#7549=PLANE('',#7548);
#7550=ORIENTED_EDGE('',*,*,#7539,.F.);
#7551=ORIENTED_EDGE('',*,*,#5995,.T.);
#7552=DIRECTION('',(0,0,1));
#7553=VECTOR('',#7552,1);
#7554=LINE('',#770,#7553);
#7555=EDGE_CURVE('',#771,#791,#7554,.T.);
#7556=ORIENTED_EDGE('',*,*,#7555,.T.);
#7557=ORIENTED_EDGE('',*,*,#2953,.F.);
#7558=EDGE_LOOP('',(#7550,#7551,#7556,#7557));
#7559=FACE_OUTER_BOUND('',#7558,.T.);
#7560=ADVANCED_FACE('',(#7559),#7549,.T.);
#7561=DIRECTION('',(0.122409,-0.99248,0));
#7562=DIRECTION('',(0,0,-1));
#7563=AXIS2_PLACEMENT_3D('',#774,#7561,#7562);
#7564=PLANE('',#7563);
#7565=DIRECTION('',(0,0,1));
#7566=VECTOR('',#7565,1);
#7567=LINE('',#774,#7566);
#7568=EDGE_CURVE('',#775,#793,#7567,.T.);
#7569=ORIENTED_EDGE('',*,*,#7568,.T.);
#7570=ORIENTED_EDGE('',*,*,#2958,.F.);
#7571=ORIENTED_EDGE('',*,*,#7555,.F.);
#7572=ORIENTED_EDGE('',*,*,#5990,.T.);
#7573=EDGE_LOOP('',(#7569,#7570,#7571,#7572));
#7574=FACE_OUTER_BOUND('',#7573,.T.);
#7575=ADVANCED_FACE('',(#7574),#7564,.T.);
#7576=DIRECTION('',(0.170963,-0.985277,0));
#7577=DIRECTION('',(0,0,-1));
#7578=AXIS2_PLACEMENT_3D('',#794,#7576,#7577);
#7579=PLANE('',#7578);
#7580=ORIENTED_EDGE('',*,*,#2963,.F.);
#7581=ORIENTED_EDGE('',*,*,#7568,.F.);
#7582=ORIENTED_EDGE('',*,*,#5985,.T.);
#7583=DIRECTION('',(0,0,1));
#7584=VECTOR('',#7583,1);
#7585=LINE('',#778,#7584);
#7586=EDGE_CURVE('',#779,#795,#7585,.T.);
#7587=ORIENTED_EDGE('',*,*,#7586,.T.);
#7588=EDGE_LOOP('',(#7580,#7581,#7582,#7587));
#7589=FACE_OUTER_BOUND('',#7588,.T.);
#7590=ADVANCED_FACE('',(#7589),#7579,.T.);
#7591=DIRECTION('',(0.219102,-0.975702,0));
#7592=DIRECTION('',(0,0,-1));
#7593=AXIS2_PLACEMENT_3D('',#794,#7591,#7592);
#7594=PLANE('',#7593);
#7595=ORIENTED_EDGE('',*,*,#7586,.F.);
#7596=ORIENTED_EDGE('',*,*,#5980,.T.);
#7597=DIRECTION('',(0,0,1));
#7598=VECTOR('',#7597,1);
#7599=LINE('',#780,#7598);
#7600=EDGE_CURVE('',#781,#797,#7599,.T.);
#7601=ORIENTED_EDGE('',*,*,#7600,.T.);
#7602=ORIENTED_EDGE('',*,*,#2968,.F.);
#7603=EDGE_LOOP('',(#7595,#7596,#7601,#7602));
#7604=FACE_OUTER_BOUND('',#7603,.T.);
#7605=ADVANCED_FACE('',(#7604),#7594,.T.);
#7606=DIRECTION('',(0.266712,-0.963776,0));
#7607=DIRECTION('',(0,0,-1));
#7608=AXIS2_PLACEMENT_3D('',#780,#7606,#7607);
#7609=PLANE('',#7608);
#7610=ORIENTED_EDGE('',*,*,#5975,.T.);
#7611=DIRECTION('',(0,0,1));
#7612=VECTOR('',#7611,1);
#7613=LINE('',#798,#7612);
#7614=EDGE_CURVE('',#799,#821,#7613,.T.);
#7615=ORIENTED_EDGE('',*,*,#7614,.T.);
#7616=ORIENTED_EDGE('',*,*,#2973,.F.);
#7617=ORIENTED_EDGE('',*,*,#7600,.F.);
#7618=EDGE_LOOP('',(#7610,#7615,#7616,#7617));
#7619=FACE_OUTER_BOUND('',#7618,.T.);
#7620=ADVANCED_FACE('',(#7619),#7609,.T.);
#7621=DIRECTION('',(0.313681,-0.949528,0));
#7622=DIRECTION('',(0,0,-1));
#7623=AXIS2_PLACEMENT_3D('',#798,#7621,#7622);
#7624=PLANE('',#7623);
#7625=ORIENTED_EDGE('',*,*,#5970,.T.);
#7626=DIRECTION('',(0,0,1));
#7627=VECTOR('',#7626,1);
#7628=LINE('',#800,#7627);
#7629=EDGE_CURVE('',#801,#823,#7628,.T.);
#7630=ORIENTED_EDGE('',*,*,#7629,.T.);
#7631=ORIENTED_EDGE('',*,*,#2978,.F.);
#7632=ORIENTED_EDGE('',*,*,#7614,.F.);
#7633=EDGE_LOOP('',(#7625,#7630,#7631,#7632));
#7634=FACE_OUTER_BOUND('',#7633,.T.);
#7635=ADVANCED_FACE('',(#7634),#7624,.T.);
#7636=DIRECTION('',(0.359896,-0.932992,0));
#7637=DIRECTION('',(0,0,-1));
#7638=AXIS2_PLACEMENT_3D('',#822,#7636,#7637);
#7639=PLANE('',#7638);
#7640=ORIENTED_EDGE('',*,*,#7629,.F.);
#7641=ORIENTED_EDGE('',*,*,#5965,.T.);
#7642=DIRECTION('',(0,0,1));
#7643=VECTOR('',#7642,1);
#7644=LINE('',#808,#7643);
#7645=EDGE_CURVE('',#809,#825,#7644,.T.);
#7646=ORIENTED_EDGE('',*,*,#7645,.T.);
#7647=ORIENTED_EDGE('',*,*,#2983,.F.);
#7648=EDGE_LOOP('',(#7640,#7641,#7646,#7647));
#7649=FACE_OUTER_BOUND('',#7648,.T.);
#7650=ADVANCED_FACE('',(#7649),#7639,.T.);
#7651=DIRECTION('',(0.405242,-0.91421,0));
#7652=DIRECTION('',(0,0,-1));
#7653=AXIS2_PLACEMENT_3D('',#808,#7651,#7652);
#7654=PLANE('',#7653);
#7655=ORIENTED_EDGE('',*,*,#5960,.T.);
#7656=DIRECTION('',(0,0,1));
#7657=VECTOR('',#7656,1);
#7658=LINE('',#810,#7657);
#7659=EDGE_CURVE('',#811,#827,#7658,.T.);
#7660=ORIENTED_EDGE('',*,*,#7659,.T.);
#7661=ORIENTED_EDGE('',*,*,#2988,.F.);
#7662=ORIENTED_EDGE('',*,*,#7645,.F.);
#7663=EDGE_LOOP('',(#7655,#7660,#7661,#7662));
#7664=FACE_OUTER_BOUND('',#7663,.T.);
#7665=ADVANCED_FACE('',(#7664),#7654,.T.);
#7666=DIRECTION('',(0.449611,-0.893224,0));
#7667=DIRECTION('',(0,0,-1));
#7668=AXIS2_PLACEMENT_3D('',#812,#7666,#7667);
#7669=PLANE('',#7668);
#7670=DIRECTION('',(0,0,1));
#7671=VECTOR('',#7670,1);
#7672=LINE('',#812,#7671);
#7673=EDGE_CURVE('',#813,#829,#7672,.T.);
#7674=ORIENTED_EDGE('',*,*,#7673,.T.);
#7675=ORIENTED_EDGE('',*,*,#2993,.F.);
#7676=ORIENTED_EDGE('',*,*,#7659,.F.);
#7677=ORIENTED_EDGE('',*,*,#5955,.T.);
#7678=EDGE_LOOP('',(#7674,#7675,#7676,#7677));
#7679=FACE_OUTER_BOUND('',#7678,.T.);
#7680=ADVANCED_FACE('',(#7679),#7669,.T.);
#7681=DIRECTION('',(0.492898,-0.870087,0));
#7682=DIRECTION('',(0,0,-1));
#7683=AXIS2_PLACEMENT_3D('',#872,#7681,#7682);
#7684=PLANE('',#7683);
#7685=DIRECTION('',(0,0,1));
#7686=VECTOR('',#7685,1);
#7687=LINE('',#872,#7686);
#7688=EDGE_CURVE('',#873,#881,#7687,.T.);
#7689=ORIENTED_EDGE('',*,*,#7688,.T.);
#7690=ORIENTED_EDGE('',*,*,#2998,.F.);
#7691=ORIENTED_EDGE('',*,*,#7673,.F.);
#7692=ORIENTED_EDGE('',*,*,#5950,.T.);
#7693=EDGE_LOOP('',(#7689,#7690,#7691,#7692));
#7694=FACE_OUTER_BOUND('',#7693,.T.);
#7695=ADVANCED_FACE('',(#7694),#7684,.T.);
#7696=DIRECTION('',(0.534997,-0.844854,0));
#7697=DIRECTION('',(0,0,-1));
#7698=AXIS2_PLACEMENT_3D('',#872,#7696,#7697);
#7699=PLANE('',#7698);
#7700=ORIENTED_EDGE('',*,*,#5945,.T.);
#7701=DIRECTION('',(0,0,1));
#7702=VECTOR('',#7701,1);
#7703=LINE('',#874,#7702);
#7704=EDGE_CURVE('',#875,#883,#7703,.T.);
#7705=ORIENTED_EDGE('',*,*,#7704,.T.);
#7706=ORIENTED_EDGE('',*,*,#3003,.F.);
#7707=ORIENTED_EDGE('',*,*,#7688,.F.);
#7708=EDGE_LOOP('',(#7700,#7705,#7706,#7707));
#7709=FACE_OUTER_BOUND('',#7708,.T.);
#7710=ADVANCED_FACE('',(#7709),#7699,.T.);
#7711=DIRECTION('',(0.575807,-0.817585,0));
#7712=DIRECTION('',(0,0,-1));
#7713=AXIS2_PLACEMENT_3D('',#876,#7711,#7712);
#7714=PLANE('',#7713);
#7715=DIRECTION('',(0,0,1));
#7716=VECTOR('',#7715,1);
#7717=LINE('',#876,#7716);
#7718=EDGE_CURVE('',#877,#885,#7717,.T.);
#7719=ORIENTED_EDGE('',*,*,#7718,.T.);
#7720=ORIENTED_EDGE('',*,*,#3008,.F.);
#7721=ORIENTED_EDGE('',*,*,#7704,.F.);
#7722=ORIENTED_EDGE('',*,*,#5940,.T.);
#7723=EDGE_LOOP('',(#7719,#7720,#7721,#7722));
#7724=FACE_OUTER_BOUND('',#7723,.T.);
#7725=ADVANCED_FACE('',(#7724),#7714,.T.);
#7726=DIRECTION('',(0.615232,-0.788346,0));
#7727=DIRECTION('',(0,0,-1));
#7728=AXIS2_PLACEMENT_3D('',#876,#7726,#7727);
#7729=PLANE('',#7728);
#7730=ORIENTED_EDGE('',*,*,#5935,.T.);
#7731=DIRECTION('',(0,0,1));
#7732=VECTOR('',#7731,1);
#7733=LINE('',#878,#7732);
#7734=EDGE_CURVE('',#879,#887,#7733,.T.);
#7735=ORIENTED_EDGE('',*,*,#7734,.T.);
#7736=ORIENTED_EDGE('',*,*,#3013,.F.);
#7737=ORIENTED_EDGE('',*,*,#7718,.F.);
#7738=EDGE_LOOP('',(#7730,#7735,#7736,#7737));
#7739=FACE_OUTER_BOUND('',#7738,.T.);
#7740=ADVANCED_FACE('',(#7739),#7729,.T.);
#7741=DIRECTION('',(0.653173,-0.757209,0));
#7742=DIRECTION('',(0,0,-1));
#7743=AXIS2_PLACEMENT_3D('',#886,#7741,#7742);
#7744=PLANE('',#7743);
#7745=ORIENTED_EDGE('',*,*,#7734,.F.);
#7746=ORIENTED_EDGE('',*,*,#5930,.T.);
#7747=DIRECTION('',(0,0,1));
#7748=VECTOR('',#7747,1);
#7749=LINE('',#894,#7748);
#7750=EDGE_CURVE('',#895,#909,#7749,.T.);
#7751=ORIENTED_EDGE('',*,*,#7750,.T.);
#7752=ORIENTED_EDGE('',*,*,#3018,.F.);
#7753=EDGE_LOOP('',(#7745,#7746,#7751,#7752));
#7754=FACE_OUTER_BOUND('',#7753,.T.);
#7755=ADVANCED_FACE('',(#7754),#7744,.T.);
#7756=DIRECTION('',(0.68954,-0.724248,0));
#7757=DIRECTION('',(0,0,-1));
#7758=AXIS2_PLACEMENT_3D('',#908,#7756,#7757);
#7759=PLANE('',#7758);
#7760=ORIENTED_EDGE('',*,*,#7750,.F.);
#7761=ORIENTED_EDGE('',*,*,#5925,.T.);
#7762=DIRECTION('',(0,0,1));
#7763=VECTOR('',#7762,1);
#7764=LINE('',#898,#7763);
#7765=EDGE_CURVE('',#899,#911,#7764,.T.);
#7766=ORIENTED_EDGE('',*,*,#7765,.T.);
#7767=ORIENTED_EDGE('',*,*,#3023,.F.);
#7768=EDGE_LOOP('',(#7760,#7761,#7766,#7767));
#7769=FACE_OUTER_BOUND('',#7768,.T.);
#7770=ADVANCED_FACE('',(#7769),#7759,.T.);
#7771=DIRECTION('',(0.724248,-0.68954,0));
#7772=DIRECTION('',(0,0,-1));
#7773=AXIS2_PLACEMENT_3D('',#910,#7771,#7772);
#7774=PLANE('',#7773);
#7775=ORIENTED_EDGE('',*,*,#7765,.F.);
#7776=ORIENTED_EDGE('',*,*,#5920,.T.);
#7777=DIRECTION('',(0,0,1));
#7778=VECTOR('',#7777,1);
#7779=LINE('',#900,#7778);
#7780=EDGE_CURVE('',#901,#913,#7779,.T.);
#7781=ORIENTED_EDGE('',*,*,#7780,.T.);
#7782=ORIENTED_EDGE('',*,*,#3028,.F.);
#7783=EDGE_LOOP('',(#7775,#7776,#7781,#7782));
#7784=FACE_OUTER_BOUND('',#7783,.T.);
#7785=ADVANCED_FACE('',(#7784),#7774,.T.);
#7786=DIRECTION('',(0.757209,-0.653173,0));
#7787=DIRECTION('',(0,0,-1));
#7788=AXIS2_PLACEMENT_3D('',#900,#7786,#7787);
#7789=PLANE('',#7788);
#7790=ORIENTED_EDGE('',*,*,#5915,.T.);
#7791=DIRECTION('',(0,0,1));
#7792=VECTOR('',#7791,1);
#7793=LINE('',#914,#7792);
#7794=EDGE_CURVE('',#915,#923,#7793,.T.);
#7795=ORIENTED_EDGE('',*,*,#7794,.T.);
#7796=ORIENTED_EDGE('',*,*,#3033,.F.);
#7797=ORIENTED_EDGE('',*,*,#7780,.F.);
#7798=EDGE_LOOP('',(#7790,#7795,#7796,#7797));
#7799=FACE_OUTER_BOUND('',#7798,.T.);
#7800=ADVANCED_FACE('',(#7799),#7789,.T.);
#7801=DIRECTION('',(0.788346,-0.615232,0));
#7802=DIRECTION('',(0,0,-1));
#7803=AXIS2_PLACEMENT_3D('',#924,#7801,#7802);
#7804=PLANE('',#7803);
#7805=ORIENTED_EDGE('',*,*,#3038,.F.);
#7806=ORIENTED_EDGE('',*,*,#7794,.F.);
#7807=ORIENTED_EDGE('',*,*,#5910,.T.);
#7808=DIRECTION('',(0,0,1));
#7809=VECTOR('',#7808,1);
#7810=LINE('',#916,#7809);
#7811=EDGE_CURVE('',#917,#925,#7810,.T.);
#7812=ORIENTED_EDGE('',*,*,#7811,.T.);
#7813=EDGE_LOOP('',(#7805,#7806,#7807,#7812));
#7814=FACE_OUTER_BOUND('',#7813,.T.);
#7815=ADVANCED_FACE('',(#7814),#7804,.T.);
#7816=DIRECTION('',(0.817585,-0.575807,0));
#7817=DIRECTION('',(0,0,-1));
#7818=AXIS2_PLACEMENT_3D('',#924,#7816,#7817);
#7819=PLANE('',#7818);
#7820=ORIENTED_EDGE('',*,*,#7811,.F.);
#7821=ORIENTED_EDGE('',*,*,#5905,.T.);
#7822=DIRECTION('',(0,0,1));
#7823=VECTOR('',#7822,1);
#7824=LINE('',#918,#7823);
#7825=EDGE_CURVE('',#919,#927,#7824,.T.);
#7826=ORIENTED_EDGE('',*,*,#7825,.T.);
#7827=ORIENTED_EDGE('',*,*,#3043,.F.);
#7828=EDGE_LOOP('',(#7820,#7821,#7826,#7827));
#7829=FACE_OUTER_BOUND('',#7828,.T.);
#7830=ADVANCED_FACE('',(#7829),#7819,.T.);
#7831=DIRECTION('',(0.844854,-0.534997,0));
#7832=DIRECTION('',(0,0,-1));
#7833=AXIS2_PLACEMENT_3D('',#920,#7831,#7832);
#7834=PLANE('',#7833);
#7835=DIRECTION('',(0,0,1));
#7836=VECTOR('',#7835,1);
#7837=LINE('',#920,#7836);
#7838=EDGE_CURVE('',#921,#929,#7837,.T.);
#7839=ORIENTED_EDGE('',*,*,#7838,.T.);
#7840=ORIENTED_EDGE('',*,*,#3048,.F.);
#7841=ORIENTED_EDGE('',*,*,#7825,.F.);
#7842=ORIENTED_EDGE('',*,*,#5900,.T.);
#7843=EDGE_LOOP('',(#7839,#7840,#7841,#7842));
#7844=FACE_OUTER_BOUND('',#7843,.T.);
#7845=ADVANCED_FACE('',(#7844),#7834,.T.);
#7846=DIRECTION('',(0.870087,-0.492898,0));
#7847=DIRECTION('',(0,0,-1));
#7848=AXIS2_PLACEMENT_3D('',#920,#7846,#7847);
#7849=PLANE('',#7848);
#7850=ORIENTED_EDGE('',*,*,#5895,.T.);
#7851=DIRECTION('',(0,0,1));
#7852=VECTOR('',#7851,1);
#7853=LINE('',#944,#7852);
#7854=EDGE_CURVE('',#945,#955,#7853,.T.);
#7855=ORIENTED_EDGE('',*,*,#7854,.T.);
#7856=ORIENTED_EDGE('',*,*,#3053,.F.);
#7857=ORIENTED_EDGE('',*,*,#7838,.F.);
#7858=EDGE_LOOP('',(#7850,#7855,#7856,#7857));
#7859=FACE_OUTER_BOUND('',#7858,.T.);
#7860=ADVANCED_FACE('',(#7859),#7849,.T.);
#7861=DIRECTION('',(0.893224,-0.449611,0));
#7862=DIRECTION('',(0,0,-1));
#7863=AXIS2_PLACEMENT_3D('',#944,#7861,#7862);
#7864=PLANE('',#7863);
#7865=ORIENTED_EDGE('',*,*,#5890,.T.);
#7866=DIRECTION('',(0,0,1));
#7867=VECTOR('',#7866,1);
#7868=LINE('',#946,#7867);
#7869=EDGE_CURVE('',#947,#957,#7868,.T.);
#7870=ORIENTED_EDGE('',*,*,#7869,.T.);
#7871=ORIENTED_EDGE('',*,*,#3058,.F.);
#7872=ORIENTED_EDGE('',*,*,#7854,.F.);
#7873=EDGE_LOOP('',(#7865,#7870,#7871,#7872));
#7874=FACE_OUTER_BOUND('',#7873,.T.);
#7875=ADVANCED_FACE('',(#7874),#7864,.T.);
#7876=DIRECTION('',(0.91421,-0.405242,0));
#7877=DIRECTION('',(0,0,-1));
#7878=AXIS2_PLACEMENT_3D('',#958,#7876,#7877);
#7879=PLANE('',#7878);
#7880=ORIENTED_EDGE('',*,*,#3063,.F.);
#7881=ORIENTED_EDGE('',*,*,#7869,.F.);
#7882=ORIENTED_EDGE('',*,*,#5885,.T.);
#7883=DIRECTION('',(0,0,1));
#7884=VECTOR('',#7883,1);
#7885=LINE('',#948,#7884);
#7886=EDGE_CURVE('',#949,#959,#7885,.T.);
#7887=ORIENTED_EDGE('',*,*,#7886,.T.);
#7888=EDGE_LOOP('',(#7880,#7881,#7882,#7887));
#7889=FACE_OUTER_BOUND('',#7888,.T.);
#7890=ADVANCED_FACE('',(#7889),#7879,.T.);
#7891=DIRECTION('',(0.932992,-0.359896,0));
#7892=DIRECTION('',(0,0,-1));
#7893=AXIS2_PLACEMENT_3D('',#958,#7891,#7892);
#7894=PLANE('',#7893);
#7895=ORIENTED_EDGE('',*,*,#7886,.F.);
#7896=ORIENTED_EDGE('',*,*,#5880,.T.);
#7897=DIRECTION('',(0,0,1));
#7898=VECTOR('',#7897,1);
#7899=LINE('',#950,#7898);
#7900=EDGE_CURVE('',#951,#961,#7899,.T.);
#7901=ORIENTED_EDGE('',*,*,#7900,.T.);
#7902=ORIENTED_EDGE('',*,*,#3068,.F.);
#7903=EDGE_LOOP('',(#7895,#7896,#7901,#7902));
#7904=FACE_OUTER_BOUND('',#7903,.T.);
#7905=ADVANCED_FACE('',(#7904),#7894,.T.);
#7906=DIRECTION('',(0.949528,-0.313681,0));
#7907=DIRECTION('',(0,0,-1));
#7908=AXIS2_PLACEMENT_3D('',#960,#7906,#7907);
#7909=PLANE('',#7908);
#7910=ORIENTED_EDGE('',*,*,#7900,.F.);
#7911=ORIENTED_EDGE('',*,*,#5875,.T.);
#7912=DIRECTION('',(0,0,1));
#7913=VECTOR('',#7912,1);
#7914=LINE('',#952,#7913);
#7915=EDGE_CURVE('',#953,#963,#7914,.T.);
#7916=ORIENTED_EDGE('',*,*,#7915,.T.);
#7917=ORIENTED_EDGE('',*,*,#3073,.F.);
#7918=EDGE_LOOP('',(#7910,#7911,#7916,#7917));
#7919=FACE_OUTER_BOUND('',#7918,.T.);
#7920=ADVANCED_FACE('',(#7919),#7909,.T.);
#7921=DIRECTION('',(0.963776,-0.266712,0));
#7922=DIRECTION('',(0,0,-1));
#7923=AXIS2_PLACEMENT_3D('',#970,#7921,#7922);
#7924=PLANE('',#7923);
#7925=DIRECTION('',(0,0,1));
#7926=VECTOR('',#7925,1);
#7927=LINE('',#970,#7926);
#7928=EDGE_CURVE('',#971,#985,#7927,.T.);
#7929=ORIENTED_EDGE('',*,*,#7928,.T.);
#7930=ORIENTED_EDGE('',*,*,#3078,.F.);
#7931=ORIENTED_EDGE('',*,*,#7915,.F.);
#7932=ORIENTED_EDGE('',*,*,#5870,.T.);
#7933=EDGE_LOOP('',(#7929,#7930,#7931,#7932));
#7934=FACE_OUTER_BOUND('',#7933,.T.);
#7935=ADVANCED_FACE('',(#7934),#7924,.T.);
#7936=DIRECTION('',(0.975702,-0.219102,0));
#7937=DIRECTION('',(0,0,-1));
#7938=AXIS2_PLACEMENT_3D('',#984,#7936,#7937);
#7939=PLANE('',#7938);
#7940=ORIENTED_EDGE('',*,*,#7928,.F.);
#7941=ORIENTED_EDGE('',*,*,#5865,.T.);
#7942=DIRECTION('',(0,0,1));
#7943=VECTOR('',#7942,1);
#7944=LINE('',#972,#7943);
#7945=EDGE_CURVE('',#973,#987,#7944,.T.);
#7946=ORIENTED_EDGE('',*,*,#7945,.T.);
#7947=ORIENTED_EDGE('',*,*,#3083,.F.);
#7948=EDGE_LOOP('',(#7940,#7941,#7946,#7947));
#7949=FACE_OUTER_BOUND('',#7948,.T.);
#7950=ADVANCED_FACE('',(#7949),#7939,.T.);
#7951=DIRECTION('',(0.985277,-0.170963,0));
#7952=DIRECTION('',(0,0,-1));
#7953=AXIS2_PLACEMENT_3D('',#974,#7951,#7952);
#7954=PLANE('',#7953);
#7955=DIRECTION('',(0,0,1));
#7956=VECTOR('',#7955,1);
#7957=LINE('',#974,#7956);
#7958=EDGE_CURVE('',#975,#989,#7957,.T.);
#7959=ORIENTED_EDGE('',*,*,#7958,.T.);
#7960=ORIENTED_EDGE('',*,*,#3088,.F.);
#7961=ORIENTED_EDGE('',*,*,#7945,.F.);
#7962=ORIENTED_EDGE('',*,*,#5860,.T.);
#7963=EDGE_LOOP('',(#7959,#7960,#7961,#7962));
#7964=FACE_OUTER_BOUND('',#7963,.T.);
#7965=ADVANCED_FACE('',(#7964),#7954,.T.);
#7966=DIRECTION('',(0.99248,-0.122409,0));
#7967=DIRECTION('',(0,0,-1));
#7968=AXIS2_PLACEMENT_3D('',#980,#7966,#7967);
#7969=PLANE('',#7968);
#7970=DIRECTION('',(0,0,1));
#7971=VECTOR('',#7970,1);
#7972=LINE('',#980,#7971);
#7973=EDGE_CURVE('',#981,#991,#7972,.T.);
#7974=ORIENTED_EDGE('',*,*,#7973,.T.);
#7975=ORIENTED_EDGE('',*,*,#3093,.F.);
#7976=ORIENTED_EDGE('',*,*,#7958,.F.);
#7977=ORIENTED_EDGE('',*,*,#5855,.T.);
#7978=EDGE_LOOP('',(#7974,#7975,#7976,#7977));
#7979=FACE_OUTER_BOUND('',#7978,.T.);
#7980=ADVANCED_FACE('',(#7979),#7969,.T.);
#7981=DIRECTION('',(0.99729,-0.073564,0));
#7982=DIRECTION('',(0,0,-1));
#7983=AXIS2_PLACEMENT_3D('',#992,#7981,#7982);
#7984=PLANE('',#7983);
#7985=ORIENTED_EDGE('',*,*,#3098,.F.);
#7986=ORIENTED_EDGE('',*,*,#7973,.F.);
#7987=ORIENTED_EDGE('',*,*,#5850,.T.);
#7988=DIRECTION('',(0,0,1));
#7989=VECTOR('',#7988,1);
#7990=LINE('',#982,#7989);
#7991=EDGE_CURVE('',#983,#993,#7990,.T.);
#7992=ORIENTED_EDGE('',*,*,#7991,.T.);
#7993=EDGE_LOOP('',(#7985,#7986,#7987,#7992));
#7994=FACE_OUTER_BOUND('',#7993,.T.);
#7995=ADVANCED_FACE('',(#7994),#7984,.T.);
#7996=DIRECTION('',(0.999699,-0.024542,0));
#7997=DIRECTION('',(0,0,-1));
#7998=AXIS2_PLACEMENT_3D('',#1228,#7996,#7997);
#7999=PLANE('',#7998);
#8000=ORIENTED_EDGE('',*,*,#3103,.F.);
#8001=ORIENTED_EDGE('',*,*,#7991,.F.);
#8002=ORIENTED_EDGE('',*,*,#5845,.T.);
#8003=DIRECTION('',(0,0,1));
#8004=VECTOR('',#8003,1);
#8005=LINE('',#1214,#8004);
#8006=EDGE_CURVE('',#1215,#1229,#8005,.T.);
#8007=ORIENTED_EDGE('',*,*,#8006,.T.);
#8008=EDGE_LOOP('',(#8000,#8001,#8002,#8007));
#8009=FACE_OUTER_BOUND('',#8008,.T.);
#8010=ADVANCED_FACE('',(#8009),#7999,.T.);
#8011=DIRECTION('',(0.024542,0.999699,0));
#8012=DIRECTION('',(0,0,1));
#8013=AXIS2_PLACEMENT_3D('',#1156,#8011,#8012);
#8014=PLANE('',#8013);
#8015=ORIENTED_EDGE('',*,*,#3263,.T.);
#8016=DIRECTION('',(0,0,1));
#8017=VECTOR('',#8016,1);
#8018=LINE('',#1138,#8017);
#8019=EDGE_CURVE('',#1139,#1159,#8018,.T.);
#8020=ORIENTED_EDGE('',*,*,#8019,.F.);
#8021=ORIENTED_EDGE('',*,*,#6321,.F.);
#8022=ORIENTED_EDGE('',*,*,#7524,.T.);
#8023=EDGE_LOOP('',(#8015,#8020,#8021,#8022));
#8024=FACE_OUTER_BOUND('',#8023,.T.);
#8025=ADVANCED_FACE('',(#8024),#8014,.T.);
#8026=DIRECTION('',(0.073564,0.99729,0));
#8027=DIRECTION('',(0,0,1));
#8028=AXIS2_PLACEMENT_3D('',#1160,#8026,#8027);
#8029=PLANE('',#8028);
#8030=DIRECTION('',(0,0,1));
#8031=VECTOR('',#8030,1);
#8032=LINE('',#1142,#8031);
#8033=EDGE_CURVE('',#1143,#1161,#8032,.T.);
#8034=ORIENTED_EDGE('',*,*,#8033,.F.);
#8035=ORIENTED_EDGE('',*,*,#6326,.F.);
#8036=ORIENTED_EDGE('',*,*,#8019,.T.);
#8037=ORIENTED_EDGE('',*,*,#3258,.T.);
#8038=EDGE_LOOP('',(#8034,#8035,#8036,#8037));
#8039=FACE_OUTER_BOUND('',#8038,.T.);
#8040=ADVANCED_FACE('',(#8039),#8029,.T.);
#8041=DIRECTION('',(0.122409,0.99248,0));
#8042=DIRECTION('',(0,0,1));
#8043=AXIS2_PLACEMENT_3D('',#1142,#8041,#8042);
#8044=PLANE('',#8043);
#8045=ORIENTED_EDGE('',*,*,#8033,.T.);
#8046=ORIENTED_EDGE('',*,*,#3253,.T.);
#8047=DIRECTION('',(0,0,1));
#8048=VECTOR('',#8047,1);
#8049=LINE('',#1150,#8048);
#8050=EDGE_CURVE('',#1151,#1163,#8049,.T.);
#8051=ORIENTED_EDGE('',*,*,#8050,.F.);
#8052=ORIENTED_EDGE('',*,*,#6331,.F.);
#8053=EDGE_LOOP('',(#8045,#8046,#8051,#8052));
#8054=FACE_OUTER_BOUND('',#8053,.T.);
#8055=ADVANCED_FACE('',(#8054),#8044,.T.);
#8056=DIRECTION('',(0.170963,0.985277,0));
#8057=DIRECTION('',(0,0,1));
#8058=AXIS2_PLACEMENT_3D('',#1150,#8056,#8057);
#8059=PLANE('',#8058);
#8060=ORIENTED_EDGE('',*,*,#8050,.T.);
#8061=ORIENTED_EDGE('',*,*,#3248,.T.);
#8062=DIRECTION('',(0,0,1));
#8063=VECTOR('',#8062,1);
#8064=LINE('',#1152,#8063);
#8065=EDGE_CURVE('',#1153,#1165,#8064,.T.);
#8066=ORIENTED_EDGE('',*,*,#8065,.F.);
#8067=ORIENTED_EDGE('',*,*,#6336,.F.);
#8068=EDGE_LOOP('',(#8060,#8061,#8066,#8067));
#8069=FACE_OUTER_BOUND('',#8068,.T.);
#8070=ADVANCED_FACE('',(#8069),#8059,.T.);
#8071=DIRECTION('',(0.219102,0.975702,0));
#8072=DIRECTION('',(0,0,1));
#8073=AXIS2_PLACEMENT_3D('',#1164,#8071,#8072);
#8074=PLANE('',#8073);
#8075=ORIENTED_EDGE('',*,*,#3243,.T.);
#8076=DIRECTION('',(0,0,1));
#8077=VECTOR('',#8076,1);
#8078=LINE('',#1154,#8077);
#8079=EDGE_CURVE('',#1155,#1167,#8078,.T.);
#8080=ORIENTED_EDGE('',*,*,#8079,.F.);
#8081=ORIENTED_EDGE('',*,*,#6341,.F.);
#8082=ORIENTED_EDGE('',*,*,#8065,.T.);
#8083=EDGE_LOOP('',(#8075,#8080,#8081,#8082));
#8084=FACE_OUTER_BOUND('',#8083,.T.);
#8085=ADVANCED_FACE('',(#8084),#8074,.T.);
#8086=DIRECTION('',(0.266712,0.963776,0));
#8087=DIRECTION('',(0,0,1));
#8088=AXIS2_PLACEMENT_3D('',#1154,#8086,#8087);
#8089=PLANE('',#8088);
#8090=ORIENTED_EDGE('',*,*,#8079,.T.);
#8091=ORIENTED_EDGE('',*,*,#3238,.T.);
#8092=DIRECTION('',(0,0,1));
#8093=VECTOR('',#8092,1);
#8094=LINE('',#1176,#8093);
#8095=EDGE_CURVE('',#1177,#1193,#8094,.T.);
#8096=ORIENTED_EDGE('',*,*,#8095,.F.);
#8097=ORIENTED_EDGE('',*,*,#6346,.F.);
#8098=EDGE_LOOP('',(#8090,#8091,#8096,#8097));
#8099=FACE_OUTER_BOUND('',#8098,.T.);
#8100=ADVANCED_FACE('',(#8099),#8089,.T.);
#8101=DIRECTION('',(0.359896,0.932992,0));
#8102=DIRECTION('',(0,0,1));
#8103=AXIS2_PLACEMENT_3D('',#1186,#8101,#8102);
#8104=PLANE('',#8103);
#8105=ORIENTED_EDGE('',*,*,#6356,.F.);
#8106=DIRECTION('',(0,0,1));
#8107=VECTOR('',#8106,1);
#8108=LINE('',#1178,#8107);
#8109=EDGE_CURVE('',#1179,#1195,#8108,.T.);
#8110=ORIENTED_EDGE('',*,*,#8109,.T.);
#8111=ORIENTED_EDGE('',*,*,#3228,.T.);
#8112=DIRECTION('',(0,0,1));
#8113=VECTOR('',#8112,1);
#8114=LINE('',#1186,#8113);
#8115=EDGE_CURVE('',#1187,#1197,#8114,.T.);
#8116=ORIENTED_EDGE('',*,*,#8115,.F.);
#8117=EDGE_LOOP('',(#8105,#8110,#8111,#8116));
#8118=FACE_OUTER_BOUND('',#8117,.T.);
#8119=ADVANCED_FACE('',(#8118),#8104,.T.);
#8120=DIRECTION('',(0.313681,0.949528,0));
#8121=DIRECTION('',(0,0,1));
#8122=AXIS2_PLACEMENT_3D('',#1194,#8120,#8121);
#8123=PLANE('',#8122);
#8124=ORIENTED_EDGE('',*,*,#8109,.F.);
#8125=ORIENTED_EDGE('',*,*,#6351,.F.);
#8126=ORIENTED_EDGE('',*,*,#8095,.T.);
#8127=ORIENTED_EDGE('',*,*,#3233,.T.);
#8128=EDGE_LOOP('',(#8124,#8125,#8126,#8127));
#8129=FACE_OUTER_BOUND('',#8128,.T.);
#8130=ADVANCED_FACE('',(#8129),#8123,.T.);
#8131=DIRECTION('',(0.492898,0.870087,0));
#8132=DIRECTION('',(0,0,1));
#8133=AXIS2_PLACEMENT_3D('',#1298,#8131,#8132);
#8134=PLANE('',#8133);
#8135=ORIENTED_EDGE('',*,*,#6371,.F.);
#8136=DIRECTION('',(0,0,1));
#8137=VECTOR('',#8136,1);
#8138=LINE('',#1190,#8137);
#8139=EDGE_CURVE('',#1191,#1201,#8138,.T.);
#8140=ORIENTED_EDGE('',*,*,#8139,.T.);
#8141=ORIENTED_EDGE('',*,*,#3213,.T.);
#8142=DIRECTION('',(0,0,1));
#8143=VECTOR('',#8142,1);
#8144=LINE('',#1298,#8143);
#8145=EDGE_CURVE('',#1299,#1307,#8144,.T.);
#8146=ORIENTED_EDGE('',*,*,#8145,.F.);
#8147=EDGE_LOOP('',(#8135,#8140,#8141,#8146));
#8148=FACE_OUTER_BOUND('',#8147,.T.);
#8149=ADVANCED_FACE('',(#8148),#8134,.T.);
#8150=DIRECTION('',(0.405242,0.91421,0));
#8151=DIRECTION('',(0,0,1));
#8152=AXIS2_PLACEMENT_3D('',#1196,#8150,#8151);
#8153=PLANE('',#8152);
#8154=ORIENTED_EDGE('',*,*,#3223,.T.);
#8155=DIRECTION('',(0,0,1));
#8156=VECTOR('',#8155,1);
#8157=LINE('',#1188,#8156);
#8158=EDGE_CURVE('',#1189,#1199,#8157,.T.);
#8159=ORIENTED_EDGE('',*,*,#8158,.F.);
#8160=ORIENTED_EDGE('',*,*,#6361,.F.);
#8161=ORIENTED_EDGE('',*,*,#8115,.T.);
#8162=EDGE_LOOP('',(#8154,#8159,#8160,#8161));
#8163=FACE_OUTER_BOUND('',#8162,.T.);
#8164=ADVANCED_FACE('',(#8163),#8153,.T.);
#8165=DIRECTION('',(0.449611,0.893224,0));
#8166=DIRECTION('',(0,0,1));
#8167=AXIS2_PLACEMENT_3D('',#1200,#8165,#8166);
#8168=PLANE('',#8167);
#8169=ORIENTED_EDGE('',*,*,#8139,.F.);
#8170=ORIENTED_EDGE('',*,*,#6366,.F.);
#8171=ORIENTED_EDGE('',*,*,#8158,.T.);
#8172=ORIENTED_EDGE('',*,*,#3218,.T.);
#8173=EDGE_LOOP('',(#8169,#8170,#8171,#8172));
#8174=FACE_OUTER_BOUND('',#8173,.T.);
#8175=ADVANCED_FACE('',(#8174),#8168,.T.);
#8176=DIRECTION('',(0.999699,0.024542,-0));
#8177=DIRECTION('',(-0,0,-1));
#8178=AXIS2_PLACEMENT_3D('',#1230,#8176,#8177);
#8179=PLANE('',#8178);
#8180=ORIENTED_EDGE('',*,*,#3108,.F.);
#8181=ORIENTED_EDGE('',*,*,#8006,.F.);
#8182=ORIENTED_EDGE('',*,*,#5840,.T.);
#8183=DIRECTION('',(0,0,1));
#8184=VECTOR('',#8183,1);
#8185=LINE('',#1216,#8184);
#8186=EDGE_CURVE('',#1217,#1231,#8185,.T.);
#8187=ORIENTED_EDGE('',*,*,#8186,.T.);
#8188=EDGE_LOOP('',(#8180,#8181,#8182,#8187));
#8189=FACE_OUTER_BOUND('',#8188,.T.);
#8190=ADVANCED_FACE('',(#8189),#8179,.T.);
#8191=DIRECTION('',(0.99729,0.073564,-0));
#8192=DIRECTION('',(-0,0,-1));
#8193=AXIS2_PLACEMENT_3D('',#1232,#8191,#8192);
#8194=PLANE('',#8193);
#8195=ORIENTED_EDGE('',*,*,#3113,.F.);
#8196=ORIENTED_EDGE('',*,*,#8186,.F.);
#8197=ORIENTED_EDGE('',*,*,#5835,.T.);
#8198=DIRECTION('',(0,0,1));
#8199=VECTOR('',#8198,1);
#8200=LINE('',#1218,#8199);
#8201=EDGE_CURVE('',#1219,#1233,#8200,.T.);
#8202=ORIENTED_EDGE('',*,*,#8201,.T.);
#8203=EDGE_LOOP('',(#8195,#8196,#8197,#8202));
#8204=FACE_OUTER_BOUND('',#8203,.T.);
#8205=ADVANCED_FACE('',(#8204),#8194,.T.);
#8206=DIRECTION('',(0.99248,0.122409,-0));
#8207=DIRECTION('',(-0,0,-1));
#8208=AXIS2_PLACEMENT_3D('',#1222,#8206,#8207);
#8209=PLANE('',#8208);
#8210=DIRECTION('',(0,0,1));
#8211=VECTOR('',#8210,1);
#8212=LINE('',#1222,#8211);
#8213=EDGE_CURVE('',#1223,#1235,#8212,.T.);
#8214=ORIENTED_EDGE('',*,*,#8213,.T.);
#8215=ORIENTED_EDGE('',*,*,#3118,.F.);
#8216=ORIENTED_EDGE('',*,*,#8201,.F.);
#8217=ORIENTED_EDGE('',*,*,#5830,.T.);
#8218=EDGE_LOOP('',(#8214,#8215,#8216,#8217));
#8219=FACE_OUTER_BOUND('',#8218,.T.);
#8220=ADVANCED_FACE('',(#8219),#8209,.T.);
#8221=DIRECTION('',(0.985277,0.170963,-0));
#8222=DIRECTION('',(-0,0,-1));
#8223=AXIS2_PLACEMENT_3D('',#1234,#8221,#8222);
#8224=PLANE('',#8223);
#8225=ORIENTED_EDGE('',*,*,#8213,.F.);
#8226=ORIENTED_EDGE('',*,*,#5825,.T.);
#8227=DIRECTION('',(0,0,1));
#8228=VECTOR('',#8227,1);
#8229=LINE('',#1224,#8228);
#8230=EDGE_CURVE('',#1225,#1237,#8229,.T.);
#8231=ORIENTED_EDGE('',*,*,#8230,.T.);
#8232=ORIENTED_EDGE('',*,*,#3123,.F.);
#8233=EDGE_LOOP('',(#8225,#8226,#8231,#8232));
#8234=FACE_OUTER_BOUND('',#8233,.T.);
#8235=ADVANCED_FACE('',(#8234),#8224,.T.);
#8236=DIRECTION('',(0.975702,0.219102,-0));
#8237=DIRECTION('',(-0,0,-1));
#8238=AXIS2_PLACEMENT_3D('',#1236,#8236,#8237);
#8239=PLANE('',#8238);
#8240=ORIENTED_EDGE('',*,*,#8230,.F.);
#8241=ORIENTED_EDGE('',*,*,#5820,.T.);
#8242=DIRECTION('',(0,0,1));
#8243=VECTOR('',#8242,1);
#8244=LINE('',#1226,#8243);
#8245=EDGE_CURVE('',#1227,#1239,#8244,.T.);
#8246=ORIENTED_EDGE('',*,*,#8245,.T.);
#8247=ORIENTED_EDGE('',*,*,#3128,.F.);
#8248=EDGE_LOOP('',(#8240,#8241,#8246,#8247));
#8249=FACE_OUTER_BOUND('',#8248,.T.);
#8250=ADVANCED_FACE('',(#8249),#8239,.T.);
#8251=DIRECTION('',(0.870087,0.492898,-0));
#8252=DIRECTION('',(-0,0,1));
#8253=AXIS2_PLACEMENT_3D('',#1326,#8251,#8252);
#8254=PLANE('',#8253);
#8255=ORIENTED_EDGE('',*,*,#3158,.F.);
#8256=DIRECTION('',(0,0,1));
#8257=VECTOR('',#8256,1);
#8258=LINE('',#1260,#8257);
#8259=EDGE_CURVE('',#1261,#1271,#8258,.T.);
#8260=ORIENTED_EDGE('',*,*,#8259,.F.);
#8261=ORIENTED_EDGE('',*,*,#6426,.T.);
#8262=DIRECTION('',(0,0,1));
#8263=VECTOR('',#8262,1);
#8264=LINE('',#1318,#8263);
#8265=EDGE_CURVE('',#1319,#1327,#8264,.T.);
#8266=ORIENTED_EDGE('',*,*,#8265,.T.);
#8267=EDGE_LOOP('',(#8255,#8260,#8261,#8266));
#8268=FACE_OUTER_BOUND('',#8267,.T.);
#8269=ADVANCED_FACE('',(#8268),#8254,.T.);
#8270=DIRECTION('',(0.932992,0.359896,-0));
#8271=DIRECTION('',(-0,0,-1));
#8272=AXIS2_PLACEMENT_3D('',#1264,#8270,#8271);
#8273=PLANE('',#8272);
#8274=DIRECTION('',(0,0,1));
#8275=VECTOR('',#8274,1);
#8276=LINE('',#1254,#8275);
#8277=EDGE_CURVE('',#1255,#1265,#8276,.T.);
#8278=ORIENTED_EDGE('',*,*,#8277,.F.);
#8279=ORIENTED_EDGE('',*,*,#6441,.T.);
#8280=DIRECTION('',(0,0,1));
#8281=VECTOR('',#8280,1);
#8282=LINE('',#1258,#8281);
#8283=EDGE_CURVE('',#1259,#1269,#8282,.T.);
#8284=ORIENTED_EDGE('',*,*,#8283,.T.);
#8285=ORIENTED_EDGE('',*,*,#3143,.F.);
#8286=EDGE_LOOP('',(#8278,#8279,#8284,#8285));
#8287=FACE_OUTER_BOUND('',#8286,.T.);
#8288=ADVANCED_FACE('',(#8287),#8273,.T.);
#8289=DIRECTION('',(0.963776,0.266712,-0));
#8290=DIRECTION('',(-0,0,-1));
#8291=AXIS2_PLACEMENT_3D('',#1238,#8289,#8290);
#8292=PLANE('',#8291);
#8293=ORIENTED_EDGE('',*,*,#8245,.F.);
#8294=ORIENTED_EDGE('',*,*,#6451,.T.);
#8295=DIRECTION('',(0,0,1));
#8296=VECTOR('',#8295,1);
#8297=LINE('',#1252,#8296);
#8298=EDGE_CURVE('',#1253,#1263,#8297,.T.);
#8299=ORIENTED_EDGE('',*,*,#8298,.T.);
#8300=ORIENTED_EDGE('',*,*,#3133,.F.);
#8301=EDGE_LOOP('',(#8293,#8294,#8299,#8300));
#8302=FACE_OUTER_BOUND('',#8301,.T.);
#8303=ADVANCED_FACE('',(#8302),#8292,.T.);
#8304=DIRECTION('',(0.949528,0.313681,-0));
#8305=DIRECTION('',(-0,0,-1));
#8306=AXIS2_PLACEMENT_3D('',#1264,#8304,#8305);
#8307=PLANE('',#8306);
#8308=ORIENTED_EDGE('',*,*,#3138,.F.);
#8309=ORIENTED_EDGE('',*,*,#8298,.F.);
#8310=ORIENTED_EDGE('',*,*,#6446,.T.);
#8311=ORIENTED_EDGE('',*,*,#8277,.T.);
#8312=EDGE_LOOP('',(#8308,#8309,#8310,#8311));
#8313=FACE_OUTER_BOUND('',#8312,.T.);
#8314=ADVANCED_FACE('',(#8313),#8307,.T.);
#8315=DIRECTION('',(0.91421,0.405242,0));
#8316=DIRECTION('',(0,0,-1));
#8317=AXIS2_PLACEMENT_3D('',#1266,#8315,#8316);
#8318=PLANE('',#8317);
#8319=ORIENTED_EDGE('',*,*,#3148,.T.);
#8320=ORIENTED_EDGE('',*,*,#8283,.F.);
#8321=ORIENTED_EDGE('',*,*,#6436,.F.);
#8322=DIRECTION('',(0,0,1));
#8323=VECTOR('',#8322,1);
#8324=LINE('',#1256,#8323);
#8325=EDGE_CURVE('',#1257,#1267,#8324,.T.);
#8326=ORIENTED_EDGE('',*,*,#8325,.T.);
#8327=EDGE_LOOP('',(#8319,#8320,#8321,#8326));
#8328=FACE_OUTER_BOUND('',#8327,.T.);
#8329=ADVANCED_FACE('',(#8328),#8318,.T.);
#8330=DIRECTION('',(0.893224,0.449611,-0));
#8331=DIRECTION('',(-0,0,1));
#8332=AXIS2_PLACEMENT_3D('',#1256,#8330,#8331);
#8333=PLANE('',#8332);
#8334=ORIENTED_EDGE('',*,*,#6431,.T.);
#8335=ORIENTED_EDGE('',*,*,#8259,.T.);
#8336=ORIENTED_EDGE('',*,*,#3153,.F.);
#8337=ORIENTED_EDGE('',*,*,#8325,.F.);
#8338=EDGE_LOOP('',(#8334,#8335,#8336,#8337));
#8339=FACE_OUTER_BOUND('',#8338,.T.);
#8340=ADVANCED_FACE('',(#8339),#8333,.T.);
#8341=DIRECTION('',(0.724248,0.68954,-0));
#8342=DIRECTION('',(-0,0,1));
#8343=AXIS2_PLACEMENT_3D('',#1294,#8341,#8342);
#8344=PLANE('',#8343);
#8345=DIRECTION('',(0,0,1));
#8346=VECTOR('',#8345,1);
#8347=LINE('',#1288,#8346);
#8348=EDGE_CURVE('',#1289,#1295,#8347,.T.);
#8349=ORIENTED_EDGE('',*,*,#8348,.F.);
#8350=ORIENTED_EDGE('',*,*,#6401,.T.);
#8351=DIRECTION('',(0,0,1));
#8352=VECTOR('',#8351,1);
#8353=LINE('',#1290,#8352);
#8354=EDGE_CURVE('',#1291,#1297,#8353,.T.);
#8355=ORIENTED_EDGE('',*,*,#8354,.T.);
#8356=ORIENTED_EDGE('',*,*,#3183,.F.);
#8357=EDGE_LOOP('',(#8349,#8350,#8355,#8356));
#8358=FACE_OUTER_BOUND('',#8357,.T.);
#8359=ADVANCED_FACE('',(#8358),#8344,.T.);
#8360=DIRECTION('',(0.68954,0.724248,0));
#8361=DIRECTION('',(0,0,1));
#8362=AXIS2_PLACEMENT_3D('',#1290,#8360,#8361);
#8363=PLANE('',#8362);
#8364=ORIENTED_EDGE('',*,*,#6396,.F.);
#8365=DIRECTION('',(0,0,1));
#8366=VECTOR('',#8365,1);
#8367=LINE('',#1286,#8366);
#8368=EDGE_CURVE('',#1287,#1293,#8367,.T.);
#8369=ORIENTED_EDGE('',*,*,#8368,.T.);
#8370=ORIENTED_EDGE('',*,*,#3188,.T.);
#8371=ORIENTED_EDGE('',*,*,#8354,.F.);
#8372=EDGE_LOOP('',(#8364,#8369,#8370,#8371));
#8373=FACE_OUTER_BOUND('',#8372,.T.);
#8374=ADVANCED_FACE('',(#8373),#8363,.T.);
#8375=DIRECTION('',(0.534997,0.844854,0));
#8376=DIRECTION('',(0,0,1));
#8377=AXIS2_PLACEMENT_3D('',#1308,#8375,#8376);
#8378=PLANE('',#8377);
#8379=DIRECTION('',(0,0,1));
#8380=VECTOR('',#8379,1);
#8381=LINE('',#1300,#8380);
#8382=EDGE_CURVE('',#1301,#1309,#8381,.T.);
#8383=ORIENTED_EDGE('',*,*,#8382,.F.);
#8384=ORIENTED_EDGE('',*,*,#6376,.F.);
#8385=ORIENTED_EDGE('',*,*,#8145,.T.);
#8386=ORIENTED_EDGE('',*,*,#3208,.T.);
#8387=EDGE_LOOP('',(#8383,#8384,#8385,#8386));
#8388=FACE_OUTER_BOUND('',#8387,.T.);
#8389=ADVANCED_FACE('',(#8388),#8378,.T.);
#8390=DIRECTION('',(0.615232,0.788346,0));
#8391=DIRECTION('',(0,0,1));
#8392=AXIS2_PLACEMENT_3D('',#1310,#8390,#8391);
#8393=PLANE('',#8392);
#8394=ORIENTED_EDGE('',*,*,#3198,.T.);
#8395=DIRECTION('',(0,0,1));
#8396=VECTOR('',#8395,1);
#8397=LINE('',#1304,#8396);
#8398=EDGE_CURVE('',#1305,#1313,#8397,.T.);
#8399=ORIENTED_EDGE('',*,*,#8398,.F.);
#8400=ORIENTED_EDGE('',*,*,#6386,.F.);
#8401=DIRECTION('',(0,0,1));
#8402=VECTOR('',#8401,1);
#8403=LINE('',#1302,#8402);
#8404=EDGE_CURVE('',#1303,#1311,#8403,.T.);
#8405=ORIENTED_EDGE('',*,*,#8404,.T.);
#8406=EDGE_LOOP('',(#8394,#8399,#8400,#8405));
#8407=FACE_OUTER_BOUND('',#8406,.T.);
#8408=ADVANCED_FACE('',(#8407),#8393,.T.);
#8409=DIRECTION('',(0.575807,0.817585,0));
#8410=DIRECTION('',(0,0,1));
#8411=AXIS2_PLACEMENT_3D('',#1302,#8409,#8410);
#8412=PLANE('',#8411);
#8413=ORIENTED_EDGE('',*,*,#6381,.F.);
#8414=ORIENTED_EDGE('',*,*,#8382,.T.);
#8415=ORIENTED_EDGE('',*,*,#3203,.T.);
#8416=ORIENTED_EDGE('',*,*,#8404,.F.);
#8417=EDGE_LOOP('',(#8413,#8414,#8415,#8416));
#8418=FACE_OUTER_BOUND('',#8417,.T.);
#8419=ADVANCED_FACE('',(#8418),#8412,.T.);
#8420=DIRECTION('',(0.653173,0.757209,-0));
#8421=DIRECTION('',(-0,0,1));
#8422=AXIS2_PLACEMENT_3D('',#1304,#8420,#8421);
#8423=PLANE('',#8422);
#8424=ORIENTED_EDGE('',*,*,#8398,.T.);
#8425=ORIENTED_EDGE('',*,*,#3193,.F.);
#8426=ORIENTED_EDGE('',*,*,#8368,.F.);
#8427=ORIENTED_EDGE('',*,*,#6391,.T.);
#8428=EDGE_LOOP('',(#8424,#8425,#8426,#8427));
#8429=FACE_OUTER_BOUND('',#8428,.T.);
#8430=ADVANCED_FACE('',(#8429),#8423,.T.);
#8431=DIRECTION('',(0.788346,0.615232,-0));
#8432=DIRECTION('',(-0,0,1));
#8433=AXIS2_PLACEMENT_3D('',#1322,#8431,#8432);
#8434=PLANE('',#8433);
#8435=DIRECTION('',(0,0,1));
#8436=VECTOR('',#8435,1);
#8437=LINE('',#1314,#8436);
#8438=EDGE_CURVE('',#1315,#1323,#8437,.T.);
#8439=ORIENTED_EDGE('',*,*,#8438,.F.);
#8440=ORIENTED_EDGE('',*,*,#6411,.T.);
#8441=DIRECTION('',(0,0,1));
#8442=VECTOR('',#8441,1);
#8443=LINE('',#1320,#8442);
#8444=EDGE_CURVE('',#1321,#1329,#8443,.T.);
#8445=ORIENTED_EDGE('',*,*,#8444,.T.);
#8446=ORIENTED_EDGE('',*,*,#3173,.F.);
#8447=EDGE_LOOP('',(#8439,#8440,#8445,#8446));
#8448=FACE_OUTER_BOUND('',#8447,.T.);
#8449=ADVANCED_FACE('',(#8448),#8434,.T.);
#8450=DIRECTION('',(0.844854,0.534997,0));
#8451=DIRECTION('',(0,0,1));
#8452=AXIS2_PLACEMENT_3D('',#1316,#8450,#8451);
#8453=PLANE('',#8452);
#8454=DIRECTION('',(0,0,1));
#8455=VECTOR('',#8454,1);
#8456=LINE('',#1316,#8455);
#8457=EDGE_CURVE('',#1317,#1325,#8456,.T.);
#8458=ORIENTED_EDGE('',*,*,#8457,.T.);
#8459=ORIENTED_EDGE('',*,*,#3163,.T.);
#8460=ORIENTED_EDGE('',*,*,#8265,.F.);
#8461=ORIENTED_EDGE('',*,*,#6421,.F.);
#8462=EDGE_LOOP('',(#8458,#8459,#8460,#8461));
#8463=FACE_OUTER_BOUND('',#8462,.T.);
#8464=ADVANCED_FACE('',(#8463),#8453,.T.);
#8465=DIRECTION('',(0.817585,0.575807,0));
#8466=DIRECTION('',(0,0,1));
#8467=AXIS2_PLACEMENT_3D('',#1314,#8465,#8466);
#8468=PLANE('',#8467);
#8469=ORIENTED_EDGE('',*,*,#8438,.T.);
#8470=ORIENTED_EDGE('',*,*,#3168,.T.);
#8471=ORIENTED_EDGE('',*,*,#8457,.F.);
#8472=ORIENTED_EDGE('',*,*,#6416,.F.);
#8473=EDGE_LOOP('',(#8469,#8470,#8471,#8472));
#8474=FACE_OUTER_BOUND('',#8473,.T.);
#8475=ADVANCED_FACE('',(#8474),#8468,.T.);
#8476=DIRECTION('',(0.757209,0.653173,0));
#8477=DIRECTION('',(0,0,1));
#8478=AXIS2_PLACEMENT_3D('',#1294,#8476,#8477);
#8479=PLANE('',#8478);
#8480=ORIENTED_EDGE('',*,*,#3178,.T.);
#8481=ORIENTED_EDGE('',*,*,#8444,.F.);
#8482=ORIENTED_EDGE('',*,*,#6406,.F.);
#8483=ORIENTED_EDGE('',*,*,#8348,.T.);
#8484=EDGE_LOOP('',(#8480,#8481,#8482,#8483));
#8485=FACE_OUTER_BOUND('',#8484,.T.);
#8486=ADVANCED_FACE('',(#8485),#8479,.T.);
#8487=DIRECTION('',(0.903989,0.427555,0));
#8488=DIRECTION('',(0,0,-1));
#8489=AXIS2_PLACEMENT_3D('',#94,#8487,#8488);
#8490=PLANE('',#8489);
#8491=ORIENTED_EDGE('',*,*,#2345,.F.);
#8492=DIRECTION('',(0,0,1));
#8493=VECTOR('',#8492,5);
#8494=LINE('',#76,#8493);
#8495=EDGE_CURVE('',#77,#293,#8494,.T.);
#8496=ORIENTED_EDGE('',*,*,#8495,.T.);
#8497=ORIENTED_EDGE('',*,*,#3955,.T.);
#8498=DIRECTION('',(0,0,1));
#8499=VECTOR('',#8498,5);
#8500=LINE('',#94,#8499);
#8501=EDGE_CURVE('',#95,#321,#8500,.T.);
#8502=ORIENTED_EDGE('',*,*,#8501,.F.);
#8503=EDGE_LOOP('',(#8491,#8496,#8497,#8502));
#8504=FACE_OUTER_BOUND('',#8503,.T.);
#8505=ADVANCED_FACE('',(#8504),#8490,.T.);
#8506=DIRECTION('',(0.970031,0.24298,0));
#8507=DIRECTION('',(0,0,-1));
#8508=AXIS2_PLACEMENT_3D('',#78,#8506,#8507);
#8509=PLANE('',#8508);
#8510=ORIENTED_EDGE('',*,*,#2335,.T.);
#8511=DIRECTION('',(0,0,1));
#8512=VECTOR('',#8511,5);
#8513=LINE('',#80,#8512);
#8514=EDGE_CURVE('',#81,#297,#8513,.T.);
#8515=ORIENTED_EDGE('',*,*,#8514,.T.);
#8516=ORIENTED_EDGE('',*,*,#3965,.F.);
#8517=DIRECTION('',(0,0,1));
#8518=VECTOR('',#8517,5);
#8519=LINE('',#78,#8518);
#8520=EDGE_CURVE('',#79,#295,#8519,.T.);
#8521=ORIENTED_EDGE('',*,*,#8520,.F.);
#8522=EDGE_LOOP('',(#8510,#8515,#8516,#8521));
#8523=FACE_OUTER_BOUND('',#8522,.T.);
#8524=ADVANCED_FACE('',(#8523),#8509,.T.);
#8525=DIRECTION('',(0.941544,0.33689,0));
#8526=DIRECTION('',(0,0,-1));
#8527=AXIS2_PLACEMENT_3D('',#294,#8525,#8526);
#8528=PLANE('',#8527);
#8529=ORIENTED_EDGE('',*,*,#3960,.F.);
#8530=ORIENTED_EDGE('',*,*,#8495,.F.);
#8531=ORIENTED_EDGE('',*,*,#2340,.T.);
#8532=ORIENTED_EDGE('',*,*,#8520,.T.);
#8533=EDGE_LOOP('',(#8529,#8530,#8531,#8532));
#8534=FACE_OUTER_BOUND('',#8533,.T.);
#8535=ADVANCED_FACE('',(#8534),#8528,.T.);
#8536=DIRECTION('',(0.989177,0.14673,0));
#8537=DIRECTION('',(0,0,-1));
#8538=AXIS2_PLACEMENT_3D('',#298,#8536,#8537);
#8539=PLANE('',#8538);
#8540=ORIENTED_EDGE('',*,*,#3560,.F.);
#8541=ORIENTED_EDGE('',*,*,#8514,.F.);
#8542=ORIENTED_EDGE('',*,*,#2330,.T.);
#8543=DIRECTION('',(0,0,1));
#8544=VECTOR('',#8543,5);
#8545=LINE('',#82,#8544);
#8546=EDGE_CURVE('',#83,#299,#8545,.T.);
#8547=ORIENTED_EDGE('',*,*,#8546,.T.);
#8548=EDGE_LOOP('',(#8540,#8541,#8542,#8547));
#8549=FACE_OUTER_BOUND('',#8548,.T.);
#8550=ADVANCED_FACE('',(#8549),#8539,.T.);
#8551=DIRECTION('',(0.998795,0.049068,0));
#8552=DIRECTION('',(0,0,-1));
#8553=AXIS2_PLACEMENT_3D('',#298,#8551,#8552);
#8554=PLANE('',#8553);
#8555=ORIENTED_EDGE('',*,*,#8546,.F.);
#8556=ORIENTED_EDGE('',*,*,#2325,.T.);
#8557=DIRECTION('',(0,0,1));
#8558=VECTOR('',#8557,5);
#8559=LINE('',#378,#8558);
#8560=EDGE_CURVE('',#379,#563,#8559,.T.);
#8561=ORIENTED_EDGE('',*,*,#8560,.T.);
#8562=ORIENTED_EDGE('',*,*,#3565,.F.);
#8563=EDGE_LOOP('',(#8555,#8556,#8561,#8562));
#8564=FACE_OUTER_BOUND('',#8563,.T.);
#8565=ADVANCED_FACE('',(#8564),#8554,.T.);
#8566=DIRECTION('',(0.33689,0.941544,0));
#8567=DIRECTION('',(0,0,1));
#8568=AXIS2_PLACEMENT_3D('',#302,#8566,#8567);
#8569=PLANE('',#8568);
#8570=DIRECTION('',(-0.031271,0.011189,0.999448));
#8571=VECTOR('',#8570,5.00276);
#8572=LINE('',#86,#8571);
#8573=EDGE_CURVE('',#87,#303,#8572,.T.);
#8574=ORIENTED_EDGE('',*,*,#8573,.F.);
#8575=ORIENTED_EDGE('',*,*,#2385,.F.);
#8576=DIRECTION('',(0,0,1));
#8577=VECTOR('',#8576,5);
#8578=LINE('',#84,#8577);
#8579=EDGE_CURVE('',#85,#301,#8578,.T.);
#8580=ORIENTED_EDGE('',*,*,#8579,.T.);
#8581=ORIENTED_EDGE('',*,*,#3895,.T.);
#8582=EDGE_LOOP('',(#8574,#8575,#8580,#8581));
#8583=FACE_OUTER_BOUND('',#8582,.T.);
#8584=ADVANCED_FACE('',(#8583),#8569,.T.);
#8585=DIRECTION('',(0.24298,0.970031,0));
#8586=DIRECTION('',(0,0,1));
#8587=AXIS2_PLACEMENT_3D('',#86,#8585,#8586);
#8588=PLANE('',#8587);
#8589=DIRECTION('',(0,0,1));
#8590=VECTOR('',#8589,5);
#8591=LINE('',#86,#8590);
#8592=EDGE_CURVE('',#87,#305,#8591,.T.);
#8593=ORIENTED_EDGE('',*,*,#8592,.T.);
#8594=ORIENTED_EDGE('',*,*,#3880,.T.);
#8595=DIRECTION('',(0,0,1));
#8596=VECTOR('',#8595,5);
#8597=LINE('',#88,#8596);
#8598=EDGE_CURVE('',#89,#309,#8597,.T.);
#8599=ORIENTED_EDGE('',*,*,#8598,.F.);
#8600=ORIENTED_EDGE('',*,*,#2390,.F.);
#8601=EDGE_LOOP('',(#8593,#8594,#8599,#8600));
#8602=FACE_OUTER_BOUND('',#8601,.T.);
#8603=ADVANCED_FACE('',(#8602),#8588,.T.);
#8604=DIRECTION('',(0.14673,0.989177,0));
#8605=DIRECTION('',(0,0,1));
#8606=AXIS2_PLACEMENT_3D('',#308,#8604,#8605);
#8607=PLANE('',#8606);
#8608=DIRECTION('',(-0.048478,0.007191,0.998798));
#8609=VECTOR('',#8608,5.006015);
#8610=LINE('',#90,#8609);
#8611=EDGE_CURVE('',#91,#309,#8610,.T.);
#8612=ORIENTED_EDGE('',*,*,#8611,.F.);
#8613=ORIENTED_EDGE('',*,*,#2395,.F.);
#8614=ORIENTED_EDGE('',*,*,#8598,.T.);
#8615=EDGE_LOOP('',(#8612,#8613,#8614));
#8616=FACE_OUTER_BOUND('',#8615,.T.);
#8617=ADVANCED_FACE('',(#8616),#8607,.T.);
#8618=DIRECTION('',(0.049068,0.998795,-0));
#8619=DIRECTION('',(-0,0,1));
#8620=AXIS2_PLACEMENT_3D('',#314,#8618,#8619);
#8621=PLANE('',#8620);
#8622=ORIENTED_EDGE('',*,*,#3860,.T.);
#8623=DIRECTION('',(0,0,1));
#8624=VECTOR('',#8623,5);
#8625=LINE('',#692,#8624);
#8626=EDGE_CURVE('',#693,#833,#8625,.T.);
#8627=ORIENTED_EDGE('',*,*,#8626,.F.);
#8628=ORIENTED_EDGE('',*,*,#2400,.F.);
#8629=DIRECTION('',(0,0,1));
#8630=VECTOR('',#8629,5);
#8631=LINE('',#90,#8630);
#8632=EDGE_CURVE('',#91,#315,#8631,.T.);
#8633=ORIENTED_EDGE('',*,*,#8632,.T.);
#8634=EDGE_LOOP('',(#8622,#8627,#8628,#8633));
#8635=FACE_OUTER_BOUND('',#8634,.T.);
#8636=ADVANCED_FACE('',(#8635),#8621,.T.);
#8637=DIRECTION('',(0.671559,0.740951,0));
#8638=DIRECTION('',(0,0,1));
#8639=AXIS2_PLACEMENT_3D('',#318,#8637,#8638);
#8640=PLANE('',#8639);
#8641=ORIENTED_EDGE('',*,*,#3930,.T.);
#8642=DIRECTION('',(-0.000859,0.000778,0.999999));
#8643=VECTOR('',#8642,5.000003);
#8644=LINE('',#100,#8643);
#8645=EDGE_CURVE('',#101,#327,#8644,.T.);
#8646=ORIENTED_EDGE('',*,*,#8645,.F.);
#8647=ORIENTED_EDGE('',*,*,#2365,.F.);
#8648=DIRECTION('',(0.002391,-0.002167,0.999995));
#8649=VECTOR('',#8648,5.000026);
#8650=LINE('',#92,#8649);
#8651=EDGE_CURVE('',#93,#319,#8650,.T.);
#8652=ORIENTED_EDGE('',*,*,#8651,.T.);
#8653=EDGE_LOOP('',(#8641,#8646,#8647,#8652));
#8654=FACE_OUTER_BOUND('',#8653,.T.);
#8655=ADVANCED_FACE('',(#8654),#8640,.T.);
#8656=DIRECTION('',(0.803207,0.5957,0));
#8657=DIRECTION('',(0,0,1));
#8658=AXIS2_PLACEMENT_3D('',#322,#8656,#8657);
#8659=PLANE('',#8658);
#8660=ORIENTED_EDGE('',*,*,#3945,.T.);
#8661=DIRECTION('',(0,0,1));
#8662=VECTOR('',#8661,5);
#8663=LINE('',#98,#8662);
#8664=EDGE_CURVE('',#99,#325,#8663,.T.);
#8665=ORIENTED_EDGE('',*,*,#8664,.F.);
#8666=ORIENTED_EDGE('',*,*,#2355,.F.);
#8667=DIRECTION('',(0,0,1));
#8668=VECTOR('',#8667,5);
#8669=LINE('',#96,#8668);
#8670=EDGE_CURVE('',#97,#323,#8669,.T.);
#8671=ORIENTED_EDGE('',*,*,#8670,.T.);
#8672=EDGE_LOOP('',(#8660,#8665,#8666,#8671));
#8673=FACE_OUTER_BOUND('',#8672,.T.);
#8674=ADVANCED_FACE('',(#8673),#8659,.T.);
#8675=DIRECTION('',(0.857729,0.514103,0));
#8676=DIRECTION('',(0,0,1));
#8677=AXIS2_PLACEMENT_3D('',#96,#8675,#8676);
#8678=PLANE('',#8677);
#8679=ORIENTED_EDGE('',*,*,#2350,.F.);
#8680=ORIENTED_EDGE('',*,*,#8501,.T.);
#8681=ORIENTED_EDGE('',*,*,#3950,.T.);
#8682=ORIENTED_EDGE('',*,*,#8670,.F.);
#8683=EDGE_LOOP('',(#8679,#8680,#8681,#8682));
#8684=FACE_OUTER_BOUND('',#8683,.T.);
#8685=ADVANCED_FACE('',(#8684),#8678,.T.);
#8686=DIRECTION('',(0.740951,0.671559,0));
#8687=DIRECTION('',(0,0,1));
#8688=AXIS2_PLACEMENT_3D('',#324,#8686,#8687);
#8689=PLANE('',#8688);
#8690=ORIENTED_EDGE('',*,*,#3940,.F.);
#8691=DIRECTION('',(0,0,1));
#8692=VECTOR('',#8691,5);
#8693=LINE('',#92,#8692);
#8694=EDGE_CURVE('',#93,#317,#8693,.T.);
#8695=ORIENTED_EDGE('',*,*,#8694,.F.);
#8696=ORIENTED_EDGE('',*,*,#2360,.T.);
#8697=ORIENTED_EDGE('',*,*,#8664,.T.);
#8698=EDGE_LOOP('',(#8690,#8695,#8696,#8697));
#8699=FACE_OUTER_BOUND('',#8698,.T.);
#8700=ADVANCED_FACE('',(#8699),#8689,.T.);
#8701=DIRECTION('',(0.5957,0.803207,0));
#8702=DIRECTION('',(0,0,1));
#8703=AXIS2_PLACEMENT_3D('',#328,#8701,#8702);
#8704=PLANE('',#8703);
#8705=ORIENTED_EDGE('',*,*,#3920,.T.);
#8706=DIRECTION('',(0,0,1));
#8707=VECTOR('',#8706,5);
#8708=LINE('',#102,#8707);
#8709=EDGE_CURVE('',#103,#333,#8708,.T.);
#8710=ORIENTED_EDGE('',*,*,#8709,.F.);
#8711=ORIENTED_EDGE('',*,*,#2370,.F.);
#8712=DIRECTION('',(0,0,1));
#8713=VECTOR('',#8712,5);
#8714=LINE('',#100,#8713);
#8715=EDGE_CURVE('',#101,#329,#8714,.T.);
#8716=ORIENTED_EDGE('',*,*,#8715,.T.);
#8717=EDGE_LOOP('',(#8705,#8710,#8711,#8716));
#8718=FACE_OUTER_BOUND('',#8717,.T.);
#8719=ADVANCED_FACE('',(#8718),#8704,.T.);
#8720=DIRECTION('',(0.514103,0.857729,0));
#8721=DIRECTION('',(0,0,1));
#8722=AXIS2_PLACEMENT_3D('',#332,#8720,#8721);
#8723=PLANE('',#8722);
#8724=ORIENTED_EDGE('',*,*,#3915,.F.);
#8725=DIRECTION('',(-0.028401,0.017023,0.999452));
#8726=VECTOR('',#8725,5.002743);
#8727=LINE('',#104,#8726);
#8728=EDGE_CURVE('',#105,#331,#8727,.T.);
#8729=ORIENTED_EDGE('',*,*,#8728,.F.);
#8730=ORIENTED_EDGE('',*,*,#2375,.F.);
#8731=ORIENTED_EDGE('',*,*,#8709,.T.);
#8732=EDGE_LOOP('',(#8724,#8729,#8730,#8731));
#8733=FACE_OUTER_BOUND('',#8732,.T.);
#8734=ADVANCED_FACE('',(#8733),#8723,.T.);
#8735=DIRECTION('',(0.427555,0.903989,0));
#8736=DIRECTION('',(0,0,1));
#8737=AXIS2_PLACEMENT_3D('',#104,#8735,#8736);
#8738=PLANE('',#8737);
#8739=DIRECTION('',(0,0,1));
#8740=VECTOR('',#8739,5);
#8741=LINE('',#104,#8740);
#8742=EDGE_CURVE('',#105,#337,#8741,.T.);
#8743=ORIENTED_EDGE('',*,*,#8742,.T.);
#8744=ORIENTED_EDGE('',*,*,#3900,.F.);
#8745=ORIENTED_EDGE('',*,*,#8579,.F.);
#8746=ORIENTED_EDGE('',*,*,#2380,.T.);
#8747=EDGE_LOOP('',(#8743,#8744,#8745,#8746));
#8748=FACE_OUTER_BOUND('',#8747,.T.);
#8749=ADVANCED_FACE('',(#8748),#8738,.T.);
#8750=DIRECTION('',(0.336889,0.941544,-0));
#8751=DIRECTION('',(-0,0,1));
#8752=AXIS2_PLACEMENT_3D('',#306,#8750,#8751);
#8753=PLANE('',#8752);
#8754=DIRECTION('',(-0.017394,0.006224,0.999829));
#8755=VECTOR('',#8754,5.000853);
#8756=LINE('',#86,#8755);
#8757=EDGE_CURVE('',#87,#307,#8756,.T.);
#8758=ORIENTED_EDGE('',*,*,#8757,.F.);
#8759=ORIENTED_EDGE('',*,*,#8573,.T.);
#8760=ORIENTED_EDGE('',*,*,#3890,.T.);
#8761=EDGE_LOOP('',(#8758,#8759,#8760));
#8762=FACE_OUTER_BOUND('',#8761,.T.);
#8763=ADVANCED_FACE('',(#8762),#8753,.T.);
#8764=DIRECTION('',(0.336891,0.941544,0));
#8765=DIRECTION('',(0,0,1));
#8766=AXIS2_PLACEMENT_3D('',#304,#8764,#8765);
#8767=PLANE('',#8766);
#8768=ORIENTED_EDGE('',*,*,#8592,.F.);
#8769=ORIENTED_EDGE('',*,*,#8757,.T.);
#8770=ORIENTED_EDGE('',*,*,#3885,.F.);
#8771=EDGE_LOOP('',(#8768,#8769,#8770));
#8772=FACE_OUTER_BOUND('',#8771,.T.);
#8773=ADVANCED_FACE('',(#8772),#8767,.T.);
#8774=DIRECTION('',(0.146729,0.989177,-0));
#8775=DIRECTION('',(-0,0,1));
#8776=AXIS2_PLACEMENT_3D('',#90,#8774,#8775);
#8777=PLANE('',#8776);
#8778=ORIENTED_EDGE('',*,*,#8611,.T.);
#8779=ORIENTED_EDGE('',*,*,#3875,.T.);
#8780=DIRECTION('',(-0.039282,0.005827,0.999211));
#8781=VECTOR('',#8780,5.003947);
#8782=LINE('',#90,#8781);
#8783=EDGE_CURVE('',#91,#311,#8782,.T.);
#8784=ORIENTED_EDGE('',*,*,#8783,.F.);
#8785=EDGE_LOOP('',(#8778,#8779,#8784));
#8786=FACE_OUTER_BOUND('',#8785,.T.);
#8787=ADVANCED_FACE('',(#8786),#8777,.T.);
#8788=DIRECTION('',(0.146731,0.989177,-0));
#8789=DIRECTION('',(-0,0,1));
#8790=AXIS2_PLACEMENT_3D('',#90,#8788,#8789);
#8791=PLANE('',#8790);
#8792=ORIENTED_EDGE('',*,*,#8783,.T.);
#8793=ORIENTED_EDGE('',*,*,#3870,.T.);
#8794=DIRECTION('',(-0.032903,0.004881,0.999447));
#8795=VECTOR('',#8794,5.002768);
#8796=LINE('',#90,#8795);
#8797=EDGE_CURVE('',#91,#313,#8796,.T.);
#8798=ORIENTED_EDGE('',*,*,#8797,.F.);
#8799=EDGE_LOOP('',(#8792,#8793,#8798));
#8800=FACE_OUTER_BOUND('',#8799,.T.);
#8801=ADVANCED_FACE('',(#8800),#8791,.T.);
#8802=DIRECTION('',(0.146731,0.989176,-0));
#8803=DIRECTION('',(-0,0,1));
#8804=AXIS2_PLACEMENT_3D('',#314,#8802,#8803);
#8805=PLANE('',#8804);
#8806=ORIENTED_EDGE('',*,*,#8632,.F.);
#8807=ORIENTED_EDGE('',*,*,#8797,.T.);
#8808=ORIENTED_EDGE('',*,*,#3865,.T.);
#8809=EDGE_LOOP('',(#8806,#8807,#8808));
#8810=FACE_OUTER_BOUND('',#8809,.T.);
#8811=ADVANCED_FACE('',(#8810),#8805,.T.);
#8812=DIRECTION('',(0.67156,0.74095,0));
#8813=DIRECTION('',(0,0,1));
#8814=AXIS2_PLACEMENT_3D('',#92,#8812,#8813);
#8815=PLANE('',#8814);
#8816=ORIENTED_EDGE('',*,*,#8694,.T.);
#8817=ORIENTED_EDGE('',*,*,#3935,.T.);
#8818=ORIENTED_EDGE('',*,*,#8651,.F.);
#8819=EDGE_LOOP('',(#8816,#8817,#8818));
#8820=FACE_OUTER_BOUND('',#8819,.T.);
#8821=ADVANCED_FACE('',(#8820),#8815,.T.);
#8822=DIRECTION('',(0.671555,0.740955,0));
#8823=DIRECTION('',(0,0,1));
#8824=AXIS2_PLACEMENT_3D('',#100,#8822,#8823);
#8825=PLANE('',#8824);
#8826=ORIENTED_EDGE('',*,*,#8645,.T.);
#8827=ORIENTED_EDGE('',*,*,#3925,.T.);
#8828=ORIENTED_EDGE('',*,*,#8715,.F.);
#8829=EDGE_LOOP('',(#8826,#8827,#8828));
#8830=FACE_OUTER_BOUND('',#8829,.T.);
#8831=ADVANCED_FACE('',(#8830),#8825,.T.);
#8832=DIRECTION('',(0.514103,0.857728,0));
#8833=DIRECTION('',(0,0,1));
#8834=AXIS2_PLACEMENT_3D('',#334,#8832,#8833);
#8835=PLANE('',#8834);
#8836=DIRECTION('',(-0.003483,0.002088,0.999992));
#8837=VECTOR('',#8836,5.000041);
#8838=LINE('',#104,#8837);
#8839=EDGE_CURVE('',#105,#335,#8838,.T.);
#8840=ORIENTED_EDGE('',*,*,#8839,.F.);
#8841=ORIENTED_EDGE('',*,*,#8728,.T.);
#8842=ORIENTED_EDGE('',*,*,#3910,.T.);
#8843=EDGE_LOOP('',(#8840,#8841,#8842));
#8844=FACE_OUTER_BOUND('',#8843,.T.);
#8845=ADVANCED_FACE('',(#8844),#8835,.T.);
#8846=DIRECTION('',(0.514102,0.857729,0));
#8847=DIRECTION('',(0,0,1));
#8848=AXIS2_PLACEMENT_3D('',#104,#8846,#8847);
#8849=PLANE('',#8848);
#8850=ORIENTED_EDGE('',*,*,#8839,.T.);
#8851=ORIENTED_EDGE('',*,*,#3905,.T.);
#8852=ORIENTED_EDGE('',*,*,#8742,.F.);
#8853=EDGE_LOOP('',(#8850,#8851,#8852));
#8854=FACE_OUTER_BOUND('',#8853,.T.);
#8855=ADVANCED_FACE('',(#8854),#8849,.T.);
#8856=DIRECTION('',(0.998795,-0.049068,0));
#8857=DIRECTION('',(0,0,-1));
#8858=AXIS2_PLACEMENT_3D('',#378,#8856,#8857);
#8859=PLANE('',#8858);
#8860=ORIENTED_EDGE('',*,*,#2320,.T.);
#8861=DIRECTION('',(0,0,1));
#8862=VECTOR('',#8861,5);
#8863=LINE('',#380,#8862);
#8864=EDGE_CURVE('',#381,#565,#8863,.T.);
#8865=ORIENTED_EDGE('',*,*,#8864,.T.);
#8866=ORIENTED_EDGE('',*,*,#3570,.F.);
#8867=ORIENTED_EDGE('',*,*,#8560,.F.);
#8868=EDGE_LOOP('',(#8860,#8865,#8866,#8867));
#8869=FACE_OUTER_BOUND('',#8868,.T.);
#8870=ADVANCED_FACE('',(#8869),#8859,.T.);
#8871=DIRECTION('',(0.989177,-0.14673,0));
#8872=DIRECTION('',(0,0,-1));
#8873=AXIS2_PLACEMENT_3D('',#566,#8871,#8872);
#8874=PLANE('',#8873);
#8875=ORIENTED_EDGE('',*,*,#3575,.F.);
#8876=ORIENTED_EDGE('',*,*,#8864,.F.);
#8877=ORIENTED_EDGE('',*,*,#2315,.T.);
#8878=DIRECTION('',(0,0,1));
#8879=VECTOR('',#8878,5);
#8880=LINE('',#382,#8879);
#8881=EDGE_CURVE('',#383,#567,#8880,.T.);
#8882=ORIENTED_EDGE('',*,*,#8881,.T.);
#8883=EDGE_LOOP('',(#8875,#8876,#8877,#8882));
#8884=FACE_OUTER_BOUND('',#8883,.T.);
#8885=ADVANCED_FACE('',(#8884),#8874,.T.);
#8886=DIRECTION('',(0.970031,-0.24298,0));
#8887=DIRECTION('',(0,0,-1));
#8888=AXIS2_PLACEMENT_3D('',#566,#8886,#8887);
#8889=PLANE('',#8888);
#8890=ORIENTED_EDGE('',*,*,#8881,.F.);
#8891=ORIENTED_EDGE('',*,*,#2310,.T.);
#8892=DIRECTION('',(0,0,1));
#8893=VECTOR('',#8892,5);
#8894=LINE('',#384,#8893);
#8895=EDGE_CURVE('',#385,#569,#8894,.T.);
#8896=ORIENTED_EDGE('',*,*,#8895,.T.);
#8897=ORIENTED_EDGE('',*,*,#3580,.F.);
#8898=EDGE_LOOP('',(#8890,#8891,#8896,#8897));
#8899=FACE_OUTER_BOUND('',#8898,.T.);
#8900=ADVANCED_FACE('',(#8899),#8889,.T.);
#8901=DIRECTION('',(0.941544,-0.33689,0));
#8902=DIRECTION('',(0,0,-1));
#8903=AXIS2_PLACEMENT_3D('',#384,#8901,#8902);
#8904=PLANE('',#8903);
#8905=ORIENTED_EDGE('',*,*,#2305,.T.);
#8906=DIRECTION('',(0,0,1));
#8907=VECTOR('',#8906,5);
#8908=LINE('',#386,#8907);
#8909=EDGE_CURVE('',#387,#571,#8908,.T.);
#8910=ORIENTED_EDGE('',*,*,#8909,.T.);
#8911=ORIENTED_EDGE('',*,*,#3585,.F.);
#8912=ORIENTED_EDGE('',*,*,#8895,.F.);
#8913=EDGE_LOOP('',(#8905,#8910,#8911,#8912));
#8914=FACE_OUTER_BOUND('',#8913,.T.);
#8915=ADVANCED_FACE('',(#8914),#8904,.T.);
#8916=DIRECTION('',(0.903989,-0.427555,0));
#8917=DIRECTION('',(0,0,-1));
#8918=AXIS2_PLACEMENT_3D('',#570,#8916,#8917);
#8919=PLANE('',#8918);
#8920=ORIENTED_EDGE('',*,*,#8909,.F.);
#8921=ORIENTED_EDGE('',*,*,#2300,.T.);
#8922=DIRECTION('',(0,0,1));
#8923=VECTOR('',#8922,5);
#8924=LINE('',#388,#8923);
#8925=EDGE_CURVE('',#389,#573,#8924,.T.);
#8926=ORIENTED_EDGE('',*,*,#8925,.T.);
#8927=ORIENTED_EDGE('',*,*,#3590,.F.);
#8928=EDGE_LOOP('',(#8920,#8921,#8926,#8927));
#8929=FACE_OUTER_BOUND('',#8928,.T.);
#8930=ADVANCED_FACE('',(#8929),#8919,.T.);
#8931=DIRECTION('',(0.857729,-0.514103,0));
#8932=DIRECTION('',(0,0,-1));
#8933=AXIS2_PLACEMENT_3D('',#390,#8931,#8932);
#8934=PLANE('',#8933);
#8935=DIRECTION('',(0,0,1));
#8936=VECTOR('',#8935,5);
#8937=LINE('',#390,#8936);
#8938=EDGE_CURVE('',#391,#575,#8937,.T.);
#8939=ORIENTED_EDGE('',*,*,#8938,.T.);
#8940=ORIENTED_EDGE('',*,*,#3595,.F.);
#8941=ORIENTED_EDGE('',*,*,#8925,.F.);
#8942=ORIENTED_EDGE('',*,*,#2295,.T.);
#8943=EDGE_LOOP('',(#8939,#8940,#8941,#8942));
#8944=FACE_OUTER_BOUND('',#8943,.T.);
#8945=ADVANCED_FACE('',(#8944),#8934,.T.);
#8946=DIRECTION('',(0.803207,-0.5957,0));
#8947=DIRECTION('',(0,0,-1));
#8948=AXIS2_PLACEMENT_3D('',#392,#8946,#8947);
#8949=PLANE('',#8948);
#8950=DIRECTION('',(0,0,1));
#8951=VECTOR('',#8950,5);
#8952=LINE('',#392,#8951);
#8953=EDGE_CURVE('',#393,#577,#8952,.T.);
#8954=ORIENTED_EDGE('',*,*,#8953,.T.);
#8955=ORIENTED_EDGE('',*,*,#3600,.F.);
#8956=ORIENTED_EDGE('',*,*,#8938,.F.);
#8957=ORIENTED_EDGE('',*,*,#2290,.T.);
#8958=EDGE_LOOP('',(#8954,#8955,#8956,#8957));
#8959=FACE_OUTER_BOUND('',#8958,.T.);
#8960=ADVANCED_FACE('',(#8959),#8949,.T.);
#8961=DIRECTION('',(0.740951,-0.671559,0));
#8962=DIRECTION('',(0,0,-1));
#8963=AXIS2_PLACEMENT_3D('',#392,#8961,#8962);
#8964=PLANE('',#8963);
#8965=ORIENTED_EDGE('',*,*,#2285,.T.);
#8966=DIRECTION('',(0,0,1));
#8967=VECTOR('',#8966,5);
#8968=LINE('',#394,#8967);
#8969=EDGE_CURVE('',#395,#579,#8968,.T.);
#8970=ORIENTED_EDGE('',*,*,#8969,.T.);
#8971=ORIENTED_EDGE('',*,*,#3605,.F.);
#8972=ORIENTED_EDGE('',*,*,#8953,.F.);
#8973=EDGE_LOOP('',(#8965,#8970,#8971,#8972));
#8974=FACE_OUTER_BOUND('',#8973,.T.);
#8975=ADVANCED_FACE('',(#8974),#8964,.T.);
#8976=DIRECTION('',(0.671559,-0.740951,0));
#8977=DIRECTION('',(0,0,-1));
#8978=AXIS2_PLACEMENT_3D('',#580,#8976,#8977);
#8979=PLANE('',#8978);
#8980=ORIENTED_EDGE('',*,*,#3610,.F.);
#8981=ORIENTED_EDGE('',*,*,#8969,.F.);
#8982=ORIENTED_EDGE('',*,*,#2280,.T.);
#8983=DIRECTION('',(0,0,1));
#8984=VECTOR('',#8983,5);
#8985=LINE('',#396,#8984);
#8986=EDGE_CURVE('',#397,#581,#8985,.T.);
#8987=ORIENTED_EDGE('',*,*,#8986,.T.);
#8988=EDGE_LOOP('',(#8980,#8981,#8982,#8987));
#8989=FACE_OUTER_BOUND('',#8988,.T.);
#8990=ADVANCED_FACE('',(#8989),#8979,.T.);
#8991=DIRECTION('',(0.5957,-0.803207,0));
#8992=DIRECTION('',(0,0,-1));
#8993=AXIS2_PLACEMENT_3D('',#580,#8991,#8992);
#8994=PLANE('',#8993);
#8995=ORIENTED_EDGE('',*,*,#8986,.F.);
#8996=ORIENTED_EDGE('',*,*,#2275,.T.);
#8997=DIRECTION('',(0,0,1));
#8998=VECTOR('',#8997,5);
#8999=LINE('',#398,#8998);
#9000=EDGE_CURVE('',#399,#583,#8999,.T.);
#9001=ORIENTED_EDGE('',*,*,#9000,.T.);
#9002=ORIENTED_EDGE('',*,*,#3615,.F.);
#9003=EDGE_LOOP('',(#8995,#8996,#9001,#9002));
#9004=FACE_OUTER_BOUND('',#9003,.T.);
#9005=ADVANCED_FACE('',(#9004),#8994,.T.);
#9006=DIRECTION('',(0.514103,-0.857729,0));
#9007=DIRECTION('',(0,0,-1));
#9008=AXIS2_PLACEMENT_3D('',#400,#9006,#9007);
#9009=PLANE('',#9008);
#9010=DIRECTION('',(0,0,1));
#9011=VECTOR('',#9010,5);
#9012=LINE('',#400,#9011);
#9013=EDGE_CURVE('',#401,#585,#9012,.T.);
#9014=ORIENTED_EDGE('',*,*,#9013,.T.);
#9015=ORIENTED_EDGE('',*,*,#3620,.F.);
#9016=ORIENTED_EDGE('',*,*,#9000,.F.);
#9017=ORIENTED_EDGE('',*,*,#2270,.T.);
#9018=EDGE_LOOP('',(#9014,#9015,#9016,#9017));
#9019=FACE_OUTER_BOUND('',#9018,.T.);
#9020=ADVANCED_FACE('',(#9019),#9009,.T.);
#9021=DIRECTION('',(0.427555,-0.903989,0));
#9022=DIRECTION('',(0,0,-1));
#9023=AXIS2_PLACEMENT_3D('',#586,#9021,#9022);
#9024=PLANE('',#9023);
#9025=ORIENTED_EDGE('',*,*,#3625,.F.);
#9026=ORIENTED_EDGE('',*,*,#9013,.F.);
#9027=ORIENTED_EDGE('',*,*,#2265,.T.);
#9028=DIRECTION('',(0,0,1));
#9029=VECTOR('',#9028,5);
#9030=LINE('',#402,#9029);
#9031=EDGE_CURVE('',#403,#587,#9030,.T.);
#9032=ORIENTED_EDGE('',*,*,#9031,.T.);
#9033=EDGE_LOOP('',(#9025,#9026,#9027,#9032));
#9034=FACE_OUTER_BOUND('',#9033,.T.);
#9035=ADVANCED_FACE('',(#9034),#9024,.T.);
#9036=DIRECTION('',(0.33689,-0.941544,0));
#9037=DIRECTION('',(0,0,-1));
#9038=AXIS2_PLACEMENT_3D('',#402,#9036,#9037);
#9039=PLANE('',#9038);
#9040=ORIENTED_EDGE('',*,*,#2260,.T.);
#9041=DIRECTION('',(0,0,1));
#9042=VECTOR('',#9041,5);
#9043=LINE('',#404,#9042);
#9044=EDGE_CURVE('',#405,#593,#9043,.T.);
#9045=ORIENTED_EDGE('',*,*,#9044,.T.);
#9046=ORIENTED_EDGE('',*,*,#3640,.F.);
#9047=DIRECTION('',(0.018476,0.006611,0.999807));
#9048=VECTOR('',#9047,5.000963);
#9049=LINE('',#402,#9048);
#9050=EDGE_CURVE('',#403,#591,#9049,.T.);
#9051=ORIENTED_EDGE('',*,*,#9050,.F.);
#9052=EDGE_LOOP('',(#9040,#9045,#9046,#9051));
#9053=FACE_OUTER_BOUND('',#9052,.T.);
#9054=ADVANCED_FACE('',(#9053),#9039,.T.);
#9055=DIRECTION('',(0.33689,-0.941544,0));
#9056=DIRECTION('',(0,0,-1));
#9057=AXIS2_PLACEMENT_3D('',#586,#9055,#9056);
#9058=PLANE('',#9057);
#9059=ORIENTED_EDGE('',*,*,#9031,.F.);
#9060=DIRECTION('',(0.014909,0.005335,0.999875));
#9061=VECTOR('',#9060,5.000627);
#9062=LINE('',#402,#9061);
#9063=EDGE_CURVE('',#403,#589,#9062,.T.);
#9064=ORIENTED_EDGE('',*,*,#9063,.T.);
#9065=ORIENTED_EDGE('',*,*,#3630,.F.);
#9066=EDGE_LOOP('',(#9059,#9064,#9065));
#9067=FACE_OUTER_BOUND('',#9066,.T.);
#9068=ADVANCED_FACE('',(#9067),#9058,.T.);
#9069=DIRECTION('',(0.24298,-0.970031,0));
#9070=DIRECTION('',(0,0,-1));
#9071=AXIS2_PLACEMENT_3D('',#592,#9069,#9070);
#9072=PLANE('',#9071);
#9073=ORIENTED_EDGE('',*,*,#9044,.F.);
#9074=ORIENTED_EDGE('',*,*,#2255,.T.);
#9075=DIRECTION('',(0,0,1));
#9076=VECTOR('',#9075,5);
#9077=LINE('',#406,#9076);
#9078=EDGE_CURVE('',#407,#595,#9077,.T.);
#9079=ORIENTED_EDGE('',*,*,#9078,.T.);
#9080=ORIENTED_EDGE('',*,*,#3645,.F.);
#9081=EDGE_LOOP('',(#9073,#9074,#9079,#9080));
#9082=FACE_OUTER_BOUND('',#9081,.T.);
#9083=ADVANCED_FACE('',(#9082),#9072,.T.);
#9084=DIRECTION('',(0.14673,-0.989177,0));
#9085=DIRECTION('',(0,0,-1));
#9086=AXIS2_PLACEMENT_3D('',#600,#9084,#9085);
#9087=PLANE('',#9086);
#9088=DIRECTION('',(0.048478,0.007191,0.998798));
#9089=VECTOR('',#9088,5.006015);
#9090=LINE('',#406,#9089);
#9091=EDGE_CURVE('',#407,#601,#9090,.T.);
#9092=ORIENTED_EDGE('',*,*,#9091,.F.);
#9093=ORIENTED_EDGE('',*,*,#2250,.T.);
#9094=DIRECTION('',(0,0,1));
#9095=VECTOR('',#9094,5);
#9096=LINE('',#408,#9095);
#9097=EDGE_CURVE('',#409,#601,#9096,.T.);
#9098=ORIENTED_EDGE('',*,*,#9097,.T.);
#9099=EDGE_LOOP('',(#9092,#9093,#9098));
#9100=FACE_OUTER_BOUND('',#9099,.T.);
#9101=ADVANCED_FACE('',(#9100),#9087,.T.);
#9102=DIRECTION('',(0.049068,-0.998795,0));
#9103=DIRECTION('',(0,0,-1));
#9104=AXIS2_PLACEMENT_3D('',#600,#9102,#9103);
#9105=PLANE('',#9104);
#9106=ORIENTED_EDGE('',*,*,#9097,.F.);
#9107=ORIENTED_EDGE('',*,*,#2245,.T.);
#9108=DIRECTION('',(0,0,1));
#9109=VECTOR('',#9108,5);
#9110=LINE('',#1008,#9109);
#9111=EDGE_CURVE('',#1009,#1113,#9110,.T.);
#9112=ORIENTED_EDGE('',*,*,#9111,.T.);
#9113=ORIENTED_EDGE('',*,*,#3665,.F.);
#9114=EDGE_LOOP('',(#9106,#9107,#9112,#9113));
#9115=FACE_OUTER_BOUND('',#9114,.T.);
#9116=ADVANCED_FACE('',(#9115),#9105,.T.);
#9117=DIRECTION('',(0.336895,-0.941542,-0));
#9118=DIRECTION('',(0,0,-1));
#9119=AXIS2_PLACEMENT_3D('',#402,#9117,#9118);
#9120=PLANE('',#9119);
#9121=ORIENTED_EDGE('',*,*,#9050,.T.);
#9122=ORIENTED_EDGE('',*,*,#3635,.F.);
#9123=ORIENTED_EDGE('',*,*,#9063,.F.);
#9124=EDGE_LOOP('',(#9121,#9122,#9123));
#9125=FACE_OUTER_BOUND('',#9124,.T.);
#9126=ADVANCED_FACE('',(#9125),#9120,.T.);
#9127=DIRECTION('',(0.146729,-0.989177,0));
#9128=DIRECTION('',(0,0,-1));
#9129=AXIS2_PLACEMENT_3D('',#406,#9127,#9128);
#9130=PLANE('',#9129);
#9131=DIRECTION('',(0.009223,0.001368,0.999957));
#9132=VECTOR('',#9131,5.000217);
#9133=LINE('',#406,#9132);
#9134=EDGE_CURVE('',#407,#597,#9133,.T.);
#9135=ORIENTED_EDGE('',*,*,#9134,.T.);
#9136=ORIENTED_EDGE('',*,*,#3650,.F.);
#9137=ORIENTED_EDGE('',*,*,#9078,.F.);
#9138=EDGE_LOOP('',(#9135,#9136,#9137));
#9139=FACE_OUTER_BOUND('',#9138,.T.);
#9140=ADVANCED_FACE('',(#9139),#9130,.T.);
#9141=DIRECTION('',(0.146731,-0.989176,-0));
#9142=DIRECTION('',(0,0,-1));
#9143=AXIS2_PLACEMENT_3D('',#598,#9141,#9142);
#9144=PLANE('',#9143);
#9145=ORIENTED_EDGE('',*,*,#3655,.F.);
#9146=ORIENTED_EDGE('',*,*,#9134,.F.);
#9147=ORIENTED_EDGE('',*,*,#9091,.T.);
#9148=ORIENTED_EDGE('',*,*,#3660,.F.);
#9149=EDGE_LOOP('',(#9145,#9146,#9147,#9148));
#9150=FACE_OUTER_BOUND('',#9149,.T.);
#9151=ADVANCED_FACE('',(#9150),#9144,.T.);
#9152=DIRECTION('',(-0.049068,0.998795,0));
#9153=DIRECTION('',(0,-0,1));
#9154=AXIS2_PLACEMENT_3D('',#834,#9152,#9153);
#9155=PLANE('',#9154);
#9156=DIRECTION('',(0,0,1));
#9157=VECTOR('',#9156,5);
#9158=LINE('',#694,#9157);
#9159=EDGE_CURVE('',#695,#835,#9158,.T.);
#9160=ORIENTED_EDGE('',*,*,#9159,.F.);
#9161=ORIENTED_EDGE('',*,*,#2405,.F.);
#9162=ORIENTED_EDGE('',*,*,#8626,.T.);
#9163=ORIENTED_EDGE('',*,*,#3855,.T.);
#9164=EDGE_LOOP('',(#9160,#9161,#9162,#9163));
#9165=FACE_OUTER_BOUND('',#9164,.T.);
#9166=ADVANCED_FACE('',(#9165),#9155,.T.);
#9167=DIRECTION('',(-0.14673,0.989177,0));
#9168=DIRECTION('',(0,-0,1));
#9169=AXIS2_PLACEMENT_3D('',#696,#9167,#9168);
#9170=PLANE('',#9169);
#9171=ORIENTED_EDGE('',*,*,#2410,.F.);
#9172=ORIENTED_EDGE('',*,*,#9159,.T.);
#9173=ORIENTED_EDGE('',*,*,#3850,.T.);
#9174=DIRECTION('',(0,0,1));
#9175=VECTOR('',#9174,5);
#9176=LINE('',#696,#9175);
#9177=EDGE_CURVE('',#697,#837,#9176,.T.);
#9178=ORIENTED_EDGE('',*,*,#9177,.F.);
#9179=EDGE_LOOP('',(#9171,#9172,#9173,#9178));
#9180=FACE_OUTER_BOUND('',#9179,.T.);
#9181=ADVANCED_FACE('',(#9180),#9170,.T.);
#9182=DIRECTION('',(-0.24298,0.970031,0));
#9183=DIRECTION('',(0,-0,1));
#9184=AXIS2_PLACEMENT_3D('',#696,#9182,#9183);
#9185=PLANE('',#9184);
#9186=ORIENTED_EDGE('',*,*,#9177,.T.);
#9187=ORIENTED_EDGE('',*,*,#3845,.T.);
#9188=DIRECTION('',(0,0,1));
#9189=VECTOR('',#9188,5);
#9190=LINE('',#698,#9189);
#9191=EDGE_CURVE('',#699,#839,#9190,.T.);
#9192=ORIENTED_EDGE('',*,*,#9191,.F.);
#9193=ORIENTED_EDGE('',*,*,#2415,.F.);
#9194=EDGE_LOOP('',(#9186,#9187,#9192,#9193));
#9195=FACE_OUTER_BOUND('',#9194,.T.);
#9196=ADVANCED_FACE('',(#9195),#9185,.T.);
#9197=DIRECTION('',(-0.33689,0.941544,0));
#9198=DIRECTION('',(0,-0,1));
#9199=AXIS2_PLACEMENT_3D('',#838,#9197,#9198);
#9200=PLANE('',#9199);
#9201=ORIENTED_EDGE('',*,*,#3840,.T.);
#9202=DIRECTION('',(0,0,1));
#9203=VECTOR('',#9202,5);
#9204=LINE('',#700,#9203);
#9205=EDGE_CURVE('',#701,#841,#9204,.T.);
#9206=ORIENTED_EDGE('',*,*,#9205,.F.);
#9207=ORIENTED_EDGE('',*,*,#2420,.F.);
#9208=ORIENTED_EDGE('',*,*,#9191,.T.);
#9209=EDGE_LOOP('',(#9201,#9206,#9207,#9208));
#9210=FACE_OUTER_BOUND('',#9209,.T.);
#9211=ADVANCED_FACE('',(#9210),#9200,.T.);
#9212=DIRECTION('',(-0.427555,0.903989,0));
#9213=DIRECTION('',(0,-0,1));
#9214=AXIS2_PLACEMENT_3D('',#842,#9212,#9213);
#9215=PLANE('',#9214);
#9216=DIRECTION('',(0,0,1));
#9217=VECTOR('',#9216,5);
#9218=LINE('',#702,#9217);
#9219=EDGE_CURVE('',#703,#843,#9218,.T.);
#9220=ORIENTED_EDGE('',*,*,#9219,.F.);
#9221=ORIENTED_EDGE('',*,*,#2425,.F.);
#9222=ORIENTED_EDGE('',*,*,#9205,.T.);
#9223=ORIENTED_EDGE('',*,*,#3835,.T.);
#9224=EDGE_LOOP('',(#9220,#9221,#9222,#9223));
#9225=FACE_OUTER_BOUND('',#9224,.T.);
#9226=ADVANCED_FACE('',(#9225),#9215,.T.);
#9227=DIRECTION('',(-0.514103,0.857729,0));
#9228=DIRECTION('',(0,-0,1));
#9229=AXIS2_PLACEMENT_3D('',#704,#9227,#9228);
#9230=PLANE('',#9229);
#9231=ORIENTED_EDGE('',*,*,#2430,.F.);
#9232=ORIENTED_EDGE('',*,*,#9219,.T.);
#9233=ORIENTED_EDGE('',*,*,#3830,.T.);
#9234=DIRECTION('',(0,0,1));
#9235=VECTOR('',#9234,5);
#9236=LINE('',#704,#9235);
#9237=EDGE_CURVE('',#705,#845,#9236,.T.);
#9238=ORIENTED_EDGE('',*,*,#9237,.F.);
#9239=EDGE_LOOP('',(#9231,#9232,#9233,#9238));
#9240=FACE_OUTER_BOUND('',#9239,.T.);
#9241=ADVANCED_FACE('',(#9240),#9230,.T.);
#9242=DIRECTION('',(-0.5957,0.803207,0));
#9243=DIRECTION('',(0,-0,1));
#9244=AXIS2_PLACEMENT_3D('',#704,#9242,#9243);
#9245=PLANE('',#9244);
#9246=ORIENTED_EDGE('',*,*,#9237,.T.);
#9247=ORIENTED_EDGE('',*,*,#3825,.T.);
#9248=DIRECTION('',(0,0,1));
#9249=VECTOR('',#9248,5);
#9250=LINE('',#706,#9249);
#9251=EDGE_CURVE('',#707,#847,#9250,.T.);
#9252=ORIENTED_EDGE('',*,*,#9251,.F.);
#9253=ORIENTED_EDGE('',*,*,#2435,.F.);
#9254=EDGE_LOOP('',(#9246,#9247,#9252,#9253));
#9255=FACE_OUTER_BOUND('',#9254,.T.);
#9256=ADVANCED_FACE('',(#9255),#9245,.T.);
#9257=DIRECTION('',(-0.671559,0.740951,0));
#9258=DIRECTION('',(0,-0,1));
#9259=AXIS2_PLACEMENT_3D('',#848,#9257,#9258);
#9260=PLANE('',#9259);
#9261=DIRECTION('',(-0.002391,-0.002167,0.999995));
#9262=VECTOR('',#9261,5.000026);
#9263=LINE('',#708,#9262);
#9264=EDGE_CURVE('',#709,#849,#9263,.T.);
#9265=ORIENTED_EDGE('',*,*,#9264,.F.);
#9266=ORIENTED_EDGE('',*,*,#2440,.F.);
#9267=ORIENTED_EDGE('',*,*,#9251,.T.);
#9268=ORIENTED_EDGE('',*,*,#3820,.T.);
#9269=EDGE_LOOP('',(#9265,#9266,#9267,#9268));
#9270=FACE_OUTER_BOUND('',#9269,.T.);
#9271=ADVANCED_FACE('',(#9270),#9260,.T.);
#9272=DIRECTION('',(-0.740951,0.671559,0));
#9273=DIRECTION('',(0,-0,1));
#9274=AXIS2_PLACEMENT_3D('',#710,#9272,#9273);
#9275=PLANE('',#9274);
#9276=ORIENTED_EDGE('',*,*,#2445,.F.);
#9277=DIRECTION('',(0,0,1));
#9278=VECTOR('',#9277,5);
#9279=LINE('',#708,#9278);
#9280=EDGE_CURVE('',#709,#851,#9279,.T.);
#9281=ORIENTED_EDGE('',*,*,#9280,.T.);
#9282=ORIENTED_EDGE('',*,*,#3810,.T.);
#9283=DIRECTION('',(-0.000112,-0.000123,1));
#9284=VECTOR('',#9283,5);
#9285=LINE('',#710,#9284);
#9286=EDGE_CURVE('',#711,#853,#9285,.T.);
#9287=ORIENTED_EDGE('',*,*,#9286,.F.);
#9288=EDGE_LOOP('',(#9276,#9281,#9282,#9287));
#9289=FACE_OUTER_BOUND('',#9288,.T.);
#9290=ADVANCED_FACE('',(#9289),#9275,.T.);
#9291=DIRECTION('',(-0.803207,0.5957,0));
#9292=DIRECTION('',(0,-0,1));
#9293=AXIS2_PLACEMENT_3D('',#710,#9291,#9292);
#9294=PLANE('',#9293);
#9295=DIRECTION('',(0,0,1));
#9296=VECTOR('',#9295,5);
#9297=LINE('',#710,#9296);
#9298=EDGE_CURVE('',#711,#855,#9297,.T.);
#9299=ORIENTED_EDGE('',*,*,#9298,.T.);
#9300=ORIENTED_EDGE('',*,*,#3800,.T.);
#9301=DIRECTION('',(0,0,1));
#9302=VECTOR('',#9301,5);
#9303=LINE('',#712,#9302);
#9304=EDGE_CURVE('',#713,#857,#9303,.T.);
#9305=ORIENTED_EDGE('',*,*,#9304,.F.);
#9306=ORIENTED_EDGE('',*,*,#2450,.F.);
#9307=EDGE_LOOP('',(#9299,#9300,#9305,#9306));
#9308=FACE_OUTER_BOUND('',#9307,.T.);
#9309=ADVANCED_FACE('',(#9308),#9294,.T.);
#9310=DIRECTION('',(-0.857729,0.514103,0));
#9311=DIRECTION('',(0,-0,1));
#9312=AXIS2_PLACEMENT_3D('',#714,#9310,#9311);
#9313=PLANE('',#9312);
#9314=ORIENTED_EDGE('',*,*,#2135,.F.);
#9315=ORIENTED_EDGE('',*,*,#9304,.T.);
#9316=DIRECTION('',(-0.025196,-0.042036,0.998798));
#9317=VECTOR('',#9316,5.006015);
#9318=LINE('',#714,#9317);
#9319=EDGE_CURVE('',#715,#857,#9318,.T.);
#9320=ORIENTED_EDGE('',*,*,#9319,.F.);
#9321=EDGE_LOOP('',(#9314,#9315,#9320));
#9322=FACE_OUTER_BOUND('',#9321,.T.);
#9323=ADVANCED_FACE('',(#9322),#9313,.T.);
#9324=DIRECTION('',(-0.903989,0.427555,0));
#9325=DIRECTION('',(0,-0,1));
#9326=AXIS2_PLACEMENT_3D('',#862,#9324,#9325);
#9327=PLANE('',#9326);
#9328=DIRECTION('',(-0.008452,-0.017871,0.999805));
#9329=VECTOR('',#9328,5.000977);
#9330=LINE('',#716,#9329);
#9331=EDGE_CURVE('',#717,#863,#9330,.T.);
#9332=ORIENTED_EDGE('',*,*,#9331,.F.);
#9333=ORIENTED_EDGE('',*,*,#2140,.F.);
#9334=DIRECTION('',(0,0,1));
#9335=VECTOR('',#9334,5);
#9336=LINE('',#714,#9335);
#9337=EDGE_CURVE('',#715,#861,#9336,.T.);
#9338=ORIENTED_EDGE('',*,*,#9337,.T.);
#9339=ORIENTED_EDGE('',*,*,#3785,.T.);
#9340=EDGE_LOOP('',(#9332,#9333,#9338,#9339));
#9341=FACE_OUTER_BOUND('',#9340,.T.);
#9342=ADVANCED_FACE('',(#9341),#9327,.T.);
#9343=DIRECTION('',(-0.941544,0.33689,0));
#9344=DIRECTION('',(0,-0,1));
#9345=AXIS2_PLACEMENT_3D('',#718,#9343,#9344);
#9346=PLANE('',#9345);
#9347=ORIENTED_EDGE('',*,*,#2145,.F.);
#9348=DIRECTION('',(0,0,1));
#9349=VECTOR('',#9348,5);
#9350=LINE('',#716,#9349);
#9351=EDGE_CURVE('',#717,#865,#9350,.T.);
#9352=ORIENTED_EDGE('',*,*,#9351,.T.);
#9353=ORIENTED_EDGE('',*,*,#3775,.T.);
#9354=DIRECTION('',(0,0,1));
#9355=VECTOR('',#9354,5);
#9356=LINE('',#718,#9355);
#9357=EDGE_CURVE('',#719,#867,#9356,.T.);
#9358=ORIENTED_EDGE('',*,*,#9357,.F.);
#9359=EDGE_LOOP('',(#9347,#9352,#9353,#9358));
#9360=FACE_OUTER_BOUND('',#9359,.T.);
#9361=ADVANCED_FACE('',(#9360),#9346,.T.);
#9362=DIRECTION('',(-0.970031,0.24298,0));
#9363=DIRECTION('',(0,-0,1));
#9364=AXIS2_PLACEMENT_3D('',#866,#9362,#9363);
#9365=PLANE('',#9364);
#9366=ORIENTED_EDGE('',*,*,#3770,.T.);
#9367=DIRECTION('',(0,0,1));
#9368=VECTOR('',#9367,5);
#9369=LINE('',#720,#9368);
#9370=EDGE_CURVE('',#721,#869,#9369,.T.);
#9371=ORIENTED_EDGE('',*,*,#9370,.F.);
#9372=ORIENTED_EDGE('',*,*,#2150,.F.);
#9373=ORIENTED_EDGE('',*,*,#9357,.T.);
#9374=EDGE_LOOP('',(#9366,#9371,#9372,#9373));
#9375=FACE_OUTER_BOUND('',#9374,.T.);
#9376=ADVANCED_FACE('',(#9375),#9365,.T.);
#9377=DIRECTION('',(-0.989177,0.14673,0));
#9378=DIRECTION('',(0,-0,1));
#9379=AXIS2_PLACEMENT_3D('',#870,#9377,#9378);
#9380=PLANE('',#9379);
#9381=DIRECTION('',(0,0,1));
#9382=VECTOR('',#9381,5);
#9383=LINE('',#722,#9382);
#9384=EDGE_CURVE('',#723,#871,#9383,.T.);
#9385=ORIENTED_EDGE('',*,*,#9384,.F.);
#9386=ORIENTED_EDGE('',*,*,#2155,.F.);
#9387=ORIENTED_EDGE('',*,*,#9370,.T.);
#9388=ORIENTED_EDGE('',*,*,#3765,.T.);
#9389=EDGE_LOOP('',(#9385,#9386,#9387,#9388));
#9390=FACE_OUTER_BOUND('',#9389,.T.);
#9391=ADVANCED_FACE('',(#9390),#9380,.T.);
#9392=DIRECTION('',(-0.998795,0.049068,0));
#9393=DIRECTION('',(0,-0,1));
#9394=AXIS2_PLACEMENT_3D('',#722,#9392,#9393);
#9395=PLANE('',#9394);
#9396=ORIENTED_EDGE('',*,*,#9384,.T.);
#9397=ORIENTED_EDGE('',*,*,#3760,.T.);
#9398=DIRECTION('',(0,0,1));
#9399=VECTOR('',#9398,5);
#9400=LINE('',#1018,#9399);
#9401=EDGE_CURVE('',#1019,#1123,#9400,.T.);
#9402=ORIENTED_EDGE('',*,*,#9401,.F.);
#9403=ORIENTED_EDGE('',*,*,#2160,.F.);
#9404=EDGE_LOOP('',(#9396,#9397,#9402,#9403));
#9405=FACE_OUTER_BOUND('',#9404,.T.);
#9406=ADVANCED_FACE('',(#9405),#9395,.T.);
#9407=DIRECTION('',(-0.67156,0.74095,0));
#9408=DIRECTION('',(0,-0,1));
#9409=AXIS2_PLACEMENT_3D('',#850,#9407,#9408);
#9410=PLANE('',#9409);
#9411=ORIENTED_EDGE('',*,*,#9280,.F.);
#9412=ORIENTED_EDGE('',*,*,#9264,.T.);
#9413=ORIENTED_EDGE('',*,*,#3815,.T.);
#9414=EDGE_LOOP('',(#9411,#9412,#9413));
#9415=FACE_OUTER_BOUND('',#9414,.T.);
#9416=ADVANCED_FACE('',(#9415),#9410,.T.);
#9417=DIRECTION('',(-0.740971,0.671537,0));
#9418=DIRECTION('',(0,-0,1));
#9419=AXIS2_PLACEMENT_3D('',#852,#9417,#9418);
#9420=PLANE('',#9419);
#9421=ORIENTED_EDGE('',*,*,#3805,.T.);
#9422=ORIENTED_EDGE('',*,*,#9298,.F.);
#9423=ORIENTED_EDGE('',*,*,#9286,.T.);
#9424=EDGE_LOOP('',(#9421,#9422,#9423));
#9425=FACE_OUTER_BOUND('',#9424,.T.);
#9426=ADVANCED_FACE('',(#9425),#9420,.T.);
#9427=DIRECTION('',(-0.857728,0.514103,0));
#9428=DIRECTION('',(0,-0,1));
#9429=AXIS2_PLACEMENT_3D('',#858,#9427,#9428);
#9430=PLANE('',#9429);
#9431=DIRECTION('',(-0.003596,-0.006,0.999976));
#9432=VECTOR('',#9431,5.000122);
#9433=LINE('',#714,#9432);
#9434=EDGE_CURVE('',#715,#859,#9433,.T.);
#9435=ORIENTED_EDGE('',*,*,#9434,.F.);
#9436=ORIENTED_EDGE('',*,*,#9319,.T.);
#9437=ORIENTED_EDGE('',*,*,#3795,.T.);
#9438=EDGE_LOOP('',(#9435,#9436,#9437));
#9439=FACE_OUTER_BOUND('',#9438,.T.);
#9440=ADVANCED_FACE('',(#9439),#9430,.T.);
#9441=DIRECTION('',(-0.857729,0.514102,0));
#9442=DIRECTION('',(0,-0,1));
#9443=AXIS2_PLACEMENT_3D('',#858,#9441,#9442);
#9444=PLANE('',#9443);
#9445=ORIENTED_EDGE('',*,*,#3790,.T.);
#9446=ORIENTED_EDGE('',*,*,#9337,.F.);
#9447=ORIENTED_EDGE('',*,*,#9434,.T.);
#9448=EDGE_LOOP('',(#9445,#9446,#9447));
#9449=FACE_OUTER_BOUND('',#9448,.T.);
#9450=ADVANCED_FACE('',(#9449),#9444,.T.);
#9451=DIRECTION('',(-0.90399,0.427554,0));
#9452=DIRECTION('',(0,-0,1));
#9453=AXIS2_PLACEMENT_3D('',#716,#9451,#9452);
#9454=PLANE('',#9453);
#9455=ORIENTED_EDGE('',*,*,#9331,.T.);
#9456=ORIENTED_EDGE('',*,*,#3780,.T.);
#9457=ORIENTED_EDGE('',*,*,#9351,.F.);
#9458=EDGE_LOOP('',(#9455,#9456,#9457));
#9459=FACE_OUTER_BOUND('',#9458,.T.);
#9460=ADVANCED_FACE('',(#9459),#9454,.T.);
#9461=DIRECTION('',(-0.427555,-0.903989,0));
#9462=DIRECTION('',(0,-0,-1));
#9463=AXIS2_PLACEMENT_3D('',#1120,#9461,#9462);
#9464=PLANE('',#9463);
#9465=DIRECTION('',(0,0,1));
#9466=VECTOR('',#9465,5);
#9467=LINE('',#1016,#9466);
#9468=EDGE_CURVE('',#1017,#1121,#9467,.T.);
#9469=ORIENTED_EDGE('',*,*,#9468,.F.);
#9470=ORIENTED_EDGE('',*,*,#2220,.F.);
#9471=DIRECTION('',(0,0,1));
#9472=VECTOR('',#9471,5);
#9473=LINE('',#994,#9472);
#9474=EDGE_CURVE('',#995,#1095,#9473,.T.);
#9475=ORIENTED_EDGE('',*,*,#9474,.T.);
#9476=ORIENTED_EDGE('',*,*,#3690,.T.);
#9477=EDGE_LOOP('',(#9469,#9470,#9475,#9476));
#9478=FACE_OUTER_BOUND('',#9477,.T.);
#9479=ADVANCED_FACE('',(#9478),#9464,.T.);
#9480=DIRECTION('',(-0.514103,-0.857729,0));
#9481=DIRECTION('',(0,-0,-1));
#9482=AXIS2_PLACEMENT_3D('',#1096,#9480,#9481);
#9483=PLANE('',#9482);
#9484=ORIENTED_EDGE('',*,*,#3695,.F.);
#9485=ORIENTED_EDGE('',*,*,#9474,.F.);
#9486=ORIENTED_EDGE('',*,*,#2215,.T.);
#9487=DIRECTION('',(0,0,1));
#9488=VECTOR('',#9487,5);
#9489=LINE('',#996,#9488);
#9490=EDGE_CURVE('',#997,#1097,#9489,.T.);
#9491=ORIENTED_EDGE('',*,*,#9490,.T.);
#9492=EDGE_LOOP('',(#9484,#9485,#9486,#9491));
#9493=FACE_OUTER_BOUND('',#9492,.T.);
#9494=ADVANCED_FACE('',(#9493),#9483,.T.);
#9495=DIRECTION('',(-0.5957,-0.803207,0));
#9496=DIRECTION('',(0,-0,-1));
#9497=AXIS2_PLACEMENT_3D('',#998,#9495,#9496);
#9498=PLANE('',#9497);
#9499=DIRECTION('',(0,0,1));
#9500=VECTOR('',#9499,5);
#9501=LINE('',#998,#9500);
#9502=EDGE_CURVE('',#999,#1099,#9501,.T.);
#9503=ORIENTED_EDGE('',*,*,#9502,.T.);
#9504=ORIENTED_EDGE('',*,*,#3700,.F.);
#9505=ORIENTED_EDGE('',*,*,#9490,.F.);
#9506=ORIENTED_EDGE('',*,*,#2210,.T.);
#9507=EDGE_LOOP('',(#9503,#9504,#9505,#9506));
#9508=FACE_OUTER_BOUND('',#9507,.T.);
#9509=ADVANCED_FACE('',(#9508),#9498,.T.);
#9510=DIRECTION('',(-0.740951,-0.671559,0));
#9511=DIRECTION('',(0,-0,-1));
#9512=AXIS2_PLACEMENT_3D('',#1100,#9510,#9511);
#9513=PLANE('',#9512);
#9514=ORIENTED_EDGE('',*,*,#3710,.T.);
#9515=DIRECTION('',(0,0,1));
#9516=VECTOR('',#9515,5);
#9517=LINE('',#1006,#9516);
#9518=EDGE_CURVE('',#1007,#1111,#9517,.T.);
#9519=ORIENTED_EDGE('',*,*,#9518,.F.);
#9520=ORIENTED_EDGE('',*,*,#2200,.F.);
#9521=DIRECTION('',(0,0,1));
#9522=VECTOR('',#9521,5);
#9523=LINE('',#1000,#9522);
#9524=EDGE_CURVE('',#1001,#1101,#9523,.T.);
#9525=ORIENTED_EDGE('',*,*,#9524,.T.);
#9526=EDGE_LOOP('',(#9514,#9519,#9520,#9525));
#9527=FACE_OUTER_BOUND('',#9526,.T.);
#9528=ADVANCED_FACE('',(#9527),#9513,.T.);
#9529=DIRECTION('',(-0.857729,-0.514103,0));
#9530=DIRECTION('',(0,-0,-1));
#9531=AXIS2_PLACEMENT_3D('',#1004,#9529,#9530);
#9532=PLANE('',#9531);
#9533=DIRECTION('',(-0.003596,0.006,0.999976));
#9534=VECTOR('',#9533,5.000122);
#9535=LINE('',#1004,#9534);
#9536=EDGE_CURVE('',#1005,#1109,#9535,.T.);
#9537=ORIENTED_EDGE('',*,*,#9536,.T.);
#9538=DIRECTION('',(0.02161,-0.036055,0.999116));
#9539=VECTOR('',#9538,5.004423);
#9540=LINE('',#1002,#9539);
#9541=EDGE_CURVE('',#1003,#1109,#9540,.T.);
#9542=ORIENTED_EDGE('',*,*,#9541,.F.);
#9543=ORIENTED_EDGE('',*,*,#2190,.T.);
#9544=EDGE_LOOP('',(#9537,#9542,#9543));
#9545=FACE_OUTER_BOUND('',#9544,.T.);
#9546=ADVANCED_FACE('',(#9545),#9532,.T.);
#9547=DIRECTION('',(-0.803207,-0.5957,0));
#9548=DIRECTION('',(0,-0,-1));
#9549=AXIS2_PLACEMENT_3D('',#1102,#9547,#9548);
#9550=PLANE('',#9549);
#9551=ORIENTED_EDGE('',*,*,#3715,.F.);
#9552=ORIENTED_EDGE('',*,*,#9524,.F.);
#9553=ORIENTED_EDGE('',*,*,#2195,.T.);
#9554=DIRECTION('',(0,0,1));
#9555=VECTOR('',#9554,5);
#9556=LINE('',#1002,#9555);
#9557=EDGE_CURVE('',#1003,#1103,#9556,.T.);
#9558=ORIENTED_EDGE('',*,*,#9557,.T.);
#9559=EDGE_LOOP('',(#9551,#9552,#9553,#9558));
#9560=FACE_OUTER_BOUND('',#9559,.T.);
#9561=ADVANCED_FACE('',(#9560),#9550,.T.);
#9562=DIRECTION('',(-0.671559,-0.740951,0));
#9563=DIRECTION('',(0,-0,-1));
#9564=AXIS2_PLACEMENT_3D('',#1098,#9562,#9563);
#9565=PLANE('',#9564);
#9566=ORIENTED_EDGE('',*,*,#9502,.F.);
#9567=ORIENTED_EDGE('',*,*,#2205,.T.);
#9568=ORIENTED_EDGE('',*,*,#9518,.T.);
#9569=ORIENTED_EDGE('',*,*,#3705,.F.);
#9570=EDGE_LOOP('',(#9566,#9567,#9568,#9569));
#9571=FACE_OUTER_BOUND('',#9570,.T.);
#9572=ADVANCED_FACE('',(#9571),#9565,.T.);
#9573=DIRECTION('',(-0.049068,-0.998795,0));
#9574=DIRECTION('',(0,-0,-1));
#9575=AXIS2_PLACEMENT_3D('',#1114,#9573,#9574);
#9576=PLANE('',#9575);
#9577=ORIENTED_EDGE('',*,*,#3670,.F.);
#9578=ORIENTED_EDGE('',*,*,#9111,.F.);
#9579=ORIENTED_EDGE('',*,*,#2240,.T.);
#9580=DIRECTION('',(0,0,1));
#9581=VECTOR('',#9580,5);
#9582=LINE('',#1010,#9581);
#9583=EDGE_CURVE('',#1011,#1115,#9582,.T.);
#9584=ORIENTED_EDGE('',*,*,#9583,.T.);
#9585=EDGE_LOOP('',(#9577,#9578,#9579,#9584));
#9586=FACE_OUTER_BOUND('',#9585,.T.);
#9587=ADVANCED_FACE('',(#9586),#9576,.T.);
#9588=DIRECTION('',(-0.14673,-0.989177,0));
#9589=DIRECTION('',(0,-0,-1));
#9590=AXIS2_PLACEMENT_3D('',#1114,#9588,#9589);
#9591=PLANE('',#9590);
#9592=ORIENTED_EDGE('',*,*,#9583,.F.);
#9593=ORIENTED_EDGE('',*,*,#2235,.T.);
#9594=DIRECTION('',(0,0,1));
#9595=VECTOR('',#9594,5);
#9596=LINE('',#1012,#9595);
#9597=EDGE_CURVE('',#1013,#1117,#9596,.T.);
#9598=ORIENTED_EDGE('',*,*,#9597,.T.);
#9599=ORIENTED_EDGE('',*,*,#3675,.F.);
#9600=EDGE_LOOP('',(#9592,#9593,#9598,#9599));
#9601=FACE_OUTER_BOUND('',#9600,.T.);
#9602=ADVANCED_FACE('',(#9601),#9591,.T.);
#9603=DIRECTION('',(-0.24298,-0.970031,0));
#9604=DIRECTION('',(0,-0,-1));
#9605=AXIS2_PLACEMENT_3D('',#1014,#9603,#9604);
#9606=PLANE('',#9605);
#9607=DIRECTION('',(0,0,1));
#9608=VECTOR('',#9607,5);
#9609=LINE('',#1014,#9608);
#9610=EDGE_CURVE('',#1015,#1119,#9609,.T.);
#9611=ORIENTED_EDGE('',*,*,#9610,.T.);
#9612=ORIENTED_EDGE('',*,*,#3680,.F.);
#9613=ORIENTED_EDGE('',*,*,#9597,.F.);
#9614=ORIENTED_EDGE('',*,*,#2230,.T.);
#9615=EDGE_LOOP('',(#9611,#9612,#9613,#9614));
#9616=FACE_OUTER_BOUND('',#9615,.T.);
#9617=ADVANCED_FACE('',(#9616),#9606,.T.);
#9618=DIRECTION('',(-0.33689,-0.941544,0));
#9619=DIRECTION('',(0,-0,-1));
#9620=AXIS2_PLACEMENT_3D('',#1014,#9618,#9619);
#9621=PLANE('',#9620);
#9622=ORIENTED_EDGE('',*,*,#2225,.T.);
#9623=ORIENTED_EDGE('',*,*,#9468,.T.);
#9624=ORIENTED_EDGE('',*,*,#3685,.F.);
#9625=ORIENTED_EDGE('',*,*,#9610,.F.);
#9626=EDGE_LOOP('',(#9622,#9623,#9624,#9625));
#9627=FACE_OUTER_BOUND('',#9626,.T.);
#9628=ADVANCED_FACE('',(#9627),#9621,.T.);
#9629=DIRECTION('',(-0.998795,-0.049068,0));
#9630=DIRECTION('',(0,-0,1));
#9631=AXIS2_PLACEMENT_3D('',#1020,#9629,#9630);
#9632=PLANE('',#9631);
#9633=ORIENTED_EDGE('',*,*,#2165,.F.);
#9634=ORIENTED_EDGE('',*,*,#9401,.T.);
#9635=ORIENTED_EDGE('',*,*,#3755,.T.);
#9636=DIRECTION('',(0,0,1));
#9637=VECTOR('',#9636,5);
#9638=LINE('',#1020,#9637);
#9639=EDGE_CURVE('',#1021,#1125,#9638,.T.);
#9640=ORIENTED_EDGE('',*,*,#9639,.F.);
#9641=EDGE_LOOP('',(#9633,#9634,#9635,#9640));
#9642=FACE_OUTER_BOUND('',#9641,.T.);
#9643=ADVANCED_FACE('',(#9642),#9632,.T.);
#9644=DIRECTION('',(-0.989177,-0.14673,-0));
#9645=DIRECTION('',(0,0,1));
#9646=AXIS2_PLACEMENT_3D('',#1126,#9644,#9645);
#9647=PLANE('',#9646);
#9648=DIRECTION('',(0,0,1));
#9649=VECTOR('',#9648,5);
#9650=LINE('',#1022,#9649);
#9651=EDGE_CURVE('',#1023,#1127,#9650,.T.);
#9652=ORIENTED_EDGE('',*,*,#9651,.F.);
#9653=ORIENTED_EDGE('',*,*,#2170,.F.);
#9654=ORIENTED_EDGE('',*,*,#9639,.T.);
#9655=ORIENTED_EDGE('',*,*,#3750,.T.);
#9656=EDGE_LOOP('',(#9652,#9653,#9654,#9655));
#9657=FACE_OUTER_BOUND('',#9656,.T.);
#9658=ADVANCED_FACE('',(#9657),#9647,.T.);
#9659=DIRECTION('',(-0.941544,-0.33689,0));
#9660=DIRECTION('',(0,-0,1));
#9661=AXIS2_PLACEMENT_3D('',#1128,#9659,#9660);
#9662=PLANE('',#9661);
#9663=ORIENTED_EDGE('',*,*,#3740,.T.);
#9664=DIRECTION('',(0,0,1));
#9665=VECTOR('',#9664,5);
#9666=LINE('',#1026,#9665);
#9667=EDGE_CURVE('',#1027,#1131,#9666,.T.);
#9668=ORIENTED_EDGE('',*,*,#9667,.F.);
#9669=ORIENTED_EDGE('',*,*,#2180,.F.);
#9670=DIRECTION('',(0,0,1));
#9671=VECTOR('',#9670,5);
#9672=LINE('',#1024,#9671);
#9673=EDGE_CURVE('',#1025,#1129,#9672,.T.);
#9674=ORIENTED_EDGE('',*,*,#9673,.T.);
#9675=EDGE_LOOP('',(#9663,#9668,#9669,#9674));
#9676=FACE_OUTER_BOUND('',#9675,.T.);
#9677=ADVANCED_FACE('',(#9676),#9662,.T.);
#9678=DIRECTION('',(-0.970031,-0.24298,0));
#9679=DIRECTION('',(0,-0,1));
#9680=AXIS2_PLACEMENT_3D('',#1022,#9678,#9679);
#9681=PLANE('',#9680);
#9682=ORIENTED_EDGE('',*,*,#9651,.T.);
#9683=ORIENTED_EDGE('',*,*,#3745,.T.);
#9684=ORIENTED_EDGE('',*,*,#9673,.F.);
#9685=ORIENTED_EDGE('',*,*,#2175,.F.);
#9686=EDGE_LOOP('',(#9682,#9683,#9684,#9685));
#9687=FACE_OUTER_BOUND('',#9686,.T.);
#9688=ADVANCED_FACE('',(#9687),#9681,.T.);
#9689=DIRECTION('',(-0.903989,-0.427555,0));
#9690=DIRECTION('',(0,-0,1));
#9691=AXIS2_PLACEMENT_3D('',#1104,#9689,#9690);
#9692=PLANE('',#9691);
#9693=DIRECTION('',(0.001332,-0.002816,0.999995));
#9694=VECTOR('',#9693,5.000024);
#9695=LINE('',#1004,#9694);
#9696=EDGE_CURVE('',#1005,#1105,#9695,.T.);
#9697=ORIENTED_EDGE('',*,*,#9696,.F.);
#9698=ORIENTED_EDGE('',*,*,#2185,.T.);
#9699=ORIENTED_EDGE('',*,*,#9667,.T.);
#9700=ORIENTED_EDGE('',*,*,#3735,.F.);
#9701=EDGE_LOOP('',(#9697,#9698,#9699,#9700));
#9702=FACE_OUTER_BOUND('',#9701,.T.);
#9703=ADVANCED_FACE('',(#9702),#9692,.T.);
#9704=DIRECTION('',(-0.903988,-0.427557,0));
#9705=DIRECTION('',(0,-0,1));
#9706=AXIS2_PLACEMENT_3D('',#1104,#9704,#9705);
#9707=PLANE('',#9706);
#9708=ORIENTED_EDGE('',*,*,#3730,.T.);
#9709=DIRECTION('',(0,0,1));
#9710=VECTOR('',#9709,5);
#9711=LINE('',#1004,#9710);
#9712=EDGE_CURVE('',#1005,#1107,#9711,.T.);
#9713=ORIENTED_EDGE('',*,*,#9712,.F.);
#9714=ORIENTED_EDGE('',*,*,#9696,.T.);
#9715=EDGE_LOOP('',(#9708,#9713,#9714));
#9716=FACE_OUTER_BOUND('',#9715,.T.);
#9717=ADVANCED_FACE('',(#9716),#9707,.T.);
#9718=DIRECTION('',(-0.857729,-0.514102,0));
#9719=DIRECTION('',(0,-0,-1));
#9720=AXIS2_PLACEMENT_3D('',#1108,#9718,#9719);
#9721=PLANE('',#9720);
#9722=ORIENTED_EDGE('',*,*,#9536,.F.);
#9723=ORIENTED_EDGE('',*,*,#9712,.T.);
#9724=ORIENTED_EDGE('',*,*,#3725,.T.);
#9725=EDGE_LOOP('',(#9722,#9723,#9724));
#9726=FACE_OUTER_BOUND('',#9725,.T.);
#9727=ADVANCED_FACE('',(#9726),#9721,.T.);
#9728=DIRECTION('',(-0.857728,-0.514103,0));
#9729=DIRECTION('',(0,-0,-1));
#9730=AXIS2_PLACEMENT_3D('',#1102,#9728,#9729);
#9731=PLANE('',#9730);
#9732=ORIENTED_EDGE('',*,*,#9557,.F.);
#9733=ORIENTED_EDGE('',*,*,#9541,.T.);
#9734=ORIENTED_EDGE('',*,*,#3720,.F.);
#9735=EDGE_LOOP('',(#9732,#9733,#9734));
#9736=FACE_OUTER_BOUND('',#9735,.T.);
#9737=ADVANCED_FACE('',(#9736),#9731,.T.);
#9738=CLOSED_SHELL('',(#1356,#1379,#1402,#1425,#1448,#1471,#1494,#1517,#2454,#2473,#2496,#2511,#2530,#2549,#2568,#2591,#2610,#2629,#2648,#2667,#2682,#2705,#2724,#2747,#2762,#2781,#2796,#2815,#2834,#2853,#2872,#2891,#2910,#3969,#3988,#4007,#4026,#4045,#4064,#4083,#4102,#4121,#4140,#4159,#4178,#4197,#4216,#4235,#4254,#4273,#4292,#4311,#4330,#4349,#4368,#4387,#4406,#4425,#4444,#4463,#4482,#4501,#4520,#4539,#4558,#4577,#4596,#4615,#4634,#4653,#4672,#4691,#4710,#4729,#4748,#4767,#4786,#4805,#4824,#4843,#4862,#4881,#4900,#4919,#4938,#4957,#4976,#4995,#5014,#5033,#5052,#5071,#5090,#5109,#5128,#5147,#5166,#5185,#5204,#5223,#5242,#5261,#5280,#5299,#5322,#5341,#5364,#5379,#5398,#5413,#5436,#5455,#5474,#5493,#5512,#5527,#5546,#5565,#5584,#5607,#5622,#5641,#5660,#5679,#5698,#5717,#5736,#5755,#5774,#5789,#5812,#6585,#6604,#6619,#6630,#6649,#6668,#6679,#6694,#6709,#6720,#6739,#6754,#6773,#6788,#6799,#6810,#6825,#6840,#6855,#6870,#6885,#6904,#6919,#6930,#6949,#6960,#6975,#6990,#7005,#7020,#7035,#7050,#7065,#7080,#7095,#7110,#7125,#7140,#7155,#7170,#7185,#7200,#7215,#7230,#7245,#7260,#7275,#7290,#7305,#7320,#7335,#7350,#7365,#7380,#7395,#7410,#7425,#7440,#7455,#7470,#7485,#7500,#7515,#7530,#7545,#7560,#7575,#7590,#7605,#7620,#7635,#7650,#7665,#7680,#7695,#7710,#7725,#7740,#7755,#7770,#7785,#7800,#7815,#7830,#7845,#7860,#7875,#7890,#7905,#7920,#7935,#7950,#7965,#7980,#7995,#8010,#8025,#8040,#8055,#8070,#8085,#8100,#8119,#8130,#8149,#8164,#8175,#8190,#8205,#8220,#8235,#8250,#8269,#8288,#8303,#8314,#8329,#8340,#8359,#8374,#8389,#8408,#8419,#8430,#8449,#8464,#8475,#8486,#8505,#8524,#8535,#8550,#8565,#8584,#8603,#8617,#8636,#8655,#8674,#8685,#8700,#8719,#8734,#8749,#8763,#8773,#8787,#8801,#8811,#8821,#8831,#8845,#8855,#8870,#8885,#8900,#8915,#8930,#8945,#8960,#8975,#8990,#9005,#9020,#9035,#9054,#9068,#9083,#9101,#9116,#9126,#9140,#9151,#9166,#9181,#9196,#9211,#9226,#9241,#9256,#9271,#9290,#9309,#9323,#9342,#9361,#9376,#9391,#9406,#9416,#9426,#9440,#9450,#9460,#9479,#9494,#9509,#9528,#9546,#9561,#9572,#9587,#9602,#9617,#9628,#9643,#9658,#9677,#9688,#9703,#9717,#9727,#9737));
#9739=MANIFOLD_SOLID_BREP('bracket_wheel',#9738);
#9740=CARTESIAN_POINT('',(0.,0.,0.));
#9741=DIRECTION('',(0.,0.,1.));
#9742=DIRECTION('',(1.,0.,0.));
#9743=AXIS2_PLACEMENT_3D('',#9740,#9741,#9742);
#9744=ADVANCED_BREP_SHAPE_REPRESENTATION('bracket_wheel',(#9739,#9743),#13);
#9745=SHAPE_DEFINITION_REPRESENTATION(#8,#9744);
ENDSEC;
END-ISO-10303-21;
