ISO-10303-21;
HEADER;
FILE_DESCRIPTION(('Wafer Halo'),'2;1');
FILE_NAME('bracket_static','2026-07-22T00:00:00',('wafer-flower'),('scripts/step_export.py'),'','','');
FILE_SCHEMA(('AUTOMOTIVE_DESIGN { 1 0 10303 214 1 1 1 1 }'));
ENDSEC;
DATA;
#1=APPLICATION_CONTEXT('automotive design');
#2=APPLICATION_PROTOCOL_DEFINITION('international standard','automotive_design',2010,#1);
#3=PRODUCT_CONTEXT('',#1,'mechanical');
#4=PRODUCT('bracket_static','bracket_static','',(#3));
#5=PRODUCT_DEFINITION_FORMATION('','',#4);
#6=PRODUCT_DEFINITION_CONTEXT('part definition',#1,'design');
#7=PRODUCT_DEFINITION('design','',#5,#6);
#8=PRODUCT_DEFINITION_SHAPE('','',#7);
#9=(LENGTH_UNIT()NAMED_UNIT(*)SI_UNIT(.MILLI.,.METRE.));
#10=(NAMED_UNIT(*)PLANE_ANGLE_UNIT()SI_UNIT($,.RADIAN.));
#11=(NAMED_UNIT(*)SI_UNIT($,.STERADIAN.)SOLID_ANGLE_UNIT());
#12=UNCERTAINTY_MEASURE_WITH_UNIT(LENGTH_MEASURE(1.E-03),#9,'distance_accuracy_value','');
#13=(GEOMETRIC_REPRESENTATION_CONTEXT(3)GLOBAL_UNCERTAINTY_ASSIGNED_CONTEXT((#12))GLOBAL_UNIT_ASSIGNED_CONTEXT((#9,#10,#11))REPRESENTATION_CONTEXT('',''));
#14=CARTESIAN_POINT('',(-154.278763,-334,-48.660862));
#15=VERTEX_POINT('',#14);
#16=CARTESIAN_POINT('',(-154.278763,-334,-43.660862));
#17=VERTEX_POINT('',#16);
#18=CARTESIAN_POINT('',(-154.278763,-334,-43.460861));
#19=VERTEX_POINT('',#18);
#20=CARTESIAN_POINT('',(-16,-387,-48.660862));
#21=VERTEX_POINT('',#20);
#22=CARTESIAN_POINT('',(-1.25,-377.16507,-48.660862));
#23=VERTEX_POINT('',#22);
#24=CARTESIAN_POINT('',(-1.521904,-376.983398,-48.660862));
#25=VERTEX_POINT('',#24);
#26=CARTESIAN_POINT('',(-1.767767,-376.767761,-48.660862));
#27=VERTEX_POINT('',#26);
#28=CARTESIAN_POINT('',(-0.956709,-377.309692,-48.660862));
#29=VERTEX_POINT('',#28);
#30=CARTESIAN_POINT('',(-0.647048,-377.414825,-48.660862));
#31=VERTEX_POINT('',#30);
#32=CARTESIAN_POINT('',(-0.326315,-377.478607,-48.660862));
#33=VERTEX_POINT('',#32);
#34=CARTESIAN_POINT('',(-2.414814,-375.647034,-48.660862));
#35=VERTEX_POINT('',#34);
#36=CARTESIAN_POINT('',(-2.478612,-375.326324,-48.660862));
#37=VERTEX_POINT('',#36);
#38=CARTESIAN_POINT('',(-2.5,-375,-48.660862));
#39=VERTEX_POINT('',#38);
#40=CARTESIAN_POINT('',(-2.478612,-374.673676,-48.660862));
#41=VERTEX_POINT('',#40);
#42=CARTESIAN_POINT('',(-1.983383,-376.521912,-48.660862));
#43=VERTEX_POINT('',#42);
#44=CARTESIAN_POINT('',(-2.165064,-376.25,-48.660862));
#45=VERTEX_POINT('',#44);
#46=CARTESIAN_POINT('',(-2.309699,-375.956696,-48.660862));
#47=VERTEX_POINT('',#46);
#48=CARTESIAN_POINT('',(-2.414814,-374.352966,-48.660862));
#49=VERTEX_POINT('',#48);
#50=CARTESIAN_POINT('',(-2.309699,-374.043304,-48.660862));
#51=VERTEX_POINT('',#50);
#52=CARTESIAN_POINT('',(-2.165064,-373.75,-48.660862));
#53=VERTEX_POINT('',#52);
#54=CARTESIAN_POINT('',(-1.983383,-373.478088,-48.660862));
#55=VERTEX_POINT('',#54);
#56=CARTESIAN_POINT('',(-1.767767,-373.232239,-48.660862));
#57=VERTEX_POINT('',#56);
#58=CARTESIAN_POINT('',(-1.521904,-373.016602,-48.660862));
#59=VERTEX_POINT('',#58);
#60=CARTESIAN_POINT('',(-1.25,-372.83493,-48.660862));
#61=VERTEX_POINT('',#60);
#62=CARTESIAN_POINT('',(-0.956709,-372.690308,-48.660862));
#63=VERTEX_POINT('',#62);
#64=CARTESIAN_POINT('',(-0.647048,-372.585175,-48.660862));
#65=VERTEX_POINT('',#64);
#66=CARTESIAN_POINT('',(-0.326315,-372.521393,-48.660862));
#67=VERTEX_POINT('',#66);
#68=CARTESIAN_POINT('',(-16,-387,-43.660862));
#69=VERTEX_POINT('',#68);
#70=CARTESIAN_POINT('',(-1.25,-377.16507,-43.660862));
#71=VERTEX_POINT('',#70);
#72=CARTESIAN_POINT('',(-1.521904,-376.983398,-43.660862));
#73=VERTEX_POINT('',#72);
#74=CARTESIAN_POINT('',(-1.767767,-376.767761,-43.660862));
#75=VERTEX_POINT('',#74);
#76=CARTESIAN_POINT('',(-0.956709,-377.309692,-43.660862));
#77=VERTEX_POINT('',#76);
#78=CARTESIAN_POINT('',(-0.647048,-377.414825,-43.660862));
#79=VERTEX_POINT('',#78);
#80=CARTESIAN_POINT('',(-0.326315,-377.478607,-43.660862));
#81=VERTEX_POINT('',#80);
#82=CARTESIAN_POINT('',(-2.414814,-375.647034,-43.660862));
#83=VERTEX_POINT('',#82);
#84=CARTESIAN_POINT('',(-2.478612,-375.326324,-43.660862));
#85=VERTEX_POINT('',#84);
#86=CARTESIAN_POINT('',(-2.5,-375,-43.660862));
#87=VERTEX_POINT('',#86);
#88=CARTESIAN_POINT('',(-2.478612,-374.673676,-43.660862));
#89=VERTEX_POINT('',#88);
#90=CARTESIAN_POINT('',(-1.983383,-376.521912,-43.660862));
#91=VERTEX_POINT('',#90);
#92=CARTESIAN_POINT('',(-2.165064,-376.25,-43.660862));
#93=VERTEX_POINT('',#92);
#94=CARTESIAN_POINT('',(-2.309699,-375.956696,-43.660862));
#95=VERTEX_POINT('',#94);
#96=CARTESIAN_POINT('',(-2.414814,-374.352966,-43.660862));
#97=VERTEX_POINT('',#96);
#98=CARTESIAN_POINT('',(-2.309699,-374.043304,-43.660862));
#99=VERTEX_POINT('',#98);
#100=CARTESIAN_POINT('',(-2.165064,-373.75,-43.660862));
#101=VERTEX_POINT('',#100);
#102=CARTESIAN_POINT('',(-1.983383,-373.478088,-43.660862));
#103=VERTEX_POINT('',#102);
#104=CARTESIAN_POINT('',(-1.767767,-373.232239,-43.660862));
#105=VERTEX_POINT('',#104);
#106=CARTESIAN_POINT('',(-1.521904,-373.016602,-43.660862));
#107=VERTEX_POINT('',#106);
#108=CARTESIAN_POINT('',(-1.25,-372.83493,-43.660862));
#109=VERTEX_POINT('',#108);
#110=CARTESIAN_POINT('',(-0.956709,-372.690308,-43.660862));
#111=VERTEX_POINT('',#110);
#112=CARTESIAN_POINT('',(-0.647048,-372.585175,-43.660862));
#113=VERTEX_POINT('',#112);
#114=CARTESIAN_POINT('',(-0.326315,-372.521393,-43.660862));
#115=VERTEX_POINT('',#114);
#116=CARTESIAN_POINT('',(-16,-334,-48.660862));
#117=VERTEX_POINT('',#116);
#118=CARTESIAN_POINT('',(-1.521904,-326.983398,-48.660862));
#119=VERTEX_POINT('',#118);
#120=CARTESIAN_POINT('',(-1.25,-327.16507,-48.660862));
#121=VERTEX_POINT('',#120);
#122=CARTESIAN_POINT('',(-0.326315,-327.478607,-48.660862));
#123=VERTEX_POINT('',#122);
#124=CARTESIAN_POINT('',(-0.956709,-327.309692,-48.660862));
#125=VERTEX_POINT('',#124);
#126=CARTESIAN_POINT('',(-0.647048,-327.414825,-48.660862));
#127=VERTEX_POINT('',#126);
#128=CARTESIAN_POINT('',(-2.414814,-325.647034,-48.660862));
#129=VERTEX_POINT('',#128);
#130=CARTESIAN_POINT('',(-2.478612,-325.326324,-48.660862));
#131=VERTEX_POINT('',#130);
#132=CARTESIAN_POINT('',(-2.5,-325,-48.660862));
#133=VERTEX_POINT('',#132);
#134=CARTESIAN_POINT('',(-1.983383,-326.521912,-48.660862));
#135=VERTEX_POINT('',#134);
#136=CARTESIAN_POINT('',(-1.767767,-326.767761,-48.660862));
#137=VERTEX_POINT('',#136);
#138=CARTESIAN_POINT('',(-2.165064,-326.25,-48.660862));
#139=VERTEX_POINT('',#138);
#140=CARTESIAN_POINT('',(-2.309699,-325.956696,-48.660862));
#141=VERTEX_POINT('',#140);
#142=CARTESIAN_POINT('',(-2.478612,-324.673676,-48.660862));
#143=VERTEX_POINT('',#142);
#144=CARTESIAN_POINT('',(-2.414814,-324.352966,-48.660862));
#145=VERTEX_POINT('',#144);
#146=CARTESIAN_POINT('',(-2.309699,-324.043304,-48.660862));
#147=VERTEX_POINT('',#146);
#148=CARTESIAN_POINT('',(-2.165064,-323.75,-48.660862));
#149=VERTEX_POINT('',#148);
#150=CARTESIAN_POINT('',(-1.983383,-323.478088,-48.660862));
#151=VERTEX_POINT('',#150);
#152=CARTESIAN_POINT('',(-1.767767,-323.232239,-48.660862));
#153=VERTEX_POINT('',#152);
#154=CARTESIAN_POINT('',(-1.521904,-323.016602,-48.660862));
#155=VERTEX_POINT('',#154);
#156=CARTESIAN_POINT('',(-1.25,-322.83493,-48.660862));
#157=VERTEX_POINT('',#156);
#158=CARTESIAN_POINT('',(-0.956709,-322.690308,-48.660862));
#159=VERTEX_POINT('',#158);
#160=CARTESIAN_POINT('',(-0.647048,-322.585175,-48.660862));
#161=VERTEX_POINT('',#160);
#162=CARTESIAN_POINT('',(-0.326315,-322.521393,-48.660862));
#163=VERTEX_POINT('',#162);
#164=CARTESIAN_POINT('',(-16,-334,-43.660862));
#165=VERTEX_POINT('',#164);
#166=CARTESIAN_POINT('',(-1.521904,-326.983398,-43.460861));
#167=VERTEX_POINT('',#166);
#168=CARTESIAN_POINT('',(-1.25,-327.16507,-43.460861));
#169=VERTEX_POINT('',#168);
#170=CARTESIAN_POINT('',(-0.326315,-327.478607,-43.460861));
#171=VERTEX_POINT('',#170);
#172=CARTESIAN_POINT('',(-0.956709,-327.309692,-43.460861));
#173=VERTEX_POINT('',#172);
#174=CARTESIAN_POINT('',(-0.647048,-327.414825,-43.460861));
#175=VERTEX_POINT('',#174);
#176=CARTESIAN_POINT('',(-2.414814,-325.647034,-43.460861));
#177=VERTEX_POINT('',#176);
#178=CARTESIAN_POINT('',(-2.478612,-325.326324,-43.460861));
#179=VERTEX_POINT('',#178);
#180=CARTESIAN_POINT('',(-2.5,-325,-43.460861));
#181=VERTEX_POINT('',#180);
#182=CARTESIAN_POINT('',(-1.983383,-326.521912,-43.460861));
#183=VERTEX_POINT('',#182);
#184=CARTESIAN_POINT('',(-1.767767,-326.767761,-43.460861));
#185=VERTEX_POINT('',#184);
#186=CARTESIAN_POINT('',(-2.165064,-326.25,-43.460861));
#187=VERTEX_POINT('',#186);
#188=CARTESIAN_POINT('',(-2.309699,-325.956696,-43.460861));
#189=VERTEX_POINT('',#188);
#190=CARTESIAN_POINT('',(-2.478612,-324.673676,-43.460861));
#191=VERTEX_POINT('',#190);
#192=CARTESIAN_POINT('',(-2.414814,-324.352966,-43.460861));
#193=VERTEX_POINT('',#192);
#194=CARTESIAN_POINT('',(-2.309699,-324.043304,-43.460861));
#195=VERTEX_POINT('',#194);
#196=CARTESIAN_POINT('',(-2.165064,-323.75,-43.460861));
#197=VERTEX_POINT('',#196);
#198=CARTESIAN_POINT('',(-1.983383,-323.478088,-43.460861));
#199=VERTEX_POINT('',#198);
#200=CARTESIAN_POINT('',(-1.767767,-323.232239,-43.460861));
#201=VERTEX_POINT('',#200);
#202=CARTESIAN_POINT('',(-1.521904,-323.016602,-43.460861));
#203=VERTEX_POINT('',#202);
#204=CARTESIAN_POINT('',(-1.25,-322.83493,-43.460861));
#205=VERTEX_POINT('',#204);
#206=CARTESIAN_POINT('',(-0.956709,-322.690308,-43.460861));
#207=VERTEX_POINT('',#206);
#208=CARTESIAN_POINT('',(-0.647048,-322.585175,-43.460861));
#209=VERTEX_POINT('',#208);
#210=CARTESIAN_POINT('',(-0.326315,-322.521393,-43.460861));
#211=VERTEX_POINT('',#210);
#212=CARTESIAN_POINT('',(-154.278763,-308,-48.660862));
#213=VERTEX_POINT('',#212);
#214=CARTESIAN_POINT('',(-154.278763,-308,-43.660862));
#215=VERTEX_POINT('',#214);
#216=CARTESIAN_POINT('',(-154.278763,-308,-43.460861));
#217=VERTEX_POINT('',#216);
#218=CARTESIAN_POINT('',(-115.930733,-291.815125,-43.56086));
#219=VERTEX_POINT('',#218);
#220=CARTESIAN_POINT('',(-124.15934,-288.410217,-43.56086));
#221=VERTEX_POINT('',#220);
#222=CARTESIAN_POINT('',(-121.427238,-289.571106,-43.56086));
#223=VERTEX_POINT('',#222);
#224=CARTESIAN_POINT('',(-118.684288,-290.706116,-43.56086));
#225=VERTEX_POINT('',#224);
#226=CARTESIAN_POINT('',(-104.815353,-295.989441,-43.56086));
#227=VERTEX_POINT('',#226);
#228=CARTESIAN_POINT('',(-102.012466,-296.967102,-43.56086));
#229=VERTEX_POINT('',#228);
#230=CARTESIAN_POINT('',(-99.200462,-297.918213,-43.56086));
#231=VERTEX_POINT('',#230);
#232=CARTESIAN_POINT('',(-113.166809,-292.898071,-43.56086));
#233=VERTEX_POINT('',#232);
#234=CARTESIAN_POINT('',(-110.392776,-293.954803,-43.56086));
#235=VERTEX_POINT('',#234);
#236=CARTESIAN_POINT('',(-107.608871,-294.985291,-43.56086));
#237=VERTEX_POINT('',#236);
#238=CARTESIAN_POINT('',(-108.283356,-288.33786,-43.56086));
#239=VERTEX_POINT('',#238);
#240=CARTESIAN_POINT('',(-97.304909,-292.225525,-43.56086));
#241=VERTEX_POINT('',#240);
#242=CARTESIAN_POINT('',(-102.812515,-290.333588,-43.56086));
#243=VERTEX_POINT('',#242);
#244=CARTESIAN_POINT('',(-105.55265,-289.348633,-43.56086));
#245=VERTEX_POINT('',#244);
#246=CARTESIAN_POINT('',(-100.063187,-291.292572,-43.56086));
#247=VERTEX_POINT('',#246);
#248=CARTESIAN_POINT('',(-90.712265,-300.611511,-43.56086));
#249=VERTEX_POINT('',#248);
#250=CARTESIAN_POINT('',(-87.86631,-301.455658,-43.56086));
#251=VERTEX_POINT('',#250);
#252=CARTESIAN_POINT('',(-96.379593,-298.842712,-43.56086));
#253=VERTEX_POINT('',#252);
#254=CARTESIAN_POINT('',(-93.55011,-299.740509,-43.56086));
#255=VERTEX_POINT('',#254);
#256=CARTESIAN_POINT('',(-85.012505,-302.272858,-43.56086));
#257=VERTEX_POINT('',#256);
#258=CARTESIAN_POINT('',(-82.1511,-303.063019,-43.56086));
#259=VERTEX_POINT('',#258);
#260=CARTESIAN_POINT('',(-79.282356,-303.826111,-43.56086));
#261=VERTEX_POINT('',#260);
#262=CARTESIAN_POINT('',(-83.388062,-296.496918,-43.56086));
#263=VERTEX_POINT('',#262);
#264=CARTESIAN_POINT('',(-77.767403,-298.020508,-43.56086));
#265=VERTEX_POINT('',#264);
#266=CARTESIAN_POINT('',(-80.581337,-297.272003,-43.56086));
#267=VERTEX_POINT('',#266);
#268=CARTESIAN_POINT('',(-91.762527,-294.013,-43.56086));
#269=VERTEX_POINT('',#268);
#270=CARTESIAN_POINT('',(-94.537941,-293.132355,-43.56086));
#271=VERTEX_POINT('',#270);
#272=CARTESIAN_POINT('',(-88.978905,-294.86734,-43.56086));
#273=VERTEX_POINT('',#272);
#274=CARTESIAN_POINT('',(-86.18734,-295.695343,-43.56086));
#275=VERTEX_POINT('',#274);
#276=CARTESIAN_POINT('',(-137.648544,-282.221344,-43.56086));
#277=VERTEX_POINT('',#276);
#278=CARTESIAN_POINT('',(-135.018311,-276.828552,-43.56086));
#279=VERTEX_POINT('',#278);
#280=CARTESIAN_POINT('',(-134.97435,-283.51001,-43.56086));
#281=VERTEX_POINT('',#280);
#282=CARTESIAN_POINT('',(-132.288086,-284.773346,-43.56086));
#283=VERTEX_POINT('',#282);
#284=CARTESIAN_POINT('',(-129.590012,-286.01123,-43.56086));
#285=VERTEX_POINT('',#284);
#286=CARTESIAN_POINT('',(-126.880348,-287.223572,-43.56086));
#287=VERTEX_POINT('',#286);
#288=CARTESIAN_POINT('',(-129.760284,-279.331818,-43.56086));
#289=VERTEX_POINT('',#288);
#290=CARTESIAN_POINT('',(-127.113762,-280.546051,-43.56086));
#291=VERTEX_POINT('',#290);
#292=CARTESIAN_POINT('',(-119.106979,-284.037903,-43.56086));
#293=VERTEX_POINT('',#292);
#294=CARTESIAN_POINT('',(-116.416435,-285.151215,-43.56086));
#295=VERTEX_POINT('',#294);
#296=CARTESIAN_POINT('',(-124.455879,-281.735229,-43.56086));
#297=VERTEX_POINT('',#296);
#298=CARTESIAN_POINT('',(-121.786873,-282.8992,-43.56086));
#299=VERTEX_POINT('',#298);
#300=CARTESIAN_POINT('',(-132.395218,-278.092621,-43.56086));
#301=VERTEX_POINT('',#300);
#302=CARTESIAN_POINT('',(-113.715492,-286.239044,-43.56086));
#303=VERTEX_POINT('',#302);
#304=CARTESIAN_POINT('',(-111.004387,-287.30127,-43.56086));
#305=VERTEX_POINT('',#304);
#306=CARTESIAN_POINT('',(-76.406525,-304.562042,-43.56086));
#307=VERTEX_POINT('',#306);
#308=CARTESIAN_POINT('',(-73.523865,-305.270782,-43.56086));
#309=VERTEX_POINT('',#308);
#310=CARTESIAN_POINT('',(-67.73909,-306.606293,-43.56086));
#311=VERTEX_POINT('',#310);
#312=CARTESIAN_POINT('',(-70.634628,-305.952209,-43.56086));
#313=VERTEX_POINT('',#312);
#314=CARTESIAN_POINT('',(-59.017166,-308.4039,-43.460861));
#315=VERTEX_POINT('',#314);
#316=CARTESIAN_POINT('',(-64.837486,-307.232971,-43.56086));
#317=VERTEX_POINT('',#316);
#318=CARTESIAN_POINT('',(-61.930092,-307.832214,-43.56086));
#319=VERTEX_POINT('',#318);
#320=CARTESIAN_POINT('',(-61.075142,-308,-43.56086));
#321=VERTEX_POINT('',#320);
#322=CARTESIAN_POINT('',(-61.075142,-308,-43.460861));
#323=VERTEX_POINT('',#322);
#324=CARTESIAN_POINT('',(-56.098961,-308.948059,-43.460861));
#325=VERTEX_POINT('',#324);
#326=CARTESIAN_POINT('',(-53.175743,-309.4646,-43.460861));
#327=VERTEX_POINT('',#326);
#328=CARTESIAN_POINT('',(-50.247776,-309.953491,-43.460861));
#329=VERTEX_POINT('',#328);
#330=CARTESIAN_POINT('',(-47.315315,-310.414673,-43.460861));
#331=VERTEX_POINT('',#330);
#332=CARTESIAN_POINT('',(-44.378624,-310.848083,-43.460861));
#333=VERTEX_POINT('',#332);
#334=CARTESIAN_POINT('',(-41.437969,-311.253754,-43.460861));
#335=VERTEX_POINT('',#334);
#336=CARTESIAN_POINT('',(-46.411198,-304.483185,-43.56086));
#337=VERTEX_POINT('',#336);
#338=CARTESIAN_POINT('',(-43.530624,-304.908325,-43.56086));
#339=VERTEX_POINT('',#338);
#340=CARTESIAN_POINT('',(-40.64616,-305.306213,-43.56086));
#341=VERTEX_POINT('',#340);
#342=CARTESIAN_POINT('',(-69.284927,-300.105988,-43.56086));
#343=VERTEX_POINT('',#342);
#344=CARTESIAN_POINT('',(-74.946526,-298.742401,-43.56086));
#345=VERTEX_POINT('',#344);
#346=CARTESIAN_POINT('',(-72.11895,-299.437561,-43.56086));
#347=VERTEX_POINT('',#346);
#348=CARTESIAN_POINT('',(-66.44471,-300.747559,-43.56086));
#349=VERTEX_POINT('',#348);
#350=CARTESIAN_POINT('',(-63.598553,-301.362274,-43.56086));
#351=VERTEX_POINT('',#350);
#352=CARTESIAN_POINT('',(-57.88945,-302.510834,-43.56086));
#353=VERTEX_POINT('',#352);
#354=CARTESIAN_POINT('',(-60.746716,-301.950043,-43.56086));
#355=VERTEX_POINT('',#354);
#356=CARTESIAN_POINT('',(-55.027008,-303.044586,-43.56086));
#357=VERTEX_POINT('',#356);
#358=CARTESIAN_POINT('',(-52.159649,-303.55127,-43.56086));
#359=VERTEX_POINT('',#358);
#360=CARTESIAN_POINT('',(-49.287624,-304.030792,-43.56086));
#361=VERTEX_POINT('',#360);
#362=CARTESIAN_POINT('',(-29.640944,-312.597839,-43.460861));
#363=VERTEX_POINT('',#362);
#364=CARTESIAN_POINT('',(-26.684404,-312.864105,-43.460861));
#365=VERTEX_POINT('',#364);
#366=CARTESIAN_POINT('',(-23.725479,-313.102386,-43.460861));
#367=VERTEX_POINT('',#366);
#368=CARTESIAN_POINT('',(-20.764435,-313.312683,-43.460861));
#369=VERTEX_POINT('',#368);
#370=CARTESIAN_POINT('',(-38.49361,-311.631592,-43.460861));
#371=VERTEX_POINT('',#370);
#372=CARTESIAN_POINT('',(-35.545811,-311.981567,-43.460861));
#373=VERTEX_POINT('',#372);
#374=CARTESIAN_POINT('',(-32.594833,-312.30365,-43.460861));
#375=VERTEX_POINT('',#374);
#376=CARTESIAN_POINT('',(-37.75806,-305.676849,-43.56086));
#377=VERTEX_POINT('',#376);
#378=CARTESIAN_POINT('',(-34.866589,-306.020142,-43.56086));
#379=VERTEX_POINT('',#378);
#380=CARTESIAN_POINT('',(-31.972002,-306.33609,-43.56086));
#381=VERTEX_POINT('',#380);
#382=CARTESIAN_POINT('',(-29.074554,-306.624634,-43.56086));
#383=VERTEX_POINT('',#382);
#384=CARTESIAN_POINT('',(-26.174511,-306.885803,-43.56086));
#385=VERTEX_POINT('',#384);
#386=CARTESIAN_POINT('',(-23.272127,-307.119537,-43.56086));
#387=VERTEX_POINT('',#386);
#388=CARTESIAN_POINT('',(-20.367662,-307.325806,-43.56086));
#389=VERTEX_POINT('',#388);
#390=CARTESIAN_POINT('',(-17.801535,-313.494995,-43.460861));
#391=VERTEX_POINT('',#390);
#392=CARTESIAN_POINT('',(-14.837044,-313.649261,-43.460861));
#393=VERTEX_POINT('',#392);
#394=CARTESIAN_POINT('',(-11.871227,-313.775513,-43.460861));
#395=VERTEX_POINT('',#394);
#396=CARTESIAN_POINT('',(-8.904348,-313.873718,-43.460861));
#397=VERTEX_POINT('',#396);
#398=CARTESIAN_POINT('',(-5.936675,-313.943878,-43.460861));
#399=VERTEX_POINT('',#398);
#400=CARTESIAN_POINT('',(-2.96847,-313.985962,-43.460861));
#401=VERTEX_POINT('',#400);
#402=CARTESIAN_POINT('',(-17.461378,-307.504639,-43.56086));
#403=VERTEX_POINT('',#402);
#404=CARTESIAN_POINT('',(-14.553534,-307.655975,-43.56086));
#405=VERTEX_POINT('',#404);
#406=CARTESIAN_POINT('',(-11.644388,-307.779816,-43.56086));
#407=VERTEX_POINT('',#406);
#408=CARTESIAN_POINT('',(-8.734201,-307.876129,-43.56086));
#409=VERTEX_POINT('',#408);
#410=CARTESIAN_POINT('',(-5.823235,-307.944946,-43.56086));
#411=VERTEX_POINT('',#410);
#412=CARTESIAN_POINT('',(-2.911748,-307.986237,-43.56086));
#413=VERTEX_POINT('',#412);
#414=CARTESIAN_POINT('',(-115.930733,-291.815125,-30.460861));
#415=VERTEX_POINT('',#414);
#416=CARTESIAN_POINT('',(-115.959412,-291.803558,-30.360861));
#417=VERTEX_POINT('',#416);
#418=CARTESIAN_POINT('',(-115.930733,-291.815125,-30.360861));
#419=VERTEX_POINT('',#418);
#420=CARTESIAN_POINT('',(-124.15934,-288.410217,-30.460861));
#421=VERTEX_POINT('',#420);
#422=CARTESIAN_POINT('',(-121.427238,-289.571106,-30.460861));
#423=VERTEX_POINT('',#422);
#424=CARTESIAN_POINT('',(-118.684288,-290.706116,-30.460861));
#425=VERTEX_POINT('',#424);
#426=CARTESIAN_POINT('',(-124.15934,-288.410217,-30.360861));
#427=VERTEX_POINT('',#426);
#428=CARTESIAN_POINT('',(-104.815353,-295.989441,-30.460861));
#429=VERTEX_POINT('',#428);
#430=CARTESIAN_POINT('',(-101.991165,-296.974304,-30.460861));
#431=VERTEX_POINT('',#430);
#432=CARTESIAN_POINT('',(-102.012466,-296.967102,-30.460861));
#433=VERTEX_POINT('',#432);
#434=CARTESIAN_POINT('',(-102.012466,-296.967102,-30.418756));
#435=VERTEX_POINT('',#434);
#436=CARTESIAN_POINT('',(-99.200462,-297.918213,-30.460861));
#437=VERTEX_POINT('',#436);
#438=CARTESIAN_POINT('',(-104.844452,-295.978973,-30.360861));
#439=VERTEX_POINT('',#438);
#440=CARTESIAN_POINT('',(-104.815353,-295.989441,-30.360861));
#441=VERTEX_POINT('',#440);
#442=CARTESIAN_POINT('',(-113.145798,-292.906067,-30.460861));
#443=VERTEX_POINT('',#442);
#444=CARTESIAN_POINT('',(-113.166809,-292.898071,-30.460861));
#445=VERTEX_POINT('',#444);
#446=CARTESIAN_POINT('',(-110.392776,-293.954803,-30.460861));
#447=VERTEX_POINT('',#446);
#448=CARTESIAN_POINT('',(-107.608871,-294.985291,-30.460861));
#449=VERTEX_POINT('',#448);
#450=CARTESIAN_POINT('',(-113.166809,-292.898071,-30.360861));
#451=VERTEX_POINT('',#450);
#452=CARTESIAN_POINT('',(-110.392776,-293.954803,-30.360861));
#453=VERTEX_POINT('',#452);
#454=CARTESIAN_POINT('',(-108.283356,-288.33786,-30.460861));
#455=VERTEX_POINT('',#454);
#456=CARTESIAN_POINT('',(-97.304909,-292.225525,-30.460861));
#457=VERTEX_POINT('',#456);
#458=CARTESIAN_POINT('',(-102.812515,-290.333588,-30.460861));
#459=VERTEX_POINT('',#458);
#460=CARTESIAN_POINT('',(-105.55265,-289.348633,-30.460861));
#461=VERTEX_POINT('',#460);
#462=CARTESIAN_POINT('',(-100.063187,-291.292572,-30.460861));
#463=VERTEX_POINT('',#462);
#464=CARTESIAN_POINT('',(-90.712265,-300.611511,-30.460861));
#465=VERTEX_POINT('',#464);
#466=CARTESIAN_POINT('',(-87.86631,-301.455658,-30.460861));
#467=VERTEX_POINT('',#466);
#468=CARTESIAN_POINT('',(-87.86631,-301.455658,-30.360861));
#469=VERTEX_POINT('',#468);
#470=CARTESIAN_POINT('',(-96.379593,-298.842712,-30.460861));
#471=VERTEX_POINT('',#470);
#472=CARTESIAN_POINT('',(-93.55011,-299.740509,-30.460861));
#473=VERTEX_POINT('',#472);
#474=CARTESIAN_POINT('',(-85.012505,-302.272858,-30.460861));
#475=VERTEX_POINT('',#474);
#476=CARTESIAN_POINT('',(-82.1511,-303.063019,-30.460861));
#477=VERTEX_POINT('',#476);
#478=CARTESIAN_POINT('',(-79.282356,-303.826111,-30.460861));
#479=VERTEX_POINT('',#478);
#480=CARTESIAN_POINT('',(-85.012505,-302.272858,-30.360861));
#481=VERTEX_POINT('',#480);
#482=CARTESIAN_POINT('',(-82.1511,-303.063019,-30.360861));
#483=VERTEX_POINT('',#482);
#484=CARTESIAN_POINT('',(-79.282356,-303.826111,-30.360861));
#485=VERTEX_POINT('',#484);
#486=CARTESIAN_POINT('',(-83.388062,-296.496918,-30.460861));
#487=VERTEX_POINT('',#486);
#488=CARTESIAN_POINT('',(-77.767403,-298.020508,-30.460861));
#489=VERTEX_POINT('',#488);
#490=CARTESIAN_POINT('',(-80.581337,-297.272003,-30.460861));
#491=VERTEX_POINT('',#490);
#492=CARTESIAN_POINT('',(-91.762527,-294.013,-30.460861));
#493=VERTEX_POINT('',#492);
#494=CARTESIAN_POINT('',(-94.537941,-293.132355,-30.460861));
#495=VERTEX_POINT('',#494);
#496=CARTESIAN_POINT('',(-88.978905,-294.86734,-30.460861));
#497=VERTEX_POINT('',#496);
#498=CARTESIAN_POINT('',(-86.18734,-295.695343,-30.460861));
#499=VERTEX_POINT('',#498);
#500=CARTESIAN_POINT('',(-115.930733,-291.815125,-20.860861));
#501=VERTEX_POINT('',#500);
#502=CARTESIAN_POINT('',(-124.15934,-288.410217,-20.860861));
#503=VERTEX_POINT('',#502);
#504=CARTESIAN_POINT('',(-121.427238,-289.571106,-20.860861));
#505=VERTEX_POINT('',#504);
#506=CARTESIAN_POINT('',(-118.684288,-290.706116,-20.860861));
#507=VERTEX_POINT('',#506);
#508=CARTESIAN_POINT('',(-104.815353,-295.989441,-20.860861));
#509=VERTEX_POINT('',#508);
#510=CARTESIAN_POINT('',(-102.012466,-296.967102,-20.860861));
#511=VERTEX_POINT('',#510);
#512=CARTESIAN_POINT('',(-99.200462,-297.918213,-20.860861));
#513=VERTEX_POINT('',#512);
#514=CARTESIAN_POINT('',(-113.166809,-292.898071,-20.860861));
#515=VERTEX_POINT('',#514);
#516=CARTESIAN_POINT('',(-110.392776,-293.954803,-20.860861));
#517=VERTEX_POINT('',#516);
#518=CARTESIAN_POINT('',(-107.608871,-294.985291,-20.860861));
#519=VERTEX_POINT('',#518);
#520=CARTESIAN_POINT('',(-90.712265,-300.611511,-20.860861));
#521=VERTEX_POINT('',#520);
#522=CARTESIAN_POINT('',(-87.86631,-301.455658,-20.860861));
#523=VERTEX_POINT('',#522);
#524=CARTESIAN_POINT('',(-96.379593,-298.842712,-20.860861));
#525=VERTEX_POINT('',#524);
#526=CARTESIAN_POINT('',(-93.55011,-299.740509,-20.860861));
#527=VERTEX_POINT('',#526);
#528=CARTESIAN_POINT('',(-85.012505,-302.272858,-20.860861));
#529=VERTEX_POINT('',#528);
#530=CARTESIAN_POINT('',(-82.1511,-303.063019,-20.860861));
#531=VERTEX_POINT('',#530);
#532=CARTESIAN_POINT('',(-79.282356,-303.826111,-20.860861));
#533=VERTEX_POINT('',#532);
#534=CARTESIAN_POINT('',(-137.648544,-282.221344,-30.460861));
#535=VERTEX_POINT('',#534);
#536=CARTESIAN_POINT('',(-137.648544,-282.221344,-30.360861));
#537=VERTEX_POINT('',#536);
#538=CARTESIAN_POINT('',(-135.018311,-276.828552,-30.460861));
#539=VERTEX_POINT('',#538);
#540=CARTESIAN_POINT('',(-135.018311,-276.828552,-30.360861));
#541=VERTEX_POINT('',#540);
#542=CARTESIAN_POINT('',(-134.97435,-283.51001,-30.460861));
#543=VERTEX_POINT('',#542);
#544=CARTESIAN_POINT('',(-132.288086,-284.773346,-30.460861));
#545=VERTEX_POINT('',#544);
#546=CARTESIAN_POINT('',(-129.590012,-286.01123,-30.460861));
#547=VERTEX_POINT('',#546);
#548=CARTESIAN_POINT('',(-126.880348,-287.223572,-30.460861));
#549=VERTEX_POINT('',#548);
#550=CARTESIAN_POINT('',(-126.880348,-287.223572,-30.360861));
#551=VERTEX_POINT('',#550);
#552=CARTESIAN_POINT('',(-129.760284,-279.331818,-30.460861));
#553=VERTEX_POINT('',#552);
#554=CARTESIAN_POINT('',(-127.113762,-280.546051,-30.460861));
#555=VERTEX_POINT('',#554);
#556=CARTESIAN_POINT('',(-119.106979,-284.037903,-30.460861));
#557=VERTEX_POINT('',#556);
#558=CARTESIAN_POINT('',(-116.416435,-285.151215,-30.460861));
#559=VERTEX_POINT('',#558);
#560=CARTESIAN_POINT('',(-124.455879,-281.735229,-30.460861));
#561=VERTEX_POINT('',#560);
#562=CARTESIAN_POINT('',(-121.786873,-282.8992,-30.460861));
#563=VERTEX_POINT('',#562);
#564=CARTESIAN_POINT('',(-132.395218,-278.092621,-30.460861));
#565=VERTEX_POINT('',#564);
#566=CARTESIAN_POINT('',(-124.080956,-254.403656,-30.460861));
#567=VERTEX_POINT('',#566);
#568=CARTESIAN_POINT('',(-121.670349,-255.565308,-30.460861));
#569=VERTEX_POINT('',#568);
#570=CARTESIAN_POINT('',(-119.248863,-256.704132,-30.460861));
#571=VERTEX_POINT('',#570);
#572=CARTESIAN_POINT('',(-116.816727,-257.820007,-30.460861));
#573=VERTEX_POINT('',#572);
#574=CARTESIAN_POINT('',(-113.715492,-286.239044,-30.460861));
#575=VERTEX_POINT('',#574);
#576=CARTESIAN_POINT('',(-111.004387,-287.30127,-30.460861));
#577=VERTEX_POINT('',#576);
#578=CARTESIAN_POINT('',(-81.771042,-270.981171,-30.460861));
#579=VERTEX_POINT('',#578);
#580=CARTESIAN_POINT('',(-79.205605,-271.742126,-30.460861));
#581=VERTEX_POINT('',#580);
#582=CARTESIAN_POINT('',(-104.503799,-263.051819,-30.460861));
#583=VERTEX_POINT('',#582);
#584=CARTESIAN_POINT('',(-102.012314,-264.028015,-30.460861));
#585=VERTEX_POINT('',#584);
#586=CARTESIAN_POINT('',(-99.511703,-264.980621,-30.460861));
#587=VERTEX_POINT('',#586);
#588=CARTESIAN_POINT('',(-97.002205,-265.909515,-30.460861));
#589=VERTEX_POINT('',#588);
#590=CARTESIAN_POINT('',(-114.374146,-258.912842,-30.460861));
#591=VERTEX_POINT('',#590);
#592=CARTESIAN_POINT('',(-111.921341,-259.982544,-30.460861));
#593=VERTEX_POINT('',#592);
#594=CARTESIAN_POINT('',(-109.458534,-261.028992,-30.460861));
#595=VERTEX_POINT('',#594);
#596=CARTESIAN_POINT('',(-106.985947,-262.052124,-30.460861));
#597=VERTEX_POINT('',#596);
#598=CARTESIAN_POINT('',(-91.957413,-267.695984,-30.460861));
#599=VERTEX_POINT('',#598);
#600=CARTESIAN_POINT('',(-86.879753,-269.386719,-30.460861));
#601=VERTEX_POINT('',#600);
#602=CARTESIAN_POINT('',(-89.422585,-268.553345,-30.460861));
#603=VERTEX_POINT('',#602);
#604=CARTESIAN_POINT('',(-94.484032,-266.814667,-30.460861));
#605=VERTEX_POINT('',#604);
#606=CARTESIAN_POINT('',(-84.329163,-270.196014,-30.460861));
#607=VERTEX_POINT('',#606);
#608=CARTESIAN_POINT('',(-137.648544,-282.221344,-20.860861));
#609=VERTEX_POINT('',#608);
#610=CARTESIAN_POINT('',(-134.97435,-283.51001,-20.860861));
#611=VERTEX_POINT('',#610);
#612=CARTESIAN_POINT('',(-132.288086,-284.773346,-20.860861));
#613=VERTEX_POINT('',#612);
#614=CARTESIAN_POINT('',(-129.590012,-286.01123,-20.860861));
#615=VERTEX_POINT('',#614);
#616=CARTESIAN_POINT('',(-126.880348,-287.223572,-20.860861));
#617=VERTEX_POINT('',#616);
#618=CARTESIAN_POINT('',(-124.080956,-254.403656,-20.860861));
#619=VERTEX_POINT('',#618);
#620=CARTESIAN_POINT('',(-121.670349,-255.565308,-20.860861));
#621=VERTEX_POINT('',#620);
#622=CARTESIAN_POINT('',(-119.248863,-256.704132,-20.860861));
#623=VERTEX_POINT('',#622);
#624=CARTESIAN_POINT('',(-116.816727,-257.820007,-20.860861));
#625=VERTEX_POINT('',#624);
#626=CARTESIAN_POINT('',(-81.771042,-270.981171,-20.860861));
#627=VERTEX_POINT('',#626);
#628=CARTESIAN_POINT('',(-79.205605,-271.742126,-20.860861));
#629=VERTEX_POINT('',#628);
#630=CARTESIAN_POINT('',(-104.503799,-263.051819,-20.860861));
#631=VERTEX_POINT('',#630);
#632=CARTESIAN_POINT('',(-102.012314,-264.028015,-20.860861));
#633=VERTEX_POINT('',#632);
#634=CARTESIAN_POINT('',(-99.511703,-264.980621,-20.860861));
#635=VERTEX_POINT('',#634);
#636=CARTESIAN_POINT('',(-97.002205,-265.909515,-20.860861));
#637=VERTEX_POINT('',#636);
#638=CARTESIAN_POINT('',(-114.374146,-258.912842,-20.860861));
#639=VERTEX_POINT('',#638);
#640=CARTESIAN_POINT('',(-111.921341,-259.982544,-20.860861));
#641=VERTEX_POINT('',#640);
#642=CARTESIAN_POINT('',(-109.458534,-261.028992,-20.860861));
#643=VERTEX_POINT('',#642);
#644=CARTESIAN_POINT('',(-106.985947,-262.052124,-20.860861));
#645=VERTEX_POINT('',#644);
#646=CARTESIAN_POINT('',(-91.957413,-267.695984,-20.860861));
#647=VERTEX_POINT('',#646);
#648=CARTESIAN_POINT('',(-86.879753,-269.386719,-20.860861));
#649=VERTEX_POINT('',#648);
#650=CARTESIAN_POINT('',(-89.422585,-268.553345,-20.860861));
#651=VERTEX_POINT('',#650);
#652=CARTESIAN_POINT('',(-94.484032,-266.814667,-20.860861));
#653=VERTEX_POINT('',#652);
#654=CARTESIAN_POINT('',(-84.329163,-270.196014,-20.860861));
#655=VERTEX_POINT('',#654);
#656=CARTESIAN_POINT('',(-76.406525,-304.562042,-30.460861));
#657=VERTEX_POINT('',#656);
#658=CARTESIAN_POINT('',(-73.523865,-305.270782,-30.460861));
#659=VERTEX_POINT('',#658);
#660=CARTESIAN_POINT('',(-67.73909,-306.606293,-30.460861));
#661=VERTEX_POINT('',#660);
#662=CARTESIAN_POINT('',(-67.717102,-306.611023,-30.460861));
#663=VERTEX_POINT('',#662);
#664=CARTESIAN_POINT('',(-70.634628,-305.952209,-30.460861));
#665=VERTEX_POINT('',#664);
#666=CARTESIAN_POINT('',(-73.523865,-305.270782,-30.360861));
#667=VERTEX_POINT('',#666);
#668=CARTESIAN_POINT('',(-67.73909,-306.606293,-30.360861));
#669=VERTEX_POINT('',#668);
#670=CARTESIAN_POINT('',(-70.664726,-305.945099,-30.360861));
#671=VERTEX_POINT('',#670);
#672=CARTESIAN_POINT('',(-59.017166,-308.4039,-30.460861));
#673=VERTEX_POINT('',#672);
#674=CARTESIAN_POINT('',(-64.81546,-307.237518,-30.460861));
#675=VERTEX_POINT('',#674);
#676=CARTESIAN_POINT('',(-64.837486,-307.232971,-30.460861));
#677=VERTEX_POINT('',#676);
#678=CARTESIAN_POINT('',(-61.930092,-307.832214,-30.460861));
#679=VERTEX_POINT('',#678);
#680=CARTESIAN_POINT('',(-64.837486,-307.232971,-30.360861));
#681=VERTEX_POINT('',#680);
#682=CARTESIAN_POINT('',(-61.930092,-307.832214,-30.360861));
#683=VERTEX_POINT('',#682);
#684=CARTESIAN_POINT('',(-56.098961,-308.948059,-30.460861));
#685=VERTEX_POINT('',#684);
#686=CARTESIAN_POINT('',(-53.175743,-309.4646,-30.460861));
#687=VERTEX_POINT('',#686);
#688=CARTESIAN_POINT('',(-50.247776,-309.953491,-30.460861));
#689=VERTEX_POINT('',#688);
#690=CARTESIAN_POINT('',(-47.315315,-310.414673,-30.460861));
#691=VERTEX_POINT('',#690);
#692=CARTESIAN_POINT('',(-44.378624,-310.848083,-30.460861));
#693=VERTEX_POINT('',#692);
#694=CARTESIAN_POINT('',(-41.437969,-311.253754,-30.460861));
#695=VERTEX_POINT('',#694);
#696=CARTESIAN_POINT('',(-46.411198,-304.483185,-30.460861));
#697=VERTEX_POINT('',#696);
#698=CARTESIAN_POINT('',(-43.530624,-304.908325,-30.460861));
#699=VERTEX_POINT('',#698);
#700=CARTESIAN_POINT('',(-40.64616,-305.306213,-30.460861));
#701=VERTEX_POINT('',#700);
#702=CARTESIAN_POINT('',(-69.284927,-300.105988,-30.460861));
#703=VERTEX_POINT('',#702);
#704=CARTESIAN_POINT('',(-74.946526,-298.742401,-30.460861));
#705=VERTEX_POINT('',#704);
#706=CARTESIAN_POINT('',(-72.11895,-299.437561,-30.460861));
#707=VERTEX_POINT('',#706);
#708=CARTESIAN_POINT('',(-66.44471,-300.747559,-30.460861));
#709=VERTEX_POINT('',#708);
#710=CARTESIAN_POINT('',(-63.598553,-301.362274,-30.460861));
#711=VERTEX_POINT('',#710);
#712=CARTESIAN_POINT('',(-57.88945,-302.510834,-30.460861));
#713=VERTEX_POINT('',#712);
#714=CARTESIAN_POINT('',(-60.746716,-301.950043,-30.460861));
#715=VERTEX_POINT('',#714);
#716=CARTESIAN_POINT('',(-55.027008,-303.044586,-30.460861));
#717=VERTEX_POINT('',#716);
#718=CARTESIAN_POINT('',(-52.159649,-303.55127,-30.460861));
#719=VERTEX_POINT('',#718);
#720=CARTESIAN_POINT('',(-49.287624,-304.030792,-30.460861));
#721=VERTEX_POINT('',#720);
#722=CARTESIAN_POINT('',(-29.640944,-312.597839,-30.460861));
#723=VERTEX_POINT('',#722);
#724=CARTESIAN_POINT('',(-26.684404,-312.864105,-30.460861));
#725=VERTEX_POINT('',#724);
#726=CARTESIAN_POINT('',(-23.725479,-313.102386,-30.460861));
#727=VERTEX_POINT('',#726);
#728=CARTESIAN_POINT('',(-23.703047,-313.103973,-30.460861));
#729=VERTEX_POINT('',#728);
#730=CARTESIAN_POINT('',(-20.764435,-313.312683,-30.460861));
#731=VERTEX_POINT('',#730);
#732=CARTESIAN_POINT('',(-20.741989,-313.314056,-30.460861));
#733=VERTEX_POINT('',#732);
#734=CARTESIAN_POINT('',(-23.725479,-313.102386,-30.360861));
#735=VERTEX_POINT('',#734);
#736=CARTESIAN_POINT('',(-20.764435,-313.312683,-30.360861));
#737=VERTEX_POINT('',#736);
#738=CARTESIAN_POINT('',(-38.49361,-311.631592,-30.460861));
#739=VERTEX_POINT('',#738);
#740=CARTESIAN_POINT('',(-35.545811,-311.981567,-30.460861));
#741=VERTEX_POINT('',#740);
#742=CARTESIAN_POINT('',(-32.594833,-312.30365,-30.460861));
#743=VERTEX_POINT('',#742);
#744=CARTESIAN_POINT('',(-38.49361,-311.631592,-30.360861));
#745=VERTEX_POINT('',#744);
#746=CARTESIAN_POINT('',(-35.545811,-311.981567,-30.360861));
#747=VERTEX_POINT('',#746);
#748=CARTESIAN_POINT('',(-37.75806,-305.676849,-30.460861));
#749=VERTEX_POINT('',#748);
#750=CARTESIAN_POINT('',(-34.866589,-306.020142,-30.460861));
#751=VERTEX_POINT('',#750);
#752=CARTESIAN_POINT('',(-31.972002,-306.33609,-30.460861));
#753=VERTEX_POINT('',#752);
#754=CARTESIAN_POINT('',(-29.074554,-306.624634,-30.460861));
#755=VERTEX_POINT('',#754);
#756=CARTESIAN_POINT('',(-26.174511,-306.885803,-30.460861));
#757=VERTEX_POINT('',#756);
#758=CARTESIAN_POINT('',(-23.272127,-307.119537,-30.460861));
#759=VERTEX_POINT('',#758);
#760=CARTESIAN_POINT('',(-20.367662,-307.325806,-30.460861));
#761=VERTEX_POINT('',#760);
#762=CARTESIAN_POINT('',(-17.801535,-313.494995,-30.460861));
#763=VERTEX_POINT('',#762);
#764=CARTESIAN_POINT('',(-14.837044,-313.649261,-30.460861));
#765=VERTEX_POINT('',#764);
#766=CARTESIAN_POINT('',(-11.871227,-313.775513,-30.460861));
#767=VERTEX_POINT('',#766);
#768=CARTESIAN_POINT('',(-17.801535,-313.494995,-30.360861));
#769=VERTEX_POINT('',#768);
#770=CARTESIAN_POINT('',(-14.837044,-313.649261,-30.360861));
#771=VERTEX_POINT('',#770);
#772=CARTESIAN_POINT('',(-8.904348,-313.873718,-30.460861));
#773=VERTEX_POINT('',#772);
#774=CARTESIAN_POINT('',(-5.936675,-313.943878,-30.460861));
#775=VERTEX_POINT('',#774);
#776=CARTESIAN_POINT('',(-2.96847,-313.985962,-30.460861));
#777=VERTEX_POINT('',#776);
#778=CARTESIAN_POINT('',(-17.461378,-307.504639,-30.460861));
#779=VERTEX_POINT('',#778);
#780=CARTESIAN_POINT('',(-14.553534,-307.655975,-30.460861));
#781=VERTEX_POINT('',#780);
#782=CARTESIAN_POINT('',(-11.644388,-307.779816,-30.460861));
#783=VERTEX_POINT('',#782);
#784=CARTESIAN_POINT('',(-8.734201,-307.876129,-30.460861));
#785=VERTEX_POINT('',#784);
#786=CARTESIAN_POINT('',(-5.823235,-307.944946,-30.460861));
#787=VERTEX_POINT('',#786);
#788=CARTESIAN_POINT('',(-2.911748,-307.986237,-30.460861));
#789=VERTEX_POINT('',#788);
#790=CARTESIAN_POINT('',(-76.406525,-304.562042,-20.860861));
#791=VERTEX_POINT('',#790);
#792=CARTESIAN_POINT('',(-73.523865,-305.270782,-20.860861));
#793=VERTEX_POINT('',#792);
#794=CARTESIAN_POINT('',(-67.73909,-306.606293,-20.860861));
#795=VERTEX_POINT('',#794);
#796=CARTESIAN_POINT('',(-70.634628,-305.952209,-20.860861));
#797=VERTEX_POINT('',#796);
#798=CARTESIAN_POINT('',(-59.017166,-308.4039,-20.860861));
#799=VERTEX_POINT('',#798);
#800=CARTESIAN_POINT('',(-64.837486,-307.232971,-20.860861));
#801=VERTEX_POINT('',#800);
#802=CARTESIAN_POINT('',(-61.930092,-307.832214,-20.860861));
#803=VERTEX_POINT('',#802);
#804=CARTESIAN_POINT('',(-56.098961,-308.948059,-20.860861));
#805=VERTEX_POINT('',#804);
#806=CARTESIAN_POINT('',(-53.175743,-309.4646,-20.860861));
#807=VERTEX_POINT('',#806);
#808=CARTESIAN_POINT('',(-50.247776,-309.953491,-20.860861));
#809=VERTEX_POINT('',#808);
#810=CARTESIAN_POINT('',(-47.315315,-310.414673,-20.860861));
#811=VERTEX_POINT('',#810);
#812=CARTESIAN_POINT('',(-44.378624,-310.848083,-20.860861));
#813=VERTEX_POINT('',#812);
#814=CARTESIAN_POINT('',(-41.437969,-311.253754,-20.860861));
#815=VERTEX_POINT('',#814);
#816=CARTESIAN_POINT('',(-29.640944,-312.597839,-20.860861));
#817=VERTEX_POINT('',#816);
#818=CARTESIAN_POINT('',(-26.684404,-312.864105,-20.860861));
#819=VERTEX_POINT('',#818);
#820=CARTESIAN_POINT('',(-23.725479,-313.102386,-20.860861));
#821=VERTEX_POINT('',#820);
#822=CARTESIAN_POINT('',(-20.764435,-313.312683,-20.860861));
#823=VERTEX_POINT('',#822);
#824=CARTESIAN_POINT('',(-38.49361,-311.631592,-20.860861));
#825=VERTEX_POINT('',#824);
#826=CARTESIAN_POINT('',(-35.545811,-311.981567,-20.860861));
#827=VERTEX_POINT('',#826);
#828=CARTESIAN_POINT('',(-32.594833,-312.30365,-20.860861));
#829=VERTEX_POINT('',#828);
#830=CARTESIAN_POINT('',(-17.801535,-313.494995,-20.860861));
#831=VERTEX_POINT('',#830);
#832=CARTESIAN_POINT('',(-14.837044,-313.649261,-20.860861));
#833=VERTEX_POINT('',#832);
#834=CARTESIAN_POINT('',(-11.871227,-313.775513,-20.860861));
#835=VERTEX_POINT('',#834);
#836=CARTESIAN_POINT('',(-8.904348,-313.873718,-20.860861));
#837=VERTEX_POINT('',#836);
#838=CARTESIAN_POINT('',(-5.936675,-313.943878,-20.860861));
#839=VERTEX_POINT('',#838);
#840=CARTESIAN_POINT('',(-2.96847,-313.985962,-20.860861));
#841=VERTEX_POINT('',#840);
#842=CARTESIAN_POINT('',(-74.053726,-273.19104,-30.460861));
#843=VERTEX_POINT('',#842);
#844=CARTESIAN_POINT('',(-76.633087,-272.47876,-30.460861));
#845=VERTEX_POINT('',#844);
#846=CARTESIAN_POINT('',(-71.467743,-273.878937,-30.460861));
#847=VERTEX_POINT('',#846);
#848=CARTESIAN_POINT('',(-68.875374,-274.542328,-30.460861));
#849=VERTEX_POINT('',#848);
#850=CARTESIAN_POINT('',(-66.276848,-275.181183,-30.460861));
#851=VERTEX_POINT('',#850);
#852=CARTESIAN_POINT('',(-63.672398,-275.795441,-30.460861));
#853=VERTEX_POINT('',#852);
#854=CARTESIAN_POINT('',(-61.062256,-276.385071,-30.460861));
#855=VERTEX_POINT('',#854);
#856=CARTESIAN_POINT('',(-58.446659,-276.949982,-30.460861));
#857=VERTEX_POINT('',#856);
#858=CARTESIAN_POINT('',(-45.29501,-279.402344,-30.460861));
#859=VERTEX_POINT('',#858);
#860=CARTESIAN_POINT('',(-42.651592,-279.818054,-30.460861));
#861=VERTEX_POINT('',#860);
#862=CARTESIAN_POINT('',(-40.00436,-280.208771,-30.460861));
#863=VERTEX_POINT('',#862);
#864=CARTESIAN_POINT('',(-55.825836,-277.490143,-30.460861));
#865=VERTEX_POINT('',#864);
#866=CARTESIAN_POINT('',(-53.200027,-278.005493,-30.460861));
#867=VERTEX_POINT('',#866);
#868=CARTESIAN_POINT('',(-50.569462,-278.496033,-30.460861));
#869=VERTEX_POINT('',#868);
#870=CARTESIAN_POINT('',(-47.934376,-278.961639,-30.460861));
#871=VERTEX_POINT('',#870);
#872=CARTESIAN_POINT('',(-37.353558,-280.574432,-30.460861));
#873=VERTEX_POINT('',#872);
#874=CARTESIAN_POINT('',(-34.699413,-280.915039,-30.460861));
#875=VERTEX_POINT('',#874);
#876=CARTESIAN_POINT('',(-29.382061,-281.520874,-30.460861));
#877=VERTEX_POINT('',#876);
#878=CARTESIAN_POINT('',(-32.042171,-281.230499,-30.460861));
#879=VERTEX_POINT('',#878);
#880=CARTESIAN_POINT('',(-26.719328,-281.786041,-30.460861));
#881=VERTEX_POINT('',#880);
#882=CARTESIAN_POINT('',(-24.054205,-282.026062,-30.460861));
#883=VERTEX_POINT('',#882);
#884=CARTESIAN_POINT('',(-21.386932,-282.240845,-30.460861));
#885=VERTEX_POINT('',#884);
#886=CARTESIAN_POINT('',(-18.717751,-282.43042,-30.460861));
#887=VERTEX_POINT('',#886);
#888=CARTESIAN_POINT('',(-16.046894,-282.594757,-30.460861));
#889=VERTEX_POINT('',#888);
#890=CARTESIAN_POINT('',(-13.374603,-282.733826,-30.460861));
#891=VERTEX_POINT('',#890);
#892=CARTESIAN_POINT('',(-10.701118,-282.847656,-30.460861));
#893=VERTEX_POINT('',#892);
#894=CARTESIAN_POINT('',(-8.026675,-282.936157,-30.460861));
#895=VERTEX_POINT('',#894);
#896=CARTESIAN_POINT('',(-5.351515,-282.99942,-30.460861));
#897=VERTEX_POINT('',#896);
#898=CARTESIAN_POINT('',(-2.675877,-283.037354,-30.460861));
#899=VERTEX_POINT('',#898);
#900=CARTESIAN_POINT('',(-74.053726,-273.19104,-20.860861));
#901=VERTEX_POINT('',#900);
#902=CARTESIAN_POINT('',(-76.633087,-272.47876,-20.860861));
#903=VERTEX_POINT('',#902);
#904=CARTESIAN_POINT('',(-71.467743,-273.878937,-20.860861));
#905=VERTEX_POINT('',#904);
#906=CARTESIAN_POINT('',(-68.875374,-274.542328,-20.860861));
#907=VERTEX_POINT('',#906);
#908=CARTESIAN_POINT('',(-66.276848,-275.181183,-20.860861));
#909=VERTEX_POINT('',#908);
#910=CARTESIAN_POINT('',(-63.672398,-275.795441,-20.860861));
#911=VERTEX_POINT('',#910);
#912=CARTESIAN_POINT('',(-61.062256,-276.385071,-20.860861));
#913=VERTEX_POINT('',#912);
#914=CARTESIAN_POINT('',(-58.446659,-276.949982,-20.860861));
#915=VERTEX_POINT('',#914);
#916=CARTESIAN_POINT('',(-45.29501,-279.402344,-20.860861));
#917=VERTEX_POINT('',#916);
#918=CARTESIAN_POINT('',(-42.651592,-279.818054,-20.860861));
#919=VERTEX_POINT('',#918);
#920=CARTESIAN_POINT('',(-40.00436,-280.208771,-20.860861));
#921=VERTEX_POINT('',#920);
#922=CARTESIAN_POINT('',(-55.825836,-277.490143,-20.860861));
#923=VERTEX_POINT('',#922);
#924=CARTESIAN_POINT('',(-53.200027,-278.005493,-20.860861));
#925=VERTEX_POINT('',#924);
#926=CARTESIAN_POINT('',(-50.569462,-278.496033,-20.860861));
#927=VERTEX_POINT('',#926);
#928=CARTESIAN_POINT('',(-47.934376,-278.961639,-20.860861));
#929=VERTEX_POINT('',#928);
#930=CARTESIAN_POINT('',(-37.353558,-280.574432,-20.860861));
#931=VERTEX_POINT('',#930);
#932=CARTESIAN_POINT('',(-34.699413,-280.915039,-20.860861));
#933=VERTEX_POINT('',#932);
#934=CARTESIAN_POINT('',(-29.382061,-281.520874,-20.860861));
#935=VERTEX_POINT('',#934);
#936=CARTESIAN_POINT('',(-32.042171,-281.230499,-20.860861));
#937=VERTEX_POINT('',#936);
#938=CARTESIAN_POINT('',(-26.719328,-281.786041,-20.860861));
#939=VERTEX_POINT('',#938);
#940=CARTESIAN_POINT('',(-24.054205,-282.026062,-20.860861));
#941=VERTEX_POINT('',#940);
#942=CARTESIAN_POINT('',(-21.386932,-282.240845,-20.860861));
#943=VERTEX_POINT('',#942);
#944=CARTESIAN_POINT('',(-18.717751,-282.43042,-20.860861));
#945=VERTEX_POINT('',#944);
#946=CARTESIAN_POINT('',(-16.046894,-282.594757,-20.860861));
#947=VERTEX_POINT('',#946);
#948=CARTESIAN_POINT('',(-13.374603,-282.733826,-20.860861));
#949=VERTEX_POINT('',#948);
#950=CARTESIAN_POINT('',(-10.701118,-282.847656,-20.860861));
#951=VERTEX_POINT('',#950);
#952=CARTESIAN_POINT('',(-8.026675,-282.936157,-20.860861));
#953=VERTEX_POINT('',#952);
#954=CARTESIAN_POINT('',(-5.351515,-282.99942,-20.860861));
#955=VERTEX_POINT('',#954);
#956=CARTESIAN_POINT('',(-2.675877,-283.037354,-20.860861));
#957=VERTEX_POINT('',#956);
#958=CARTESIAN_POINT('',(16,-387,-48.660862));
#959=VERTEX_POINT('',#958);
#960=CARTESIAN_POINT('',(0,-377.5,-48.660862));
#961=VERTEX_POINT('',#960);
#962=CARTESIAN_POINT('',(0.326315,-377.478607,-48.660862));
#963=VERTEX_POINT('',#962);
#964=CARTESIAN_POINT('',(0.647048,-377.414825,-48.660862));
#965=VERTEX_POINT('',#964);
#966=CARTESIAN_POINT('',(0.956709,-377.309692,-48.660862));
#967=VERTEX_POINT('',#966);
#968=CARTESIAN_POINT('',(1.25,-377.16507,-48.660862));
#969=VERTEX_POINT('',#968);
#970=CARTESIAN_POINT('',(1.521904,-376.983398,-48.660862));
#971=VERTEX_POINT('',#970);
#972=CARTESIAN_POINT('',(1.767767,-376.767761,-48.660862));
#973=VERTEX_POINT('',#972);
#974=CARTESIAN_POINT('',(1.983383,-376.521912,-48.660862));
#975=VERTEX_POINT('',#974);
#976=CARTESIAN_POINT('',(2.165064,-376.25,-48.660862));
#977=VERTEX_POINT('',#976);
#978=CARTESIAN_POINT('',(2.309699,-375.956696,-48.660862));
#979=VERTEX_POINT('',#978);
#980=CARTESIAN_POINT('',(2.414814,-375.647034,-48.660862));
#981=VERTEX_POINT('',#980);
#982=CARTESIAN_POINT('',(2.478612,-375.326324,-48.660862));
#983=VERTEX_POINT('',#982);
#984=CARTESIAN_POINT('',(2.5,-375,-48.660862));
#985=VERTEX_POINT('',#984);
#986=CARTESIAN_POINT('',(2.478612,-374.673676,-48.660862));
#987=VERTEX_POINT('',#986);
#988=CARTESIAN_POINT('',(2.309699,-374.043304,-48.660862));
#989=VERTEX_POINT('',#988);
#990=CARTESIAN_POINT('',(2.165064,-373.75,-48.660862));
#991=VERTEX_POINT('',#990);
#992=CARTESIAN_POINT('',(0,-372.5,-48.660862));
#993=VERTEX_POINT('',#992);
#994=CARTESIAN_POINT('',(0.326315,-372.521393,-48.660862));
#995=VERTEX_POINT('',#994);
#996=CARTESIAN_POINT('',(0.647048,-372.585175,-48.660862));
#997=VERTEX_POINT('',#996);
#998=CARTESIAN_POINT('',(0.956709,-372.690308,-48.660862));
#999=VERTEX_POINT('',#998);
#1000=CARTESIAN_POINT('',(1.767767,-373.232239,-48.660862));
#1001=VERTEX_POINT('',#1000);
#1002=CARTESIAN_POINT('',(1.521904,-373.016602,-48.660862));
#1003=VERTEX_POINT('',#1002);
#1004=CARTESIAN_POINT('',(1.983383,-373.478088,-48.660862));
#1005=VERTEX_POINT('',#1004);
#1006=CARTESIAN_POINT('',(1.25,-372.83493,-48.660862));
#1007=VERTEX_POINT('',#1006);
#1008=CARTESIAN_POINT('',(2.414814,-374.352966,-48.660862));
#1009=VERTEX_POINT('',#1008);
#1010=CARTESIAN_POINT('',(16,-387,-43.660862));
#1011=VERTEX_POINT('',#1010);
#1012=CARTESIAN_POINT('',(0,-377.5,-43.660862));
#1013=VERTEX_POINT('',#1012);
#1014=CARTESIAN_POINT('',(0.326315,-377.478607,-43.660862));
#1015=VERTEX_POINT('',#1014);
#1016=CARTESIAN_POINT('',(0.647048,-377.414825,-43.660862));
#1017=VERTEX_POINT('',#1016);
#1018=CARTESIAN_POINT('',(0.956709,-377.309692,-43.660862));
#1019=VERTEX_POINT('',#1018);
#1020=CARTESIAN_POINT('',(1.25,-377.16507,-43.660862));
#1021=VERTEX_POINT('',#1020);
#1022=CARTESIAN_POINT('',(1.521904,-376.983398,-43.660862));
#1023=VERTEX_POINT('',#1022);
#1024=CARTESIAN_POINT('',(1.767767,-376.767761,-43.660862));
#1025=VERTEX_POINT('',#1024);
#1026=CARTESIAN_POINT('',(1.983383,-376.521912,-43.660862));
#1027=VERTEX_POINT('',#1026);
#1028=CARTESIAN_POINT('',(2.165064,-376.25,-43.660862));
#1029=VERTEX_POINT('',#1028);
#1030=CARTESIAN_POINT('',(2.309699,-375.956696,-43.660862));
#1031=VERTEX_POINT('',#1030);
#1032=CARTESIAN_POINT('',(2.414814,-375.647034,-43.660862));
#1033=VERTEX_POINT('',#1032);
#1034=CARTESIAN_POINT('',(2.478612,-375.326324,-43.660862));
#1035=VERTEX_POINT('',#1034);
#1036=CARTESIAN_POINT('',(2.5,-375,-43.660862));
#1037=VERTEX_POINT('',#1036);
#1038=CARTESIAN_POINT('',(2.478612,-374.673676,-43.660862));
#1039=VERTEX_POINT('',#1038);
#1040=CARTESIAN_POINT('',(2.309699,-374.043304,-43.660862));
#1041=VERTEX_POINT('',#1040);
#1042=CARTESIAN_POINT('',(2.165064,-373.75,-43.660862));
#1043=VERTEX_POINT('',#1042);
#1044=CARTESIAN_POINT('',(0,-372.5,-43.660862));
#1045=VERTEX_POINT('',#1044);
#1046=CARTESIAN_POINT('',(0.326315,-372.521393,-43.660862));
#1047=VERTEX_POINT('',#1046);
#1048=CARTESIAN_POINT('',(0.647048,-372.585175,-43.660862));
#1049=VERTEX_POINT('',#1048);
#1050=CARTESIAN_POINT('',(0.956709,-372.690308,-43.660862));
#1051=VERTEX_POINT('',#1050);
#1052=CARTESIAN_POINT('',(1.767767,-373.232239,-43.660862));
#1053=VERTEX_POINT('',#1052);
#1054=CARTESIAN_POINT('',(1.521904,-373.016602,-43.660862));
#1055=VERTEX_POINT('',#1054);
#1056=CARTESIAN_POINT('',(1.983383,-373.478088,-43.660862));
#1057=VERTEX_POINT('',#1056);
#1058=CARTESIAN_POINT('',(1.25,-372.83493,-43.660862));
#1059=VERTEX_POINT('',#1058);
#1060=CARTESIAN_POINT('',(2.414814,-374.352966,-43.660862));
#1061=VERTEX_POINT('',#1060);
#1062=CARTESIAN_POINT('',(16,-334,-48.660862));
#1063=VERTEX_POINT('',#1062);
#1064=CARTESIAN_POINT('',(0,-327.5,-48.660862));
#1065=VERTEX_POINT('',#1064);
#1066=CARTESIAN_POINT('',(0.326315,-327.478607,-48.660862));
#1067=VERTEX_POINT('',#1066);
#1068=CARTESIAN_POINT('',(0.647048,-327.414825,-48.660862));
#1069=VERTEX_POINT('',#1068);
#1070=CARTESIAN_POINT('',(0.956709,-327.309692,-48.660862));
#1071=VERTEX_POINT('',#1070);
#1072=CARTESIAN_POINT('',(1.25,-327.16507,-48.660862));
#1073=VERTEX_POINT('',#1072);
#1074=CARTESIAN_POINT('',(1.521904,-326.983398,-48.660862));
#1075=VERTEX_POINT('',#1074);
#1076=CARTESIAN_POINT('',(1.767767,-326.767761,-48.660862));
#1077=VERTEX_POINT('',#1076);
#1078=CARTESIAN_POINT('',(1.983383,-326.521912,-48.660862));
#1079=VERTEX_POINT('',#1078);
#1080=CARTESIAN_POINT('',(2.165064,-326.25,-48.660862));
#1081=VERTEX_POINT('',#1080);
#1082=CARTESIAN_POINT('',(2.309699,-325.956696,-48.660862));
#1083=VERTEX_POINT('',#1082);
#1084=CARTESIAN_POINT('',(2.414814,-325.647034,-48.660862));
#1085=VERTEX_POINT('',#1084);
#1086=CARTESIAN_POINT('',(2.478612,-325.326324,-48.660862));
#1087=VERTEX_POINT('',#1086);
#1088=CARTESIAN_POINT('',(2.5,-325,-48.660862));
#1089=VERTEX_POINT('',#1088);
#1090=CARTESIAN_POINT('',(2.309699,-324.043304,-48.660862));
#1091=VERTEX_POINT('',#1090);
#1092=CARTESIAN_POINT('',(2.165064,-323.75,-48.660862));
#1093=VERTEX_POINT('',#1092);
#1094=CARTESIAN_POINT('',(1.983383,-323.478088,-48.660862));
#1095=VERTEX_POINT('',#1094);
#1096=CARTESIAN_POINT('',(1.767767,-323.232239,-48.660862));
#1097=VERTEX_POINT('',#1096);
#1098=CARTESIAN_POINT('',(1.25,-322.83493,-48.660862));
#1099=VERTEX_POINT('',#1098);
#1100=CARTESIAN_POINT('',(1.521904,-323.016602,-48.660862));
#1101=VERTEX_POINT('',#1100);
#1102=CARTESIAN_POINT('',(2.478612,-324.673676,-48.660862));
#1103=VERTEX_POINT('',#1102);
#1104=CARTESIAN_POINT('',(2.414814,-324.352966,-48.660862));
#1105=VERTEX_POINT('',#1104);
#1106=CARTESIAN_POINT('',(0.326315,-322.521393,-48.660862));
#1107=VERTEX_POINT('',#1106);
#1108=CARTESIAN_POINT('',(0,-322.5,-48.660862));
#1109=VERTEX_POINT('',#1108);
#1110=CARTESIAN_POINT('',(0.647048,-322.585175,-48.660862));
#1111=VERTEX_POINT('',#1110);
#1112=CARTESIAN_POINT('',(0.956709,-322.690308,-48.660862));
#1113=VERTEX_POINT('',#1112);
#1114=CARTESIAN_POINT('',(16,-334,-43.660862));
#1115=VERTEX_POINT('',#1114);
#1116=CARTESIAN_POINT('',(0,-327.5,-43.460861));
#1117=VERTEX_POINT('',#1116);
#1118=CARTESIAN_POINT('',(0.326315,-327.478607,-43.460861));
#1119=VERTEX_POINT('',#1118);
#1120=CARTESIAN_POINT('',(0.647048,-327.414825,-43.460861));
#1121=VERTEX_POINT('',#1120);
#1122=CARTESIAN_POINT('',(0.956709,-327.309692,-43.460861));
#1123=VERTEX_POINT('',#1122);
#1124=CARTESIAN_POINT('',(1.25,-327.16507,-43.460861));
#1125=VERTEX_POINT('',#1124);
#1126=CARTESIAN_POINT('',(1.521904,-326.983398,-43.460861));
#1127=VERTEX_POINT('',#1126);
#1128=CARTESIAN_POINT('',(1.767767,-326.767761,-43.460861));
#1129=VERTEX_POINT('',#1128);
#1130=CARTESIAN_POINT('',(1.983383,-326.521912,-43.460861));
#1131=VERTEX_POINT('',#1130);
#1132=CARTESIAN_POINT('',(2.165064,-326.25,-43.460861));
#1133=VERTEX_POINT('',#1132);
#1134=CARTESIAN_POINT('',(2.309699,-325.956696,-43.460861));
#1135=VERTEX_POINT('',#1134);
#1136=CARTESIAN_POINT('',(2.414814,-325.647034,-43.460861));
#1137=VERTEX_POINT('',#1136);
#1138=CARTESIAN_POINT('',(2.478612,-325.326324,-43.460861));
#1139=VERTEX_POINT('',#1138);
#1140=CARTESIAN_POINT('',(2.5,-325,-43.460861));
#1141=VERTEX_POINT('',#1140);
#1142=CARTESIAN_POINT('',(2.309699,-324.043304,-43.460861));
#1143=VERTEX_POINT('',#1142);
#1144=CARTESIAN_POINT('',(2.165064,-323.75,-43.460861));
#1145=VERTEX_POINT('',#1144);
#1146=CARTESIAN_POINT('',(1.983383,-323.478088,-43.460861));
#1147=VERTEX_POINT('',#1146);
#1148=CARTESIAN_POINT('',(1.767767,-323.232239,-43.460861));
#1149=VERTEX_POINT('',#1148);
#1150=CARTESIAN_POINT('',(1.25,-322.83493,-43.460861));
#1151=VERTEX_POINT('',#1150);
#1152=CARTESIAN_POINT('',(1.521904,-323.016602,-43.460861));
#1153=VERTEX_POINT('',#1152);
#1154=CARTESIAN_POINT('',(2.478612,-324.673676,-43.460861));
#1155=VERTEX_POINT('',#1154);
#1156=CARTESIAN_POINT('',(2.414814,-324.352966,-43.460861));
#1157=VERTEX_POINT('',#1156);
#1158=CARTESIAN_POINT('',(0.326315,-322.521393,-43.460861));
#1159=VERTEX_POINT('',#1158);
#1160=CARTESIAN_POINT('',(0,-322.5,-43.460861));
#1161=VERTEX_POINT('',#1160);
#1162=CARTESIAN_POINT('',(0.647048,-322.585175,-43.460861));
#1163=VERTEX_POINT('',#1162);
#1164=CARTESIAN_POINT('',(0.956709,-322.690308,-43.460861));
#1165=VERTEX_POINT('',#1164);
#1166=CARTESIAN_POINT('',(154.278763,-334,-48.660862));
#1167=VERTEX_POINT('',#1166);
#1168=CARTESIAN_POINT('',(154.278763,-334,-43.660862));
#1169=VERTEX_POINT('',#1168);
#1170=CARTESIAN_POINT('',(154.278763,-334,-43.460861));
#1171=VERTEX_POINT('',#1170);
#1172=CARTESIAN_POINT('',(0,-314,-43.460861));
#1173=VERTEX_POINT('',#1172);
#1174=CARTESIAN_POINT('',(2.96847,-313.985962,-43.460861));
#1175=VERTEX_POINT('',#1174);
#1176=CARTESIAN_POINT('',(5.936675,-313.943878,-43.460861));
#1177=VERTEX_POINT('',#1176);
#1178=CARTESIAN_POINT('',(8.904348,-313.873718,-43.460861));
#1179=VERTEX_POINT('',#1178);
#1180=CARTESIAN_POINT('',(11.871227,-313.775513,-43.460861));
#1181=VERTEX_POINT('',#1180);
#1182=CARTESIAN_POINT('',(14.837044,-313.649261,-43.460861));
#1183=VERTEX_POINT('',#1182);
#1184=CARTESIAN_POINT('',(17.801535,-313.494995,-43.460861));
#1185=VERTEX_POINT('',#1184);
#1186=CARTESIAN_POINT('',(0,-308,-43.56086));
#1187=VERTEX_POINT('',#1186);
#1188=CARTESIAN_POINT('',(2.911748,-307.986237,-43.56086));
#1189=VERTEX_POINT('',#1188);
#1190=CARTESIAN_POINT('',(5.823235,-307.944946,-43.56086));
#1191=VERTEX_POINT('',#1190);
#1192=CARTESIAN_POINT('',(8.734201,-307.876129,-43.56086));
#1193=VERTEX_POINT('',#1192);
#1194=CARTESIAN_POINT('',(11.644388,-307.779816,-43.56086));
#1195=VERTEX_POINT('',#1194);
#1196=CARTESIAN_POINT('',(14.553534,-307.655975,-43.56086));
#1197=VERTEX_POINT('',#1196);
#1198=CARTESIAN_POINT('',(17.461378,-307.504639,-43.56086));
#1199=VERTEX_POINT('',#1198);
#1200=CARTESIAN_POINT('',(20.764435,-313.312683,-43.460861));
#1201=VERTEX_POINT('',#1200);
#1202=CARTESIAN_POINT('',(23.725479,-313.102386,-43.460861));
#1203=VERTEX_POINT('',#1202);
#1204=CARTESIAN_POINT('',(26.684404,-312.864105,-43.460861));
#1205=VERTEX_POINT('',#1204);
#1206=CARTESIAN_POINT('',(29.640944,-312.597839,-43.460861));
#1207=VERTEX_POINT('',#1206);
#1208=CARTESIAN_POINT('',(20.367662,-307.325806,-43.56086));
#1209=VERTEX_POINT('',#1208);
#1210=CARTESIAN_POINT('',(23.272127,-307.119537,-43.56086));
#1211=VERTEX_POINT('',#1210);
#1212=CARTESIAN_POINT('',(26.174511,-306.885803,-43.56086));
#1213=VERTEX_POINT('',#1212);
#1214=CARTESIAN_POINT('',(32.594833,-312.30365,-43.460861));
#1215=VERTEX_POINT('',#1214);
#1216=CARTESIAN_POINT('',(35.545811,-311.981567,-43.460861));
#1217=VERTEX_POINT('',#1216);
#1218=CARTESIAN_POINT('',(38.49361,-311.631592,-43.460861));
#1219=VERTEX_POINT('',#1218);
#1220=CARTESIAN_POINT('',(29.074554,-306.624634,-43.56086));
#1221=VERTEX_POINT('',#1220);
#1222=CARTESIAN_POINT('',(31.972002,-306.33609,-43.56086));
#1223=VERTEX_POINT('',#1222);
#1224=CARTESIAN_POINT('',(34.866589,-306.020142,-43.56086));
#1225=VERTEX_POINT('',#1224);
#1226=CARTESIAN_POINT('',(37.75806,-305.676849,-43.56086));
#1227=VERTEX_POINT('',#1226);
#1228=CARTESIAN_POINT('',(41.437969,-311.253754,-43.460861));
#1229=VERTEX_POINT('',#1228);
#1230=CARTESIAN_POINT('',(44.378624,-310.848083,-43.460861));
#1231=VERTEX_POINT('',#1230);
#1232=CARTESIAN_POINT('',(47.315315,-310.414673,-43.460861));
#1233=VERTEX_POINT('',#1232);
#1234=CARTESIAN_POINT('',(40.64616,-305.306213,-43.56086));
#1235=VERTEX_POINT('',#1234);
#1236=CARTESIAN_POINT('',(43.530624,-304.908325,-43.56086));
#1237=VERTEX_POINT('',#1236);
#1238=CARTESIAN_POINT('',(46.411198,-304.483185,-43.56086));
#1239=VERTEX_POINT('',#1238);
#1240=CARTESIAN_POINT('',(50.247776,-309.953491,-43.460861));
#1241=VERTEX_POINT('',#1240);
#1242=CARTESIAN_POINT('',(53.175743,-309.4646,-43.460861));
#1243=VERTEX_POINT('',#1242);
#1244=CARTESIAN_POINT('',(56.098961,-308.948059,-43.460861));
#1245=VERTEX_POINT('',#1244);
#1246=CARTESIAN_POINT('',(59.017166,-308.4039,-43.460861));
#1247=VERTEX_POINT('',#1246);
#1248=CARTESIAN_POINT('',(61.075142,-308,-43.56086));
#1249=VERTEX_POINT('',#1248);
#1250=CARTESIAN_POINT('',(61.075142,-308,-43.460861));
#1251=VERTEX_POINT('',#1250);
#1252=CARTESIAN_POINT('',(61.930092,-307.832214,-43.56086));
#1253=VERTEX_POINT('',#1252);
#1254=CARTESIAN_POINT('',(64.837486,-307.232971,-43.56086));
#1255=VERTEX_POINT('',#1254);
#1256=CARTESIAN_POINT('',(67.73909,-306.606293,-43.56086));
#1257=VERTEX_POINT('',#1256);
#1258=CARTESIAN_POINT('',(70.634628,-305.952209,-43.56086));
#1259=VERTEX_POINT('',#1258);
#1260=CARTESIAN_POINT('',(73.523865,-305.270782,-43.56086));
#1261=VERTEX_POINT('',#1260);
#1262=CARTESIAN_POINT('',(76.406525,-304.562042,-43.56086));
#1263=VERTEX_POINT('',#1262);
#1264=CARTESIAN_POINT('',(49.287624,-304.030792,-43.56086));
#1265=VERTEX_POINT('',#1264);
#1266=CARTESIAN_POINT('',(52.159649,-303.55127,-43.56086));
#1267=VERTEX_POINT('',#1266);
#1268=CARTESIAN_POINT('',(55.027008,-303.044586,-43.56086));
#1269=VERTEX_POINT('',#1268);
#1270=CARTESIAN_POINT('',(57.88945,-302.510834,-43.56086));
#1271=VERTEX_POINT('',#1270);
#1272=CARTESIAN_POINT('',(60.746716,-301.950043,-43.56086));
#1273=VERTEX_POINT('',#1272);
#1274=CARTESIAN_POINT('',(63.598553,-301.362274,-43.56086));
#1275=VERTEX_POINT('',#1274);
#1276=CARTESIAN_POINT('',(66.44471,-300.747559,-43.56086));
#1277=VERTEX_POINT('',#1276);
#1278=CARTESIAN_POINT('',(69.284927,-300.105988,-43.56086));
#1279=VERTEX_POINT('',#1278);
#1280=CARTESIAN_POINT('',(72.11895,-299.437561,-43.56086));
#1281=VERTEX_POINT('',#1280);
#1282=CARTESIAN_POINT('',(74.946526,-298.742401,-43.56086));
#1283=VERTEX_POINT('',#1282);
#1284=CARTESIAN_POINT('',(79.282356,-303.826111,-43.56086));
#1285=VERTEX_POINT('',#1284);
#1286=CARTESIAN_POINT('',(82.1511,-303.063019,-43.56086));
#1287=VERTEX_POINT('',#1286);
#1288=CARTESIAN_POINT('',(85.012505,-302.272858,-43.56086));
#1289=VERTEX_POINT('',#1288);
#1290=CARTESIAN_POINT('',(77.767403,-298.020508,-43.56086));
#1291=VERTEX_POINT('',#1290);
#1292=CARTESIAN_POINT('',(80.581337,-297.272003,-43.56086));
#1293=VERTEX_POINT('',#1292);
#1294=CARTESIAN_POINT('',(83.388062,-296.496918,-43.56086));
#1295=VERTEX_POINT('',#1294);
#1296=CARTESIAN_POINT('',(87.86631,-301.455658,-43.56086));
#1297=VERTEX_POINT('',#1296);
#1298=CARTESIAN_POINT('',(90.712265,-300.611511,-43.56086));
#1299=VERTEX_POINT('',#1298);
#1300=CARTESIAN_POINT('',(93.55011,-299.740509,-43.56086));
#1301=VERTEX_POINT('',#1300);
#1302=CARTESIAN_POINT('',(96.379593,-298.842712,-43.56086));
#1303=VERTEX_POINT('',#1302);
#1304=CARTESIAN_POINT('',(86.18734,-295.695343,-43.56086));
#1305=VERTEX_POINT('',#1304);
#1306=CARTESIAN_POINT('',(88.978905,-294.86734,-43.56086));
#1307=VERTEX_POINT('',#1306);
#1308=CARTESIAN_POINT('',(91.762527,-294.013,-43.56086));
#1309=VERTEX_POINT('',#1308);
#1310=CARTESIAN_POINT('',(94.537941,-293.132355,-43.56086));
#1311=VERTEX_POINT('',#1310);
#1312=CARTESIAN_POINT('',(99.200462,-297.918213,-43.56086));
#1313=VERTEX_POINT('',#1312);
#1314=CARTESIAN_POINT('',(102.012466,-296.967102,-43.56086));
#1315=VERTEX_POINT('',#1314);
#1316=CARTESIAN_POINT('',(104.815353,-295.989441,-43.56086));
#1317=VERTEX_POINT('',#1316);
#1318=CARTESIAN_POINT('',(97.304909,-292.225525,-43.56086));
#1319=VERTEX_POINT('',#1318);
#1320=CARTESIAN_POINT('',(100.063187,-291.292572,-43.56086));
#1321=VERTEX_POINT('',#1320);
#1322=CARTESIAN_POINT('',(102.812515,-290.333588,-43.56086));
#1323=VERTEX_POINT('',#1322);
#1324=CARTESIAN_POINT('',(105.55265,-289.348633,-43.56086));
#1325=VERTEX_POINT('',#1324);
#1326=CARTESIAN_POINT('',(107.608871,-294.985291,-43.56086));
#1327=VERTEX_POINT('',#1326);
#1328=CARTESIAN_POINT('',(110.392776,-293.954803,-43.56086));
#1329=VERTEX_POINT('',#1328);
#1330=CARTESIAN_POINT('',(113.166809,-292.898071,-43.56086));
#1331=VERTEX_POINT('',#1330);
#1332=CARTESIAN_POINT('',(108.283356,-288.33786,-43.56086));
#1333=VERTEX_POINT('',#1332);
#1334=CARTESIAN_POINT('',(154.278763,-308,-48.660862));
#1335=VERTEX_POINT('',#1334);
#1336=CARTESIAN_POINT('',(154.278763,-308,-43.660862));
#1337=VERTEX_POINT('',#1336);
#1338=CARTESIAN_POINT('',(154.278763,-308,-43.460861));
#1339=VERTEX_POINT('',#1338);
#1340=CARTESIAN_POINT('',(115.930733,-291.815125,-43.56086));
#1341=VERTEX_POINT('',#1340);
#1342=CARTESIAN_POINT('',(118.684288,-290.706116,-43.56086));
#1343=VERTEX_POINT('',#1342);
#1344=CARTESIAN_POINT('',(121.427238,-289.571106,-43.56086));
#1345=VERTEX_POINT('',#1344);
#1346=CARTESIAN_POINT('',(124.15934,-288.410217,-43.56086));
#1347=VERTEX_POINT('',#1346);
#1348=CARTESIAN_POINT('',(111.004387,-287.30127,-43.56086));
#1349=VERTEX_POINT('',#1348);
#1350=CARTESIAN_POINT('',(113.715492,-286.239044,-43.56086));
#1351=VERTEX_POINT('',#1350);
#1352=CARTESIAN_POINT('',(116.416435,-285.151215,-43.56086));
#1353=VERTEX_POINT('',#1352);
#1354=CARTESIAN_POINT('',(119.106979,-284.037903,-43.56086));
#1355=VERTEX_POINT('',#1354);
#1356=CARTESIAN_POINT('',(121.786873,-282.8992,-43.56086));
#1357=VERTEX_POINT('',#1356);
#1358=CARTESIAN_POINT('',(124.455879,-281.735229,-43.56086));
#1359=VERTEX_POINT('',#1358);
#1360=CARTESIAN_POINT('',(126.880348,-287.223572,-43.56086));
#1361=VERTEX_POINT('',#1360);
#1362=CARTESIAN_POINT('',(129.590012,-286.01123,-43.56086));
#1363=VERTEX_POINT('',#1362);
#1364=CARTESIAN_POINT('',(132.288086,-284.773346,-43.56086));
#1365=VERTEX_POINT('',#1364);
#1366=CARTESIAN_POINT('',(134.97435,-283.51001,-43.56086));
#1367=VERTEX_POINT('',#1366);
#1368=CARTESIAN_POINT('',(127.113762,-280.546051,-43.56086));
#1369=VERTEX_POINT('',#1368);
#1370=CARTESIAN_POINT('',(129.760284,-279.331818,-43.56086));
#1371=VERTEX_POINT('',#1370);
#1372=CARTESIAN_POINT('',(132.395218,-278.092621,-43.56086));
#1373=VERTEX_POINT('',#1372);
#1374=CARTESIAN_POINT('',(137.648544,-282.221344,-43.56086));
#1375=VERTEX_POINT('',#1374);
#1376=CARTESIAN_POINT('',(135.018311,-276.828552,-43.56086));
#1377=VERTEX_POINT('',#1376);
#1378=CARTESIAN_POINT('',(0,-314,-30.460861));
#1379=VERTEX_POINT('',#1378);
#1380=CARTESIAN_POINT('',(2.96847,-313.985962,-30.460861));
#1381=VERTEX_POINT('',#1380);
#1382=CARTESIAN_POINT('',(5.936675,-313.943878,-30.460861));
#1383=VERTEX_POINT('',#1382);
#1384=CARTESIAN_POINT('',(8.904348,-313.873718,-30.460861));
#1385=VERTEX_POINT('',#1384);
#1386=CARTESIAN_POINT('',(2.96847,-313.985962,-30.360861));
#1387=VERTEX_POINT('',#1386);
#1388=CARTESIAN_POINT('',(5.936675,-313.943878,-30.360861));
#1389=VERTEX_POINT('',#1388);
#1390=CARTESIAN_POINT('',(11.871227,-313.775513,-30.460861));
#1391=VERTEX_POINT('',#1390);
#1392=CARTESIAN_POINT('',(14.837044,-313.649261,-30.460861));
#1393=VERTEX_POINT('',#1392);
#1394=CARTESIAN_POINT('',(17.801535,-313.494995,-30.460861));
#1395=VERTEX_POINT('',#1394);
#1396=CARTESIAN_POINT('',(0,-308,-30.460861));
#1397=VERTEX_POINT('',#1396);
#1398=CARTESIAN_POINT('',(2.911748,-307.986237,-30.460861));
#1399=VERTEX_POINT('',#1398);
#1400=CARTESIAN_POINT('',(5.823235,-307.944946,-30.460861));
#1401=VERTEX_POINT('',#1400);
#1402=CARTESIAN_POINT('',(8.734201,-307.876129,-30.460861));
#1403=VERTEX_POINT('',#1402);
#1404=CARTESIAN_POINT('',(11.644388,-307.779816,-30.460861));
#1405=VERTEX_POINT('',#1404);
#1406=CARTESIAN_POINT('',(14.553534,-307.655975,-30.460861));
#1407=VERTEX_POINT('',#1406);
#1408=CARTESIAN_POINT('',(17.461378,-307.504639,-30.460861));
#1409=VERTEX_POINT('',#1408);
#1410=CARTESIAN_POINT('',(20.764435,-313.312683,-30.460861));
#1411=VERTEX_POINT('',#1410);
#1412=CARTESIAN_POINT('',(23.725479,-313.102386,-30.460861));
#1413=VERTEX_POINT('',#1412);
#1414=CARTESIAN_POINT('',(26.684404,-312.864105,-30.460861));
#1415=VERTEX_POINT('',#1414);
#1416=CARTESIAN_POINT('',(29.640944,-312.597839,-30.460861));
#1417=VERTEX_POINT('',#1416);
#1418=CARTESIAN_POINT('',(20.367662,-307.325806,-30.460861));
#1419=VERTEX_POINT('',#1418);
#1420=CARTESIAN_POINT('',(23.272127,-307.119537,-30.460861));
#1421=VERTEX_POINT('',#1420);
#1422=CARTESIAN_POINT('',(26.174511,-306.885803,-30.460861));
#1423=VERTEX_POINT('',#1422);
#1424=CARTESIAN_POINT('',(32.594833,-312.30365,-30.460861));
#1425=VERTEX_POINT('',#1424);
#1426=CARTESIAN_POINT('',(35.545811,-311.981567,-30.460861));
#1427=VERTEX_POINT('',#1426);
#1428=CARTESIAN_POINT('',(38.49361,-311.631592,-30.460861));
#1429=VERTEX_POINT('',#1428);
#1430=CARTESIAN_POINT('',(32.564064,-312.306732,-30.360861));
#1431=VERTEX_POINT('',#1430);
#1432=CARTESIAN_POINT('',(32.594833,-312.30365,-30.360861));
#1433=VERTEX_POINT('',#1432);
#1434=CARTESIAN_POINT('',(38.462902,-311.635223,-30.360861));
#1435=VERTEX_POINT('',#1434);
#1436=CARTESIAN_POINT('',(38.49361,-311.631592,-30.360861));
#1437=VERTEX_POINT('',#1436);
#1438=CARTESIAN_POINT('',(29.074554,-306.624634,-30.460861));
#1439=VERTEX_POINT('',#1438);
#1440=CARTESIAN_POINT('',(31.972002,-306.33609,-30.460861));
#1441=VERTEX_POINT('',#1440);
#1442=CARTESIAN_POINT('',(34.866589,-306.020142,-30.460861));
#1443=VERTEX_POINT('',#1442);
#1444=CARTESIAN_POINT('',(37.75806,-305.676849,-30.460861));
#1445=VERTEX_POINT('',#1444);
#1446=CARTESIAN_POINT('',(41.437969,-311.253754,-30.460861));
#1447=VERTEX_POINT('',#1446);
#1448=CARTESIAN_POINT('',(44.378624,-310.848083,-30.460861));
#1449=VERTEX_POINT('',#1448);
#1450=CARTESIAN_POINT('',(47.315315,-310.414673,-30.460861));
#1451=VERTEX_POINT('',#1450);
#1452=CARTESIAN_POINT('',(40.64616,-305.306213,-30.460861));
#1453=VERTEX_POINT('',#1452);
#1454=CARTESIAN_POINT('',(43.530624,-304.908325,-30.460861));
#1455=VERTEX_POINT('',#1454);
#1456=CARTESIAN_POINT('',(46.411198,-304.483185,-30.460861));
#1457=VERTEX_POINT('',#1456);
#1458=CARTESIAN_POINT('',(50.269955,-309.949768,-30.460861));
#1459=VERTEX_POINT('',#1458);
#1460=CARTESIAN_POINT('',(50.247776,-309.953491,-30.460861));
#1461=VERTEX_POINT('',#1460);
#1462=CARTESIAN_POINT('',(53.175743,-309.4646,-30.460861));
#1463=VERTEX_POINT('',#1462);
#1464=CARTESIAN_POINT('',(56.098961,-308.948059,-30.460861));
#1465=VERTEX_POINT('',#1464);
#1466=CARTESIAN_POINT('',(50.247776,-309.953491,-30.360861));
#1467=VERTEX_POINT('',#1466);
#1468=CARTESIAN_POINT('',(53.175743,-309.4646,-30.360861));
#1469=VERTEX_POINT('',#1468);
#1470=CARTESIAN_POINT('',(56.098961,-308.948059,-30.360861));
#1471=VERTEX_POINT('',#1470);
#1472=CARTESIAN_POINT('',(59.017166,-308.4039,-30.460861));
#1473=VERTEX_POINT('',#1472);
#1474=CARTESIAN_POINT('',(59.017166,-308.4039,-30.360861));
#1475=VERTEX_POINT('',#1474);
#1476=CARTESIAN_POINT('',(61.930092,-307.832214,-30.460861));
#1477=VERTEX_POINT('',#1476);
#1478=CARTESIAN_POINT('',(64.837486,-307.232971,-30.460861));
#1479=VERTEX_POINT('',#1478);
#1480=CARTESIAN_POINT('',(67.73909,-306.606293,-30.460861));
#1481=VERTEX_POINT('',#1480);
#1482=CARTESIAN_POINT('',(70.634628,-305.952209,-30.460861));
#1483=VERTEX_POINT('',#1482);
#1484=CARTESIAN_POINT('',(73.523865,-305.270782,-30.460861));
#1485=VERTEX_POINT('',#1484);
#1486=CARTESIAN_POINT('',(76.406525,-304.562042,-30.460861));
#1487=VERTEX_POINT('',#1486);
#1488=CARTESIAN_POINT('',(49.287624,-304.030792,-30.460861));
#1489=VERTEX_POINT('',#1488);
#1490=CARTESIAN_POINT('',(52.159649,-303.55127,-30.460861));
#1491=VERTEX_POINT('',#1490);
#1492=CARTESIAN_POINT('',(55.027008,-303.044586,-30.460861));
#1493=VERTEX_POINT('',#1492);
#1494=CARTESIAN_POINT('',(57.88945,-302.510834,-30.460861));
#1495=VERTEX_POINT('',#1494);
#1496=CARTESIAN_POINT('',(60.746716,-301.950043,-30.460861));
#1497=VERTEX_POINT('',#1496);
#1498=CARTESIAN_POINT('',(63.598553,-301.362274,-30.460861));
#1499=VERTEX_POINT('',#1498);
#1500=CARTESIAN_POINT('',(66.44471,-300.747559,-30.460861));
#1501=VERTEX_POINT('',#1500);
#1502=CARTESIAN_POINT('',(69.284927,-300.105988,-30.460861));
#1503=VERTEX_POINT('',#1502);
#1504=CARTESIAN_POINT('',(72.11895,-299.437561,-30.460861));
#1505=VERTEX_POINT('',#1504);
#1506=CARTESIAN_POINT('',(74.946526,-298.742401,-30.460861));
#1507=VERTEX_POINT('',#1506);
#1508=CARTESIAN_POINT('',(0,-314,-20.860861));
#1509=VERTEX_POINT('',#1508);
#1510=CARTESIAN_POINT('',(2.96847,-313.985962,-20.860861));
#1511=VERTEX_POINT('',#1510);
#1512=CARTESIAN_POINT('',(5.936675,-313.943878,-20.860861));
#1513=VERTEX_POINT('',#1512);
#1514=CARTESIAN_POINT('',(8.904348,-313.873718,-20.860861));
#1515=VERTEX_POINT('',#1514);
#1516=CARTESIAN_POINT('',(11.871227,-313.775513,-20.860861));
#1517=VERTEX_POINT('',#1516);
#1518=CARTESIAN_POINT('',(14.837044,-313.649261,-20.860861));
#1519=VERTEX_POINT('',#1518);
#1520=CARTESIAN_POINT('',(17.801535,-313.494995,-20.860861));
#1521=VERTEX_POINT('',#1520);
#1522=CARTESIAN_POINT('',(20.764435,-313.312683,-20.860861));
#1523=VERTEX_POINT('',#1522);
#1524=CARTESIAN_POINT('',(23.725479,-313.102386,-20.860861));
#1525=VERTEX_POINT('',#1524);
#1526=CARTESIAN_POINT('',(26.684404,-312.864105,-20.860861));
#1527=VERTEX_POINT('',#1526);
#1528=CARTESIAN_POINT('',(29.640944,-312.597839,-20.860861));
#1529=VERTEX_POINT('',#1528);
#1530=CARTESIAN_POINT('',(32.594833,-312.30365,-20.860861));
#1531=VERTEX_POINT('',#1530);
#1532=CARTESIAN_POINT('',(35.545811,-311.981567,-20.860861));
#1533=VERTEX_POINT('',#1532);
#1534=CARTESIAN_POINT('',(38.49361,-311.631592,-20.860861));
#1535=VERTEX_POINT('',#1534);
#1536=CARTESIAN_POINT('',(41.437969,-311.253754,-20.860861));
#1537=VERTEX_POINT('',#1536);
#1538=CARTESIAN_POINT('',(44.378624,-310.848083,-20.860861));
#1539=VERTEX_POINT('',#1538);
#1540=CARTESIAN_POINT('',(47.315315,-310.414673,-20.860861));
#1541=VERTEX_POINT('',#1540);
#1542=CARTESIAN_POINT('',(50.247776,-309.953491,-20.860861));
#1543=VERTEX_POINT('',#1542);
#1544=CARTESIAN_POINT('',(53.175743,-309.4646,-20.860861));
#1545=VERTEX_POINT('',#1544);
#1546=CARTESIAN_POINT('',(56.098961,-308.948059,-20.860861));
#1547=VERTEX_POINT('',#1546);
#1548=CARTESIAN_POINT('',(59.017166,-308.4039,-20.860861));
#1549=VERTEX_POINT('',#1548);
#1550=CARTESIAN_POINT('',(61.930092,-307.832214,-20.860861));
#1551=VERTEX_POINT('',#1550);
#1552=CARTESIAN_POINT('',(64.837486,-307.232971,-20.860861));
#1553=VERTEX_POINT('',#1552);
#1554=CARTESIAN_POINT('',(67.73909,-306.606293,-20.860861));
#1555=VERTEX_POINT('',#1554);
#1556=CARTESIAN_POINT('',(70.634628,-305.952209,-20.860861));
#1557=VERTEX_POINT('',#1556);
#1558=CARTESIAN_POINT('',(73.523865,-305.270782,-20.860861));
#1559=VERTEX_POINT('',#1558);
#1560=CARTESIAN_POINT('',(76.406525,-304.562042,-20.860861));
#1561=VERTEX_POINT('',#1560);
#1562=CARTESIAN_POINT('',(0,-283.049988,-30.460861));
#1563=VERTEX_POINT('',#1562);
#1564=CARTESIAN_POINT('',(2.675877,-283.037354,-30.460861));
#1565=VERTEX_POINT('',#1564);
#1566=CARTESIAN_POINT('',(5.351515,-282.99942,-30.460861));
#1567=VERTEX_POINT('',#1566);
#1568=CARTESIAN_POINT('',(8.026675,-282.936157,-30.460861));
#1569=VERTEX_POINT('',#1568);
#1570=CARTESIAN_POINT('',(10.701118,-282.847656,-30.460861));
#1571=VERTEX_POINT('',#1570);
#1572=CARTESIAN_POINT('',(13.374603,-282.733826,-30.460861));
#1573=VERTEX_POINT('',#1572);
#1574=CARTESIAN_POINT('',(16.046894,-282.594757,-30.460861));
#1575=VERTEX_POINT('',#1574);
#1576=CARTESIAN_POINT('',(18.717751,-282.43042,-30.460861));
#1577=VERTEX_POINT('',#1576);
#1578=CARTESIAN_POINT('',(21.386932,-282.240845,-30.460861));
#1579=VERTEX_POINT('',#1578);
#1580=CARTESIAN_POINT('',(24.054205,-282.026062,-30.460861));
#1581=VERTEX_POINT('',#1580);
#1582=CARTESIAN_POINT('',(26.719328,-281.786041,-30.460861));
#1583=VERTEX_POINT('',#1582);
#1584=CARTESIAN_POINT('',(29.382061,-281.520874,-30.460861));
#1585=VERTEX_POINT('',#1584);
#1586=CARTESIAN_POINT('',(32.042171,-281.230499,-30.460861));
#1587=VERTEX_POINT('',#1586);
#1588=CARTESIAN_POINT('',(34.699413,-280.915039,-30.460861));
#1589=VERTEX_POINT('',#1588);
#1590=CARTESIAN_POINT('',(37.353558,-280.574432,-30.460861));
#1591=VERTEX_POINT('',#1590);
#1592=CARTESIAN_POINT('',(40.00436,-280.208771,-30.460861));
#1593=VERTEX_POINT('',#1592);
#1594=CARTESIAN_POINT('',(42.651592,-279.818054,-30.460861));
#1595=VERTEX_POINT('',#1594);
#1596=CARTESIAN_POINT('',(45.29501,-279.402344,-30.460861));
#1597=VERTEX_POINT('',#1596);
#1598=CARTESIAN_POINT('',(47.934376,-278.961639,-30.460861));
#1599=VERTEX_POINT('',#1598);
#1600=CARTESIAN_POINT('',(50.569462,-278.496033,-30.460861));
#1601=VERTEX_POINT('',#1600);
#1602=CARTESIAN_POINT('',(53.200027,-278.005493,-30.460861));
#1603=VERTEX_POINT('',#1602);
#1604=CARTESIAN_POINT('',(55.825836,-277.490143,-30.460861));
#1605=VERTEX_POINT('',#1604);
#1606=CARTESIAN_POINT('',(58.446659,-276.949982,-30.460861));
#1607=VERTEX_POINT('',#1606);
#1608=CARTESIAN_POINT('',(61.062256,-276.385071,-30.460861));
#1609=VERTEX_POINT('',#1608);
#1610=CARTESIAN_POINT('',(63.672398,-275.795441,-30.460861));
#1611=VERTEX_POINT('',#1610);
#1612=CARTESIAN_POINT('',(66.276848,-275.181183,-30.460861));
#1613=VERTEX_POINT('',#1612);
#1614=CARTESIAN_POINT('',(68.875374,-274.542328,-30.460861));
#1615=VERTEX_POINT('',#1614);
#1616=CARTESIAN_POINT('',(71.467743,-273.878937,-30.460861));
#1617=VERTEX_POINT('',#1616);
#1618=CARTESIAN_POINT('',(74.053726,-273.19104,-30.460861));
#1619=VERTEX_POINT('',#1618);
#1620=CARTESIAN_POINT('',(76.633087,-272.47876,-30.460861));
#1621=VERTEX_POINT('',#1620);
#1622=CARTESIAN_POINT('',(0,-283.049988,-20.860861));
#1623=VERTEX_POINT('',#1622);
#1624=CARTESIAN_POINT('',(2.675877,-283.037354,-20.860861));
#1625=VERTEX_POINT('',#1624);
#1626=CARTESIAN_POINT('',(5.351515,-282.99942,-20.860861));
#1627=VERTEX_POINT('',#1626);
#1628=CARTESIAN_POINT('',(8.026675,-282.936157,-20.860861));
#1629=VERTEX_POINT('',#1628);
#1630=CARTESIAN_POINT('',(10.701118,-282.847656,-20.860861));
#1631=VERTEX_POINT('',#1630);
#1632=CARTESIAN_POINT('',(13.374603,-282.733826,-20.860861));
#1633=VERTEX_POINT('',#1632);
#1634=CARTESIAN_POINT('',(16.046894,-282.594757,-20.860861));
#1635=VERTEX_POINT('',#1634);
#1636=CARTESIAN_POINT('',(18.717751,-282.43042,-20.860861));
#1637=VERTEX_POINT('',#1636);
#1638=CARTESIAN_POINT('',(21.386932,-282.240845,-20.860861));
#1639=VERTEX_POINT('',#1638);
#1640=CARTESIAN_POINT('',(24.054205,-282.026062,-20.860861));
#1641=VERTEX_POINT('',#1640);
#1642=CARTESIAN_POINT('',(26.719328,-281.786041,-20.860861));
#1643=VERTEX_POINT('',#1642);
#1644=CARTESIAN_POINT('',(29.382061,-281.520874,-20.860861));
#1645=VERTEX_POINT('',#1644);
#1646=CARTESIAN_POINT('',(32.042171,-281.230499,-20.860861));
#1647=VERTEX_POINT('',#1646);
#1648=CARTESIAN_POINT('',(34.699413,-280.915039,-20.860861));
#1649=VERTEX_POINT('',#1648);
#1650=CARTESIAN_POINT('',(37.353558,-280.574432,-20.860861));
#1651=VERTEX_POINT('',#1650);
#1652=CARTESIAN_POINT('',(40.00436,-280.208771,-20.860861));
#1653=VERTEX_POINT('',#1652);
#1654=CARTESIAN_POINT('',(42.651592,-279.818054,-20.860861));
#1655=VERTEX_POINT('',#1654);
#1656=CARTESIAN_POINT('',(45.29501,-279.402344,-20.860861));
#1657=VERTEX_POINT('',#1656);
#1658=CARTESIAN_POINT('',(47.934376,-278.961639,-20.860861));
#1659=VERTEX_POINT('',#1658);
#1660=CARTESIAN_POINT('',(50.569462,-278.496033,-20.860861));
#1661=VERTEX_POINT('',#1660);
#1662=CARTESIAN_POINT('',(53.200027,-278.005493,-20.860861));
#1663=VERTEX_POINT('',#1662);
#1664=CARTESIAN_POINT('',(55.825836,-277.490143,-20.860861));
#1665=VERTEX_POINT('',#1664);
#1666=CARTESIAN_POINT('',(58.446659,-276.949982,-20.860861));
#1667=VERTEX_POINT('',#1666);
#1668=CARTESIAN_POINT('',(61.062256,-276.385071,-20.860861));
#1669=VERTEX_POINT('',#1668);
#1670=CARTESIAN_POINT('',(63.672398,-275.795441,-20.860861));
#1671=VERTEX_POINT('',#1670);
#1672=CARTESIAN_POINT('',(66.276848,-275.181183,-20.860861));
#1673=VERTEX_POINT('',#1672);
#1674=CARTESIAN_POINT('',(68.875374,-274.542328,-20.860861));
#1675=VERTEX_POINT('',#1674);
#1676=CARTESIAN_POINT('',(71.467743,-273.878937,-20.860861));
#1677=VERTEX_POINT('',#1676);
#1678=CARTESIAN_POINT('',(74.053726,-273.19104,-20.860861));
#1679=VERTEX_POINT('',#1678);
#1680=CARTESIAN_POINT('',(76.633087,-272.47876,-20.860861));
#1681=VERTEX_POINT('',#1680);
#1682=CARTESIAN_POINT('',(79.282356,-303.826111,-30.460861));
#1683=VERTEX_POINT('',#1682);
#1684=CARTESIAN_POINT('',(82.1511,-303.063019,-30.460861));
#1685=VERTEX_POINT('',#1684);
#1686=CARTESIAN_POINT('',(85.012505,-302.272858,-30.460861));
#1687=VERTEX_POINT('',#1686);
#1688=CARTESIAN_POINT('',(82.1511,-303.063019,-30.360861));
#1689=VERTEX_POINT('',#1688);
#1690=CARTESIAN_POINT('',(85.012505,-302.272858,-30.360861));
#1691=VERTEX_POINT('',#1690);
#1692=CARTESIAN_POINT('',(77.767403,-298.020508,-30.460861));
#1693=VERTEX_POINT('',#1692);
#1694=CARTESIAN_POINT('',(80.581337,-297.272003,-30.460861));
#1695=VERTEX_POINT('',#1694);
#1696=CARTESIAN_POINT('',(83.388062,-296.496918,-30.460861));
#1697=VERTEX_POINT('',#1696);
#1698=CARTESIAN_POINT('',(87.86631,-301.455658,-30.460861));
#1699=VERTEX_POINT('',#1698);
#1700=CARTESIAN_POINT('',(90.712265,-300.611511,-30.460861));
#1701=VERTEX_POINT('',#1700);
#1702=CARTESIAN_POINT('',(93.55011,-299.740509,-30.460861));
#1703=VERTEX_POINT('',#1702);
#1704=CARTESIAN_POINT('',(96.379593,-298.842712,-30.460861));
#1705=VERTEX_POINT('',#1704);
#1706=CARTESIAN_POINT('',(86.18734,-295.695343,-30.460861));
#1707=VERTEX_POINT('',#1706);
#1708=CARTESIAN_POINT('',(88.978905,-294.86734,-30.460861));
#1709=VERTEX_POINT('',#1708);
#1710=CARTESIAN_POINT('',(91.762527,-294.013,-30.460861));
#1711=VERTEX_POINT('',#1710);
#1712=CARTESIAN_POINT('',(94.537941,-293.132355,-30.460861));
#1713=VERTEX_POINT('',#1712);
#1714=CARTESIAN_POINT('',(99.200462,-297.918213,-30.460861));
#1715=VERTEX_POINT('',#1714);
#1716=CARTESIAN_POINT('',(102.012466,-296.967102,-30.460861));
#1717=VERTEX_POINT('',#1716);
#1718=CARTESIAN_POINT('',(104.815353,-295.989441,-30.460861));
#1719=VERTEX_POINT('',#1718);
#1720=CARTESIAN_POINT('',(99.200462,-297.918213,-30.360861));
#1721=VERTEX_POINT('',#1720);
#1722=CARTESIAN_POINT('',(102.012466,-296.967102,-30.360861));
#1723=VERTEX_POINT('',#1722);
#1724=CARTESIAN_POINT('',(97.304909,-292.225525,-30.460861));
#1725=VERTEX_POINT('',#1724);
#1726=CARTESIAN_POINT('',(100.063187,-291.292572,-30.460861));
#1727=VERTEX_POINT('',#1726);
#1728=CARTESIAN_POINT('',(102.812515,-290.333588,-30.460861));
#1729=VERTEX_POINT('',#1728);
#1730=CARTESIAN_POINT('',(105.55265,-289.348633,-30.460861));
#1731=VERTEX_POINT('',#1730);
#1732=CARTESIAN_POINT('',(107.608871,-294.985291,-30.460861));
#1733=VERTEX_POINT('',#1732);
#1734=CARTESIAN_POINT('',(110.392776,-293.954803,-30.460861));
#1735=VERTEX_POINT('',#1734);
#1736=CARTESIAN_POINT('',(113.166809,-292.898071,-30.460861));
#1737=VERTEX_POINT('',#1736);
#1738=CARTESIAN_POINT('',(110.363777,-293.965546,-30.360861));
#1739=VERTEX_POINT('',#1738);
#1740=CARTESIAN_POINT('',(110.392776,-293.954803,-30.360861));
#1741=VERTEX_POINT('',#1740);
#1742=CARTESIAN_POINT('',(108.283356,-288.33786,-30.460861));
#1743=VERTEX_POINT('',#1742);
#1744=CARTESIAN_POINT('',(115.930733,-291.815125,-30.460861));
#1745=VERTEX_POINT('',#1744);
#1746=CARTESIAN_POINT('',(118.684288,-290.706116,-30.460861));
#1747=VERTEX_POINT('',#1746);
#1748=CARTESIAN_POINT('',(121.427238,-289.571106,-30.460861));
#1749=VERTEX_POINT('',#1748);
#1750=CARTESIAN_POINT('',(124.15934,-288.410217,-30.460861));
#1751=VERTEX_POINT('',#1750);
#1752=CARTESIAN_POINT('',(79.282356,-303.826111,-20.860861));
#1753=VERTEX_POINT('',#1752);
#1754=CARTESIAN_POINT('',(82.1511,-303.063019,-20.860861));
#1755=VERTEX_POINT('',#1754);
#1756=CARTESIAN_POINT('',(85.012505,-302.272858,-20.860861));
#1757=VERTEX_POINT('',#1756);
#1758=CARTESIAN_POINT('',(87.86631,-301.455658,-20.860861));
#1759=VERTEX_POINT('',#1758);
#1760=CARTESIAN_POINT('',(90.712265,-300.611511,-20.860861));
#1761=VERTEX_POINT('',#1760);
#1762=CARTESIAN_POINT('',(93.55011,-299.740509,-20.860861));
#1763=VERTEX_POINT('',#1762);
#1764=CARTESIAN_POINT('',(96.379593,-298.842712,-20.860861));
#1765=VERTEX_POINT('',#1764);
#1766=CARTESIAN_POINT('',(99.200462,-297.918213,-20.860861));
#1767=VERTEX_POINT('',#1766);
#1768=CARTESIAN_POINT('',(102.012466,-296.967102,-20.860861));
#1769=VERTEX_POINT('',#1768);
#1770=CARTESIAN_POINT('',(104.815353,-295.989441,-20.860861));
#1771=VERTEX_POINT('',#1770);
#1772=CARTESIAN_POINT('',(107.608871,-294.985291,-20.860861));
#1773=VERTEX_POINT('',#1772);
#1774=CARTESIAN_POINT('',(110.392776,-293.954803,-20.860861));
#1775=VERTEX_POINT('',#1774);
#1776=CARTESIAN_POINT('',(113.166809,-292.898071,-20.860861));
#1777=VERTEX_POINT('',#1776);
#1778=CARTESIAN_POINT('',(115.930733,-291.815125,-20.860861));
#1779=VERTEX_POINT('',#1778);
#1780=CARTESIAN_POINT('',(118.684288,-290.706116,-20.860861));
#1781=VERTEX_POINT('',#1780);
#1782=CARTESIAN_POINT('',(121.427238,-289.571106,-20.860861));
#1783=VERTEX_POINT('',#1782);
#1784=CARTESIAN_POINT('',(124.15934,-288.410217,-20.860861));
#1785=VERTEX_POINT('',#1784);
#1786=CARTESIAN_POINT('',(79.205605,-271.742126,-30.460861));
#1787=VERTEX_POINT('',#1786);
#1788=CARTESIAN_POINT('',(81.771042,-270.981171,-30.460861));
#1789=VERTEX_POINT('',#1788);
#1790=CARTESIAN_POINT('',(111.004387,-287.30127,-30.460861));
#1791=VERTEX_POINT('',#1790);
#1792=CARTESIAN_POINT('',(113.715492,-286.239044,-30.460861));
#1793=VERTEX_POINT('',#1792);
#1794=CARTESIAN_POINT('',(84.329163,-270.196014,-30.460861));
#1795=VERTEX_POINT('',#1794);
#1796=CARTESIAN_POINT('',(86.879753,-269.386719,-30.460861));
#1797=VERTEX_POINT('',#1796);
#1798=CARTESIAN_POINT('',(89.422585,-268.553345,-30.460861));
#1799=VERTEX_POINT('',#1798);
#1800=CARTESIAN_POINT('',(91.957413,-267.695984,-30.460861));
#1801=VERTEX_POINT('',#1800);
#1802=CARTESIAN_POINT('',(94.484032,-266.814667,-30.460861));
#1803=VERTEX_POINT('',#1802);
#1804=CARTESIAN_POINT('',(97.002205,-265.909515,-30.460861));
#1805=VERTEX_POINT('',#1804);
#1806=CARTESIAN_POINT('',(99.511703,-264.980621,-30.460861));
#1807=VERTEX_POINT('',#1806);
#1808=CARTESIAN_POINT('',(102.012314,-264.028015,-30.460861));
#1809=VERTEX_POINT('',#1808);
#1810=CARTESIAN_POINT('',(104.503799,-263.051819,-30.460861));
#1811=VERTEX_POINT('',#1810);
#1812=CARTESIAN_POINT('',(106.985947,-262.052124,-30.460861));
#1813=VERTEX_POINT('',#1812);
#1814=CARTESIAN_POINT('',(109.458534,-261.028992,-30.460861));
#1815=VERTEX_POINT('',#1814);
#1816=CARTESIAN_POINT('',(111.921341,-259.982544,-30.460861));
#1817=VERTEX_POINT('',#1816);
#1818=CARTESIAN_POINT('',(114.374146,-258.912842,-30.460861));
#1819=VERTEX_POINT('',#1818);
#1820=CARTESIAN_POINT('',(116.416435,-285.151215,-30.460861));
#1821=VERTEX_POINT('',#1820);
#1822=CARTESIAN_POINT('',(119.106979,-284.037903,-30.460861));
#1823=VERTEX_POINT('',#1822);
#1824=CARTESIAN_POINT('',(121.786873,-282.8992,-30.460861));
#1825=VERTEX_POINT('',#1824);
#1826=CARTESIAN_POINT('',(124.455879,-281.735229,-30.460861));
#1827=VERTEX_POINT('',#1826);
#1828=CARTESIAN_POINT('',(126.880348,-287.223572,-30.460861));
#1829=VERTEX_POINT('',#1828);
#1830=CARTESIAN_POINT('',(129.590012,-286.01123,-30.460861));
#1831=VERTEX_POINT('',#1830);
#1832=CARTESIAN_POINT('',(132.288086,-284.773346,-30.460861));
#1833=VERTEX_POINT('',#1832);
#1834=CARTESIAN_POINT('',(134.97435,-283.51001,-30.460861));
#1835=VERTEX_POINT('',#1834);
#1836=CARTESIAN_POINT('',(126.851997,-287.235931,-30.360861));
#1837=VERTEX_POINT('',#1836);
#1838=CARTESIAN_POINT('',(126.880348,-287.223572,-30.360861));
#1839=VERTEX_POINT('',#1838);
#1840=CARTESIAN_POINT('',(127.113762,-280.546051,-30.460861));
#1841=VERTEX_POINT('',#1840);
#1842=CARTESIAN_POINT('',(129.760284,-279.331818,-30.460861));
#1843=VERTEX_POINT('',#1842);
#1844=CARTESIAN_POINT('',(132.395218,-278.092621,-30.460861));
#1845=VERTEX_POINT('',#1844);
#1846=CARTESIAN_POINT('',(137.648544,-282.221344,-30.460861));
#1847=VERTEX_POINT('',#1846);
#1848=CARTESIAN_POINT('',(137.648544,-282.221344,-30.360861));
#1849=VERTEX_POINT('',#1848);
#1850=CARTESIAN_POINT('',(135.018311,-276.828552,-30.460861));
#1851=VERTEX_POINT('',#1850);
#1852=CARTESIAN_POINT('',(135.018311,-276.828552,-30.360861));
#1853=VERTEX_POINT('',#1852);
#1854=CARTESIAN_POINT('',(116.816727,-257.820007,-30.460861));
#1855=VERTEX_POINT('',#1854);
#1856=CARTESIAN_POINT('',(119.248863,-256.704132,-30.460861));
#1857=VERTEX_POINT('',#1856);
#1858=CARTESIAN_POINT('',(121.670349,-255.565308,-30.460861));
#1859=VERTEX_POINT('',#1858);
#1860=CARTESIAN_POINT('',(124.080956,-254.403656,-30.460861));
#1861=VERTEX_POINT('',#1860);
#1862=CARTESIAN_POINT('',(79.205605,-271.742126,-20.860861));
#1863=VERTEX_POINT('',#1862);
#1864=CARTESIAN_POINT('',(81.771042,-270.981171,-20.860861));
#1865=VERTEX_POINT('',#1864);
#1866=CARTESIAN_POINT('',(84.329163,-270.196014,-20.860861));
#1867=VERTEX_POINT('',#1866);
#1868=CARTESIAN_POINT('',(86.879753,-269.386719,-20.860861));
#1869=VERTEX_POINT('',#1868);
#1870=CARTESIAN_POINT('',(89.422585,-268.553345,-20.860861));
#1871=VERTEX_POINT('',#1870);
#1872=CARTESIAN_POINT('',(91.957413,-267.695984,-20.860861));
#1873=VERTEX_POINT('',#1872);
#1874=CARTESIAN_POINT('',(94.484032,-266.814667,-20.860861));
#1875=VERTEX_POINT('',#1874);
#1876=CARTESIAN_POINT('',(97.002205,-265.909515,-20.860861));
#1877=VERTEX_POINT('',#1876);
#1878=CARTESIAN_POINT('',(99.511703,-264.980621,-20.860861));
#1879=VERTEX_POINT('',#1878);
#1880=CARTESIAN_POINT('',(102.012314,-264.028015,-20.860861));
#1881=VERTEX_POINT('',#1880);
#1882=CARTESIAN_POINT('',(104.503799,-263.051819,-20.860861));
#1883=VERTEX_POINT('',#1882);
#1884=CARTESIAN_POINT('',(106.985947,-262.052124,-20.860861));
#1885=VERTEX_POINT('',#1884);
#1886=CARTESIAN_POINT('',(109.458534,-261.028992,-20.860861));
#1887=VERTEX_POINT('',#1886);
#1888=CARTESIAN_POINT('',(111.921341,-259.982544,-20.860861));
#1889=VERTEX_POINT('',#1888);
#1890=CARTESIAN_POINT('',(114.374146,-258.912842,-20.860861));
#1891=VERTEX_POINT('',#1890);
#1892=CARTESIAN_POINT('',(126.880348,-287.223572,-20.860861));
#1893=VERTEX_POINT('',#1892);
#1894=CARTESIAN_POINT('',(129.590012,-286.01123,-20.860861));
#1895=VERTEX_POINT('',#1894);
#1896=CARTESIAN_POINT('',(132.288086,-284.773346,-20.860861));
#1897=VERTEX_POINT('',#1896);
#1898=CARTESIAN_POINT('',(134.97435,-283.51001,-20.860861));
#1899=VERTEX_POINT('',#1898);
#1900=CARTESIAN_POINT('',(137.648544,-282.221344,-20.860861));
#1901=VERTEX_POINT('',#1900);
#1902=CARTESIAN_POINT('',(116.816727,-257.820007,-20.860861));
#1903=VERTEX_POINT('',#1902);
#1904=CARTESIAN_POINT('',(119.248863,-256.704132,-20.860861));
#1905=VERTEX_POINT('',#1904);
#1906=CARTESIAN_POINT('',(121.670349,-255.565308,-20.860861));
#1907=VERTEX_POINT('',#1906);
#1908=CARTESIAN_POINT('',(124.080956,-254.403656,-20.860861));
#1909=VERTEX_POINT('',#1908);
#1910=DIRECTION('',(-1,0,0));
#1911=DIRECTION('',(0,-0,1));
#1912=AXIS2_PLACEMENT_3D('',#14,#1910,#1911);
#1913=PLANE('',#1912);
#1914=DIRECTION('',(0,0,1));
#1915=VECTOR('',#1914,5);
#1916=LINE('',#14,#1915);
#1917=EDGE_CURVE('',#15,#17,#1916,.T.);
#1918=ORIENTED_EDGE('',*,*,#1917,.T.);
#1919=DIRECTION('',(0,0,1));
#1920=VECTOR('',#1919,0.200001);
#1921=LINE('',#16,#1920);
#1922=EDGE_CURVE('',#17,#19,#1921,.T.);
#1923=ORIENTED_EDGE('',*,*,#1922,.T.);
#1924=DIRECTION('',(0,1,0));
#1925=VECTOR('',#1924,26);
#1926=LINE('',#18,#1925);
#1927=EDGE_CURVE('',#19,#217,#1926,.T.);
#1928=ORIENTED_EDGE('',*,*,#1927,.T.);
#1929=DIRECTION('',(0,0,1));
#1930=VECTOR('',#1929,0.200001);
#1931=LINE('',#214,#1930);
#1932=EDGE_CURVE('',#215,#217,#1931,.T.);
#1933=ORIENTED_EDGE('',*,*,#1932,.F.);
#1934=DIRECTION('',(0,0,1));
#1935=VECTOR('',#1934,5);
#1936=LINE('',#212,#1935);
#1937=EDGE_CURVE('',#213,#215,#1936,.T.);
#1938=ORIENTED_EDGE('',*,*,#1937,.F.);
#1939=DIRECTION('',(0,1,0));
#1940=VECTOR('',#1939,26);
#1941=LINE('',#14,#1940);
#1942=EDGE_CURVE('',#15,#213,#1941,.T.);
#1943=ORIENTED_EDGE('',*,*,#1942,.F.);
#1944=EDGE_LOOP('',(#1918,#1923,#1928,#1933,#1938,#1943));
#1945=FACE_OUTER_BOUND('',#1944,.T.);
#1946=ADVANCED_FACE('',(#1945),#1913,.T.);
#1947=DIRECTION('',(0,1,0));
#1948=DIRECTION('',(0,0,1));
#1949=AXIS2_PLACEMENT_3D('',#1336,#1947,#1948);
#1950=PLANE('',#1949);
#1951=DIRECTION('',(0,0,1));
#1952=VECTOR('',#1951,5);
#1953=LINE('',#1334,#1952);
#1954=EDGE_CURVE('',#1335,#1337,#1953,.T.);
#1955=ORIENTED_EDGE('',*,*,#1954,.F.);
#1956=DIRECTION('',(1,0,0));
#1957=VECTOR('',#1956,308.557526);
#1958=LINE('',#212,#1957);
#1959=EDGE_CURVE('',#213,#1335,#1958,.T.);
#1960=ORIENTED_EDGE('',*,*,#1959,.F.);
#1961=ORIENTED_EDGE('',*,*,#1937,.T.);
#1962=ORIENTED_EDGE('',*,*,#1932,.T.);
#1963=DIRECTION('',(1,0,0));
#1964=VECTOR('',#1963,93.203621);
#1965=LINE('',#216,#1964);
#1966=EDGE_CURVE('',#217,#323,#1965,.T.);
#1967=ORIENTED_EDGE('',*,*,#1966,.T.);
#1968=DIRECTION('',(0,0,1));
#1969=VECTOR('',#1968,0.099998);
#1970=LINE('',#320,#1969);
#1971=EDGE_CURVE('',#321,#323,#1970,.T.);
#1972=ORIENTED_EDGE('',*,*,#1971,.F.);
#1973=DIRECTION('',(1,0,0));
#1974=VECTOR('',#1973,61.075142);
#1975=LINE('',#320,#1974);
#1976=EDGE_CURVE('',#321,#1187,#1975,.T.);
#1977=ORIENTED_EDGE('',*,*,#1976,.T.);
#1978=DIRECTION('',(1,0,0));
#1979=VECTOR('',#1978,61.075142);
#1980=LINE('',#1186,#1979);
#1981=EDGE_CURVE('',#1187,#1249,#1980,.T.);
#1982=ORIENTED_EDGE('',*,*,#1981,.T.);
#1983=DIRECTION('',(0,0,1));
#1984=VECTOR('',#1983,0.099998);
#1985=LINE('',#1248,#1984);
#1986=EDGE_CURVE('',#1249,#1251,#1985,.T.);
#1987=ORIENTED_EDGE('',*,*,#1986,.T.);
#1988=DIRECTION('',(1,0,0));
#1989=VECTOR('',#1988,93.203621);
#1990=LINE('',#1250,#1989);
#1991=EDGE_CURVE('',#1251,#1339,#1990,.T.);
#1992=ORIENTED_EDGE('',*,*,#1991,.T.);
#1993=DIRECTION('',(0,0,1));
#1994=VECTOR('',#1993,0.200001);
#1995=LINE('',#1336,#1994);
#1996=EDGE_CURVE('',#1337,#1339,#1995,.T.);
#1997=ORIENTED_EDGE('',*,*,#1996,.F.);
#1998=EDGE_LOOP('',(#1955,#1960,#1961,#1962,#1967,#1972,#1977,#1982,#1987,#1992,#1997));
#1999=FACE_OUTER_BOUND('',#1998,.T.);
#2000=ADVANCED_FACE('',(#1999),#1950,.T.);
#2001=DIRECTION('',(1,0,0));
#2002=DIRECTION('',(0,0,-1));
#2003=AXIS2_PLACEMENT_3D('',#1338,#2001,#2002);
#2004=PLANE('',#2003);
#2005=DIRECTION('',(0,1,0));
#2006=VECTOR('',#2005,26);
#2007=LINE('',#1170,#2006);
#2008=EDGE_CURVE('',#1171,#1339,#2007,.T.);
#2009=ORIENTED_EDGE('',*,*,#2008,.F.);
#2010=DIRECTION('',(0,0,1));
#2011=VECTOR('',#2010,0.200001);
#2012=LINE('',#1168,#2011);
#2013=EDGE_CURVE('',#1169,#1171,#2012,.T.);
#2014=ORIENTED_EDGE('',*,*,#2013,.F.);
#2015=DIRECTION('',(0,0,1));
#2016=VECTOR('',#2015,5);
#2017=LINE('',#1166,#2016);
#2018=EDGE_CURVE('',#1167,#1169,#2017,.T.);
#2019=ORIENTED_EDGE('',*,*,#2018,.F.);
#2020=DIRECTION('',(0,1,0));
#2021=VECTOR('',#2020,26);
#2022=LINE('',#1166,#2021);
#2023=EDGE_CURVE('',#1167,#1335,#2022,.T.);
#2024=ORIENTED_EDGE('',*,*,#2023,.T.);
#2025=ORIENTED_EDGE('',*,*,#1954,.T.);
#2026=ORIENTED_EDGE('',*,*,#1996,.T.);
#2027=EDGE_LOOP('',(#2009,#2014,#2019,#2024,#2025,#2026));
#2028=FACE_OUTER_BOUND('',#2027,.T.);
#2029=ADVANCED_FACE('',(#2028),#2004,.T.);
#2030=DIRECTION('',(0,0,-1));
#2031=DIRECTION('',(-0,1,0));
#2032=AXIS2_PLACEMENT_3D('',#14,#2030,#2031);
#2033=PLANE('',#2032);
#2034=ORIENTED_EDGE('',*,*,#1942,.T.);
#2035=ORIENTED_EDGE('',*,*,#1959,.T.);
#2036=ORIENTED_EDGE('',*,*,#2023,.F.);
#2037=DIRECTION('',(1,0,0));
#2038=VECTOR('',#2037,138.278763);
#2039=LINE('',#1062,#2038);
#2040=EDGE_CURVE('',#1063,#1167,#2039,.T.);
#2041=ORIENTED_EDGE('',*,*,#2040,.F.);
#2042=DIRECTION('',(0,1,0));
#2043=VECTOR('',#2042,53);
#2044=LINE('',#958,#2043);
#2045=EDGE_CURVE('',#959,#1063,#2044,.T.);
#2046=ORIENTED_EDGE('',*,*,#2045,.F.);
#2047=DIRECTION('',(1,0,0));
#2048=VECTOR('',#2047,32);
#2049=LINE('',#20,#2048);
#2050=EDGE_CURVE('',#21,#959,#2049,.T.);
#2051=ORIENTED_EDGE('',*,*,#2050,.F.);
#2052=DIRECTION('',(0,1,0));
#2053=VECTOR('',#2052,53);
#2054=LINE('',#20,#2053);
#2055=EDGE_CURVE('',#21,#117,#2054,.T.);
#2056=ORIENTED_EDGE('',*,*,#2055,.T.);
#2057=DIRECTION('',(1,0,0));
#2058=VECTOR('',#2057,138.278763);
#2059=LINE('',#14,#2058);
#2060=EDGE_CURVE('',#15,#117,#2059,.T.);
#2061=ORIENTED_EDGE('',*,*,#2060,.F.);
#2062=EDGE_LOOP('',(#2034,#2035,#2036,#2041,#2046,#2051,#2056,#2061));
#2063=FACE_OUTER_BOUND('',#2062,.T.);
#2064=DIRECTION('',(0.321438,0.94693,0));
#2065=VECTOR('',#2064,0.327016);
#2066=LINE('',#48,#2065);
#2067=EDGE_CURVE('',#49,#51,#2066,.T.);
#2068=ORIENTED_EDGE('',*,*,#2067,.F.);
#2069=DIRECTION('',(0.195104,0.980783,0));
#2070=VECTOR('',#2069,0.326993);
#2071=LINE('',#40,#2070);
#2072=EDGE_CURVE('',#41,#49,#2071,.T.);
#2073=ORIENTED_EDGE('',*,*,#2072,.F.);
#2074=DIRECTION('',(0.065401,0.997859,0));
#2075=VECTOR('',#2074,0.327025);
#2076=LINE('',#38,#2075);
#2077=EDGE_CURVE('',#39,#41,#2076,.T.);
#2078=ORIENTED_EDGE('',*,*,#2077,.F.);
#2079=DIRECTION('',(-0.065401,0.997859,0));
#2080=VECTOR('',#2079,0.327025);
#2081=LINE('',#36,#2080);
#2082=EDGE_CURVE('',#37,#39,#2081,.T.);
#2083=ORIENTED_EDGE('',*,*,#2082,.F.);
#2084=DIRECTION('',(-0.195104,0.980783,0));
#2085=VECTOR('',#2084,0.326993);
#2086=LINE('',#34,#2085);
#2087=EDGE_CURVE('',#35,#37,#2086,.T.);
#2088=ORIENTED_EDGE('',*,*,#2087,.F.);
#2089=DIRECTION('',(0.321438,-0.94693,0));
#2090=VECTOR('',#2089,0.327016);
#2091=LINE('',#34,#2090);
#2092=EDGE_CURVE('',#35,#47,#2091,.T.);
#2093=ORIENTED_EDGE('',*,*,#2092,.T.);
#2094=DIRECTION('',(-0.442273,0.896881,0));
#2095=VECTOR('',#2094,0.327027);
#2096=LINE('',#44,#2095);
#2097=EDGE_CURVE('',#45,#47,#2096,.T.);
#2098=ORIENTED_EDGE('',*,*,#2097,.F.);
#2099=DIRECTION('',(-0.555559,0.831477,0));
#2100=VECTOR('',#2099,0.327022);
#2101=LINE('',#42,#2100);
#2102=EDGE_CURVE('',#43,#45,#2101,.T.);
#2103=ORIENTED_EDGE('',*,*,#2102,.F.);
#2104=DIRECTION('',(-0.659367,0.751822,0));
#2105=VECTOR('',#2104,0.327005);
#2106=LINE('',#26,#2105);
#2107=EDGE_CURVE('',#27,#43,#2106,.T.);
#2108=ORIENTED_EDGE('',*,*,#2107,.F.);
#2109=DIRECTION('',(-0.751808,0.659382,0));
#2110=VECTOR('',#2109,0.327029);
#2111=LINE('',#24,#2110);
#2112=EDGE_CURVE('',#25,#27,#2111,.T.);
#2113=ORIENTED_EDGE('',*,*,#2112,.F.);
#2114=DIRECTION('',(-0.831482,0.555551,0));
#2115=VECTOR('',#2114,0.327011);
#2116=LINE('',#22,#2115);
#2117=EDGE_CURVE('',#23,#25,#2116,.T.);
#2118=ORIENTED_EDGE('',*,*,#2117,.F.);
#2119=DIRECTION('',(0.896888,-0.442258,0));
#2120=VECTOR('',#2119,0.32701);
#2121=LINE('',#22,#2120);
#2122=EDGE_CURVE('',#23,#29,#2121,.T.);
#2123=ORIENTED_EDGE('',*,*,#2122,.T.);
#2124=DIRECTION('',(0.946914,-0.321487,0));
#2125=VECTOR('',#2124,0.327021);
#2126=LINE('',#28,#2125);
#2127=EDGE_CURVE('',#29,#31,#2126,.T.);
#2128=ORIENTED_EDGE('',*,*,#2127,.T.);
#2129=DIRECTION('',(0.980795,-0.195044,0));
#2130=VECTOR('',#2129,0.327013);
#2131=LINE('',#30,#2130);
#2132=EDGE_CURVE('',#31,#33,#2131,.T.);
#2133=ORIENTED_EDGE('',*,*,#2132,.T.);
#2134=DIRECTION('',(0.997858,-0.065418,0));
#2135=VECTOR('',#2134,0.327016);
#2136=LINE('',#32,#2135);
#2137=EDGE_CURVE('',#33,#961,#2136,.T.);
#2138=ORIENTED_EDGE('',*,*,#2137,.T.);
#2139=DIRECTION('',(0.997858,0.065418,0));
#2140=VECTOR('',#2139,0.327016);
#2141=LINE('',#960,#2140);
#2142=EDGE_CURVE('',#961,#963,#2141,.T.);
#2143=ORIENTED_EDGE('',*,*,#2142,.T.);
#2144=DIRECTION('',(0.980795,0.195044,0));
#2145=VECTOR('',#2144,0.327013);
#2146=LINE('',#962,#2145);
#2147=EDGE_CURVE('',#963,#965,#2146,.T.);
#2148=ORIENTED_EDGE('',*,*,#2147,.T.);
#2149=DIRECTION('',(0.946914,0.321487,0));
#2150=VECTOR('',#2149,0.327021);
#2151=LINE('',#964,#2150);
#2152=EDGE_CURVE('',#965,#967,#2151,.T.);
#2153=ORIENTED_EDGE('',*,*,#2152,.T.);
#2154=DIRECTION('',(0.896888,0.442258,0));
#2155=VECTOR('',#2154,0.32701);
#2156=LINE('',#966,#2155);
#2157=EDGE_CURVE('',#967,#969,#2156,.T.);
#2158=ORIENTED_EDGE('',*,*,#2157,.T.);
#2159=DIRECTION('',(0.831482,0.555551,0));
#2160=VECTOR('',#2159,0.327011);
#2161=LINE('',#968,#2160);
#2162=EDGE_CURVE('',#969,#971,#2161,.T.);
#2163=ORIENTED_EDGE('',*,*,#2162,.T.);
#2164=DIRECTION('',(0.751808,0.659382,0));
#2165=VECTOR('',#2164,0.327029);
#2166=LINE('',#970,#2165);
#2167=EDGE_CURVE('',#971,#973,#2166,.T.);
#2168=ORIENTED_EDGE('',*,*,#2167,.T.);
#2169=DIRECTION('',(0.659367,0.751822,0));
#2170=VECTOR('',#2169,0.327005);
#2171=LINE('',#972,#2170);
#2172=EDGE_CURVE('',#973,#975,#2171,.T.);
#2173=ORIENTED_EDGE('',*,*,#2172,.T.);
#2174=DIRECTION('',(0.555559,0.831477,0));
#2175=VECTOR('',#2174,0.327022);
#2176=LINE('',#974,#2175);
#2177=EDGE_CURVE('',#975,#977,#2176,.T.);
#2178=ORIENTED_EDGE('',*,*,#2177,.T.);
#2179=DIRECTION('',(0.442273,0.896881,0));
#2180=VECTOR('',#2179,0.327027);
#2181=LINE('',#976,#2180);
#2182=EDGE_CURVE('',#977,#979,#2181,.T.);
#2183=ORIENTED_EDGE('',*,*,#2182,.T.);
#2184=DIRECTION('',(0.321438,0.94693,0));
#2185=VECTOR('',#2184,0.327016);
#2186=LINE('',#978,#2185);
#2187=EDGE_CURVE('',#979,#981,#2186,.T.);
#2188=ORIENTED_EDGE('',*,*,#2187,.T.);
#2189=DIRECTION('',(0.195104,0.980783,0));
#2190=VECTOR('',#2189,0.326993);
#2191=LINE('',#980,#2190);
#2192=EDGE_CURVE('',#981,#983,#2191,.T.);
#2193=ORIENTED_EDGE('',*,*,#2192,.T.);
#2194=DIRECTION('',(0.065401,0.997859,0));
#2195=VECTOR('',#2194,0.327025);
#2196=LINE('',#982,#2195);
#2197=EDGE_CURVE('',#983,#985,#2196,.T.);
#2198=ORIENTED_EDGE('',*,*,#2197,.T.);
#2199=DIRECTION('',(-0.065401,0.997859,0));
#2200=VECTOR('',#2199,0.327025);
#2201=LINE('',#984,#2200);
#2202=EDGE_CURVE('',#985,#987,#2201,.T.);
#2203=ORIENTED_EDGE('',*,*,#2202,.T.);
#2204=DIRECTION('',(-0.195104,0.980783,0));
#2205=VECTOR('',#2204,0.326993);
#2206=LINE('',#986,#2205);
#2207=EDGE_CURVE('',#987,#1009,#2206,.T.);
#2208=ORIENTED_EDGE('',*,*,#2207,.T.);
#2209=DIRECTION('',(0.321438,-0.94693,0));
#2210=VECTOR('',#2209,0.327016);
#2211=LINE('',#988,#2210);
#2212=EDGE_CURVE('',#989,#1009,#2211,.T.);
#2213=ORIENTED_EDGE('',*,*,#2212,.F.);
#2214=DIRECTION('',(-0.442273,0.896881,0));
#2215=VECTOR('',#2214,0.327027);
#2216=LINE('',#988,#2215);
#2217=EDGE_CURVE('',#989,#991,#2216,.T.);
#2218=ORIENTED_EDGE('',*,*,#2217,.T.);
#2219=DIRECTION('',(-0.555559,0.831477,0));
#2220=VECTOR('',#2219,0.327022);
#2221=LINE('',#990,#2220);
#2222=EDGE_CURVE('',#991,#1005,#2221,.T.);
#2223=ORIENTED_EDGE('',*,*,#2222,.T.);
#2224=DIRECTION('',(0.659367,-0.751822,0));
#2225=VECTOR('',#2224,0.327005);
#2226=LINE('',#1000,#2225);
#2227=EDGE_CURVE('',#1001,#1005,#2226,.T.);
#2228=ORIENTED_EDGE('',*,*,#2227,.F.);
#2229=DIRECTION('',(-0.751808,0.659382,0));
#2230=VECTOR('',#2229,0.327029);
#2231=LINE('',#1000,#2230);
#2232=EDGE_CURVE('',#1001,#1003,#2231,.T.);
#2233=ORIENTED_EDGE('',*,*,#2232,.T.);
#2234=DIRECTION('',(-0.831482,0.555551,0));
#2235=VECTOR('',#2234,0.327011);
#2236=LINE('',#1002,#2235);
#2237=EDGE_CURVE('',#1003,#1007,#2236,.T.);
#2238=ORIENTED_EDGE('',*,*,#2237,.T.);
#2239=DIRECTION('',(0.896888,-0.442258,0));
#2240=VECTOR('',#2239,0.32701);
#2241=LINE('',#998,#2240);
#2242=EDGE_CURVE('',#999,#1007,#2241,.T.);
#2243=ORIENTED_EDGE('',*,*,#2242,.F.);
#2244=DIRECTION('',(0.946914,-0.321487,0));
#2245=VECTOR('',#2244,0.327021);
#2246=LINE('',#996,#2245);
#2247=EDGE_CURVE('',#997,#999,#2246,.T.);
#2248=ORIENTED_EDGE('',*,*,#2247,.F.);
#2249=DIRECTION('',(0.980795,-0.195044,0));
#2250=VECTOR('',#2249,0.327013);
#2251=LINE('',#994,#2250);
#2252=EDGE_CURVE('',#995,#997,#2251,.T.);
#2253=ORIENTED_EDGE('',*,*,#2252,.F.);
#2254=DIRECTION('',(0.997858,-0.065418,0));
#2255=VECTOR('',#2254,0.327016);
#2256=LINE('',#992,#2255);
#2257=EDGE_CURVE('',#993,#995,#2256,.T.);
#2258=ORIENTED_EDGE('',*,*,#2257,.F.);
#2259=DIRECTION('',(0.997858,0.065418,0));
#2260=VECTOR('',#2259,0.327016);
#2261=LINE('',#66,#2260);
#2262=EDGE_CURVE('',#67,#993,#2261,.T.);
#2263=ORIENTED_EDGE('',*,*,#2262,.F.);
#2264=DIRECTION('',(0.980795,0.195044,0));
#2265=VECTOR('',#2264,0.327013);
#2266=LINE('',#64,#2265);
#2267=EDGE_CURVE('',#65,#67,#2266,.T.);
#2268=ORIENTED_EDGE('',*,*,#2267,.F.);
#2269=DIRECTION('',(0.946914,0.321487,0));
#2270=VECTOR('',#2269,0.327021);
#2271=LINE('',#62,#2270);
#2272=EDGE_CURVE('',#63,#65,#2271,.T.);
#2273=ORIENTED_EDGE('',*,*,#2272,.F.);
#2274=DIRECTION('',(0.896888,0.442258,0));
#2275=VECTOR('',#2274,0.32701);
#2276=LINE('',#60,#2275);
#2277=EDGE_CURVE('',#61,#63,#2276,.T.);
#2278=ORIENTED_EDGE('',*,*,#2277,.F.);
#2279=DIRECTION('',(0.831482,0.555551,0));
#2280=VECTOR('',#2279,0.327011);
#2281=LINE('',#58,#2280);
#2282=EDGE_CURVE('',#59,#61,#2281,.T.);
#2283=ORIENTED_EDGE('',*,*,#2282,.F.);
#2284=DIRECTION('',(0.751808,0.659382,0));
#2285=VECTOR('',#2284,0.327029);
#2286=LINE('',#56,#2285);
#2287=EDGE_CURVE('',#57,#59,#2286,.T.);
#2288=ORIENTED_EDGE('',*,*,#2287,.F.);
#2289=DIRECTION('',(0.659367,0.751822,0));
#2290=VECTOR('',#2289,0.327005);
#2291=LINE('',#54,#2290);
#2292=EDGE_CURVE('',#55,#57,#2291,.T.);
#2293=ORIENTED_EDGE('',*,*,#2292,.F.);
#2294=DIRECTION('',(0.555559,0.831477,0));
#2295=VECTOR('',#2294,0.327022);
#2296=LINE('',#52,#2295);
#2297=EDGE_CURVE('',#53,#55,#2296,.T.);
#2298=ORIENTED_EDGE('',*,*,#2297,.F.);
#2299=DIRECTION('',(0.442273,0.896881,0));
#2300=VECTOR('',#2299,0.327027);
#2301=LINE('',#50,#2300);
#2302=EDGE_CURVE('',#51,#53,#2301,.T.);
#2303=ORIENTED_EDGE('',*,*,#2302,.F.);
#2304=EDGE_LOOP('',(#2068,#2073,#2078,#2083,#2088,#2093,#2098,#2103,#2108,#2113,#2118,#2123,#2128,#2133,#2138,#2143,#2148,#2153,#2158,#2163,#2168,#2173,#2178,#2183,#2188,#2193,#2198,#2203,#2208,#2213,#2218,#2223,#2228,#2233,#2238,#2243,#2248,#2253,#2258,#2263,#2268,#2273,#2278,#2283,#2288,#2293,#2298,#2303));
#2305=FACE_BOUND('',#2304,.T.);
#2306=DIRECTION('',(0.997858,0.065418,0));
#2307=VECTOR('',#2306,0.327016);
#2308=LINE('',#1064,#2307);
#2309=EDGE_CURVE('',#1065,#1067,#2308,.T.);
#2310=ORIENTED_EDGE('',*,*,#2309,.T.);
#2311=DIRECTION('',(0.980795,0.195044,0));
#2312=VECTOR('',#2311,0.327013);
#2313=LINE('',#1066,#2312);
#2314=EDGE_CURVE('',#1067,#1069,#2313,.T.);
#2315=ORIENTED_EDGE('',*,*,#2314,.T.);
#2316=DIRECTION('',(0.946914,0.321487,0));
#2317=VECTOR('',#2316,0.327021);
#2318=LINE('',#1068,#2317);
#2319=EDGE_CURVE('',#1069,#1071,#2318,.T.);
#2320=ORIENTED_EDGE('',*,*,#2319,.T.);
#2321=DIRECTION('',(0.896888,0.442258,0));
#2322=VECTOR('',#2321,0.32701);
#2323=LINE('',#1070,#2322);
#2324=EDGE_CURVE('',#1071,#1073,#2323,.T.);
#2325=ORIENTED_EDGE('',*,*,#2324,.T.);
#2326=DIRECTION('',(0.831482,0.555551,0));
#2327=VECTOR('',#2326,0.327011);
#2328=LINE('',#1072,#2327);
#2329=EDGE_CURVE('',#1073,#1075,#2328,.T.);
#2330=ORIENTED_EDGE('',*,*,#2329,.T.);
#2331=DIRECTION('',(0.751808,0.659382,0));
#2332=VECTOR('',#2331,0.327029);
#2333=LINE('',#1074,#2332);
#2334=EDGE_CURVE('',#1075,#1077,#2333,.T.);
#2335=ORIENTED_EDGE('',*,*,#2334,.T.);
#2336=DIRECTION('',(0.659367,0.751822,0));
#2337=VECTOR('',#2336,0.327005);
#2338=LINE('',#1076,#2337);
#2339=EDGE_CURVE('',#1077,#1079,#2338,.T.);
#2340=ORIENTED_EDGE('',*,*,#2339,.T.);
#2341=DIRECTION('',(0.555559,0.831477,0));
#2342=VECTOR('',#2341,0.327022);
#2343=LINE('',#1078,#2342);
#2344=EDGE_CURVE('',#1079,#1081,#2343,.T.);
#2345=ORIENTED_EDGE('',*,*,#2344,.T.);
#2346=DIRECTION('',(0.442273,0.896881,0));
#2347=VECTOR('',#2346,0.327027);
#2348=LINE('',#1080,#2347);
#2349=EDGE_CURVE('',#1081,#1083,#2348,.T.);
#2350=ORIENTED_EDGE('',*,*,#2349,.T.);
#2351=DIRECTION('',(0.321438,0.94693,0));
#2352=VECTOR('',#2351,0.327016);
#2353=LINE('',#1082,#2352);
#2354=EDGE_CURVE('',#1083,#1085,#2353,.T.);
#2355=ORIENTED_EDGE('',*,*,#2354,.T.);
#2356=DIRECTION('',(0.195104,0.980783,0));
#2357=VECTOR('',#2356,0.326993);
#2358=LINE('',#1084,#2357);
#2359=EDGE_CURVE('',#1085,#1087,#2358,.T.);
#2360=ORIENTED_EDGE('',*,*,#2359,.T.);
#2361=DIRECTION('',(0.065401,0.997859,0));
#2362=VECTOR('',#2361,0.327025);
#2363=LINE('',#1086,#2362);
#2364=EDGE_CURVE('',#1087,#1089,#2363,.T.);
#2365=ORIENTED_EDGE('',*,*,#2364,.T.);
#2366=DIRECTION('',(-0.065401,0.997859,0));
#2367=VECTOR('',#2366,0.327025);
#2368=LINE('',#1088,#2367);
#2369=EDGE_CURVE('',#1089,#1103,#2368,.T.);
#2370=ORIENTED_EDGE('',*,*,#2369,.T.);
#2371=DIRECTION('',(-0.195104,0.980783,0));
#2372=VECTOR('',#2371,0.326993);
#2373=LINE('',#1102,#2372);
#2374=EDGE_CURVE('',#1103,#1105,#2373,.T.);
#2375=ORIENTED_EDGE('',*,*,#2374,.T.);
#2376=DIRECTION('',(0.321438,-0.94693,0));
#2377=VECTOR('',#2376,0.327016);
#2378=LINE('',#1090,#2377);
#2379=EDGE_CURVE('',#1091,#1105,#2378,.T.);
#2380=ORIENTED_EDGE('',*,*,#2379,.F.);
#2381=DIRECTION('',(-0.442273,0.896881,0));
#2382=VECTOR('',#2381,0.327027);
#2383=LINE('',#1090,#2382);
#2384=EDGE_CURVE('',#1091,#1093,#2383,.T.);
#2385=ORIENTED_EDGE('',*,*,#2384,.T.);
#2386=DIRECTION('',(-0.555559,0.831477,0));
#2387=VECTOR('',#2386,0.327022);
#2388=LINE('',#1092,#2387);
#2389=EDGE_CURVE('',#1093,#1095,#2388,.T.);
#2390=ORIENTED_EDGE('',*,*,#2389,.T.);
#2391=DIRECTION('',(-0.659367,0.751822,0));
#2392=VECTOR('',#2391,0.327005);
#2393=LINE('',#1094,#2392);
#2394=EDGE_CURVE('',#1095,#1097,#2393,.T.);
#2395=ORIENTED_EDGE('',*,*,#2394,.T.);
#2396=DIRECTION('',(-0.751808,0.659382,0));
#2397=VECTOR('',#2396,0.327029);
#2398=LINE('',#1096,#2397);
#2399=EDGE_CURVE('',#1097,#1101,#2398,.T.);
#2400=ORIENTED_EDGE('',*,*,#2399,.T.);
#2401=DIRECTION('',(0.831482,-0.555551,0));
#2402=VECTOR('',#2401,0.327011);
#2403=LINE('',#1098,#2402);
#2404=EDGE_CURVE('',#1099,#1101,#2403,.T.);
#2405=ORIENTED_EDGE('',*,*,#2404,.F.);
#2406=DIRECTION('',(-0.896888,0.442258,0));
#2407=VECTOR('',#2406,0.32701);
#2408=LINE('',#1098,#2407);
#2409=EDGE_CURVE('',#1099,#1113,#2408,.T.);
#2410=ORIENTED_EDGE('',*,*,#2409,.T.);
#2411=DIRECTION('',(0.946914,-0.321487,0));
#2412=VECTOR('',#2411,0.327021);
#2413=LINE('',#1110,#2412);
#2414=EDGE_CURVE('',#1111,#1113,#2413,.T.);
#2415=ORIENTED_EDGE('',*,*,#2414,.F.);
#2416=DIRECTION('',(0.980795,-0.195044,0));
#2417=VECTOR('',#2416,0.327013);
#2418=LINE('',#1106,#2417);
#2419=EDGE_CURVE('',#1107,#1111,#2418,.T.);
#2420=ORIENTED_EDGE('',*,*,#2419,.F.);
#2421=DIRECTION('',(-0.997858,0.065418,0));
#2422=VECTOR('',#2421,0.327016);
#2423=LINE('',#1106,#2422);
#2424=EDGE_CURVE('',#1107,#1109,#2423,.T.);
#2425=ORIENTED_EDGE('',*,*,#2424,.T.);
#2426=DIRECTION('',(0.997858,0.065418,0));
#2427=VECTOR('',#2426,0.327016);
#2428=LINE('',#162,#2427);
#2429=EDGE_CURVE('',#163,#1109,#2428,.T.);
#2430=ORIENTED_EDGE('',*,*,#2429,.F.);
#2431=DIRECTION('',(0.980795,0.195044,0));
#2432=VECTOR('',#2431,0.327013);
#2433=LINE('',#160,#2432);
#2434=EDGE_CURVE('',#161,#163,#2433,.T.);
#2435=ORIENTED_EDGE('',*,*,#2434,.F.);
#2436=DIRECTION('',(0.946914,0.321487,0));
#2437=VECTOR('',#2436,0.327021);
#2438=LINE('',#158,#2437);
#2439=EDGE_CURVE('',#159,#161,#2438,.T.);
#2440=ORIENTED_EDGE('',*,*,#2439,.F.);
#2441=DIRECTION('',(0.896888,0.442258,0));
#2442=VECTOR('',#2441,0.32701);
#2443=LINE('',#156,#2442);
#2444=EDGE_CURVE('',#157,#159,#2443,.T.);
#2445=ORIENTED_EDGE('',*,*,#2444,.F.);
#2446=DIRECTION('',(0.831482,0.555551,0));
#2447=VECTOR('',#2446,0.327011);
#2448=LINE('',#154,#2447);
#2449=EDGE_CURVE('',#155,#157,#2448,.T.);
#2450=ORIENTED_EDGE('',*,*,#2449,.F.);
#2451=DIRECTION('',(0.751808,0.659382,0));
#2452=VECTOR('',#2451,0.327029);
#2453=LINE('',#152,#2452);
#2454=EDGE_CURVE('',#153,#155,#2453,.T.);
#2455=ORIENTED_EDGE('',*,*,#2454,.F.);
#2456=DIRECTION('',(0.659367,0.751822,0));
#2457=VECTOR('',#2456,0.327005);
#2458=LINE('',#150,#2457);
#2459=EDGE_CURVE('',#151,#153,#2458,.T.);
#2460=ORIENTED_EDGE('',*,*,#2459,.F.);
#2461=DIRECTION('',(0.555559,0.831477,0));
#2462=VECTOR('',#2461,0.327022);
#2463=LINE('',#148,#2462);
#2464=EDGE_CURVE('',#149,#151,#2463,.T.);
#2465=ORIENTED_EDGE('',*,*,#2464,.F.);
#2466=DIRECTION('',(0.442273,0.896881,0));
#2467=VECTOR('',#2466,0.327027);
#2468=LINE('',#146,#2467);
#2469=EDGE_CURVE('',#147,#149,#2468,.T.);
#2470=ORIENTED_EDGE('',*,*,#2469,.F.);
#2471=DIRECTION('',(0.321438,0.94693,0));
#2472=VECTOR('',#2471,0.327016);
#2473=LINE('',#144,#2472);
#2474=EDGE_CURVE('',#145,#147,#2473,.T.);
#2475=ORIENTED_EDGE('',*,*,#2474,.F.);
#2476=DIRECTION('',(0.195104,0.980783,0));
#2477=VECTOR('',#2476,0.326993);
#2478=LINE('',#142,#2477);
#2479=EDGE_CURVE('',#143,#145,#2478,.T.);
#2480=ORIENTED_EDGE('',*,*,#2479,.F.);
#2481=DIRECTION('',(0.065401,0.997859,0));
#2482=VECTOR('',#2481,0.327025);
#2483=LINE('',#132,#2482);
#2484=EDGE_CURVE('',#133,#143,#2483,.T.);
#2485=ORIENTED_EDGE('',*,*,#2484,.F.);
#2486=DIRECTION('',(-0.065401,0.997859,0));
#2487=VECTOR('',#2486,0.327025);
#2488=LINE('',#130,#2487);
#2489=EDGE_CURVE('',#131,#133,#2488,.T.);
#2490=ORIENTED_EDGE('',*,*,#2489,.F.);
#2491=DIRECTION('',(-0.195104,0.980783,0));
#2492=VECTOR('',#2491,0.326993);
#2493=LINE('',#128,#2492);
#2494=EDGE_CURVE('',#129,#131,#2493,.T.);
#2495=ORIENTED_EDGE('',*,*,#2494,.F.);
#2496=DIRECTION('',(0.321438,-0.94693,0));
#2497=VECTOR('',#2496,0.327016);
#2498=LINE('',#128,#2497);
#2499=EDGE_CURVE('',#129,#141,#2498,.T.);
#2500=ORIENTED_EDGE('',*,*,#2499,.T.);
#2501=DIRECTION('',(-0.442273,0.896881,0));
#2502=VECTOR('',#2501,0.327027);
#2503=LINE('',#138,#2502);
#2504=EDGE_CURVE('',#139,#141,#2503,.T.);
#2505=ORIENTED_EDGE('',*,*,#2504,.F.);
#2506=DIRECTION('',(-0.555559,0.831477,0));
#2507=VECTOR('',#2506,0.327022);
#2508=LINE('',#134,#2507);
#2509=EDGE_CURVE('',#135,#139,#2508,.T.);
#2510=ORIENTED_EDGE('',*,*,#2509,.F.);
#2511=DIRECTION('',(0.659367,-0.751822,0));
#2512=VECTOR('',#2511,0.327005);
#2513=LINE('',#134,#2512);
#2514=EDGE_CURVE('',#135,#137,#2513,.T.);
#2515=ORIENTED_EDGE('',*,*,#2514,.T.);
#2516=DIRECTION('',(-0.751808,0.659382,0));
#2517=VECTOR('',#2516,0.327029);
#2518=LINE('',#118,#2517);
#2519=EDGE_CURVE('',#119,#137,#2518,.T.);
#2520=ORIENTED_EDGE('',*,*,#2519,.F.);
#2521=DIRECTION('',(0.831482,-0.555551,0));
#2522=VECTOR('',#2521,0.327011);
#2523=LINE('',#118,#2522);
#2524=EDGE_CURVE('',#119,#121,#2523,.T.);
#2525=ORIENTED_EDGE('',*,*,#2524,.T.);
#2526=DIRECTION('',(0.896888,-0.442258,0));
#2527=VECTOR('',#2526,0.32701);
#2528=LINE('',#120,#2527);
#2529=EDGE_CURVE('',#121,#125,#2528,.T.);
#2530=ORIENTED_EDGE('',*,*,#2529,.T.);
#2531=DIRECTION('',(0.946914,-0.321487,0));
#2532=VECTOR('',#2531,0.327021);
#2533=LINE('',#124,#2532);
#2534=EDGE_CURVE('',#125,#127,#2533,.T.);
#2535=ORIENTED_EDGE('',*,*,#2534,.T.);
#2536=DIRECTION('',(-0.980795,0.195044,0));
#2537=VECTOR('',#2536,0.327013);
#2538=LINE('',#122,#2537);
#2539=EDGE_CURVE('',#123,#127,#2538,.T.);
#2540=ORIENTED_EDGE('',*,*,#2539,.F.);
#2541=DIRECTION('',(0.997858,-0.065418,0));
#2542=VECTOR('',#2541,0.327016);
#2543=LINE('',#122,#2542);
#2544=EDGE_CURVE('',#123,#1065,#2543,.T.);
#2545=ORIENTED_EDGE('',*,*,#2544,.T.);
#2546=EDGE_LOOP('',(#2310,#2315,#2320,#2325,#2330,#2335,#2340,#2345,#2350,#2355,#2360,#2365,#2370,#2375,#2380,#2385,#2390,#2395,#2400,#2405,#2410,#2415,#2420,#2425,#2430,#2435,#2440,#2445,#2450,#2455,#2460,#2465,#2470,#2475,#2480,#2485,#2490,#2495,#2500,#2505,#2510,#2515,#2520,#2525,#2530,#2535,#2540,#2545));
#2547=FACE_BOUND('',#2546,.T.);
#2548=ADVANCED_FACE('',(#2063,#2305,#2547),#2033,.T.);
#2549=DIRECTION('',(0,-1,0));
#2550=DIRECTION('',(0,0,-1));
#2551=AXIS2_PLACEMENT_3D('',#958,#2549,#2550);
#2552=PLANE('',#2551);
#2553=DIRECTION('',(0,0,1));
#2554=VECTOR('',#2553,5);
#2555=LINE('',#958,#2554);
#2556=EDGE_CURVE('',#959,#1011,#2555,.T.);
#2557=ORIENTED_EDGE('',*,*,#2556,.T.);
#2558=DIRECTION('',(1,0,0));
#2559=VECTOR('',#2558,32);
#2560=LINE('',#68,#2559);
#2561=EDGE_CURVE('',#69,#1011,#2560,.T.);
#2562=ORIENTED_EDGE('',*,*,#2561,.F.);
#2563=DIRECTION('',(0,0,1));
#2564=VECTOR('',#2563,5);
#2565=LINE('',#20,#2564);
#2566=EDGE_CURVE('',#21,#69,#2565,.T.);
#2567=ORIENTED_EDGE('',*,*,#2566,.F.);
#2568=ORIENTED_EDGE('',*,*,#2050,.T.);
#2569=EDGE_LOOP('',(#2557,#2562,#2567,#2568));
#2570=FACE_OUTER_BOUND('',#2569,.T.);
#2571=ADVANCED_FACE('',(#2570),#2552,.T.);
#2572=DIRECTION('',(0,0,1));
#2573=DIRECTION('',(0,-1,0));
#2574=AXIS2_PLACEMENT_3D('',#164,#2572,#2573);
#2575=PLANE('',#2574);
#2576=DIRECTION('',(0,1,0));
#2577=VECTOR('',#2576,53);
#2578=LINE('',#68,#2577);
#2579=EDGE_CURVE('',#69,#165,#2578,.T.);
#2580=ORIENTED_EDGE('',*,*,#2579,.F.);
#2581=ORIENTED_EDGE('',*,*,#2561,.T.);
#2582=DIRECTION('',(0,1,0));
#2583=VECTOR('',#2582,53);
#2584=LINE('',#1010,#2583);
#2585=EDGE_CURVE('',#1011,#1115,#2584,.T.);
#2586=ORIENTED_EDGE('',*,*,#2585,.T.);
#2587=DIRECTION('',(1,0,0));
#2588=VECTOR('',#2587,32);
#2589=LINE('',#164,#2588);
#2590=EDGE_CURVE('',#165,#1115,#2589,.T.);
#2591=ORIENTED_EDGE('',*,*,#2590,.F.);
#2592=EDGE_LOOP('',(#2580,#2581,#2586,#2591));
#2593=FACE_OUTER_BOUND('',#2592,.T.);
#2594=DIRECTION('',(0.946914,-0.321487,0));
#2595=VECTOR('',#2594,0.327021);
#2596=LINE('',#76,#2595);
#2597=EDGE_CURVE('',#77,#79,#2596,.T.);
#2598=ORIENTED_EDGE('',*,*,#2597,.F.);
#2599=DIRECTION('',(0.896888,-0.442258,0));
#2600=VECTOR('',#2599,0.32701);
#2601=LINE('',#70,#2600);
#2602=EDGE_CURVE('',#71,#77,#2601,.T.);
#2603=ORIENTED_EDGE('',*,*,#2602,.F.);
#2604=DIRECTION('',(-0.831482,0.555551,0));
#2605=VECTOR('',#2604,0.327011);
#2606=LINE('',#70,#2605);
#2607=EDGE_CURVE('',#71,#73,#2606,.T.);
#2608=ORIENTED_EDGE('',*,*,#2607,.T.);
#2609=DIRECTION('',(-0.751808,0.659382,0));
#2610=VECTOR('',#2609,0.327029);
#2611=LINE('',#72,#2610);
#2612=EDGE_CURVE('',#73,#75,#2611,.T.);
#2613=ORIENTED_EDGE('',*,*,#2612,.T.);
#2614=DIRECTION('',(-0.659367,0.751822,0));
#2615=VECTOR('',#2614,0.327005);
#2616=LINE('',#74,#2615);
#2617=EDGE_CURVE('',#75,#91,#2616,.T.);
#2618=ORIENTED_EDGE('',*,*,#2617,.T.);
#2619=DIRECTION('',(-0.555559,0.831477,0));
#2620=VECTOR('',#2619,0.327022);
#2621=LINE('',#90,#2620);
#2622=EDGE_CURVE('',#91,#93,#2621,.T.);
#2623=ORIENTED_EDGE('',*,*,#2622,.T.);
#2624=DIRECTION('',(-0.442273,0.896881,0));
#2625=VECTOR('',#2624,0.327027);
#2626=LINE('',#92,#2625);
#2627=EDGE_CURVE('',#93,#95,#2626,.T.);
#2628=ORIENTED_EDGE('',*,*,#2627,.T.);
#2629=DIRECTION('',(0.321438,-0.94693,0));
#2630=VECTOR('',#2629,0.327016);
#2631=LINE('',#82,#2630);
#2632=EDGE_CURVE('',#83,#95,#2631,.T.);
#2633=ORIENTED_EDGE('',*,*,#2632,.F.);
#2634=DIRECTION('',(-0.195104,0.980783,0));
#2635=VECTOR('',#2634,0.326993);
#2636=LINE('',#82,#2635);
#2637=EDGE_CURVE('',#83,#85,#2636,.T.);
#2638=ORIENTED_EDGE('',*,*,#2637,.T.);
#2639=DIRECTION('',(-0.065401,0.997859,0));
#2640=VECTOR('',#2639,0.327025);
#2641=LINE('',#84,#2640);
#2642=EDGE_CURVE('',#85,#87,#2641,.T.);
#2643=ORIENTED_EDGE('',*,*,#2642,.T.);
#2644=DIRECTION('',(0.065401,0.997859,0));
#2645=VECTOR('',#2644,0.327025);
#2646=LINE('',#86,#2645);
#2647=EDGE_CURVE('',#87,#89,#2646,.T.);
#2648=ORIENTED_EDGE('',*,*,#2647,.T.);
#2649=DIRECTION('',(0.195104,0.980783,0));
#2650=VECTOR('',#2649,0.326993);
#2651=LINE('',#88,#2650);
#2652=EDGE_CURVE('',#89,#97,#2651,.T.);
#2653=ORIENTED_EDGE('',*,*,#2652,.T.);
#2654=DIRECTION('',(0.321438,0.94693,0));
#2655=VECTOR('',#2654,0.327016);
#2656=LINE('',#96,#2655);
#2657=EDGE_CURVE('',#97,#99,#2656,.T.);
#2658=ORIENTED_EDGE('',*,*,#2657,.T.);
#2659=DIRECTION('',(0.442273,0.896881,0));
#2660=VECTOR('',#2659,0.327027);
#2661=LINE('',#98,#2660);
#2662=EDGE_CURVE('',#99,#101,#2661,.T.);
#2663=ORIENTED_EDGE('',*,*,#2662,.T.);
#2664=DIRECTION('',(0.555559,0.831477,0));
#2665=VECTOR('',#2664,0.327022);
#2666=LINE('',#100,#2665);
#2667=EDGE_CURVE('',#101,#103,#2666,.T.);
#2668=ORIENTED_EDGE('',*,*,#2667,.T.);
#2669=DIRECTION('',(0.659367,0.751822,0));
#2670=VECTOR('',#2669,0.327005);
#2671=LINE('',#102,#2670);
#2672=EDGE_CURVE('',#103,#105,#2671,.T.);
#2673=ORIENTED_EDGE('',*,*,#2672,.T.);
#2674=DIRECTION('',(0.751808,0.659382,0));
#2675=VECTOR('',#2674,0.327029);
#2676=LINE('',#104,#2675);
#2677=EDGE_CURVE('',#105,#107,#2676,.T.);
#2678=ORIENTED_EDGE('',*,*,#2677,.T.);
#2679=DIRECTION('',(0.831482,0.555551,0));
#2680=VECTOR('',#2679,0.327011);
#2681=LINE('',#106,#2680);
#2682=EDGE_CURVE('',#107,#109,#2681,.T.);
#2683=ORIENTED_EDGE('',*,*,#2682,.T.);
#2684=DIRECTION('',(0.896888,0.442258,0));
#2685=VECTOR('',#2684,0.32701);
#2686=LINE('',#108,#2685);
#2687=EDGE_CURVE('',#109,#111,#2686,.T.);
#2688=ORIENTED_EDGE('',*,*,#2687,.T.);
#2689=DIRECTION('',(0.946914,0.321487,0));
#2690=VECTOR('',#2689,0.327021);
#2691=LINE('',#110,#2690);
#2692=EDGE_CURVE('',#111,#113,#2691,.T.);
#2693=ORIENTED_EDGE('',*,*,#2692,.T.);
#2694=DIRECTION('',(0.980795,0.195044,0));
#2695=VECTOR('',#2694,0.327013);
#2696=LINE('',#112,#2695);
#2697=EDGE_CURVE('',#113,#115,#2696,.T.);
#2698=ORIENTED_EDGE('',*,*,#2697,.T.);
#2699=DIRECTION('',(0.997858,0.065418,0));
#2700=VECTOR('',#2699,0.327016);
#2701=LINE('',#114,#2700);
#2702=EDGE_CURVE('',#115,#1045,#2701,.T.);
#2703=ORIENTED_EDGE('',*,*,#2702,.T.);
#2704=DIRECTION('',(0.997858,-0.065418,0));
#2705=VECTOR('',#2704,0.327016);
#2706=LINE('',#1044,#2705);
#2707=EDGE_CURVE('',#1045,#1047,#2706,.T.);
#2708=ORIENTED_EDGE('',*,*,#2707,.T.);
#2709=DIRECTION('',(0.980795,-0.195044,0));
#2710=VECTOR('',#2709,0.327013);
#2711=LINE('',#1046,#2710);
#2712=EDGE_CURVE('',#1047,#1049,#2711,.T.);
#2713=ORIENTED_EDGE('',*,*,#2712,.T.);
#2714=DIRECTION('',(0.946914,-0.321487,0));
#2715=VECTOR('',#2714,0.327021);
#2716=LINE('',#1048,#2715);
#2717=EDGE_CURVE('',#1049,#1051,#2716,.T.);
#2718=ORIENTED_EDGE('',*,*,#2717,.T.);
#2719=DIRECTION('',(0.896888,-0.442258,0));
#2720=VECTOR('',#2719,0.32701);
#2721=LINE('',#1050,#2720);
#2722=EDGE_CURVE('',#1051,#1059,#2721,.T.);
#2723=ORIENTED_EDGE('',*,*,#2722,.T.);
#2724=DIRECTION('',(-0.831482,0.555551,0));
#2725=VECTOR('',#2724,0.327011);
#2726=LINE('',#1054,#2725);
#2727=EDGE_CURVE('',#1055,#1059,#2726,.T.);
#2728=ORIENTED_EDGE('',*,*,#2727,.F.);
#2729=DIRECTION('',(-0.751808,0.659382,0));
#2730=VECTOR('',#2729,0.327029);
#2731=LINE('',#1052,#2730);
#2732=EDGE_CURVE('',#1053,#1055,#2731,.T.);
#2733=ORIENTED_EDGE('',*,*,#2732,.F.);
#2734=DIRECTION('',(0.659367,-0.751822,0));
#2735=VECTOR('',#2734,0.327005);
#2736=LINE('',#1052,#2735);
#2737=EDGE_CURVE('',#1053,#1057,#2736,.T.);
#2738=ORIENTED_EDGE('',*,*,#2737,.T.);
#2739=DIRECTION('',(-0.555559,0.831477,0));
#2740=VECTOR('',#2739,0.327022);
#2741=LINE('',#1042,#2740);
#2742=EDGE_CURVE('',#1043,#1057,#2741,.T.);
#2743=ORIENTED_EDGE('',*,*,#2742,.F.);
#2744=DIRECTION('',(-0.442273,0.896881,0));
#2745=VECTOR('',#2744,0.327027);
#2746=LINE('',#1040,#2745);
#2747=EDGE_CURVE('',#1041,#1043,#2746,.T.);
#2748=ORIENTED_EDGE('',*,*,#2747,.F.);
#2749=DIRECTION('',(0.321438,-0.94693,0));
#2750=VECTOR('',#2749,0.327016);
#2751=LINE('',#1040,#2750);
#2752=EDGE_CURVE('',#1041,#1061,#2751,.T.);
#2753=ORIENTED_EDGE('',*,*,#2752,.T.);
#2754=DIRECTION('',(-0.195104,0.980783,0));
#2755=VECTOR('',#2754,0.326993);
#2756=LINE('',#1038,#2755);
#2757=EDGE_CURVE('',#1039,#1061,#2756,.T.);
#2758=ORIENTED_EDGE('',*,*,#2757,.F.);
#2759=DIRECTION('',(-0.065401,0.997859,0));
#2760=VECTOR('',#2759,0.327025);
#2761=LINE('',#1036,#2760);
#2762=EDGE_CURVE('',#1037,#1039,#2761,.T.);
#2763=ORIENTED_EDGE('',*,*,#2762,.F.);
#2764=DIRECTION('',(0.065401,0.997859,0));
#2765=VECTOR('',#2764,0.327025);
#2766=LINE('',#1034,#2765);
#2767=EDGE_CURVE('',#1035,#1037,#2766,.T.);
#2768=ORIENTED_EDGE('',*,*,#2767,.F.);
#2769=DIRECTION('',(0.195104,0.980783,0));
#2770=VECTOR('',#2769,0.326993);
#2771=LINE('',#1032,#2770);
#2772=EDGE_CURVE('',#1033,#1035,#2771,.T.);
#2773=ORIENTED_EDGE('',*,*,#2772,.F.);
#2774=DIRECTION('',(0.321438,0.94693,0));
#2775=VECTOR('',#2774,0.327016);
#2776=LINE('',#1030,#2775);
#2777=EDGE_CURVE('',#1031,#1033,#2776,.T.);
#2778=ORIENTED_EDGE('',*,*,#2777,.F.);
#2779=DIRECTION('',(0.442273,0.896881,0));
#2780=VECTOR('',#2779,0.327027);
#2781=LINE('',#1028,#2780);
#2782=EDGE_CURVE('',#1029,#1031,#2781,.T.);
#2783=ORIENTED_EDGE('',*,*,#2782,.F.);
#2784=DIRECTION('',(0.555559,0.831477,0));
#2785=VECTOR('',#2784,0.327022);
#2786=LINE('',#1026,#2785);
#2787=EDGE_CURVE('',#1027,#1029,#2786,.T.);
#2788=ORIENTED_EDGE('',*,*,#2787,.F.);
#2789=DIRECTION('',(0.659367,0.751822,0));
#2790=VECTOR('',#2789,0.327005);
#2791=LINE('',#1024,#2790);
#2792=EDGE_CURVE('',#1025,#1027,#2791,.T.);
#2793=ORIENTED_EDGE('',*,*,#2792,.F.);
#2794=DIRECTION('',(0.751808,0.659382,0));
#2795=VECTOR('',#2794,0.327029);
#2796=LINE('',#1022,#2795);
#2797=EDGE_CURVE('',#1023,#1025,#2796,.T.);
#2798=ORIENTED_EDGE('',*,*,#2797,.F.);
#2799=DIRECTION('',(0.831482,0.555551,0));
#2800=VECTOR('',#2799,0.327011);
#2801=LINE('',#1020,#2800);
#2802=EDGE_CURVE('',#1021,#1023,#2801,.T.);
#2803=ORIENTED_EDGE('',*,*,#2802,.F.);
#2804=DIRECTION('',(0.896888,0.442258,0));
#2805=VECTOR('',#2804,0.32701);
#2806=LINE('',#1018,#2805);
#2807=EDGE_CURVE('',#1019,#1021,#2806,.T.);
#2808=ORIENTED_EDGE('',*,*,#2807,.F.);
#2809=DIRECTION('',(0.946914,0.321487,0));
#2810=VECTOR('',#2809,0.327021);
#2811=LINE('',#1016,#2810);
#2812=EDGE_CURVE('',#1017,#1019,#2811,.T.);
#2813=ORIENTED_EDGE('',*,*,#2812,.F.);
#2814=DIRECTION('',(0.980795,0.195044,0));
#2815=VECTOR('',#2814,0.327013);
#2816=LINE('',#1014,#2815);
#2817=EDGE_CURVE('',#1015,#1017,#2816,.T.);
#2818=ORIENTED_EDGE('',*,*,#2817,.F.);
#2819=DIRECTION('',(0.997858,0.065418,0));
#2820=VECTOR('',#2819,0.327016);
#2821=LINE('',#1012,#2820);
#2822=EDGE_CURVE('',#1013,#1015,#2821,.T.);
#2823=ORIENTED_EDGE('',*,*,#2822,.F.);
#2824=DIRECTION('',(0.997858,-0.065418,0));
#2825=VECTOR('',#2824,0.327016);
#2826=LINE('',#80,#2825);
#2827=EDGE_CURVE('',#81,#1013,#2826,.T.);
#2828=ORIENTED_EDGE('',*,*,#2827,.F.);
#2829=DIRECTION('',(0.980795,-0.195044,0));
#2830=VECTOR('',#2829,0.327013);
#2831=LINE('',#78,#2830);
#2832=EDGE_CURVE('',#79,#81,#2831,.T.);
#2833=ORIENTED_EDGE('',*,*,#2832,.F.);
#2834=EDGE_LOOP('',(#2598,#2603,#2608,#2613,#2618,#2623,#2628,#2633,#2638,#2643,#2648,#2653,#2658,#2663,#2668,#2673,#2678,#2683,#2688,#2693,#2698,#2703,#2708,#2713,#2718,#2723,#2728,#2733,#2738,#2743,#2748,#2753,#2758,#2763,#2768,#2773,#2778,#2783,#2788,#2793,#2798,#2803,#2808,#2813,#2818,#2823,#2828,#2833));
#2835=FACE_BOUND('',#2834,.T.);
#2836=ADVANCED_FACE('',(#2593,#2835),#2575,.T.);
#2837=DIRECTION('',(-1,0,0));
#2838=DIRECTION('',(0,-0,1));
#2839=AXIS2_PLACEMENT_3D('',#68,#2837,#2838);
#2840=PLANE('',#2839);
#2841=ORIENTED_EDGE('',*,*,#2579,.T.);
#2842=DIRECTION('',(0,0,1));
#2843=VECTOR('',#2842,5);
#2844=LINE('',#116,#2843);
#2845=EDGE_CURVE('',#117,#165,#2844,.T.);
#2846=ORIENTED_EDGE('',*,*,#2845,.F.);
#2847=ORIENTED_EDGE('',*,*,#2055,.F.);
#2848=ORIENTED_EDGE('',*,*,#2566,.T.);
#2849=EDGE_LOOP('',(#2841,#2846,#2847,#2848));
#2850=FACE_OUTER_BOUND('',#2849,.T.);
#2851=ADVANCED_FACE('',(#2850),#2840,.T.);
#2852=DIRECTION('',(1,0,0));
#2853=DIRECTION('',(0,0,-1));
#2854=AXIS2_PLACEMENT_3D('',#958,#2852,#2853);
#2855=PLANE('',#2854);
#2856=ORIENTED_EDGE('',*,*,#2045,.T.);
#2857=DIRECTION('',(0,0,1));
#2858=VECTOR('',#2857,5);
#2859=LINE('',#1062,#2858);
#2860=EDGE_CURVE('',#1063,#1115,#2859,.T.);
#2861=ORIENTED_EDGE('',*,*,#2860,.T.);
#2862=ORIENTED_EDGE('',*,*,#2585,.F.);
#2863=ORIENTED_EDGE('',*,*,#2556,.F.);
#2864=EDGE_LOOP('',(#2856,#2861,#2862,#2863));
#2865=FACE_OUTER_BOUND('',#2864,.T.);
#2866=ADVANCED_FACE('',(#2865),#2855,.T.);
#2867=DIRECTION('',(0,-1,0));
#2868=DIRECTION('',(0,0,-1));
#2869=AXIS2_PLACEMENT_3D('',#18,#2867,#2868);
#2870=PLANE('',#2869);
#2871=ORIENTED_EDGE('',*,*,#1922,.F.);
#2872=ORIENTED_EDGE('',*,*,#1917,.F.);
#2873=ORIENTED_EDGE('',*,*,#2060,.T.);
#2874=ORIENTED_EDGE('',*,*,#2845,.T.);
#2875=ORIENTED_EDGE('',*,*,#2590,.T.);
#2876=ORIENTED_EDGE('',*,*,#2860,.F.);
#2877=ORIENTED_EDGE('',*,*,#2040,.T.);
#2878=ORIENTED_EDGE('',*,*,#2018,.T.);
#2879=ORIENTED_EDGE('',*,*,#2013,.T.);
#2880=DIRECTION('',(1,0,0));
#2881=VECTOR('',#2880,308.557526);
#2882=LINE('',#18,#2881);
#2883=EDGE_CURVE('',#19,#1171,#2882,.T.);
#2884=ORIENTED_EDGE('',*,*,#2883,.F.);
#2885=EDGE_LOOP('',(#2871,#2872,#2873,#2874,#2875,#2876,#2877,#2878,#2879,#2884));
#2886=FACE_OUTER_BOUND('',#2885,.T.);
#2887=ADVANCED_FACE('',(#2886),#2870,.T.);
#2888=DIRECTION('',(0,0,1));
#2889=DIRECTION('',(0,-1,0));
#2890=AXIS2_PLACEMENT_3D('',#1204,#2888,#2889);
#2891=PLANE('',#2890);
#2892=DIRECTION('',(0.996773,0.08027,0));
#2893=VECTOR('',#2892,2.968504);
#2894=LINE('',#1202,#2893);
#2895=EDGE_CURVE('',#1203,#1205,#2894,.T.);
#2896=ORIENTED_EDGE('',*,*,#2895,.F.);
#2897=DIRECTION('',(0.997488,0.070843,0));
#2898=VECTOR('',#2897,2.968503);
#2899=LINE('',#1200,#2898);
#2900=EDGE_CURVE('',#1201,#1203,#2899,.T.);
#2901=ORIENTED_EDGE('',*,*,#2900,.F.);
#2902=DIRECTION('',(0.998112,0.061415,0));
#2903=VECTOR('',#2902,2.968504);
#2904=LINE('',#1184,#2903);
#2905=EDGE_CURVE('',#1185,#1201,#2904,.T.);
#2906=ORIENTED_EDGE('',*,*,#2905,.F.);
#2907=DIRECTION('',(0.998649,0.051968,0));
#2908=VECTOR('',#2907,2.968502);
#2909=LINE('',#1182,#2908);
#2910=EDGE_CURVE('',#1183,#1185,#2909,.T.);
#2911=ORIENTED_EDGE('',*,*,#2910,.F.);
#2912=DIRECTION('',(0.999095,0.04253,0));
#2913=VECTOR('',#2912,2.968502);
#2914=LINE('',#1180,#2913);
#2915=EDGE_CURVE('',#1181,#1183,#2914,.T.);
#2916=ORIENTED_EDGE('',*,*,#2915,.F.);
#2917=DIRECTION('',(0.999453,0.033083,0));
#2918=VECTOR('',#2917,2.968504);
#2919=LINE('',#1178,#2918);
#2920=EDGE_CURVE('',#1179,#1181,#2919,.T.);
#2921=ORIENTED_EDGE('',*,*,#2920,.F.);
#2922=DIRECTION('',(0.999721,0.023635,0));
#2923=VECTOR('',#2922,2.968503);
#2924=LINE('',#1176,#2923);
#2925=EDGE_CURVE('',#1177,#1179,#2924,.T.);
#2926=ORIENTED_EDGE('',*,*,#2925,.F.);
#2927=DIRECTION('',(0.9999,0.014177,0));
#2928=VECTOR('',#2927,2.968503);
#2929=LINE('',#1174,#2928);
#2930=EDGE_CURVE('',#1175,#1177,#2929,.T.);
#2931=ORIENTED_EDGE('',*,*,#2930,.F.);
#2932=DIRECTION('',(0.999989,0.004729,0));
#2933=VECTOR('',#2932,2.968503);
#2934=LINE('',#1172,#2933);
#2935=EDGE_CURVE('',#1173,#1175,#2934,.T.);
#2936=ORIENTED_EDGE('',*,*,#2935,.F.);
#2937=DIRECTION('',(0.999989,-0.004729,0));
#2938=VECTOR('',#2937,2.968503);
#2939=LINE('',#400,#2938);
#2940=EDGE_CURVE('',#401,#1173,#2939,.T.);
#2941=ORIENTED_EDGE('',*,*,#2940,.F.);
#2942=DIRECTION('',(0.9999,-0.014177,0));
#2943=VECTOR('',#2942,2.968503);
#2944=LINE('',#398,#2943);
#2945=EDGE_CURVE('',#399,#401,#2944,.T.);
#2946=ORIENTED_EDGE('',*,*,#2945,.F.);
#2947=DIRECTION('',(0.999721,-0.023635,0));
#2948=VECTOR('',#2947,2.968503);
#2949=LINE('',#396,#2948);
#2950=EDGE_CURVE('',#397,#399,#2949,.T.);
#2951=ORIENTED_EDGE('',*,*,#2950,.F.);
#2952=DIRECTION('',(0.999453,-0.033083,0));
#2953=VECTOR('',#2952,2.968504);
#2954=LINE('',#394,#2953);
#2955=EDGE_CURVE('',#395,#397,#2954,.T.);
#2956=ORIENTED_EDGE('',*,*,#2955,.F.);
#2957=DIRECTION('',(0.999095,-0.04253,0));
#2958=VECTOR('',#2957,2.968502);
#2959=LINE('',#392,#2958);
#2960=EDGE_CURVE('',#393,#395,#2959,.T.);
#2961=ORIENTED_EDGE('',*,*,#2960,.F.);
#2962=DIRECTION('',(0.998649,-0.051968,0));
#2963=VECTOR('',#2962,2.968502);
#2964=LINE('',#390,#2963);
#2965=EDGE_CURVE('',#391,#393,#2964,.T.);
#2966=ORIENTED_EDGE('',*,*,#2965,.F.);
#2967=DIRECTION('',(0.998112,-0.061415,0));
#2968=VECTOR('',#2967,2.968504);
#2969=LINE('',#368,#2968);
#2970=EDGE_CURVE('',#369,#391,#2969,.T.);
#2971=ORIENTED_EDGE('',*,*,#2970,.F.);
#2972=DIRECTION('',(0.997488,-0.070843,0));
#2973=VECTOR('',#2972,2.968503);
#2974=LINE('',#366,#2973);
#2975=EDGE_CURVE('',#367,#369,#2974,.T.);
#2976=ORIENTED_EDGE('',*,*,#2975,.F.);
#2977=DIRECTION('',(0.996773,-0.08027,0));
#2978=VECTOR('',#2977,2.968504);
#2979=LINE('',#364,#2978);
#2980=EDGE_CURVE('',#365,#367,#2979,.T.);
#2981=ORIENTED_EDGE('',*,*,#2980,.F.);
#2982=DIRECTION('',(0.995969,-0.089697,0));
#2983=VECTOR('',#2982,2.968505);
#2984=LINE('',#362,#2983);
#2985=EDGE_CURVE('',#363,#365,#2984,.T.);
#2986=ORIENTED_EDGE('',*,*,#2985,.F.);
#2987=DIRECTION('',(-0.995077,0.099104,0));
#2988=VECTOR('',#2987,2.968503);
#2989=LINE('',#362,#2988);
#2990=EDGE_CURVE('',#363,#375,#2989,.T.);
#2991=ORIENTED_EDGE('',*,*,#2990,.T.);
#2992=DIRECTION('',(0.994096,-0.1085,0));
#2993=VECTOR('',#2992,2.968502);
#2994=LINE('',#372,#2993);
#2995=EDGE_CURVE('',#373,#375,#2994,.T.);
#2996=ORIENTED_EDGE('',*,*,#2995,.F.);
#2997=DIRECTION('',(0.993026,-0.117896,0));
#2998=VECTOR('',#2997,2.968502);
#2999=LINE('',#370,#2998);
#3000=EDGE_CURVE('',#371,#373,#2999,.T.);
#3001=ORIENTED_EDGE('',*,*,#3000,.F.);
#3002=DIRECTION('',(0.991867,-0.127282,0));
#3003=VECTOR('',#3002,2.968503);
#3004=LINE('',#334,#3003);
#3005=EDGE_CURVE('',#335,#371,#3004,.T.);
#3006=ORIENTED_EDGE('',*,*,#3005,.F.);
#3007=DIRECTION('',(0.990618,-0.136658,0));
#3008=VECTOR('',#3007,2.968504);
#3009=LINE('',#332,#3008);
#3010=EDGE_CURVE('',#333,#335,#3009,.T.);
#3011=ORIENTED_EDGE('',*,*,#3010,.F.);
#3012=DIRECTION('',(0.989284,-0.146003,0));
#3013=VECTOR('',#3012,2.968501);
#3014=LINE('',#330,#3013);
#3015=EDGE_CURVE('',#331,#333,#3014,.T.);
#3016=ORIENTED_EDGE('',*,*,#3015,.F.);
#3017=DIRECTION('',(0.987858,-0.155358,0));
#3018=VECTOR('',#3017,2.968504);
#3019=LINE('',#328,#3018);
#3020=EDGE_CURVE('',#329,#331,#3019,.T.);
#3021=ORIENTED_EDGE('',*,*,#3020,.F.);
#3022=DIRECTION('',(0.986345,-0.164693,0));
#3023=VECTOR('',#3022,2.968502);
#3024=LINE('',#326,#3023);
#3025=EDGE_CURVE('',#327,#329,#3024,.T.);
#3026=ORIENTED_EDGE('',*,*,#3025,.F.);
#3027=DIRECTION('',(0.984744,-0.174007,0));
#3028=VECTOR('',#3027,2.968504);
#3029=LINE('',#324,#3028);
#3030=EDGE_CURVE('',#325,#327,#3029,.T.);
#3031=ORIENTED_EDGE('',*,*,#3030,.F.);
#3032=DIRECTION('',(0.983055,-0.183311,0));
#3033=VECTOR('',#3032,2.968507);
#3034=LINE('',#314,#3033);
#3035=EDGE_CURVE('',#315,#325,#3034,.T.);
#3036=ORIENTED_EDGE('',*,*,#3035,.F.);
#3037=DIRECTION('',(-0.98128,0.192587,0));
#3038=VECTOR('',#3037,2.097236);
#3039=LINE('',#314,#3038);
#3040=EDGE_CURVE('',#315,#323,#3039,.T.);
#3041=ORIENTED_EDGE('',*,*,#3040,.T.);
#3042=ORIENTED_EDGE('',*,*,#1966,.F.);
#3043=ORIENTED_EDGE('',*,*,#1927,.F.);
#3044=ORIENTED_EDGE('',*,*,#2883,.T.);
#3045=ORIENTED_EDGE('',*,*,#2008,.T.);
#3046=ORIENTED_EDGE('',*,*,#1991,.F.);
#3047=DIRECTION('',(0.98128,0.192587,0));
#3048=VECTOR('',#3047,2.097236);
#3049=LINE('',#1246,#3048);
#3050=EDGE_CURVE('',#1247,#1251,#3049,.T.);
#3051=ORIENTED_EDGE('',*,*,#3050,.F.);
#3052=DIRECTION('',(0.983055,0.183311,0));
#3053=VECTOR('',#3052,2.968507);
#3054=LINE('',#1244,#3053);
#3055=EDGE_CURVE('',#1245,#1247,#3054,.T.);
#3056=ORIENTED_EDGE('',*,*,#3055,.F.);
#3057=DIRECTION('',(0.984744,0.174007,0));
#3058=VECTOR('',#3057,2.968504);
#3059=LINE('',#1242,#3058);
#3060=EDGE_CURVE('',#1243,#1245,#3059,.T.);
#3061=ORIENTED_EDGE('',*,*,#3060,.F.);
#3062=DIRECTION('',(0.986345,0.164693,0));
#3063=VECTOR('',#3062,2.968502);
#3064=LINE('',#1240,#3063);
#3065=EDGE_CURVE('',#1241,#1243,#3064,.T.);
#3066=ORIENTED_EDGE('',*,*,#3065,.F.);
#3067=DIRECTION('',(0.987858,0.155358,0));
#3068=VECTOR('',#3067,2.968504);
#3069=LINE('',#1232,#3068);
#3070=EDGE_CURVE('',#1233,#1241,#3069,.T.);
#3071=ORIENTED_EDGE('',*,*,#3070,.F.);
#3072=DIRECTION('',(0.989284,0.146003,0));
#3073=VECTOR('',#3072,2.968501);
#3074=LINE('',#1230,#3073);
#3075=EDGE_CURVE('',#1231,#1233,#3074,.T.);
#3076=ORIENTED_EDGE('',*,*,#3075,.F.);
#3077=DIRECTION('',(0.990618,0.136658,0));
#3078=VECTOR('',#3077,2.968504);
#3079=LINE('',#1228,#3078);
#3080=EDGE_CURVE('',#1229,#1231,#3079,.T.);
#3081=ORIENTED_EDGE('',*,*,#3080,.F.);
#3082=DIRECTION('',(0.991867,0.127282,0));
#3083=VECTOR('',#3082,2.968503);
#3084=LINE('',#1218,#3083);
#3085=EDGE_CURVE('',#1219,#1229,#3084,.T.);
#3086=ORIENTED_EDGE('',*,*,#3085,.F.);
#3087=DIRECTION('',(0.993026,0.117896,0));
#3088=VECTOR('',#3087,2.968502);
#3089=LINE('',#1216,#3088);
#3090=EDGE_CURVE('',#1217,#1219,#3089,.T.);
#3091=ORIENTED_EDGE('',*,*,#3090,.F.);
#3092=DIRECTION('',(0.994096,0.1085,0));
#3093=VECTOR('',#3092,2.968502);
#3094=LINE('',#1214,#3093);
#3095=EDGE_CURVE('',#1215,#1217,#3094,.T.);
#3096=ORIENTED_EDGE('',*,*,#3095,.F.);
#3097=DIRECTION('',(0.995077,0.099104,0));
#3098=VECTOR('',#3097,2.968503);
#3099=LINE('',#1206,#3098);
#3100=EDGE_CURVE('',#1207,#1215,#3099,.T.);
#3101=ORIENTED_EDGE('',*,*,#3100,.F.);
#3102=DIRECTION('',(0.995969,0.089697,0));
#3103=VECTOR('',#3102,2.968505);
#3104=LINE('',#1204,#3103);
#3105=EDGE_CURVE('',#1205,#1207,#3104,.T.);
#3106=ORIENTED_EDGE('',*,*,#3105,.F.);
#3107=EDGE_LOOP('',(#2896,#2901,#2906,#2911,#2916,#2921,#2926,#2931,#2936,#2941,#2946,#2951,#2956,#2961,#2966,#2971,#2976,#2981,#2986,#2991,#2996,#3001,#3006,#3011,#3016,#3021,#3026,#3031,#3036,#3041,#3042,#3043,#3044,#3045,#3046,#3051,#3056,#3061,#3066,#3071,#3076,#3081,#3086,#3091,#3096,#3101,#3106));
#3108=FACE_OUTER_BOUND('',#3107,.T.);
#3109=DIRECTION('',(0.997858,-0.065418,0));
#3110=VECTOR('',#3109,0.327016);
#3111=LINE('',#170,#3110);
#3112=EDGE_CURVE('',#171,#1117,#3111,.T.);
#3113=ORIENTED_EDGE('',*,*,#3112,.F.);
#3114=DIRECTION('',(-0.980795,0.195044,0));
#3115=VECTOR('',#3114,0.327013);
#3116=LINE('',#170,#3115);
#3117=EDGE_CURVE('',#171,#175,#3116,.T.);
#3118=ORIENTED_EDGE('',*,*,#3117,.T.);
#3119=DIRECTION('',(0.946914,-0.321487,0));
#3120=VECTOR('',#3119,0.327021);
#3121=LINE('',#172,#3120);
#3122=EDGE_CURVE('',#173,#175,#3121,.T.);
#3123=ORIENTED_EDGE('',*,*,#3122,.F.);
#3124=DIRECTION('',(0.896888,-0.442258,0));
#3125=VECTOR('',#3124,0.32701);
#3126=LINE('',#168,#3125);
#3127=EDGE_CURVE('',#169,#173,#3126,.T.);
#3128=ORIENTED_EDGE('',*,*,#3127,.F.);
#3129=DIRECTION('',(0.831482,-0.555551,0));
#3130=VECTOR('',#3129,0.327011);
#3131=LINE('',#166,#3130);
#3132=EDGE_CURVE('',#167,#169,#3131,.T.);
#3133=ORIENTED_EDGE('',*,*,#3132,.F.);
#3134=DIRECTION('',(-0.751808,0.659382,0));
#3135=VECTOR('',#3134,0.327029);
#3136=LINE('',#166,#3135);
#3137=EDGE_CURVE('',#167,#185,#3136,.T.);
#3138=ORIENTED_EDGE('',*,*,#3137,.T.);
#3139=DIRECTION('',(0.659367,-0.751822,0));
#3140=VECTOR('',#3139,0.327005);
#3141=LINE('',#182,#3140);
#3142=EDGE_CURVE('',#183,#185,#3141,.T.);
#3143=ORIENTED_EDGE('',*,*,#3142,.F.);
#3144=DIRECTION('',(-0.555559,0.831477,0));
#3145=VECTOR('',#3144,0.327022);
#3146=LINE('',#182,#3145);
#3147=EDGE_CURVE('',#183,#187,#3146,.T.);
#3148=ORIENTED_EDGE('',*,*,#3147,.T.);
#3149=DIRECTION('',(-0.442273,0.896881,0));
#3150=VECTOR('',#3149,0.327027);
#3151=LINE('',#186,#3150);
#3152=EDGE_CURVE('',#187,#189,#3151,.T.);
#3153=ORIENTED_EDGE('',*,*,#3152,.T.);
#3154=DIRECTION('',(0.321438,-0.94693,0));
#3155=VECTOR('',#3154,0.327016);
#3156=LINE('',#176,#3155);
#3157=EDGE_CURVE('',#177,#189,#3156,.T.);
#3158=ORIENTED_EDGE('',*,*,#3157,.F.);
#3159=DIRECTION('',(-0.195104,0.980783,0));
#3160=VECTOR('',#3159,0.326993);
#3161=LINE('',#176,#3160);
#3162=EDGE_CURVE('',#177,#179,#3161,.T.);
#3163=ORIENTED_EDGE('',*,*,#3162,.T.);
#3164=DIRECTION('',(-0.065401,0.997859,0));
#3165=VECTOR('',#3164,0.327025);
#3166=LINE('',#178,#3165);
#3167=EDGE_CURVE('',#179,#181,#3166,.T.);
#3168=ORIENTED_EDGE('',*,*,#3167,.T.);
#3169=DIRECTION('',(0.065401,0.997859,0));
#3170=VECTOR('',#3169,0.327025);
#3171=LINE('',#180,#3170);
#3172=EDGE_CURVE('',#181,#191,#3171,.T.);
#3173=ORIENTED_EDGE('',*,*,#3172,.T.);
#3174=DIRECTION('',(0.195104,0.980783,0));
#3175=VECTOR('',#3174,0.326993);
#3176=LINE('',#190,#3175);
#3177=EDGE_CURVE('',#191,#193,#3176,.T.);
#3178=ORIENTED_EDGE('',*,*,#3177,.T.);
#3179=DIRECTION('',(0.321438,0.94693,0));
#3180=VECTOR('',#3179,0.327016);
#3181=LINE('',#192,#3180);
#3182=EDGE_CURVE('',#193,#195,#3181,.T.);
#3183=ORIENTED_EDGE('',*,*,#3182,.T.);
#3184=DIRECTION('',(0.442273,0.896881,0));
#3185=VECTOR('',#3184,0.327027);
#3186=LINE('',#194,#3185);
#3187=EDGE_CURVE('',#195,#197,#3186,.T.);
#3188=ORIENTED_EDGE('',*,*,#3187,.T.);
#3189=DIRECTION('',(0.555559,0.831477,0));
#3190=VECTOR('',#3189,0.327022);
#3191=LINE('',#196,#3190);
#3192=EDGE_CURVE('',#197,#199,#3191,.T.);
#3193=ORIENTED_EDGE('',*,*,#3192,.T.);
#3194=DIRECTION('',(0.659367,0.751822,0));
#3195=VECTOR('',#3194,0.327005);
#3196=LINE('',#198,#3195);
#3197=EDGE_CURVE('',#199,#201,#3196,.T.);
#3198=ORIENTED_EDGE('',*,*,#3197,.T.);
#3199=DIRECTION('',(0.751808,0.659382,0));
#3200=VECTOR('',#3199,0.327029);
#3201=LINE('',#200,#3200);
#3202=EDGE_CURVE('',#201,#203,#3201,.T.);
#3203=ORIENTED_EDGE('',*,*,#3202,.T.);
#3204=DIRECTION('',(0.831482,0.555551,0));
#3205=VECTOR('',#3204,0.327011);
#3206=LINE('',#202,#3205);
#3207=EDGE_CURVE('',#203,#205,#3206,.T.);
#3208=ORIENTED_EDGE('',*,*,#3207,.T.);
#3209=DIRECTION('',(0.896888,0.442258,0));
#3210=VECTOR('',#3209,0.32701);
#3211=LINE('',#204,#3210);
#3212=EDGE_CURVE('',#205,#207,#3211,.T.);
#3213=ORIENTED_EDGE('',*,*,#3212,.T.);
#3214=DIRECTION('',(0.946914,0.321487,0));
#3215=VECTOR('',#3214,0.327021);
#3216=LINE('',#206,#3215);
#3217=EDGE_CURVE('',#207,#209,#3216,.T.);
#3218=ORIENTED_EDGE('',*,*,#3217,.T.);
#3219=DIRECTION('',(0.980795,0.195044,0));
#3220=VECTOR('',#3219,0.327013);
#3221=LINE('',#208,#3220);
#3222=EDGE_CURVE('',#209,#211,#3221,.T.);
#3223=ORIENTED_EDGE('',*,*,#3222,.T.);
#3224=DIRECTION('',(0.997858,0.065418,0));
#3225=VECTOR('',#3224,0.327016);
#3226=LINE('',#210,#3225);
#3227=EDGE_CURVE('',#211,#1161,#3226,.T.);
#3228=ORIENTED_EDGE('',*,*,#3227,.T.);
#3229=DIRECTION('',(-0.997858,0.065418,0));
#3230=VECTOR('',#3229,0.327016);
#3231=LINE('',#1158,#3230);
#3232=EDGE_CURVE('',#1159,#1161,#3231,.T.);
#3233=ORIENTED_EDGE('',*,*,#3232,.F.);
#3234=DIRECTION('',(0.980795,-0.195044,0));
#3235=VECTOR('',#3234,0.327013);
#3236=LINE('',#1158,#3235);
#3237=EDGE_CURVE('',#1159,#1163,#3236,.T.);
#3238=ORIENTED_EDGE('',*,*,#3237,.T.);
#3239=DIRECTION('',(0.946914,-0.321487,0));
#3240=VECTOR('',#3239,0.327021);
#3241=LINE('',#1162,#3240);
#3242=EDGE_CURVE('',#1163,#1165,#3241,.T.);
#3243=ORIENTED_EDGE('',*,*,#3242,.T.);
#3244=DIRECTION('',(-0.896888,0.442258,0));
#3245=VECTOR('',#3244,0.32701);
#3246=LINE('',#1150,#3245);
#3247=EDGE_CURVE('',#1151,#1165,#3246,.T.);
#3248=ORIENTED_EDGE('',*,*,#3247,.F.);
#3249=DIRECTION('',(0.831482,-0.555551,0));
#3250=VECTOR('',#3249,0.327011);
#3251=LINE('',#1150,#3250);
#3252=EDGE_CURVE('',#1151,#1153,#3251,.T.);
#3253=ORIENTED_EDGE('',*,*,#3252,.T.);
#3254=DIRECTION('',(-0.751808,0.659382,0));
#3255=VECTOR('',#3254,0.327029);
#3256=LINE('',#1148,#3255);
#3257=EDGE_CURVE('',#1149,#1153,#3256,.T.);
#3258=ORIENTED_EDGE('',*,*,#3257,.F.);
#3259=DIRECTION('',(-0.659367,0.751822,0));
#3260=VECTOR('',#3259,0.327005);
#3261=LINE('',#1146,#3260);
#3262=EDGE_CURVE('',#1147,#1149,#3261,.T.);
#3263=ORIENTED_EDGE('',*,*,#3262,.F.);
#3264=DIRECTION('',(-0.555559,0.831477,0));
#3265=VECTOR('',#3264,0.327022);
#3266=LINE('',#1144,#3265);
#3267=EDGE_CURVE('',#1145,#1147,#3266,.T.);
#3268=ORIENTED_EDGE('',*,*,#3267,.F.);
#3269=DIRECTION('',(-0.442273,0.896881,0));
#3270=VECTOR('',#3269,0.327027);
#3271=LINE('',#1142,#3270);
#3272=EDGE_CURVE('',#1143,#1145,#3271,.T.);
#3273=ORIENTED_EDGE('',*,*,#3272,.F.);
#3274=DIRECTION('',(0.321438,-0.94693,0));
#3275=VECTOR('',#3274,0.327016);
#3276=LINE('',#1142,#3275);
#3277=EDGE_CURVE('',#1143,#1157,#3276,.T.);
#3278=ORIENTED_EDGE('',*,*,#3277,.T.);
#3279=DIRECTION('',(-0.195104,0.980783,0));
#3280=VECTOR('',#3279,0.326993);
#3281=LINE('',#1154,#3280);
#3282=EDGE_CURVE('',#1155,#1157,#3281,.T.);
#3283=ORIENTED_EDGE('',*,*,#3282,.F.);
#3284=DIRECTION('',(-0.065401,0.997859,0));
#3285=VECTOR('',#3284,0.327025);
#3286=LINE('',#1140,#3285);
#3287=EDGE_CURVE('',#1141,#1155,#3286,.T.);
#3288=ORIENTED_EDGE('',*,*,#3287,.F.);
#3289=DIRECTION('',(0.065401,0.997859,0));
#3290=VECTOR('',#3289,0.327025);
#3291=LINE('',#1138,#3290);
#3292=EDGE_CURVE('',#1139,#1141,#3291,.T.);
#3293=ORIENTED_EDGE('',*,*,#3292,.F.);
#3294=DIRECTION('',(0.195104,0.980783,0));
#3295=VECTOR('',#3294,0.326993);
#3296=LINE('',#1136,#3295);
#3297=EDGE_CURVE('',#1137,#1139,#3296,.T.);
#3298=ORIENTED_EDGE('',*,*,#3297,.F.);
#3299=DIRECTION('',(0.321438,0.94693,0));
#3300=VECTOR('',#3299,0.327016);
#3301=LINE('',#1134,#3300);
#3302=EDGE_CURVE('',#1135,#1137,#3301,.T.);
#3303=ORIENTED_EDGE('',*,*,#3302,.F.);
#3304=DIRECTION('',(0.442273,0.896881,0));
#3305=VECTOR('',#3304,0.327027);
#3306=LINE('',#1132,#3305);
#3307=EDGE_CURVE('',#1133,#1135,#3306,.T.);
#3308=ORIENTED_EDGE('',*,*,#3307,.F.);
#3309=DIRECTION('',(0.555559,0.831477,0));
#3310=VECTOR('',#3309,0.327022);
#3311=LINE('',#1130,#3310);
#3312=EDGE_CURVE('',#1131,#1133,#3311,.T.);
#3313=ORIENTED_EDGE('',*,*,#3312,.F.);
#3314=DIRECTION('',(0.659367,0.751822,0));
#3315=VECTOR('',#3314,0.327005);
#3316=LINE('',#1128,#3315);
#3317=EDGE_CURVE('',#1129,#1131,#3316,.T.);
#3318=ORIENTED_EDGE('',*,*,#3317,.F.);
#3319=DIRECTION('',(0.751808,0.659382,0));
#3320=VECTOR('',#3319,0.327029);
#3321=LINE('',#1126,#3320);
#3322=EDGE_CURVE('',#1127,#1129,#3321,.T.);
#3323=ORIENTED_EDGE('',*,*,#3322,.F.);
#3324=DIRECTION('',(0.831482,0.555551,0));
#3325=VECTOR('',#3324,0.327011);
#3326=LINE('',#1124,#3325);
#3327=EDGE_CURVE('',#1125,#1127,#3326,.T.);
#3328=ORIENTED_EDGE('',*,*,#3327,.F.);
#3329=DIRECTION('',(0.896888,0.442258,0));
#3330=VECTOR('',#3329,0.32701);
#3331=LINE('',#1122,#3330);
#3332=EDGE_CURVE('',#1123,#1125,#3331,.T.);
#3333=ORIENTED_EDGE('',*,*,#3332,.F.);
#3334=DIRECTION('',(0.946914,0.321487,0));
#3335=VECTOR('',#3334,0.327021);
#3336=LINE('',#1120,#3335);
#3337=EDGE_CURVE('',#1121,#1123,#3336,.T.);
#3338=ORIENTED_EDGE('',*,*,#3337,.F.);
#3339=DIRECTION('',(0.980795,0.195044,0));
#3340=VECTOR('',#3339,0.327013);
#3341=LINE('',#1118,#3340);
#3342=EDGE_CURVE('',#1119,#1121,#3341,.T.);
#3343=ORIENTED_EDGE('',*,*,#3342,.F.);
#3344=DIRECTION('',(0.997858,0.065418,0));
#3345=VECTOR('',#3344,0.327016);
#3346=LINE('',#1116,#3345);
#3347=EDGE_CURVE('',#1117,#1119,#3346,.T.);
#3348=ORIENTED_EDGE('',*,*,#3347,.F.);
#3349=EDGE_LOOP('',(#3113,#3118,#3123,#3128,#3133,#3138,#3143,#3148,#3153,#3158,#3163,#3168,#3173,#3178,#3183,#3188,#3193,#3198,#3203,#3208,#3213,#3218,#3223,#3228,#3233,#3238,#3243,#3248,#3253,#3258,#3263,#3268,#3273,#3278,#3283,#3288,#3293,#3298,#3303,#3308,#3313,#3318,#3323,#3328,#3333,#3338,#3343,#3348));
#3350=FACE_BOUND('',#3349,.T.);
#3351=ADVANCED_FACE('',(#3108,#3350),#2891,.T.);
#3352=DIRECTION('',(0.555551,0.831482,-0));
#3353=DIRECTION('',(-0,0,1));
#3354=AXIS2_PLACEMENT_3D('',#166,#3352,#3353);
#3355=PLANE('',#3354);
#3356=ORIENTED_EDGE('',*,*,#3132,.T.);
#3357=DIRECTION('',(0,0,1));
#3358=VECTOR('',#3357,5.200001);
#3359=LINE('',#120,#3358);
#3360=EDGE_CURVE('',#121,#169,#3359,.T.);
#3361=ORIENTED_EDGE('',*,*,#3360,.F.);
#3362=ORIENTED_EDGE('',*,*,#2524,.F.);
#3363=DIRECTION('',(0,0,1));
#3364=VECTOR('',#3363,5.200001);
#3365=LINE('',#118,#3364);
#3366=EDGE_CURVE('',#119,#167,#3365,.T.);
#3367=ORIENTED_EDGE('',*,*,#3366,.T.);
#3368=EDGE_LOOP('',(#3356,#3361,#3362,#3367));
#3369=FACE_OUTER_BOUND('',#3368,.T.);
#3370=ADVANCED_FACE('',(#3369),#3355,.T.);
#3371=DIRECTION('',(0.195044,0.980795,0));
#3372=DIRECTION('',(0,0,1));
#3373=AXIS2_PLACEMENT_3D('',#122,#3371,#3372);
#3374=PLANE('',#3373);
#3375=ORIENTED_EDGE('',*,*,#2539,.T.);
#3376=DIRECTION('',(0,0,1));
#3377=VECTOR('',#3376,5.200001);
#3378=LINE('',#126,#3377);
#3379=EDGE_CURVE('',#127,#175,#3378,.T.);
#3380=ORIENTED_EDGE('',*,*,#3379,.T.);
#3381=ORIENTED_EDGE('',*,*,#3117,.F.);
#3382=DIRECTION('',(0,0,1));
#3383=VECTOR('',#3382,5.200001);
#3384=LINE('',#122,#3383);
#3385=EDGE_CURVE('',#123,#171,#3384,.T.);
#3386=ORIENTED_EDGE('',*,*,#3385,.F.);
#3387=EDGE_LOOP('',(#3375,#3380,#3381,#3386));
#3388=FACE_OUTER_BOUND('',#3387,.T.);
#3389=ADVANCED_FACE('',(#3388),#3374,.T.);
#3390=DIRECTION('',(0.065418,0.997858,-0));
#3391=DIRECTION('',(-0,0,1));
#3392=AXIS2_PLACEMENT_3D('',#122,#3390,#3391);
#3393=PLANE('',#3392);
#3394=ORIENTED_EDGE('',*,*,#3385,.T.);
#3395=ORIENTED_EDGE('',*,*,#3112,.T.);
#3396=DIRECTION('',(0,0,1));
#3397=VECTOR('',#3396,5.200001);
#3398=LINE('',#1064,#3397);
#3399=EDGE_CURVE('',#1065,#1117,#3398,.T.);
#3400=ORIENTED_EDGE('',*,*,#3399,.F.);
#3401=ORIENTED_EDGE('',*,*,#2544,.F.);
#3402=EDGE_LOOP('',(#3394,#3395,#3400,#3401));
#3403=FACE_OUTER_BOUND('',#3402,.T.);
#3404=ADVANCED_FACE('',(#3403),#3393,.T.);
#3405=DIRECTION('',(0.442258,0.896888,-0));
#3406=DIRECTION('',(-0,0,1));
#3407=AXIS2_PLACEMENT_3D('',#172,#3405,#3406);
#3408=PLANE('',#3407);
#3409=DIRECTION('',(0,0,1));
#3410=VECTOR('',#3409,5.200001);
#3411=LINE('',#124,#3410);
#3412=EDGE_CURVE('',#125,#173,#3411,.T.);
#3413=ORIENTED_EDGE('',*,*,#3412,.F.);
#3414=ORIENTED_EDGE('',*,*,#2529,.F.);
#3415=ORIENTED_EDGE('',*,*,#3360,.T.);
#3416=ORIENTED_EDGE('',*,*,#3127,.T.);
#3417=EDGE_LOOP('',(#3413,#3414,#3415,#3416));
#3418=FACE_OUTER_BOUND('',#3417,.T.);
#3419=ADVANCED_FACE('',(#3418),#3408,.T.);
#3420=DIRECTION('',(0.321487,0.946914,-0));
#3421=DIRECTION('',(-0,0,1));
#3422=AXIS2_PLACEMENT_3D('',#172,#3420,#3421);
#3423=PLANE('',#3422);
#3424=ORIENTED_EDGE('',*,*,#3122,.T.);
#3425=ORIENTED_EDGE('',*,*,#3379,.F.);
#3426=ORIENTED_EDGE('',*,*,#2534,.F.);
#3427=ORIENTED_EDGE('',*,*,#3412,.T.);
#3428=EDGE_LOOP('',(#3424,#3425,#3426,#3427));
#3429=FACE_OUTER_BOUND('',#3428,.T.);
#3430=ADVANCED_FACE('',(#3429),#3423,.T.);
#3431=DIRECTION('',(0.980783,0.195104,0));
#3432=DIRECTION('',(0,0,-1));
#3433=AXIS2_PLACEMENT_3D('',#176,#3431,#3432);
#3434=PLANE('',#3433);
#3435=DIRECTION('',(0,0,1));
#3436=VECTOR('',#3435,5.200001);
#3437=LINE('',#128,#3436);
#3438=EDGE_CURVE('',#129,#177,#3437,.T.);
#3439=ORIENTED_EDGE('',*,*,#3438,.F.);
#3440=ORIENTED_EDGE('',*,*,#2494,.T.);
#3441=DIRECTION('',(0,0,1));
#3442=VECTOR('',#3441,5.200001);
#3443=LINE('',#130,#3442);
#3444=EDGE_CURVE('',#131,#179,#3443,.T.);
#3445=ORIENTED_EDGE('',*,*,#3444,.T.);
#3446=ORIENTED_EDGE('',*,*,#3162,.F.);
#3447=EDGE_LOOP('',(#3439,#3440,#3445,#3446));
#3448=FACE_OUTER_BOUND('',#3447,.T.);
#3449=ADVANCED_FACE('',(#3448),#3434,.T.);
#3450=DIRECTION('',(0.997859,0.065401,0));
#3451=DIRECTION('',(0,0,-1));
#3452=AXIS2_PLACEMENT_3D('',#130,#3450,#3451);
#3453=PLANE('',#3452);
#3454=ORIENTED_EDGE('',*,*,#2489,.T.);
#3455=DIRECTION('',(0,0,1));
#3456=VECTOR('',#3455,5.200001);
#3457=LINE('',#132,#3456);
#3458=EDGE_CURVE('',#133,#181,#3457,.T.);
#3459=ORIENTED_EDGE('',*,*,#3458,.T.);
#3460=ORIENTED_EDGE('',*,*,#3167,.F.);
#3461=ORIENTED_EDGE('',*,*,#3444,.F.);
#3462=EDGE_LOOP('',(#3454,#3459,#3460,#3461));
#3463=FACE_OUTER_BOUND('',#3462,.T.);
#3464=ADVANCED_FACE('',(#3463),#3453,.T.);
#3465=DIRECTION('',(0.751822,0.659367,-0));
#3466=DIRECTION('',(-0,0,1));
#3467=AXIS2_PLACEMENT_3D('',#184,#3465,#3466);
#3468=PLANE('',#3467);
#3469=DIRECTION('',(0,0,1));
#3470=VECTOR('',#3469,5.200001);
#3471=LINE('',#136,#3470);
#3472=EDGE_CURVE('',#137,#185,#3471,.T.);
#3473=ORIENTED_EDGE('',*,*,#3472,.F.);
#3474=ORIENTED_EDGE('',*,*,#2514,.F.);
#3475=DIRECTION('',(0,0,1));
#3476=VECTOR('',#3475,5.200001);
#3477=LINE('',#134,#3476);
#3478=EDGE_CURVE('',#135,#183,#3477,.T.);
#3479=ORIENTED_EDGE('',*,*,#3478,.T.);
#3480=ORIENTED_EDGE('',*,*,#3142,.T.);
#3481=EDGE_LOOP('',(#3473,#3474,#3479,#3480));
#3482=FACE_OUTER_BOUND('',#3481,.T.);
#3483=ADVANCED_FACE('',(#3482),#3468,.T.);
#3484=DIRECTION('',(0.659382,0.751808,0));
#3485=DIRECTION('',(0,0,1));
#3486=AXIS2_PLACEMENT_3D('',#166,#3484,#3485);
#3487=PLANE('',#3486);
#3488=ORIENTED_EDGE('',*,*,#3366,.F.);
#3489=ORIENTED_EDGE('',*,*,#2519,.T.);
#3490=ORIENTED_EDGE('',*,*,#3472,.T.);
#3491=ORIENTED_EDGE('',*,*,#3137,.F.);
#3492=EDGE_LOOP('',(#3488,#3489,#3490,#3491));
#3493=FACE_OUTER_BOUND('',#3492,.T.);
#3494=ADVANCED_FACE('',(#3493),#3487,.T.);
#3495=DIRECTION('',(0.831477,0.555559,0));
#3496=DIRECTION('',(0,0,1));
#3497=AXIS2_PLACEMENT_3D('',#182,#3495,#3496);
#3498=PLANE('',#3497);
#3499=ORIENTED_EDGE('',*,*,#3478,.F.);
#3500=ORIENTED_EDGE('',*,*,#2509,.T.);
#3501=DIRECTION('',(0,0,1));
#3502=VECTOR('',#3501,5.200001);
#3503=LINE('',#138,#3502);
#3504=EDGE_CURVE('',#139,#187,#3503,.T.);
#3505=ORIENTED_EDGE('',*,*,#3504,.T.);
#3506=ORIENTED_EDGE('',*,*,#3147,.F.);
#3507=EDGE_LOOP('',(#3499,#3500,#3505,#3506));
#3508=FACE_OUTER_BOUND('',#3507,.T.);
#3509=ADVANCED_FACE('',(#3508),#3498,.T.);
#3510=DIRECTION('',(0.896881,0.442273,0));
#3511=DIRECTION('',(0,0,1));
#3512=AXIS2_PLACEMENT_3D('',#138,#3510,#3511);
#3513=PLANE('',#3512);
#3514=ORIENTED_EDGE('',*,*,#2504,.T.);
#3515=DIRECTION('',(0,0,1));
#3516=VECTOR('',#3515,5.200001);
#3517=LINE('',#140,#3516);
#3518=EDGE_CURVE('',#141,#189,#3517,.T.);
#3519=ORIENTED_EDGE('',*,*,#3518,.T.);
#3520=ORIENTED_EDGE('',*,*,#3152,.F.);
#3521=ORIENTED_EDGE('',*,*,#3504,.F.);
#3522=EDGE_LOOP('',(#3514,#3519,#3520,#3521));
#3523=FACE_OUTER_BOUND('',#3522,.T.);
#3524=ADVANCED_FACE('',(#3523),#3513,.T.);
#3525=DIRECTION('',(0.94693,0.321438,-0));
#3526=DIRECTION('',(-0,0,-1));
#3527=AXIS2_PLACEMENT_3D('',#188,#3525,#3526);
#3528=PLANE('',#3527);
#3529=ORIENTED_EDGE('',*,*,#3518,.F.);
#3530=ORIENTED_EDGE('',*,*,#2499,.F.);
#3531=ORIENTED_EDGE('',*,*,#3438,.T.);
#3532=ORIENTED_EDGE('',*,*,#3157,.T.);
#3533=EDGE_LOOP('',(#3529,#3530,#3531,#3532));
#3534=FACE_OUTER_BOUND('',#3533,.T.);
#3535=ADVANCED_FACE('',(#3534),#3528,.T.);
#3536=DIRECTION('',(0.997859,-0.065401,0));
#3537=DIRECTION('',(0,0,-1));
#3538=AXIS2_PLACEMENT_3D('',#190,#3536,#3537);
#3539=PLANE('',#3538);
#3540=ORIENTED_EDGE('',*,*,#3172,.F.);
#3541=ORIENTED_EDGE('',*,*,#3458,.F.);
#3542=ORIENTED_EDGE('',*,*,#2484,.T.);
#3543=DIRECTION('',(0,0,1));
#3544=VECTOR('',#3543,5.200001);
#3545=LINE('',#142,#3544);
#3546=EDGE_CURVE('',#143,#191,#3545,.T.);
#3547=ORIENTED_EDGE('',*,*,#3546,.T.);
#3548=EDGE_LOOP('',(#3540,#3541,#3542,#3547));
#3549=FACE_OUTER_BOUND('',#3548,.T.);
#3550=ADVANCED_FACE('',(#3549),#3539,.T.);
#3551=DIRECTION('',(0.980783,-0.195104,0));
#3552=DIRECTION('',(0,0,-1));
#3553=AXIS2_PLACEMENT_3D('',#190,#3551,#3552);
#3554=PLANE('',#3553);
#3555=ORIENTED_EDGE('',*,*,#3546,.F.);
#3556=ORIENTED_EDGE('',*,*,#2479,.T.);
#3557=DIRECTION('',(0,0,1));
#3558=VECTOR('',#3557,5.200001);
#3559=LINE('',#144,#3558);
#3560=EDGE_CURVE('',#145,#193,#3559,.T.);
#3561=ORIENTED_EDGE('',*,*,#3560,.T.);
#3562=ORIENTED_EDGE('',*,*,#3177,.F.);
#3563=EDGE_LOOP('',(#3555,#3556,#3561,#3562));
#3564=FACE_OUTER_BOUND('',#3563,.T.);
#3565=ADVANCED_FACE('',(#3564),#3554,.T.);
#3566=DIRECTION('',(0.94693,-0.321438,0));
#3567=DIRECTION('',(0,0,-1));
#3568=AXIS2_PLACEMENT_3D('',#144,#3566,#3567);
#3569=PLANE('',#3568);
#3570=ORIENTED_EDGE('',*,*,#2474,.T.);
#3571=DIRECTION('',(0,0,1));
#3572=VECTOR('',#3571,5.200001);
#3573=LINE('',#146,#3572);
#3574=EDGE_CURVE('',#147,#195,#3573,.T.);
#3575=ORIENTED_EDGE('',*,*,#3574,.T.);
#3576=ORIENTED_EDGE('',*,*,#3182,.F.);
#3577=ORIENTED_EDGE('',*,*,#3560,.F.);
#3578=EDGE_LOOP('',(#3570,#3575,#3576,#3577));
#3579=FACE_OUTER_BOUND('',#3578,.T.);
#3580=ADVANCED_FACE('',(#3579),#3569,.T.);
#3581=DIRECTION('',(0.896881,-0.442273,0));
#3582=DIRECTION('',(0,0,-1));
#3583=AXIS2_PLACEMENT_3D('',#146,#3581,#3582);
#3584=PLANE('',#3583);
#3585=ORIENTED_EDGE('',*,*,#2469,.T.);
#3586=DIRECTION('',(0,0,1));
#3587=VECTOR('',#3586,5.200001);
#3588=LINE('',#148,#3587);
#3589=EDGE_CURVE('',#149,#197,#3588,.T.);
#3590=ORIENTED_EDGE('',*,*,#3589,.T.);
#3591=ORIENTED_EDGE('',*,*,#3187,.F.);
#3592=ORIENTED_EDGE('',*,*,#3574,.F.);
#3593=EDGE_LOOP('',(#3585,#3590,#3591,#3592));
#3594=FACE_OUTER_BOUND('',#3593,.T.);
#3595=ADVANCED_FACE('',(#3594),#3584,.T.);
#3596=DIRECTION('',(0.831477,-0.555559,0));
#3597=DIRECTION('',(0,0,-1));
#3598=AXIS2_PLACEMENT_3D('',#148,#3596,#3597);
#3599=PLANE('',#3598);
#3600=ORIENTED_EDGE('',*,*,#2464,.T.);
#3601=DIRECTION('',(0,0,1));
#3602=VECTOR('',#3601,5.200001);
#3603=LINE('',#150,#3602);
#3604=EDGE_CURVE('',#151,#199,#3603,.T.);
#3605=ORIENTED_EDGE('',*,*,#3604,.T.);
#3606=ORIENTED_EDGE('',*,*,#3192,.F.);
#3607=ORIENTED_EDGE('',*,*,#3589,.F.);
#3608=EDGE_LOOP('',(#3600,#3605,#3606,#3607));
#3609=FACE_OUTER_BOUND('',#3608,.T.);
#3610=ADVANCED_FACE('',(#3609),#3599,.T.);
#3611=DIRECTION('',(0.751822,-0.659367,0));
#3612=DIRECTION('',(0,0,-1));
#3613=AXIS2_PLACEMENT_3D('',#198,#3611,#3612);
#3614=PLANE('',#3613);
#3615=ORIENTED_EDGE('',*,*,#3604,.F.);
#3616=ORIENTED_EDGE('',*,*,#2459,.T.);
#3617=DIRECTION('',(0,0,1));
#3618=VECTOR('',#3617,5.200001);
#3619=LINE('',#152,#3618);
#3620=EDGE_CURVE('',#153,#201,#3619,.T.);
#3621=ORIENTED_EDGE('',*,*,#3620,.T.);
#3622=ORIENTED_EDGE('',*,*,#3197,.F.);
#3623=EDGE_LOOP('',(#3615,#3616,#3621,#3622));
#3624=FACE_OUTER_BOUND('',#3623,.T.);
#3625=ADVANCED_FACE('',(#3624),#3614,.T.);
#3626=DIRECTION('',(0.659382,-0.751808,0));
#3627=DIRECTION('',(0,0,-1));
#3628=AXIS2_PLACEMENT_3D('',#152,#3626,#3627);
#3629=PLANE('',#3628);
#3630=ORIENTED_EDGE('',*,*,#2454,.T.);
#3631=DIRECTION('',(0,0,1));
#3632=VECTOR('',#3631,5.200001);
#3633=LINE('',#154,#3632);
#3634=EDGE_CURVE('',#155,#203,#3633,.T.);
#3635=ORIENTED_EDGE('',*,*,#3634,.T.);
#3636=ORIENTED_EDGE('',*,*,#3202,.F.);
#3637=ORIENTED_EDGE('',*,*,#3620,.F.);
#3638=EDGE_LOOP('',(#3630,#3635,#3636,#3637));
#3639=FACE_OUTER_BOUND('',#3638,.T.);
#3640=ADVANCED_FACE('',(#3639),#3629,.T.);
#3641=DIRECTION('',(0.555551,-0.831482,0));
#3642=DIRECTION('',(0,0,-1));
#3643=AXIS2_PLACEMENT_3D('',#204,#3641,#3642);
#3644=PLANE('',#3643);
#3645=ORIENTED_EDGE('',*,*,#3207,.F.);
#3646=ORIENTED_EDGE('',*,*,#3634,.F.);
#3647=ORIENTED_EDGE('',*,*,#2449,.T.);
#3648=DIRECTION('',(0,0,1));
#3649=VECTOR('',#3648,5.200001);
#3650=LINE('',#156,#3649);
#3651=EDGE_CURVE('',#157,#205,#3650,.T.);
#3652=ORIENTED_EDGE('',*,*,#3651,.T.);
#3653=EDGE_LOOP('',(#3645,#3646,#3647,#3652));
#3654=FACE_OUTER_BOUND('',#3653,.T.);
#3655=ADVANCED_FACE('',(#3654),#3644,.T.);
#3656=DIRECTION('',(0.442258,-0.896888,0));
#3657=DIRECTION('',(0,0,-1));
#3658=AXIS2_PLACEMENT_3D('',#204,#3656,#3657);
#3659=PLANE('',#3658);
#3660=ORIENTED_EDGE('',*,*,#3651,.F.);
#3661=ORIENTED_EDGE('',*,*,#2444,.T.);
#3662=DIRECTION('',(0,0,1));
#3663=VECTOR('',#3662,5.200001);
#3664=LINE('',#158,#3663);
#3665=EDGE_CURVE('',#159,#207,#3664,.T.);
#3666=ORIENTED_EDGE('',*,*,#3665,.T.);
#3667=ORIENTED_EDGE('',*,*,#3212,.F.);
#3668=EDGE_LOOP('',(#3660,#3661,#3666,#3667));
#3669=FACE_OUTER_BOUND('',#3668,.T.);
#3670=ADVANCED_FACE('',(#3669),#3659,.T.);
#3671=DIRECTION('',(0.321487,-0.946914,0));
#3672=DIRECTION('',(0,0,-1));
#3673=AXIS2_PLACEMENT_3D('',#208,#3671,#3672);
#3674=PLANE('',#3673);
#3675=ORIENTED_EDGE('',*,*,#3217,.F.);
#3676=ORIENTED_EDGE('',*,*,#3665,.F.);
#3677=ORIENTED_EDGE('',*,*,#2439,.T.);
#3678=DIRECTION('',(0,0,1));
#3679=VECTOR('',#3678,5.200001);
#3680=LINE('',#160,#3679);
#3681=EDGE_CURVE('',#161,#209,#3680,.T.);
#3682=ORIENTED_EDGE('',*,*,#3681,.T.);
#3683=EDGE_LOOP('',(#3675,#3676,#3677,#3682));
#3684=FACE_OUTER_BOUND('',#3683,.T.);
#3685=ADVANCED_FACE('',(#3684),#3674,.T.);
#3686=DIRECTION('',(0.195044,-0.980795,0));
#3687=DIRECTION('',(0,0,-1));
#3688=AXIS2_PLACEMENT_3D('',#208,#3686,#3687);
#3689=PLANE('',#3688);
#3690=ORIENTED_EDGE('',*,*,#3681,.F.);
#3691=ORIENTED_EDGE('',*,*,#2434,.T.);
#3692=DIRECTION('',(0,0,1));
#3693=VECTOR('',#3692,5.200001);
#3694=LINE('',#162,#3693);
#3695=EDGE_CURVE('',#163,#211,#3694,.T.);
#3696=ORIENTED_EDGE('',*,*,#3695,.T.);
#3697=ORIENTED_EDGE('',*,*,#3222,.F.);
#3698=EDGE_LOOP('',(#3690,#3691,#3696,#3697));
#3699=FACE_OUTER_BOUND('',#3698,.T.);
#3700=ADVANCED_FACE('',(#3699),#3689,.T.);
#3701=DIRECTION('',(0.065418,-0.997858,0));
#3702=DIRECTION('',(0,0,-1));
#3703=AXIS2_PLACEMENT_3D('',#1108,#3701,#3702);
#3704=PLANE('',#3703);
#3705=DIRECTION('',(0,0,1));
#3706=VECTOR('',#3705,5.200001);
#3707=LINE('',#1108,#3706);
#3708=EDGE_CURVE('',#1109,#1161,#3707,.T.);
#3709=ORIENTED_EDGE('',*,*,#3708,.T.);
#3710=ORIENTED_EDGE('',*,*,#3227,.F.);
#3711=ORIENTED_EDGE('',*,*,#3695,.F.);
#3712=ORIENTED_EDGE('',*,*,#2429,.T.);
#3713=EDGE_LOOP('',(#3709,#3710,#3711,#3712));
#3714=FACE_OUTER_BOUND('',#3713,.T.);
#3715=ADVANCED_FACE('',(#3714),#3704,.T.);
#3716=DIRECTION('',(-0.065418,0.997858,0));
#3717=DIRECTION('',(0,-0,1));
#3718=AXIS2_PLACEMENT_3D('',#1118,#3716,#3717);
#3719=PLANE('',#3718);
#3720=DIRECTION('',(0,0,1));
#3721=VECTOR('',#3720,5.200001);
#3722=LINE('',#1066,#3721);
#3723=EDGE_CURVE('',#1067,#1119,#3722,.T.);
#3724=ORIENTED_EDGE('',*,*,#3723,.F.);
#3725=ORIENTED_EDGE('',*,*,#2309,.F.);
#3726=ORIENTED_EDGE('',*,*,#3399,.T.);
#3727=ORIENTED_EDGE('',*,*,#3347,.T.);
#3728=EDGE_LOOP('',(#3724,#3725,#3726,#3727));
#3729=FACE_OUTER_BOUND('',#3728,.T.);
#3730=ADVANCED_FACE('',(#3729),#3719,.T.);
#3731=DIRECTION('',(-0.195044,0.980795,0));
#3732=DIRECTION('',(0,-0,1));
#3733=AXIS2_PLACEMENT_3D('',#1118,#3731,#3732);
#3734=PLANE('',#3733);
#3735=ORIENTED_EDGE('',*,*,#3342,.T.);
#3736=DIRECTION('',(0,0,1));
#3737=VECTOR('',#3736,5.200001);
#3738=LINE('',#1068,#3737);
#3739=EDGE_CURVE('',#1069,#1121,#3738,.T.);
#3740=ORIENTED_EDGE('',*,*,#3739,.F.);
#3741=ORIENTED_EDGE('',*,*,#2314,.F.);
#3742=ORIENTED_EDGE('',*,*,#3723,.T.);
#3743=EDGE_LOOP('',(#3735,#3740,#3741,#3742));
#3744=FACE_OUTER_BOUND('',#3743,.T.);
#3745=ADVANCED_FACE('',(#3744),#3734,.T.);
#3746=DIRECTION('',(-0.321487,0.946914,0));
#3747=DIRECTION('',(0,-0,1));
#3748=AXIS2_PLACEMENT_3D('',#1070,#3746,#3747);
#3749=PLANE('',#3748);
#3750=ORIENTED_EDGE('',*,*,#2319,.F.);
#3751=ORIENTED_EDGE('',*,*,#3739,.T.);
#3752=ORIENTED_EDGE('',*,*,#3337,.T.);
#3753=DIRECTION('',(0,0,1));
#3754=VECTOR('',#3753,5.200001);
#3755=LINE('',#1070,#3754);
#3756=EDGE_CURVE('',#1071,#1123,#3755,.T.);
#3757=ORIENTED_EDGE('',*,*,#3756,.F.);
#3758=EDGE_LOOP('',(#3750,#3751,#3752,#3757));
#3759=FACE_OUTER_BOUND('',#3758,.T.);
#3760=ADVANCED_FACE('',(#3759),#3749,.T.);
#3761=DIRECTION('',(-0.442258,0.896888,0));
#3762=DIRECTION('',(0,-0,1));
#3763=AXIS2_PLACEMENT_3D('',#1124,#3761,#3762);
#3764=PLANE('',#3763);
#3765=DIRECTION('',(0,0,1));
#3766=VECTOR('',#3765,5.200001);
#3767=LINE('',#1072,#3766);
#3768=EDGE_CURVE('',#1073,#1125,#3767,.T.);
#3769=ORIENTED_EDGE('',*,*,#3768,.F.);
#3770=ORIENTED_EDGE('',*,*,#2324,.F.);
#3771=ORIENTED_EDGE('',*,*,#3756,.T.);
#3772=ORIENTED_EDGE('',*,*,#3332,.T.);
#3773=EDGE_LOOP('',(#3769,#3770,#3771,#3772));
#3774=FACE_OUTER_BOUND('',#3773,.T.);
#3775=ADVANCED_FACE('',(#3774),#3764,.T.);
#3776=DIRECTION('',(-0.555551,0.831482,0));
#3777=DIRECTION('',(0,-0,1));
#3778=AXIS2_PLACEMENT_3D('',#1072,#3776,#3777);
#3779=PLANE('',#3778);
#3780=ORIENTED_EDGE('',*,*,#3768,.T.);
#3781=ORIENTED_EDGE('',*,*,#3327,.T.);
#3782=DIRECTION('',(0,0,1));
#3783=VECTOR('',#3782,5.200001);
#3784=LINE('',#1074,#3783);
#3785=EDGE_CURVE('',#1075,#1127,#3784,.T.);
#3786=ORIENTED_EDGE('',*,*,#3785,.F.);
#3787=ORIENTED_EDGE('',*,*,#2329,.F.);
#3788=EDGE_LOOP('',(#3780,#3781,#3786,#3787));
#3789=FACE_OUTER_BOUND('',#3788,.T.);
#3790=ADVANCED_FACE('',(#3789),#3779,.T.);
#3791=DIRECTION('',(-0.659382,0.751808,0));
#3792=DIRECTION('',(0,-0,1));
#3793=AXIS2_PLACEMENT_3D('',#1076,#3791,#3792);
#3794=PLANE('',#3793);
#3795=ORIENTED_EDGE('',*,*,#2334,.F.);
#3796=ORIENTED_EDGE('',*,*,#3785,.T.);
#3797=ORIENTED_EDGE('',*,*,#3322,.T.);
#3798=DIRECTION('',(0,0,1));
#3799=VECTOR('',#3798,5.200001);
#3800=LINE('',#1076,#3799);
#3801=EDGE_CURVE('',#1077,#1129,#3800,.T.);
#3802=ORIENTED_EDGE('',*,*,#3801,.F.);
#3803=EDGE_LOOP('',(#3795,#3796,#3797,#3802));
#3804=FACE_OUTER_BOUND('',#3803,.T.);
#3805=ADVANCED_FACE('',(#3804),#3794,.T.);
#3806=DIRECTION('',(-0.751822,0.659367,0));
#3807=DIRECTION('',(0,-0,1));
#3808=AXIS2_PLACEMENT_3D('',#1128,#3806,#3807);
#3809=PLANE('',#3808);
#3810=ORIENTED_EDGE('',*,*,#3317,.T.);
#3811=DIRECTION('',(0,0,1));
#3812=VECTOR('',#3811,5.200001);
#3813=LINE('',#1078,#3812);
#3814=EDGE_CURVE('',#1079,#1131,#3813,.T.);
#3815=ORIENTED_EDGE('',*,*,#3814,.F.);
#3816=ORIENTED_EDGE('',*,*,#2339,.F.);
#3817=ORIENTED_EDGE('',*,*,#3801,.T.);
#3818=EDGE_LOOP('',(#3810,#3815,#3816,#3817));
#3819=FACE_OUTER_BOUND('',#3818,.T.);
#3820=ADVANCED_FACE('',(#3819),#3809,.T.);
#3821=DIRECTION('',(-0.831477,0.555559,0));
#3822=DIRECTION('',(0,-0,1));
#3823=AXIS2_PLACEMENT_3D('',#1130,#3821,#3822);
#3824=PLANE('',#3823);
#3825=ORIENTED_EDGE('',*,*,#3312,.T.);
#3826=DIRECTION('',(0,0,1));
#3827=VECTOR('',#3826,5.200001);
#3828=LINE('',#1080,#3827);
#3829=EDGE_CURVE('',#1081,#1133,#3828,.T.);
#3830=ORIENTED_EDGE('',*,*,#3829,.F.);
#3831=ORIENTED_EDGE('',*,*,#2344,.F.);
#3832=ORIENTED_EDGE('',*,*,#3814,.T.);
#3833=EDGE_LOOP('',(#3825,#3830,#3831,#3832));
#3834=FACE_OUTER_BOUND('',#3833,.T.);
#3835=ADVANCED_FACE('',(#3834),#3824,.T.);
#3836=DIRECTION('',(-0.896881,0.442273,0));
#3837=DIRECTION('',(0,-0,1));
#3838=AXIS2_PLACEMENT_3D('',#1080,#3836,#3837);
#3839=PLANE('',#3838);
#3840=ORIENTED_EDGE('',*,*,#3829,.T.);
#3841=ORIENTED_EDGE('',*,*,#3307,.T.);
#3842=DIRECTION('',(0,0,1));
#3843=VECTOR('',#3842,5.200001);
#3844=LINE('',#1082,#3843);
#3845=EDGE_CURVE('',#1083,#1135,#3844,.T.);
#3846=ORIENTED_EDGE('',*,*,#3845,.F.);
#3847=ORIENTED_EDGE('',*,*,#2349,.F.);
#3848=EDGE_LOOP('',(#3840,#3841,#3846,#3847));
#3849=FACE_OUTER_BOUND('',#3848,.T.);
#3850=ADVANCED_FACE('',(#3849),#3839,.T.);
#3851=DIRECTION('',(-0.94693,0.321438,0));
#3852=DIRECTION('',(0,-0,1));
#3853=AXIS2_PLACEMENT_3D('',#1084,#3851,#3852);
#3854=PLANE('',#3853);
#3855=ORIENTED_EDGE('',*,*,#2354,.F.);
#3856=ORIENTED_EDGE('',*,*,#3845,.T.);
#3857=ORIENTED_EDGE('',*,*,#3302,.T.);
#3858=DIRECTION('',(0,0,1));
#3859=VECTOR('',#3858,5.200001);
#3860=LINE('',#1084,#3859);
#3861=EDGE_CURVE('',#1085,#1137,#3860,.T.);
#3862=ORIENTED_EDGE('',*,*,#3861,.F.);
#3863=EDGE_LOOP('',(#3855,#3856,#3857,#3862));
#3864=FACE_OUTER_BOUND('',#3863,.T.);
#3865=ADVANCED_FACE('',(#3864),#3854,.T.);
#3866=DIRECTION('',(-0.980783,0.195104,0));
#3867=DIRECTION('',(0,-0,1));
#3868=AXIS2_PLACEMENT_3D('',#1138,#3866,#3867);
#3869=PLANE('',#3868);
#3870=DIRECTION('',(0,0,1));
#3871=VECTOR('',#3870,5.200001);
#3872=LINE('',#1086,#3871);
#3873=EDGE_CURVE('',#1087,#1139,#3872,.T.);
#3874=ORIENTED_EDGE('',*,*,#3873,.F.);
#3875=ORIENTED_EDGE('',*,*,#2359,.F.);
#3876=ORIENTED_EDGE('',*,*,#3861,.T.);
#3877=ORIENTED_EDGE('',*,*,#3297,.T.);
#3878=EDGE_LOOP('',(#3874,#3875,#3876,#3877));
#3879=FACE_OUTER_BOUND('',#3878,.T.);
#3880=ADVANCED_FACE('',(#3879),#3869,.T.);
#3881=DIRECTION('',(-0.997859,0.065401,0));
#3882=DIRECTION('',(0,-0,1));
#3883=AXIS2_PLACEMENT_3D('',#1086,#3881,#3882);
#3884=PLANE('',#3883);
#3885=ORIENTED_EDGE('',*,*,#3873,.T.);
#3886=ORIENTED_EDGE('',*,*,#3292,.T.);
#3887=DIRECTION('',(0,0,1));
#3888=VECTOR('',#3887,5.200001);
#3889=LINE('',#1088,#3888);
#3890=EDGE_CURVE('',#1089,#1141,#3889,.T.);
#3891=ORIENTED_EDGE('',*,*,#3890,.F.);
#3892=ORIENTED_EDGE('',*,*,#2364,.F.);
#3893=EDGE_LOOP('',(#3885,#3886,#3891,#3892));
#3894=FACE_OUTER_BOUND('',#3893,.T.);
#3895=ADVANCED_FACE('',(#3894),#3884,.T.);
#3896=DIRECTION('',(-0.997859,-0.065401,0));
#3897=DIRECTION('',(0,-0,1));
#3898=AXIS2_PLACEMENT_3D('',#1102,#3896,#3897);
#3899=PLANE('',#3898);
#3900=ORIENTED_EDGE('',*,*,#2369,.F.);
#3901=ORIENTED_EDGE('',*,*,#3890,.T.);
#3902=ORIENTED_EDGE('',*,*,#3287,.T.);
#3903=DIRECTION('',(0,0,1));
#3904=VECTOR('',#3903,5.200001);
#3905=LINE('',#1102,#3904);
#3906=EDGE_CURVE('',#1103,#1155,#3905,.T.);
#3907=ORIENTED_EDGE('',*,*,#3906,.F.);
#3908=EDGE_LOOP('',(#3900,#3901,#3902,#3907));
#3909=FACE_OUTER_BOUND('',#3908,.T.);
#3910=ADVANCED_FACE('',(#3909),#3899,.T.);
#3911=DIRECTION('',(-0.94693,-0.321438,0));
#3912=DIRECTION('',(0,-0,1));
#3913=AXIS2_PLACEMENT_3D('',#1090,#3911,#3912);
#3914=PLANE('',#3913);
#3915=ORIENTED_EDGE('',*,*,#2379,.T.);
#3916=DIRECTION('',(0,0,1));
#3917=VECTOR('',#3916,5.200001);
#3918=LINE('',#1104,#3917);
#3919=EDGE_CURVE('',#1105,#1157,#3918,.T.);
#3920=ORIENTED_EDGE('',*,*,#3919,.T.);
#3921=ORIENTED_EDGE('',*,*,#3277,.F.);
#3922=DIRECTION('',(0,0,1));
#3923=VECTOR('',#3922,5.200001);
#3924=LINE('',#1090,#3923);
#3925=EDGE_CURVE('',#1091,#1143,#3924,.T.);
#3926=ORIENTED_EDGE('',*,*,#3925,.F.);
#3927=EDGE_LOOP('',(#3915,#3920,#3921,#3926));
#3928=FACE_OUTER_BOUND('',#3927,.T.);
#3929=ADVANCED_FACE('',(#3928),#3914,.T.);
#3930=DIRECTION('',(-0.896881,-0.442273,0));
#3931=DIRECTION('',(0,-0,-1));
#3932=AXIS2_PLACEMENT_3D('',#1142,#3930,#3931);
#3933=PLANE('',#3932);
#3934=ORIENTED_EDGE('',*,*,#3272,.T.);
#3935=DIRECTION('',(0,0,1));
#3936=VECTOR('',#3935,5.200001);
#3937=LINE('',#1092,#3936);
#3938=EDGE_CURVE('',#1093,#1145,#3937,.T.);
#3939=ORIENTED_EDGE('',*,*,#3938,.F.);
#3940=ORIENTED_EDGE('',*,*,#2384,.F.);
#3941=ORIENTED_EDGE('',*,*,#3925,.T.);
#3942=EDGE_LOOP('',(#3934,#3939,#3940,#3941));
#3943=FACE_OUTER_BOUND('',#3942,.T.);
#3944=ADVANCED_FACE('',(#3943),#3933,.T.);
#3945=DIRECTION('',(-0.442258,-0.896888,0));
#3946=DIRECTION('',(0,-0,-1));
#3947=AXIS2_PLACEMENT_3D('',#1164,#3945,#3946);
#3948=PLANE('',#3947);
#3949=DIRECTION('',(0,0,1));
#3950=VECTOR('',#3949,5.200001);
#3951=LINE('',#1112,#3950);
#3952=EDGE_CURVE('',#1113,#1165,#3951,.T.);
#3953=ORIENTED_EDGE('',*,*,#3952,.F.);
#3954=ORIENTED_EDGE('',*,*,#2409,.F.);
#3955=DIRECTION('',(0,0,1));
#3956=VECTOR('',#3955,5.200001);
#3957=LINE('',#1098,#3956);
#3958=EDGE_CURVE('',#1099,#1151,#3957,.T.);
#3959=ORIENTED_EDGE('',*,*,#3958,.T.);
#3960=ORIENTED_EDGE('',*,*,#3247,.T.);
#3961=EDGE_LOOP('',(#3953,#3954,#3959,#3960));
#3962=FACE_OUTER_BOUND('',#3961,.T.);
#3963=ADVANCED_FACE('',(#3962),#3948,.T.);
#3964=DIRECTION('',(-0.831477,-0.555559,0));
#3965=DIRECTION('',(0,-0,-1));
#3966=AXIS2_PLACEMENT_3D('',#1144,#3964,#3965);
#3967=PLANE('',#3966);
#3968=ORIENTED_EDGE('',*,*,#3267,.T.);
#3969=DIRECTION('',(0,0,1));
#3970=VECTOR('',#3969,5.200001);
#3971=LINE('',#1094,#3970);
#3972=EDGE_CURVE('',#1095,#1147,#3971,.T.);
#3973=ORIENTED_EDGE('',*,*,#3972,.F.);
#3974=ORIENTED_EDGE('',*,*,#2389,.F.);
#3975=ORIENTED_EDGE('',*,*,#3938,.T.);
#3976=EDGE_LOOP('',(#3968,#3973,#3974,#3975));
#3977=FACE_OUTER_BOUND('',#3976,.T.);
#3978=ADVANCED_FACE('',(#3977),#3967,.T.);
#3979=DIRECTION('',(-0.751822,-0.659367,0));
#3980=DIRECTION('',(0,-0,-1));
#3981=AXIS2_PLACEMENT_3D('',#1094,#3979,#3980);
#3982=PLANE('',#3981);
#3983=ORIENTED_EDGE('',*,*,#3972,.T.);
#3984=ORIENTED_EDGE('',*,*,#3262,.T.);
#3985=DIRECTION('',(0,0,1));
#3986=VECTOR('',#3985,5.200001);
#3987=LINE('',#1096,#3986);
#3988=EDGE_CURVE('',#1097,#1149,#3987,.T.);
#3989=ORIENTED_EDGE('',*,*,#3988,.F.);
#3990=ORIENTED_EDGE('',*,*,#2394,.F.);
#3991=EDGE_LOOP('',(#3983,#3984,#3989,#3990));
#3992=FACE_OUTER_BOUND('',#3991,.T.);
#3993=ADVANCED_FACE('',(#3992),#3982,.T.);
#3994=DIRECTION('',(-0.659382,-0.751808,0));
#3995=DIRECTION('',(0,-0,-1));
#3996=AXIS2_PLACEMENT_3D('',#1100,#3994,#3995);
#3997=PLANE('',#3996);
#3998=ORIENTED_EDGE('',*,*,#2399,.F.);
#3999=ORIENTED_EDGE('',*,*,#3988,.T.);
#4000=ORIENTED_EDGE('',*,*,#3257,.T.);
#4001=DIRECTION('',(0,0,1));
#4002=VECTOR('',#4001,5.200001);
#4003=LINE('',#1100,#4002);
#4004=EDGE_CURVE('',#1101,#1153,#4003,.T.);
#4005=ORIENTED_EDGE('',*,*,#4004,.F.);
#4006=EDGE_LOOP('',(#3998,#3999,#4000,#4005));
#4007=FACE_OUTER_BOUND('',#4006,.T.);
#4008=ADVANCED_FACE('',(#4007),#3997,.T.);
#4009=DIRECTION('',(-0.555551,-0.831482,0));
#4010=DIRECTION('',(0,-0,-1));
#4011=AXIS2_PLACEMENT_3D('',#1100,#4009,#4010);
#4012=PLANE('',#4011);
#4013=ORIENTED_EDGE('',*,*,#4004,.T.);
#4014=ORIENTED_EDGE('',*,*,#3252,.F.);
#4015=ORIENTED_EDGE('',*,*,#3958,.F.);
#4016=ORIENTED_EDGE('',*,*,#2404,.T.);
#4017=EDGE_LOOP('',(#4013,#4014,#4015,#4016));
#4018=FACE_OUTER_BOUND('',#4017,.T.);
#4019=ADVANCED_FACE('',(#4018),#4012,.T.);
#4020=DIRECTION('',(-0.980783,-0.195104,0));
#4021=DIRECTION('',(0,-0,1));
#4022=AXIS2_PLACEMENT_3D('',#1102,#4020,#4021);
#4023=PLANE('',#4022);
#4024=ORIENTED_EDGE('',*,*,#3906,.T.);
#4025=ORIENTED_EDGE('',*,*,#3282,.T.);
#4026=ORIENTED_EDGE('',*,*,#3919,.F.);
#4027=ORIENTED_EDGE('',*,*,#2374,.F.);
#4028=EDGE_LOOP('',(#4024,#4025,#4026,#4027));
#4029=FACE_OUTER_BOUND('',#4028,.T.);
#4030=ADVANCED_FACE('',(#4029),#4023,.T.);
#4031=DIRECTION('',(-0.195044,-0.980795,0));
#4032=DIRECTION('',(0,-0,-1));
#4033=AXIS2_PLACEMENT_3D('',#1158,#4031,#4032);
#4034=PLANE('',#4033);
#4035=DIRECTION('',(0,0,1));
#4036=VECTOR('',#4035,5.200001);
#4037=LINE('',#1106,#4036);
#4038=EDGE_CURVE('',#1107,#1159,#4037,.T.);
#4039=ORIENTED_EDGE('',*,*,#4038,.F.);
#4040=ORIENTED_EDGE('',*,*,#2419,.T.);
#4041=DIRECTION('',(0,0,1));
#4042=VECTOR('',#4041,5.200001);
#4043=LINE('',#1110,#4042);
#4044=EDGE_CURVE('',#1111,#1163,#4043,.T.);
#4045=ORIENTED_EDGE('',*,*,#4044,.T.);
#4046=ORIENTED_EDGE('',*,*,#3237,.F.);
#4047=EDGE_LOOP('',(#4039,#4040,#4045,#4046));
#4048=FACE_OUTER_BOUND('',#4047,.T.);
#4049=ADVANCED_FACE('',(#4048),#4034,.T.);
#4050=DIRECTION('',(-0.065418,-0.997858,0));
#4051=DIRECTION('',(0,-0,-1));
#4052=AXIS2_PLACEMENT_3D('',#1160,#4050,#4051);
#4053=PLANE('',#4052);
#4054=ORIENTED_EDGE('',*,*,#3708,.F.);
#4055=ORIENTED_EDGE('',*,*,#2424,.F.);
#4056=ORIENTED_EDGE('',*,*,#4038,.T.);
#4057=ORIENTED_EDGE('',*,*,#3232,.T.);
#4058=EDGE_LOOP('',(#4054,#4055,#4056,#4057));
#4059=FACE_OUTER_BOUND('',#4058,.T.);
#4060=ADVANCED_FACE('',(#4059),#4053,.T.);
#4061=DIRECTION('',(-0.321487,-0.946914,0));
#4062=DIRECTION('',(0,-0,-1));
#4063=AXIS2_PLACEMENT_3D('',#1164,#4061,#4062);
#4064=PLANE('',#4063);
#4065=ORIENTED_EDGE('',*,*,#3242,.F.);
#4066=ORIENTED_EDGE('',*,*,#4044,.F.);
#4067=ORIENTED_EDGE('',*,*,#2414,.T.);
#4068=ORIENTED_EDGE('',*,*,#3952,.T.);
#4069=EDGE_LOOP('',(#4065,#4066,#4067,#4068));
#4070=FACE_OUTER_BOUND('',#4069,.T.);
#4071=ADVANCED_FACE('',(#4070),#4064,.T.);
#4072=DIRECTION('',(0.555551,0.831482,0));
#4073=DIRECTION('',(0,0,1));
#4074=AXIS2_PLACEMENT_3D('',#22,#4072,#4073);
#4075=PLANE('',#4074);
#4076=ORIENTED_EDGE('',*,*,#2117,.T.);
#4077=DIRECTION('',(0,0,1));
#4078=VECTOR('',#4077,5);
#4079=LINE('',#24,#4078);
#4080=EDGE_CURVE('',#25,#73,#4079,.T.);
#4081=ORIENTED_EDGE('',*,*,#4080,.T.);
#4082=ORIENTED_EDGE('',*,*,#2607,.F.);
#4083=DIRECTION('',(0,0,1));
#4084=VECTOR('',#4083,5);
#4085=LINE('',#22,#4084);
#4086=EDGE_CURVE('',#23,#71,#4085,.T.);
#4087=ORIENTED_EDGE('',*,*,#4086,.F.);
#4088=EDGE_LOOP('',(#4076,#4081,#4082,#4087));
#4089=FACE_OUTER_BOUND('',#4088,.T.);
#4090=ADVANCED_FACE('',(#4089),#4075,.T.);
#4091=DIRECTION('',(0.659382,0.751808,0));
#4092=DIRECTION('',(0,0,1));
#4093=AXIS2_PLACEMENT_3D('',#26,#4091,#4092);
#4094=PLANE('',#4093);
#4095=DIRECTION('',(0,0,1));
#4096=VECTOR('',#4095,5);
#4097=LINE('',#26,#4096);
#4098=EDGE_CURVE('',#27,#75,#4097,.T.);
#4099=ORIENTED_EDGE('',*,*,#4098,.T.);
#4100=ORIENTED_EDGE('',*,*,#2612,.F.);
#4101=ORIENTED_EDGE('',*,*,#4080,.F.);
#4102=ORIENTED_EDGE('',*,*,#2112,.T.);
#4103=EDGE_LOOP('',(#4099,#4100,#4101,#4102));
#4104=FACE_OUTER_BOUND('',#4103,.T.);
#4105=ADVANCED_FACE('',(#4104),#4094,.T.);
#4106=DIRECTION('',(0.442258,0.896888,-0));
#4107=DIRECTION('',(-0,0,1));
#4108=AXIS2_PLACEMENT_3D('',#28,#4106,#4107);
#4109=PLANE('',#4108);
#4110=ORIENTED_EDGE('',*,*,#2122,.F.);
#4111=ORIENTED_EDGE('',*,*,#4086,.T.);
#4112=ORIENTED_EDGE('',*,*,#2602,.T.);
#4113=DIRECTION('',(0,0,1));
#4114=VECTOR('',#4113,5);
#4115=LINE('',#28,#4114);
#4116=EDGE_CURVE('',#29,#77,#4115,.T.);
#4117=ORIENTED_EDGE('',*,*,#4116,.F.);
#4118=EDGE_LOOP('',(#4110,#4111,#4112,#4117));
#4119=FACE_OUTER_BOUND('',#4118,.T.);
#4120=ADVANCED_FACE('',(#4119),#4109,.T.);
#4121=DIRECTION('',(0.321487,0.946914,-0));
#4122=DIRECTION('',(-0,0,1));
#4123=AXIS2_PLACEMENT_3D('',#30,#4121,#4122);
#4124=PLANE('',#4123);
#4125=ORIENTED_EDGE('',*,*,#2127,.F.);
#4126=ORIENTED_EDGE('',*,*,#4116,.T.);
#4127=ORIENTED_EDGE('',*,*,#2597,.T.);
#4128=DIRECTION('',(0,0,1));
#4129=VECTOR('',#4128,5);
#4130=LINE('',#30,#4129);
#4131=EDGE_CURVE('',#31,#79,#4130,.T.);
#4132=ORIENTED_EDGE('',*,*,#4131,.F.);
#4133=EDGE_LOOP('',(#4125,#4126,#4127,#4132));
#4134=FACE_OUTER_BOUND('',#4133,.T.);
#4135=ADVANCED_FACE('',(#4134),#4124,.T.);
#4136=DIRECTION('',(0.195044,0.980795,-0));
#4137=DIRECTION('',(-0,0,1));
#4138=AXIS2_PLACEMENT_3D('',#78,#4136,#4137);
#4139=PLANE('',#4138);
#4140=ORIENTED_EDGE('',*,*,#2832,.T.);
#4141=DIRECTION('',(0,0,1));
#4142=VECTOR('',#4141,5);
#4143=LINE('',#32,#4142);
#4144=EDGE_CURVE('',#33,#81,#4143,.T.);
#4145=ORIENTED_EDGE('',*,*,#4144,.F.);
#4146=ORIENTED_EDGE('',*,*,#2132,.F.);
#4147=ORIENTED_EDGE('',*,*,#4131,.T.);
#4148=EDGE_LOOP('',(#4140,#4145,#4146,#4147));
#4149=FACE_OUTER_BOUND('',#4148,.T.);
#4150=ADVANCED_FACE('',(#4149),#4139,.T.);
#4151=DIRECTION('',(0.065418,0.997858,-0));
#4152=DIRECTION('',(-0,0,1));
#4153=AXIS2_PLACEMENT_3D('',#960,#4151,#4152);
#4154=PLANE('',#4153);
#4155=ORIENTED_EDGE('',*,*,#2137,.F.);
#4156=ORIENTED_EDGE('',*,*,#4144,.T.);
#4157=ORIENTED_EDGE('',*,*,#2827,.T.);
#4158=DIRECTION('',(0,0,1));
#4159=VECTOR('',#4158,5);
#4160=LINE('',#960,#4159);
#4161=EDGE_CURVE('',#961,#1013,#4160,.T.);
#4162=ORIENTED_EDGE('',*,*,#4161,.F.);
#4163=EDGE_LOOP('',(#4155,#4156,#4157,#4162));
#4164=FACE_OUTER_BOUND('',#4163,.T.);
#4165=ADVANCED_FACE('',(#4164),#4154,.T.);
#4166=DIRECTION('',(0.980783,0.195104,0));
#4167=DIRECTION('',(0,0,-1));
#4168=AXIS2_PLACEMENT_3D('',#34,#4166,#4167);
#4169=PLANE('',#4168);
#4170=ORIENTED_EDGE('',*,*,#2087,.T.);
#4171=DIRECTION('',(0,0,1));
#4172=VECTOR('',#4171,5);
#4173=LINE('',#36,#4172);
#4174=EDGE_CURVE('',#37,#85,#4173,.T.);
#4175=ORIENTED_EDGE('',*,*,#4174,.T.);
#4176=ORIENTED_EDGE('',*,*,#2637,.F.);
#4177=DIRECTION('',(0,0,1));
#4178=VECTOR('',#4177,5);
#4179=LINE('',#34,#4178);
#4180=EDGE_CURVE('',#35,#83,#4179,.T.);
#4181=ORIENTED_EDGE('',*,*,#4180,.F.);
#4182=EDGE_LOOP('',(#4170,#4175,#4176,#4181));
#4183=FACE_OUTER_BOUND('',#4182,.T.);
#4184=ADVANCED_FACE('',(#4183),#4169,.T.);
#4185=DIRECTION('',(0.997859,0.065401,0));
#4186=DIRECTION('',(0,0,-1));
#4187=AXIS2_PLACEMENT_3D('',#38,#4185,#4186);
#4188=PLANE('',#4187);
#4189=DIRECTION('',(0,0,1));
#4190=VECTOR('',#4189,5);
#4191=LINE('',#38,#4190);
#4192=EDGE_CURVE('',#39,#87,#4191,.T.);
#4193=ORIENTED_EDGE('',*,*,#4192,.T.);
#4194=ORIENTED_EDGE('',*,*,#2642,.F.);
#4195=ORIENTED_EDGE('',*,*,#4174,.F.);
#4196=ORIENTED_EDGE('',*,*,#2082,.T.);
#4197=EDGE_LOOP('',(#4193,#4194,#4195,#4196));
#4198=FACE_OUTER_BOUND('',#4197,.T.);
#4199=ADVANCED_FACE('',(#4198),#4188,.T.);
#4200=DIRECTION('',(0.997859,-0.065401,0));
#4201=DIRECTION('',(0,0,-1));
#4202=AXIS2_PLACEMENT_3D('',#38,#4200,#4201);
#4203=PLANE('',#4202);
#4204=ORIENTED_EDGE('',*,*,#2077,.T.);
#4205=DIRECTION('',(0,0,1));
#4206=VECTOR('',#4205,5);
#4207=LINE('',#40,#4206);
#4208=EDGE_CURVE('',#41,#89,#4207,.T.);
#4209=ORIENTED_EDGE('',*,*,#4208,.T.);
#4210=ORIENTED_EDGE('',*,*,#2647,.F.);
#4211=ORIENTED_EDGE('',*,*,#4192,.F.);
#4212=EDGE_LOOP('',(#4204,#4209,#4210,#4211));
#4213=FACE_OUTER_BOUND('',#4212,.T.);
#4214=ADVANCED_FACE('',(#4213),#4203,.T.);
#4215=DIRECTION('',(0.751822,0.659367,0));
#4216=DIRECTION('',(0,0,1));
#4217=AXIS2_PLACEMENT_3D('',#90,#4215,#4216);
#4218=PLANE('',#4217);
#4219=ORIENTED_EDGE('',*,*,#2617,.F.);
#4220=ORIENTED_EDGE('',*,*,#4098,.F.);
#4221=ORIENTED_EDGE('',*,*,#2107,.T.);
#4222=DIRECTION('',(0,0,1));
#4223=VECTOR('',#4222,5);
#4224=LINE('',#42,#4223);
#4225=EDGE_CURVE('',#43,#91,#4224,.T.);
#4226=ORIENTED_EDGE('',*,*,#4225,.T.);
#4227=EDGE_LOOP('',(#4219,#4220,#4221,#4226));
#4228=FACE_OUTER_BOUND('',#4227,.T.);
#4229=ADVANCED_FACE('',(#4228),#4218,.T.);
#4230=DIRECTION('',(0.831477,0.555559,0));
#4231=DIRECTION('',(0,0,1));
#4232=AXIS2_PLACEMENT_3D('',#44,#4230,#4231);
#4233=PLANE('',#4232);
#4234=DIRECTION('',(0,0,1));
#4235=VECTOR('',#4234,5);
#4236=LINE('',#44,#4235);
#4237=EDGE_CURVE('',#45,#93,#4236,.T.);
#4238=ORIENTED_EDGE('',*,*,#4237,.T.);
#4239=ORIENTED_EDGE('',*,*,#2622,.F.);
#4240=ORIENTED_EDGE('',*,*,#4225,.F.);
#4241=ORIENTED_EDGE('',*,*,#2102,.T.);
#4242=EDGE_LOOP('',(#4238,#4239,#4240,#4241));
#4243=FACE_OUTER_BOUND('',#4242,.T.);
#4244=ADVANCED_FACE('',(#4243),#4233,.T.);
#4245=DIRECTION('',(0.896881,0.442273,0));
#4246=DIRECTION('',(0,0,1));
#4247=AXIS2_PLACEMENT_3D('',#94,#4245,#4246);
#4248=PLANE('',#4247);
#4249=ORIENTED_EDGE('',*,*,#2627,.F.);
#4250=ORIENTED_EDGE('',*,*,#4237,.F.);
#4251=ORIENTED_EDGE('',*,*,#2097,.T.);
#4252=DIRECTION('',(0,0,1));
#4253=VECTOR('',#4252,5);
#4254=LINE('',#46,#4253);
#4255=EDGE_CURVE('',#47,#95,#4254,.T.);
#4256=ORIENTED_EDGE('',*,*,#4255,.T.);
#4257=EDGE_LOOP('',(#4249,#4250,#4251,#4256));
#4258=FACE_OUTER_BOUND('',#4257,.T.);
#4259=ADVANCED_FACE('',(#4258),#4248,.T.);
#4260=DIRECTION('',(0.94693,0.321438,-0));
#4261=DIRECTION('',(-0,0,-1));
#4262=AXIS2_PLACEMENT_3D('',#34,#4260,#4261);
#4263=PLANE('',#4262);
#4264=ORIENTED_EDGE('',*,*,#4180,.T.);
#4265=ORIENTED_EDGE('',*,*,#2632,.T.);
#4266=ORIENTED_EDGE('',*,*,#4255,.F.);
#4267=ORIENTED_EDGE('',*,*,#2092,.F.);
#4268=EDGE_LOOP('',(#4264,#4265,#4266,#4267));
#4269=FACE_OUTER_BOUND('',#4268,.T.);
#4270=ADVANCED_FACE('',(#4269),#4263,.T.);
#4271=DIRECTION('',(0.980783,-0.195104,0));
#4272=DIRECTION('',(0,0,-1));
#4273=AXIS2_PLACEMENT_3D('',#40,#4271,#4272);
#4274=PLANE('',#4273);
#4275=ORIENTED_EDGE('',*,*,#2072,.T.);
#4276=DIRECTION('',(0,0,1));
#4277=VECTOR('',#4276,5);
#4278=LINE('',#48,#4277);
#4279=EDGE_CURVE('',#49,#97,#4278,.T.);
#4280=ORIENTED_EDGE('',*,*,#4279,.T.);
#4281=ORIENTED_EDGE('',*,*,#2652,.F.);
#4282=ORIENTED_EDGE('',*,*,#4208,.F.);
#4283=EDGE_LOOP('',(#4275,#4280,#4281,#4282));
#4284=FACE_OUTER_BOUND('',#4283,.T.);
#4285=ADVANCED_FACE('',(#4284),#4274,.T.);
#4286=DIRECTION('',(0.94693,-0.321438,0));
#4287=DIRECTION('',(0,0,-1));
#4288=AXIS2_PLACEMENT_3D('',#96,#4286,#4287);
#4289=PLANE('',#4288);
#4290=ORIENTED_EDGE('',*,*,#4279,.F.);
#4291=ORIENTED_EDGE('',*,*,#2067,.T.);
#4292=DIRECTION('',(0,0,1));
#4293=VECTOR('',#4292,5);
#4294=LINE('',#50,#4293);
#4295=EDGE_CURVE('',#51,#99,#4294,.T.);
#4296=ORIENTED_EDGE('',*,*,#4295,.T.);
#4297=ORIENTED_EDGE('',*,*,#2657,.F.);
#4298=EDGE_LOOP('',(#4290,#4291,#4296,#4297));
#4299=FACE_OUTER_BOUND('',#4298,.T.);
#4300=ADVANCED_FACE('',(#4299),#4289,.T.);
#4301=DIRECTION('',(0.896881,-0.442273,0));
#4302=DIRECTION('',(0,0,-1));
#4303=AXIS2_PLACEMENT_3D('',#52,#4301,#4302);
#4304=PLANE('',#4303);
#4305=DIRECTION('',(0,0,1));
#4306=VECTOR('',#4305,5);
#4307=LINE('',#52,#4306);
#4308=EDGE_CURVE('',#53,#101,#4307,.T.);
#4309=ORIENTED_EDGE('',*,*,#4308,.T.);
#4310=ORIENTED_EDGE('',*,*,#2662,.F.);
#4311=ORIENTED_EDGE('',*,*,#4295,.F.);
#4312=ORIENTED_EDGE('',*,*,#2302,.T.);
#4313=EDGE_LOOP('',(#4309,#4310,#4311,#4312));
#4314=FACE_OUTER_BOUND('',#4313,.T.);
#4315=ADVANCED_FACE('',(#4314),#4304,.T.);
#4316=DIRECTION('',(0.831477,-0.555559,0));
#4317=DIRECTION('',(0,0,-1));
#4318=AXIS2_PLACEMENT_3D('',#52,#4316,#4317);
#4319=PLANE('',#4318);
#4320=ORIENTED_EDGE('',*,*,#2297,.T.);
#4321=DIRECTION('',(0,0,1));
#4322=VECTOR('',#4321,5);
#4323=LINE('',#54,#4322);
#4324=EDGE_CURVE('',#55,#103,#4323,.T.);
#4325=ORIENTED_EDGE('',*,*,#4324,.T.);
#4326=ORIENTED_EDGE('',*,*,#2667,.F.);
#4327=ORIENTED_EDGE('',*,*,#4308,.F.);
#4328=EDGE_LOOP('',(#4320,#4325,#4326,#4327));
#4329=FACE_OUTER_BOUND('',#4328,.T.);
#4330=ADVANCED_FACE('',(#4329),#4319,.T.);
#4331=DIRECTION('',(0.751822,-0.659367,0));
#4332=DIRECTION('',(0,0,-1));
#4333=AXIS2_PLACEMENT_3D('',#104,#4331,#4332);
#4334=PLANE('',#4333);
#4335=ORIENTED_EDGE('',*,*,#2672,.F.);
#4336=ORIENTED_EDGE('',*,*,#4324,.F.);
#4337=ORIENTED_EDGE('',*,*,#2292,.T.);
#4338=DIRECTION('',(0,0,1));
#4339=VECTOR('',#4338,5);
#4340=LINE('',#56,#4339);
#4341=EDGE_CURVE('',#57,#105,#4340,.T.);
#4342=ORIENTED_EDGE('',*,*,#4341,.T.);
#4343=EDGE_LOOP('',(#4335,#4336,#4337,#4342));
#4344=FACE_OUTER_BOUND('',#4343,.T.);
#4345=ADVANCED_FACE('',(#4344),#4334,.T.);
#4346=DIRECTION('',(0.659382,-0.751808,0));
#4347=DIRECTION('',(0,0,-1));
#4348=AXIS2_PLACEMENT_3D('',#58,#4346,#4347);
#4349=PLANE('',#4348);
#4350=DIRECTION('',(0,0,1));
#4351=VECTOR('',#4350,5);
#4352=LINE('',#58,#4351);
#4353=EDGE_CURVE('',#59,#107,#4352,.T.);
#4354=ORIENTED_EDGE('',*,*,#4353,.T.);
#4355=ORIENTED_EDGE('',*,*,#2677,.F.);
#4356=ORIENTED_EDGE('',*,*,#4341,.F.);
#4357=ORIENTED_EDGE('',*,*,#2287,.T.);
#4358=EDGE_LOOP('',(#4354,#4355,#4356,#4357));
#4359=FACE_OUTER_BOUND('',#4358,.T.);
#4360=ADVANCED_FACE('',(#4359),#4349,.T.);
#4361=DIRECTION('',(0.555551,-0.831482,0));
#4362=DIRECTION('',(0,0,-1));
#4363=AXIS2_PLACEMENT_3D('',#108,#4361,#4362);
#4364=PLANE('',#4363);
#4365=ORIENTED_EDGE('',*,*,#2682,.F.);
#4366=ORIENTED_EDGE('',*,*,#4353,.F.);
#4367=ORIENTED_EDGE('',*,*,#2282,.T.);
#4368=DIRECTION('',(0,0,1));
#4369=VECTOR('',#4368,5);
#4370=LINE('',#60,#4369);
#4371=EDGE_CURVE('',#61,#109,#4370,.T.);
#4372=ORIENTED_EDGE('',*,*,#4371,.T.);
#4373=EDGE_LOOP('',(#4365,#4366,#4367,#4372));
#4374=FACE_OUTER_BOUND('',#4373,.T.);
#4375=ADVANCED_FACE('',(#4374),#4364,.T.);
#4376=DIRECTION('',(0.442258,-0.896888,0));
#4377=DIRECTION('',(0,0,-1));
#4378=AXIS2_PLACEMENT_3D('',#62,#4376,#4377);
#4379=PLANE('',#4378);
#4380=DIRECTION('',(0,0,1));
#4381=VECTOR('',#4380,5);
#4382=LINE('',#62,#4381);
#4383=EDGE_CURVE('',#63,#111,#4382,.T.);
#4384=ORIENTED_EDGE('',*,*,#4383,.T.);
#4385=ORIENTED_EDGE('',*,*,#2687,.F.);
#4386=ORIENTED_EDGE('',*,*,#4371,.F.);
#4387=ORIENTED_EDGE('',*,*,#2277,.T.);
#4388=EDGE_LOOP('',(#4384,#4385,#4386,#4387));
#4389=FACE_OUTER_BOUND('',#4388,.T.);
#4390=ADVANCED_FACE('',(#4389),#4379,.T.);
#4391=DIRECTION('',(0.321487,-0.946914,0));
#4392=DIRECTION('',(0,0,-1));
#4393=AXIS2_PLACEMENT_3D('',#110,#4391,#4392);
#4394=PLANE('',#4393);
#4395=ORIENTED_EDGE('',*,*,#4383,.F.);
#4396=ORIENTED_EDGE('',*,*,#2272,.T.);
#4397=DIRECTION('',(0,0,1));
#4398=VECTOR('',#4397,5);
#4399=LINE('',#64,#4398);
#4400=EDGE_CURVE('',#65,#113,#4399,.T.);
#4401=ORIENTED_EDGE('',*,*,#4400,.T.);
#4402=ORIENTED_EDGE('',*,*,#2692,.F.);
#4403=EDGE_LOOP('',(#4395,#4396,#4401,#4402));
#4404=FACE_OUTER_BOUND('',#4403,.T.);
#4405=ADVANCED_FACE('',(#4404),#4394,.T.);
#4406=DIRECTION('',(0.195044,-0.980795,0));
#4407=DIRECTION('',(0,0,-1));
#4408=AXIS2_PLACEMENT_3D('',#114,#4406,#4407);
#4409=PLANE('',#4408);
#4410=ORIENTED_EDGE('',*,*,#2697,.F.);
#4411=ORIENTED_EDGE('',*,*,#4400,.F.);
#4412=ORIENTED_EDGE('',*,*,#2267,.T.);
#4413=DIRECTION('',(0,0,1));
#4414=VECTOR('',#4413,5);
#4415=LINE('',#66,#4414);
#4416=EDGE_CURVE('',#67,#115,#4415,.T.);
#4417=ORIENTED_EDGE('',*,*,#4416,.T.);
#4418=EDGE_LOOP('',(#4410,#4411,#4412,#4417));
#4419=FACE_OUTER_BOUND('',#4418,.T.);
#4420=ADVANCED_FACE('',(#4419),#4409,.T.);
#4421=DIRECTION('',(0.065418,-0.997858,0));
#4422=DIRECTION('',(0,0,-1));
#4423=AXIS2_PLACEMENT_3D('',#66,#4421,#4422);
#4424=PLANE('',#4423);
#4425=ORIENTED_EDGE('',*,*,#2262,.T.);
#4426=DIRECTION('',(0,0,1));
#4427=VECTOR('',#4426,5);
#4428=LINE('',#992,#4427);
#4429=EDGE_CURVE('',#993,#1045,#4428,.T.);
#4430=ORIENTED_EDGE('',*,*,#4429,.T.);
#4431=ORIENTED_EDGE('',*,*,#2702,.F.);
#4432=ORIENTED_EDGE('',*,*,#4416,.F.);
#4433=EDGE_LOOP('',(#4425,#4430,#4431,#4432));
#4434=FACE_OUTER_BOUND('',#4433,.T.);
#4435=ADVANCED_FACE('',(#4434),#4424,.T.);
#4436=DIRECTION('',(-0.065418,0.997858,0));
#4437=DIRECTION('',(0,-0,1));
#4438=AXIS2_PLACEMENT_3D('',#1012,#4436,#4437);
#4439=PLANE('',#4438);
#4440=ORIENTED_EDGE('',*,*,#2822,.T.);
#4441=DIRECTION('',(0,0,1));
#4442=VECTOR('',#4441,5);
#4443=LINE('',#962,#4442);
#4444=EDGE_CURVE('',#963,#1015,#4443,.T.);
#4445=ORIENTED_EDGE('',*,*,#4444,.F.);
#4446=ORIENTED_EDGE('',*,*,#2142,.F.);
#4447=ORIENTED_EDGE('',*,*,#4161,.T.);
#4448=EDGE_LOOP('',(#4440,#4445,#4446,#4447));
#4449=FACE_OUTER_BOUND('',#4448,.T.);
#4450=ADVANCED_FACE('',(#4449),#4439,.T.);
#4451=DIRECTION('',(-0.195044,0.980795,0));
#4452=DIRECTION('',(0,-0,1));
#4453=AXIS2_PLACEMENT_3D('',#1014,#4451,#4452);
#4454=PLANE('',#4453);
#4455=ORIENTED_EDGE('',*,*,#2817,.T.);
#4456=DIRECTION('',(0,0,1));
#4457=VECTOR('',#4456,5);
#4458=LINE('',#964,#4457);
#4459=EDGE_CURVE('',#965,#1017,#4458,.T.);
#4460=ORIENTED_EDGE('',*,*,#4459,.F.);
#4461=ORIENTED_EDGE('',*,*,#2147,.F.);
#4462=ORIENTED_EDGE('',*,*,#4444,.T.);
#4463=EDGE_LOOP('',(#4455,#4460,#4461,#4462));
#4464=FACE_OUTER_BOUND('',#4463,.T.);
#4465=ADVANCED_FACE('',(#4464),#4454,.T.);
#4466=DIRECTION('',(-0.321487,0.946914,0));
#4467=DIRECTION('',(0,-0,1));
#4468=AXIS2_PLACEMENT_3D('',#1016,#4466,#4467);
#4469=PLANE('',#4468);
#4470=ORIENTED_EDGE('',*,*,#2812,.T.);
#4471=DIRECTION('',(0,0,1));
#4472=VECTOR('',#4471,5);
#4473=LINE('',#966,#4472);
#4474=EDGE_CURVE('',#967,#1019,#4473,.T.);
#4475=ORIENTED_EDGE('',*,*,#4474,.F.);
#4476=ORIENTED_EDGE('',*,*,#2152,.F.);
#4477=ORIENTED_EDGE('',*,*,#4459,.T.);
#4478=EDGE_LOOP('',(#4470,#4475,#4476,#4477));
#4479=FACE_OUTER_BOUND('',#4478,.T.);
#4480=ADVANCED_FACE('',(#4479),#4469,.T.);
#4481=DIRECTION('',(-0.442258,0.896888,0));
#4482=DIRECTION('',(0,-0,1));
#4483=AXIS2_PLACEMENT_3D('',#966,#4481,#4482);
#4484=PLANE('',#4483);
#4485=ORIENTED_EDGE('',*,*,#4474,.T.);
#4486=ORIENTED_EDGE('',*,*,#2807,.T.);
#4487=DIRECTION('',(0,0,1));
#4488=VECTOR('',#4487,5);
#4489=LINE('',#968,#4488);
#4490=EDGE_CURVE('',#969,#1021,#4489,.T.);
#4491=ORIENTED_EDGE('',*,*,#4490,.F.);
#4492=ORIENTED_EDGE('',*,*,#2157,.F.);
#4493=EDGE_LOOP('',(#4485,#4486,#4491,#4492));
#4494=FACE_OUTER_BOUND('',#4493,.T.);
#4495=ADVANCED_FACE('',(#4494),#4484,.T.);
#4496=DIRECTION('',(-0.555551,0.831482,0));
#4497=DIRECTION('',(0,-0,1));
#4498=AXIS2_PLACEMENT_3D('',#1020,#4496,#4497);
#4499=PLANE('',#4498);
#4500=ORIENTED_EDGE('',*,*,#2802,.T.);
#4501=DIRECTION('',(0,0,1));
#4502=VECTOR('',#4501,5);
#4503=LINE('',#970,#4502);
#4504=EDGE_CURVE('',#971,#1023,#4503,.T.);
#4505=ORIENTED_EDGE('',*,*,#4504,.F.);
#4506=ORIENTED_EDGE('',*,*,#2162,.F.);
#4507=ORIENTED_EDGE('',*,*,#4490,.T.);
#4508=EDGE_LOOP('',(#4500,#4505,#4506,#4507));
#4509=FACE_OUTER_BOUND('',#4508,.T.);
#4510=ADVANCED_FACE('',(#4509),#4499,.T.);
#4511=DIRECTION('',(-0.659382,0.751808,0));
#4512=DIRECTION('',(0,-0,1));
#4513=AXIS2_PLACEMENT_3D('',#1024,#4511,#4512);
#4514=PLANE('',#4513);
#4515=DIRECTION('',(0,0,1));
#4516=VECTOR('',#4515,5);
#4517=LINE('',#972,#4516);
#4518=EDGE_CURVE('',#973,#1025,#4517,.T.);
#4519=ORIENTED_EDGE('',*,*,#4518,.F.);
#4520=ORIENTED_EDGE('',*,*,#2167,.F.);
#4521=ORIENTED_EDGE('',*,*,#4504,.T.);
#4522=ORIENTED_EDGE('',*,*,#2797,.T.);
#4523=EDGE_LOOP('',(#4519,#4520,#4521,#4522));
#4524=FACE_OUTER_BOUND('',#4523,.T.);
#4525=ADVANCED_FACE('',(#4524),#4514,.T.);
#4526=DIRECTION('',(-0.751822,0.659367,0));
#4527=DIRECTION('',(0,-0,1));
#4528=AXIS2_PLACEMENT_3D('',#974,#4526,#4527);
#4529=PLANE('',#4528);
#4530=ORIENTED_EDGE('',*,*,#2172,.F.);
#4531=ORIENTED_EDGE('',*,*,#4518,.T.);
#4532=ORIENTED_EDGE('',*,*,#2792,.T.);
#4533=DIRECTION('',(0,0,1));
#4534=VECTOR('',#4533,5);
#4535=LINE('',#974,#4534);
#4536=EDGE_CURVE('',#975,#1027,#4535,.T.);
#4537=ORIENTED_EDGE('',*,*,#4536,.F.);
#4538=EDGE_LOOP('',(#4530,#4531,#4532,#4537));
#4539=FACE_OUTER_BOUND('',#4538,.T.);
#4540=ADVANCED_FACE('',(#4539),#4529,.T.);
#4541=DIRECTION('',(-0.831477,0.555559,0));
#4542=DIRECTION('',(0,-0,1));
#4543=AXIS2_PLACEMENT_3D('',#1026,#4541,#4542);
#4544=PLANE('',#4543);
#4545=ORIENTED_EDGE('',*,*,#2787,.T.);
#4546=DIRECTION('',(0,0,1));
#4547=VECTOR('',#4546,5);
#4548=LINE('',#976,#4547);
#4549=EDGE_CURVE('',#977,#1029,#4548,.T.);
#4550=ORIENTED_EDGE('',*,*,#4549,.F.);
#4551=ORIENTED_EDGE('',*,*,#2177,.F.);
#4552=ORIENTED_EDGE('',*,*,#4536,.T.);
#4553=EDGE_LOOP('',(#4545,#4550,#4551,#4552));
#4554=FACE_OUTER_BOUND('',#4553,.T.);
#4555=ADVANCED_FACE('',(#4554),#4544,.T.);
#4556=DIRECTION('',(-0.896881,0.442273,0));
#4557=DIRECTION('',(0,-0,1));
#4558=AXIS2_PLACEMENT_3D('',#1030,#4556,#4557);
#4559=PLANE('',#4558);
#4560=DIRECTION('',(0,0,1));
#4561=VECTOR('',#4560,5);
#4562=LINE('',#978,#4561);
#4563=EDGE_CURVE('',#979,#1031,#4562,.T.);
#4564=ORIENTED_EDGE('',*,*,#4563,.F.);
#4565=ORIENTED_EDGE('',*,*,#2182,.F.);
#4566=ORIENTED_EDGE('',*,*,#4549,.T.);
#4567=ORIENTED_EDGE('',*,*,#2782,.T.);
#4568=EDGE_LOOP('',(#4564,#4565,#4566,#4567));
#4569=FACE_OUTER_BOUND('',#4568,.T.);
#4570=ADVANCED_FACE('',(#4569),#4559,.T.);
#4571=DIRECTION('',(-0.94693,0.321438,0));
#4572=DIRECTION('',(0,-0,1));
#4573=AXIS2_PLACEMENT_3D('',#980,#4571,#4572);
#4574=PLANE('',#4573);
#4575=ORIENTED_EDGE('',*,*,#2187,.F.);
#4576=ORIENTED_EDGE('',*,*,#4563,.T.);
#4577=ORIENTED_EDGE('',*,*,#2777,.T.);
#4578=DIRECTION('',(0,0,1));
#4579=VECTOR('',#4578,5);
#4580=LINE('',#980,#4579);
#4581=EDGE_CURVE('',#981,#1033,#4580,.T.);
#4582=ORIENTED_EDGE('',*,*,#4581,.F.);
#4583=EDGE_LOOP('',(#4575,#4576,#4577,#4582));
#4584=FACE_OUTER_BOUND('',#4583,.T.);
#4585=ADVANCED_FACE('',(#4584),#4574,.T.);
#4586=DIRECTION('',(-0.980783,0.195104,0));
#4587=DIRECTION('',(0,-0,1));
#4588=AXIS2_PLACEMENT_3D('',#1032,#4586,#4587);
#4589=PLANE('',#4588);
#4590=ORIENTED_EDGE('',*,*,#2772,.T.);
#4591=DIRECTION('',(0,0,1));
#4592=VECTOR('',#4591,5);
#4593=LINE('',#982,#4592);
#4594=EDGE_CURVE('',#983,#1035,#4593,.T.);
#4595=ORIENTED_EDGE('',*,*,#4594,.F.);
#4596=ORIENTED_EDGE('',*,*,#2192,.F.);
#4597=ORIENTED_EDGE('',*,*,#4581,.T.);
#4598=EDGE_LOOP('',(#4590,#4595,#4596,#4597));
#4599=FACE_OUTER_BOUND('',#4598,.T.);
#4600=ADVANCED_FACE('',(#4599),#4589,.T.);
#4601=DIRECTION('',(-0.997859,0.065401,0));
#4602=DIRECTION('',(0,-0,1));
#4603=AXIS2_PLACEMENT_3D('',#1034,#4601,#4602);
#4604=PLANE('',#4603);
#4605=ORIENTED_EDGE('',*,*,#2767,.T.);
#4606=DIRECTION('',(0,0,1));
#4607=VECTOR('',#4606,5);
#4608=LINE('',#984,#4607);
#4609=EDGE_CURVE('',#985,#1037,#4608,.T.);
#4610=ORIENTED_EDGE('',*,*,#4609,.F.);
#4611=ORIENTED_EDGE('',*,*,#2197,.F.);
#4612=ORIENTED_EDGE('',*,*,#4594,.T.);
#4613=EDGE_LOOP('',(#4605,#4610,#4611,#4612));
#4614=FACE_OUTER_BOUND('',#4613,.T.);
#4615=ADVANCED_FACE('',(#4614),#4604,.T.);
#4616=DIRECTION('',(-0.997859,-0.065401,0));
#4617=DIRECTION('',(0,-0,1));
#4618=AXIS2_PLACEMENT_3D('',#984,#4616,#4617);
#4619=PLANE('',#4618);
#4620=ORIENTED_EDGE('',*,*,#4609,.T.);
#4621=ORIENTED_EDGE('',*,*,#2762,.T.);
#4622=DIRECTION('',(0,0,1));
#4623=VECTOR('',#4622,5);
#4624=LINE('',#986,#4623);
#4625=EDGE_CURVE('',#987,#1039,#4624,.T.);
#4626=ORIENTED_EDGE('',*,*,#4625,.F.);
#4627=ORIENTED_EDGE('',*,*,#2202,.F.);
#4628=EDGE_LOOP('',(#4620,#4621,#4626,#4627));
#4629=FACE_OUTER_BOUND('',#4628,.T.);
#4630=ADVANCED_FACE('',(#4629),#4619,.T.);
#4631=DIRECTION('',(-0.94693,-0.321438,0));
#4632=DIRECTION('',(0,-0,1));
#4633=AXIS2_PLACEMENT_3D('',#1040,#4631,#4632);
#4634=PLANE('',#4633);
#4635=DIRECTION('',(0,0,1));
#4636=VECTOR('',#4635,5);
#4637=LINE('',#988,#4636);
#4638=EDGE_CURVE('',#989,#1041,#4637,.T.);
#4639=ORIENTED_EDGE('',*,*,#4638,.F.);
#4640=ORIENTED_EDGE('',*,*,#2212,.T.);
#4641=DIRECTION('',(0,0,1));
#4642=VECTOR('',#4641,5);
#4643=LINE('',#1008,#4642);
#4644=EDGE_CURVE('',#1009,#1061,#4643,.T.);
#4645=ORIENTED_EDGE('',*,*,#4644,.T.);
#4646=ORIENTED_EDGE('',*,*,#2752,.F.);
#4647=EDGE_LOOP('',(#4639,#4640,#4645,#4646));
#4648=FACE_OUTER_BOUND('',#4647,.T.);
#4649=ADVANCED_FACE('',(#4648),#4634,.T.);
#4650=DIRECTION('',(-0.896881,-0.442273,0));
#4651=DIRECTION('',(0,-0,-1));
#4652=AXIS2_PLACEMENT_3D('',#988,#4650,#4651);
#4653=PLANE('',#4652);
#4654=ORIENTED_EDGE('',*,*,#4638,.T.);
#4655=ORIENTED_EDGE('',*,*,#2747,.T.);
#4656=DIRECTION('',(0,0,1));
#4657=VECTOR('',#4656,5);
#4658=LINE('',#990,#4657);
#4659=EDGE_CURVE('',#991,#1043,#4658,.T.);
#4660=ORIENTED_EDGE('',*,*,#4659,.F.);
#4661=ORIENTED_EDGE('',*,*,#2217,.F.);
#4662=EDGE_LOOP('',(#4654,#4655,#4660,#4661));
#4663=FACE_OUTER_BOUND('',#4662,.T.);
#4664=ADVANCED_FACE('',(#4663),#4653,.T.);
#4665=DIRECTION('',(-0.831477,-0.555559,0));
#4666=DIRECTION('',(0,-0,-1));
#4667=AXIS2_PLACEMENT_3D('',#1042,#4665,#4666);
#4668=PLANE('',#4667);
#4669=ORIENTED_EDGE('',*,*,#2742,.T.);
#4670=DIRECTION('',(0,0,1));
#4671=VECTOR('',#4670,5);
#4672=LINE('',#1004,#4671);
#4673=EDGE_CURVE('',#1005,#1057,#4672,.T.);
#4674=ORIENTED_EDGE('',*,*,#4673,.F.);
#4675=ORIENTED_EDGE('',*,*,#2222,.F.);
#4676=ORIENTED_EDGE('',*,*,#4659,.T.);
#4677=EDGE_LOOP('',(#4669,#4674,#4675,#4676));
#4678=FACE_OUTER_BOUND('',#4677,.T.);
#4679=ADVANCED_FACE('',(#4678),#4668,.T.);
#4680=DIRECTION('',(-0.065418,-0.997858,0));
#4681=DIRECTION('',(0,-0,-1));
#4682=AXIS2_PLACEMENT_3D('',#1046,#4680,#4681);
#4683=PLANE('',#4682);
#4684=ORIENTED_EDGE('',*,*,#2707,.F.);
#4685=ORIENTED_EDGE('',*,*,#4429,.F.);
#4686=ORIENTED_EDGE('',*,*,#2257,.T.);
#4687=DIRECTION('',(0,0,1));
#4688=VECTOR('',#4687,5);
#4689=LINE('',#994,#4688);
#4690=EDGE_CURVE('',#995,#1047,#4689,.T.);
#4691=ORIENTED_EDGE('',*,*,#4690,.T.);
#4692=EDGE_LOOP('',(#4684,#4685,#4686,#4691));
#4693=FACE_OUTER_BOUND('',#4692,.T.);
#4694=ADVANCED_FACE('',(#4693),#4683,.T.);
#4695=DIRECTION('',(-0.195044,-0.980795,0));
#4696=DIRECTION('',(0,-0,-1));
#4697=AXIS2_PLACEMENT_3D('',#996,#4695,#4696);
#4698=PLANE('',#4697);
#4699=DIRECTION('',(0,0,1));
#4700=VECTOR('',#4699,5);
#4701=LINE('',#996,#4700);
#4702=EDGE_CURVE('',#997,#1049,#4701,.T.);
#4703=ORIENTED_EDGE('',*,*,#4702,.T.);
#4704=ORIENTED_EDGE('',*,*,#2712,.F.);
#4705=ORIENTED_EDGE('',*,*,#4690,.F.);
#4706=ORIENTED_EDGE('',*,*,#2252,.T.);
#4707=EDGE_LOOP('',(#4703,#4704,#4705,#4706));
#4708=FACE_OUTER_BOUND('',#4707,.T.);
#4709=ADVANCED_FACE('',(#4708),#4698,.T.);
#4710=DIRECTION('',(-0.442258,-0.896888,0));
#4711=DIRECTION('',(0,-0,-1));
#4712=AXIS2_PLACEMENT_3D('',#1050,#4710,#4711);
#4713=PLANE('',#4712);
#4714=DIRECTION('',(0,0,1));
#4715=VECTOR('',#4714,5);
#4716=LINE('',#998,#4715);
#4717=EDGE_CURVE('',#999,#1051,#4716,.T.);
#4718=ORIENTED_EDGE('',*,*,#4717,.F.);
#4719=ORIENTED_EDGE('',*,*,#2242,.T.);
#4720=DIRECTION('',(0,0,1));
#4721=VECTOR('',#4720,5);
#4722=LINE('',#1006,#4721);
#4723=EDGE_CURVE('',#1007,#1059,#4722,.T.);
#4724=ORIENTED_EDGE('',*,*,#4723,.T.);
#4725=ORIENTED_EDGE('',*,*,#2722,.F.);
#4726=EDGE_LOOP('',(#4718,#4719,#4724,#4725));
#4727=FACE_OUTER_BOUND('',#4726,.T.);
#4728=ADVANCED_FACE('',(#4727),#4713,.T.);
#4729=DIRECTION('',(-0.321487,-0.946914,0));
#4730=DIRECTION('',(0,-0,-1));
#4731=AXIS2_PLACEMENT_3D('',#1048,#4729,#4730);
#4732=PLANE('',#4731);
#4733=ORIENTED_EDGE('',*,*,#4702,.F.);
#4734=ORIENTED_EDGE('',*,*,#2247,.T.);
#4735=ORIENTED_EDGE('',*,*,#4717,.T.);
#4736=ORIENTED_EDGE('',*,*,#2717,.F.);
#4737=EDGE_LOOP('',(#4733,#4734,#4735,#4736));
#4738=FACE_OUTER_BOUND('',#4737,.T.);
#4739=ADVANCED_FACE('',(#4738),#4732,.T.);
#4740=DIRECTION('',(-0.659382,-0.751808,0));
#4741=DIRECTION('',(0,-0,-1));
#4742=AXIS2_PLACEMENT_3D('',#1052,#4740,#4741);
#4743=PLANE('',#4742);
#4744=ORIENTED_EDGE('',*,*,#2732,.T.);
#4745=DIRECTION('',(0,0,1));
#4746=VECTOR('',#4745,5);
#4747=LINE('',#1002,#4746);
#4748=EDGE_CURVE('',#1003,#1055,#4747,.T.);
#4749=ORIENTED_EDGE('',*,*,#4748,.F.);
#4750=ORIENTED_EDGE('',*,*,#2232,.F.);
#4751=DIRECTION('',(0,0,1));
#4752=VECTOR('',#4751,5);
#4753=LINE('',#1000,#4752);
#4754=EDGE_CURVE('',#1001,#1053,#4753,.T.);
#4755=ORIENTED_EDGE('',*,*,#4754,.T.);
#4756=EDGE_LOOP('',(#4744,#4749,#4750,#4755));
#4757=FACE_OUTER_BOUND('',#4756,.T.);
#4758=ADVANCED_FACE('',(#4757),#4743,.T.);
#4759=DIRECTION('',(-0.751822,-0.659367,0));
#4760=DIRECTION('',(0,-0,-1));
#4761=AXIS2_PLACEMENT_3D('',#1004,#4759,#4760);
#4762=PLANE('',#4761);
#4763=ORIENTED_EDGE('',*,*,#4673,.T.);
#4764=ORIENTED_EDGE('',*,*,#2737,.F.);
#4765=ORIENTED_EDGE('',*,*,#4754,.F.);
#4766=ORIENTED_EDGE('',*,*,#2227,.T.);
#4767=EDGE_LOOP('',(#4763,#4764,#4765,#4766));
#4768=FACE_OUTER_BOUND('',#4767,.T.);
#4769=ADVANCED_FACE('',(#4768),#4762,.T.);
#4770=DIRECTION('',(-0.555551,-0.831482,0));
#4771=DIRECTION('',(0,-0,-1));
#4772=AXIS2_PLACEMENT_3D('',#1002,#4770,#4771);
#4773=PLANE('',#4772);
#4774=ORIENTED_EDGE('',*,*,#4748,.T.);
#4775=ORIENTED_EDGE('',*,*,#2727,.T.);
#4776=ORIENTED_EDGE('',*,*,#4723,.F.);
#4777=ORIENTED_EDGE('',*,*,#2237,.F.);
#4778=EDGE_LOOP('',(#4774,#4775,#4776,#4777));
#4779=FACE_OUTER_BOUND('',#4778,.T.);
#4780=ADVANCED_FACE('',(#4779),#4773,.T.);
#4781=DIRECTION('',(-0.980783,-0.195104,0));
#4782=DIRECTION('',(0,-0,1));
#4783=AXIS2_PLACEMENT_3D('',#1038,#4781,#4782);
#4784=PLANE('',#4783);
#4785=ORIENTED_EDGE('',*,*,#2757,.T.);
#4786=ORIENTED_EDGE('',*,*,#4644,.F.);
#4787=ORIENTED_EDGE('',*,*,#2207,.F.);
#4788=ORIENTED_EDGE('',*,*,#4625,.T.);
#4789=EDGE_LOOP('',(#4785,#4786,#4787,#4788));
#4790=FACE_OUTER_BOUND('',#4789,.T.);
#4791=ADVANCED_FACE('',(#4790),#4784,.T.);
#4792=DIRECTION('',(-0.391068,-0.920362,-0));
#4793=DIRECTION('',(0,0,-1));
#4794=AXIS2_PLACEMENT_3D('',#504,#4792,#4793);
#4795=PLANE('',#4794);
#4796=DIRECTION('',(0.920362,-0.391068,0));
#4797=VECTOR('',#4796,2.968508);
#4798=LINE('',#502,#4797);
#4799=EDGE_CURVE('',#503,#505,#4798,.T.);
#4800=ORIENTED_EDGE('',*,*,#4799,.F.);
#4801=DIRECTION('',(0,0,1));
#4802=VECTOR('',#4801,9.5);
#4803=LINE('',#426,#4802);
#4804=EDGE_CURVE('',#427,#503,#4803,.T.);
#4805=ORIENTED_EDGE('',*,*,#4804,.F.);
#4806=DIRECTION('',(0,0,1));
#4807=VECTOR('',#4806,0.1);
#4808=LINE('',#420,#4807);
#4809=EDGE_CURVE('',#421,#427,#4808,.T.);
#4810=ORIENTED_EDGE('',*,*,#4809,.F.);
#4811=DIRECTION('',(0,0,1));
#4812=VECTOR('',#4811,13.099998);
#4813=LINE('',#220,#4812);
#4814=EDGE_CURVE('',#221,#421,#4813,.T.);
#4815=ORIENTED_EDGE('',*,*,#4814,.F.);
#4816=DIRECTION('',(0.920362,-0.391068,0));
#4817=VECTOR('',#4816,2.968508);
#4818=LINE('',#220,#4817);
#4819=EDGE_CURVE('',#221,#223,#4818,.T.);
#4820=ORIENTED_EDGE('',*,*,#4819,.T.);
#4821=DIRECTION('',(0,0,1));
#4822=VECTOR('',#4821,13.099998);
#4823=LINE('',#222,#4822);
#4824=EDGE_CURVE('',#223,#423,#4823,.T.);
#4825=ORIENTED_EDGE('',*,*,#4824,.T.);
#4826=DIRECTION('',(0,0,1));
#4827=VECTOR('',#4826,9.6);
#4828=LINE('',#422,#4827);
#4829=EDGE_CURVE('',#423,#505,#4828,.T.);
#4830=ORIENTED_EDGE('',*,*,#4829,.T.);
#4831=EDGE_LOOP('',(#4800,#4805,#4810,#4815,#4820,#4825,#4830));
#4832=FACE_OUTER_BOUND('',#4831,.T.);
#4833=ADVANCED_FACE('',(#4832),#4795,.T.);
#4834=DIRECTION('',(-0.373593,-0.927593,0.000145));
#4835=DIRECTION('',(0,-0.000156,-1));
#4836=AXIS2_PLACEMENT_3D('',#424,#4834,#4835);
#4837=PLANE('',#4836);
#4838=DIRECTION('',(-0.927593,0.373593,0));
#4839=VECTOR('',#4838,2.968496);
#4840=LINE('',#414,#4839);
#4841=EDGE_CURVE('',#415,#425,#4840,.T.);
#4842=ORIENTED_EDGE('',*,*,#4841,.F.);
#4843=DIRECTION('',(-0.273987,0.110499,0.955364));
#4844=VECTOR('',#4843,0.104672);
#4845=LINE('',#414,#4844);
#4846=EDGE_CURVE('',#415,#417,#4845,.T.);
#4847=ORIENTED_EDGE('',*,*,#4846,.T.);
#4848=DIRECTION('',(-0.927058,0.373372,-0.034022));
#4849=VECTOR('',#4848,2.939274);
#4850=LINE('',#416,#4849);
#4851=EDGE_CURVE('',#417,#425,#4850,.T.);
#4852=ORIENTED_EDGE('',*,*,#4851,.T.);
#4853=EDGE_LOOP('',(#4842,#4847,#4852));
#4854=FACE_OUTER_BOUND('',#4853,.T.);
#4855=ADVANCED_FACE('',(#4854),#4837,.T.);
#4856=DIRECTION('',(-0.329345,-0.94421,-0));
#4857=DIRECTION('',(0,0,-1));
#4858=AXIS2_PLACEMENT_3D('',#510,#4856,#4857);
#4859=PLANE('',#4858);
#4860=DIRECTION('',(0.94421,-0.329345,0));
#4861=VECTOR('',#4860,2.968501);
#4862=LINE('',#508,#4861);
#4863=EDGE_CURVE('',#509,#511,#4862,.T.);
#4864=ORIENTED_EDGE('',*,*,#4863,.F.);
#4865=DIRECTION('',(0,0,1));
#4866=VECTOR('',#4865,9.5);
#4867=LINE('',#440,#4866);
#4868=EDGE_CURVE('',#441,#509,#4867,.T.);
#4869=ORIENTED_EDGE('',*,*,#4868,.F.);
#4870=DIRECTION('',(0,0,1));
#4871=VECTOR('',#4870,0.1);
#4872=LINE('',#428,#4871);
#4873=EDGE_CURVE('',#429,#441,#4872,.T.);
#4874=ORIENTED_EDGE('',*,*,#4873,.F.);
#4875=DIRECTION('',(0,0,1));
#4876=VECTOR('',#4875,13.099998);
#4877=LINE('',#226,#4876);
#4878=EDGE_CURVE('',#227,#429,#4877,.T.);
#4879=ORIENTED_EDGE('',*,*,#4878,.F.);
#4880=DIRECTION('',(0.94421,-0.329345,0));
#4881=VECTOR('',#4880,2.968501);
#4882=LINE('',#226,#4881);
#4883=EDGE_CURVE('',#227,#229,#4882,.T.);
#4884=ORIENTED_EDGE('',*,*,#4883,.T.);
#4885=DIRECTION('',(0,0,1));
#4886=VECTOR('',#4885,13.099998);
#4887=LINE('',#228,#4886);
#4888=EDGE_CURVE('',#229,#433,#4887,.T.);
#4889=ORIENTED_EDGE('',*,*,#4888,.T.);
#4890=DIRECTION('',(0,0,1));
#4891=VECTOR('',#4890,0.042105);
#4892=LINE('',#432,#4891);
#4893=EDGE_CURVE('',#433,#435,#4892,.T.);
#4894=ORIENTED_EDGE('',*,*,#4893,.T.);
#4895=DIRECTION('',(0,0,1));
#4896=VECTOR('',#4895,9.557896);
#4897=LINE('',#434,#4896);
#4898=EDGE_CURVE('',#435,#511,#4897,.T.);
#4899=ORIENTED_EDGE('',*,*,#4898,.T.);
#4900=EDGE_LOOP('',(#4864,#4869,#4874,#4879,#4884,#4889,#4894,#4899));
#4901=FACE_OUTER_BOUND('',#4900,.T.);
#4902=ADVANCED_FACE('',(#4901),#4859,.T.);
#4903=DIRECTION('',(-0.320402,-0.947282,-0.00006));
#4904=DIRECTION('',(0,0.000063,-1));
#4905=AXIS2_PLACEMENT_3D('',#436,#4903,#4904);
#4906=PLANE('',#4905);
#4907=DIRECTION('',(0.947187,-0.320369,-0.014182));
#4908=VECTOR('',#4907,2.968796);
#4909=LINE('',#434,#4908);
#4910=EDGE_CURVE('',#435,#437,#4909,.T.);
#4911=ORIENTED_EDGE('',*,*,#4910,.F.);
#4912=DIRECTION('',(-0.44626,0.150885,0.882092));
#4913=VECTOR('',#4912,0.047733);
#4914=LINE('',#430,#4913);
#4915=EDGE_CURVE('',#431,#435,#4914,.T.);
#4916=ORIENTED_EDGE('',*,*,#4915,.F.);
#4917=DIRECTION('',(0.947282,-0.320402,0));
#4918=VECTOR('',#4917,2.946012);
#4919=LINE('',#430,#4918);
#4920=EDGE_CURVE('',#431,#437,#4919,.T.);
#4921=ORIENTED_EDGE('',*,*,#4920,.T.);
#4922=EDGE_LOOP('',(#4911,#4916,#4921));
#4923=FACE_OUTER_BOUND('',#4922,.T.);
#4924=ADVANCED_FACE('',(#4923),#4906,.T.);
#4925=DIRECTION('',(-0.364812,-0.931081,-0));
#4926=DIRECTION('',(0,0,-1));
#4927=AXIS2_PLACEMENT_3D('',#414,#4925,#4926);
#4928=PLANE('',#4927);
#4929=DIRECTION('',(0,0,1));
#4930=VECTOR('',#4929,13.099998);
#4931=LINE('',#218,#4930);
#4932=EDGE_CURVE('',#219,#415,#4931,.T.);
#4933=ORIENTED_EDGE('',*,*,#4932,.F.);
#4934=DIRECTION('',(0.931081,-0.364812,0));
#4935=VECTOR('',#4934,2.968509);
#4936=LINE('',#218,#4935);
#4937=EDGE_CURVE('',#219,#233,#4936,.T.);
#4938=ORIENTED_EDGE('',*,*,#4937,.T.);
#4939=DIRECTION('',(0,0,1));
#4940=VECTOR('',#4939,13.099998);
#4941=LINE('',#232,#4940);
#4942=EDGE_CURVE('',#233,#445,#4941,.T.);
#4943=ORIENTED_EDGE('',*,*,#4942,.T.);
#4944=DIRECTION('',(0,0,1));
#4945=VECTOR('',#4944,0.1);
#4946=LINE('',#444,#4945);
#4947=EDGE_CURVE('',#445,#451,#4946,.T.);
#4948=ORIENTED_EDGE('',*,*,#4947,.T.);
#4949=DIRECTION('',(0,0,1));
#4950=VECTOR('',#4949,9.5);
#4951=LINE('',#450,#4950);
#4952=EDGE_CURVE('',#451,#515,#4951,.T.);
#4953=ORIENTED_EDGE('',*,*,#4952,.T.);
#4954=DIRECTION('',(0.931081,-0.364812,0));
#4955=VECTOR('',#4954,2.968509);
#4956=LINE('',#500,#4955);
#4957=EDGE_CURVE('',#501,#515,#4956,.T.);
#4958=ORIENTED_EDGE('',*,*,#4957,.F.);
#4959=DIRECTION('',(0,0,1));
#4960=VECTOR('',#4959,9.5);
#4961=LINE('',#418,#4960);
#4962=EDGE_CURVE('',#419,#501,#4961,.T.);
#4963=ORIENTED_EDGE('',*,*,#4962,.F.);
#4964=DIRECTION('',(0,0,1));
#4965=VECTOR('',#4964,0.1);
#4966=LINE('',#414,#4965);
#4967=EDGE_CURVE('',#415,#419,#4966,.T.);
#4968=ORIENTED_EDGE('',*,*,#4967,.F.);
#4969=EDGE_LOOP('',(#4933,#4938,#4943,#4948,#4953,#4958,#4963,#4968));
#4970=FACE_OUTER_BOUND('',#4969,.T.);
#4971=ADVANCED_FACE('',(#4970),#4928,.T.);
#4972=DIRECTION('',(-0.355657,-0.934617,-0));
#4973=DIRECTION('',(0,0,-1));
#4974=AXIS2_PLACEMENT_3D('',#232,#4972,#4973);
#4975=PLANE('',#4974);
#4976=DIRECTION('',(0.001604,-0.00061,0.999999));
#4977=VECTOR('',#4976,13.100018);
#4978=LINE('',#232,#4977);
#4979=EDGE_CURVE('',#233,#443,#4978,.T.);
#4980=ORIENTED_EDGE('',*,*,#4979,.T.);
#4981=DIRECTION('',(-0.204996,0.078009,0.975649));
#4982=VECTOR('',#4981,0.102496);
#4983=LINE('',#442,#4982);
#4984=EDGE_CURVE('',#443,#451,#4983,.T.);
#4985=ORIENTED_EDGE('',*,*,#4984,.T.);
#4986=ORIENTED_EDGE('',*,*,#4947,.F.);
#4987=ORIENTED_EDGE('',*,*,#4942,.F.);
#4988=EDGE_LOOP('',(#4980,#4985,#4986,#4987));
#4989=FACE_OUTER_BOUND('',#4988,.T.);
#4990=ADVANCED_FACE('',(#4989),#4975,.T.);
#4991=DIRECTION('',(-0.34714,-0.937813,-0));
#4992=DIRECTION('',(0,0,-1));
#4993=AXIS2_PLACEMENT_3D('',#516,#4991,#4992);
#4994=PLANE('',#4993);
#4995=DIRECTION('',(0,0,1));
#4996=VECTOR('',#4995,9.5);
#4997=LINE('',#452,#4996);
#4998=EDGE_CURVE('',#453,#517,#4997,.T.);
#4999=ORIENTED_EDGE('',*,*,#4998,.F.);
#5000=DIRECTION('',(0,0,1));
#5001=VECTOR('',#5000,0.1);
#5002=LINE('',#446,#5001);
#5003=EDGE_CURVE('',#447,#453,#5002,.T.);
#5004=ORIENTED_EDGE('',*,*,#5003,.F.);
#5005=DIRECTION('',(0,0,1));
#5006=VECTOR('',#5005,13.099998);
#5007=LINE('',#234,#5006);
#5008=EDGE_CURVE('',#235,#447,#5007,.T.);
#5009=ORIENTED_EDGE('',*,*,#5008,.F.);
#5010=DIRECTION('',(0.937813,-0.34714,0));
#5011=VECTOR('',#5010,2.968506);
#5012=LINE('',#234,#5011);
#5013=EDGE_CURVE('',#235,#237,#5012,.T.);
#5014=ORIENTED_EDGE('',*,*,#5013,.T.);
#5015=DIRECTION('',(0,0,1));
#5016=VECTOR('',#5015,13.099998);
#5017=LINE('',#236,#5016);
#5018=EDGE_CURVE('',#237,#449,#5017,.T.);
#5019=ORIENTED_EDGE('',*,*,#5018,.T.);
#5020=DIRECTION('',(0,0,1));
#5021=VECTOR('',#5020,9.6);
#5022=LINE('',#448,#5021);
#5023=EDGE_CURVE('',#449,#519,#5022,.T.);
#5024=ORIENTED_EDGE('',*,*,#5023,.T.);
#5025=DIRECTION('',(0.937813,-0.34714,0));
#5026=VECTOR('',#5025,2.968506);
#5027=LINE('',#516,#5026);
#5028=EDGE_CURVE('',#517,#519,#5027,.T.);
#5029=ORIENTED_EDGE('',*,*,#5028,.F.);
#5030=EDGE_LOOP('',(#4999,#5004,#5009,#5014,#5019,#5024,#5029));
#5031=FACE_OUTER_BOUND('',#5030,.T.);
#5032=ADVANCED_FACE('',(#5031),#4994,.T.);
#5033=DIRECTION('',(-0.338267,-0.94105,0.000074));
#5034=DIRECTION('',(0,-0.000079,-1));
#5035=AXIS2_PLACEMENT_3D('',#448,#5033,#5034);
#5036=PLANE('',#5035);
#5037=DIRECTION('',(-0.94105,0.338267,0));
#5038=VECTOR('',#5037,2.968512);
#5039=LINE('',#428,#5038);
#5040=EDGE_CURVE('',#429,#449,#5039,.T.);
#5041=ORIENTED_EDGE('',*,*,#5040,.F.);
#5042=DIRECTION('',(-0.277995,0.100003,0.955363));
#5043=VECTOR('',#5042,0.104673);
#5044=LINE('',#428,#5043);
#5045=EDGE_CURVE('',#429,#439,#5044,.T.);
#5046=ORIENTED_EDGE('',*,*,#5045,.T.);
#5047=DIRECTION('',(-0.940506,0.338069,-0.034022));
#5048=VECTOR('',#5047,2.939289);
#5049=LINE('',#438,#5048);
#5050=EDGE_CURVE('',#439,#449,#5049,.T.);
#5051=ORIENTED_EDGE('',*,*,#5050,.T.);
#5052=EDGE_LOOP('',(#5041,#5046,#5051));
#5053=FACE_OUTER_BOUND('',#5052,.T.);
#5054=ADVANCED_FACE('',(#5053),#5036,.T.);
#5055=DIRECTION('',(-0.266182,-0.963923,-0));
#5056=DIRECTION('',(0,0,-1));
#5057=AXIS2_PLACEMENT_3D('',#530,#5055,#5056);
#5058=PLANE('',#5057);
#5059=DIRECTION('',(0.963923,-0.266182,0));
#5060=VECTOR('',#5059,2.9685);
#5061=LINE('',#528,#5060);
#5062=EDGE_CURVE('',#529,#531,#5061,.T.);
#5063=ORIENTED_EDGE('',*,*,#5062,.F.);
#5064=DIRECTION('',(0,0,1));
#5065=VECTOR('',#5064,9.5);
#5066=LINE('',#480,#5065);
#5067=EDGE_CURVE('',#481,#529,#5066,.T.);
#5068=ORIENTED_EDGE('',*,*,#5067,.F.);
#5069=DIRECTION('',(0,0,1));
#5070=VECTOR('',#5069,0.1);
#5071=LINE('',#474,#5070);
#5072=EDGE_CURVE('',#475,#481,#5071,.T.);
#5073=ORIENTED_EDGE('',*,*,#5072,.F.);
#5074=DIRECTION('',(0,0,1));
#5075=VECTOR('',#5074,13.099998);
#5076=LINE('',#256,#5075);
#5077=EDGE_CURVE('',#257,#475,#5076,.T.);
#5078=ORIENTED_EDGE('',*,*,#5077,.F.);
#5079=DIRECTION('',(0.963923,-0.266182,0));
#5080=VECTOR('',#5079,2.9685);
#5081=LINE('',#256,#5080);
#5082=EDGE_CURVE('',#257,#259,#5081,.T.);
#5083=ORIENTED_EDGE('',*,*,#5082,.T.);
#5084=DIRECTION('',(0,0,1));
#5085=VECTOR('',#5084,13.099998);
#5086=LINE('',#258,#5085);
#5087=EDGE_CURVE('',#259,#477,#5086,.T.);
#5088=ORIENTED_EDGE('',*,*,#5087,.T.);
#5089=DIRECTION('',(0,0,1));
#5090=VECTOR('',#5089,0.1);
#5091=LINE('',#476,#5090);
#5092=EDGE_CURVE('',#477,#483,#5091,.T.);
#5093=ORIENTED_EDGE('',*,*,#5092,.T.);
#5094=DIRECTION('',(0,0,1));
#5095=VECTOR('',#5094,9.5);
#5096=LINE('',#482,#5095);
#5097=EDGE_CURVE('',#483,#531,#5096,.T.);
#5098=ORIENTED_EDGE('',*,*,#5097,.T.);
#5099=EDGE_LOOP('',(#5063,#5068,#5073,#5078,#5083,#5088,#5093,#5098));
#5100=FACE_OUTER_BOUND('',#5099,.T.);
#5101=ADVANCED_FACE('',(#5100),#5058,.T.);
#5102=DIRECTION('',(-0.247913,-0.968782,-0));
#5103=DIRECTION('',(0,0,-1));
#5104=AXIS2_PLACEMENT_3D('',#532,#5102,#5103);
#5105=PLANE('',#5104);
#5106=DIRECTION('',(0,0,1));
#5107=VECTOR('',#5106,9.5);
#5108=LINE('',#484,#5107);
#5109=EDGE_CURVE('',#485,#533,#5108,.T.);
#5110=ORIENTED_EDGE('',*,*,#5109,.F.);
#5111=DIRECTION('',(0,0,1));
#5112=VECTOR('',#5111,0.1);
#5113=LINE('',#478,#5112);
#5114=EDGE_CURVE('',#479,#485,#5113,.T.);
#5115=ORIENTED_EDGE('',*,*,#5114,.F.);
#5116=DIRECTION('',(0,0,1));
#5117=VECTOR('',#5116,13.099998);
#5118=LINE('',#260,#5117);
#5119=EDGE_CURVE('',#261,#479,#5118,.T.);
#5120=ORIENTED_EDGE('',*,*,#5119,.F.);
#5121=DIRECTION('',(0.968782,-0.247913,0));
#5122=VECTOR('',#5121,2.968502);
#5123=LINE('',#260,#5122);
#5124=EDGE_CURVE('',#261,#307,#5123,.T.);
#5125=ORIENTED_EDGE('',*,*,#5124,.T.);
#5126=DIRECTION('',(0,0,1));
#5127=VECTOR('',#5126,13.099998);
#5128=LINE('',#306,#5127);
#5129=EDGE_CURVE('',#307,#657,#5128,.T.);
#5130=ORIENTED_EDGE('',*,*,#5129,.T.);
#5131=DIRECTION('',(0,0,1));
#5132=VECTOR('',#5131,9.6);
#5133=LINE('',#656,#5132);
#5134=EDGE_CURVE('',#657,#791,#5133,.T.);
#5135=ORIENTED_EDGE('',*,*,#5134,.T.);
#5136=DIRECTION('',(0.968782,-0.247913,0));
#5137=VECTOR('',#5136,2.968502);
#5138=LINE('',#532,#5137);
#5139=EDGE_CURVE('',#533,#791,#5138,.T.);
#5140=ORIENTED_EDGE('',*,*,#5139,.F.);
#5141=EDGE_LOOP('',(#5110,#5115,#5120,#5125,#5130,#5135,#5140));
#5142=FACE_OUTER_BOUND('',#5141,.T.);
#5143=ADVANCED_FACE('',(#5142),#5105,.T.);
#5144=DIRECTION('',(0,0,-1));
#5145=DIRECTION('',(-0,1,0));
#5146=AXIS2_PLACEMENT_3D('',#880,#5144,#5145);
#5147=PLANE('',#5146);
#5148=DIRECTION('',(0.995969,-0.089697,0));
#5149=VECTOR('',#5148,2.675909);
#5150=LINE('',#880,#5149);
#5151=EDGE_CURVE('',#881,#883,#5150,.T.);
#5152=ORIENTED_EDGE('',*,*,#5151,.T.);
#5153=DIRECTION('',(0.996774,-0.080265,0));
#5154=VECTOR('',#5153,2.675906);
#5155=LINE('',#882,#5154);
#5156=EDGE_CURVE('',#883,#885,#5155,.T.);
#5157=ORIENTED_EDGE('',*,*,#5156,.T.);
#5158=DIRECTION('',(0.997487,-0.070845,0));
#5159=VECTOR('',#5158,2.675906);
#5160=LINE('',#884,#5159);
#5161=EDGE_CURVE('',#885,#887,#5160,.T.);
#5162=ORIENTED_EDGE('',*,*,#5161,.T.);
#5163=DIRECTION('',(0.998112,-0.061414,0));
#5164=VECTOR('',#5163,2.675908);
#5165=LINE('',#886,#5164);
#5166=EDGE_CURVE('',#887,#889,#5165,.T.);
#5167=ORIENTED_EDGE('',*,*,#5166,.T.);
#5168=DIRECTION('',(0.998649,-0.051971,0));
#5169=VECTOR('',#5168,2.675907);
#5170=LINE('',#888,#5169);
#5171=EDGE_CURVE('',#889,#891,#5170,.T.);
#5172=ORIENTED_EDGE('',*,*,#5171,.T.);
#5173=DIRECTION('',(0.999095,-0.042539,0));
#5174=VECTOR('',#5173,2.675908);
#5175=LINE('',#890,#5174);
#5176=EDGE_CURVE('',#891,#893,#5175,.T.);
#5177=ORIENTED_EDGE('',*,*,#5176,.T.);
#5178=DIRECTION('',(0.999453,-0.033073,0));
#5179=VECTOR('',#5178,2.675906);
#5180=LINE('',#892,#5179);
#5181=EDGE_CURVE('',#893,#895,#5180,.T.);
#5182=ORIENTED_EDGE('',*,*,#5181,.T.);
#5183=DIRECTION('',(0.99972,-0.023642,0));
#5184=VECTOR('',#5183,2.675908);
#5185=LINE('',#894,#5184);
#5186=EDGE_CURVE('',#895,#897,#5185,.T.);
#5187=ORIENTED_EDGE('',*,*,#5186,.T.);
#5188=DIRECTION('',(0.9999,-0.014176,0));
#5189=VECTOR('',#5188,2.675907);
#5190=LINE('',#896,#5189);
#5191=EDGE_CURVE('',#897,#899,#5190,.T.);
#5192=ORIENTED_EDGE('',*,*,#5191,.T.);
#5193=DIRECTION('',(0.999989,-0.004721,0));
#5194=VECTOR('',#5193,2.675907);
#5195=LINE('',#898,#5194);
#5196=EDGE_CURVE('',#899,#1563,#5195,.T.);
#5197=ORIENTED_EDGE('',*,*,#5196,.T.);
#5198=DIRECTION('',(0.999989,0.004721,0));
#5199=VECTOR('',#5198,2.675907);
#5200=LINE('',#1562,#5199);
#5201=EDGE_CURVE('',#1563,#1565,#5200,.T.);
#5202=ORIENTED_EDGE('',*,*,#5201,.T.);
#5203=DIRECTION('',(0.9999,0.014176,0));
#5204=VECTOR('',#5203,2.675907);
#5205=LINE('',#1564,#5204);
#5206=EDGE_CURVE('',#1565,#1567,#5205,.T.);
#5207=ORIENTED_EDGE('',*,*,#5206,.T.);
#5208=DIRECTION('',(0.99972,0.023642,0));
#5209=VECTOR('',#5208,2.675908);
#5210=LINE('',#1566,#5209);
#5211=EDGE_CURVE('',#1567,#1569,#5210,.T.);
#5212=ORIENTED_EDGE('',*,*,#5211,.T.);
#5213=DIRECTION('',(0.999453,0.033073,0));
#5214=VECTOR('',#5213,2.675906);
#5215=LINE('',#1568,#5214);
#5216=EDGE_CURVE('',#1569,#1571,#5215,.T.);
#5217=ORIENTED_EDGE('',*,*,#5216,.T.);
#5218=DIRECTION('',(0.999095,0.042539,0));
#5219=VECTOR('',#5218,2.675908);
#5220=LINE('',#1570,#5219);
#5221=EDGE_CURVE('',#1571,#1573,#5220,.T.);
#5222=ORIENTED_EDGE('',*,*,#5221,.T.);
#5223=DIRECTION('',(0.998649,0.051971,0));
#5224=VECTOR('',#5223,2.675907);
#5225=LINE('',#1572,#5224);
#5226=EDGE_CURVE('',#1573,#1575,#5225,.T.);
#5227=ORIENTED_EDGE('',*,*,#5226,.T.);
#5228=DIRECTION('',(0.998112,0.061414,0));
#5229=VECTOR('',#5228,2.675908);
#5230=LINE('',#1574,#5229);
#5231=EDGE_CURVE('',#1575,#1577,#5230,.T.);
#5232=ORIENTED_EDGE('',*,*,#5231,.T.);
#5233=DIRECTION('',(0.997487,0.070845,0));
#5234=VECTOR('',#5233,2.675906);
#5235=LINE('',#1576,#5234);
#5236=EDGE_CURVE('',#1577,#1579,#5235,.T.);
#5237=ORIENTED_EDGE('',*,*,#5236,.T.);
#5238=DIRECTION('',(0.996774,0.080265,0));
#5239=VECTOR('',#5238,2.675906);
#5240=LINE('',#1578,#5239);
#5241=EDGE_CURVE('',#1579,#1581,#5240,.T.);
#5242=ORIENTED_EDGE('',*,*,#5241,.T.);
#5243=DIRECTION('',(0.995969,0.089697,0));
#5244=VECTOR('',#5243,2.675909);
#5245=LINE('',#1580,#5244);
#5246=EDGE_CURVE('',#1581,#1583,#5245,.T.);
#5247=ORIENTED_EDGE('',*,*,#5246,.T.);
#5248=DIRECTION('',(0.995078,0.099094,0));
#5249=VECTOR('',#5248,2.675904);
#5250=LINE('',#1582,#5249);
#5251=EDGE_CURVE('',#1583,#1585,#5250,.T.);
#5252=ORIENTED_EDGE('',*,*,#5251,.T.);
#5253=DIRECTION('',(0.994095,0.108514,0));
#5254=VECTOR('',#5253,2.675912);
#5255=LINE('',#1584,#5254);
#5256=EDGE_CURVE('',#1585,#1587,#5255,.T.);
#5257=ORIENTED_EDGE('',*,*,#5256,.T.);
#5258=DIRECTION('',(0.993027,0.117889,0));
#5259=VECTOR('',#5258,2.675902);
#5260=LINE('',#1586,#5259);
#5261=EDGE_CURVE('',#1587,#1589,#5260,.T.);
#5262=ORIENTED_EDGE('',*,*,#5261,.T.);
#5263=DIRECTION('',(0.991866,0.127286,0));
#5264=VECTOR('',#5263,2.67591);
#5265=LINE('',#1588,#5264);
#5266=EDGE_CURVE('',#1589,#1591,#5265,.T.);
#5267=ORIENTED_EDGE('',*,*,#5266,.T.);
#5268=DIRECTION('',(0.990619,0.13665,0));
#5269=VECTOR('',#5268,2.675904);
#5270=LINE('',#1590,#5269);
#5271=EDGE_CURVE('',#1591,#1593,#5270,.T.);
#5272=ORIENTED_EDGE('',*,*,#5271,.T.);
#5273=DIRECTION('',(0.989283,0.146013,0));
#5274=VECTOR('',#5273,2.67591);
#5275=LINE('',#1592,#5274);
#5276=EDGE_CURVE('',#1593,#1595,#5275,.T.);
#5277=ORIENTED_EDGE('',*,*,#5276,.T.);
#5278=DIRECTION('',(0.987859,0.155353,0));
#5279=VECTOR('',#5278,2.675906);
#5280=LINE('',#1594,#5279);
#5281=EDGE_CURVE('',#1595,#1597,#5280,.T.);
#5282=ORIENTED_EDGE('',*,*,#5281,.T.);
#5283=DIRECTION('',(0.986345,0.164693,0));
#5284=VECTOR('',#5283,2.675906);
#5285=LINE('',#1596,#5284);
#5286=EDGE_CURVE('',#1597,#1599,#5285,.T.);
#5287=ORIENTED_EDGE('',*,*,#5286,.T.);
#5288=DIRECTION('',(0.984746,0.174,0));
#5289=VECTOR('',#5288,2.675905);
#5290=LINE('',#1598,#5289);
#5291=EDGE_CURVE('',#1599,#1601,#5290,.T.);
#5292=ORIENTED_EDGE('',*,*,#5291,.T.);
#5293=DIRECTION('',(0.983054,0.183317,0));
#5294=VECTOR('',#5293,2.675912);
#5295=LINE('',#1600,#5294);
#5296=EDGE_CURVE('',#1601,#1603,#5295,.T.);
#5297=ORIENTED_EDGE('',*,*,#5296,.T.);
#5298=DIRECTION('',(0.981279,0.192589,0));
#5299=VECTOR('',#5298,2.675903);
#5300=LINE('',#1602,#5299);
#5301=EDGE_CURVE('',#1603,#1605,#5300,.T.);
#5302=ORIENTED_EDGE('',*,*,#5301,.T.);
#5303=DIRECTION('',(0.979414,0.201861,0));
#5304=VECTOR('',#5303,2.675909);
#5305=LINE('',#1604,#5304);
#5306=EDGE_CURVE('',#1605,#1607,#5305,.T.);
#5307=ORIENTED_EDGE('',*,*,#5306,.T.);
#5308=DIRECTION('',(0.977462,0.21111,0));
#5309=VECTOR('',#5308,2.675906);
#5310=LINE('',#1606,#5309);
#5311=EDGE_CURVE('',#1607,#1609,#5310,.T.);
#5312=ORIENTED_EDGE('',*,*,#5311,.T.);
#5313=DIRECTION('',(0.975421,0.220347,0));
#5314=VECTOR('',#5313,2.675912);
#5315=LINE('',#1608,#5314);
#5316=EDGE_CURVE('',#1609,#1611,#5315,.T.);
#5317=ORIENTED_EDGE('',*,*,#5316,.T.);
#5318=DIRECTION('',(0.973297,0.229551,0));
#5319=VECTOR('',#5318,2.675906);
#5320=LINE('',#1610,#5319);
#5321=EDGE_CURVE('',#1611,#1613,#5320,.T.);
#5322=ORIENTED_EDGE('',*,*,#5321,.T.);
#5323=DIRECTION('',(0.971083,0.238743,0));
#5324=VECTOR('',#5323,2.675906);
#5325=LINE('',#1612,#5324);
#5326=EDGE_CURVE('',#1613,#1615,#5325,.T.);
#5327=ORIENTED_EDGE('',*,*,#5326,.T.);
#5328=DIRECTION('',(0.968782,0.247913,0));
#5329=VECTOR('',#5328,2.675905);
#5330=LINE('',#1614,#5329);
#5331=EDGE_CURVE('',#1615,#1617,#5330,.T.);
#5332=ORIENTED_EDGE('',*,*,#5331,.T.);
#5333=DIRECTION('',(0.966393,0.25707,0));
#5334=VECTOR('',#5333,2.675913);
#5335=LINE('',#1616,#5334);
#5336=EDGE_CURVE('',#1617,#1619,#5335,.T.);
#5337=ORIENTED_EDGE('',*,*,#5336,.T.);
#5338=DIRECTION('',(0.963922,0.266183,0));
#5339=VECTOR('',#5338,2.675901);
#5340=LINE('',#1618,#5339);
#5341=EDGE_CURVE('',#1619,#1621,#5340,.T.);
#5342=ORIENTED_EDGE('',*,*,#5341,.T.);
#5343=DIRECTION('',(0.961363,0.275284,0));
#5344=VECTOR('',#5343,2.675906);
#5345=LINE('',#1620,#5344);
#5346=EDGE_CURVE('',#1621,#1787,#5345,.T.);
#5347=ORIENTED_EDGE('',*,*,#5346,.T.);
#5348=DIRECTION('',(0.958714,0.284372,0));
#5349=VECTOR('',#5348,2.675915);
#5350=LINE('',#1786,#5349);
#5351=EDGE_CURVE('',#1787,#1789,#5350,.T.);
#5352=ORIENTED_EDGE('',*,*,#5351,.T.);
#5353=DIRECTION('',(0.955984,0.293417,0));
#5354=VECTOR('',#5353,2.675902);
#5355=LINE('',#1788,#5354);
#5356=EDGE_CURVE('',#1789,#1795,#5355,.T.);
#5357=ORIENTED_EDGE('',*,*,#5356,.T.);
#5358=DIRECTION('',(0.953169,0.302438,0));
#5359=VECTOR('',#5358,2.675906);
#5360=LINE('',#1794,#5359);
#5361=EDGE_CURVE('',#1795,#1797,#5360,.T.);
#5362=ORIENTED_EDGE('',*,*,#5361,.T.);
#5363=DIRECTION('',(0.950267,0.311436,0));
#5364=VECTOR('',#5363,2.675912);
#5365=LINE('',#1796,#5364);
#5366=EDGE_CURVE('',#1797,#1799,#5365,.T.);
#5367=ORIENTED_EDGE('',*,*,#5366,.T.);
#5368=DIRECTION('',(0.947282,0.320401,0));
#5369=VECTOR('',#5368,2.675896);
#5370=LINE('',#1798,#5369);
#5371=EDGE_CURVE('',#1799,#1801,#5370,.T.);
#5372=ORIENTED_EDGE('',*,*,#5371,.T.);
#5373=DIRECTION('',(0.944207,0.329352,0));
#5374=VECTOR('',#5373,2.675915);
#5375=LINE('',#1800,#5374);
#5376=EDGE_CURVE('',#1801,#1803,#5375,.T.);
#5377=ORIENTED_EDGE('',*,*,#5376,.T.);
#5378=DIRECTION('',(0.941053,0.338259,0));
#5379=VECTOR('',#5378,2.67591);
#5380=LINE('',#1802,#5379);
#5381=EDGE_CURVE('',#1803,#1805,#5380,.T.);
#5382=ORIENTED_EDGE('',*,*,#5381,.T.);
#5383=DIRECTION('',(0.937816,0.347134,0));
#5384=VECTOR('',#5383,2.675897);
#5385=LINE('',#1804,#5384);
#5386=EDGE_CURVE('',#1805,#1807,#5385,.T.);
#5387=ORIENTED_EDGE('',*,*,#5386,.T.);
#5388=DIRECTION('',(0.934489,0.355993,0));
#5389=VECTOR('',#5388,2.675913);
#5390=LINE('',#1806,#5389);
#5391=EDGE_CURVE('',#1807,#1809,#5390,.T.);
#5392=ORIENTED_EDGE('',*,*,#5391,.T.);
#5393=DIRECTION('',(0.931082,0.36481,0));
#5394=VECTOR('',#5393,2.675904);
#5395=LINE('',#1808,#5394);
#5396=EDGE_CURVE('',#1809,#1811,#5395,.T.);
#5397=ORIENTED_EDGE('',*,*,#5396,.T.);
#5398=DIRECTION('',(0.927593,0.373592,0));
#5399=VECTOR('',#5398,2.675901);
#5400=LINE('',#1810,#5399);
#5401=EDGE_CURVE('',#1811,#1813,#5400,.T.);
#5402=ORIENTED_EDGE('',*,*,#5401,.T.);
#5403=DIRECTION('',(0.924018,0.382349,0));
#5404=VECTOR('',#5403,2.675909);
#5405=LINE('',#1812,#5404);
#5406=EDGE_CURVE('',#1813,#1815,#5405,.T.);
#5407=ORIENTED_EDGE('',*,*,#5406,.T.);
#5408=DIRECTION('',(0.920364,0.391063,0));
#5409=VECTOR('',#5408,2.675905);
#5410=LINE('',#1814,#5409);
#5411=EDGE_CURVE('',#1815,#1817,#5410,.T.);
#5412=ORIENTED_EDGE('',*,*,#5411,.T.);
#5413=DIRECTION('',(0.916623,0.399752,0));
#5414=VECTOR('',#5413,2.675913);
#5415=LINE('',#1816,#5414);
#5416=EDGE_CURVE('',#1817,#1819,#5415,.T.);
#5417=ORIENTED_EDGE('',*,*,#5416,.T.);
#5418=DIRECTION('',(0.912804,0.408397,0));
#5419=VECTOR('',#5418,2.675909);
#5420=LINE('',#1818,#5419);
#5421=EDGE_CURVE('',#1819,#1855,#5420,.T.);
#5422=ORIENTED_EDGE('',*,*,#5421,.T.);
#5423=DIRECTION('',(0.908903,0.417009,0));
#5424=VECTOR('',#5423,2.675905);
#5425=LINE('',#1854,#5424);
#5426=EDGE_CURVE('',#1855,#1857,#5425,.T.);
#5427=ORIENTED_EDGE('',*,*,#5426,.T.);
#5428=DIRECTION('',(0.904919,0.425583,0));
#5429=VECTOR('',#5428,2.675914);
#5430=LINE('',#1856,#5429);
#5431=EDGE_CURVE('',#1857,#1859,#5430,.T.);
#5432=ORIENTED_EDGE('',*,*,#5431,.T.);
#5433=DIRECTION('',(0.900857,0.434116,0));
#5434=VECTOR('',#5433,2.675903);
#5435=LINE('',#1858,#5434);
#5436=EDGE_CURVE('',#1859,#1861,#5435,.T.);
#5437=ORIENTED_EDGE('',*,*,#5436,.T.);
#5438=DIRECTION('',(-0.438371,0.898794,0));
#5439=VECTOR('',#5438,24.949984);
#5440=LINE('',#1850,#5439);
#5441=EDGE_CURVE('',#1851,#1861,#5440,.T.);
#5442=ORIENTED_EDGE('',*,*,#5441,.F.);
#5443=DIRECTION('',(0.900854,0.434122,0));
#5444=VECTOR('',#5443,2.911784);
#5445=LINE('',#1844,#5444);
#5446=EDGE_CURVE('',#1845,#1851,#5445,.T.);
#5447=ORIENTED_EDGE('',*,*,#5446,.F.);
#5448=DIRECTION('',(0.904921,0.42558,0));
#5449=VECTOR('',#5448,2.911783);
#5450=LINE('',#1842,#5449);
#5451=EDGE_CURVE('',#1843,#1845,#5450,.T.);
#5452=ORIENTED_EDGE('',*,*,#5451,.F.);
#5453=DIRECTION('',(0.908903,0.417008,0));
#5454=VECTOR('',#5453,2.911777);
#5455=LINE('',#1840,#5454);
#5456=EDGE_CURVE('',#1841,#1843,#5455,.T.);
#5457=ORIENTED_EDGE('',*,*,#5456,.F.);
#5458=DIRECTION('',(0.912802,0.408402,0));
#5459=VECTOR('',#5458,2.911784);
#5460=LINE('',#1826,#5459);
#5461=EDGE_CURVE('',#1827,#1841,#5460,.T.);
#5462=ORIENTED_EDGE('',*,*,#5461,.F.);
#5463=DIRECTION('',(0.916626,0.399746,0));
#5464=VECTOR('',#5463,2.911773);
#5465=LINE('',#1824,#5464);
#5466=EDGE_CURVE('',#1825,#1827,#5465,.T.);
#5467=ORIENTED_EDGE('',*,*,#5466,.F.);
#5468=DIRECTION('',(0.920362,0.391067,0));
#5469=VECTOR('',#5468,2.911782);
#5470=LINE('',#1822,#5469);
#5471=EDGE_CURVE('',#1823,#1825,#5470,.T.);
#5472=ORIENTED_EDGE('',*,*,#5471,.F.);
#5473=DIRECTION('',(0.924019,0.382347,0));
#5474=VECTOR('',#5473,2.911785);
#5475=LINE('',#1820,#5474);
#5476=EDGE_CURVE('',#1821,#1823,#5475,.T.);
#5477=ORIENTED_EDGE('',*,*,#5476,.F.);
#5478=DIRECTION('',(0.927592,0.373596,0));
#5479=VECTOR('',#5478,2.911781);
#5480=LINE('',#1792,#5479);
#5481=EDGE_CURVE('',#1793,#1821,#5480,.T.);
#5482=ORIENTED_EDGE('',*,*,#5481,.F.);
#5483=DIRECTION('',(0.931084,0.364804,0));
#5484=VECTOR('',#5483,2.911772);
#5485=LINE('',#1790,#5484);
#5486=EDGE_CURVE('',#1791,#1793,#5485,.T.);
#5487=ORIENTED_EDGE('',*,*,#5486,.F.);
#5488=DIRECTION('',(0.934487,0.355998,0));
#5489=VECTOR('',#5488,2.911792);
#5490=LINE('',#1742,#5489);
#5491=EDGE_CURVE('',#1743,#1791,#5490,.T.);
#5492=ORIENTED_EDGE('',*,*,#5491,.F.);
#5493=DIRECTION('',(0.937816,0.347133,0));
#5494=VECTOR('',#5493,2.911771);
#5495=LINE('',#1730,#5494);
#5496=EDGE_CURVE('',#1731,#1743,#5495,.T.);
#5497=ORIENTED_EDGE('',*,*,#5496,.F.);
#5498=DIRECTION('',(0.941051,0.338265,0));
#5499=VECTOR('',#5498,2.911782);
#5500=LINE('',#1728,#5499);
#5501=EDGE_CURVE('',#1729,#1731,#5500,.T.);
#5502=ORIENTED_EDGE('',*,*,#5501,.F.);
#5503=DIRECTION('',(0.944209,0.329347,0));
#5504=VECTOR('',#5503,2.911779);
#5505=LINE('',#1726,#5504);
#5506=EDGE_CURVE('',#1727,#1729,#5505,.T.);
#5507=ORIENTED_EDGE('',*,*,#5506,.F.);
#5508=DIRECTION('',(0.94728,0.320406,0));
#5509=VECTOR('',#5508,2.911786);
#5510=LINE('',#1724,#5509);
#5511=EDGE_CURVE('',#1725,#1727,#5510,.T.);
#5512=ORIENTED_EDGE('',*,*,#5511,.F.);
#5513=DIRECTION('',(0.950267,0.311435,0));
#5514=VECTOR('',#5513,2.911778);
#5515=LINE('',#1712,#5514);
#5516=EDGE_CURVE('',#1713,#1725,#5515,.T.);
#5517=ORIENTED_EDGE('',*,*,#5516,.F.);
#5518=DIRECTION('',(0.953168,0.302443,0));
#5519=VECTOR('',#5518,2.911779);
#5520=LINE('',#1710,#5519);
#5521=EDGE_CURVE('',#1711,#1713,#5520,.T.);
#5522=ORIENTED_EDGE('',*,*,#5521,.F.);
#5523=DIRECTION('',(0.955987,0.293408,0));
#5524=VECTOR('',#5523,2.911778);
#5525=LINE('',#1708,#5524);
#5526=EDGE_CURVE('',#1709,#1711,#5525,.T.);
#5527=ORIENTED_EDGE('',*,*,#5526,.F.);
#5528=DIRECTION('',(0.958716,0.284364,0));
#5529=VECTOR('',#5528,2.911773);
#5530=LINE('',#1706,#5529);
#5531=EDGE_CURVE('',#1707,#1709,#5530,.T.);
#5532=ORIENTED_EDGE('',*,*,#5531,.F.);
#5533=DIRECTION('',(0.961362,0.275287,0));
#5534=VECTOR('',#5533,2.911783);
#5535=LINE('',#1696,#5534);
#5536=EDGE_CURVE('',#1697,#1707,#5535,.T.);
#5537=ORIENTED_EDGE('',*,*,#5536,.F.);
#5538=DIRECTION('',(0.963921,0.26619,0));
#5539=VECTOR('',#5538,2.91178);
#5540=LINE('',#1694,#5539);
#5541=EDGE_CURVE('',#1695,#1697,#5540,.T.);
#5542=ORIENTED_EDGE('',*,*,#5541,.F.);
#5543=DIRECTION('',(0.966395,0.257061,0));
#5544=VECTOR('',#5543,2.911784);
#5545=LINE('',#1692,#5544);
#5546=EDGE_CURVE('',#1693,#1695,#5545,.T.);
#5547=ORIENTED_EDGE('',*,*,#5546,.F.);
#5548=DIRECTION('',(0.96878,0.247921,0));
#5549=VECTOR('',#5548,2.911783);
#5550=LINE('',#1506,#5549);
#5551=EDGE_CURVE('',#1507,#1693,#5550,.T.);
#5552=ORIENTED_EDGE('',*,*,#5551,.F.);
#5553=DIRECTION('',(0.971083,0.238741,0));
#5554=VECTOR('',#5553,2.911775);
#5555=LINE('',#1504,#5554);
#5556=EDGE_CURVE('',#1505,#1507,#5555,.T.);
#5557=ORIENTED_EDGE('',*,*,#5556,.F.);
#5558=DIRECTION('',(0.973295,0.229559,0));
#5559=VECTOR('',#5558,2.911783);
#5560=LINE('',#1502,#5559);
#5561=EDGE_CURVE('',#1503,#1505,#5560,.T.);
#5562=ORIENTED_EDGE('',*,*,#5561,.F.);
#5563=DIRECTION('',(0.975424,0.220337,0));
#5564=VECTOR('',#5563,2.911778);
#5565=LINE('',#1500,#5564);
#5566=EDGE_CURVE('',#1501,#1503,#5565,.T.);
#5567=ORIENTED_EDGE('',*,*,#5566,.F.);
#5568=DIRECTION('',(0.977462,0.211113,0));
#5569=VECTOR('',#5568,2.911784);
#5570=LINE('',#1498,#5569);
#5571=EDGE_CURVE('',#1499,#1501,#5570,.T.);
#5572=ORIENTED_EDGE('',*,*,#5571,.F.);
#5573=DIRECTION('',(0.979415,0.201859,0));
#5574=VECTOR('',#5573,2.911777);
#5575=LINE('',#1496,#5574);
#5576=EDGE_CURVE('',#1497,#1499,#5575,.T.);
#5577=ORIENTED_EDGE('',*,*,#5576,.F.);
#5578=DIRECTION('',(0.981279,0.192594,0));
#5579=VECTOR('',#5578,2.911778);
#5580=LINE('',#1494,#5579);
#5581=EDGE_CURVE('',#1495,#1497,#5580,.T.);
#5582=ORIENTED_EDGE('',*,*,#5581,.F.);
#5583=DIRECTION('',(0.983056,0.183308,0));
#5584=VECTOR('',#5583,2.911781);
#5585=LINE('',#1492,#5584);
#5586=EDGE_CURVE('',#1493,#1495,#5585,.T.);
#5587=ORIENTED_EDGE('',*,*,#5586,.F.);
#5588=DIRECTION('',(0.984744,0.174011,0));
#5589=VECTOR('',#5588,2.911782);
#5590=LINE('',#1490,#5589);
#5591=EDGE_CURVE('',#1491,#1493,#5590,.T.);
#5592=ORIENTED_EDGE('',*,*,#5591,.F.);
#5593=DIRECTION('',(0.986346,0.164684,0));
#5594=VECTOR('',#5593,2.911781);
#5595=LINE('',#1488,#5594);
#5596=EDGE_CURVE('',#1489,#1491,#5595,.T.);
#5597=ORIENTED_EDGE('',*,*,#5596,.F.);
#5598=DIRECTION('',(0.987857,0.155366,0));
#5599=VECTOR('',#5598,2.911785);
#5600=LINE('',#1456,#5599);
#5601=EDGE_CURVE('',#1457,#1489,#5600,.T.);
#5602=ORIENTED_EDGE('',*,*,#5601,.F.);
#5603=DIRECTION('',(0.989284,0.146007,0));
#5604=VECTOR('',#5603,2.911777);
#5605=LINE('',#1454,#5604);
#5606=EDGE_CURVE('',#1455,#1457,#5605,.T.);
#5607=ORIENTED_EDGE('',*,*,#5606,.F.);
#5608=DIRECTION('',(0.99062,0.136648,0));
#5609=VECTOR('',#5608,2.911778);
#5610=LINE('',#1452,#5609);
#5611=EDGE_CURVE('',#1453,#1455,#5610,.T.);
#5612=ORIENTED_EDGE('',*,*,#5611,.F.);
#5613=DIRECTION('',(0.991866,0.127288,0));
#5614=VECTOR('',#5613,2.911785);
#5615=LINE('',#1444,#5614);
#5616=EDGE_CURVE('',#1445,#1453,#5615,.T.);
#5617=ORIENTED_EDGE('',*,*,#5616,.F.);
#5618=DIRECTION('',(0.993026,0.117898,0));
#5619=VECTOR('',#5618,2.911779);
#5620=LINE('',#1442,#5619);
#5621=EDGE_CURVE('',#1443,#1445,#5620,.T.);
#5622=ORIENTED_EDGE('',*,*,#5621,.F.);
#5623=DIRECTION('',(0.994096,0.108507,0));
#5624=VECTOR('',#5623,2.911779);
#5625=LINE('',#1440,#5624);
#5626=EDGE_CURVE('',#1441,#1443,#5625,.T.);
#5627=ORIENTED_EDGE('',*,*,#5626,.F.);
#5628=DIRECTION('',(0.995078,0.099095,0));
#5629=VECTOR('',#5628,2.91178);
#5630=LINE('',#1438,#5629);
#5631=EDGE_CURVE('',#1439,#1441,#5630,.T.);
#5632=ORIENTED_EDGE('',*,*,#5631,.F.);
#5633=DIRECTION('',(0.995969,0.089694,0));
#5634=VECTOR('',#5633,2.91178);
#5635=LINE('',#1422,#5634);
#5636=EDGE_CURVE('',#1423,#1439,#5635,.T.);
#5637=ORIENTED_EDGE('',*,*,#5636,.F.);
#5638=DIRECTION('',(0.996773,0.080272,0));
#5639=VECTOR('',#5638,2.91178);
#5640=LINE('',#1420,#5639);
#5641=EDGE_CURVE('',#1421,#1423,#5640,.T.);
#5642=ORIENTED_EDGE('',*,*,#5641,.F.);
#5643=DIRECTION('',(0.997488,0.070839,0));
#5644=VECTOR('',#5643,2.91178);
#5645=LINE('',#1418,#5644);
#5646=EDGE_CURVE('',#1419,#1421,#5645,.T.);
#5647=ORIENTED_EDGE('',*,*,#5646,.F.);
#5648=DIRECTION('',(0.998112,0.061417,0));
#5649=VECTOR('',#5648,2.911781);
#5650=LINE('',#1408,#5649);
#5651=EDGE_CURVE('',#1409,#1419,#5650,.T.);
#5652=ORIENTED_EDGE('',*,*,#5651,.F.);
#5653=DIRECTION('',(0.998648,0.051974,0));
#5654=VECTOR('',#5653,2.91178);
#5655=LINE('',#1406,#5654);
#5656=EDGE_CURVE('',#1407,#1409,#5655,.T.);
#5657=ORIENTED_EDGE('',*,*,#5656,.F.);
#5658=DIRECTION('',(0.999095,0.042531,0));
#5659=VECTOR('',#5658,2.91178);
#5660=LINE('',#1404,#5659);
#5661=EDGE_CURVE('',#1405,#1407,#5660,.T.);
#5662=ORIENTED_EDGE('',*,*,#5661,.F.);
#5663=DIRECTION('',(0.999453,0.033077,0));
#5664=VECTOR('',#5663,2.91178);
#5665=LINE('',#1402,#5664);
#5666=EDGE_CURVE('',#1403,#1405,#5665,.T.);
#5667=ORIENTED_EDGE('',*,*,#5666,.F.);
#5668=DIRECTION('',(0.999721,0.023634,0));
#5669=VECTOR('',#5668,2.91178);
#5670=LINE('',#1400,#5669);
#5671=EDGE_CURVE('',#1401,#1403,#5670,.T.);
#5672=ORIENTED_EDGE('',*,*,#5671,.F.);
#5673=DIRECTION('',(0.999899,0.01418,0));
#5674=VECTOR('',#5673,2.91178);
#5675=LINE('',#1398,#5674);
#5676=EDGE_CURVE('',#1399,#1401,#5675,.T.);
#5677=ORIENTED_EDGE('',*,*,#5676,.F.);
#5678=DIRECTION('',(0.999989,0.004727,0));
#5679=VECTOR('',#5678,2.91178);
#5680=LINE('',#1396,#5679);
#5681=EDGE_CURVE('',#1397,#1399,#5680,.T.);
#5682=ORIENTED_EDGE('',*,*,#5681,.F.);
#5683=DIRECTION('',(0.999989,-0.004727,0));
#5684=VECTOR('',#5683,2.91178);
#5685=LINE('',#788,#5684);
#5686=EDGE_CURVE('',#789,#1397,#5685,.T.);
#5687=ORIENTED_EDGE('',*,*,#5686,.F.);
#5688=DIRECTION('',(0.999899,-0.01418,0));
#5689=VECTOR('',#5688,2.91178);
#5690=LINE('',#786,#5689);
#5691=EDGE_CURVE('',#787,#789,#5690,.T.);
#5692=ORIENTED_EDGE('',*,*,#5691,.F.);
#5693=DIRECTION('',(0.999721,-0.023634,0));
#5694=VECTOR('',#5693,2.91178);
#5695=LINE('',#784,#5694);
#5696=EDGE_CURVE('',#785,#787,#5695,.T.);
#5697=ORIENTED_EDGE('',*,*,#5696,.F.);
#5698=DIRECTION('',(0.999453,-0.033077,0));
#5699=VECTOR('',#5698,2.91178);
#5700=LINE('',#782,#5699);
#5701=EDGE_CURVE('',#783,#785,#5700,.T.);
#5702=ORIENTED_EDGE('',*,*,#5701,.F.);
#5703=DIRECTION('',(0.999095,-0.042531,0));
#5704=VECTOR('',#5703,2.91178);
#5705=LINE('',#780,#5704);
#5706=EDGE_CURVE('',#781,#783,#5705,.T.);
#5707=ORIENTED_EDGE('',*,*,#5706,.F.);
#5708=DIRECTION('',(0.998648,-0.051974,0));
#5709=VECTOR('',#5708,2.91178);
#5710=LINE('',#778,#5709);
#5711=EDGE_CURVE('',#779,#781,#5710,.T.);
#5712=ORIENTED_EDGE('',*,*,#5711,.F.);
#5713=DIRECTION('',(0.998112,-0.061417,0));
#5714=VECTOR('',#5713,2.911781);
#5715=LINE('',#760,#5714);
#5716=EDGE_CURVE('',#761,#779,#5715,.T.);
#5717=ORIENTED_EDGE('',*,*,#5716,.F.);
#5718=DIRECTION('',(0.997488,-0.070839,0));
#5719=VECTOR('',#5718,2.91178);
#5720=LINE('',#758,#5719);
#5721=EDGE_CURVE('',#759,#761,#5720,.T.);
#5722=ORIENTED_EDGE('',*,*,#5721,.F.);
#5723=DIRECTION('',(0.996773,-0.080272,0));
#5724=VECTOR('',#5723,2.91178);
#5725=LINE('',#756,#5724);
#5726=EDGE_CURVE('',#757,#759,#5725,.T.);
#5727=ORIENTED_EDGE('',*,*,#5726,.F.);
#5728=DIRECTION('',(0.995969,-0.089694,0));
#5729=VECTOR('',#5728,2.91178);
#5730=LINE('',#754,#5729);
#5731=EDGE_CURVE('',#755,#757,#5730,.T.);
#5732=ORIENTED_EDGE('',*,*,#5731,.F.);
#5733=DIRECTION('',(0.995078,-0.099095,0));
#5734=VECTOR('',#5733,2.91178);
#5735=LINE('',#752,#5734);
#5736=EDGE_CURVE('',#753,#755,#5735,.T.);
#5737=ORIENTED_EDGE('',*,*,#5736,.F.);
#5738=DIRECTION('',(0.994096,-0.108507,0));
#5739=VECTOR('',#5738,2.911779);
#5740=LINE('',#750,#5739);
#5741=EDGE_CURVE('',#751,#753,#5740,.T.);
#5742=ORIENTED_EDGE('',*,*,#5741,.F.);
#5743=DIRECTION('',(0.993026,-0.117898,0));
#5744=VECTOR('',#5743,2.911779);
#5745=LINE('',#748,#5744);
#5746=EDGE_CURVE('',#749,#751,#5745,.T.);
#5747=ORIENTED_EDGE('',*,*,#5746,.F.);
#5748=DIRECTION('',(0.991866,-0.127288,0));
#5749=VECTOR('',#5748,2.911785);
#5750=LINE('',#700,#5749);
#5751=EDGE_CURVE('',#701,#749,#5750,.T.);
#5752=ORIENTED_EDGE('',*,*,#5751,.F.);
#5753=DIRECTION('',(0.99062,-0.136648,0));
#5754=VECTOR('',#5753,2.911778);
#5755=LINE('',#698,#5754);
#5756=EDGE_CURVE('',#699,#701,#5755,.T.);
#5757=ORIENTED_EDGE('',*,*,#5756,.F.);
#5758=DIRECTION('',(0.989284,-0.146007,0));
#5759=VECTOR('',#5758,2.911777);
#5760=LINE('',#696,#5759);
#5761=EDGE_CURVE('',#697,#699,#5760,.T.);
#5762=ORIENTED_EDGE('',*,*,#5761,.F.);
#5763=DIRECTION('',(-0.987857,0.155366,0));
#5764=VECTOR('',#5763,2.911785);
#5765=LINE('',#696,#5764);
#5766=EDGE_CURVE('',#697,#721,#5765,.T.);
#5767=ORIENTED_EDGE('',*,*,#5766,.T.);
#5768=DIRECTION('',(0.986346,-0.164684,0));
#5769=VECTOR('',#5768,2.911781);
#5770=LINE('',#718,#5769);
#5771=EDGE_CURVE('',#719,#721,#5770,.T.);
#5772=ORIENTED_EDGE('',*,*,#5771,.F.);
#5773=DIRECTION('',(0.984744,-0.174011,0));
#5774=VECTOR('',#5773,2.911782);
#5775=LINE('',#716,#5774);
#5776=EDGE_CURVE('',#717,#719,#5775,.T.);
#5777=ORIENTED_EDGE('',*,*,#5776,.F.);
#5778=DIRECTION('',(0.983056,-0.183308,0));
#5779=VECTOR('',#5778,2.911781);
#5780=LINE('',#712,#5779);
#5781=EDGE_CURVE('',#713,#717,#5780,.T.);
#5782=ORIENTED_EDGE('',*,*,#5781,.F.);
#5783=DIRECTION('',(-0.981279,0.192594,0));
#5784=VECTOR('',#5783,2.911778);
#5785=LINE('',#712,#5784);
#5786=EDGE_CURVE('',#713,#715,#5785,.T.);
#5787=ORIENTED_EDGE('',*,*,#5786,.T.);
#5788=DIRECTION('',(0.979415,-0.201859,0));
#5789=VECTOR('',#5788,2.911777);
#5790=LINE('',#710,#5789);
#5791=EDGE_CURVE('',#711,#715,#5790,.T.);
#5792=ORIENTED_EDGE('',*,*,#5791,.F.);
#5793=DIRECTION('',(0.977462,-0.211113,0));
#5794=VECTOR('',#5793,2.911784);
#5795=LINE('',#708,#5794);
#5796=EDGE_CURVE('',#709,#711,#5795,.T.);
#5797=ORIENTED_EDGE('',*,*,#5796,.F.);
#5798=DIRECTION('',(0.975424,-0.220337,0));
#5799=VECTOR('',#5798,2.911778);
#5800=LINE('',#702,#5799);
#5801=EDGE_CURVE('',#703,#709,#5800,.T.);
#5802=ORIENTED_EDGE('',*,*,#5801,.F.);
#5803=DIRECTION('',(-0.973295,0.229559,0));
#5804=VECTOR('',#5803,2.911783);
#5805=LINE('',#702,#5804);
#5806=EDGE_CURVE('',#703,#707,#5805,.T.);
#5807=ORIENTED_EDGE('',*,*,#5806,.T.);
#5808=DIRECTION('',(0.971083,-0.238741,0));
#5809=VECTOR('',#5808,2.911775);
#5810=LINE('',#704,#5809);
#5811=EDGE_CURVE('',#705,#707,#5810,.T.);
#5812=ORIENTED_EDGE('',*,*,#5811,.F.);
#5813=DIRECTION('',(0.96878,-0.247921,0));
#5814=VECTOR('',#5813,2.911783);
#5815=LINE('',#488,#5814);
#5816=EDGE_CURVE('',#489,#705,#5815,.T.);
#5817=ORIENTED_EDGE('',*,*,#5816,.F.);
#5818=DIRECTION('',(-0.966395,0.257061,0));
#5819=VECTOR('',#5818,2.911784);
#5820=LINE('',#488,#5819);
#5821=EDGE_CURVE('',#489,#491,#5820,.T.);
#5822=ORIENTED_EDGE('',*,*,#5821,.T.);
#5823=DIRECTION('',(0.963921,-0.26619,0));
#5824=VECTOR('',#5823,2.91178);
#5825=LINE('',#486,#5824);
#5826=EDGE_CURVE('',#487,#491,#5825,.T.);
#5827=ORIENTED_EDGE('',*,*,#5826,.F.);
#5828=DIRECTION('',(-0.961362,0.275287,0));
#5829=VECTOR('',#5828,2.911783);
#5830=LINE('',#486,#5829);
#5831=EDGE_CURVE('',#487,#499,#5830,.T.);
#5832=ORIENTED_EDGE('',*,*,#5831,.T.);
#5833=DIRECTION('',(0.958716,-0.284364,0));
#5834=VECTOR('',#5833,2.911773);
#5835=LINE('',#496,#5834);
#5836=EDGE_CURVE('',#497,#499,#5835,.T.);
#5837=ORIENTED_EDGE('',*,*,#5836,.F.);
#5838=DIRECTION('',(0.955987,-0.293408,0));
#5839=VECTOR('',#5838,2.911778);
#5840=LINE('',#492,#5839);
#5841=EDGE_CURVE('',#493,#497,#5840,.T.);
#5842=ORIENTED_EDGE('',*,*,#5841,.F.);
#5843=DIRECTION('',(-0.953168,0.302443,0));
#5844=VECTOR('',#5843,2.911779);
#5845=LINE('',#492,#5844);
#5846=EDGE_CURVE('',#493,#495,#5845,.T.);
#5847=ORIENTED_EDGE('',*,*,#5846,.T.);
#5848=DIRECTION('',(0.950267,-0.311435,0));
#5849=VECTOR('',#5848,2.911778);
#5850=LINE('',#456,#5849);
#5851=EDGE_CURVE('',#457,#495,#5850,.T.);
#5852=ORIENTED_EDGE('',*,*,#5851,.F.);
#5853=DIRECTION('',(-0.94728,0.320406,0));
#5854=VECTOR('',#5853,2.911786);
#5855=LINE('',#456,#5854);
#5856=EDGE_CURVE('',#457,#463,#5855,.T.);
#5857=ORIENTED_EDGE('',*,*,#5856,.T.);
#5858=DIRECTION('',(0.944209,-0.329347,0));
#5859=VECTOR('',#5858,2.911779);
#5860=LINE('',#458,#5859);
#5861=EDGE_CURVE('',#459,#463,#5860,.T.);
#5862=ORIENTED_EDGE('',*,*,#5861,.F.);
#5863=DIRECTION('',(-0.941051,0.338265,0));
#5864=VECTOR('',#5863,2.911782);
#5865=LINE('',#458,#5864);
#5866=EDGE_CURVE('',#459,#461,#5865,.T.);
#5867=ORIENTED_EDGE('',*,*,#5866,.T.);
#5868=DIRECTION('',(0.937816,-0.347133,0));
#5869=VECTOR('',#5868,2.911771);
#5870=LINE('',#454,#5869);
#5871=EDGE_CURVE('',#455,#461,#5870,.T.);
#5872=ORIENTED_EDGE('',*,*,#5871,.F.);
#5873=DIRECTION('',(-0.934487,0.355998,0));
#5874=VECTOR('',#5873,2.911792);
#5875=LINE('',#454,#5874);
#5876=EDGE_CURVE('',#455,#577,#5875,.T.);
#5877=ORIENTED_EDGE('',*,*,#5876,.T.);
#5878=DIRECTION('',(0.931084,-0.364804,0));
#5879=VECTOR('',#5878,2.911772);
#5880=LINE('',#574,#5879);
#5881=EDGE_CURVE('',#575,#577,#5880,.T.);
#5882=ORIENTED_EDGE('',*,*,#5881,.F.);
#5883=DIRECTION('',(0.927592,-0.373596,0));
#5884=VECTOR('',#5883,2.911781);
#5885=LINE('',#558,#5884);
#5886=EDGE_CURVE('',#559,#575,#5885,.T.);
#5887=ORIENTED_EDGE('',*,*,#5886,.F.);
#5888=DIRECTION('',(0.924019,-0.382347,0));
#5889=VECTOR('',#5888,2.911785);
#5890=LINE('',#556,#5889);
#5891=EDGE_CURVE('',#557,#559,#5890,.T.);
#5892=ORIENTED_EDGE('',*,*,#5891,.F.);
#5893=DIRECTION('',(-0.920362,0.391067,0));
#5894=VECTOR('',#5893,2.911782);
#5895=LINE('',#556,#5894);
#5896=EDGE_CURVE('',#557,#563,#5895,.T.);
#5897=ORIENTED_EDGE('',*,*,#5896,.T.);
#5898=DIRECTION('',(0.916626,-0.399746,0));
#5899=VECTOR('',#5898,2.911773);
#5900=LINE('',#560,#5899);
#5901=EDGE_CURVE('',#561,#563,#5900,.T.);
#5902=ORIENTED_EDGE('',*,*,#5901,.F.);
#5903=DIRECTION('',(0.912802,-0.408402,0));
#5904=VECTOR('',#5903,2.911784);
#5905=LINE('',#554,#5904);
#5906=EDGE_CURVE('',#555,#561,#5905,.T.);
#5907=ORIENTED_EDGE('',*,*,#5906,.F.);
#5908=DIRECTION('',(0.908903,-0.417008,0));
#5909=VECTOR('',#5908,2.911777);
#5910=LINE('',#552,#5909);
#5911=EDGE_CURVE('',#553,#555,#5910,.T.);
#5912=ORIENTED_EDGE('',*,*,#5911,.F.);
#5913=DIRECTION('',(-0.904921,0.42558,0));
#5914=VECTOR('',#5913,2.911783);
#5915=LINE('',#552,#5914);
#5916=EDGE_CURVE('',#553,#565,#5915,.T.);
#5917=ORIENTED_EDGE('',*,*,#5916,.T.);
#5918=DIRECTION('',(0.900854,-0.434122,0));
#5919=VECTOR('',#5918,2.911784);
#5920=LINE('',#538,#5919);
#5921=EDGE_CURVE('',#539,#565,#5920,.T.);
#5922=ORIENTED_EDGE('',*,*,#5921,.F.);
#5923=DIRECTION('',(0.438371,0.898794,0));
#5924=VECTOR('',#5923,24.949984);
#5925=LINE('',#538,#5924);
#5926=EDGE_CURVE('',#539,#567,#5925,.T.);
#5927=ORIENTED_EDGE('',*,*,#5926,.T.);
#5928=DIRECTION('',(0.900857,-0.434116,0));
#5929=VECTOR('',#5928,2.675903);
#5930=LINE('',#566,#5929);
#5931=EDGE_CURVE('',#567,#569,#5930,.T.);
#5932=ORIENTED_EDGE('',*,*,#5931,.T.);
#5933=DIRECTION('',(0.904919,-0.425583,0));
#5934=VECTOR('',#5933,2.675914);
#5935=LINE('',#568,#5934);
#5936=EDGE_CURVE('',#569,#571,#5935,.T.);
#5937=ORIENTED_EDGE('',*,*,#5936,.T.);
#5938=DIRECTION('',(0.908903,-0.417009,0));
#5939=VECTOR('',#5938,2.675905);
#5940=LINE('',#570,#5939);
#5941=EDGE_CURVE('',#571,#573,#5940,.T.);
#5942=ORIENTED_EDGE('',*,*,#5941,.T.);
#5943=DIRECTION('',(0.912804,-0.408397,0));
#5944=VECTOR('',#5943,2.675909);
#5945=LINE('',#572,#5944);
#5946=EDGE_CURVE('',#573,#591,#5945,.T.);
#5947=ORIENTED_EDGE('',*,*,#5946,.T.);
#5948=DIRECTION('',(0.916623,-0.399752,0));
#5949=VECTOR('',#5948,2.675913);
#5950=LINE('',#590,#5949);
#5951=EDGE_CURVE('',#591,#593,#5950,.T.);
#5952=ORIENTED_EDGE('',*,*,#5951,.T.);
#5953=DIRECTION('',(0.920364,-0.391063,0));
#5954=VECTOR('',#5953,2.675905);
#5955=LINE('',#592,#5954);
#5956=EDGE_CURVE('',#593,#595,#5955,.T.);
#5957=ORIENTED_EDGE('',*,*,#5956,.T.);
#5958=DIRECTION('',(0.924018,-0.382349,0));
#5959=VECTOR('',#5958,2.675909);
#5960=LINE('',#594,#5959);
#5961=EDGE_CURVE('',#595,#597,#5960,.T.);
#5962=ORIENTED_EDGE('',*,*,#5961,.T.);
#5963=DIRECTION('',(-0.927593,0.373592,0));
#5964=VECTOR('',#5963,2.675901);
#5965=LINE('',#582,#5964);
#5966=EDGE_CURVE('',#583,#597,#5965,.T.);
#5967=ORIENTED_EDGE('',*,*,#5966,.F.);
#5968=DIRECTION('',(0.931082,-0.36481,0));
#5969=VECTOR('',#5968,2.675904);
#5970=LINE('',#582,#5969);
#5971=EDGE_CURVE('',#583,#585,#5970,.T.);
#5972=ORIENTED_EDGE('',*,*,#5971,.T.);
#5973=DIRECTION('',(0.934489,-0.355993,0));
#5974=VECTOR('',#5973,2.675913);
#5975=LINE('',#584,#5974);
#5976=EDGE_CURVE('',#585,#587,#5975,.T.);
#5977=ORIENTED_EDGE('',*,*,#5976,.T.);
#5978=DIRECTION('',(0.937816,-0.347134,0));
#5979=VECTOR('',#5978,2.675897);
#5980=LINE('',#586,#5979);
#5981=EDGE_CURVE('',#587,#589,#5980,.T.);
#5982=ORIENTED_EDGE('',*,*,#5981,.T.);
#5983=DIRECTION('',(0.941053,-0.338259,0));
#5984=VECTOR('',#5983,2.67591);
#5985=LINE('',#588,#5984);
#5986=EDGE_CURVE('',#589,#605,#5985,.T.);
#5987=ORIENTED_EDGE('',*,*,#5986,.T.);
#5988=DIRECTION('',(-0.944207,0.329352,0));
#5989=VECTOR('',#5988,2.675915);
#5990=LINE('',#598,#5989);
#5991=EDGE_CURVE('',#599,#605,#5990,.T.);
#5992=ORIENTED_EDGE('',*,*,#5991,.F.);
#5993=DIRECTION('',(0.947282,-0.320401,0));
#5994=VECTOR('',#5993,2.675896);
#5995=LINE('',#598,#5994);
#5996=EDGE_CURVE('',#599,#603,#5995,.T.);
#5997=ORIENTED_EDGE('',*,*,#5996,.T.);
#5998=DIRECTION('',(-0.950267,0.311436,0));
#5999=VECTOR('',#5998,2.675912);
#6000=LINE('',#600,#5999);
#6001=EDGE_CURVE('',#601,#603,#6000,.T.);
#6002=ORIENTED_EDGE('',*,*,#6001,.F.);
#6003=DIRECTION('',(0.953169,-0.302438,0));
#6004=VECTOR('',#6003,2.675906);
#6005=LINE('',#600,#6004);
#6006=EDGE_CURVE('',#601,#607,#6005,.T.);
#6007=ORIENTED_EDGE('',*,*,#6006,.T.);
#6008=DIRECTION('',(-0.955984,0.293417,0));
#6009=VECTOR('',#6008,2.675902);
#6010=LINE('',#578,#6009);
#6011=EDGE_CURVE('',#579,#607,#6010,.T.);
#6012=ORIENTED_EDGE('',*,*,#6011,.F.);
#6013=DIRECTION('',(0.958714,-0.284372,0));
#6014=VECTOR('',#6013,2.675915);
#6015=LINE('',#578,#6014);
#6016=EDGE_CURVE('',#579,#581,#6015,.T.);
#6017=ORIENTED_EDGE('',*,*,#6016,.T.);
#6018=DIRECTION('',(0.961363,-0.275284,0));
#6019=VECTOR('',#6018,2.675906);
#6020=LINE('',#580,#6019);
#6021=EDGE_CURVE('',#581,#845,#6020,.T.);
#6022=ORIENTED_EDGE('',*,*,#6021,.T.);
#6023=DIRECTION('',(-0.963922,0.266183,0));
#6024=VECTOR('',#6023,2.675901);
#6025=LINE('',#842,#6024);
#6026=EDGE_CURVE('',#843,#845,#6025,.T.);
#6027=ORIENTED_EDGE('',*,*,#6026,.F.);
#6028=DIRECTION('',(0.966393,-0.25707,0));
#6029=VECTOR('',#6028,2.675913);
#6030=LINE('',#842,#6029);
#6031=EDGE_CURVE('',#843,#847,#6030,.T.);
#6032=ORIENTED_EDGE('',*,*,#6031,.T.);
#6033=DIRECTION('',(0.968782,-0.247913,0));
#6034=VECTOR('',#6033,2.675905);
#6035=LINE('',#846,#6034);
#6036=EDGE_CURVE('',#847,#849,#6035,.T.);
#6037=ORIENTED_EDGE('',*,*,#6036,.T.);
#6038=DIRECTION('',(0.971083,-0.238743,0));
#6039=VECTOR('',#6038,2.675906);
#6040=LINE('',#848,#6039);
#6041=EDGE_CURVE('',#849,#851,#6040,.T.);
#6042=ORIENTED_EDGE('',*,*,#6041,.T.);
#6043=DIRECTION('',(0.973297,-0.229551,0));
#6044=VECTOR('',#6043,2.675906);
#6045=LINE('',#850,#6044);
#6046=EDGE_CURVE('',#851,#853,#6045,.T.);
#6047=ORIENTED_EDGE('',*,*,#6046,.T.);
#6048=DIRECTION('',(0.975421,-0.220347,0));
#6049=VECTOR('',#6048,2.675912);
#6050=LINE('',#852,#6049);
#6051=EDGE_CURVE('',#853,#855,#6050,.T.);
#6052=ORIENTED_EDGE('',*,*,#6051,.T.);
#6053=DIRECTION('',(0.977462,-0.21111,0));
#6054=VECTOR('',#6053,2.675906);
#6055=LINE('',#854,#6054);
#6056=EDGE_CURVE('',#855,#857,#6055,.T.);
#6057=ORIENTED_EDGE('',*,*,#6056,.T.);
#6058=DIRECTION('',(0.979414,-0.201861,0));
#6059=VECTOR('',#6058,2.675909);
#6060=LINE('',#856,#6059);
#6061=EDGE_CURVE('',#857,#865,#6060,.T.);
#6062=ORIENTED_EDGE('',*,*,#6061,.T.);
#6063=DIRECTION('',(0.981279,-0.192589,0));
#6064=VECTOR('',#6063,2.675903);
#6065=LINE('',#864,#6064);
#6066=EDGE_CURVE('',#865,#867,#6065,.T.);
#6067=ORIENTED_EDGE('',*,*,#6066,.T.);
#6068=DIRECTION('',(0.983054,-0.183317,0));
#6069=VECTOR('',#6068,2.675912);
#6070=LINE('',#866,#6069);
#6071=EDGE_CURVE('',#867,#869,#6070,.T.);
#6072=ORIENTED_EDGE('',*,*,#6071,.T.);
#6073=DIRECTION('',(0.984746,-0.174,0));
#6074=VECTOR('',#6073,2.675905);
#6075=LINE('',#868,#6074);
#6076=EDGE_CURVE('',#869,#871,#6075,.T.);
#6077=ORIENTED_EDGE('',*,*,#6076,.T.);
#6078=DIRECTION('',(-0.986345,0.164693,0));
#6079=VECTOR('',#6078,2.675906);
#6080=LINE('',#858,#6079);
#6081=EDGE_CURVE('',#859,#871,#6080,.T.);
#6082=ORIENTED_EDGE('',*,*,#6081,.F.);
#6083=DIRECTION('',(0.987859,-0.155353,0));
#6084=VECTOR('',#6083,2.675906);
#6085=LINE('',#858,#6084);
#6086=EDGE_CURVE('',#859,#861,#6085,.T.);
#6087=ORIENTED_EDGE('',*,*,#6086,.T.);
#6088=DIRECTION('',(0.989283,-0.146013,0));
#6089=VECTOR('',#6088,2.67591);
#6090=LINE('',#860,#6089);
#6091=EDGE_CURVE('',#861,#863,#6090,.T.);
#6092=ORIENTED_EDGE('',*,*,#6091,.T.);
#6093=DIRECTION('',(0.990619,-0.13665,0));
#6094=VECTOR('',#6093,2.675904);
#6095=LINE('',#862,#6094);
#6096=EDGE_CURVE('',#863,#873,#6095,.T.);
#6097=ORIENTED_EDGE('',*,*,#6096,.T.);
#6098=DIRECTION('',(0.991866,-0.127286,0));
#6099=VECTOR('',#6098,2.67591);
#6100=LINE('',#872,#6099);
#6101=EDGE_CURVE('',#873,#875,#6100,.T.);
#6102=ORIENTED_EDGE('',*,*,#6101,.T.);
#6103=DIRECTION('',(0.993027,-0.117889,0));
#6104=VECTOR('',#6103,2.675902);
#6105=LINE('',#874,#6104);
#6106=EDGE_CURVE('',#875,#879,#6105,.T.);
#6107=ORIENTED_EDGE('',*,*,#6106,.T.);
#6108=DIRECTION('',(-0.994095,0.108514,0));
#6109=VECTOR('',#6108,2.675912);
#6110=LINE('',#876,#6109);
#6111=EDGE_CURVE('',#877,#879,#6110,.T.);
#6112=ORIENTED_EDGE('',*,*,#6111,.F.);
#6113=DIRECTION('',(0.995078,-0.099094,0));
#6114=VECTOR('',#6113,2.675904);
#6115=LINE('',#876,#6114);
#6116=EDGE_CURVE('',#877,#881,#6115,.T.);
#6117=ORIENTED_EDGE('',*,*,#6116,.T.);
#6118=EDGE_LOOP('',(#5152,#5157,#5162,#5167,#5172,#5177,#5182,#5187,#5192,#5197,#5202,#5207,#5212,#5217,#5222,#5227,#5232,#5237,#5242,#5247,#5252,#5257,#5262,#5267,#5272,#5277,#5282,#5287,#5292,#5297,#5302,#5307,#5312,#5317,#5322,#5327,#5332,#5337,#5342,#5347,#5352,#5357,#5362,#5367,#5372,#5377,#5382,#5387,#5392,#5397,#5402,#5407,#5412,#5417,#5422,#5427,#5432,#5437,#5442,#5447,#5452,#5457,#5462,#5467,#5472,#5477,#5482,#5487,#5492,#5497,#5502,#5507,#5512,#5517,#5522,#5527,#5532,#5537,#5542,#5547,#5552,#5557,#5562,#5567,#5572,#5577,#5582,#5587,#5592,#5597,#5602,#5607,#5612,#5617,#5622,#5627,#5632,#5637,#5642,#5647,#5652,#5657,#5662,#5667,#5672,#5677,#5682,#5687,#5692,#5697,#5702,#5707,#5712,#5717,#5722,#5727,#5732,#5737,#5742,#5747,#5752,#5757,#5762,#5767,#5772,#5777,#5782,#5787,#5792,#5797,#5802,#5807,#5812,#5817,#5822,#5827,#5832,#5837,#5842,#5847,#5852,#5857,#5862,#5867,#5872,#5877,#5882,#5887,#5892,#5897,#5902,#5907,#5912,#5917,#5922,#5927,#5932,#5937,#5942,#5947,#5952,#5957,#5962,#5967,#5972,#5977,#5982,#5987,#5992,#5997,#6002,#6007,#6012,#6017,#6022,#6027,#6032,#6037,#6042,#6047,#6052,#6057,#6062,#6067,#6072,#6077,#6082,#6087,#6092,#6097,#6102,#6107,#6112,#6117));
#6119=FACE_OUTER_BOUND('',#6118,.T.);
#6120=ADVANCED_FACE('',(#6119),#5147,.T.);
#6121=DIRECTION('',(-0.374027,-0.927418,-0));
#6122=DIRECTION('',(0,0,-1));
#6123=AXIS2_PLACEMENT_3D('',#414,#6121,#6122);
#6124=PLANE('',#6123);
#6125=ORIENTED_EDGE('',*,*,#4967,.T.);
#6126=ORIENTED_EDGE('',*,*,#4962,.T.);
#6127=DIRECTION('',(0.003019,-0.001217,0.999995));
#6128=VECTOR('',#6127,9.50005);
#6129=LINE('',#416,#6128);
#6130=EDGE_CURVE('',#417,#501,#6129,.T.);
#6131=ORIENTED_EDGE('',*,*,#6130,.F.);
#6132=ORIENTED_EDGE('',*,*,#4846,.F.);
#6133=EDGE_LOOP('',(#6125,#6126,#6131,#6132));
#6134=FACE_OUTER_BOUND('',#6133,.T.);
#6135=ADVANCED_FACE('',(#6134),#6124,.T.);
#6136=DIRECTION('',(-0.399745,-0.916626,-0));
#6137=DIRECTION('',(0,0,-1));
#6138=AXIS2_PLACEMENT_3D('',#548,#6136,#6137);
#6139=PLANE('',#6138);
#6140=DIRECTION('',(0,0,1));
#6141=VECTOR('',#6140,13.099998);
#6142=LINE('',#286,#6141);
#6143=EDGE_CURVE('',#287,#549,#6142,.T.);
#6144=ORIENTED_EDGE('',*,*,#6143,.F.);
#6145=DIRECTION('',(-0.916626,0.399745,0));
#6146=VECTOR('',#6145,2.968504);
#6147=LINE('',#220,#6146);
#6148=EDGE_CURVE('',#221,#287,#6147,.T.);
#6149=ORIENTED_EDGE('',*,*,#6148,.F.);
#6150=ORIENTED_EDGE('',*,*,#4814,.T.);
#6151=ORIENTED_EDGE('',*,*,#4809,.T.);
#6152=ORIENTED_EDGE('',*,*,#4804,.T.);
#6153=DIRECTION('',(-0.916626,0.399745,0));
#6154=VECTOR('',#6153,2.968504);
#6155=LINE('',#502,#6154);
#6156=EDGE_CURVE('',#503,#617,#6155,.T.);
#6157=ORIENTED_EDGE('',*,*,#6156,.T.);
#6158=DIRECTION('',(0,0,1));
#6159=VECTOR('',#6158,9.5);
#6160=LINE('',#550,#6159);
#6161=EDGE_CURVE('',#551,#617,#6160,.T.);
#6162=ORIENTED_EDGE('',*,*,#6161,.F.);
#6163=DIRECTION('',(0,0,1));
#6164=VECTOR('',#6163,0.1);
#6165=LINE('',#548,#6164);
#6166=EDGE_CURVE('',#549,#551,#6165,.T.);
#6167=ORIENTED_EDGE('',*,*,#6166,.F.);
#6168=EDGE_LOOP('',(#6144,#6149,#6150,#6151,#6152,#6157,#6162,#6167));
#6169=FACE_OUTER_BOUND('',#6168,.T.);
#6170=ADVANCED_FACE('',(#6169),#6139,.T.);
#6171=DIRECTION('',(-0.382351,-0.924017,-0));
#6172=DIRECTION('',(0,0,-1));
#6173=AXIS2_PLACEMENT_3D('',#422,#6171,#6172);
#6174=PLANE('',#6173);
#6175=ORIENTED_EDGE('',*,*,#4824,.F.);
#6176=DIRECTION('',(0.924017,-0.382351,0));
#6177=VECTOR('',#6176,2.968505);
#6178=LINE('',#222,#6177);
#6179=EDGE_CURVE('',#223,#225,#6178,.T.);
#6180=ORIENTED_EDGE('',*,*,#6179,.T.);
#6181=DIRECTION('',(0,0,1));
#6182=VECTOR('',#6181,13.099998);
#6183=LINE('',#224,#6182);
#6184=EDGE_CURVE('',#225,#425,#6183,.T.);
#6185=ORIENTED_EDGE('',*,*,#6184,.T.);
#6186=DIRECTION('',(0,0,1));
#6187=VECTOR('',#6186,9.6);
#6188=LINE('',#424,#6187);
#6189=EDGE_CURVE('',#425,#507,#6188,.T.);
#6190=ORIENTED_EDGE('',*,*,#6189,.T.);
#6191=DIRECTION('',(0.924017,-0.382351,0));
#6192=VECTOR('',#6191,2.968505);
#6193=LINE('',#504,#6192);
#6194=EDGE_CURVE('',#505,#507,#6193,.T.);
#6195=ORIENTED_EDGE('',*,*,#6194,.F.);
#6196=ORIENTED_EDGE('',*,*,#4829,.F.);
#6197=EDGE_LOOP('',(#6175,#6180,#6185,#6190,#6195,#6196));
#6198=FACE_OUTER_BOUND('',#6197,.T.);
#6199=ADVANCED_FACE('',(#6198),#6174,.T.);
#6200=DIRECTION('',(-0.373588,-0.927595,-0));
#6201=DIRECTION('',(0,0,-1));
#6202=AXIS2_PLACEMENT_3D('',#416,#6200,#6201);
#6203=PLANE('',#6202);
#6204=DIRECTION('',(-0.274027,0.110364,0.955368));
#6205=VECTOR('',#6204,9.943809);
#6206=LINE('',#416,#6205);
#6207=EDGE_CURVE('',#417,#507,#6206,.T.);
#6208=ORIENTED_EDGE('',*,*,#6207,.T.);
#6209=ORIENTED_EDGE('',*,*,#6189,.F.);
#6210=ORIENTED_EDGE('',*,*,#4851,.F.);
#6211=EDGE_LOOP('',(#6208,#6209,#6210));
#6212=FACE_OUTER_BOUND('',#6211,.T.);
#6213=ADVANCED_FACE('',(#6212),#6203,.T.);
#6214=DIRECTION('',(-0.373593,-0.927593,-0.000002));
#6215=DIRECTION('',(0,0.000002,-1));
#6216=AXIS2_PLACEMENT_3D('',#416,#6214,#6215);
#6217=PLANE('',#6216);
#6218=ORIENTED_EDGE('',*,*,#6130,.T.);
#6219=DIRECTION('',(-0.927593,0.373593,0));
#6220=VECTOR('',#6219,2.968496);
#6221=LINE('',#500,#6220);
#6222=EDGE_CURVE('',#501,#507,#6221,.T.);
#6223=ORIENTED_EDGE('',*,*,#6222,.T.);
#6224=ORIENTED_EDGE('',*,*,#6207,.F.);
#6225=EDGE_LOOP('',(#6218,#6223,#6224));
#6226=FACE_OUTER_BOUND('',#6225,.T.);
#6227=ADVANCED_FACE('',(#6226),#6217,.T.);
#6228=DIRECTION('',(-0.338492,-0.940969,-0));
#6229=DIRECTION('',(0,0,-1));
#6230=AXIS2_PLACEMENT_3D('',#508,#6228,#6229);
#6231=PLANE('',#6230);
#6232=DIRECTION('',(0.003063,-0.001102,0.999995));
#6233=VECTOR('',#6232,9.50005);
#6234=LINE('',#438,#6233);
#6235=EDGE_CURVE('',#439,#509,#6234,.T.);
#6236=ORIENTED_EDGE('',*,*,#6235,.F.);
#6237=ORIENTED_EDGE('',*,*,#5045,.F.);
#6238=ORIENTED_EDGE('',*,*,#4873,.T.);
#6239=ORIENTED_EDGE('',*,*,#4868,.T.);
#6240=EDGE_LOOP('',(#6236,#6237,#6238,#6239));
#6241=FACE_OUTER_BOUND('',#6240,.T.);
#6242=ADVANCED_FACE('',(#6241),#6231,.T.);
#6243=DIRECTION('',(-0.311436,-0.950267,-0));
#6244=DIRECTION('',(0,0,-1));
#6245=AXIS2_PLACEMENT_3D('',#512,#6243,#6244);
#6246=PLANE('',#6245);
#6247=DIRECTION('',(0,0,1));
#6248=VECTOR('',#6247,9.6);
#6249=LINE('',#436,#6248);
#6250=EDGE_CURVE('',#437,#513,#6249,.T.);
#6251=ORIENTED_EDGE('',*,*,#6250,.F.);
#6252=DIRECTION('',(0,0,1));
#6253=VECTOR('',#6252,13.099998);
#6254=LINE('',#230,#6253);
#6255=EDGE_CURVE('',#231,#437,#6254,.T.);
#6256=ORIENTED_EDGE('',*,*,#6255,.F.);
#6257=DIRECTION('',(0.950267,-0.311436,0));
#6258=VECTOR('',#6257,2.968502);
#6259=LINE('',#230,#6258);
#6260=EDGE_CURVE('',#231,#253,#6259,.T.);
#6261=ORIENTED_EDGE('',*,*,#6260,.T.);
#6262=DIRECTION('',(0,0,1));
#6263=VECTOR('',#6262,13.099998);
#6264=LINE('',#252,#6263);
#6265=EDGE_CURVE('',#253,#471,#6264,.T.);
#6266=ORIENTED_EDGE('',*,*,#6265,.T.);
#6267=DIRECTION('',(0,0,1));
#6268=VECTOR('',#6267,9.6);
#6269=LINE('',#470,#6268);
#6270=EDGE_CURVE('',#471,#525,#6269,.T.);
#6271=ORIENTED_EDGE('',*,*,#6270,.T.);
#6272=DIRECTION('',(0.950267,-0.311436,0));
#6273=VECTOR('',#6272,2.968502);
#6274=LINE('',#512,#6273);
#6275=EDGE_CURVE('',#513,#525,#6274,.T.);
#6276=ORIENTED_EDGE('',*,*,#6275,.F.);
#6277=EDGE_LOOP('',(#6251,#6256,#6261,#6266,#6271,#6276));
#6278=FACE_OUTER_BOUND('',#6277,.T.);
#6279=ADVANCED_FACE('',(#6278),#6246,.T.);
#6280=DIRECTION('',(-0.320401,-0.947282,-0));
#6281=DIRECTION('',(0,0,-1));
#6282=AXIS2_PLACEMENT_3D('',#510,#6280,#6281);
#6283=PLANE('',#6282);
#6284=ORIENTED_EDGE('',*,*,#4898,.F.);
#6285=ORIENTED_EDGE('',*,*,#4910,.T.);
#6286=ORIENTED_EDGE('',*,*,#6250,.T.);
#6287=DIRECTION('',(0.947282,-0.320401,0));
#6288=VECTOR('',#6287,2.968498);
#6289=LINE('',#510,#6288);
#6290=EDGE_CURVE('',#511,#513,#6289,.T.);
#6291=ORIENTED_EDGE('',*,*,#6290,.F.);
#6292=EDGE_LOOP('',(#6284,#6285,#6286,#6291));
#6293=FACE_OUTER_BOUND('',#6292,.T.);
#6294=ADVANCED_FACE('',(#6293),#6283,.T.);
#6295=DIRECTION('',(-0.320401,-0.947282,-0));
#6296=DIRECTION('',(0,0,-1));
#6297=AXIS2_PLACEMENT_3D('',#430,#6295,#6296);
#6298=PLANE('',#6297);
#6299=DIRECTION('',(0.001626,-0.00055,0.999999));
#6300=VECTOR('',#6299,13.100018);
#6301=LINE('',#228,#6300);
#6302=EDGE_CURVE('',#229,#431,#6301,.T.);
#6303=ORIENTED_EDGE('',*,*,#6302,.F.);
#6304=DIRECTION('',(0.947282,-0.320401,0));
#6305=VECTOR('',#6304,2.968498);
#6306=LINE('',#228,#6305);
#6307=EDGE_CURVE('',#229,#231,#6306,.T.);
#6308=ORIENTED_EDGE('',*,*,#6307,.T.);
#6309=DIRECTION('',(-0.20784,0.070298,0.975633));
#6310=VECTOR('',#6309,13.427172);
#6311=LINE('',#230,#6310);
#6312=EDGE_CURVE('',#231,#431,#6311,.T.);
#6313=ORIENTED_EDGE('',*,*,#6312,.T.);
#6314=EDGE_LOOP('',(#6303,#6308,#6313));
#6315=FACE_OUTER_BOUND('',#6314,.T.);
#6316=ADVANCED_FACE('',(#6315),#6298,.T.);
#6317=DIRECTION('',(-0.355983,-0.934492,-0));
#6318=DIRECTION('',(0,0,-1));
#6319=AXIS2_PLACEMENT_3D('',#514,#6317,#6318);
#6320=PLANE('',#6319);
#6321=ORIENTED_EDGE('',*,*,#4952,.F.);
#6322=DIRECTION('',(0.934492,-0.355983,0));
#6323=VECTOR('',#6322,2.968491);
#6324=LINE('',#450,#6323);
#6325=EDGE_CURVE('',#451,#453,#6324,.T.);
#6326=ORIENTED_EDGE('',*,*,#6325,.T.);
#6327=ORIENTED_EDGE('',*,*,#4998,.T.);
#6328=DIRECTION('',(0.934492,-0.355983,0));
#6329=VECTOR('',#6328,2.968491);
#6330=LINE('',#514,#6329);
#6331=EDGE_CURVE('',#515,#517,#6330,.T.);
#6332=ORIENTED_EDGE('',*,*,#6331,.F.);
#6333=EDGE_LOOP('',(#6321,#6326,#6327,#6332));
#6334=FACE_OUTER_BOUND('',#6333,.T.);
#6335=ADVANCED_FACE('',(#6334),#6320,.T.);
#6336=DIRECTION('',(-0.338265,-0.941051,-0));
#6337=DIRECTION('',(0,0,-1));
#6338=AXIS2_PLACEMENT_3D('',#438,#6336,#6337);
#6339=PLANE('',#6338);
#6340=DIRECTION('',(-0.278004,0.09993,0.955368));
#6341=VECTOR('',#6340,9.943813);
#6342=LINE('',#438,#6341);
#6343=EDGE_CURVE('',#439,#519,#6342,.T.);
#6344=ORIENTED_EDGE('',*,*,#6343,.T.);
#6345=ORIENTED_EDGE('',*,*,#5023,.F.);
#6346=ORIENTED_EDGE('',*,*,#5050,.F.);
#6347=EDGE_LOOP('',(#6344,#6345,#6346));
#6348=FACE_OUTER_BOUND('',#6347,.T.);
#6349=ADVANCED_FACE('',(#6348),#6339,.T.);
#6350=DIRECTION('',(-0.293415,-0.955985,-0));
#6351=DIRECTION('',(0,0,-1));
#6352=AXIS2_PLACEMENT_3D('',#526,#6350,#6351);
#6353=PLANE('',#6352);
#6354=DIRECTION('',(0,0,1));
#6355=VECTOR('',#6354,9.6);
#6356=LINE('',#472,#6355);
#6357=EDGE_CURVE('',#473,#527,#6356,.T.);
#6358=ORIENTED_EDGE('',*,*,#6357,.F.);
#6359=DIRECTION('',(0,0,1));
#6360=VECTOR('',#6359,13.099998);
#6361=LINE('',#254,#6360);
#6362=EDGE_CURVE('',#255,#473,#6361,.T.);
#6363=ORIENTED_EDGE('',*,*,#6362,.F.);
#6364=DIRECTION('',(-0.955985,0.293415,0));
#6365=VECTOR('',#6364,2.968503);
#6366=LINE('',#248,#6365);
#6367=EDGE_CURVE('',#249,#255,#6366,.T.);
#6368=ORIENTED_EDGE('',*,*,#6367,.F.);
#6369=DIRECTION('',(0,0,1));
#6370=VECTOR('',#6369,13.099998);
#6371=LINE('',#248,#6370);
#6372=EDGE_CURVE('',#249,#465,#6371,.T.);
#6373=ORIENTED_EDGE('',*,*,#6372,.T.);
#6374=DIRECTION('',(0,0,1));
#6375=VECTOR('',#6374,9.6);
#6376=LINE('',#464,#6375);
#6377=EDGE_CURVE('',#465,#521,#6376,.T.);
#6378=ORIENTED_EDGE('',*,*,#6377,.T.);
#6379=DIRECTION('',(-0.955985,0.293415,0));
#6380=VECTOR('',#6379,2.968503);
#6381=LINE('',#520,#6380);
#6382=EDGE_CURVE('',#521,#527,#6381,.T.);
#6383=ORIENTED_EDGE('',*,*,#6382,.T.);
#6384=EDGE_LOOP('',(#6358,#6363,#6368,#6373,#6378,#6383));
#6385=FACE_OUTER_BOUND('',#6384,.T.);
#6386=ADVANCED_FACE('',(#6385),#6353,.T.);
#6387=DIRECTION('',(-0.284367,-0.958715,-0));
#6388=DIRECTION('',(0,0,-1));
#6389=AXIS2_PLACEMENT_3D('',#522,#6387,#6388);
#6390=PLANE('',#6389);
#6391=DIRECTION('',(0.958715,-0.284367,0));
#6392=VECTOR('',#6391,2.968509);
#6393=LINE('',#520,#6392);
#6394=EDGE_CURVE('',#521,#523,#6393,.T.);
#6395=ORIENTED_EDGE('',*,*,#6394,.F.);
#6396=ORIENTED_EDGE('',*,*,#6377,.F.);
#6397=ORIENTED_EDGE('',*,*,#6372,.F.);
#6398=DIRECTION('',(0.958715,-0.284367,0));
#6399=VECTOR('',#6398,2.968509);
#6400=LINE('',#248,#6399);
#6401=EDGE_CURVE('',#249,#251,#6400,.T.);
#6402=ORIENTED_EDGE('',*,*,#6401,.T.);
#6403=DIRECTION('',(0,0,1));
#6404=VECTOR('',#6403,13.099998);
#6405=LINE('',#250,#6404);
#6406=EDGE_CURVE('',#251,#467,#6405,.T.);
#6407=ORIENTED_EDGE('',*,*,#6406,.T.);
#6408=DIRECTION('',(0,0,1));
#6409=VECTOR('',#6408,0.1);
#6410=LINE('',#466,#6409);
#6411=EDGE_CURVE('',#467,#469,#6410,.T.);
#6412=ORIENTED_EDGE('',*,*,#6411,.T.);
#6413=DIRECTION('',(0,0,1));
#6414=VECTOR('',#6413,9.5);
#6415=LINE('',#468,#6414);
#6416=EDGE_CURVE('',#469,#523,#6415,.T.);
#6417=ORIENTED_EDGE('',*,*,#6416,.T.);
#6418=EDGE_LOOP('',(#6395,#6396,#6397,#6402,#6407,#6412,#6417));
#6419=FACE_OUTER_BOUND('',#6418,.T.);
#6420=ADVANCED_FACE('',(#6419),#6390,.T.);
#6421=DIRECTION('',(-0.302441,-0.953168,-0));
#6422=DIRECTION('',(0,0,-1));
#6423=AXIS2_PLACEMENT_3D('',#524,#6421,#6422);
#6424=PLANE('',#6423);
#6425=ORIENTED_EDGE('',*,*,#6270,.F.);
#6426=ORIENTED_EDGE('',*,*,#6265,.F.);
#6427=DIRECTION('',(0.953168,-0.302441,0));
#6428=VECTOR('',#6427,2.968503);
#6429=LINE('',#252,#6428);
#6430=EDGE_CURVE('',#253,#255,#6429,.T.);
#6431=ORIENTED_EDGE('',*,*,#6430,.T.);
#6432=ORIENTED_EDGE('',*,*,#6362,.T.);
#6433=ORIENTED_EDGE('',*,*,#6357,.T.);
#6434=DIRECTION('',(0.953168,-0.302441,0));
#6435=VECTOR('',#6434,2.968503);
#6436=LINE('',#524,#6435);
#6437=EDGE_CURVE('',#525,#527,#6436,.T.);
#6438=ORIENTED_EDGE('',*,*,#6437,.F.);
#6439=EDGE_LOOP('',(#6425,#6426,#6431,#6432,#6433,#6438));
#6440=FACE_OUTER_BOUND('',#6439,.T.);
#6441=ADVANCED_FACE('',(#6440),#6424,.T.);
#6442=DIRECTION('',(-0.27529,-0.961361,-0));
#6443=DIRECTION('',(0,0,-1));
#6444=AXIS2_PLACEMENT_3D('',#528,#6442,#6443);
#6445=PLANE('',#6444);
#6446=DIRECTION('',(0.961361,-0.27529,0));
#6447=VECTOR('',#6446,2.968505);
#6448=LINE('',#522,#6447);
#6449=EDGE_CURVE('',#523,#529,#6448,.T.);
#6450=ORIENTED_EDGE('',*,*,#6449,.F.);
#6451=ORIENTED_EDGE('',*,*,#6416,.F.);
#6452=ORIENTED_EDGE('',*,*,#6411,.F.);
#6453=ORIENTED_EDGE('',*,*,#6406,.F.);
#6454=DIRECTION('',(0.961361,-0.27529,0));
#6455=VECTOR('',#6454,2.968505);
#6456=LINE('',#250,#6455);
#6457=EDGE_CURVE('',#251,#257,#6456,.T.);
#6458=ORIENTED_EDGE('',*,*,#6457,.T.);
#6459=ORIENTED_EDGE('',*,*,#5077,.T.);
#6460=ORIENTED_EDGE('',*,*,#5072,.T.);
#6461=ORIENTED_EDGE('',*,*,#5067,.T.);
#6462=EDGE_LOOP('',(#6450,#6451,#6452,#6453,#6458,#6459,#6460,#6461));
#6463=FACE_OUTER_BOUND('',#6462,.T.);
#6464=ADVANCED_FACE('',(#6463),#6445,.T.);
#6465=DIRECTION('',(-0.257063,-0.966395,-0));
#6466=DIRECTION('',(0,0,-1));
#6467=AXIS2_PLACEMENT_3D('',#476,#6465,#6466);
#6468=PLANE('',#6467);
#6469=ORIENTED_EDGE('',*,*,#5087,.F.);
#6470=DIRECTION('',(0.966395,-0.257063,0));
#6471=VECTOR('',#6470,2.968501);
#6472=LINE('',#258,#6471);
#6473=EDGE_CURVE('',#259,#261,#6472,.T.);
#6474=ORIENTED_EDGE('',*,*,#6473,.T.);
#6475=ORIENTED_EDGE('',*,*,#5119,.T.);
#6476=ORIENTED_EDGE('',*,*,#5114,.T.);
#6477=ORIENTED_EDGE('',*,*,#5109,.T.);
#6478=DIRECTION('',(0.966395,-0.257063,0));
#6479=VECTOR('',#6478,2.968501);
#6480=LINE('',#530,#6479);
#6481=EDGE_CURVE('',#531,#533,#6480,.T.);
#6482=ORIENTED_EDGE('',*,*,#6481,.F.);
#6483=ORIENTED_EDGE('',*,*,#5097,.F.);
#6484=ORIENTED_EDGE('',*,*,#5092,.F.);
#6485=EDGE_LOOP('',(#6469,#6474,#6475,#6476,#6477,#6482,#6483,#6484));
#6486=FACE_OUTER_BOUND('',#6485,.T.);
#6487=ADVANCED_FACE('',(#6486),#6468,.T.);
#6488=DIRECTION('',(-0.338267,-0.94105,-0.000001));
#6489=DIRECTION('',(0,0.000001,-1));
#6490=AXIS2_PLACEMENT_3D('',#508,#6488,#6489);
#6491=PLANE('',#6490);
#6492=DIRECTION('',(-0.94105,0.338267,0));
#6493=VECTOR('',#6492,2.968512);
#6494=LINE('',#508,#6493);
#6495=EDGE_CURVE('',#509,#519,#6494,.T.);
#6496=ORIENTED_EDGE('',*,*,#6495,.T.);
#6497=ORIENTED_EDGE('',*,*,#6343,.F.);
#6498=ORIENTED_EDGE('',*,*,#6235,.T.);
#6499=EDGE_LOOP('',(#6496,#6497,#6498));
#6500=FACE_OUTER_BOUND('',#6499,.T.);
#6501=ADVANCED_FACE('',(#6500),#6491,.T.);
#6502=DIRECTION('',(-0,0,1));
#6503=DIRECTION('',(0,-1,0));
#6504=AXIS2_PLACEMENT_3D('',#1636,#6502,#6503);
#6505=PLANE('',#6504);
#6506=DIRECTION('',(0.998112,0.061414,0));
#6507=VECTOR('',#6506,2.675908);
#6508=LINE('',#1634,#6507);
#6509=EDGE_CURVE('',#1635,#1637,#6508,.T.);
#6510=ORIENTED_EDGE('',*,*,#6509,.F.);
#6511=DIRECTION('',(0.998649,0.051971,0));
#6512=VECTOR('',#6511,2.675907);
#6513=LINE('',#1632,#6512);
#6514=EDGE_CURVE('',#1633,#1635,#6513,.T.);
#6515=ORIENTED_EDGE('',*,*,#6514,.F.);
#6516=DIRECTION('',(0.999095,0.042539,0));
#6517=VECTOR('',#6516,2.675908);
#6518=LINE('',#1630,#6517);
#6519=EDGE_CURVE('',#1631,#1633,#6518,.T.);
#6520=ORIENTED_EDGE('',*,*,#6519,.F.);
#6521=DIRECTION('',(0.999453,0.033073,0));
#6522=VECTOR('',#6521,2.675906);
#6523=LINE('',#1628,#6522);
#6524=EDGE_CURVE('',#1629,#1631,#6523,.T.);
#6525=ORIENTED_EDGE('',*,*,#6524,.F.);
#6526=DIRECTION('',(0.99972,0.023642,0));
#6527=VECTOR('',#6526,2.675908);
#6528=LINE('',#1626,#6527);
#6529=EDGE_CURVE('',#1627,#1629,#6528,.T.);
#6530=ORIENTED_EDGE('',*,*,#6529,.F.);
#6531=DIRECTION('',(0.9999,0.014176,0));
#6532=VECTOR('',#6531,2.675907);
#6533=LINE('',#1624,#6532);
#6534=EDGE_CURVE('',#1625,#1627,#6533,.T.);
#6535=ORIENTED_EDGE('',*,*,#6534,.F.);
#6536=DIRECTION('',(0.999989,0.004721,0));
#6537=VECTOR('',#6536,2.675907);
#6538=LINE('',#1622,#6537);
#6539=EDGE_CURVE('',#1623,#1625,#6538,.T.);
#6540=ORIENTED_EDGE('',*,*,#6539,.F.);
#6541=DIRECTION('',(0.999989,-0.004721,0));
#6542=VECTOR('',#6541,2.675907);
#6543=LINE('',#956,#6542);
#6544=EDGE_CURVE('',#957,#1623,#6543,.T.);
#6545=ORIENTED_EDGE('',*,*,#6544,.F.);
#6546=DIRECTION('',(0.9999,-0.014176,0));
#6547=VECTOR('',#6546,2.675907);
#6548=LINE('',#954,#6547);
#6549=EDGE_CURVE('',#955,#957,#6548,.T.);
#6550=ORIENTED_EDGE('',*,*,#6549,.F.);
#6551=DIRECTION('',(0.99972,-0.023642,0));
#6552=VECTOR('',#6551,2.675908);
#6553=LINE('',#952,#6552);
#6554=EDGE_CURVE('',#953,#955,#6553,.T.);
#6555=ORIENTED_EDGE('',*,*,#6554,.F.);
#6556=DIRECTION('',(0.999453,-0.033073,0));
#6557=VECTOR('',#6556,2.675906);
#6558=LINE('',#950,#6557);
#6559=EDGE_CURVE('',#951,#953,#6558,.T.);
#6560=ORIENTED_EDGE('',*,*,#6559,.F.);
#6561=DIRECTION('',(0.999095,-0.042539,0));
#6562=VECTOR('',#6561,2.675908);
#6563=LINE('',#948,#6562);
#6564=EDGE_CURVE('',#949,#951,#6563,.T.);
#6565=ORIENTED_EDGE('',*,*,#6564,.F.);
#6566=DIRECTION('',(0.998649,-0.051971,0));
#6567=VECTOR('',#6566,2.675907);
#6568=LINE('',#946,#6567);
#6569=EDGE_CURVE('',#947,#949,#6568,.T.);
#6570=ORIENTED_EDGE('',*,*,#6569,.F.);
#6571=DIRECTION('',(0.998112,-0.061414,0));
#6572=VECTOR('',#6571,2.675908);
#6573=LINE('',#944,#6572);
#6574=EDGE_CURVE('',#945,#947,#6573,.T.);
#6575=ORIENTED_EDGE('',*,*,#6574,.F.);
#6576=DIRECTION('',(0.997487,-0.070845,0));
#6577=VECTOR('',#6576,2.675906);
#6578=LINE('',#942,#6577);
#6579=EDGE_CURVE('',#943,#945,#6578,.T.);
#6580=ORIENTED_EDGE('',*,*,#6579,.F.);
#6581=DIRECTION('',(0.996774,-0.080265,0));
#6582=VECTOR('',#6581,2.675906);
#6583=LINE('',#940,#6582);
#6584=EDGE_CURVE('',#941,#943,#6583,.T.);
#6585=ORIENTED_EDGE('',*,*,#6584,.F.);
#6586=DIRECTION('',(0.995969,-0.089697,0));
#6587=VECTOR('',#6586,2.675909);
#6588=LINE('',#938,#6587);
#6589=EDGE_CURVE('',#939,#941,#6588,.T.);
#6590=ORIENTED_EDGE('',*,*,#6589,.F.);
#6591=DIRECTION('',(0.995078,-0.099094,0));
#6592=VECTOR('',#6591,2.675904);
#6593=LINE('',#934,#6592);
#6594=EDGE_CURVE('',#935,#939,#6593,.T.);
#6595=ORIENTED_EDGE('',*,*,#6594,.F.);
#6596=DIRECTION('',(-0.994095,0.108514,0));
#6597=VECTOR('',#6596,2.675912);
#6598=LINE('',#934,#6597);
#6599=EDGE_CURVE('',#935,#937,#6598,.T.);
#6600=ORIENTED_EDGE('',*,*,#6599,.T.);
#6601=DIRECTION('',(0.993027,-0.117889,0));
#6602=VECTOR('',#6601,2.675902);
#6603=LINE('',#932,#6602);
#6604=EDGE_CURVE('',#933,#937,#6603,.T.);
#6605=ORIENTED_EDGE('',*,*,#6604,.F.);
#6606=DIRECTION('',(0.991866,-0.127286,0));
#6607=VECTOR('',#6606,2.67591);
#6608=LINE('',#930,#6607);
#6609=EDGE_CURVE('',#931,#933,#6608,.T.);
#6610=ORIENTED_EDGE('',*,*,#6609,.F.);
#6611=DIRECTION('',(0.990619,-0.13665,0));
#6612=VECTOR('',#6611,2.675904);
#6613=LINE('',#920,#6612);
#6614=EDGE_CURVE('',#921,#931,#6613,.T.);
#6615=ORIENTED_EDGE('',*,*,#6614,.F.);
#6616=DIRECTION('',(0.989283,-0.146013,0));
#6617=VECTOR('',#6616,2.67591);
#6618=LINE('',#918,#6617);
#6619=EDGE_CURVE('',#919,#921,#6618,.T.);
#6620=ORIENTED_EDGE('',*,*,#6619,.F.);
#6621=DIRECTION('',(0.987859,-0.155353,0));
#6622=VECTOR('',#6621,2.675906);
#6623=LINE('',#916,#6622);
#6624=EDGE_CURVE('',#917,#919,#6623,.T.);
#6625=ORIENTED_EDGE('',*,*,#6624,.F.);
#6626=DIRECTION('',(-0.986345,0.164693,0));
#6627=VECTOR('',#6626,2.675906);
#6628=LINE('',#916,#6627);
#6629=EDGE_CURVE('',#917,#929,#6628,.T.);
#6630=ORIENTED_EDGE('',*,*,#6629,.T.);
#6631=DIRECTION('',(0.984746,-0.174,0));
#6632=VECTOR('',#6631,2.675905);
#6633=LINE('',#926,#6632);
#6634=EDGE_CURVE('',#927,#929,#6633,.T.);
#6635=ORIENTED_EDGE('',*,*,#6634,.F.);
#6636=DIRECTION('',(0.983054,-0.183317,0));
#6637=VECTOR('',#6636,2.675912);
#6638=LINE('',#924,#6637);
#6639=EDGE_CURVE('',#925,#927,#6638,.T.);
#6640=ORIENTED_EDGE('',*,*,#6639,.F.);
#6641=DIRECTION('',(0.981279,-0.192589,0));
#6642=VECTOR('',#6641,2.675903);
#6643=LINE('',#922,#6642);
#6644=EDGE_CURVE('',#923,#925,#6643,.T.);
#6645=ORIENTED_EDGE('',*,*,#6644,.F.);
#6646=DIRECTION('',(0.979414,-0.201861,0));
#6647=VECTOR('',#6646,2.675909);
#6648=LINE('',#914,#6647);
#6649=EDGE_CURVE('',#915,#923,#6648,.T.);
#6650=ORIENTED_EDGE('',*,*,#6649,.F.);
#6651=DIRECTION('',(0.977462,-0.21111,0));
#6652=VECTOR('',#6651,2.675906);
#6653=LINE('',#912,#6652);
#6654=EDGE_CURVE('',#913,#915,#6653,.T.);
#6655=ORIENTED_EDGE('',*,*,#6654,.F.);
#6656=DIRECTION('',(0.975421,-0.220347,0));
#6657=VECTOR('',#6656,2.675912);
#6658=LINE('',#910,#6657);
#6659=EDGE_CURVE('',#911,#913,#6658,.T.);
#6660=ORIENTED_EDGE('',*,*,#6659,.F.);
#6661=DIRECTION('',(0.973297,-0.229551,0));
#6662=VECTOR('',#6661,2.675906);
#6663=LINE('',#908,#6662);
#6664=EDGE_CURVE('',#909,#911,#6663,.T.);
#6665=ORIENTED_EDGE('',*,*,#6664,.F.);
#6666=DIRECTION('',(0.971083,-0.238743,0));
#6667=VECTOR('',#6666,2.675906);
#6668=LINE('',#906,#6667);
#6669=EDGE_CURVE('',#907,#909,#6668,.T.);
#6670=ORIENTED_EDGE('',*,*,#6669,.F.);
#6671=DIRECTION('',(0.968782,-0.247913,0));
#6672=VECTOR('',#6671,2.675905);
#6673=LINE('',#904,#6672);
#6674=EDGE_CURVE('',#905,#907,#6673,.T.);
#6675=ORIENTED_EDGE('',*,*,#6674,.F.);
#6676=DIRECTION('',(0.966393,-0.25707,0));
#6677=VECTOR('',#6676,2.675913);
#6678=LINE('',#900,#6677);
#6679=EDGE_CURVE('',#901,#905,#6678,.T.);
#6680=ORIENTED_EDGE('',*,*,#6679,.F.);
#6681=DIRECTION('',(-0.963922,0.266183,0));
#6682=VECTOR('',#6681,2.675901);
#6683=LINE('',#900,#6682);
#6684=EDGE_CURVE('',#901,#903,#6683,.T.);
#6685=ORIENTED_EDGE('',*,*,#6684,.T.);
#6686=DIRECTION('',(0.961363,-0.275284,0));
#6687=VECTOR('',#6686,2.675906);
#6688=LINE('',#628,#6687);
#6689=EDGE_CURVE('',#629,#903,#6688,.T.);
#6690=ORIENTED_EDGE('',*,*,#6689,.F.);
#6691=DIRECTION('',(0.958714,-0.284372,0));
#6692=VECTOR('',#6691,2.675915);
#6693=LINE('',#626,#6692);
#6694=EDGE_CURVE('',#627,#629,#6693,.T.);
#6695=ORIENTED_EDGE('',*,*,#6694,.F.);
#6696=DIRECTION('',(-0.955984,0.293417,0));
#6697=VECTOR('',#6696,2.675902);
#6698=LINE('',#626,#6697);
#6699=EDGE_CURVE('',#627,#655,#6698,.T.);
#6700=ORIENTED_EDGE('',*,*,#6699,.T.);
#6701=DIRECTION('',(0.953169,-0.302438,0));
#6702=VECTOR('',#6701,2.675906);
#6703=LINE('',#648,#6702);
#6704=EDGE_CURVE('',#649,#655,#6703,.T.);
#6705=ORIENTED_EDGE('',*,*,#6704,.F.);
#6706=DIRECTION('',(-0.950267,0.311436,0));
#6707=VECTOR('',#6706,2.675912);
#6708=LINE('',#648,#6707);
#6709=EDGE_CURVE('',#649,#651,#6708,.T.);
#6710=ORIENTED_EDGE('',*,*,#6709,.T.);
#6711=DIRECTION('',(0.947282,-0.320401,0));
#6712=VECTOR('',#6711,2.675896);
#6713=LINE('',#646,#6712);
#6714=EDGE_CURVE('',#647,#651,#6713,.T.);
#6715=ORIENTED_EDGE('',*,*,#6714,.F.);
#6716=DIRECTION('',(-0.944207,0.329352,0));
#6717=VECTOR('',#6716,2.675915);
#6718=LINE('',#646,#6717);
#6719=EDGE_CURVE('',#647,#653,#6718,.T.);
#6720=ORIENTED_EDGE('',*,*,#6719,.T.);
#6721=DIRECTION('',(0.941053,-0.338259,0));
#6722=VECTOR('',#6721,2.67591);
#6723=LINE('',#636,#6722);
#6724=EDGE_CURVE('',#637,#653,#6723,.T.);
#6725=ORIENTED_EDGE('',*,*,#6724,.F.);
#6726=DIRECTION('',(0.937816,-0.347134,0));
#6727=VECTOR('',#6726,2.675897);
#6728=LINE('',#634,#6727);
#6729=EDGE_CURVE('',#635,#637,#6728,.T.);
#6730=ORIENTED_EDGE('',*,*,#6729,.F.);
#6731=DIRECTION('',(0.934489,-0.355993,0));
#6732=VECTOR('',#6731,2.675913);
#6733=LINE('',#632,#6732);
#6734=EDGE_CURVE('',#633,#635,#6733,.T.);
#6735=ORIENTED_EDGE('',*,*,#6734,.F.);
#6736=DIRECTION('',(0.931082,-0.36481,0));
#6737=VECTOR('',#6736,2.675904);
#6738=LINE('',#630,#6737);
#6739=EDGE_CURVE('',#631,#633,#6738,.T.);
#6740=ORIENTED_EDGE('',*,*,#6739,.F.);
#6741=DIRECTION('',(-0.927593,0.373592,0));
#6742=VECTOR('',#6741,2.675901);
#6743=LINE('',#630,#6742);
#6744=EDGE_CURVE('',#631,#645,#6743,.T.);
#6745=ORIENTED_EDGE('',*,*,#6744,.T.);
#6746=DIRECTION('',(0.924018,-0.382349,0));
#6747=VECTOR('',#6746,2.675909);
#6748=LINE('',#642,#6747);
#6749=EDGE_CURVE('',#643,#645,#6748,.T.);
#6750=ORIENTED_EDGE('',*,*,#6749,.F.);
#6751=DIRECTION('',(0.920364,-0.391063,0));
#6752=VECTOR('',#6751,2.675905);
#6753=LINE('',#640,#6752);
#6754=EDGE_CURVE('',#641,#643,#6753,.T.);
#6755=ORIENTED_EDGE('',*,*,#6754,.F.);
#6756=DIRECTION('',(0.916623,-0.399752,0));
#6757=VECTOR('',#6756,2.675913);
#6758=LINE('',#638,#6757);
#6759=EDGE_CURVE('',#639,#641,#6758,.T.);
#6760=ORIENTED_EDGE('',*,*,#6759,.F.);
#6761=DIRECTION('',(0.912804,-0.408397,0));
#6762=VECTOR('',#6761,2.675909);
#6763=LINE('',#624,#6762);
#6764=EDGE_CURVE('',#625,#639,#6763,.T.);
#6765=ORIENTED_EDGE('',*,*,#6764,.F.);
#6766=DIRECTION('',(0.908903,-0.417009,0));
#6767=VECTOR('',#6766,2.675905);
#6768=LINE('',#622,#6767);
#6769=EDGE_CURVE('',#623,#625,#6768,.T.);
#6770=ORIENTED_EDGE('',*,*,#6769,.F.);
#6771=DIRECTION('',(0.904919,-0.425583,0));
#6772=VECTOR('',#6771,2.675914);
#6773=LINE('',#620,#6772);
#6774=EDGE_CURVE('',#621,#623,#6773,.T.);
#6775=ORIENTED_EDGE('',*,*,#6774,.F.);
#6776=DIRECTION('',(0.900857,-0.434116,0));
#6777=VECTOR('',#6776,2.675903);
#6778=LINE('',#618,#6777);
#6779=EDGE_CURVE('',#619,#621,#6778,.T.);
#6780=ORIENTED_EDGE('',*,*,#6779,.F.);
#6781=DIRECTION('',(0.438371,0.898794,0));
#6782=VECTOR('',#6781,30.950012);
#6783=LINE('',#608,#6782);
#6784=EDGE_CURVE('',#609,#619,#6783,.T.);
#6785=ORIENTED_EDGE('',*,*,#6784,.F.);
#6786=DIRECTION('',(0.900858,-0.434114,0));
#6787=VECTOR('',#6786,2.968497);
#6788=LINE('',#608,#6787);
#6789=EDGE_CURVE('',#609,#611,#6788,.T.);
#6790=ORIENTED_EDGE('',*,*,#6789,.T.);
#6791=DIRECTION('',(0.904921,-0.42558,0));
#6792=VECTOR('',#6791,2.968507);
#6793=LINE('',#610,#6792);
#6794=EDGE_CURVE('',#611,#613,#6793,.T.);
#6795=ORIENTED_EDGE('',*,*,#6794,.T.);
#6796=DIRECTION('',(0.908903,-0.417007,0));
#6797=VECTOR('',#6796,2.968495);
#6798=LINE('',#612,#6797);
#6799=EDGE_CURVE('',#613,#615,#6798,.T.);
#6800=ORIENTED_EDGE('',*,*,#6799,.T.);
#6801=DIRECTION('',(0.912803,-0.408401,0));
#6802=VECTOR('',#6801,2.968509);
#6803=LINE('',#614,#6802);
#6804=EDGE_CURVE('',#615,#617,#6803,.T.);
#6805=ORIENTED_EDGE('',*,*,#6804,.T.);
#6806=ORIENTED_EDGE('',*,*,#6156,.F.);
#6807=ORIENTED_EDGE('',*,*,#4799,.T.);
#6808=ORIENTED_EDGE('',*,*,#6194,.T.);
#6809=ORIENTED_EDGE('',*,*,#6222,.F.);
#6810=ORIENTED_EDGE('',*,*,#4957,.T.);
#6811=ORIENTED_EDGE('',*,*,#6331,.T.);
#6812=ORIENTED_EDGE('',*,*,#5028,.T.);
#6813=ORIENTED_EDGE('',*,*,#6495,.F.);
#6814=ORIENTED_EDGE('',*,*,#4863,.T.);
#6815=ORIENTED_EDGE('',*,*,#6290,.T.);
#6816=ORIENTED_EDGE('',*,*,#6275,.T.);
#6817=ORIENTED_EDGE('',*,*,#6437,.T.);
#6818=ORIENTED_EDGE('',*,*,#6382,.F.);
#6819=ORIENTED_EDGE('',*,*,#6394,.T.);
#6820=ORIENTED_EDGE('',*,*,#6449,.T.);
#6821=ORIENTED_EDGE('',*,*,#5062,.T.);
#6822=ORIENTED_EDGE('',*,*,#6481,.T.);
#6823=ORIENTED_EDGE('',*,*,#5139,.T.);
#6824=DIRECTION('',(0.97108,-0.238753,0));
#6825=VECTOR('',#6824,2.968508);
#6826=LINE('',#790,#6825);
#6827=EDGE_CURVE('',#791,#793,#6826,.T.);
#6828=ORIENTED_EDGE('',*,*,#6827,.T.);
#6829=DIRECTION('',(0.973296,-0.229552,0));
#6830=VECTOR('',#6829,2.968506);
#6831=LINE('',#792,#6830);
#6832=EDGE_CURVE('',#793,#797,#6831,.T.);
#6833=ORIENTED_EDGE('',*,*,#6832,.T.);
#6834=DIRECTION('',(-0.975423,0.220342,0));
#6835=VECTOR('',#6834,2.968496);
#6836=LINE('',#794,#6835);
#6837=EDGE_CURVE('',#795,#797,#6836,.T.);
#6838=ORIENTED_EDGE('',*,*,#6837,.F.);
#6839=DIRECTION('',(0.977463,-0.211109,0));
#6840=VECTOR('',#6839,2.968506);
#6841=LINE('',#794,#6840);
#6842=EDGE_CURVE('',#795,#801,#6841,.T.);
#6843=ORIENTED_EDGE('',*,*,#6842,.T.);
#6844=DIRECTION('',(0.979413,-0.201867,0));
#6845=VECTOR('',#6844,2.968507);
#6846=LINE('',#800,#6845);
#6847=EDGE_CURVE('',#801,#803,#6846,.T.);
#6848=ORIENTED_EDGE('',*,*,#6847,.T.);
#6849=DIRECTION('',(-0.98128,0.192584,0));
#6850=VECTOR('',#6849,2.968495);
#6851=LINE('',#798,#6850);
#6852=EDGE_CURVE('',#799,#803,#6851,.T.);
#6853=ORIENTED_EDGE('',*,*,#6852,.F.);
#6854=DIRECTION('',(0.983055,-0.183311,0));
#6855=VECTOR('',#6854,2.968507);
#6856=LINE('',#798,#6855);
#6857=EDGE_CURVE('',#799,#805,#6856,.T.);
#6858=ORIENTED_EDGE('',*,*,#6857,.T.);
#6859=DIRECTION('',(0.984744,-0.174007,0));
#6860=VECTOR('',#6859,2.968504);
#6861=LINE('',#804,#6860);
#6862=EDGE_CURVE('',#805,#807,#6861,.T.);
#6863=ORIENTED_EDGE('',*,*,#6862,.T.);
#6864=DIRECTION('',(0.986345,-0.164693,0));
#6865=VECTOR('',#6864,2.968502);
#6866=LINE('',#806,#6865);
#6867=EDGE_CURVE('',#807,#809,#6866,.T.);
#6868=ORIENTED_EDGE('',*,*,#6867,.T.);
#6869=DIRECTION('',(0.987858,-0.155358,0));
#6870=VECTOR('',#6869,2.968504);
#6871=LINE('',#808,#6870);
#6872=EDGE_CURVE('',#809,#811,#6871,.T.);
#6873=ORIENTED_EDGE('',*,*,#6872,.T.);
#6874=DIRECTION('',(0.989284,-0.146003,0));
#6875=VECTOR('',#6874,2.968501);
#6876=LINE('',#810,#6875);
#6877=EDGE_CURVE('',#811,#813,#6876,.T.);
#6878=ORIENTED_EDGE('',*,*,#6877,.T.);
#6879=DIRECTION('',(0.990618,-0.136658,0));
#6880=VECTOR('',#6879,2.968504);
#6881=LINE('',#812,#6880);
#6882=EDGE_CURVE('',#813,#815,#6881,.T.);
#6883=ORIENTED_EDGE('',*,*,#6882,.T.);
#6884=DIRECTION('',(0.991867,-0.127282,0));
#6885=VECTOR('',#6884,2.968503);
#6886=LINE('',#814,#6885);
#6887=EDGE_CURVE('',#815,#825,#6886,.T.);
#6888=ORIENTED_EDGE('',*,*,#6887,.T.);
#6889=DIRECTION('',(0.993026,-0.117896,0));
#6890=VECTOR('',#6889,2.968502);
#6891=LINE('',#824,#6890);
#6892=EDGE_CURVE('',#825,#827,#6891,.T.);
#6893=ORIENTED_EDGE('',*,*,#6892,.T.);
#6894=DIRECTION('',(0.994096,-0.1085,0));
#6895=VECTOR('',#6894,2.968502);
#6896=LINE('',#826,#6895);
#6897=EDGE_CURVE('',#827,#829,#6896,.T.);
#6898=ORIENTED_EDGE('',*,*,#6897,.T.);
#6899=DIRECTION('',(-0.995077,0.099104,0));
#6900=VECTOR('',#6899,2.968503);
#6901=LINE('',#816,#6900);
#6902=EDGE_CURVE('',#817,#829,#6901,.T.);
#6903=ORIENTED_EDGE('',*,*,#6902,.F.);
#6904=DIRECTION('',(0.995969,-0.089697,0));
#6905=VECTOR('',#6904,2.968505);
#6906=LINE('',#816,#6905);
#6907=EDGE_CURVE('',#817,#819,#6906,.T.);
#6908=ORIENTED_EDGE('',*,*,#6907,.T.);
#6909=DIRECTION('',(0.996773,-0.08027,0));
#6910=VECTOR('',#6909,2.968504);
#6911=LINE('',#818,#6910);
#6912=EDGE_CURVE('',#819,#821,#6911,.T.);
#6913=ORIENTED_EDGE('',*,*,#6912,.T.);
#6914=DIRECTION('',(0.997488,-0.070843,0));
#6915=VECTOR('',#6914,2.968503);
#6916=LINE('',#820,#6915);
#6917=EDGE_CURVE('',#821,#823,#6916,.T.);
#6918=ORIENTED_EDGE('',*,*,#6917,.T.);
#6919=DIRECTION('',(0.998112,-0.061415,0));
#6920=VECTOR('',#6919,2.968504);
#6921=LINE('',#822,#6920);
#6922=EDGE_CURVE('',#823,#831,#6921,.T.);
#6923=ORIENTED_EDGE('',*,*,#6922,.T.);
#6924=DIRECTION('',(0.998649,-0.051968,0));
#6925=VECTOR('',#6924,2.968502);
#6926=LINE('',#830,#6925);
#6927=EDGE_CURVE('',#831,#833,#6926,.T.);
#6928=ORIENTED_EDGE('',*,*,#6927,.T.);
#6929=DIRECTION('',(0.999095,-0.04253,0));
#6930=VECTOR('',#6929,2.968502);
#6931=LINE('',#832,#6930);
#6932=EDGE_CURVE('',#833,#835,#6931,.T.);
#6933=ORIENTED_EDGE('',*,*,#6932,.T.);
#6934=DIRECTION('',(0.999453,-0.033083,0));
#6935=VECTOR('',#6934,2.968504);
#6936=LINE('',#834,#6935);
#6937=EDGE_CURVE('',#835,#837,#6936,.T.);
#6938=ORIENTED_EDGE('',*,*,#6937,.T.);
#6939=DIRECTION('',(0.999721,-0.023635,0));
#6940=VECTOR('',#6939,2.968503);
#6941=LINE('',#836,#6940);
#6942=EDGE_CURVE('',#837,#839,#6941,.T.);
#6943=ORIENTED_EDGE('',*,*,#6942,.T.);
#6944=DIRECTION('',(0.9999,-0.014177,0));
#6945=VECTOR('',#6944,2.968503);
#6946=LINE('',#838,#6945);
#6947=EDGE_CURVE('',#839,#841,#6946,.T.);
#6948=ORIENTED_EDGE('',*,*,#6947,.T.);
#6949=DIRECTION('',(0.999989,-0.004729,0));
#6950=VECTOR('',#6949,2.968503);
#6951=LINE('',#840,#6950);
#6952=EDGE_CURVE('',#841,#1509,#6951,.T.);
#6953=ORIENTED_EDGE('',*,*,#6952,.T.);
#6954=DIRECTION('',(0.999989,0.004729,0));
#6955=VECTOR('',#6954,2.968503);
#6956=LINE('',#1508,#6955);
#6957=EDGE_CURVE('',#1509,#1511,#6956,.T.);
#6958=ORIENTED_EDGE('',*,*,#6957,.T.);
#6959=DIRECTION('',(0.9999,0.014177,0));
#6960=VECTOR('',#6959,2.968503);
#6961=LINE('',#1510,#6960);
#6962=EDGE_CURVE('',#1511,#1513,#6961,.T.);
#6963=ORIENTED_EDGE('',*,*,#6962,.T.);
#6964=DIRECTION('',(0.999721,0.023635,0));
#6965=VECTOR('',#6964,2.968503);
#6966=LINE('',#1512,#6965);
#6967=EDGE_CURVE('',#1513,#1515,#6966,.T.);
#6968=ORIENTED_EDGE('',*,*,#6967,.T.);
#6969=DIRECTION('',(0.999453,0.033083,0));
#6970=VECTOR('',#6969,2.968504);
#6971=LINE('',#1514,#6970);
#6972=EDGE_CURVE('',#1515,#1517,#6971,.T.);
#6973=ORIENTED_EDGE('',*,*,#6972,.T.);
#6974=DIRECTION('',(0.999095,0.04253,0));
#6975=VECTOR('',#6974,2.968502);
#6976=LINE('',#1516,#6975);
#6977=EDGE_CURVE('',#1517,#1519,#6976,.T.);
#6978=ORIENTED_EDGE('',*,*,#6977,.T.);
#6979=DIRECTION('',(0.998649,0.051968,0));
#6980=VECTOR('',#6979,2.968502);
#6981=LINE('',#1518,#6980);
#6982=EDGE_CURVE('',#1519,#1521,#6981,.T.);
#6983=ORIENTED_EDGE('',*,*,#6982,.T.);
#6984=DIRECTION('',(0.998112,0.061415,0));
#6985=VECTOR('',#6984,2.968504);
#6986=LINE('',#1520,#6985);
#6987=EDGE_CURVE('',#1521,#1523,#6986,.T.);
#6988=ORIENTED_EDGE('',*,*,#6987,.T.);
#6989=DIRECTION('',(0.997488,0.070843,0));
#6990=VECTOR('',#6989,2.968503);
#6991=LINE('',#1522,#6990);
#6992=EDGE_CURVE('',#1523,#1525,#6991,.T.);
#6993=ORIENTED_EDGE('',*,*,#6992,.T.);
#6994=DIRECTION('',(0.996773,0.08027,0));
#6995=VECTOR('',#6994,2.968504);
#6996=LINE('',#1524,#6995);
#6997=EDGE_CURVE('',#1525,#1527,#6996,.T.);
#6998=ORIENTED_EDGE('',*,*,#6997,.T.);
#6999=DIRECTION('',(0.995969,0.089697,0));
#7000=VECTOR('',#6999,2.968505);
#7001=LINE('',#1526,#7000);
#7002=EDGE_CURVE('',#1527,#1529,#7001,.T.);
#7003=ORIENTED_EDGE('',*,*,#7002,.T.);
#7004=DIRECTION('',(0.995077,0.099104,0));
#7005=VECTOR('',#7004,2.968503);
#7006=LINE('',#1528,#7005);
#7007=EDGE_CURVE('',#1529,#1531,#7006,.T.);
#7008=ORIENTED_EDGE('',*,*,#7007,.T.);
#7009=DIRECTION('',(0.994096,0.1085,0));
#7010=VECTOR('',#7009,2.968502);
#7011=LINE('',#1530,#7010);
#7012=EDGE_CURVE('',#1531,#1533,#7011,.T.);
#7013=ORIENTED_EDGE('',*,*,#7012,.T.);
#7014=DIRECTION('',(0.993026,0.117896,0));
#7015=VECTOR('',#7014,2.968502);
#7016=LINE('',#1532,#7015);
#7017=EDGE_CURVE('',#1533,#1535,#7016,.T.);
#7018=ORIENTED_EDGE('',*,*,#7017,.T.);
#7019=DIRECTION('',(0.991867,0.127282,0));
#7020=VECTOR('',#7019,2.968503);
#7021=LINE('',#1534,#7020);
#7022=EDGE_CURVE('',#1535,#1537,#7021,.T.);
#7023=ORIENTED_EDGE('',*,*,#7022,.T.);
#7024=DIRECTION('',(0.990618,0.136658,0));
#7025=VECTOR('',#7024,2.968504);
#7026=LINE('',#1536,#7025);
#7027=EDGE_CURVE('',#1537,#1539,#7026,.T.);
#7028=ORIENTED_EDGE('',*,*,#7027,.T.);
#7029=DIRECTION('',(0.989284,0.146003,0));
#7030=VECTOR('',#7029,2.968501);
#7031=LINE('',#1538,#7030);
#7032=EDGE_CURVE('',#1539,#1541,#7031,.T.);
#7033=ORIENTED_EDGE('',*,*,#7032,.T.);
#7034=DIRECTION('',(0.987858,0.155358,0));
#7035=VECTOR('',#7034,2.968504);
#7036=LINE('',#1540,#7035);
#7037=EDGE_CURVE('',#1541,#1543,#7036,.T.);
#7038=ORIENTED_EDGE('',*,*,#7037,.T.);
#7039=DIRECTION('',(0.986345,0.164693,0));
#7040=VECTOR('',#7039,2.968502);
#7041=LINE('',#1542,#7040);
#7042=EDGE_CURVE('',#1543,#1545,#7041,.T.);
#7043=ORIENTED_EDGE('',*,*,#7042,.T.);
#7044=DIRECTION('',(0.984744,0.174007,0));
#7045=VECTOR('',#7044,2.968504);
#7046=LINE('',#1544,#7045);
#7047=EDGE_CURVE('',#1545,#1547,#7046,.T.);
#7048=ORIENTED_EDGE('',*,*,#7047,.T.);
#7049=DIRECTION('',(0.983055,0.183311,0));
#7050=VECTOR('',#7049,2.968507);
#7051=LINE('',#1546,#7050);
#7052=EDGE_CURVE('',#1547,#1549,#7051,.T.);
#7053=ORIENTED_EDGE('',*,*,#7052,.T.);
#7054=DIRECTION('',(0.98128,0.192584,0));
#7055=VECTOR('',#7054,2.968495);
#7056=LINE('',#1548,#7055);
#7057=EDGE_CURVE('',#1549,#1551,#7056,.T.);
#7058=ORIENTED_EDGE('',*,*,#7057,.T.);
#7059=DIRECTION('',(0.979413,0.201867,0));
#7060=VECTOR('',#7059,2.968507);
#7061=LINE('',#1550,#7060);
#7062=EDGE_CURVE('',#1551,#1553,#7061,.T.);
#7063=ORIENTED_EDGE('',*,*,#7062,.T.);
#7064=DIRECTION('',(0.977463,0.211109,0));
#7065=VECTOR('',#7064,2.968506);
#7066=LINE('',#1552,#7065);
#7067=EDGE_CURVE('',#1553,#1555,#7066,.T.);
#7068=ORIENTED_EDGE('',*,*,#7067,.T.);
#7069=DIRECTION('',(0.975423,0.220342,0));
#7070=VECTOR('',#7069,2.968496);
#7071=LINE('',#1554,#7070);
#7072=EDGE_CURVE('',#1555,#1557,#7071,.T.);
#7073=ORIENTED_EDGE('',*,*,#7072,.T.);
#7074=DIRECTION('',(0.973296,0.229552,0));
#7075=VECTOR('',#7074,2.968506);
#7076=LINE('',#1556,#7075);
#7077=EDGE_CURVE('',#1557,#1559,#7076,.T.);
#7078=ORIENTED_EDGE('',*,*,#7077,.T.);
#7079=DIRECTION('',(0.97108,0.238753,0));
#7080=VECTOR('',#7079,2.968508);
#7081=LINE('',#1558,#7080);
#7082=EDGE_CURVE('',#1559,#1561,#7081,.T.);
#7083=ORIENTED_EDGE('',*,*,#7082,.T.);
#7084=DIRECTION('',(0.968782,0.247913,0));
#7085=VECTOR('',#7084,2.968502);
#7086=LINE('',#1560,#7085);
#7087=EDGE_CURVE('',#1561,#1753,#7086,.T.);
#7088=ORIENTED_EDGE('',*,*,#7087,.T.);
#7089=DIRECTION('',(0.966395,0.257063,0));
#7090=VECTOR('',#7089,2.968501);
#7091=LINE('',#1752,#7090);
#7092=EDGE_CURVE('',#1753,#1755,#7091,.T.);
#7093=ORIENTED_EDGE('',*,*,#7092,.T.);
#7094=DIRECTION('',(0.963923,0.266182,0));
#7095=VECTOR('',#7094,2.9685);
#7096=LINE('',#1754,#7095);
#7097=EDGE_CURVE('',#1755,#1757,#7096,.T.);
#7098=ORIENTED_EDGE('',*,*,#7097,.T.);
#7099=DIRECTION('',(0.961361,0.27529,0));
#7100=VECTOR('',#7099,2.968505);
#7101=LINE('',#1756,#7100);
#7102=EDGE_CURVE('',#1757,#1759,#7101,.T.);
#7103=ORIENTED_EDGE('',*,*,#7102,.T.);
#7104=DIRECTION('',(0.958715,0.284367,0));
#7105=VECTOR('',#7104,2.968509);
#7106=LINE('',#1758,#7105);
#7107=EDGE_CURVE('',#1759,#1761,#7106,.T.);
#7108=ORIENTED_EDGE('',*,*,#7107,.T.);
#7109=DIRECTION('',(0.955985,0.293415,0));
#7110=VECTOR('',#7109,2.968503);
#7111=LINE('',#1760,#7110);
#7112=EDGE_CURVE('',#1761,#1763,#7111,.T.);
#7113=ORIENTED_EDGE('',*,*,#7112,.T.);
#7114=DIRECTION('',(0.953168,0.302441,0));
#7115=VECTOR('',#7114,2.968503);
#7116=LINE('',#1762,#7115);
#7117=EDGE_CURVE('',#1763,#1765,#7116,.T.);
#7118=ORIENTED_EDGE('',*,*,#7117,.T.);
#7119=DIRECTION('',(0.950267,0.311436,0));
#7120=VECTOR('',#7119,2.968502);
#7121=LINE('',#1764,#7120);
#7122=EDGE_CURVE('',#1765,#1767,#7121,.T.);
#7123=ORIENTED_EDGE('',*,*,#7122,.T.);
#7124=DIRECTION('',(0.947282,0.320401,0));
#7125=VECTOR('',#7124,2.968498);
#7126=LINE('',#1766,#7125);
#7127=EDGE_CURVE('',#1767,#1769,#7126,.T.);
#7128=ORIENTED_EDGE('',*,*,#7127,.T.);
#7129=DIRECTION('',(0.94421,0.329345,0));
#7130=VECTOR('',#7129,2.968501);
#7131=LINE('',#1768,#7130);
#7132=EDGE_CURVE('',#1769,#1771,#7131,.T.);
#7133=ORIENTED_EDGE('',*,*,#7132,.T.);
#7134=DIRECTION('',(0.94105,0.338267,0));
#7135=VECTOR('',#7134,2.968512);
#7136=LINE('',#1770,#7135);
#7137=EDGE_CURVE('',#1771,#1773,#7136,.T.);
#7138=ORIENTED_EDGE('',*,*,#7137,.T.);
#7139=DIRECTION('',(0.937813,0.34714,0));
#7140=VECTOR('',#7139,2.968506);
#7141=LINE('',#1772,#7140);
#7142=EDGE_CURVE('',#1773,#1775,#7141,.T.);
#7143=ORIENTED_EDGE('',*,*,#7142,.T.);
#7144=DIRECTION('',(0.934492,0.355983,0));
#7145=VECTOR('',#7144,2.968491);
#7146=LINE('',#1774,#7145);
#7147=EDGE_CURVE('',#1775,#1777,#7146,.T.);
#7148=ORIENTED_EDGE('',*,*,#7147,.T.);
#7149=DIRECTION('',(0.931081,0.364812,0));
#7150=VECTOR('',#7149,2.968509);
#7151=LINE('',#1776,#7150);
#7152=EDGE_CURVE('',#1777,#1779,#7151,.T.);
#7153=ORIENTED_EDGE('',*,*,#7152,.T.);
#7154=DIRECTION('',(0.927593,0.373593,0));
#7155=VECTOR('',#7154,2.968496);
#7156=LINE('',#1778,#7155);
#7157=EDGE_CURVE('',#1779,#1781,#7156,.T.);
#7158=ORIENTED_EDGE('',*,*,#7157,.T.);
#7159=DIRECTION('',(0.924017,0.382351,0));
#7160=VECTOR('',#7159,2.968505);
#7161=LINE('',#1780,#7160);
#7162=EDGE_CURVE('',#1781,#1783,#7161,.T.);
#7163=ORIENTED_EDGE('',*,*,#7162,.T.);
#7164=DIRECTION('',(0.920362,0.391068,0));
#7165=VECTOR('',#7164,2.968508);
#7166=LINE('',#1782,#7165);
#7167=EDGE_CURVE('',#1783,#1785,#7166,.T.);
#7168=ORIENTED_EDGE('',*,*,#7167,.T.);
#7169=DIRECTION('',(0.916626,0.399745,0));
#7170=VECTOR('',#7169,2.968504);
#7171=LINE('',#1784,#7170);
#7172=EDGE_CURVE('',#1785,#1893,#7171,.T.);
#7173=ORIENTED_EDGE('',*,*,#7172,.T.);
#7174=DIRECTION('',(0.912803,0.408401,0));
#7175=VECTOR('',#7174,2.968509);
#7176=LINE('',#1892,#7175);
#7177=EDGE_CURVE('',#1893,#1895,#7176,.T.);
#7178=ORIENTED_EDGE('',*,*,#7177,.T.);
#7179=DIRECTION('',(0.908903,0.417007,0));
#7180=VECTOR('',#7179,2.968495);
#7181=LINE('',#1894,#7180);
#7182=EDGE_CURVE('',#1895,#1897,#7181,.T.);
#7183=ORIENTED_EDGE('',*,*,#7182,.T.);
#7184=DIRECTION('',(0.904921,0.42558,0));
#7185=VECTOR('',#7184,2.968507);
#7186=LINE('',#1896,#7185);
#7187=EDGE_CURVE('',#1897,#1899,#7186,.T.);
#7188=ORIENTED_EDGE('',*,*,#7187,.T.);
#7189=DIRECTION('',(0.900858,0.434114,0));
#7190=VECTOR('',#7189,2.968497);
#7191=LINE('',#1898,#7190);
#7192=EDGE_CURVE('',#1899,#1901,#7191,.T.);
#7193=ORIENTED_EDGE('',*,*,#7192,.T.);
#7194=DIRECTION('',(-0.438371,0.898794,0));
#7195=VECTOR('',#7194,30.950012);
#7196=LINE('',#1900,#7195);
#7197=EDGE_CURVE('',#1901,#1909,#7196,.T.);
#7198=ORIENTED_EDGE('',*,*,#7197,.T.);
#7199=DIRECTION('',(0.900857,0.434116,0));
#7200=VECTOR('',#7199,2.675903);
#7201=LINE('',#1906,#7200);
#7202=EDGE_CURVE('',#1907,#1909,#7201,.T.);
#7203=ORIENTED_EDGE('',*,*,#7202,.F.);
#7204=DIRECTION('',(0.904919,0.425583,0));
#7205=VECTOR('',#7204,2.675914);
#7206=LINE('',#1904,#7205);
#7207=EDGE_CURVE('',#1905,#1907,#7206,.T.);
#7208=ORIENTED_EDGE('',*,*,#7207,.F.);
#7209=DIRECTION('',(0.908903,0.417009,0));
#7210=VECTOR('',#7209,2.675905);
#7211=LINE('',#1902,#7210);
#7212=EDGE_CURVE('',#1903,#1905,#7211,.T.);
#7213=ORIENTED_EDGE('',*,*,#7212,.F.);
#7214=DIRECTION('',(0.912804,0.408397,0));
#7215=VECTOR('',#7214,2.675909);
#7216=LINE('',#1890,#7215);
#7217=EDGE_CURVE('',#1891,#1903,#7216,.T.);
#7218=ORIENTED_EDGE('',*,*,#7217,.F.);
#7219=DIRECTION('',(0.916623,0.399752,0));
#7220=VECTOR('',#7219,2.675913);
#7221=LINE('',#1888,#7220);
#7222=EDGE_CURVE('',#1889,#1891,#7221,.T.);
#7223=ORIENTED_EDGE('',*,*,#7222,.F.);
#7224=DIRECTION('',(0.920364,0.391063,0));
#7225=VECTOR('',#7224,2.675905);
#7226=LINE('',#1886,#7225);
#7227=EDGE_CURVE('',#1887,#1889,#7226,.T.);
#7228=ORIENTED_EDGE('',*,*,#7227,.F.);
#7229=DIRECTION('',(0.924018,0.382349,0));
#7230=VECTOR('',#7229,2.675909);
#7231=LINE('',#1884,#7230);
#7232=EDGE_CURVE('',#1885,#1887,#7231,.T.);
#7233=ORIENTED_EDGE('',*,*,#7232,.F.);
#7234=DIRECTION('',(0.927593,0.373592,0));
#7235=VECTOR('',#7234,2.675901);
#7236=LINE('',#1882,#7235);
#7237=EDGE_CURVE('',#1883,#1885,#7236,.T.);
#7238=ORIENTED_EDGE('',*,*,#7237,.F.);
#7239=DIRECTION('',(0.931082,0.36481,0));
#7240=VECTOR('',#7239,2.675904);
#7241=LINE('',#1880,#7240);
#7242=EDGE_CURVE('',#1881,#1883,#7241,.T.);
#7243=ORIENTED_EDGE('',*,*,#7242,.F.);
#7244=DIRECTION('',(0.934489,0.355993,0));
#7245=VECTOR('',#7244,2.675913);
#7246=LINE('',#1878,#7245);
#7247=EDGE_CURVE('',#1879,#1881,#7246,.T.);
#7248=ORIENTED_EDGE('',*,*,#7247,.F.);
#7249=DIRECTION('',(0.937816,0.347134,0));
#7250=VECTOR('',#7249,2.675897);
#7251=LINE('',#1876,#7250);
#7252=EDGE_CURVE('',#1877,#1879,#7251,.T.);
#7253=ORIENTED_EDGE('',*,*,#7252,.F.);
#7254=DIRECTION('',(0.941053,0.338259,0));
#7255=VECTOR('',#7254,2.67591);
#7256=LINE('',#1874,#7255);
#7257=EDGE_CURVE('',#1875,#1877,#7256,.T.);
#7258=ORIENTED_EDGE('',*,*,#7257,.F.);
#7259=DIRECTION('',(0.944207,0.329352,0));
#7260=VECTOR('',#7259,2.675915);
#7261=LINE('',#1872,#7260);
#7262=EDGE_CURVE('',#1873,#1875,#7261,.T.);
#7263=ORIENTED_EDGE('',*,*,#7262,.F.);
#7264=DIRECTION('',(0.947282,0.320401,0));
#7265=VECTOR('',#7264,2.675896);
#7266=LINE('',#1870,#7265);
#7267=EDGE_CURVE('',#1871,#1873,#7266,.T.);
#7268=ORIENTED_EDGE('',*,*,#7267,.F.);
#7269=DIRECTION('',(0.950267,0.311436,0));
#7270=VECTOR('',#7269,2.675912);
#7271=LINE('',#1868,#7270);
#7272=EDGE_CURVE('',#1869,#1871,#7271,.T.);
#7273=ORIENTED_EDGE('',*,*,#7272,.F.);
#7274=DIRECTION('',(0.953169,0.302438,0));
#7275=VECTOR('',#7274,2.675906);
#7276=LINE('',#1866,#7275);
#7277=EDGE_CURVE('',#1867,#1869,#7276,.T.);
#7278=ORIENTED_EDGE('',*,*,#7277,.F.);
#7279=DIRECTION('',(0.955984,0.293417,0));
#7280=VECTOR('',#7279,2.675902);
#7281=LINE('',#1864,#7280);
#7282=EDGE_CURVE('',#1865,#1867,#7281,.T.);
#7283=ORIENTED_EDGE('',*,*,#7282,.F.);
#7284=DIRECTION('',(0.958714,0.284372,0));
#7285=VECTOR('',#7284,2.675915);
#7286=LINE('',#1862,#7285);
#7287=EDGE_CURVE('',#1863,#1865,#7286,.T.);
#7288=ORIENTED_EDGE('',*,*,#7287,.F.);
#7289=DIRECTION('',(0.961363,0.275284,0));
#7290=VECTOR('',#7289,2.675906);
#7291=LINE('',#1680,#7290);
#7292=EDGE_CURVE('',#1681,#1863,#7291,.T.);
#7293=ORIENTED_EDGE('',*,*,#7292,.F.);
#7294=DIRECTION('',(0.963922,0.266183,0));
#7295=VECTOR('',#7294,2.675901);
#7296=LINE('',#1678,#7295);
#7297=EDGE_CURVE('',#1679,#1681,#7296,.T.);
#7298=ORIENTED_EDGE('',*,*,#7297,.F.);
#7299=DIRECTION('',(0.966393,0.25707,0));
#7300=VECTOR('',#7299,2.675913);
#7301=LINE('',#1676,#7300);
#7302=EDGE_CURVE('',#1677,#1679,#7301,.T.);
#7303=ORIENTED_EDGE('',*,*,#7302,.F.);
#7304=DIRECTION('',(0.968782,0.247913,0));
#7305=VECTOR('',#7304,2.675905);
#7306=LINE('',#1674,#7305);
#7307=EDGE_CURVE('',#1675,#1677,#7306,.T.);
#7308=ORIENTED_EDGE('',*,*,#7307,.F.);
#7309=DIRECTION('',(0.971083,0.238743,0));
#7310=VECTOR('',#7309,2.675906);
#7311=LINE('',#1672,#7310);
#7312=EDGE_CURVE('',#1673,#1675,#7311,.T.);
#7313=ORIENTED_EDGE('',*,*,#7312,.F.);
#7314=DIRECTION('',(0.973297,0.229551,0));
#7315=VECTOR('',#7314,2.675906);
#7316=LINE('',#1670,#7315);
#7317=EDGE_CURVE('',#1671,#1673,#7316,.T.);
#7318=ORIENTED_EDGE('',*,*,#7317,.F.);
#7319=DIRECTION('',(0.975421,0.220347,0));
#7320=VECTOR('',#7319,2.675912);
#7321=LINE('',#1668,#7320);
#7322=EDGE_CURVE('',#1669,#1671,#7321,.T.);
#7323=ORIENTED_EDGE('',*,*,#7322,.F.);
#7324=DIRECTION('',(0.977462,0.21111,0));
#7325=VECTOR('',#7324,2.675906);
#7326=LINE('',#1666,#7325);
#7327=EDGE_CURVE('',#1667,#1669,#7326,.T.);
#7328=ORIENTED_EDGE('',*,*,#7327,.F.);
#7329=DIRECTION('',(0.979414,0.201861,0));
#7330=VECTOR('',#7329,2.675909);
#7331=LINE('',#1664,#7330);
#7332=EDGE_CURVE('',#1665,#1667,#7331,.T.);
#7333=ORIENTED_EDGE('',*,*,#7332,.F.);
#7334=DIRECTION('',(0.981279,0.192589,0));
#7335=VECTOR('',#7334,2.675903);
#7336=LINE('',#1662,#7335);
#7337=EDGE_CURVE('',#1663,#1665,#7336,.T.);
#7338=ORIENTED_EDGE('',*,*,#7337,.F.);
#7339=DIRECTION('',(0.983054,0.183317,0));
#7340=VECTOR('',#7339,2.675912);
#7341=LINE('',#1660,#7340);
#7342=EDGE_CURVE('',#1661,#1663,#7341,.T.);
#7343=ORIENTED_EDGE('',*,*,#7342,.F.);
#7344=DIRECTION('',(0.984746,0.174,0));
#7345=VECTOR('',#7344,2.675905);
#7346=LINE('',#1658,#7345);
#7347=EDGE_CURVE('',#1659,#1661,#7346,.T.);
#7348=ORIENTED_EDGE('',*,*,#7347,.F.);
#7349=DIRECTION('',(0.986345,0.164693,0));
#7350=VECTOR('',#7349,2.675906);
#7351=LINE('',#1656,#7350);
#7352=EDGE_CURVE('',#1657,#1659,#7351,.T.);
#7353=ORIENTED_EDGE('',*,*,#7352,.F.);
#7354=DIRECTION('',(0.987859,0.155353,0));
#7355=VECTOR('',#7354,2.675906);
#7356=LINE('',#1654,#7355);
#7357=EDGE_CURVE('',#1655,#1657,#7356,.T.);
#7358=ORIENTED_EDGE('',*,*,#7357,.F.);
#7359=DIRECTION('',(0.989283,0.146013,0));
#7360=VECTOR('',#7359,2.67591);
#7361=LINE('',#1652,#7360);
#7362=EDGE_CURVE('',#1653,#1655,#7361,.T.);
#7363=ORIENTED_EDGE('',*,*,#7362,.F.);
#7364=DIRECTION('',(0.990619,0.13665,0));
#7365=VECTOR('',#7364,2.675904);
#7366=LINE('',#1650,#7365);
#7367=EDGE_CURVE('',#1651,#1653,#7366,.T.);
#7368=ORIENTED_EDGE('',*,*,#7367,.F.);
#7369=DIRECTION('',(0.991866,0.127286,0));
#7370=VECTOR('',#7369,2.67591);
#7371=LINE('',#1648,#7370);
#7372=EDGE_CURVE('',#1649,#1651,#7371,.T.);
#7373=ORIENTED_EDGE('',*,*,#7372,.F.);
#7374=DIRECTION('',(0.993027,0.117889,0));
#7375=VECTOR('',#7374,2.675902);
#7376=LINE('',#1646,#7375);
#7377=EDGE_CURVE('',#1647,#1649,#7376,.T.);
#7378=ORIENTED_EDGE('',*,*,#7377,.F.);
#7379=DIRECTION('',(0.994095,0.108514,0));
#7380=VECTOR('',#7379,2.675912);
#7381=LINE('',#1644,#7380);
#7382=EDGE_CURVE('',#1645,#1647,#7381,.T.);
#7383=ORIENTED_EDGE('',*,*,#7382,.F.);
#7384=DIRECTION('',(0.995078,0.099094,0));
#7385=VECTOR('',#7384,2.675904);
#7386=LINE('',#1642,#7385);
#7387=EDGE_CURVE('',#1643,#1645,#7386,.T.);
#7388=ORIENTED_EDGE('',*,*,#7387,.F.);
#7389=DIRECTION('',(0.995969,0.089697,0));
#7390=VECTOR('',#7389,2.675909);
#7391=LINE('',#1640,#7390);
#7392=EDGE_CURVE('',#1641,#1643,#7391,.T.);
#7393=ORIENTED_EDGE('',*,*,#7392,.F.);
#7394=DIRECTION('',(0.996774,0.080265,0));
#7395=VECTOR('',#7394,2.675906);
#7396=LINE('',#1638,#7395);
#7397=EDGE_CURVE('',#1639,#1641,#7396,.T.);
#7398=ORIENTED_EDGE('',*,*,#7397,.F.);
#7399=DIRECTION('',(0.997487,0.070845,0));
#7400=VECTOR('',#7399,2.675906);
#7401=LINE('',#1636,#7400);
#7402=EDGE_CURVE('',#1637,#1639,#7401,.T.);
#7403=ORIENTED_EDGE('',*,*,#7402,.F.);
#7404=EDGE_LOOP('',(#6510,#6515,#6520,#6525,#6530,#6535,#6540,#6545,#6550,#6555,#6560,#6565,#6570,#6575,#6580,#6585,#6590,#6595,#6600,#6605,#6610,#6615,#6620,#6625,#6630,#6635,#6640,#6645,#6650,#6655,#6660,#6665,#6670,#6675,#6680,#6685,#6690,#6695,#6700,#6705,#6710,#6715,#6720,#6725,#6730,#6735,#6740,#6745,#6750,#6755,#6760,#6765,#6770,#6775,#6780,#6785,#6790,#6795,#6800,#6805,#6806,#6807,#6808,#6809,#6810,#6811,#6812,#6813,#6814,#6815,#6816,#6817,#6818,#6819,#6820,#6821,#6822,#6823,#6828,#6833,#6838,#6843,#6848,#6853,#6858,#6863,#6868,#6873,#6878,#6883,#6888,#6893,#6898,#6903,#6908,#6913,#6918,#6923,#6928,#6933,#6938,#6943,#6948,#6953,#6958,#6963,#6968,#6973,#6978,#6983,#6988,#6993,#6998,#7003,#7008,#7013,#7018,#7023,#7028,#7033,#7038,#7043,#7048,#7053,#7058,#7063,#7068,#7073,#7078,#7083,#7088,#7093,#7098,#7103,#7108,#7113,#7118,#7123,#7128,#7133,#7138,#7143,#7148,#7153,#7158,#7163,#7168,#7173,#7178,#7183,#7188,#7193,#7198,#7203,#7208,#7213,#7218,#7223,#7228,#7233,#7238,#7243,#7248,#7253,#7258,#7263,#7268,#7273,#7278,#7283,#7288,#7293,#7298,#7303,#7308,#7313,#7318,#7323,#7328,#7333,#7338,#7343,#7348,#7353,#7358,#7363,#7368,#7373,#7378,#7383,#7388,#7393,#7398,#7403));
#7405=FACE_OUTER_BOUND('',#7404,.T.);
#7406=ADVANCED_FACE('',(#7405),#6505,.T.);
#7407=DIRECTION('',(-0.434114,-0.900858,0));
#7408=DIRECTION('',(0,-0,-1));
#7409=AXIS2_PLACEMENT_3D('',#534,#7407,#7408);
#7410=PLANE('',#7409);
#7411=DIRECTION('',(0,0,1));
#7412=VECTOR('',#7411,13.099998);
#7413=LINE('',#276,#7412);
#7414=EDGE_CURVE('',#277,#535,#7413,.T.);
#7415=ORIENTED_EDGE('',*,*,#7414,.F.);
#7416=DIRECTION('',(0.900858,-0.434114,0));
#7417=VECTOR('',#7416,2.968497);
#7418=LINE('',#276,#7417);
#7419=EDGE_CURVE('',#277,#281,#7418,.T.);
#7420=ORIENTED_EDGE('',*,*,#7419,.T.);
#7421=DIRECTION('',(0,0,1));
#7422=VECTOR('',#7421,13.099998);
#7423=LINE('',#280,#7422);
#7424=EDGE_CURVE('',#281,#543,#7423,.T.);
#7425=ORIENTED_EDGE('',*,*,#7424,.T.);
#7426=DIRECTION('',(0,0,1));
#7427=VECTOR('',#7426,9.6);
#7428=LINE('',#542,#7427);
#7429=EDGE_CURVE('',#543,#611,#7428,.T.);
#7430=ORIENTED_EDGE('',*,*,#7429,.T.);
#7431=ORIENTED_EDGE('',*,*,#6789,.F.);
#7432=DIRECTION('',(0,0,1));
#7433=VECTOR('',#7432,9.5);
#7434=LINE('',#536,#7433);
#7435=EDGE_CURVE('',#537,#609,#7434,.T.);
#7436=ORIENTED_EDGE('',*,*,#7435,.F.);
#7437=DIRECTION('',(0,0,1));
#7438=VECTOR('',#7437,0.1);
#7439=LINE('',#534,#7438);
#7440=EDGE_CURVE('',#535,#537,#7439,.T.);
#7441=ORIENTED_EDGE('',*,*,#7440,.F.);
#7442=EDGE_LOOP('',(#7415,#7420,#7425,#7430,#7431,#7436,#7441));
#7443=FACE_OUTER_BOUND('',#7442,.T.);
#7444=ADVANCED_FACE('',(#7443),#7410,.T.);
#7445=DIRECTION('',(-0.898794,0.438371,0));
#7446=DIRECTION('',(0,-0,1));
#7447=AXIS2_PLACEMENT_3D('',#538,#7445,#7446);
#7448=PLANE('',#7447);
#7449=DIRECTION('',(0,0,1));
#7450=VECTOR('',#7449,0.1);
#7451=LINE('',#538,#7450);
#7452=EDGE_CURVE('',#539,#541,#7451,.T.);
#7453=ORIENTED_EDGE('',*,*,#7452,.T.);
#7454=DIRECTION('',(0.409679,0.839965,0.35584));
#7455=VECTOR('',#7454,26.69741);
#7456=LINE('',#540,#7455);
#7457=EDGE_CURVE('',#541,#619,#7456,.T.);
#7458=ORIENTED_EDGE('',*,*,#7457,.T.);
#7459=DIRECTION('',(0,0,1));
#7460=VECTOR('',#7459,9.6);
#7461=LINE('',#566,#7460);
#7462=EDGE_CURVE('',#567,#619,#7461,.T.);
#7463=ORIENTED_EDGE('',*,*,#7462,.F.);
#7464=ORIENTED_EDGE('',*,*,#5926,.F.);
#7465=EDGE_LOOP('',(#7453,#7458,#7463,#7464));
#7466=FACE_OUTER_BOUND('',#7465,.T.);
#7467=ADVANCED_FACE('',(#7466),#7448,.T.);
#7468=DIRECTION('',(-0.898794,0.43837,0));
#7469=DIRECTION('',(0,-0,1));
#7470=AXIS2_PLACEMENT_3D('',#276,#7468,#7469);
#7471=PLANE('',#7470);
#7472=ORIENTED_EDGE('',*,*,#7414,.T.);
#7473=ORIENTED_EDGE('',*,*,#7440,.T.);
#7474=ORIENTED_EDGE('',*,*,#7435,.T.);
#7475=DIRECTION('',(-0.234087,-0.479952,0.845488));
#7476=VECTOR('',#7475,11.236117);
#7477=LINE('',#540,#7476);
#7478=EDGE_CURVE('',#541,#609,#7477,.T.);
#7479=ORIENTED_EDGE('',*,*,#7478,.F.);
#7480=ORIENTED_EDGE('',*,*,#7452,.F.);
#7481=DIRECTION('',(0,0,1));
#7482=VECTOR('',#7481,13.099998);
#7483=LINE('',#278,#7482);
#7484=EDGE_CURVE('',#279,#539,#7483,.T.);
#7485=ORIENTED_EDGE('',*,*,#7484,.F.);
#7486=DIRECTION('',(0.43837,0.898794,0));
#7487=VECTOR('',#7486,6.000028);
#7488=LINE('',#276,#7487);
#7489=EDGE_CURVE('',#277,#279,#7488,.T.);
#7490=ORIENTED_EDGE('',*,*,#7489,.F.);
#7491=EDGE_LOOP('',(#7472,#7473,#7474,#7479,#7480,#7485,#7490));
#7492=FACE_OUTER_BOUND('',#7491,.T.);
#7493=ADVANCED_FACE('',(#7492),#7471,.T.);
#7494=DIRECTION('',(-0.42558,-0.904921,-0));
#7495=DIRECTION('',(0,0,-1));
#7496=AXIS2_PLACEMENT_3D('',#610,#7494,#7495);
#7497=PLANE('',#7496);
#7498=ORIENTED_EDGE('',*,*,#7429,.F.);
#7499=ORIENTED_EDGE('',*,*,#7424,.F.);
#7500=DIRECTION('',(0.904921,-0.42558,0));
#7501=VECTOR('',#7500,2.968507);
#7502=LINE('',#280,#7501);
#7503=EDGE_CURVE('',#281,#283,#7502,.T.);
#7504=ORIENTED_EDGE('',*,*,#7503,.T.);
#7505=DIRECTION('',(0,0,1));
#7506=VECTOR('',#7505,13.099998);
#7507=LINE('',#282,#7506);
#7508=EDGE_CURVE('',#283,#545,#7507,.T.);
#7509=ORIENTED_EDGE('',*,*,#7508,.T.);
#7510=DIRECTION('',(0,0,1));
#7511=VECTOR('',#7510,9.6);
#7512=LINE('',#544,#7511);
#7513=EDGE_CURVE('',#545,#613,#7512,.T.);
#7514=ORIENTED_EDGE('',*,*,#7513,.T.);
#7515=ORIENTED_EDGE('',*,*,#6794,.F.);
#7516=EDGE_LOOP('',(#7498,#7499,#7504,#7509,#7514,#7515));
#7517=FACE_OUTER_BOUND('',#7516,.T.);
#7518=ADVANCED_FACE('',(#7517),#7497,.T.);
#7519=DIRECTION('',(-0.417007,-0.908903,-0));
#7520=DIRECTION('',(0,0,-1));
#7521=AXIS2_PLACEMENT_3D('',#282,#7519,#7520);
#7522=PLANE('',#7521);
#7523=DIRECTION('',(0.908903,-0.417007,0));
#7524=VECTOR('',#7523,2.968495);
#7525=LINE('',#282,#7524);
#7526=EDGE_CURVE('',#283,#285,#7525,.T.);
#7527=ORIENTED_EDGE('',*,*,#7526,.T.);
#7528=DIRECTION('',(0,0,1));
#7529=VECTOR('',#7528,13.099998);
#7530=LINE('',#284,#7529);
#7531=EDGE_CURVE('',#285,#547,#7530,.T.);
#7532=ORIENTED_EDGE('',*,*,#7531,.T.);
#7533=DIRECTION('',(0,0,1));
#7534=VECTOR('',#7533,9.6);
#7535=LINE('',#546,#7534);
#7536=EDGE_CURVE('',#547,#615,#7535,.T.);
#7537=ORIENTED_EDGE('',*,*,#7536,.T.);
#7538=ORIENTED_EDGE('',*,*,#6799,.F.);
#7539=ORIENTED_EDGE('',*,*,#7513,.F.);
#7540=ORIENTED_EDGE('',*,*,#7508,.F.);
#7541=EDGE_LOOP('',(#7527,#7532,#7537,#7538,#7539,#7540));
#7542=FACE_OUTER_BOUND('',#7541,.T.);
#7543=ADVANCED_FACE('',(#7542),#7522,.T.);
#7544=DIRECTION('',(-0.408401,-0.912803,0));
#7545=DIRECTION('',(0,-0,-1));
#7546=AXIS2_PLACEMENT_3D('',#284,#7544,#7545);
#7547=PLANE('',#7546);
#7548=DIRECTION('',(0.912803,-0.408401,0));
#7549=VECTOR('',#7548,2.968509);
#7550=LINE('',#284,#7549);
#7551=EDGE_CURVE('',#285,#287,#7550,.T.);
#7552=ORIENTED_EDGE('',*,*,#7551,.T.);
#7553=ORIENTED_EDGE('',*,*,#6143,.T.);
#7554=ORIENTED_EDGE('',*,*,#6166,.T.);
#7555=ORIENTED_EDGE('',*,*,#6161,.T.);
#7556=ORIENTED_EDGE('',*,*,#6804,.F.);
#7557=ORIENTED_EDGE('',*,*,#7536,.F.);
#7558=ORIENTED_EDGE('',*,*,#7531,.F.);
#7559=EDGE_LOOP('',(#7552,#7553,#7554,#7555,#7556,#7557,#7558));
#7560=FACE_OUTER_BOUND('',#7559,.T.);
#7561=ADVANCED_FACE('',(#7560),#7547,.T.);
#7562=DIRECTION('',(-0.898794,0.438371,0.000001));
#7563=DIRECTION('',(0,-0.000002,1));
#7564=AXIS2_PLACEMENT_3D('',#618,#7562,#7563);
#7565=PLANE('',#7564);
#7566=ORIENTED_EDGE('',*,*,#7457,.F.);
#7567=ORIENTED_EDGE('',*,*,#7478,.T.);
#7568=ORIENTED_EDGE('',*,*,#6784,.T.);
#7569=EDGE_LOOP('',(#7566,#7567,#7568));
#7570=FACE_OUTER_BOUND('',#7569,.T.);
#7571=ADVANCED_FACE('',(#7570),#7565,.T.);
#7572=DIRECTION('',(0.434116,0.900857,0));
#7573=DIRECTION('',(0,0,1));
#7574=AXIS2_PLACEMENT_3D('',#620,#7572,#7573);
#7575=PLANE('',#7574);
#7576=DIRECTION('',(0,0,1));
#7577=VECTOR('',#7576,9.6);
#7578=LINE('',#568,#7577);
#7579=EDGE_CURVE('',#569,#621,#7578,.T.);
#7580=ORIENTED_EDGE('',*,*,#7579,.F.);
#7581=ORIENTED_EDGE('',*,*,#5931,.F.);
#7582=ORIENTED_EDGE('',*,*,#7462,.T.);
#7583=ORIENTED_EDGE('',*,*,#6779,.T.);
#7584=EDGE_LOOP('',(#7580,#7581,#7582,#7583));
#7585=FACE_OUTER_BOUND('',#7584,.T.);
#7586=ADVANCED_FACE('',(#7585),#7575,.T.);
#7587=DIRECTION('',(0.417009,0.908903,0));
#7588=DIRECTION('',(0,0,1));
#7589=AXIS2_PLACEMENT_3D('',#570,#7587,#7588);
#7590=PLANE('',#7589);
#7591=DIRECTION('',(0,0,1));
#7592=VECTOR('',#7591,9.6);
#7593=LINE('',#570,#7592);
#7594=EDGE_CURVE('',#571,#623,#7593,.T.);
#7595=ORIENTED_EDGE('',*,*,#7594,.T.);
#7596=ORIENTED_EDGE('',*,*,#6769,.T.);
#7597=DIRECTION('',(0,0,1));
#7598=VECTOR('',#7597,9.6);
#7599=LINE('',#572,#7598);
#7600=EDGE_CURVE('',#573,#625,#7599,.T.);
#7601=ORIENTED_EDGE('',*,*,#7600,.F.);
#7602=ORIENTED_EDGE('',*,*,#5941,.F.);
#7603=EDGE_LOOP('',(#7595,#7596,#7601,#7602));
#7604=FACE_OUTER_BOUND('',#7603,.T.);
#7605=ADVANCED_FACE('',(#7604),#7590,.T.);
#7606=DIRECTION('',(0.425583,0.904919,0));
#7607=DIRECTION('',(0,0,1));
#7608=AXIS2_PLACEMENT_3D('',#568,#7606,#7607);
#7609=PLANE('',#7608);
#7610=ORIENTED_EDGE('',*,*,#7579,.T.);
#7611=ORIENTED_EDGE('',*,*,#6774,.T.);
#7612=ORIENTED_EDGE('',*,*,#7594,.F.);
#7613=ORIENTED_EDGE('',*,*,#5936,.F.);
#7614=EDGE_LOOP('',(#7610,#7611,#7612,#7613));
#7615=FACE_OUTER_BOUND('',#7614,.T.);
#7616=ADVANCED_FACE('',(#7615),#7609,.T.);
#7617=DIRECTION('',(0.408397,0.912804,-0));
#7618=DIRECTION('',(-0,0,1));
#7619=AXIS2_PLACEMENT_3D('',#624,#7617,#7618);
#7620=PLANE('',#7619);
#7621=ORIENTED_EDGE('',*,*,#6764,.T.);
#7622=DIRECTION('',(0,0,1));
#7623=VECTOR('',#7622,9.6);
#7624=LINE('',#590,#7623);
#7625=EDGE_CURVE('',#591,#639,#7624,.T.);
#7626=ORIENTED_EDGE('',*,*,#7625,.F.);
#7627=ORIENTED_EDGE('',*,*,#5946,.F.);
#7628=ORIENTED_EDGE('',*,*,#7600,.T.);
#7629=EDGE_LOOP('',(#7621,#7626,#7627,#7628));
#7630=FACE_OUTER_BOUND('',#7629,.T.);
#7631=ADVANCED_FACE('',(#7630),#7620,.T.);
#7632=DIRECTION('',(0.284372,0.958714,0));
#7633=DIRECTION('',(0,0,1));
#7634=AXIS2_PLACEMENT_3D('',#580,#7632,#7633);
#7635=PLANE('',#7634);
#7636=ORIENTED_EDGE('',*,*,#6016,.F.);
#7637=DIRECTION('',(0,0,1));
#7638=VECTOR('',#7637,9.6);
#7639=LINE('',#578,#7638);
#7640=EDGE_CURVE('',#579,#627,#7639,.T.);
#7641=ORIENTED_EDGE('',*,*,#7640,.T.);
#7642=ORIENTED_EDGE('',*,*,#6694,.T.);
#7643=DIRECTION('',(0,0,1));
#7644=VECTOR('',#7643,9.6);
#7645=LINE('',#580,#7644);
#7646=EDGE_CURVE('',#581,#629,#7645,.T.);
#7647=ORIENTED_EDGE('',*,*,#7646,.F.);
#7648=EDGE_LOOP('',(#7636,#7641,#7642,#7647));
#7649=FACE_OUTER_BOUND('',#7648,.T.);
#7650=ADVANCED_FACE('',(#7649),#7635,.T.);
#7651=DIRECTION('',(0.275284,0.961363,0));
#7652=DIRECTION('',(0,0,1));
#7653=AXIS2_PLACEMENT_3D('',#580,#7651,#7652);
#7654=PLANE('',#7653);
#7655=ORIENTED_EDGE('',*,*,#7646,.T.);
#7656=ORIENTED_EDGE('',*,*,#6689,.T.);
#7657=DIRECTION('',(0,0,1));
#7658=VECTOR('',#7657,9.6);
#7659=LINE('',#844,#7658);
#7660=EDGE_CURVE('',#845,#903,#7659,.T.);
#7661=ORIENTED_EDGE('',*,*,#7660,.F.);
#7662=ORIENTED_EDGE('',*,*,#6021,.F.);
#7663=EDGE_LOOP('',(#7655,#7656,#7661,#7662));
#7664=FACE_OUTER_BOUND('',#7663,.T.);
#7665=ADVANCED_FACE('',(#7664),#7654,.T.);
#7666=DIRECTION('',(0.373592,0.927593,-0));
#7667=DIRECTION('',(-0,0,1));
#7668=AXIS2_PLACEMENT_3D('',#596,#7666,#7667);
#7669=PLANE('',#7668);
#7670=DIRECTION('',(0,0,1));
#7671=VECTOR('',#7670,9.6);
#7672=LINE('',#596,#7671);
#7673=EDGE_CURVE('',#597,#645,#7672,.T.);
#7674=ORIENTED_EDGE('',*,*,#7673,.T.);
#7675=ORIENTED_EDGE('',*,*,#6744,.F.);
#7676=DIRECTION('',(0,0,1));
#7677=VECTOR('',#7676,9.6);
#7678=LINE('',#582,#7677);
#7679=EDGE_CURVE('',#583,#631,#7678,.T.);
#7680=ORIENTED_EDGE('',*,*,#7679,.F.);
#7681=ORIENTED_EDGE('',*,*,#5966,.T.);
#7682=EDGE_LOOP('',(#7674,#7675,#7680,#7681));
#7683=FACE_OUTER_BOUND('',#7682,.T.);
#7684=ADVANCED_FACE('',(#7683),#7669,.T.);
#7685=DIRECTION('',(0.36481,0.931082,0));
#7686=DIRECTION('',(0,0,1));
#7687=AXIS2_PLACEMENT_3D('',#582,#7685,#7686);
#7688=PLANE('',#7687);
#7689=ORIENTED_EDGE('',*,*,#7679,.T.);
#7690=ORIENTED_EDGE('',*,*,#6739,.T.);
#7691=DIRECTION('',(0,0,1));
#7692=VECTOR('',#7691,9.6);
#7693=LINE('',#584,#7692);
#7694=EDGE_CURVE('',#585,#633,#7693,.T.);
#7695=ORIENTED_EDGE('',*,*,#7694,.F.);
#7696=ORIENTED_EDGE('',*,*,#5971,.F.);
#7697=EDGE_LOOP('',(#7689,#7690,#7695,#7696));
#7698=FACE_OUTER_BOUND('',#7697,.T.);
#7699=ADVANCED_FACE('',(#7698),#7688,.T.);
#7700=DIRECTION('',(0.347134,0.937816,0));
#7701=DIRECTION('',(0,0,1));
#7702=AXIS2_PLACEMENT_3D('',#634,#7700,#7701);
#7703=PLANE('',#7702);
#7704=ORIENTED_EDGE('',*,*,#6729,.T.);
#7705=DIRECTION('',(0,0,1));
#7706=VECTOR('',#7705,9.6);
#7707=LINE('',#588,#7706);
#7708=EDGE_CURVE('',#589,#637,#7707,.T.);
#7709=ORIENTED_EDGE('',*,*,#7708,.F.);
#7710=ORIENTED_EDGE('',*,*,#5981,.F.);
#7711=DIRECTION('',(0,0,1));
#7712=VECTOR('',#7711,9.6);
#7713=LINE('',#586,#7712);
#7714=EDGE_CURVE('',#587,#635,#7713,.T.);
#7715=ORIENTED_EDGE('',*,*,#7714,.T.);
#7716=EDGE_LOOP('',(#7704,#7709,#7710,#7715));
#7717=FACE_OUTER_BOUND('',#7716,.T.);
#7718=ADVANCED_FACE('',(#7717),#7703,.T.);
#7719=DIRECTION('',(0.355993,0.934489,0));
#7720=DIRECTION('',(0,0,1));
#7721=AXIS2_PLACEMENT_3D('',#634,#7719,#7720);
#7722=PLANE('',#7721);
#7723=ORIENTED_EDGE('',*,*,#7714,.F.);
#7724=ORIENTED_EDGE('',*,*,#5976,.F.);
#7725=ORIENTED_EDGE('',*,*,#7694,.T.);
#7726=ORIENTED_EDGE('',*,*,#6734,.T.);
#7727=EDGE_LOOP('',(#7723,#7724,#7725,#7726));
#7728=FACE_OUTER_BOUND('',#7727,.T.);
#7729=ADVANCED_FACE('',(#7728),#7722,.T.);
#7730=DIRECTION('',(0.399752,0.916623,0));
#7731=DIRECTION('',(0,0,1));
#7732=AXIS2_PLACEMENT_3D('',#590,#7730,#7731);
#7733=PLANE('',#7732);
#7734=ORIENTED_EDGE('',*,*,#7625,.T.);
#7735=ORIENTED_EDGE('',*,*,#6759,.T.);
#7736=DIRECTION('',(0,0,1));
#7737=VECTOR('',#7736,9.6);
#7738=LINE('',#592,#7737);
#7739=EDGE_CURVE('',#593,#641,#7738,.T.);
#7740=ORIENTED_EDGE('',*,*,#7739,.F.);
#7741=ORIENTED_EDGE('',*,*,#5951,.F.);
#7742=EDGE_LOOP('',(#7734,#7735,#7740,#7741));
#7743=FACE_OUTER_BOUND('',#7742,.T.);
#7744=ADVANCED_FACE('',(#7743),#7733,.T.);
#7745=DIRECTION('',(0.391063,0.920364,0));
#7746=DIRECTION('',(0,0,1));
#7747=AXIS2_PLACEMENT_3D('',#594,#7745,#7746);
#7748=PLANE('',#7747);
#7749=ORIENTED_EDGE('',*,*,#5956,.F.);
#7750=ORIENTED_EDGE('',*,*,#7739,.T.);
#7751=ORIENTED_EDGE('',*,*,#6754,.T.);
#7752=DIRECTION('',(0,0,1));
#7753=VECTOR('',#7752,9.6);
#7754=LINE('',#594,#7753);
#7755=EDGE_CURVE('',#595,#643,#7754,.T.);
#7756=ORIENTED_EDGE('',*,*,#7755,.F.);
#7757=EDGE_LOOP('',(#7749,#7750,#7751,#7756));
#7758=FACE_OUTER_BOUND('',#7757,.T.);
#7759=ADVANCED_FACE('',(#7758),#7748,.T.);
#7760=DIRECTION('',(0.382349,0.924018,0));
#7761=DIRECTION('',(0,0,1));
#7762=AXIS2_PLACEMENT_3D('',#642,#7760,#7761);
#7763=PLANE('',#7762);
#7764=ORIENTED_EDGE('',*,*,#6749,.T.);
#7765=ORIENTED_EDGE('',*,*,#7673,.F.);
#7766=ORIENTED_EDGE('',*,*,#5961,.F.);
#7767=ORIENTED_EDGE('',*,*,#7755,.T.);
#7768=EDGE_LOOP('',(#7764,#7765,#7766,#7767));
#7769=FACE_OUTER_BOUND('',#7768,.T.);
#7770=ADVANCED_FACE('',(#7769),#7763,.T.);
#7771=DIRECTION('',(0.329352,0.944207,-0));
#7772=DIRECTION('',(-0,0,1));
#7773=AXIS2_PLACEMENT_3D('',#598,#7771,#7772);
#7774=PLANE('',#7773);
#7775=ORIENTED_EDGE('',*,*,#5991,.T.);
#7776=DIRECTION('',(0,0,1));
#7777=VECTOR('',#7776,9.6);
#7778=LINE('',#604,#7777);
#7779=EDGE_CURVE('',#605,#653,#7778,.T.);
#7780=ORIENTED_EDGE('',*,*,#7779,.T.);
#7781=ORIENTED_EDGE('',*,*,#6719,.F.);
#7782=DIRECTION('',(0,0,1));
#7783=VECTOR('',#7782,9.6);
#7784=LINE('',#598,#7783);
#7785=EDGE_CURVE('',#599,#647,#7784,.T.);
#7786=ORIENTED_EDGE('',*,*,#7785,.F.);
#7787=EDGE_LOOP('',(#7775,#7780,#7781,#7786));
#7788=FACE_OUTER_BOUND('',#7787,.T.);
#7789=ADVANCED_FACE('',(#7788),#7774,.T.);
#7790=DIRECTION('',(0.311436,0.950267,-0));
#7791=DIRECTION('',(-0,0,1));
#7792=AXIS2_PLACEMENT_3D('',#602,#7790,#7791);
#7793=PLANE('',#7792);
#7794=DIRECTION('',(0,0,1));
#7795=VECTOR('',#7794,9.6);
#7796=LINE('',#602,#7795);
#7797=EDGE_CURVE('',#603,#651,#7796,.T.);
#7798=ORIENTED_EDGE('',*,*,#7797,.T.);
#7799=ORIENTED_EDGE('',*,*,#6709,.F.);
#7800=DIRECTION('',(0,0,1));
#7801=VECTOR('',#7800,9.6);
#7802=LINE('',#600,#7801);
#7803=EDGE_CURVE('',#601,#649,#7802,.T.);
#7804=ORIENTED_EDGE('',*,*,#7803,.F.);
#7805=ORIENTED_EDGE('',*,*,#6001,.T.);
#7806=EDGE_LOOP('',(#7798,#7799,#7804,#7805));
#7807=FACE_OUTER_BOUND('',#7806,.T.);
#7808=ADVANCED_FACE('',(#7807),#7793,.T.);
#7809=DIRECTION('',(0.320401,0.947282,0));
#7810=DIRECTION('',(0,0,1));
#7811=AXIS2_PLACEMENT_3D('',#650,#7809,#7810);
#7812=PLANE('',#7811);
#7813=ORIENTED_EDGE('',*,*,#7797,.F.);
#7814=ORIENTED_EDGE('',*,*,#5996,.F.);
#7815=ORIENTED_EDGE('',*,*,#7785,.T.);
#7816=ORIENTED_EDGE('',*,*,#6714,.T.);
#7817=EDGE_LOOP('',(#7813,#7814,#7815,#7816));
#7818=FACE_OUTER_BOUND('',#7817,.T.);
#7819=ADVANCED_FACE('',(#7818),#7812,.T.);
#7820=DIRECTION('',(0.338259,0.941053,0));
#7821=DIRECTION('',(0,0,1));
#7822=AXIS2_PLACEMENT_3D('',#588,#7820,#7821);
#7823=PLANE('',#7822);
#7824=ORIENTED_EDGE('',*,*,#7708,.T.);
#7825=ORIENTED_EDGE('',*,*,#6724,.T.);
#7826=ORIENTED_EDGE('',*,*,#7779,.F.);
#7827=ORIENTED_EDGE('',*,*,#5986,.F.);
#7828=EDGE_LOOP('',(#7824,#7825,#7826,#7827));
#7829=FACE_OUTER_BOUND('',#7828,.T.);
#7830=ADVANCED_FACE('',(#7829),#7823,.T.);
#7831=DIRECTION('',(0.302438,0.953169,0));
#7832=DIRECTION('',(0,0,1));
#7833=AXIS2_PLACEMENT_3D('',#654,#7831,#7832);
#7834=PLANE('',#7833);
#7835=DIRECTION('',(0,0,1));
#7836=VECTOR('',#7835,9.6);
#7837=LINE('',#606,#7836);
#7838=EDGE_CURVE('',#607,#655,#7837,.T.);
#7839=ORIENTED_EDGE('',*,*,#7838,.F.);
#7840=ORIENTED_EDGE('',*,*,#6006,.F.);
#7841=ORIENTED_EDGE('',*,*,#7803,.T.);
#7842=ORIENTED_EDGE('',*,*,#6704,.T.);
#7843=EDGE_LOOP('',(#7839,#7840,#7841,#7842));
#7844=FACE_OUTER_BOUND('',#7843,.T.);
#7845=ADVANCED_FACE('',(#7844),#7834,.T.);
#7846=DIRECTION('',(0.293417,0.955984,-0));
#7847=DIRECTION('',(-0,0,1));
#7848=AXIS2_PLACEMENT_3D('',#578,#7846,#7847);
#7849=PLANE('',#7848);
#7850=ORIENTED_EDGE('',*,*,#6011,.T.);
#7851=ORIENTED_EDGE('',*,*,#7838,.T.);
#7852=ORIENTED_EDGE('',*,*,#6699,.F.);
#7853=ORIENTED_EDGE('',*,*,#7640,.F.);
#7854=EDGE_LOOP('',(#7850,#7851,#7852,#7853));
#7855=FACE_OUTER_BOUND('',#7854,.T.);
#7856=ADVANCED_FACE('',(#7855),#7849,.T.);
#7857=DIRECTION('',(-0.211115,-0.977461,-0.000184));
#7858=DIRECTION('',(0,0.000188,-1));
#7859=AXIS2_PLACEMENT_3D('',#668,#7857,#7858);
#7860=PLANE('',#7859);
#7861=DIRECTION('',(-0.21452,0.046149,0.975629));
#7862=VECTOR('',#7861,0.102498);
#7863=LINE('',#662,#7862);
#7864=EDGE_CURVE('',#663,#669,#7863,.T.);
#7865=ORIENTED_EDGE('',*,*,#7864,.F.);
#7866=DIRECTION('',(0.977461,-0.211115,0));
#7867=VECTOR('',#7866,2.946015);
#7868=LINE('',#662,#7867);
#7869=EDGE_CURVE('',#663,#677,#7868,.T.);
#7870=ORIENTED_EDGE('',*,*,#7869,.T.);
#7871=DIRECTION('',(0.976908,-0.210989,-0.033668));
#7872=VECTOR('',#7871,2.97019);
#7873=LINE('',#668,#7872);
#7874=EDGE_CURVE('',#669,#677,#7873,.T.);
#7875=ORIENTED_EDGE('',*,*,#7874,.F.);
#7876=EDGE_LOOP('',(#7865,#7870,#7875));
#7877=FACE_OUTER_BOUND('',#7876,.T.);
#7878=ADVANCED_FACE('',(#7877),#7860,.T.);
#7879=DIRECTION('',(-0.202179,-0.979349,-0));
#7880=DIRECTION('',(0,0,-1));
#7881=AXIS2_PLACEMENT_3D('',#676,#7879,#7880);
#7882=PLANE('',#7881);
#7883=DIRECTION('',(0,0,1));
#7884=VECTOR('',#7883,13.099998);
#7885=LINE('',#316,#7884);
#7886=EDGE_CURVE('',#317,#677,#7885,.T.);
#7887=ORIENTED_EDGE('',*,*,#7886,.F.);
#7888=DIRECTION('',(0.001681,-0.000347,0.999999));
#7889=VECTOR('',#7888,13.100018);
#7890=LINE('',#316,#7889);
#7891=EDGE_CURVE('',#317,#675,#7890,.T.);
#7892=ORIENTED_EDGE('',*,*,#7891,.T.);
#7893=DIRECTION('',(-0.214892,0.044363,0.97563));
#7894=VECTOR('',#7893,0.102498);
#7895=LINE('',#674,#7894);
#7896=EDGE_CURVE('',#675,#681,#7895,.T.);
#7897=ORIENTED_EDGE('',*,*,#7896,.T.);
#7898=DIRECTION('',(0,0,1));
#7899=VECTOR('',#7898,0.1);
#7900=LINE('',#676,#7899);
#7901=EDGE_CURVE('',#677,#681,#7900,.T.);
#7902=ORIENTED_EDGE('',*,*,#7901,.F.);
#7903=EDGE_LOOP('',(#7887,#7892,#7897,#7902));
#7904=FACE_OUTER_BOUND('',#7903,.T.);
#7905=ADVANCED_FACE('',(#7904),#7882,.T.);
#7906=DIRECTION('',(-0.192584,-0.98128,-0));
#7907=DIRECTION('',(0,0,-1));
#7908=AXIS2_PLACEMENT_3D('',#682,#7906,#7907);
#7909=PLANE('',#7908);
#7910=DIRECTION('',(0,0,1));
#7911=VECTOR('',#7910,0.1);
#7912=LINE('',#678,#7911);
#7913=EDGE_CURVE('',#679,#683,#7912,.T.);
#7914=ORIENTED_EDGE('',*,*,#7913,.F.);
#7915=DIRECTION('',(-0.218448,0.042872,0.974906));
#7916=VECTOR('',#7915,13.334615);
#7917=LINE('',#314,#7916);
#7918=EDGE_CURVE('',#315,#679,#7917,.T.);
#7919=ORIENTED_EDGE('',*,*,#7918,.F.);
#7920=DIRECTION('',(0,0,1));
#7921=VECTOR('',#7920,13);
#7922=LINE('',#314,#7921);
#7923=EDGE_CURVE('',#315,#673,#7922,.T.);
#7924=ORIENTED_EDGE('',*,*,#7923,.T.);
#7925=DIRECTION('',(0,0,1));
#7926=VECTOR('',#7925,9.6);
#7927=LINE('',#672,#7926);
#7928=EDGE_CURVE('',#673,#799,#7927,.T.);
#7929=ORIENTED_EDGE('',*,*,#7928,.T.);
#7930=ORIENTED_EDGE('',*,*,#6852,.T.);
#7931=DIRECTION('',(0,0,1));
#7932=VECTOR('',#7931,9.5);
#7933=LINE('',#682,#7932);
#7934=EDGE_CURVE('',#683,#803,#7933,.T.);
#7935=ORIENTED_EDGE('',*,*,#7934,.F.);
#7936=EDGE_LOOP('',(#7914,#7919,#7924,#7929,#7930,#7935));
#7937=FACE_OUTER_BOUND('',#7936,.T.);
#7938=ADVANCED_FACE('',(#7937),#7909,.T.);
#7939=DIRECTION('',(-0.070845,-0.997487,-0.000063));
#7940=DIRECTION('',(0,0.000063,-1));
#7941=AXIS2_PLACEMENT_3D('',#730,#7939,#7940);
#7942=PLANE('',#7941);
#7943=DIRECTION('',(-0.996922,0.070802,0.033668));
#7944=VECTOR('',#7943,2.970187);
#7945=LINE('',#730,#7944);
#7946=EDGE_CURVE('',#731,#735,#7945,.T.);
#7947=ORIENTED_EDGE('',*,*,#7946,.T.);
#7948=DIRECTION('',(-0.218857,0.015482,0.975634));
#7949=VECTOR('',#7948,0.102498);
#7950=LINE('',#728,#7949);
#7951=EDGE_CURVE('',#729,#735,#7950,.T.);
#7952=ORIENTED_EDGE('',*,*,#7951,.F.);
#7953=DIRECTION('',(0.997487,-0.070845,0));
#7954=VECTOR('',#7953,2.946014);
#7955=LINE('',#728,#7954);
#7956=EDGE_CURVE('',#729,#731,#7955,.T.);
#7957=ORIENTED_EDGE('',*,*,#7956,.T.);
#7958=EDGE_LOOP('',(#7947,#7952,#7957));
#7959=FACE_OUTER_BOUND('',#7958,.T.);
#7960=ADVANCED_FACE('',(#7959),#7942,.T.);
#7961=DIRECTION('',(-0.061418,-0.998112,-0.000079));
#7962=DIRECTION('',(0,0.000079,-1));
#7963=AXIS2_PLACEMENT_3D('',#732,#7961,#7962);
#7964=PLANE('',#7963);
#7965=DIRECTION('',(0.998112,-0.061418,0));
#7966=VECTOR('',#7965,2.946016);
#7967=LINE('',#732,#7966);
#7968=EDGE_CURVE('',#733,#763,#7967,.T.);
#7969=ORIENTED_EDGE('',*,*,#7968,.T.);
#7970=DIRECTION('',(0.997546,-0.061381,-0.033668));
#7971=VECTOR('',#7970,2.970188);
#7972=LINE('',#736,#7971);
#7973=EDGE_CURVE('',#737,#763,#7972,.T.);
#7974=ORIENTED_EDGE('',*,*,#7973,.F.);
#7975=DIRECTION('',(-0.218987,0.013398,0.975636));
#7976=VECTOR('',#7975,0.102498);
#7977=LINE('',#732,#7976);
#7978=EDGE_CURVE('',#733,#737,#7977,.T.);
#7979=ORIENTED_EDGE('',*,*,#7978,.F.);
#7980=EDGE_LOOP('',(#7969,#7974,#7979));
#7981=FACE_OUTER_BOUND('',#7980,.T.);
#7982=ADVANCED_FACE('',(#7981),#7964,.T.);
#7983=DIRECTION('',(-0.1085,-0.994096,-0));
#7984=DIRECTION('',(0,0,-1));
#7985=AXIS2_PLACEMENT_3D('',#374,#7983,#7984);
#7986=PLANE('',#7985);
#7987=DIRECTION('',(0,0,1));
#7988=VECTOR('',#7987,13);
#7989=LINE('',#374,#7988);
#7990=EDGE_CURVE('',#375,#743,#7989,.T.);
#7991=ORIENTED_EDGE('',*,*,#7990,.T.);
#7992=DIRECTION('',(0,0,1));
#7993=VECTOR('',#7992,9.6);
#7994=LINE('',#742,#7993);
#7995=EDGE_CURVE('',#743,#829,#7994,.T.);
#7996=ORIENTED_EDGE('',*,*,#7995,.T.);
#7997=ORIENTED_EDGE('',*,*,#6897,.F.);
#7998=DIRECTION('',(0,0,1));
#7999=VECTOR('',#7998,9.5);
#8000=LINE('',#746,#7999);
#8001=EDGE_CURVE('',#747,#827,#8000,.T.);
#8002=ORIENTED_EDGE('',*,*,#8001,.F.);
#8003=DIRECTION('',(0,0,1));
#8004=VECTOR('',#8003,0.1);
#8005=LINE('',#740,#8004);
#8006=EDGE_CURVE('',#741,#747,#8005,.T.);
#8007=ORIENTED_EDGE('',*,*,#8006,.F.);
#8008=DIRECTION('',(0,0,1));
#8009=VECTOR('',#8008,13);
#8010=LINE('',#372,#8009);
#8011=EDGE_CURVE('',#373,#741,#8010,.T.);
#8012=ORIENTED_EDGE('',*,*,#8011,.F.);
#8013=ORIENTED_EDGE('',*,*,#2995,.T.);
#8014=EDGE_LOOP('',(#7991,#7996,#7997,#8002,#8007,#8012,#8013));
#8015=FACE_OUTER_BOUND('',#8014,.T.);
#8016=ADVANCED_FACE('',(#8015),#7986,.T.);
#8017=DIRECTION('',(-0.04253,-0.999095,-0));
#8018=DIRECTION('',(0,0,-1));
#8019=AXIS2_PLACEMENT_3D('',#834,#8017,#8018);
#8020=PLANE('',#8019);
#8021=ORIENTED_EDGE('',*,*,#6932,.F.);
#8022=DIRECTION('',(0,0,1));
#8023=VECTOR('',#8022,9.5);
#8024=LINE('',#770,#8023);
#8025=EDGE_CURVE('',#771,#833,#8024,.T.);
#8026=ORIENTED_EDGE('',*,*,#8025,.F.);
#8027=DIRECTION('',(0,0,1));
#8028=VECTOR('',#8027,0.1);
#8029=LINE('',#764,#8028);
#8030=EDGE_CURVE('',#765,#771,#8029,.T.);
#8031=ORIENTED_EDGE('',*,*,#8030,.F.);
#8032=DIRECTION('',(0,0,1));
#8033=VECTOR('',#8032,13);
#8034=LINE('',#392,#8033);
#8035=EDGE_CURVE('',#393,#765,#8034,.T.);
#8036=ORIENTED_EDGE('',*,*,#8035,.F.);
#8037=ORIENTED_EDGE('',*,*,#2960,.T.);
#8038=DIRECTION('',(0,0,1));
#8039=VECTOR('',#8038,13);
#8040=LINE('',#394,#8039);
#8041=EDGE_CURVE('',#395,#767,#8040,.T.);
#8042=ORIENTED_EDGE('',*,*,#8041,.T.);
#8043=DIRECTION('',(0,0,1));
#8044=VECTOR('',#8043,9.6);
#8045=LINE('',#766,#8044);
#8046=EDGE_CURVE('',#767,#835,#8045,.T.);
#8047=ORIENTED_EDGE('',*,*,#8046,.T.);
#8048=EDGE_LOOP('',(#8021,#8026,#8031,#8036,#8037,#8042,#8047));
#8049=FACE_OUTER_BOUND('',#8048,.T.);
#8050=ADVANCED_FACE('',(#8049),#8020,.T.);
#8051=DIRECTION('',(-0.238753,-0.97108,-0));
#8052=DIRECTION('',(0,0,-1));
#8053=AXIS2_PLACEMENT_3D('',#790,#8051,#8052);
#8054=PLANE('',#8053);
#8055=ORIENTED_EDGE('',*,*,#5134,.F.);
#8056=ORIENTED_EDGE('',*,*,#5129,.F.);
#8057=DIRECTION('',(0.97108,-0.238753,0));
#8058=VECTOR('',#8057,2.968508);
#8059=LINE('',#306,#8058);
#8060=EDGE_CURVE('',#307,#309,#8059,.T.);
#8061=ORIENTED_EDGE('',*,*,#8060,.T.);
#8062=DIRECTION('',(0,0,1));
#8063=VECTOR('',#8062,13.099998);
#8064=LINE('',#308,#8063);
#8065=EDGE_CURVE('',#309,#659,#8064,.T.);
#8066=ORIENTED_EDGE('',*,*,#8065,.T.);
#8067=DIRECTION('',(0,0,1));
#8068=VECTOR('',#8067,0.1);
#8069=LINE('',#658,#8068);
#8070=EDGE_CURVE('',#659,#667,#8069,.T.);
#8071=ORIENTED_EDGE('',*,*,#8070,.T.);
#8072=DIRECTION('',(0,0,1));
#8073=VECTOR('',#8072,9.5);
#8074=LINE('',#666,#8073);
#8075=EDGE_CURVE('',#667,#793,#8074,.T.);
#8076=ORIENTED_EDGE('',*,*,#8075,.T.);
#8077=ORIENTED_EDGE('',*,*,#6827,.F.);
#8078=EDGE_LOOP('',(#8055,#8056,#8061,#8066,#8071,#8076,#8077));
#8079=FACE_OUTER_BOUND('',#8078,.T.);
#8080=ADVANCED_FACE('',(#8079),#8054,.T.);
#8081=DIRECTION('',(-0.229548,-0.973297,-0));
#8082=DIRECTION('',(0,0,-1));
#8083=AXIS2_PLACEMENT_3D('',#670,#8081,#8082);
#8084=PLANE('',#8083);
#8085=DIRECTION('',(-0.287529,0.067813,0.955368));
#8086=VECTOR('',#8085,9.943811);
#8087=LINE('',#670,#8086);
#8088=EDGE_CURVE('',#671,#793,#8087,.T.);
#8089=ORIENTED_EDGE('',*,*,#8088,.T.);
#8090=ORIENTED_EDGE('',*,*,#8075,.F.);
#8091=DIRECTION('',(0.973297,-0.229548,0));
#8092=VECTOR('',#8091,2.93758);
#8093=LINE('',#666,#8092);
#8094=EDGE_CURVE('',#667,#671,#8093,.T.);
#8095=ORIENTED_EDGE('',*,*,#8094,.T.);
#8096=EDGE_LOOP('',(#8089,#8090,#8095));
#8097=FACE_OUTER_BOUND('',#8096,.T.);
#8098=ADVANCED_FACE('',(#8097),#8084,.T.);
#8099=DIRECTION('',(-0.220342,-0.975423,0));
#8100=DIRECTION('',(0,-0,-1));
#8101=AXIS2_PLACEMENT_3D('',#668,#8099,#8100);
#8102=PLANE('',#8101);
#8103=DIRECTION('',(0,0,1));
#8104=VECTOR('',#8103,9.5);
#8105=LINE('',#668,#8104);
#8106=EDGE_CURVE('',#669,#795,#8105,.T.);
#8107=ORIENTED_EDGE('',*,*,#8106,.T.);
#8108=ORIENTED_EDGE('',*,*,#6837,.T.);
#8109=DIRECTION('',(0,0,1));
#8110=VECTOR('',#8109,9.6);
#8111=LINE('',#664,#8110);
#8112=EDGE_CURVE('',#665,#797,#8111,.T.);
#8113=ORIENTED_EDGE('',*,*,#8112,.F.);
#8114=DIRECTION('',(0,0,1));
#8115=VECTOR('',#8114,13.099998);
#8116=LINE('',#312,#8115);
#8117=EDGE_CURVE('',#313,#665,#8116,.T.);
#8118=ORIENTED_EDGE('',*,*,#8117,.F.);
#8119=DIRECTION('',(-0.975423,0.220342,0));
#8120=VECTOR('',#8119,2.968496);
#8121=LINE('',#310,#8120);
#8122=EDGE_CURVE('',#311,#313,#8121,.T.);
#8123=ORIENTED_EDGE('',*,*,#8122,.F.);
#8124=DIRECTION('',(0,0,1));
#8125=VECTOR('',#8124,13.099998);
#8126=LINE('',#310,#8125);
#8127=EDGE_CURVE('',#311,#661,#8126,.T.);
#8128=ORIENTED_EDGE('',*,*,#8127,.T.);
#8129=DIRECTION('',(0,0,1));
#8130=VECTOR('',#8129,0.1);
#8131=LINE('',#660,#8130);
#8132=EDGE_CURVE('',#661,#669,#8131,.T.);
#8133=ORIENTED_EDGE('',*,*,#8132,.T.);
#8134=EDGE_LOOP('',(#8107,#8108,#8113,#8118,#8123,#8128,#8133));
#8135=FACE_OUTER_BOUND('',#8134,.T.);
#8136=ADVANCED_FACE('',(#8135),#8102,.T.);
#8137=DIRECTION('',(-0.229919,-0.97321,-0));
#8138=DIRECTION('',(0,0,-1));
#8139=AXIS2_PLACEMENT_3D('',#312,#8137,#8138);
#8140=PLANE('',#8139);
#8141=ORIENTED_EDGE('',*,*,#8117,.T.);
#8142=ORIENTED_EDGE('',*,*,#8112,.T.);
#8143=DIRECTION('',(0.003168,-0.000748,0.999995));
#8144=VECTOR('',#8143,9.50005);
#8145=LINE('',#670,#8144);
#8146=EDGE_CURVE('',#671,#797,#8145,.T.);
#8147=ORIENTED_EDGE('',*,*,#8146,.F.);
#8148=DIRECTION('',(-0.00228,0.000539,0.999997));
#8149=VECTOR('',#8148,13.200035);
#8150=LINE('',#312,#8149);
#8151=EDGE_CURVE('',#313,#671,#8150,.T.);
#8152=ORIENTED_EDGE('',*,*,#8151,.F.);
#8153=EDGE_LOOP('',(#8141,#8142,#8147,#8152));
#8154=FACE_OUTER_BOUND('',#8153,.T.);
#8155=ADVANCED_FACE('',(#8154),#8140,.T.);
#8156=DIRECTION('',(-0.183311,-0.983055,-0));
#8157=DIRECTION('',(0,0,-1));
#8158=AXIS2_PLACEMENT_3D('',#314,#8156,#8157);
#8159=PLANE('',#8158);
#8160=ORIENTED_EDGE('',*,*,#3035,.T.);
#8161=DIRECTION('',(0,0,1));
#8162=VECTOR('',#8161,13);
#8163=LINE('',#324,#8162);
#8164=EDGE_CURVE('',#325,#685,#8163,.T.);
#8165=ORIENTED_EDGE('',*,*,#8164,.T.);
#8166=DIRECTION('',(0,0,1));
#8167=VECTOR('',#8166,9.6);
#8168=LINE('',#684,#8167);
#8169=EDGE_CURVE('',#685,#805,#8168,.T.);
#8170=ORIENTED_EDGE('',*,*,#8169,.T.);
#8171=ORIENTED_EDGE('',*,*,#6857,.F.);
#8172=ORIENTED_EDGE('',*,*,#7928,.F.);
#8173=ORIENTED_EDGE('',*,*,#7923,.F.);
#8174=EDGE_LOOP('',(#8160,#8165,#8170,#8171,#8172,#8173));
#8175=FACE_OUTER_BOUND('',#8174,.T.);
#8176=ADVANCED_FACE('',(#8175),#8159,.T.);
#8177=DIRECTION('',(-0.211109,-0.977463,-0));
#8178=DIRECTION('',(0,0,-1));
#8179=AXIS2_PLACEMENT_3D('',#794,#8177,#8178);
#8180=PLANE('',#8179);
#8181=ORIENTED_EDGE('',*,*,#8106,.F.);
#8182=ORIENTED_EDGE('',*,*,#7874,.T.);
#8183=ORIENTED_EDGE('',*,*,#7901,.T.);
#8184=DIRECTION('',(0,0,1));
#8185=VECTOR('',#8184,9.5);
#8186=LINE('',#680,#8185);
#8187=EDGE_CURVE('',#681,#801,#8186,.T.);
#8188=ORIENTED_EDGE('',*,*,#8187,.T.);
#8189=ORIENTED_EDGE('',*,*,#6842,.F.);
#8190=EDGE_LOOP('',(#8181,#8182,#8183,#8188,#8189));
#8191=FACE_OUTER_BOUND('',#8190,.T.);
#8192=ADVANCED_FACE('',(#8191),#8180,.T.);
#8193=DIRECTION('',(-0.211109,-0.977463,-0));
#8194=DIRECTION('',(0,0,-1));
#8195=AXIS2_PLACEMENT_3D('',#316,#8193,#8194);
#8196=PLANE('',#8195);
#8197=DIRECTION('',(-0.21602,0.046655,0.975274));
#8198=VECTOR('',#8197,13.432125);
#8199=LINE('',#316,#8198);
#8200=EDGE_CURVE('',#317,#661,#8199,.T.);
#8201=ORIENTED_EDGE('',*,*,#8200,.T.);
#8202=ORIENTED_EDGE('',*,*,#8127,.F.);
#8203=DIRECTION('',(0.977463,-0.211109,0));
#8204=VECTOR('',#8203,2.968506);
#8205=LINE('',#310,#8204);
#8206=EDGE_CURVE('',#311,#317,#8205,.T.);
#8207=ORIENTED_EDGE('',*,*,#8206,.T.);
#8208=EDGE_LOOP('',(#8201,#8202,#8207));
#8209=FACE_OUTER_BOUND('',#8208,.T.);
#8210=ADVANCED_FACE('',(#8209),#8196,.T.);
#8211=DIRECTION('',(-0.201867,-0.979413,-0));
#8212=DIRECTION('',(0,0,-1));
#8213=AXIS2_PLACEMENT_3D('',#680,#8211,#8212);
#8214=PLANE('',#8213);
#8215=DIRECTION('',(0.979413,-0.201867,0));
#8216=VECTOR('',#8215,2.968507);
#8217=LINE('',#680,#8216);
#8218=EDGE_CURVE('',#681,#683,#8217,.T.);
#8219=ORIENTED_EDGE('',*,*,#8218,.T.);
#8220=ORIENTED_EDGE('',*,*,#7934,.T.);
#8221=ORIENTED_EDGE('',*,*,#6847,.F.);
#8222=ORIENTED_EDGE('',*,*,#8187,.F.);
#8223=EDGE_LOOP('',(#8219,#8220,#8221,#8222));
#8224=FACE_OUTER_BOUND('',#8223,.T.);
#8225=ADVANCED_FACE('',(#8224),#8214,.T.);
#8226=DIRECTION('',(-0.174007,-0.984744,-0));
#8227=DIRECTION('',(0,0,-1));
#8228=AXIS2_PLACEMENT_3D('',#324,#8226,#8227);
#8229=PLANE('',#8228);
#8230=ORIENTED_EDGE('',*,*,#3030,.T.);
#8231=DIRECTION('',(0,0,1));
#8232=VECTOR('',#8231,13);
#8233=LINE('',#326,#8232);
#8234=EDGE_CURVE('',#327,#687,#8233,.T.);
#8235=ORIENTED_EDGE('',*,*,#8234,.T.);
#8236=DIRECTION('',(0,0,1));
#8237=VECTOR('',#8236,9.6);
#8238=LINE('',#686,#8237);
#8239=EDGE_CURVE('',#687,#807,#8238,.T.);
#8240=ORIENTED_EDGE('',*,*,#8239,.T.);
#8241=ORIENTED_EDGE('',*,*,#6862,.F.);
#8242=ORIENTED_EDGE('',*,*,#8169,.F.);
#8243=ORIENTED_EDGE('',*,*,#8164,.F.);
#8244=EDGE_LOOP('',(#8230,#8235,#8240,#8241,#8242,#8243));
#8245=FACE_OUTER_BOUND('',#8244,.T.);
#8246=ADVANCED_FACE('',(#8245),#8229,.T.);
#8247=DIRECTION('',(-0.164693,-0.986345,-0));
#8248=DIRECTION('',(0,0,-1));
#8249=AXIS2_PLACEMENT_3D('',#328,#8247,#8248);
#8250=PLANE('',#8249);
#8251=DIRECTION('',(0,0,1));
#8252=VECTOR('',#8251,13);
#8253=LINE('',#328,#8252);
#8254=EDGE_CURVE('',#329,#689,#8253,.T.);
#8255=ORIENTED_EDGE('',*,*,#8254,.T.);
#8256=DIRECTION('',(0,0,1));
#8257=VECTOR('',#8256,9.6);
#8258=LINE('',#688,#8257);
#8259=EDGE_CURVE('',#689,#809,#8258,.T.);
#8260=ORIENTED_EDGE('',*,*,#8259,.T.);
#8261=ORIENTED_EDGE('',*,*,#6867,.F.);
#8262=ORIENTED_EDGE('',*,*,#8239,.F.);
#8263=ORIENTED_EDGE('',*,*,#8234,.F.);
#8264=ORIENTED_EDGE('',*,*,#3025,.T.);
#8265=EDGE_LOOP('',(#8255,#8260,#8261,#8262,#8263,#8264));
#8266=FACE_OUTER_BOUND('',#8265,.T.);
#8267=ADVANCED_FACE('',(#8266),#8250,.T.);
#8268=DIRECTION('',(-0.155358,-0.987858,-0));
#8269=DIRECTION('',(0,0,-1));
#8270=AXIS2_PLACEMENT_3D('',#328,#8268,#8269);
#8271=PLANE('',#8270);
#8272=ORIENTED_EDGE('',*,*,#3020,.T.);
#8273=DIRECTION('',(0,0,1));
#8274=VECTOR('',#8273,13);
#8275=LINE('',#330,#8274);
#8276=EDGE_CURVE('',#331,#691,#8275,.T.);
#8277=ORIENTED_EDGE('',*,*,#8276,.T.);
#8278=DIRECTION('',(0,0,1));
#8279=VECTOR('',#8278,9.6);
#8280=LINE('',#690,#8279);
#8281=EDGE_CURVE('',#691,#811,#8280,.T.);
#8282=ORIENTED_EDGE('',*,*,#8281,.T.);
#8283=ORIENTED_EDGE('',*,*,#6872,.F.);
#8284=ORIENTED_EDGE('',*,*,#8259,.F.);
#8285=ORIENTED_EDGE('',*,*,#8254,.F.);
#8286=EDGE_LOOP('',(#8272,#8277,#8282,#8283,#8284,#8285));
#8287=FACE_OUTER_BOUND('',#8286,.T.);
#8288=ADVANCED_FACE('',(#8287),#8271,.T.);
#8289=DIRECTION('',(-0.146003,-0.989284,-0));
#8290=DIRECTION('',(0,0,-1));
#8291=AXIS2_PLACEMENT_3D('',#810,#8289,#8290);
#8292=PLANE('',#8291);
#8293=ORIENTED_EDGE('',*,*,#8281,.F.);
#8294=ORIENTED_EDGE('',*,*,#8276,.F.);
#8295=ORIENTED_EDGE('',*,*,#3015,.T.);
#8296=DIRECTION('',(0,0,1));
#8297=VECTOR('',#8296,13);
#8298=LINE('',#332,#8297);
#8299=EDGE_CURVE('',#333,#693,#8298,.T.);
#8300=ORIENTED_EDGE('',*,*,#8299,.T.);
#8301=DIRECTION('',(0,0,1));
#8302=VECTOR('',#8301,9.6);
#8303=LINE('',#692,#8302);
#8304=EDGE_CURVE('',#693,#813,#8303,.T.);
#8305=ORIENTED_EDGE('',*,*,#8304,.T.);
#8306=ORIENTED_EDGE('',*,*,#6877,.F.);
#8307=EDGE_LOOP('',(#8293,#8294,#8295,#8300,#8305,#8306));
#8308=FACE_OUTER_BOUND('',#8307,.T.);
#8309=ADVANCED_FACE('',(#8308),#8292,.T.);
#8310=DIRECTION('',(-0.136658,-0.990618,-0));
#8311=DIRECTION('',(0,0,-1));
#8312=AXIS2_PLACEMENT_3D('',#332,#8310,#8311);
#8313=PLANE('',#8312);
#8314=ORIENTED_EDGE('',*,*,#3010,.T.);
#8315=DIRECTION('',(0,0,1));
#8316=VECTOR('',#8315,13);
#8317=LINE('',#334,#8316);
#8318=EDGE_CURVE('',#335,#695,#8317,.T.);
#8319=ORIENTED_EDGE('',*,*,#8318,.T.);
#8320=DIRECTION('',(0,0,1));
#8321=VECTOR('',#8320,9.6);
#8322=LINE('',#694,#8321);
#8323=EDGE_CURVE('',#695,#815,#8322,.T.);
#8324=ORIENTED_EDGE('',*,*,#8323,.T.);
#8325=ORIENTED_EDGE('',*,*,#6882,.F.);
#8326=ORIENTED_EDGE('',*,*,#8304,.F.);
#8327=ORIENTED_EDGE('',*,*,#8299,.F.);
#8328=EDGE_LOOP('',(#8314,#8319,#8324,#8325,#8326,#8327));
#8329=FACE_OUTER_BOUND('',#8328,.T.);
#8330=ADVANCED_FACE('',(#8329),#8313,.T.);
#8331=DIRECTION('',(-0.127282,-0.991867,-0));
#8332=DIRECTION('',(0,0,-1));
#8333=AXIS2_PLACEMENT_3D('',#370,#8331,#8332);
#8334=PLANE('',#8333);
#8335=DIRECTION('',(0,0,1));
#8336=VECTOR('',#8335,13);
#8337=LINE('',#370,#8336);
#8338=EDGE_CURVE('',#371,#739,#8337,.T.);
#8339=ORIENTED_EDGE('',*,*,#8338,.T.);
#8340=DIRECTION('',(0,0,1));
#8341=VECTOR('',#8340,0.1);
#8342=LINE('',#738,#8341);
#8343=EDGE_CURVE('',#739,#745,#8342,.T.);
#8344=ORIENTED_EDGE('',*,*,#8343,.T.);
#8345=DIRECTION('',(0,0,1));
#8346=VECTOR('',#8345,9.5);
#8347=LINE('',#744,#8346);
#8348=EDGE_CURVE('',#745,#825,#8347,.T.);
#8349=ORIENTED_EDGE('',*,*,#8348,.T.);
#8350=ORIENTED_EDGE('',*,*,#6887,.F.);
#8351=ORIENTED_EDGE('',*,*,#8323,.F.);
#8352=ORIENTED_EDGE('',*,*,#8318,.F.);
#8353=ORIENTED_EDGE('',*,*,#3005,.T.);
#8354=EDGE_LOOP('',(#8339,#8344,#8349,#8350,#8351,#8352,#8353));
#8355=FACE_OUTER_BOUND('',#8354,.T.);
#8356=ADVANCED_FACE('',(#8355),#8334,.T.);
#8357=DIRECTION('',(-0.229552,-0.973296,-0.000001));
#8358=DIRECTION('',(0,0.000001,-1));
#8359=AXIS2_PLACEMENT_3D('',#796,#8357,#8358);
#8360=PLANE('',#8359);
#8361=ORIENTED_EDGE('',*,*,#6832,.F.);
#8362=ORIENTED_EDGE('',*,*,#8088,.F.);
#8363=ORIENTED_EDGE('',*,*,#8146,.T.);
#8364=EDGE_LOOP('',(#8361,#8362,#8363));
#8365=FACE_OUTER_BOUND('',#8364,.T.);
#8366=ADVANCED_FACE('',(#8365),#8360,.T.);
#8367=DIRECTION('',(-0.089697,-0.995969,-0));
#8368=DIRECTION('',(0,0,-1));
#8369=AXIS2_PLACEMENT_3D('',#724,#8367,#8368);
#8370=PLANE('',#8369);
#8371=DIRECTION('',(0,0,1));
#8372=VECTOR('',#8371,9.6);
#8373=LINE('',#724,#8372);
#8374=EDGE_CURVE('',#725,#819,#8373,.T.);
#8375=ORIENTED_EDGE('',*,*,#8374,.T.);
#8376=ORIENTED_EDGE('',*,*,#6907,.F.);
#8377=DIRECTION('',(0,0,1));
#8378=VECTOR('',#8377,9.6);
#8379=LINE('',#722,#8378);
#8380=EDGE_CURVE('',#723,#817,#8379,.T.);
#8381=ORIENTED_EDGE('',*,*,#8380,.F.);
#8382=DIRECTION('',(0,0,1));
#8383=VECTOR('',#8382,13);
#8384=LINE('',#362,#8383);
#8385=EDGE_CURVE('',#363,#723,#8384,.T.);
#8386=ORIENTED_EDGE('',*,*,#8385,.F.);
#8387=ORIENTED_EDGE('',*,*,#2985,.T.);
#8388=DIRECTION('',(0,0,1));
#8389=VECTOR('',#8388,13);
#8390=LINE('',#364,#8389);
#8391=EDGE_CURVE('',#365,#725,#8390,.T.);
#8392=ORIENTED_EDGE('',*,*,#8391,.T.);
#8393=EDGE_LOOP('',(#8375,#8376,#8381,#8386,#8387,#8392));
#8394=FACE_OUTER_BOUND('',#8393,.T.);
#8395=ADVANCED_FACE('',(#8394),#8370,.T.);
#8396=DIRECTION('',(-0.08027,-0.996773,-0));
#8397=DIRECTION('',(0,0,-1));
#8398=AXIS2_PLACEMENT_3D('',#364,#8396,#8397);
#8399=PLANE('',#8398);
#8400=ORIENTED_EDGE('',*,*,#2980,.T.);
#8401=DIRECTION('',(0,0,1));
#8402=VECTOR('',#8401,13);
#8403=LINE('',#366,#8402);
#8404=EDGE_CURVE('',#367,#727,#8403,.T.);
#8405=ORIENTED_EDGE('',*,*,#8404,.T.);
#8406=DIRECTION('',(0,0,1));
#8407=VECTOR('',#8406,0.1);
#8408=LINE('',#726,#8407);
#8409=EDGE_CURVE('',#727,#735,#8408,.T.);
#8410=ORIENTED_EDGE('',*,*,#8409,.T.);
#8411=DIRECTION('',(0,0,1));
#8412=VECTOR('',#8411,9.5);
#8413=LINE('',#734,#8412);
#8414=EDGE_CURVE('',#735,#821,#8413,.T.);
#8415=ORIENTED_EDGE('',*,*,#8414,.T.);
#8416=ORIENTED_EDGE('',*,*,#6912,.F.);
#8417=ORIENTED_EDGE('',*,*,#8374,.F.);
#8418=ORIENTED_EDGE('',*,*,#8391,.F.);
#8419=EDGE_LOOP('',(#8400,#8405,#8410,#8415,#8416,#8417,#8418));
#8420=FACE_OUTER_BOUND('',#8419,.T.);
#8421=ADVANCED_FACE('',(#8420),#8399,.T.);
#8422=DIRECTION('',(-0.070843,-0.997488,-0));
#8423=DIRECTION('',(0,0,-1));
#8424=AXIS2_PLACEMENT_3D('',#736,#8422,#8423);
#8425=PLANE('',#8424);
#8426=DIRECTION('',(0,0,1));
#8427=VECTOR('',#8426,9.5);
#8428=LINE('',#736,#8427);
#8429=EDGE_CURVE('',#737,#823,#8428,.T.);
#8430=ORIENTED_EDGE('',*,*,#8429,.T.);
#8431=ORIENTED_EDGE('',*,*,#6917,.F.);
#8432=ORIENTED_EDGE('',*,*,#8414,.F.);
#8433=ORIENTED_EDGE('',*,*,#7946,.F.);
#8434=DIRECTION('',(0,0,1));
#8435=VECTOR('',#8434,0.1);
#8436=LINE('',#730,#8435);
#8437=EDGE_CURVE('',#731,#737,#8436,.T.);
#8438=ORIENTED_EDGE('',*,*,#8437,.T.);
#8439=EDGE_LOOP('',(#8430,#8431,#8432,#8433,#8438));
#8440=FACE_OUTER_BOUND('',#8439,.T.);
#8441=ADVANCED_FACE('',(#8440),#8425,.T.);
#8442=DIRECTION('',(-0.070843,-0.997488,-0));
#8443=DIRECTION('',(0,0,-1));
#8444=AXIS2_PLACEMENT_3D('',#730,#8442,#8443);
#8445=PLANE('',#8444);
#8446=DIRECTION('',(0.222057,-0.015771,0.974906));
#8447=VECTOR('',#8446,13.334617);
#8448=LINE('',#366,#8447);
#8449=EDGE_CURVE('',#367,#731,#8448,.T.);
#8450=ORIENTED_EDGE('',*,*,#8449,.F.);
#8451=ORIENTED_EDGE('',*,*,#2975,.T.);
#8452=DIRECTION('',(0,0,1));
#8453=VECTOR('',#8452,13);
#8454=LINE('',#368,#8453);
#8455=EDGE_CURVE('',#369,#731,#8454,.T.);
#8456=ORIENTED_EDGE('',*,*,#8455,.T.);
#8457=EDGE_LOOP('',(#8450,#8451,#8456));
#8458=FACE_OUTER_BOUND('',#8457,.T.);
#8459=ADVANCED_FACE('',(#8458),#8445,.T.);
#8460=DIRECTION('',(-0.061415,-0.998112,-0));
#8461=DIRECTION('',(0,0,-1));
#8462=AXIS2_PLACEMENT_3D('',#830,#8460,#8461);
#8463=PLANE('',#8462);
#8464=ORIENTED_EDGE('',*,*,#6922,.F.);
#8465=ORIENTED_EDGE('',*,*,#8429,.F.);
#8466=ORIENTED_EDGE('',*,*,#7973,.T.);
#8467=DIRECTION('',(0,0,1));
#8468=VECTOR('',#8467,0.1);
#8469=LINE('',#762,#8468);
#8470=EDGE_CURVE('',#763,#769,#8469,.T.);
#8471=ORIENTED_EDGE('',*,*,#8470,.T.);
#8472=DIRECTION('',(0,0,1));
#8473=VECTOR('',#8472,9.5);
#8474=LINE('',#768,#8473);
#8475=EDGE_CURVE('',#769,#831,#8474,.T.);
#8476=ORIENTED_EDGE('',*,*,#8475,.T.);
#8477=EDGE_LOOP('',(#8464,#8465,#8466,#8471,#8476));
#8478=FACE_OUTER_BOUND('',#8477,.T.);
#8479=ADVANCED_FACE('',(#8478),#8463,.T.);
#8480=DIRECTION('',(-0.061415,-0.998112,-0));
#8481=DIRECTION('',(0,0,-1));
#8482=AXIS2_PLACEMENT_3D('',#390,#8480,#8481);
#8483=PLANE('',#8482);
#8484=DIRECTION('',(0,0,1));
#8485=VECTOR('',#8484,13);
#8486=LINE('',#390,#8485);
#8487=EDGE_CURVE('',#391,#763,#8486,.T.);
#8488=ORIENTED_EDGE('',*,*,#8487,.T.);
#8489=DIRECTION('',(0.222196,-0.013672,0.974906));
#8490=VECTOR('',#8489,13.334617);
#8491=LINE('',#368,#8490);
#8492=EDGE_CURVE('',#369,#763,#8491,.T.);
#8493=ORIENTED_EDGE('',*,*,#8492,.F.);
#8494=ORIENTED_EDGE('',*,*,#2970,.T.);
#8495=EDGE_LOOP('',(#8488,#8493,#8494));
#8496=FACE_OUTER_BOUND('',#8495,.T.);
#8497=ADVANCED_FACE('',(#8496),#8483,.T.);
#8498=DIRECTION('',(-0.117896,-0.993026,-0));
#8499=DIRECTION('',(0,0,-1));
#8500=AXIS2_PLACEMENT_3D('',#370,#8498,#8499);
#8501=PLANE('',#8500);
#8502=ORIENTED_EDGE('',*,*,#3000,.T.);
#8503=ORIENTED_EDGE('',*,*,#8011,.T.);
#8504=ORIENTED_EDGE('',*,*,#8006,.T.);
#8505=ORIENTED_EDGE('',*,*,#8001,.T.);
#8506=ORIENTED_EDGE('',*,*,#6892,.F.);
#8507=ORIENTED_EDGE('',*,*,#8348,.F.);
#8508=ORIENTED_EDGE('',*,*,#8343,.F.);
#8509=ORIENTED_EDGE('',*,*,#8338,.F.);
#8510=EDGE_LOOP('',(#8502,#8503,#8504,#8505,#8506,#8507,#8508,#8509));
#8511=FACE_OUTER_BOUND('',#8510,.T.);
#8512=ADVANCED_FACE('',(#8511),#8501,.T.);
#8513=DIRECTION('',(-0.099104,-0.995077,-0));
#8514=DIRECTION('',(0,0,-1));
#8515=AXIS2_PLACEMENT_3D('',#722,#8513,#8514);
#8516=PLANE('',#8515);
#8517=ORIENTED_EDGE('',*,*,#8380,.T.);
#8518=ORIENTED_EDGE('',*,*,#6902,.T.);
#8519=ORIENTED_EDGE('',*,*,#7995,.F.);
#8520=ORIENTED_EDGE('',*,*,#7990,.F.);
#8521=ORIENTED_EDGE('',*,*,#2990,.F.);
#8522=ORIENTED_EDGE('',*,*,#8385,.T.);
#8523=EDGE_LOOP('',(#8517,#8518,#8519,#8520,#8521,#8522));
#8524=FACE_OUTER_BOUND('',#8523,.T.);
#8525=ADVANCED_FACE('',(#8524),#8516,.T.);
#8526=DIRECTION('',(-0.051968,-0.998649,-0));
#8527=DIRECTION('',(0,0,-1));
#8528=AXIS2_PLACEMENT_3D('',#764,#8526,#8527);
#8529=PLANE('',#8528);
#8530=ORIENTED_EDGE('',*,*,#8030,.T.);
#8531=ORIENTED_EDGE('',*,*,#8025,.T.);
#8532=ORIENTED_EDGE('',*,*,#6927,.F.);
#8533=ORIENTED_EDGE('',*,*,#8475,.F.);
#8534=ORIENTED_EDGE('',*,*,#8470,.F.);
#8535=ORIENTED_EDGE('',*,*,#8487,.F.);
#8536=ORIENTED_EDGE('',*,*,#2965,.T.);
#8537=ORIENTED_EDGE('',*,*,#8035,.T.);
#8538=EDGE_LOOP('',(#8530,#8531,#8532,#8533,#8534,#8535,#8536,#8537));
#8539=FACE_OUTER_BOUND('',#8538,.T.);
#8540=ADVANCED_FACE('',(#8539),#8529,.T.);
#8541=DIRECTION('',(-0.033083,-0.999453,-0));
#8542=DIRECTION('',(0,0,-1));
#8543=AXIS2_PLACEMENT_3D('',#396,#8541,#8542);
#8544=PLANE('',#8543);
#8545=DIRECTION('',(0,0,1));
#8546=VECTOR('',#8545,13);
#8547=LINE('',#396,#8546);
#8548=EDGE_CURVE('',#397,#773,#8547,.T.);
#8549=ORIENTED_EDGE('',*,*,#8548,.T.);
#8550=DIRECTION('',(0,0,1));
#8551=VECTOR('',#8550,9.6);
#8552=LINE('',#772,#8551);
#8553=EDGE_CURVE('',#773,#837,#8552,.T.);
#8554=ORIENTED_EDGE('',*,*,#8553,.T.);
#8555=ORIENTED_EDGE('',*,*,#6937,.F.);
#8556=ORIENTED_EDGE('',*,*,#8046,.F.);
#8557=ORIENTED_EDGE('',*,*,#8041,.F.);
#8558=ORIENTED_EDGE('',*,*,#2955,.T.);
#8559=EDGE_LOOP('',(#8549,#8554,#8555,#8556,#8557,#8558));
#8560=FACE_OUTER_BOUND('',#8559,.T.);
#8561=ADVANCED_FACE('',(#8560),#8544,.T.);
#8562=DIRECTION('',(-0.023635,-0.999721,-0));
#8563=DIRECTION('',(0,0,-1));
#8564=AXIS2_PLACEMENT_3D('',#836,#8562,#8563);
#8565=PLANE('',#8564);
#8566=ORIENTED_EDGE('',*,*,#8553,.F.);
#8567=ORIENTED_EDGE('',*,*,#8548,.F.);
#8568=ORIENTED_EDGE('',*,*,#2950,.T.);
#8569=DIRECTION('',(0,0,1));
#8570=VECTOR('',#8569,13);
#8571=LINE('',#398,#8570);
#8572=EDGE_CURVE('',#399,#775,#8571,.T.);
#8573=ORIENTED_EDGE('',*,*,#8572,.T.);
#8574=DIRECTION('',(0,0,1));
#8575=VECTOR('',#8574,9.6);
#8576=LINE('',#774,#8575);
#8577=EDGE_CURVE('',#775,#839,#8576,.T.);
#8578=ORIENTED_EDGE('',*,*,#8577,.T.);
#8579=ORIENTED_EDGE('',*,*,#6942,.F.);
#8580=EDGE_LOOP('',(#8566,#8567,#8568,#8573,#8578,#8579));
#8581=FACE_OUTER_BOUND('',#8580,.T.);
#8582=ADVANCED_FACE('',(#8581),#8565,.T.);
#8583=DIRECTION('',(-0.014177,-0.9999,-0));
#8584=DIRECTION('',(0,0,-1));
#8585=AXIS2_PLACEMENT_3D('',#398,#8583,#8584);
#8586=PLANE('',#8585);
#8587=ORIENTED_EDGE('',*,*,#2945,.T.);
#8588=DIRECTION('',(0,0,1));
#8589=VECTOR('',#8588,13);
#8590=LINE('',#400,#8589);
#8591=EDGE_CURVE('',#401,#777,#8590,.T.);
#8592=ORIENTED_EDGE('',*,*,#8591,.T.);
#8593=DIRECTION('',(0,0,1));
#8594=VECTOR('',#8593,9.6);
#8595=LINE('',#776,#8594);
#8596=EDGE_CURVE('',#777,#841,#8595,.T.);
#8597=ORIENTED_EDGE('',*,*,#8596,.T.);
#8598=ORIENTED_EDGE('',*,*,#6947,.F.);
#8599=ORIENTED_EDGE('',*,*,#8577,.F.);
#8600=ORIENTED_EDGE('',*,*,#8572,.F.);
#8601=EDGE_LOOP('',(#8587,#8592,#8597,#8598,#8599,#8600));
#8602=FACE_OUTER_BOUND('',#8601,.T.);
#8603=ADVANCED_FACE('',(#8602),#8586,.T.);
#8604=DIRECTION('',(-0.004729,-0.999989,-0));
#8605=DIRECTION('',(0,0,-1));
#8606=AXIS2_PLACEMENT_3D('',#400,#8604,#8605);
#8607=PLANE('',#8606);
#8608=ORIENTED_EDGE('',*,*,#2940,.T.);
#8609=DIRECTION('',(0,0,1));
#8610=VECTOR('',#8609,13);
#8611=LINE('',#1172,#8610);
#8612=EDGE_CURVE('',#1173,#1379,#8611,.T.);
#8613=ORIENTED_EDGE('',*,*,#8612,.T.);
#8614=DIRECTION('',(0,0,1));
#8615=VECTOR('',#8614,9.6);
#8616=LINE('',#1378,#8615);
#8617=EDGE_CURVE('',#1379,#1509,#8616,.T.);
#8618=ORIENTED_EDGE('',*,*,#8617,.T.);
#8619=ORIENTED_EDGE('',*,*,#6952,.F.);
#8620=ORIENTED_EDGE('',*,*,#8596,.F.);
#8621=ORIENTED_EDGE('',*,*,#8591,.F.);
#8622=EDGE_LOOP('',(#8608,#8613,#8618,#8619,#8620,#8621));
#8623=FACE_OUTER_BOUND('',#8622,.T.);
#8624=ADVANCED_FACE('',(#8623),#8607,.T.);
#8625=DIRECTION('',(0.25707,0.966393,0));
#8626=DIRECTION('',(0,0,1));
#8627=AXIS2_PLACEMENT_3D('',#846,#8625,#8626);
#8628=PLANE('',#8627);
#8629=ORIENTED_EDGE('',*,*,#6031,.F.);
#8630=DIRECTION('',(0,0,1));
#8631=VECTOR('',#8630,9.6);
#8632=LINE('',#842,#8631);
#8633=EDGE_CURVE('',#843,#901,#8632,.T.);
#8634=ORIENTED_EDGE('',*,*,#8633,.T.);
#8635=ORIENTED_EDGE('',*,*,#6679,.T.);
#8636=DIRECTION('',(0,0,1));
#8637=VECTOR('',#8636,9.6);
#8638=LINE('',#846,#8637);
#8639=EDGE_CURVE('',#847,#905,#8638,.T.);
#8640=ORIENTED_EDGE('',*,*,#8639,.F.);
#8641=EDGE_LOOP('',(#8629,#8634,#8635,#8640));
#8642=FACE_OUTER_BOUND('',#8641,.T.);
#8643=ADVANCED_FACE('',(#8642),#8628,.T.);
#8644=DIRECTION('',(0.266183,0.963922,-0));
#8645=DIRECTION('',(-0,0,1));
#8646=AXIS2_PLACEMENT_3D('',#842,#8644,#8645);
#8647=PLANE('',#8646);
#8648=ORIENTED_EDGE('',*,*,#6026,.T.);
#8649=ORIENTED_EDGE('',*,*,#7660,.T.);
#8650=ORIENTED_EDGE('',*,*,#6684,.F.);
#8651=ORIENTED_EDGE('',*,*,#8633,.F.);
#8652=EDGE_LOOP('',(#8648,#8649,#8650,#8651));
#8653=FACE_OUTER_BOUND('',#8652,.T.);
#8654=ADVANCED_FACE('',(#8653),#8647,.T.);
#8655=DIRECTION('',(0.247913,0.968782,0));
#8656=DIRECTION('',(0,0,1));
#8657=AXIS2_PLACEMENT_3D('',#904,#8655,#8656);
#8658=PLANE('',#8657);
#8659=ORIENTED_EDGE('',*,*,#6674,.T.);
#8660=DIRECTION('',(0,0,1));
#8661=VECTOR('',#8660,9.6);
#8662=LINE('',#848,#8661);
#8663=EDGE_CURVE('',#849,#907,#8662,.T.);
#8664=ORIENTED_EDGE('',*,*,#8663,.F.);
#8665=ORIENTED_EDGE('',*,*,#6036,.F.);
#8666=ORIENTED_EDGE('',*,*,#8639,.T.);
#8667=EDGE_LOOP('',(#8659,#8664,#8665,#8666));
#8668=FACE_OUTER_BOUND('',#8667,.T.);
#8669=ADVANCED_FACE('',(#8668),#8658,.T.);
#8670=DIRECTION('',(0.229551,0.973297,0));
#8671=DIRECTION('',(0,0,1));
#8672=AXIS2_PLACEMENT_3D('',#852,#8670,#8671);
#8673=PLANE('',#8672);
#8674=ORIENTED_EDGE('',*,*,#6046,.F.);
#8675=DIRECTION('',(0,0,1));
#8676=VECTOR('',#8675,9.6);
#8677=LINE('',#850,#8676);
#8678=EDGE_CURVE('',#851,#909,#8677,.T.);
#8679=ORIENTED_EDGE('',*,*,#8678,.T.);
#8680=ORIENTED_EDGE('',*,*,#6664,.T.);
#8681=DIRECTION('',(0,0,1));
#8682=VECTOR('',#8681,9.6);
#8683=LINE('',#852,#8682);
#8684=EDGE_CURVE('',#853,#911,#8683,.T.);
#8685=ORIENTED_EDGE('',*,*,#8684,.F.);
#8686=EDGE_LOOP('',(#8674,#8679,#8680,#8685));
#8687=FACE_OUTER_BOUND('',#8686,.T.);
#8688=ADVANCED_FACE('',(#8687),#8673,.T.);
#8689=DIRECTION('',(0.220347,0.975421,0));
#8690=DIRECTION('',(0,0,1));
#8691=AXIS2_PLACEMENT_3D('',#910,#8689,#8690);
#8692=PLANE('',#8691);
#8693=ORIENTED_EDGE('',*,*,#6659,.T.);
#8694=DIRECTION('',(0,0,1));
#8695=VECTOR('',#8694,9.6);
#8696=LINE('',#854,#8695);
#8697=EDGE_CURVE('',#855,#913,#8696,.T.);
#8698=ORIENTED_EDGE('',*,*,#8697,.F.);
#8699=ORIENTED_EDGE('',*,*,#6051,.F.);
#8700=ORIENTED_EDGE('',*,*,#8684,.T.);
#8701=EDGE_LOOP('',(#8693,#8698,#8699,#8700));
#8702=FACE_OUTER_BOUND('',#8701,.T.);
#8703=ADVANCED_FACE('',(#8702),#8692,.T.);
#8704=DIRECTION('',(0.21111,0.977462,0));
#8705=DIRECTION('',(0,0,1));
#8706=AXIS2_PLACEMENT_3D('',#914,#8704,#8705);
#8707=PLANE('',#8706);
#8708=DIRECTION('',(0,0,1));
#8709=VECTOR('',#8708,9.6);
#8710=LINE('',#856,#8709);
#8711=EDGE_CURVE('',#857,#915,#8710,.T.);
#8712=ORIENTED_EDGE('',*,*,#8711,.F.);
#8713=ORIENTED_EDGE('',*,*,#6056,.F.);
#8714=ORIENTED_EDGE('',*,*,#8697,.T.);
#8715=ORIENTED_EDGE('',*,*,#6654,.T.);
#8716=EDGE_LOOP('',(#8712,#8713,#8714,#8715));
#8717=FACE_OUTER_BOUND('',#8716,.T.);
#8718=ADVANCED_FACE('',(#8717),#8707,.T.);
#8719=DIRECTION('',(0.238743,0.971083,0));
#8720=DIRECTION('',(0,0,1));
#8721=AXIS2_PLACEMENT_3D('',#908,#8719,#8720);
#8722=PLANE('',#8721);
#8723=ORIENTED_EDGE('',*,*,#8678,.F.);
#8724=ORIENTED_EDGE('',*,*,#6041,.F.);
#8725=ORIENTED_EDGE('',*,*,#8663,.T.);
#8726=ORIENTED_EDGE('',*,*,#6669,.T.);
#8727=EDGE_LOOP('',(#8723,#8724,#8725,#8726));
#8728=FACE_OUTER_BOUND('',#8727,.T.);
#8729=ADVANCED_FACE('',(#8728),#8722,.T.);
#8730=DIRECTION('',(0.155353,0.987859,0));
#8731=DIRECTION('',(0,0,1));
#8732=AXIS2_PLACEMENT_3D('',#916,#8730,#8731);
#8733=PLANE('',#8732);
#8734=ORIENTED_EDGE('',*,*,#6624,.T.);
#8735=DIRECTION('',(0,0,1));
#8736=VECTOR('',#8735,9.6);
#8737=LINE('',#860,#8736);
#8738=EDGE_CURVE('',#861,#919,#8737,.T.);
#8739=ORIENTED_EDGE('',*,*,#8738,.F.);
#8740=ORIENTED_EDGE('',*,*,#6086,.F.);
#8741=DIRECTION('',(0,0,1));
#8742=VECTOR('',#8741,9.6);
#8743=LINE('',#858,#8742);
#8744=EDGE_CURVE('',#859,#917,#8743,.T.);
#8745=ORIENTED_EDGE('',*,*,#8744,.T.);
#8746=EDGE_LOOP('',(#8734,#8739,#8740,#8745));
#8747=FACE_OUTER_BOUND('',#8746,.T.);
#8748=ADVANCED_FACE('',(#8747),#8733,.T.);
#8749=DIRECTION('',(0.146013,0.989283,0));
#8750=DIRECTION('',(0,0,1));
#8751=AXIS2_PLACEMENT_3D('',#918,#8749,#8750);
#8752=PLANE('',#8751);
#8753=ORIENTED_EDGE('',*,*,#6619,.T.);
#8754=DIRECTION('',(0,0,1));
#8755=VECTOR('',#8754,9.6);
#8756=LINE('',#862,#8755);
#8757=EDGE_CURVE('',#863,#921,#8756,.T.);
#8758=ORIENTED_EDGE('',*,*,#8757,.F.);
#8759=ORIENTED_EDGE('',*,*,#6091,.F.);
#8760=ORIENTED_EDGE('',*,*,#8738,.T.);
#8761=EDGE_LOOP('',(#8753,#8758,#8759,#8760));
#8762=FACE_OUTER_BOUND('',#8761,.T.);
#8763=ADVANCED_FACE('',(#8762),#8752,.T.);
#8764=DIRECTION('',(0.201861,0.979414,0));
#8765=DIRECTION('',(0,0,1));
#8766=AXIS2_PLACEMENT_3D('',#914,#8764,#8765);
#8767=PLANE('',#8766);
#8768=ORIENTED_EDGE('',*,*,#6649,.T.);
#8769=DIRECTION('',(0,0,1));
#8770=VECTOR('',#8769,9.6);
#8771=LINE('',#864,#8770);
#8772=EDGE_CURVE('',#865,#923,#8771,.T.);
#8773=ORIENTED_EDGE('',*,*,#8772,.F.);
#8774=ORIENTED_EDGE('',*,*,#6061,.F.);
#8775=ORIENTED_EDGE('',*,*,#8711,.T.);
#8776=EDGE_LOOP('',(#8768,#8773,#8774,#8775));
#8777=FACE_OUTER_BOUND('',#8776,.T.);
#8778=ADVANCED_FACE('',(#8777),#8767,.T.);
#8779=DIRECTION('',(0.192589,0.981279,0));
#8780=DIRECTION('',(0,0,1));
#8781=AXIS2_PLACEMENT_3D('',#866,#8779,#8780);
#8782=PLANE('',#8781);
#8783=ORIENTED_EDGE('',*,*,#6066,.F.);
#8784=ORIENTED_EDGE('',*,*,#8772,.T.);
#8785=ORIENTED_EDGE('',*,*,#6644,.T.);
#8786=DIRECTION('',(0,0,1));
#8787=VECTOR('',#8786,9.6);
#8788=LINE('',#866,#8787);
#8789=EDGE_CURVE('',#867,#925,#8788,.T.);
#8790=ORIENTED_EDGE('',*,*,#8789,.F.);
#8791=EDGE_LOOP('',(#8783,#8784,#8785,#8790));
#8792=FACE_OUTER_BOUND('',#8791,.T.);
#8793=ADVANCED_FACE('',(#8792),#8782,.T.);
#8794=DIRECTION('',(0.183317,0.983054,0));
#8795=DIRECTION('',(0,0,1));
#8796=AXIS2_PLACEMENT_3D('',#926,#8794,#8795);
#8797=PLANE('',#8796);
#8798=DIRECTION('',(0,0,1));
#8799=VECTOR('',#8798,9.6);
#8800=LINE('',#868,#8799);
#8801=EDGE_CURVE('',#869,#927,#8800,.T.);
#8802=ORIENTED_EDGE('',*,*,#8801,.F.);
#8803=ORIENTED_EDGE('',*,*,#6071,.F.);
#8804=ORIENTED_EDGE('',*,*,#8789,.T.);
#8805=ORIENTED_EDGE('',*,*,#6639,.T.);
#8806=EDGE_LOOP('',(#8802,#8803,#8804,#8805));
#8807=FACE_OUTER_BOUND('',#8806,.T.);
#8808=ADVANCED_FACE('',(#8807),#8797,.T.);
#8809=DIRECTION('',(0.174,0.984746,0));
#8810=DIRECTION('',(0,0,1));
#8811=AXIS2_PLACEMENT_3D('',#868,#8809,#8810);
#8812=PLANE('',#8811);
#8813=ORIENTED_EDGE('',*,*,#8801,.T.);
#8814=ORIENTED_EDGE('',*,*,#6634,.T.);
#8815=DIRECTION('',(0,0,1));
#8816=VECTOR('',#8815,9.6);
#8817=LINE('',#870,#8816);
#8818=EDGE_CURVE('',#871,#929,#8817,.T.);
#8819=ORIENTED_EDGE('',*,*,#8818,.F.);
#8820=ORIENTED_EDGE('',*,*,#6076,.F.);
#8821=EDGE_LOOP('',(#8813,#8814,#8819,#8820));
#8822=FACE_OUTER_BOUND('',#8821,.T.);
#8823=ADVANCED_FACE('',(#8822),#8812,.T.);
#8824=DIRECTION('',(0.164693,0.986345,-0));
#8825=DIRECTION('',(-0,0,1));
#8826=AXIS2_PLACEMENT_3D('',#858,#8824,#8825);
#8827=PLANE('',#8826);
#8828=ORIENTED_EDGE('',*,*,#6081,.T.);
#8829=ORIENTED_EDGE('',*,*,#8818,.T.);
#8830=ORIENTED_EDGE('',*,*,#6629,.F.);
#8831=ORIENTED_EDGE('',*,*,#8744,.F.);
#8832=EDGE_LOOP('',(#8828,#8829,#8830,#8831));
#8833=FACE_OUTER_BOUND('',#8832,.T.);
#8834=ADVANCED_FACE('',(#8833),#8827,.T.);
#8835=DIRECTION('',(0.13665,0.990619,-0));
#8836=DIRECTION('',(-0,0,1));
#8837=AXIS2_PLACEMENT_3D('',#862,#8835,#8836);
#8838=PLANE('',#8837);
#8839=ORIENTED_EDGE('',*,*,#8757,.T.);
#8840=ORIENTED_EDGE('',*,*,#6614,.T.);
#8841=DIRECTION('',(0,0,1));
#8842=VECTOR('',#8841,9.6);
#8843=LINE('',#872,#8842);
#8844=EDGE_CURVE('',#873,#931,#8843,.T.);
#8845=ORIENTED_EDGE('',*,*,#8844,.F.);
#8846=ORIENTED_EDGE('',*,*,#6096,.F.);
#8847=EDGE_LOOP('',(#8839,#8840,#8845,#8846));
#8848=FACE_OUTER_BOUND('',#8847,.T.);
#8849=ADVANCED_FACE('',(#8848),#8838,.T.);
#8850=DIRECTION('',(0.127286,0.991866,0));
#8851=DIRECTION('',(0,0,1));
#8852=AXIS2_PLACEMENT_3D('',#872,#8850,#8851);
#8853=PLANE('',#8852);
#8854=ORIENTED_EDGE('',*,*,#8844,.T.);
#8855=ORIENTED_EDGE('',*,*,#6609,.T.);
#8856=DIRECTION('',(0,0,1));
#8857=VECTOR('',#8856,9.6);
#8858=LINE('',#874,#8857);
#8859=EDGE_CURVE('',#875,#933,#8858,.T.);
#8860=ORIENTED_EDGE('',*,*,#8859,.F.);
#8861=ORIENTED_EDGE('',*,*,#6101,.F.);
#8862=EDGE_LOOP('',(#8854,#8855,#8860,#8861));
#8863=FACE_OUTER_BOUND('',#8862,.T.);
#8864=ADVANCED_FACE('',(#8863),#8853,.T.);
#8865=DIRECTION('',(0.108514,0.994095,-0));
#8866=DIRECTION('',(-0,0,1));
#8867=AXIS2_PLACEMENT_3D('',#878,#8865,#8866);
#8868=PLANE('',#8867);
#8869=DIRECTION('',(0,0,1));
#8870=VECTOR('',#8869,9.6);
#8871=LINE('',#878,#8870);
#8872=EDGE_CURVE('',#879,#937,#8871,.T.);
#8873=ORIENTED_EDGE('',*,*,#8872,.T.);
#8874=ORIENTED_EDGE('',*,*,#6599,.F.);
#8875=DIRECTION('',(0,0,1));
#8876=VECTOR('',#8875,9.6);
#8877=LINE('',#876,#8876);
#8878=EDGE_CURVE('',#877,#935,#8877,.T.);
#8879=ORIENTED_EDGE('',*,*,#8878,.F.);
#8880=ORIENTED_EDGE('',*,*,#6111,.T.);
#8881=EDGE_LOOP('',(#8873,#8874,#8879,#8880));
#8882=FACE_OUTER_BOUND('',#8881,.T.);
#8883=ADVANCED_FACE('',(#8882),#8868,.T.);
#8884=DIRECTION('',(0.117889,0.993027,0));
#8885=DIRECTION('',(0,0,1));
#8886=AXIS2_PLACEMENT_3D('',#878,#8884,#8885);
#8887=PLANE('',#8886);
#8888=ORIENTED_EDGE('',*,*,#6106,.F.);
#8889=ORIENTED_EDGE('',*,*,#8859,.T.);
#8890=ORIENTED_EDGE('',*,*,#6604,.T.);
#8891=ORIENTED_EDGE('',*,*,#8872,.F.);
#8892=EDGE_LOOP('',(#8888,#8889,#8890,#8891));
#8893=FACE_OUTER_BOUND('',#8892,.T.);
#8894=ADVANCED_FACE('',(#8893),#8887,.T.);
#8895=DIRECTION('',(0.099094,0.995078,0));
#8896=DIRECTION('',(0,0,1));
#8897=AXIS2_PLACEMENT_3D('',#876,#8895,#8896);
#8898=PLANE('',#8897);
#8899=ORIENTED_EDGE('',*,*,#8878,.T.);
#8900=ORIENTED_EDGE('',*,*,#6594,.T.);
#8901=DIRECTION('',(0,0,1));
#8902=VECTOR('',#8901,9.6);
#8903=LINE('',#880,#8902);
#8904=EDGE_CURVE('',#881,#939,#8903,.T.);
#8905=ORIENTED_EDGE('',*,*,#8904,.F.);
#8906=ORIENTED_EDGE('',*,*,#6116,.F.);
#8907=EDGE_LOOP('',(#8899,#8900,#8905,#8906));
#8908=FACE_OUTER_BOUND('',#8907,.T.);
#8909=ADVANCED_FACE('',(#8908),#8898,.T.);
#8910=DIRECTION('',(0.089697,0.995969,0));
#8911=DIRECTION('',(0,0,1));
#8912=AXIS2_PLACEMENT_3D('',#938,#8910,#8911);
#8913=PLANE('',#8912);
#8914=ORIENTED_EDGE('',*,*,#6589,.T.);
#8915=DIRECTION('',(0,0,1));
#8916=VECTOR('',#8915,9.6);
#8917=LINE('',#882,#8916);
#8918=EDGE_CURVE('',#883,#941,#8917,.T.);
#8919=ORIENTED_EDGE('',*,*,#8918,.F.);
#8920=ORIENTED_EDGE('',*,*,#5151,.F.);
#8921=ORIENTED_EDGE('',*,*,#8904,.T.);
#8922=EDGE_LOOP('',(#8914,#8919,#8920,#8921));
#8923=FACE_OUTER_BOUND('',#8922,.T.);
#8924=ADVANCED_FACE('',(#8923),#8913,.T.);
#8925=DIRECTION('',(0.080265,0.996774,0));
#8926=DIRECTION('',(0,0,1));
#8927=AXIS2_PLACEMENT_3D('',#882,#8925,#8926);
#8928=PLANE('',#8927);
#8929=ORIENTED_EDGE('',*,*,#8918,.T.);
#8930=ORIENTED_EDGE('',*,*,#6584,.T.);
#8931=DIRECTION('',(0,0,1));
#8932=VECTOR('',#8931,9.6);
#8933=LINE('',#884,#8932);
#8934=EDGE_CURVE('',#885,#943,#8933,.T.);
#8935=ORIENTED_EDGE('',*,*,#8934,.F.);
#8936=ORIENTED_EDGE('',*,*,#5156,.F.);
#8937=EDGE_LOOP('',(#8929,#8930,#8935,#8936));
#8938=FACE_OUTER_BOUND('',#8937,.T.);
#8939=ADVANCED_FACE('',(#8938),#8928,.T.);
#8940=DIRECTION('',(0.070845,0.997487,0));
#8941=DIRECTION('',(0,0,1));
#8942=AXIS2_PLACEMENT_3D('',#944,#8940,#8941);
#8943=PLANE('',#8942);
#8944=DIRECTION('',(0,0,1));
#8945=VECTOR('',#8944,9.6);
#8946=LINE('',#886,#8945);
#8947=EDGE_CURVE('',#887,#945,#8946,.T.);
#8948=ORIENTED_EDGE('',*,*,#8947,.F.);
#8949=ORIENTED_EDGE('',*,*,#5161,.F.);
#8950=ORIENTED_EDGE('',*,*,#8934,.T.);
#8951=ORIENTED_EDGE('',*,*,#6579,.T.);
#8952=EDGE_LOOP('',(#8948,#8949,#8950,#8951));
#8953=FACE_OUTER_BOUND('',#8952,.T.);
#8954=ADVANCED_FACE('',(#8953),#8943,.T.);
#8955=DIRECTION('',(0.061414,0.998112,0));
#8956=DIRECTION('',(0,0,1));
#8957=AXIS2_PLACEMENT_3D('',#946,#8955,#8956);
#8958=PLANE('',#8957);
#8959=DIRECTION('',(0,0,1));
#8960=VECTOR('',#8959,9.6);
#8961=LINE('',#888,#8960);
#8962=EDGE_CURVE('',#889,#947,#8961,.T.);
#8963=ORIENTED_EDGE('',*,*,#8962,.F.);
#8964=ORIENTED_EDGE('',*,*,#5166,.F.);
#8965=ORIENTED_EDGE('',*,*,#8947,.T.);
#8966=ORIENTED_EDGE('',*,*,#6574,.T.);
#8967=EDGE_LOOP('',(#8963,#8964,#8965,#8966));
#8968=FACE_OUTER_BOUND('',#8967,.T.);
#8969=ADVANCED_FACE('',(#8968),#8958,.T.);
#8970=DIRECTION('',(0.051971,0.998649,0));
#8971=DIRECTION('',(0,0,1));
#8972=AXIS2_PLACEMENT_3D('',#890,#8970,#8971);
#8973=PLANE('',#8972);
#8974=ORIENTED_EDGE('',*,*,#5171,.F.);
#8975=ORIENTED_EDGE('',*,*,#8962,.T.);
#8976=ORIENTED_EDGE('',*,*,#6569,.T.);
#8977=DIRECTION('',(0,0,1));
#8978=VECTOR('',#8977,9.6);
#8979=LINE('',#890,#8978);
#8980=EDGE_CURVE('',#891,#949,#8979,.T.);
#8981=ORIENTED_EDGE('',*,*,#8980,.F.);
#8982=EDGE_LOOP('',(#8974,#8975,#8976,#8981));
#8983=FACE_OUTER_BOUND('',#8982,.T.);
#8984=ADVANCED_FACE('',(#8983),#8973,.T.);
#8985=DIRECTION('',(0.042539,0.999095,0));
#8986=DIRECTION('',(0,0,1));
#8987=AXIS2_PLACEMENT_3D('',#948,#8985,#8986);
#8988=PLANE('',#8987);
#8989=ORIENTED_EDGE('',*,*,#6564,.T.);
#8990=DIRECTION('',(0,0,1));
#8991=VECTOR('',#8990,9.6);
#8992=LINE('',#892,#8991);
#8993=EDGE_CURVE('',#893,#951,#8992,.T.);
#8994=ORIENTED_EDGE('',*,*,#8993,.F.);
#8995=ORIENTED_EDGE('',*,*,#5176,.F.);
#8996=ORIENTED_EDGE('',*,*,#8980,.T.);
#8997=EDGE_LOOP('',(#8989,#8994,#8995,#8996));
#8998=FACE_OUTER_BOUND('',#8997,.T.);
#8999=ADVANCED_FACE('',(#8998),#8988,.T.);
#9000=DIRECTION('',(0.033073,0.999453,0));
#9001=DIRECTION('',(0,0,1));
#9002=AXIS2_PLACEMENT_3D('',#950,#9000,#9001);
#9003=PLANE('',#9002);
#9004=ORIENTED_EDGE('',*,*,#6559,.T.);
#9005=DIRECTION('',(0,0,1));
#9006=VECTOR('',#9005,9.6);
#9007=LINE('',#894,#9006);
#9008=EDGE_CURVE('',#895,#953,#9007,.T.);
#9009=ORIENTED_EDGE('',*,*,#9008,.F.);
#9010=ORIENTED_EDGE('',*,*,#5181,.F.);
#9011=ORIENTED_EDGE('',*,*,#8993,.T.);
#9012=EDGE_LOOP('',(#9004,#9009,#9010,#9011));
#9013=FACE_OUTER_BOUND('',#9012,.T.);
#9014=ADVANCED_FACE('',(#9013),#9003,.T.);
#9015=DIRECTION('',(0.023642,0.99972,0));
#9016=DIRECTION('',(0,0,1));
#9017=AXIS2_PLACEMENT_3D('',#896,#9015,#9016);
#9018=PLANE('',#9017);
#9019=ORIENTED_EDGE('',*,*,#5186,.F.);
#9020=ORIENTED_EDGE('',*,*,#9008,.T.);
#9021=ORIENTED_EDGE('',*,*,#6554,.T.);
#9022=DIRECTION('',(0,0,1));
#9023=VECTOR('',#9022,9.6);
#9024=LINE('',#896,#9023);
#9025=EDGE_CURVE('',#897,#955,#9024,.T.);
#9026=ORIENTED_EDGE('',*,*,#9025,.F.);
#9027=EDGE_LOOP('',(#9019,#9020,#9021,#9026));
#9028=FACE_OUTER_BOUND('',#9027,.T.);
#9029=ADVANCED_FACE('',(#9028),#9018,.T.);
#9030=DIRECTION('',(0.014176,0.9999,0));
#9031=DIRECTION('',(0,0,1));
#9032=AXIS2_PLACEMENT_3D('',#954,#9030,#9031);
#9033=PLANE('',#9032);
#9034=ORIENTED_EDGE('',*,*,#6549,.T.);
#9035=DIRECTION('',(0,0,1));
#9036=VECTOR('',#9035,9.6);
#9037=LINE('',#898,#9036);
#9038=EDGE_CURVE('',#899,#957,#9037,.T.);
#9039=ORIENTED_EDGE('',*,*,#9038,.F.);
#9040=ORIENTED_EDGE('',*,*,#5191,.F.);
#9041=ORIENTED_EDGE('',*,*,#9025,.T.);
#9042=EDGE_LOOP('',(#9034,#9039,#9040,#9041));
#9043=FACE_OUTER_BOUND('',#9042,.T.);
#9044=ADVANCED_FACE('',(#9043),#9033,.T.);
#9045=DIRECTION('',(0.004721,0.999989,0));
#9046=DIRECTION('',(0,0,1));
#9047=AXIS2_PLACEMENT_3D('',#1622,#9045,#9046);
#9048=PLANE('',#9047);
#9049=DIRECTION('',(0,0,1));
#9050=VECTOR('',#9049,9.6);
#9051=LINE('',#1562,#9050);
#9052=EDGE_CURVE('',#1563,#1623,#9051,.T.);
#9053=ORIENTED_EDGE('',*,*,#9052,.F.);
#9054=ORIENTED_EDGE('',*,*,#5196,.F.);
#9055=ORIENTED_EDGE('',*,*,#9038,.T.);
#9056=ORIENTED_EDGE('',*,*,#6544,.T.);
#9057=EDGE_LOOP('',(#9053,#9054,#9055,#9056));
#9058=FACE_OUTER_BOUND('',#9057,.T.);
#9059=ADVANCED_FACE('',(#9058),#9048,.T.);
#9060=DIRECTION('',(0.023635,-0.999721,0));
#9061=DIRECTION('',(0,0,-1));
#9062=AXIS2_PLACEMENT_3D('',#1512,#9060,#9061);
#9063=PLANE('',#9062);
#9064=DIRECTION('',(0,0,1));
#9065=VECTOR('',#9064,9.5);
#9066=LINE('',#1388,#9065);
#9067=EDGE_CURVE('',#1389,#1513,#9066,.T.);
#9068=ORIENTED_EDGE('',*,*,#9067,.F.);
#9069=DIRECTION('',(0,0,1));
#9070=VECTOR('',#9069,0.1);
#9071=LINE('',#1382,#9070);
#9072=EDGE_CURVE('',#1383,#1389,#9071,.T.);
#9073=ORIENTED_EDGE('',*,*,#9072,.F.);
#9074=DIRECTION('',(0,0,1));
#9075=VECTOR('',#9074,13);
#9076=LINE('',#1176,#9075);
#9077=EDGE_CURVE('',#1177,#1383,#9076,.T.);
#9078=ORIENTED_EDGE('',*,*,#9077,.F.);
#9079=ORIENTED_EDGE('',*,*,#2925,.T.);
#9080=DIRECTION('',(0,0,1));
#9081=VECTOR('',#9080,13);
#9082=LINE('',#1178,#9081);
#9083=EDGE_CURVE('',#1179,#1385,#9082,.T.);
#9084=ORIENTED_EDGE('',*,*,#9083,.T.);
#9085=DIRECTION('',(0,0,1));
#9086=VECTOR('',#9085,9.6);
#9087=LINE('',#1384,#9086);
#9088=EDGE_CURVE('',#1385,#1515,#9087,.T.);
#9089=ORIENTED_EDGE('',*,*,#9088,.T.);
#9090=ORIENTED_EDGE('',*,*,#6967,.F.);
#9091=EDGE_LOOP('',(#9068,#9073,#9078,#9079,#9084,#9089,#9090));
#9092=FACE_OUTER_BOUND('',#9091,.T.);
#9093=ADVANCED_FACE('',(#9092),#9063,.T.);
#9094=DIRECTION('',(0.099104,-0.995077,-0.000177));
#9095=DIRECTION('',(0,0.000178,-1));
#9096=AXIS2_PLACEMENT_3D('',#1424,#9094,#9095);
#9097=PLANE('',#9096);
#9098=DIRECTION('',(-0.293958,-0.029447,0.955365));
#9099=VECTOR('',#9098,0.104672);
#9100=LINE('',#1424,#9099);
#9101=EDGE_CURVE('',#1425,#1431,#9100,.T.);
#9102=ORIENTED_EDGE('',*,*,#9101,.T.);
#9103=DIRECTION('',(0.994502,0.09904,0.034022));
#9104=VECTOR('',#9103,2.939282);
#9105=LINE('',#1416,#9104);
#9106=EDGE_CURVE('',#1417,#1431,#9105,.T.);
#9107=ORIENTED_EDGE('',*,*,#9106,.F.);
#9108=DIRECTION('',(0.995077,0.099104,0));
#9109=VECTOR('',#9108,2.968503);
#9110=LINE('',#1416,#9109);
#9111=EDGE_CURVE('',#1417,#1425,#9110,.T.);
#9112=ORIENTED_EDGE('',*,*,#9111,.T.);
#9113=EDGE_LOOP('',(#9102,#9107,#9112));
#9114=FACE_OUTER_BOUND('',#9113,.T.);
#9115=ADVANCED_FACE('',(#9114),#9097,.T.);
#9116=DIRECTION('',(0.1085,-0.994096,0));
#9117=DIRECTION('',(0,0,-1));
#9118=AXIS2_PLACEMENT_3D('',#1424,#9116,#9117);
#9119=PLANE('',#9118);
#9120=DIRECTION('',(0,0,1));
#9121=VECTOR('',#9120,13);
#9122=LINE('',#1214,#9121);
#9123=EDGE_CURVE('',#1215,#1425,#9122,.T.);
#9124=ORIENTED_EDGE('',*,*,#9123,.F.);
#9125=ORIENTED_EDGE('',*,*,#3095,.T.);
#9126=DIRECTION('',(0,0,1));
#9127=VECTOR('',#9126,13);
#9128=LINE('',#1216,#9127);
#9129=EDGE_CURVE('',#1217,#1427,#9128,.T.);
#9130=ORIENTED_EDGE('',*,*,#9129,.T.);
#9131=DIRECTION('',(0,0,1));
#9132=VECTOR('',#9131,9.6);
#9133=LINE('',#1426,#9132);
#9134=EDGE_CURVE('',#1427,#1533,#9133,.T.);
#9135=ORIENTED_EDGE('',*,*,#9134,.T.);
#9136=ORIENTED_EDGE('',*,*,#7012,.F.);
#9137=DIRECTION('',(0,0,1));
#9138=VECTOR('',#9137,9.5);
#9139=LINE('',#1432,#9138);
#9140=EDGE_CURVE('',#1433,#1531,#9139,.T.);
#9141=ORIENTED_EDGE('',*,*,#9140,.F.);
#9142=DIRECTION('',(0,0,1));
#9143=VECTOR('',#9142,0.1);
#9144=LINE('',#1424,#9143);
#9145=EDGE_CURVE('',#1425,#1433,#9144,.T.);
#9146=ORIENTED_EDGE('',*,*,#9145,.F.);
#9147=EDGE_LOOP('',(#9124,#9125,#9130,#9135,#9136,#9141,#9146));
#9148=FACE_OUTER_BOUND('',#9147,.T.);
#9149=ADVANCED_FACE('',(#9148),#9119,.T.);
#9150=DIRECTION('',(0.117896,-0.993026,0.000141));
#9151=DIRECTION('',(0,-0.000142,-1));
#9152=AXIS2_PLACEMENT_3D('',#1428,#9150,#9151);
#9153=PLANE('',#9152);
#9154=DIRECTION('',(-0.293376,-0.034695,0.955367));
#9155=VECTOR('',#9154,0.104672);
#9156=LINE('',#1428,#9155);
#9157=EDGE_CURVE('',#1429,#1435,#9156,.T.);
#9158=ORIENTED_EDGE('',*,*,#9157,.T.);
#9159=DIRECTION('',(0.99245,0.117833,0.034022));
#9160=VECTOR('',#9159,2.939282);
#9161=LINE('',#1426,#9160);
#9162=EDGE_CURVE('',#1427,#1435,#9161,.T.);
#9163=ORIENTED_EDGE('',*,*,#9162,.F.);
#9164=DIRECTION('',(0.993026,0.117896,0));
#9165=VECTOR('',#9164,2.968502);
#9166=LINE('',#1426,#9165);
#9167=EDGE_CURVE('',#1427,#1429,#9166,.T.);
#9168=ORIENTED_EDGE('',*,*,#9167,.T.);
#9169=EDGE_LOOP('',(#9158,#9163,#9168));
#9170=FACE_OUTER_BOUND('',#9169,.T.);
#9171=ADVANCED_FACE('',(#9170),#9153,.T.);
#9172=DIRECTION('',(0.127282,-0.991867,0));
#9173=DIRECTION('',(0,0,-1));
#9174=AXIS2_PLACEMENT_3D('',#1218,#9172,#9173);
#9175=PLANE('',#9174);
#9176=ORIENTED_EDGE('',*,*,#3085,.T.);
#9177=DIRECTION('',(0,0,1));
#9178=VECTOR('',#9177,13);
#9179=LINE('',#1228,#9178);
#9180=EDGE_CURVE('',#1229,#1447,#9179,.T.);
#9181=ORIENTED_EDGE('',*,*,#9180,.T.);
#9182=DIRECTION('',(0,0,1));
#9183=VECTOR('',#9182,9.6);
#9184=LINE('',#1446,#9183);
#9185=EDGE_CURVE('',#1447,#1537,#9184,.T.);
#9186=ORIENTED_EDGE('',*,*,#9185,.T.);
#9187=ORIENTED_EDGE('',*,*,#7022,.F.);
#9188=DIRECTION('',(0,0,1));
#9189=VECTOR('',#9188,9.5);
#9190=LINE('',#1436,#9189);
#9191=EDGE_CURVE('',#1437,#1535,#9190,.T.);
#9192=ORIENTED_EDGE('',*,*,#9191,.F.);
#9193=DIRECTION('',(0,0,1));
#9194=VECTOR('',#9193,0.1);
#9195=LINE('',#1428,#9194);
#9196=EDGE_CURVE('',#1429,#1437,#9195,.T.);
#9197=ORIENTED_EDGE('',*,*,#9196,.F.);
#9198=DIRECTION('',(0,0,1));
#9199=VECTOR('',#9198,13);
#9200=LINE('',#1218,#9199);
#9201=EDGE_CURVE('',#1219,#1429,#9200,.T.);
#9202=ORIENTED_EDGE('',*,*,#9201,.F.);
#9203=EDGE_LOOP('',(#9176,#9181,#9186,#9187,#9192,#9197,#9202));
#9204=FACE_OUTER_BOUND('',#9203,.T.);
#9205=ADVANCED_FACE('',(#9204),#9175,.T.);
#9206=DIRECTION('',(0.165554,-0.986201,0));
#9207=DIRECTION('',(0,0,-1));
#9208=AXIS2_PLACEMENT_3D('',#1240,#9206,#9207);
#9209=PLANE('',#9208);
#9210=DIRECTION('',(0.001706,0.000286,0.999999));
#9211=VECTOR('',#9210,13.000019);
#9212=LINE('',#1240,#9211);
#9213=EDGE_CURVE('',#1241,#1459,#9212,.T.);
#9214=ORIENTED_EDGE('',*,*,#9213,.T.);
#9215=DIRECTION('',(-0.216381,-0.036324,0.975633));
#9216=VECTOR('',#9215,0.102498);
#9217=LINE('',#1458,#9216);
#9218=EDGE_CURVE('',#1459,#1467,#9217,.T.);
#9219=ORIENTED_EDGE('',*,*,#9218,.T.);
#9220=DIRECTION('',(0,0,1));
#9221=VECTOR('',#9220,0.1);
#9222=LINE('',#1460,#9221);
#9223=EDGE_CURVE('',#1461,#1467,#9222,.T.);
#9224=ORIENTED_EDGE('',*,*,#9223,.F.);
#9225=DIRECTION('',(0,0,1));
#9226=VECTOR('',#9225,13);
#9227=LINE('',#1240,#9226);
#9228=EDGE_CURVE('',#1241,#1461,#9227,.T.);
#9229=ORIENTED_EDGE('',*,*,#9228,.F.);
#9230=EDGE_LOOP('',(#9214,#9219,#9224,#9229));
#9231=FACE_OUTER_BOUND('',#9230,.T.);
#9232=ADVANCED_FACE('',(#9231),#9209,.T.);
#9233=DIRECTION('',(0.174007,-0.984744,0));
#9234=DIRECTION('',(0,0,-1));
#9235=AXIS2_PLACEMENT_3D('',#1462,#9233,#9234);
#9236=PLANE('',#9235);
#9237=DIRECTION('',(0,0,1));
#9238=VECTOR('',#9237,13);
#9239=LINE('',#1242,#9238);
#9240=EDGE_CURVE('',#1243,#1463,#9239,.T.);
#9241=ORIENTED_EDGE('',*,*,#9240,.F.);
#9242=ORIENTED_EDGE('',*,*,#3060,.T.);
#9243=DIRECTION('',(0,0,1));
#9244=VECTOR('',#9243,13);
#9245=LINE('',#1244,#9244);
#9246=EDGE_CURVE('',#1245,#1465,#9245,.T.);
#9247=ORIENTED_EDGE('',*,*,#9246,.T.);
#9248=DIRECTION('',(0,0,1));
#9249=VECTOR('',#9248,0.1);
#9250=LINE('',#1464,#9249);
#9251=EDGE_CURVE('',#1465,#1471,#9250,.T.);
#9252=ORIENTED_EDGE('',*,*,#9251,.T.);
#9253=DIRECTION('',(0,0,1));
#9254=VECTOR('',#9253,9.5);
#9255=LINE('',#1470,#9254);
#9256=EDGE_CURVE('',#1471,#1547,#9255,.T.);
#9257=ORIENTED_EDGE('',*,*,#9256,.T.);
#9258=ORIENTED_EDGE('',*,*,#7047,.F.);
#9259=DIRECTION('',(0,0,1));
#9260=VECTOR('',#9259,9.5);
#9261=LINE('',#1468,#9260);
#9262=EDGE_CURVE('',#1469,#1545,#9261,.T.);
#9263=ORIENTED_EDGE('',*,*,#9262,.F.);
#9264=DIRECTION('',(0,0,1));
#9265=VECTOR('',#9264,0.1);
#9266=LINE('',#1462,#9265);
#9267=EDGE_CURVE('',#1463,#1469,#9266,.T.);
#9268=ORIENTED_EDGE('',*,*,#9267,.F.);
#9269=EDGE_LOOP('',(#9241,#9242,#9247,#9252,#9257,#9258,#9263,#9268));
#9270=FACE_OUTER_BOUND('',#9269,.T.);
#9271=ADVANCED_FACE('',(#9270),#9236,.T.);
#9272=DIRECTION('',(0.192584,-0.98128,0));
#9273=DIRECTION('',(0,0,-1));
#9274=AXIS2_PLACEMENT_3D('',#1476,#9272,#9273);
#9275=PLANE('',#9274);
#9276=DIRECTION('',(0,0,1));
#9277=VECTOR('',#9276,9.6);
#9278=LINE('',#1476,#9277);
#9279=EDGE_CURVE('',#1477,#1551,#9278,.T.);
#9280=ORIENTED_EDGE('',*,*,#9279,.T.);
#9281=ORIENTED_EDGE('',*,*,#7057,.F.);
#9282=DIRECTION('',(0,0,1));
#9283=VECTOR('',#9282,9.5);
#9284=LINE('',#1474,#9283);
#9285=EDGE_CURVE('',#1475,#1549,#9284,.T.);
#9286=ORIENTED_EDGE('',*,*,#9285,.F.);
#9287=DIRECTION('',(0,0,1));
#9288=VECTOR('',#9287,0.1);
#9289=LINE('',#1472,#9288);
#9290=EDGE_CURVE('',#1473,#1475,#9289,.T.);
#9291=ORIENTED_EDGE('',*,*,#9290,.F.);
#9292=DIRECTION('',(-0.216863,-0.042561,0.975274));
#9293=VECTOR('',#9292,13.432123);
#9294=LINE('',#1252,#9293);
#9295=EDGE_CURVE('',#1253,#1473,#9294,.T.);
#9296=ORIENTED_EDGE('',*,*,#9295,.F.);
#9297=DIRECTION('',(0,0,1));
#9298=VECTOR('',#9297,13.099998);
#9299=LINE('',#1252,#9298);
#9300=EDGE_CURVE('',#1253,#1477,#9299,.T.);
#9301=ORIENTED_EDGE('',*,*,#9300,.T.);
#9302=EDGE_LOOP('',(#9280,#9281,#9286,#9291,#9296,#9301));
#9303=FACE_OUTER_BOUND('',#9302,.T.);
#9304=ADVANCED_FACE('',(#9303),#9275,.T.);
#9305=DIRECTION('',(0.004729,-0.999989,0));
#9306=DIRECTION('',(0,0,-1));
#9307=AXIS2_PLACEMENT_3D('',#1378,#9305,#9306);
#9308=PLANE('',#9307);
#9309=ORIENTED_EDGE('',*,*,#8612,.F.);
#9310=ORIENTED_EDGE('',*,*,#2935,.T.);
#9311=DIRECTION('',(0,0,1));
#9312=VECTOR('',#9311,13);
#9313=LINE('',#1174,#9312);
#9314=EDGE_CURVE('',#1175,#1381,#9313,.T.);
#9315=ORIENTED_EDGE('',*,*,#9314,.T.);
#9316=DIRECTION('',(0,0,1));
#9317=VECTOR('',#9316,0.1);
#9318=LINE('',#1380,#9317);
#9319=EDGE_CURVE('',#1381,#1387,#9318,.T.);
#9320=ORIENTED_EDGE('',*,*,#9319,.T.);
#9321=DIRECTION('',(0,0,1));
#9322=VECTOR('',#9321,9.5);
#9323=LINE('',#1386,#9322);
#9324=EDGE_CURVE('',#1387,#1511,#9323,.T.);
#9325=ORIENTED_EDGE('',*,*,#9324,.T.);
#9326=ORIENTED_EDGE('',*,*,#6957,.F.);
#9327=ORIENTED_EDGE('',*,*,#8617,.F.);
#9328=EDGE_LOOP('',(#9309,#9310,#9315,#9320,#9325,#9326,#9327));
#9329=FACE_OUTER_BOUND('',#9328,.T.);
#9330=ADVANCED_FACE('',(#9329),#9308,.T.);
#9331=DIRECTION('',(0.014177,-0.9999,0));
#9332=DIRECTION('',(0,0,-1));
#9333=AXIS2_PLACEMENT_3D('',#1174,#9331,#9332);
#9334=PLANE('',#9333);
#9335=ORIENTED_EDGE('',*,*,#2930,.T.);
#9336=ORIENTED_EDGE('',*,*,#9077,.T.);
#9337=ORIENTED_EDGE('',*,*,#9072,.T.);
#9338=ORIENTED_EDGE('',*,*,#9067,.T.);
#9339=ORIENTED_EDGE('',*,*,#6962,.F.);
#9340=ORIENTED_EDGE('',*,*,#9324,.F.);
#9341=ORIENTED_EDGE('',*,*,#9319,.F.);
#9342=ORIENTED_EDGE('',*,*,#9314,.F.);
#9343=EDGE_LOOP('',(#9335,#9336,#9337,#9338,#9339,#9340,#9341,#9342));
#9344=FACE_OUTER_BOUND('',#9343,.T.);
#9345=ADVANCED_FACE('',(#9344),#9334,.T.);
#9346=DIRECTION('',(0.033083,-0.999453,0));
#9347=DIRECTION('',(0,0,-1));
#9348=AXIS2_PLACEMENT_3D('',#1384,#9346,#9347);
#9349=PLANE('',#9348);
#9350=ORIENTED_EDGE('',*,*,#9083,.F.);
#9351=ORIENTED_EDGE('',*,*,#2920,.T.);
#9352=DIRECTION('',(0,0,1));
#9353=VECTOR('',#9352,13);
#9354=LINE('',#1180,#9353);
#9355=EDGE_CURVE('',#1181,#1391,#9354,.T.);
#9356=ORIENTED_EDGE('',*,*,#9355,.T.);
#9357=DIRECTION('',(0,0,1));
#9358=VECTOR('',#9357,9.6);
#9359=LINE('',#1390,#9358);
#9360=EDGE_CURVE('',#1391,#1517,#9359,.T.);
#9361=ORIENTED_EDGE('',*,*,#9360,.T.);
#9362=ORIENTED_EDGE('',*,*,#6972,.F.);
#9363=ORIENTED_EDGE('',*,*,#9088,.F.);
#9364=EDGE_LOOP('',(#9350,#9351,#9356,#9361,#9362,#9363));
#9365=FACE_OUTER_BOUND('',#9364,.T.);
#9366=ADVANCED_FACE('',(#9365),#9349,.T.);
#9367=DIRECTION('',(0.04253,-0.999095,0));
#9368=DIRECTION('',(0,0,-1));
#9369=AXIS2_PLACEMENT_3D('',#1180,#9367,#9368);
#9370=PLANE('',#9369);
#9371=ORIENTED_EDGE('',*,*,#2915,.T.);
#9372=DIRECTION('',(0,0,1));
#9373=VECTOR('',#9372,13);
#9374=LINE('',#1182,#9373);
#9375=EDGE_CURVE('',#1183,#1393,#9374,.T.);
#9376=ORIENTED_EDGE('',*,*,#9375,.T.);
#9377=DIRECTION('',(0,0,1));
#9378=VECTOR('',#9377,9.6);
#9379=LINE('',#1392,#9378);
#9380=EDGE_CURVE('',#1393,#1519,#9379,.T.);
#9381=ORIENTED_EDGE('',*,*,#9380,.T.);
#9382=ORIENTED_EDGE('',*,*,#6977,.F.);
#9383=ORIENTED_EDGE('',*,*,#9360,.F.);
#9384=ORIENTED_EDGE('',*,*,#9355,.F.);
#9385=EDGE_LOOP('',(#9371,#9376,#9381,#9382,#9383,#9384));
#9386=FACE_OUTER_BOUND('',#9385,.T.);
#9387=ADVANCED_FACE('',(#9386),#9370,.T.);
#9388=DIRECTION('',(0.051968,-0.998649,0));
#9389=DIRECTION('',(0,0,-1));
#9390=AXIS2_PLACEMENT_3D('',#1520,#9388,#9389);
#9391=PLANE('',#9390);
#9392=ORIENTED_EDGE('',*,*,#6982,.F.);
#9393=ORIENTED_EDGE('',*,*,#9380,.F.);
#9394=ORIENTED_EDGE('',*,*,#9375,.F.);
#9395=ORIENTED_EDGE('',*,*,#2910,.T.);
#9396=DIRECTION('',(0,0,1));
#9397=VECTOR('',#9396,13);
#9398=LINE('',#1184,#9397);
#9399=EDGE_CURVE('',#1185,#1395,#9398,.T.);
#9400=ORIENTED_EDGE('',*,*,#9399,.T.);
#9401=DIRECTION('',(0,0,1));
#9402=VECTOR('',#9401,9.6);
#9403=LINE('',#1394,#9402);
#9404=EDGE_CURVE('',#1395,#1521,#9403,.T.);
#9405=ORIENTED_EDGE('',*,*,#9404,.T.);
#9406=EDGE_LOOP('',(#9392,#9393,#9394,#9395,#9400,#9405));
#9407=FACE_OUTER_BOUND('',#9406,.T.);
#9408=ADVANCED_FACE('',(#9407),#9391,.T.);
#9409=DIRECTION('',(0.061415,-0.998112,0));
#9410=DIRECTION('',(0,0,-1));
#9411=AXIS2_PLACEMENT_3D('',#1522,#9409,#9410);
#9412=PLANE('',#9411);
#9413=ORIENTED_EDGE('',*,*,#6987,.F.);
#9414=ORIENTED_EDGE('',*,*,#9404,.F.);
#9415=ORIENTED_EDGE('',*,*,#9399,.F.);
#9416=ORIENTED_EDGE('',*,*,#2905,.T.);
#9417=DIRECTION('',(0,0,1));
#9418=VECTOR('',#9417,13);
#9419=LINE('',#1200,#9418);
#9420=EDGE_CURVE('',#1201,#1411,#9419,.T.);
#9421=ORIENTED_EDGE('',*,*,#9420,.T.);
#9422=DIRECTION('',(0,0,1));
#9423=VECTOR('',#9422,9.6);
#9424=LINE('',#1410,#9423);
#9425=EDGE_CURVE('',#1411,#1523,#9424,.T.);
#9426=ORIENTED_EDGE('',*,*,#9425,.T.);
#9427=EDGE_LOOP('',(#9413,#9414,#9415,#9416,#9421,#9426));
#9428=FACE_OUTER_BOUND('',#9427,.T.);
#9429=ADVANCED_FACE('',(#9428),#9412,.T.);
#9430=DIRECTION('',(0.070843,-0.997488,0));
#9431=DIRECTION('',(0,0,-1));
#9432=AXIS2_PLACEMENT_3D('',#1412,#9430,#9431);
#9433=PLANE('',#9432);
#9434=DIRECTION('',(0,0,1));
#9435=VECTOR('',#9434,9.6);
#9436=LINE('',#1412,#9435);
#9437=EDGE_CURVE('',#1413,#1525,#9436,.T.);
#9438=ORIENTED_EDGE('',*,*,#9437,.T.);
#9439=ORIENTED_EDGE('',*,*,#6992,.F.);
#9440=ORIENTED_EDGE('',*,*,#9425,.F.);
#9441=ORIENTED_EDGE('',*,*,#9420,.F.);
#9442=ORIENTED_EDGE('',*,*,#2900,.T.);
#9443=DIRECTION('',(0,0,1));
#9444=VECTOR('',#9443,13);
#9445=LINE('',#1202,#9444);
#9446=EDGE_CURVE('',#1203,#1413,#9445,.T.);
#9447=ORIENTED_EDGE('',*,*,#9446,.T.);
#9448=EDGE_LOOP('',(#9438,#9439,#9440,#9441,#9442,#9447));
#9449=FACE_OUTER_BOUND('',#9448,.T.);
#9450=ADVANCED_FACE('',(#9449),#9433,.T.);
#9451=DIRECTION('',(0.08027,-0.996773,0));
#9452=DIRECTION('',(0,0,-1));
#9453=AXIS2_PLACEMENT_3D('',#1204,#9451,#9452);
#9454=PLANE('',#9453);
#9455=DIRECTION('',(0,0,1));
#9456=VECTOR('',#9455,13);
#9457=LINE('',#1204,#9456);
#9458=EDGE_CURVE('',#1205,#1415,#9457,.T.);
#9459=ORIENTED_EDGE('',*,*,#9458,.T.);
#9460=DIRECTION('',(0,0,1));
#9461=VECTOR('',#9460,9.6);
#9462=LINE('',#1414,#9461);
#9463=EDGE_CURVE('',#1415,#1527,#9462,.T.);
#9464=ORIENTED_EDGE('',*,*,#9463,.T.);
#9465=ORIENTED_EDGE('',*,*,#6997,.F.);
#9466=ORIENTED_EDGE('',*,*,#9437,.F.);
#9467=ORIENTED_EDGE('',*,*,#9446,.F.);
#9468=ORIENTED_EDGE('',*,*,#2895,.T.);
#9469=EDGE_LOOP('',(#9459,#9464,#9465,#9466,#9467,#9468));
#9470=FACE_OUTER_BOUND('',#9469,.T.);
#9471=ADVANCED_FACE('',(#9470),#9454,.T.);
#9472=DIRECTION('',(0.089697,-0.995969,0));
#9473=DIRECTION('',(0,0,-1));
#9474=AXIS2_PLACEMENT_3D('',#1528,#9472,#9473);
#9475=PLANE('',#9474);
#9476=ORIENTED_EDGE('',*,*,#7002,.F.);
#9477=ORIENTED_EDGE('',*,*,#9463,.F.);
#9478=ORIENTED_EDGE('',*,*,#9458,.F.);
#9479=ORIENTED_EDGE('',*,*,#3105,.T.);
#9480=DIRECTION('',(0,0,1));
#9481=VECTOR('',#9480,13);
#9482=LINE('',#1206,#9481);
#9483=EDGE_CURVE('',#1207,#1417,#9482,.T.);
#9484=ORIENTED_EDGE('',*,*,#9483,.T.);
#9485=DIRECTION('',(0,0,1));
#9486=VECTOR('',#9485,9.6);
#9487=LINE('',#1416,#9486);
#9488=EDGE_CURVE('',#1417,#1529,#9487,.T.);
#9489=ORIENTED_EDGE('',*,*,#9488,.T.);
#9490=EDGE_LOOP('',(#9476,#9477,#9478,#9479,#9484,#9489));
#9491=FACE_OUTER_BOUND('',#9490,.T.);
#9492=ADVANCED_FACE('',(#9491),#9475,.T.);
#9493=DIRECTION('',(0.099098,-0.995078,0));
#9494=DIRECTION('',(0,0,-1));
#9495=AXIS2_PLACEMENT_3D('',#1416,#9493,#9494);
#9496=PLANE('',#9495);
#9497=ORIENTED_EDGE('',*,*,#9106,.T.);
#9498=DIRECTION('',(-0.293964,-0.029275,0.955368));
#9499=VECTOR('',#9498,9.943811);
#9500=LINE('',#1430,#9499);
#9501=EDGE_CURVE('',#1431,#1529,#9500,.T.);
#9502=ORIENTED_EDGE('',*,*,#9501,.T.);
#9503=ORIENTED_EDGE('',*,*,#9488,.F.);
#9504=EDGE_LOOP('',(#9497,#9502,#9503));
#9505=FACE_OUTER_BOUND('',#9504,.T.);
#9506=ADVANCED_FACE('',(#9505),#9496,.T.);
#9507=DIRECTION('',(0.099675,-0.99502,0));
#9508=DIRECTION('',(0,0,-1));
#9509=AXIS2_PLACEMENT_3D('',#1430,#9507,#9508);
#9510=PLANE('',#9509);
#9511=ORIENTED_EDGE('',*,*,#9101,.F.);
#9512=ORIENTED_EDGE('',*,*,#9145,.T.);
#9513=ORIENTED_EDGE('',*,*,#9140,.T.);
#9514=DIRECTION('',(0.003239,0.000324,0.999995));
#9515=VECTOR('',#9514,9.50005);
#9516=LINE('',#1430,#9515);
#9517=EDGE_CURVE('',#1431,#1531,#9516,.T.);
#9518=ORIENTED_EDGE('',*,*,#9517,.F.);
#9519=EDGE_LOOP('',(#9511,#9512,#9513,#9518));
#9520=FACE_OUTER_BOUND('',#9519,.T.);
#9521=ADVANCED_FACE('',(#9520),#9510,.T.);
#9522=DIRECTION('',(0.117901,-0.993025,0));
#9523=DIRECTION('',(0,0,-1));
#9524=AXIS2_PLACEMENT_3D('',#1426,#9522,#9523);
#9525=PLANE('',#9524);
#9526=ORIENTED_EDGE('',*,*,#9162,.T.);
#9527=DIRECTION('',(-0.293357,-0.03483,0.955368));
#9528=VECTOR('',#9527,9.943811);
#9529=LINE('',#1434,#9528);
#9530=EDGE_CURVE('',#1435,#1533,#9529,.T.);
#9531=ORIENTED_EDGE('',*,*,#9530,.T.);
#9532=ORIENTED_EDGE('',*,*,#9134,.F.);
#9533=EDGE_LOOP('',(#9526,#9531,#9532));
#9534=FACE_OUTER_BOUND('',#9533,.T.);
#9535=ADVANCED_FACE('',(#9534),#9525,.T.);
#9536=DIRECTION('',(0.117442,-0.99308,0));
#9537=DIRECTION('',(0,0,-1));
#9538=AXIS2_PLACEMENT_3D('',#1436,#9536,#9537);
#9539=PLANE('',#9538);
#9540=ORIENTED_EDGE('',*,*,#9191,.T.);
#9541=DIRECTION('',(0.003232,0.000382,0.999995));
#9542=VECTOR('',#9541,9.50005);
#9543=LINE('',#1434,#9542);
#9544=EDGE_CURVE('',#1435,#1535,#9543,.T.);
#9545=ORIENTED_EDGE('',*,*,#9544,.F.);
#9546=ORIENTED_EDGE('',*,*,#9157,.F.);
#9547=ORIENTED_EDGE('',*,*,#9196,.T.);
#9548=EDGE_LOOP('',(#9540,#9545,#9546,#9547));
#9549=FACE_OUTER_BOUND('',#9548,.T.);
#9550=ADVANCED_FACE('',(#9549),#9539,.T.);
#9551=DIRECTION('',(0.099104,-0.995077,0.000002));
#9552=DIRECTION('',(0,-0.000002,-1));
#9553=AXIS2_PLACEMENT_3D('',#1528,#9551,#9552);
#9554=PLANE('',#9553);
#9555=ORIENTED_EDGE('',*,*,#9501,.F.);
#9556=ORIENTED_EDGE('',*,*,#9517,.T.);
#9557=ORIENTED_EDGE('',*,*,#7007,.F.);
#9558=EDGE_LOOP('',(#9555,#9556,#9557));
#9559=FACE_OUTER_BOUND('',#9558,.T.);
#9560=ADVANCED_FACE('',(#9559),#9554,.T.);
#9561=DIRECTION('',(0.117896,-0.993026,-0.000001));
#9562=DIRECTION('',(0,0.000001,-1));
#9563=AXIS2_PLACEMENT_3D('',#1534,#9561,#9562);
#9564=PLANE('',#9563);
#9565=ORIENTED_EDGE('',*,*,#7017,.F.);
#9566=ORIENTED_EDGE('',*,*,#9530,.F.);
#9567=ORIENTED_EDGE('',*,*,#9544,.T.);
#9568=EDGE_LOOP('',(#9565,#9566,#9567));
#9569=FACE_OUTER_BOUND('',#9568,.T.);
#9570=ADVANCED_FACE('',(#9569),#9564,.T.);
#9571=DIRECTION('',(0.136658,-0.990618,0));
#9572=DIRECTION('',(0,0,-1));
#9573=AXIS2_PLACEMENT_3D('',#1446,#9571,#9572);
#9574=PLANE('',#9573);
#9575=ORIENTED_EDGE('',*,*,#9180,.F.);
#9576=ORIENTED_EDGE('',*,*,#3080,.T.);
#9577=DIRECTION('',(0,0,1));
#9578=VECTOR('',#9577,13);
#9579=LINE('',#1230,#9578);
#9580=EDGE_CURVE('',#1231,#1449,#9579,.T.);
#9581=ORIENTED_EDGE('',*,*,#9580,.T.);
#9582=DIRECTION('',(0,0,1));
#9583=VECTOR('',#9582,9.6);
#9584=LINE('',#1448,#9583);
#9585=EDGE_CURVE('',#1449,#1539,#9584,.T.);
#9586=ORIENTED_EDGE('',*,*,#9585,.T.);
#9587=ORIENTED_EDGE('',*,*,#7027,.F.);
#9588=ORIENTED_EDGE('',*,*,#9185,.F.);
#9589=EDGE_LOOP('',(#9575,#9576,#9581,#9586,#9587,#9588));
#9590=FACE_OUTER_BOUND('',#9589,.T.);
#9591=ADVANCED_FACE('',(#9590),#9574,.T.);
#9592=DIRECTION('',(0.146003,-0.989284,0));
#9593=DIRECTION('',(0,0,-1));
#9594=AXIS2_PLACEMENT_3D('',#1232,#9592,#9593);
#9595=PLANE('',#9594);
#9596=DIRECTION('',(0,0,1));
#9597=VECTOR('',#9596,13);
#9598=LINE('',#1232,#9597);
#9599=EDGE_CURVE('',#1233,#1451,#9598,.T.);
#9600=ORIENTED_EDGE('',*,*,#9599,.T.);
#9601=DIRECTION('',(0,0,1));
#9602=VECTOR('',#9601,9.6);
#9603=LINE('',#1450,#9602);
#9604=EDGE_CURVE('',#1451,#1541,#9603,.T.);
#9605=ORIENTED_EDGE('',*,*,#9604,.T.);
#9606=ORIENTED_EDGE('',*,*,#7032,.F.);
#9607=ORIENTED_EDGE('',*,*,#9585,.F.);
#9608=ORIENTED_EDGE('',*,*,#9580,.F.);
#9609=ORIENTED_EDGE('',*,*,#3075,.T.);
#9610=EDGE_LOOP('',(#9600,#9605,#9606,#9607,#9608,#9609));
#9611=FACE_OUTER_BOUND('',#9610,.T.);
#9612=ADVANCED_FACE('',(#9611),#9595,.T.);
#9613=DIRECTION('',(0.155358,-0.987858,0));
#9614=DIRECTION('',(0,0,-1));
#9615=AXIS2_PLACEMENT_3D('',#1460,#9613,#9614);
#9616=PLANE('',#9615);
#9617=ORIENTED_EDGE('',*,*,#9223,.T.);
#9618=DIRECTION('',(0,0,1));
#9619=VECTOR('',#9618,9.5);
#9620=LINE('',#1466,#9619);
#9621=EDGE_CURVE('',#1467,#1543,#9620,.T.);
#9622=ORIENTED_EDGE('',*,*,#9621,.T.);
#9623=ORIENTED_EDGE('',*,*,#7037,.F.);
#9624=ORIENTED_EDGE('',*,*,#9604,.F.);
#9625=ORIENTED_EDGE('',*,*,#9599,.F.);
#9626=ORIENTED_EDGE('',*,*,#3070,.T.);
#9627=ORIENTED_EDGE('',*,*,#9228,.T.);
#9628=EDGE_LOOP('',(#9617,#9622,#9623,#9624,#9625,#9626,#9627));
#9629=FACE_OUTER_BOUND('',#9628,.T.);
#9630=ADVANCED_FACE('',(#9629),#9616,.T.);
#9631=DIRECTION('',(0.164693,-0.986345,0));
#9632=DIRECTION('',(0,0,-1));
#9633=AXIS2_PLACEMENT_3D('',#1542,#9631,#9632);
#9634=PLANE('',#9633);
#9635=ORIENTED_EDGE('',*,*,#9621,.F.);
#9636=DIRECTION('',(0.986345,0.164693,0));
#9637=VECTOR('',#9636,2.968502);
#9638=LINE('',#1466,#9637);
#9639=EDGE_CURVE('',#1467,#1469,#9638,.T.);
#9640=ORIENTED_EDGE('',*,*,#9639,.T.);
#9641=ORIENTED_EDGE('',*,*,#9262,.T.);
#9642=ORIENTED_EDGE('',*,*,#7042,.F.);
#9643=EDGE_LOOP('',(#9635,#9640,#9641,#9642));
#9644=FACE_OUTER_BOUND('',#9643,.T.);
#9645=ADVANCED_FACE('',(#9644),#9634,.T.);
#9646=DIRECTION('',(0.183311,-0.983055,0));
#9647=DIRECTION('',(0,0,-1));
#9648=AXIS2_PLACEMENT_3D('',#1470,#9646,#9647);
#9649=PLANE('',#9648);
#9650=ORIENTED_EDGE('',*,*,#9251,.F.);
#9651=ORIENTED_EDGE('',*,*,#9246,.F.);
#9652=ORIENTED_EDGE('',*,*,#3055,.T.);
#9653=DIRECTION('',(0,0,1));
#9654=VECTOR('',#9653,13);
#9655=LINE('',#1246,#9654);
#9656=EDGE_CURVE('',#1247,#1473,#9655,.T.);
#9657=ORIENTED_EDGE('',*,*,#9656,.T.);
#9658=ORIENTED_EDGE('',*,*,#9290,.T.);
#9659=ORIENTED_EDGE('',*,*,#9285,.T.);
#9660=ORIENTED_EDGE('',*,*,#7052,.F.);
#9661=ORIENTED_EDGE('',*,*,#9256,.F.);
#9662=EDGE_LOOP('',(#9650,#9651,#9652,#9657,#9658,#9659,#9660,#9661));
#9663=FACE_OUTER_BOUND('',#9662,.T.);
#9664=ADVANCED_FACE('',(#9663),#9649,.T.);
#9665=DIRECTION('',(0.201867,-0.979413,0));
#9666=DIRECTION('',(0,0,-1));
#9667=AXIS2_PLACEMENT_3D('',#1252,#9665,#9666);
#9668=PLANE('',#9667);
#9669=DIRECTION('',(0.979413,0.201867,0));
#9670=VECTOR('',#9669,2.968507);
#9671=LINE('',#1252,#9670);
#9672=EDGE_CURVE('',#1253,#1255,#9671,.T.);
#9673=ORIENTED_EDGE('',*,*,#9672,.T.);
#9674=DIRECTION('',(0,0,1));
#9675=VECTOR('',#9674,13.099998);
#9676=LINE('',#1254,#9675);
#9677=EDGE_CURVE('',#1255,#1479,#9676,.T.);
#9678=ORIENTED_EDGE('',*,*,#9677,.T.);
#9679=DIRECTION('',(0,0,1));
#9680=VECTOR('',#9679,9.6);
#9681=LINE('',#1478,#9680);
#9682=EDGE_CURVE('',#1479,#1553,#9681,.T.);
#9683=ORIENTED_EDGE('',*,*,#9682,.T.);
#9684=ORIENTED_EDGE('',*,*,#7062,.F.);
#9685=ORIENTED_EDGE('',*,*,#9279,.F.);
#9686=ORIENTED_EDGE('',*,*,#9300,.F.);
#9687=EDGE_LOOP('',(#9673,#9678,#9683,#9684,#9685,#9686));
#9688=FACE_OUTER_BOUND('',#9687,.T.);
#9689=ADVANCED_FACE('',(#9688),#9668,.T.);
#9690=DIRECTION('',(0.211109,-0.977463,0));
#9691=DIRECTION('',(0,0,-1));
#9692=AXIS2_PLACEMENT_3D('',#1478,#9690,#9691);
#9693=PLANE('',#9692);
#9694=ORIENTED_EDGE('',*,*,#9677,.F.);
#9695=DIRECTION('',(0.977463,0.211109,0));
#9696=VECTOR('',#9695,2.968506);
#9697=LINE('',#1254,#9696);
#9698=EDGE_CURVE('',#1255,#1257,#9697,.T.);
#9699=ORIENTED_EDGE('',*,*,#9698,.T.);
#9700=DIRECTION('',(0,0,1));
#9701=VECTOR('',#9700,13.099998);
#9702=LINE('',#1256,#9701);
#9703=EDGE_CURVE('',#1257,#1481,#9702,.T.);
#9704=ORIENTED_EDGE('',*,*,#9703,.T.);
#9705=DIRECTION('',(0,0,1));
#9706=VECTOR('',#9705,9.6);
#9707=LINE('',#1480,#9706);
#9708=EDGE_CURVE('',#1481,#1555,#9707,.T.);
#9709=ORIENTED_EDGE('',*,*,#9708,.T.);
#9710=ORIENTED_EDGE('',*,*,#7067,.F.);
#9711=ORIENTED_EDGE('',*,*,#9682,.F.);
#9712=EDGE_LOOP('',(#9694,#9699,#9704,#9709,#9710,#9711));
#9713=FACE_OUTER_BOUND('',#9712,.T.);
#9714=ADVANCED_FACE('',(#9713),#9693,.T.);
#9715=DIRECTION('',(0.220342,-0.975423,0));
#9716=DIRECTION('',(0,0,-1));
#9717=AXIS2_PLACEMENT_3D('',#1554,#9715,#9716);
#9718=PLANE('',#9717);
#9719=ORIENTED_EDGE('',*,*,#9708,.F.);
#9720=ORIENTED_EDGE('',*,*,#9703,.F.);
#9721=DIRECTION('',(0.975423,0.220342,0));
#9722=VECTOR('',#9721,2.968496);
#9723=LINE('',#1256,#9722);
#9724=EDGE_CURVE('',#1257,#1259,#9723,.T.);
#9725=ORIENTED_EDGE('',*,*,#9724,.T.);
#9726=DIRECTION('',(0,0,1));
#9727=VECTOR('',#9726,13.099998);
#9728=LINE('',#1258,#9727);
#9729=EDGE_CURVE('',#1259,#1483,#9728,.T.);
#9730=ORIENTED_EDGE('',*,*,#9729,.T.);
#9731=DIRECTION('',(0,0,1));
#9732=VECTOR('',#9731,9.6);
#9733=LINE('',#1482,#9732);
#9734=EDGE_CURVE('',#1483,#1557,#9733,.T.);
#9735=ORIENTED_EDGE('',*,*,#9734,.T.);
#9736=ORIENTED_EDGE('',*,*,#7072,.F.);
#9737=EDGE_LOOP('',(#9719,#9720,#9725,#9730,#9735,#9736));
#9738=FACE_OUTER_BOUND('',#9737,.T.);
#9739=ADVANCED_FACE('',(#9738),#9718,.T.);
#9740=DIRECTION('',(0.229552,-0.973296,0));
#9741=DIRECTION('',(0,0,-1));
#9742=AXIS2_PLACEMENT_3D('',#1258,#9740,#9741);
#9743=PLANE('',#9742);
#9744=DIRECTION('',(0.973296,0.229552,0));
#9745=VECTOR('',#9744,2.968506);
#9746=LINE('',#1258,#9745);
#9747=EDGE_CURVE('',#1259,#1261,#9746,.T.);
#9748=ORIENTED_EDGE('',*,*,#9747,.T.);
#9749=DIRECTION('',(0,0,1));
#9750=VECTOR('',#9749,13.099998);
#9751=LINE('',#1260,#9750);
#9752=EDGE_CURVE('',#1261,#1485,#9751,.T.);
#9753=ORIENTED_EDGE('',*,*,#9752,.T.);
#9754=DIRECTION('',(0,0,1));
#9755=VECTOR('',#9754,9.6);
#9756=LINE('',#1484,#9755);
#9757=EDGE_CURVE('',#1485,#1559,#9756,.T.);
#9758=ORIENTED_EDGE('',*,*,#9757,.T.);
#9759=ORIENTED_EDGE('',*,*,#7077,.F.);
#9760=ORIENTED_EDGE('',*,*,#9734,.F.);
#9761=ORIENTED_EDGE('',*,*,#9729,.F.);
#9762=EDGE_LOOP('',(#9748,#9753,#9758,#9759,#9760,#9761));
#9763=FACE_OUTER_BOUND('',#9762,.T.);
#9764=ADVANCED_FACE('',(#9763),#9743,.T.);
#9765=DIRECTION('',(0.238753,-0.97108,0));
#9766=DIRECTION('',(0,0,-1));
#9767=AXIS2_PLACEMENT_3D('',#1262,#9765,#9766);
#9768=PLANE('',#9767);
#9769=DIRECTION('',(0,0,1));
#9770=VECTOR('',#9769,13.099998);
#9771=LINE('',#1262,#9770);
#9772=EDGE_CURVE('',#1263,#1487,#9771,.T.);
#9773=ORIENTED_EDGE('',*,*,#9772,.T.);
#9774=DIRECTION('',(0,0,1));
#9775=VECTOR('',#9774,9.6);
#9776=LINE('',#1486,#9775);
#9777=EDGE_CURVE('',#1487,#1561,#9776,.T.);
#9778=ORIENTED_EDGE('',*,*,#9777,.T.);
#9779=ORIENTED_EDGE('',*,*,#7082,.F.);
#9780=ORIENTED_EDGE('',*,*,#9757,.F.);
#9781=ORIENTED_EDGE('',*,*,#9752,.F.);
#9782=DIRECTION('',(0.97108,0.238753,0));
#9783=VECTOR('',#9782,2.968508);
#9784=LINE('',#1260,#9783);
#9785=EDGE_CURVE('',#1261,#1263,#9784,.T.);
#9786=ORIENTED_EDGE('',*,*,#9785,.T.);
#9787=EDGE_LOOP('',(#9773,#9778,#9779,#9780,#9781,#9786));
#9788=FACE_OUTER_BOUND('',#9787,.T.);
#9789=ADVANCED_FACE('',(#9788),#9768,.T.);
#9790=DIRECTION('',(-0.004721,0.999989,0));
#9791=DIRECTION('',(0,-0,1));
#9792=AXIS2_PLACEMENT_3D('',#1622,#9790,#9791);
#9793=PLANE('',#9792);
#9794=ORIENTED_EDGE('',*,*,#6539,.T.);
#9795=DIRECTION('',(0,0,1));
#9796=VECTOR('',#9795,9.6);
#9797=LINE('',#1564,#9796);
#9798=EDGE_CURVE('',#1565,#1625,#9797,.T.);
#9799=ORIENTED_EDGE('',*,*,#9798,.F.);
#9800=ORIENTED_EDGE('',*,*,#5201,.F.);
#9801=ORIENTED_EDGE('',*,*,#9052,.T.);
#9802=EDGE_LOOP('',(#9794,#9799,#9800,#9801));
#9803=FACE_OUTER_BOUND('',#9802,.T.);
#9804=ADVANCED_FACE('',(#9803),#9793,.T.);
#9805=DIRECTION('',(-0.014176,0.9999,0));
#9806=DIRECTION('',(0,-0,1));
#9807=AXIS2_PLACEMENT_3D('',#1564,#9805,#9806);
#9808=PLANE('',#9807);
#9809=ORIENTED_EDGE('',*,*,#9798,.T.);
#9810=ORIENTED_EDGE('',*,*,#6534,.T.);
#9811=DIRECTION('',(0,0,1));
#9812=VECTOR('',#9811,9.6);
#9813=LINE('',#1566,#9812);
#9814=EDGE_CURVE('',#1567,#1627,#9813,.T.);
#9815=ORIENTED_EDGE('',*,*,#9814,.F.);
#9816=ORIENTED_EDGE('',*,*,#5206,.F.);
#9817=EDGE_LOOP('',(#9809,#9810,#9815,#9816));
#9818=FACE_OUTER_BOUND('',#9817,.T.);
#9819=ADVANCED_FACE('',(#9818),#9808,.T.);
#9820=DIRECTION('',(-0.023642,0.99972,0));
#9821=DIRECTION('',(0,-0,1));
#9822=AXIS2_PLACEMENT_3D('',#1566,#9820,#9821);
#9823=PLANE('',#9822);
#9824=ORIENTED_EDGE('',*,*,#9814,.T.);
#9825=ORIENTED_EDGE('',*,*,#6529,.T.);
#9826=DIRECTION('',(0,0,1));
#9827=VECTOR('',#9826,9.6);
#9828=LINE('',#1568,#9827);
#9829=EDGE_CURVE('',#1569,#1629,#9828,.T.);
#9830=ORIENTED_EDGE('',*,*,#9829,.F.);
#9831=ORIENTED_EDGE('',*,*,#5211,.F.);
#9832=EDGE_LOOP('',(#9824,#9825,#9830,#9831));
#9833=FACE_OUTER_BOUND('',#9832,.T.);
#9834=ADVANCED_FACE('',(#9833),#9823,.T.);
#9835=DIRECTION('',(-0.033073,0.999453,0));
#9836=DIRECTION('',(0,-0,1));
#9837=AXIS2_PLACEMENT_3D('',#1568,#9835,#9836);
#9838=PLANE('',#9837);
#9839=ORIENTED_EDGE('',*,*,#9829,.T.);
#9840=ORIENTED_EDGE('',*,*,#6524,.T.);
#9841=DIRECTION('',(0,0,1));
#9842=VECTOR('',#9841,9.6);
#9843=LINE('',#1570,#9842);
#9844=EDGE_CURVE('',#1571,#1631,#9843,.T.);
#9845=ORIENTED_EDGE('',*,*,#9844,.F.);
#9846=ORIENTED_EDGE('',*,*,#5216,.F.);
#9847=EDGE_LOOP('',(#9839,#9840,#9845,#9846));
#9848=FACE_OUTER_BOUND('',#9847,.T.);
#9849=ADVANCED_FACE('',(#9848),#9838,.T.);
#9850=DIRECTION('',(-0.042539,0.999095,0));
#9851=DIRECTION('',(0,-0,1));
#9852=AXIS2_PLACEMENT_3D('',#1632,#9850,#9851);
#9853=PLANE('',#9852);
#9854=DIRECTION('',(0,0,1));
#9855=VECTOR('',#9854,9.6);
#9856=LINE('',#1572,#9855);
#9857=EDGE_CURVE('',#1573,#1633,#9856,.T.);
#9858=ORIENTED_EDGE('',*,*,#9857,.F.);
#9859=ORIENTED_EDGE('',*,*,#5221,.F.);
#9860=ORIENTED_EDGE('',*,*,#9844,.T.);
#9861=ORIENTED_EDGE('',*,*,#6519,.T.);
#9862=EDGE_LOOP('',(#9858,#9859,#9860,#9861));
#9863=FACE_OUTER_BOUND('',#9862,.T.);
#9864=ADVANCED_FACE('',(#9863),#9853,.T.);
#9865=DIRECTION('',(-0.051971,0.998649,0));
#9866=DIRECTION('',(0,-0,1));
#9867=AXIS2_PLACEMENT_3D('',#1572,#9865,#9866);
#9868=PLANE('',#9867);
#9869=ORIENTED_EDGE('',*,*,#9857,.T.);
#9870=ORIENTED_EDGE('',*,*,#6514,.T.);
#9871=DIRECTION('',(0,0,1));
#9872=VECTOR('',#9871,9.6);
#9873=LINE('',#1574,#9872);
#9874=EDGE_CURVE('',#1575,#1635,#9873,.T.);
#9875=ORIENTED_EDGE('',*,*,#9874,.F.);
#9876=ORIENTED_EDGE('',*,*,#5226,.F.);
#9877=EDGE_LOOP('',(#9869,#9870,#9875,#9876));
#9878=FACE_OUTER_BOUND('',#9877,.T.);
#9879=ADVANCED_FACE('',(#9878),#9868,.T.);
#9880=DIRECTION('',(-0.061414,0.998112,0));
#9881=DIRECTION('',(0,-0,1));
#9882=AXIS2_PLACEMENT_3D('',#1576,#9880,#9881);
#9883=PLANE('',#9882);
#9884=ORIENTED_EDGE('',*,*,#5231,.F.);
#9885=ORIENTED_EDGE('',*,*,#9874,.T.);
#9886=ORIENTED_EDGE('',*,*,#6509,.T.);
#9887=DIRECTION('',(0,0,1));
#9888=VECTOR('',#9887,9.6);
#9889=LINE('',#1576,#9888);
#9890=EDGE_CURVE('',#1577,#1637,#9889,.T.);
#9891=ORIENTED_EDGE('',*,*,#9890,.F.);
#9892=EDGE_LOOP('',(#9884,#9885,#9886,#9891));
#9893=FACE_OUTER_BOUND('',#9892,.T.);
#9894=ADVANCED_FACE('',(#9893),#9883,.T.);
#9895=DIRECTION('',(-0.070845,0.997487,0));
#9896=DIRECTION('',(0,-0,1));
#9897=AXIS2_PLACEMENT_3D('',#1636,#9895,#9896);
#9898=PLANE('',#9897);
#9899=ORIENTED_EDGE('',*,*,#7402,.T.);
#9900=DIRECTION('',(0,0,1));
#9901=VECTOR('',#9900,9.6);
#9902=LINE('',#1578,#9901);
#9903=EDGE_CURVE('',#1579,#1639,#9902,.T.);
#9904=ORIENTED_EDGE('',*,*,#9903,.F.);
#9905=ORIENTED_EDGE('',*,*,#5236,.F.);
#9906=ORIENTED_EDGE('',*,*,#9890,.T.);
#9907=EDGE_LOOP('',(#9899,#9904,#9905,#9906));
#9908=FACE_OUTER_BOUND('',#9907,.T.);
#9909=ADVANCED_FACE('',(#9908),#9898,.T.);
#9910=DIRECTION('',(-0.080265,0.996774,0));
#9911=DIRECTION('',(0,-0,1));
#9912=AXIS2_PLACEMENT_3D('',#1640,#9910,#9911);
#9913=PLANE('',#9912);
#9914=DIRECTION('',(0,0,1));
#9915=VECTOR('',#9914,9.6);
#9916=LINE('',#1580,#9915);
#9917=EDGE_CURVE('',#1581,#1641,#9916,.T.);
#9918=ORIENTED_EDGE('',*,*,#9917,.F.);
#9919=ORIENTED_EDGE('',*,*,#5241,.F.);
#9920=ORIENTED_EDGE('',*,*,#9903,.T.);
#9921=ORIENTED_EDGE('',*,*,#7397,.T.);
#9922=EDGE_LOOP('',(#9918,#9919,#9920,#9921));
#9923=FACE_OUTER_BOUND('',#9922,.T.);
#9924=ADVANCED_FACE('',(#9923),#9913,.T.);
#9925=DIRECTION('',(-0.089697,0.995969,0));
#9926=DIRECTION('',(0,-0,1));
#9927=AXIS2_PLACEMENT_3D('',#1580,#9925,#9926);
#9928=PLANE('',#9927);
#9929=ORIENTED_EDGE('',*,*,#9917,.T.);
#9930=ORIENTED_EDGE('',*,*,#7392,.T.);
#9931=DIRECTION('',(0,0,1));
#9932=VECTOR('',#9931,9.6);
#9933=LINE('',#1582,#9932);
#9934=EDGE_CURVE('',#1583,#1643,#9933,.T.);
#9935=ORIENTED_EDGE('',*,*,#9934,.F.);
#9936=ORIENTED_EDGE('',*,*,#5246,.F.);
#9937=EDGE_LOOP('',(#9929,#9930,#9935,#9936));
#9938=FACE_OUTER_BOUND('',#9937,.T.);
#9939=ADVANCED_FACE('',(#9938),#9928,.T.);
#9940=DIRECTION('',(-0.099094,0.995078,0));
#9941=DIRECTION('',(0,-0,1));
#9942=AXIS2_PLACEMENT_3D('',#1644,#9940,#9941);
#9943=PLANE('',#9942);
#9944=DIRECTION('',(0,0,1));
#9945=VECTOR('',#9944,9.6);
#9946=LINE('',#1584,#9945);
#9947=EDGE_CURVE('',#1585,#1645,#9946,.T.);
#9948=ORIENTED_EDGE('',*,*,#9947,.F.);
#9949=ORIENTED_EDGE('',*,*,#5251,.F.);
#9950=ORIENTED_EDGE('',*,*,#9934,.T.);
#9951=ORIENTED_EDGE('',*,*,#7387,.T.);
#9952=EDGE_LOOP('',(#9948,#9949,#9950,#9951));
#9953=FACE_OUTER_BOUND('',#9952,.T.);
#9954=ADVANCED_FACE('',(#9953),#9943,.T.);
#9955=DIRECTION('',(-0.108514,0.994095,0));
#9956=DIRECTION('',(0,-0,1));
#9957=AXIS2_PLACEMENT_3D('',#1644,#9955,#9956);
#9958=PLANE('',#9957);
#9959=ORIENTED_EDGE('',*,*,#7382,.T.);
#9960=DIRECTION('',(0,0,1));
#9961=VECTOR('',#9960,9.6);
#9962=LINE('',#1586,#9961);
#9963=EDGE_CURVE('',#1587,#1647,#9962,.T.);
#9964=ORIENTED_EDGE('',*,*,#9963,.F.);
#9965=ORIENTED_EDGE('',*,*,#5256,.F.);
#9966=ORIENTED_EDGE('',*,*,#9947,.T.);
#9967=EDGE_LOOP('',(#9959,#9964,#9965,#9966));
#9968=FACE_OUTER_BOUND('',#9967,.T.);
#9969=ADVANCED_FACE('',(#9968),#9958,.T.);
#9970=DIRECTION('',(-0.117889,0.993027,0));
#9971=DIRECTION('',(0,-0,1));
#9972=AXIS2_PLACEMENT_3D('',#1586,#9970,#9971);
#9973=PLANE('',#9972);
#9974=ORIENTED_EDGE('',*,*,#9963,.T.);
#9975=ORIENTED_EDGE('',*,*,#7377,.T.);
#9976=DIRECTION('',(0,0,1));
#9977=VECTOR('',#9976,9.6);
#9978=LINE('',#1588,#9977);
#9979=EDGE_CURVE('',#1589,#1649,#9978,.T.);
#9980=ORIENTED_EDGE('',*,*,#9979,.F.);
#9981=ORIENTED_EDGE('',*,*,#5261,.F.);
#9982=EDGE_LOOP('',(#9974,#9975,#9980,#9981));
#9983=FACE_OUTER_BOUND('',#9982,.T.);
#9984=ADVANCED_FACE('',(#9983),#9973,.T.);
#9985=DIRECTION('',(-0.127286,0.991866,0));
#9986=DIRECTION('',(0,-0,1));
#9987=AXIS2_PLACEMENT_3D('',#1590,#9985,#9986);
#9988=PLANE('',#9987);
#9989=ORIENTED_EDGE('',*,*,#5266,.F.);
#9990=ORIENTED_EDGE('',*,*,#9979,.T.);
#9991=ORIENTED_EDGE('',*,*,#7372,.T.);
#9992=DIRECTION('',(0,0,1));
#9993=VECTOR('',#9992,9.6);
#9994=LINE('',#1590,#9993);
#9995=EDGE_CURVE('',#1591,#1651,#9994,.T.);
#9996=ORIENTED_EDGE('',*,*,#9995,.F.);
#9997=EDGE_LOOP('',(#9989,#9990,#9991,#9996));
#9998=FACE_OUTER_BOUND('',#9997,.T.);
#9999=ADVANCED_FACE('',(#9998),#9988,.T.);
#10000=DIRECTION('',(-0.13665,0.990619,0));
#10001=DIRECTION('',(0,-0,1));
#10002=AXIS2_PLACEMENT_3D('',#1590,#10000,#10001);
#10003=PLANE('',#10002);
#10004=ORIENTED_EDGE('',*,*,#9995,.T.);
#10005=ORIENTED_EDGE('',*,*,#7367,.T.);
#10006=DIRECTION('',(0,0,1));
#10007=VECTOR('',#10006,9.6);
#10008=LINE('',#1592,#10007);
#10009=EDGE_CURVE('',#1593,#1653,#10008,.T.);
#10010=ORIENTED_EDGE('',*,*,#10009,.F.);
#10011=ORIENTED_EDGE('',*,*,#5271,.F.);
#10012=EDGE_LOOP('',(#10004,#10005,#10010,#10011));
#10013=FACE_OUTER_BOUND('',#10012,.T.);
#10014=ADVANCED_FACE('',(#10013),#10003,.T.);
#10015=DIRECTION('',(-0.146013,0.989283,0));
#10016=DIRECTION('',(0,-0,1));
#10017=AXIS2_PLACEMENT_3D('',#1592,#10015,#10016);
#10018=PLANE('',#10017);
#10019=ORIENTED_EDGE('',*,*,#10009,.T.);
#10020=ORIENTED_EDGE('',*,*,#7362,.T.);
#10021=DIRECTION('',(0,0,1));
#10022=VECTOR('',#10021,9.6);
#10023=LINE('',#1594,#10022);
#10024=EDGE_CURVE('',#1595,#1655,#10023,.T.);
#10025=ORIENTED_EDGE('',*,*,#10024,.F.);
#10026=ORIENTED_EDGE('',*,*,#5276,.F.);
#10027=EDGE_LOOP('',(#10019,#10020,#10025,#10026));
#10028=FACE_OUTER_BOUND('',#10027,.T.);
#10029=ADVANCED_FACE('',(#10028),#10018,.T.);
#10030=DIRECTION('',(-0.155353,0.987859,0));
#10031=DIRECTION('',(0,-0,1));
#10032=AXIS2_PLACEMENT_3D('',#1594,#10030,#10031);
#10033=PLANE('',#10032);
#10034=ORIENTED_EDGE('',*,*,#10024,.T.);
#10035=ORIENTED_EDGE('',*,*,#7357,.T.);
#10036=DIRECTION('',(0,0,1));
#10037=VECTOR('',#10036,9.6);
#10038=LINE('',#1596,#10037);
#10039=EDGE_CURVE('',#1597,#1657,#10038,.T.);
#10040=ORIENTED_EDGE('',*,*,#10039,.F.);
#10041=ORIENTED_EDGE('',*,*,#5281,.F.);
#10042=EDGE_LOOP('',(#10034,#10035,#10040,#10041));
#10043=FACE_OUTER_BOUND('',#10042,.T.);
#10044=ADVANCED_FACE('',(#10043),#10033,.T.);
#10045=DIRECTION('',(-0.164693,0.986345,0));
#10046=DIRECTION('',(0,-0,1));
#10047=AXIS2_PLACEMENT_3D('',#1656,#10045,#10046);
#10048=PLANE('',#10047);
#10049=ORIENTED_EDGE('',*,*,#7352,.T.);
#10050=DIRECTION('',(0,0,1));
#10051=VECTOR('',#10050,9.6);
#10052=LINE('',#1598,#10051);
#10053=EDGE_CURVE('',#1599,#1659,#10052,.T.);
#10054=ORIENTED_EDGE('',*,*,#10053,.F.);
#10055=ORIENTED_EDGE('',*,*,#5286,.F.);
#10056=ORIENTED_EDGE('',*,*,#10039,.T.);
#10057=EDGE_LOOP('',(#10049,#10054,#10055,#10056));
#10058=FACE_OUTER_BOUND('',#10057,.T.);
#10059=ADVANCED_FACE('',(#10058),#10048,.T.);
#10060=DIRECTION('',(-0.174,0.984746,0));
#10061=DIRECTION('',(0,-0,1));
#10062=AXIS2_PLACEMENT_3D('',#1598,#10060,#10061);
#10063=PLANE('',#10062);
#10064=ORIENTED_EDGE('',*,*,#10053,.T.);
#10065=ORIENTED_EDGE('',*,*,#7347,.T.);
#10066=DIRECTION('',(0,0,1));
#10067=VECTOR('',#10066,9.6);
#10068=LINE('',#1600,#10067);
#10069=EDGE_CURVE('',#1601,#1661,#10068,.T.);
#10070=ORIENTED_EDGE('',*,*,#10069,.F.);
#10071=ORIENTED_EDGE('',*,*,#5291,.F.);
#10072=EDGE_LOOP('',(#10064,#10065,#10070,#10071));
#10073=FACE_OUTER_BOUND('',#10072,.T.);
#10074=ADVANCED_FACE('',(#10073),#10063,.T.);
#10075=DIRECTION('',(-0.183317,0.983054,0));
#10076=DIRECTION('',(0,-0,1));
#10077=AXIS2_PLACEMENT_3D('',#1662,#10075,#10076);
#10078=PLANE('',#10077);
#10079=DIRECTION('',(0,0,1));
#10080=VECTOR('',#10079,9.6);
#10081=LINE('',#1602,#10080);
#10082=EDGE_CURVE('',#1603,#1663,#10081,.T.);
#10083=ORIENTED_EDGE('',*,*,#10082,.F.);
#10084=ORIENTED_EDGE('',*,*,#5296,.F.);
#10085=ORIENTED_EDGE('',*,*,#10069,.T.);
#10086=ORIENTED_EDGE('',*,*,#7342,.T.);
#10087=EDGE_LOOP('',(#10083,#10084,#10085,#10086));
#10088=FACE_OUTER_BOUND('',#10087,.T.);
#10089=ADVANCED_FACE('',(#10088),#10078,.T.);
#10090=DIRECTION('',(-0.192589,0.981279,0));
#10091=DIRECTION('',(0,-0,1));
#10092=AXIS2_PLACEMENT_3D('',#1604,#10090,#10091);
#10093=PLANE('',#10092);
#10094=ORIENTED_EDGE('',*,*,#5301,.F.);
#10095=ORIENTED_EDGE('',*,*,#10082,.T.);
#10096=ORIENTED_EDGE('',*,*,#7337,.T.);
#10097=DIRECTION('',(0,0,1));
#10098=VECTOR('',#10097,9.6);
#10099=LINE('',#1604,#10098);
#10100=EDGE_CURVE('',#1605,#1665,#10099,.T.);
#10101=ORIENTED_EDGE('',*,*,#10100,.F.);
#10102=EDGE_LOOP('',(#10094,#10095,#10096,#10101));
#10103=FACE_OUTER_BOUND('',#10102,.T.);
#10104=ADVANCED_FACE('',(#10103),#10093,.T.);
#10105=DIRECTION('',(-0.201861,0.979414,0));
#10106=DIRECTION('',(0,-0,1));
#10107=AXIS2_PLACEMENT_3D('',#1666,#10105,#10106);
#10108=PLANE('',#10107);
#10109=DIRECTION('',(0,0,1));
#10110=VECTOR('',#10109,9.6);
#10111=LINE('',#1606,#10110);
#10112=EDGE_CURVE('',#1607,#1667,#10111,.T.);
#10113=ORIENTED_EDGE('',*,*,#10112,.F.);
#10114=ORIENTED_EDGE('',*,*,#5306,.F.);
#10115=ORIENTED_EDGE('',*,*,#10100,.T.);
#10116=ORIENTED_EDGE('',*,*,#7332,.T.);
#10117=EDGE_LOOP('',(#10113,#10114,#10115,#10116));
#10118=FACE_OUTER_BOUND('',#10117,.T.);
#10119=ADVANCED_FACE('',(#10118),#10108,.T.);
#10120=DIRECTION('',(-0.21111,0.977462,0));
#10121=DIRECTION('',(0,-0,1));
#10122=AXIS2_PLACEMENT_3D('',#1606,#10120,#10121);
#10123=PLANE('',#10122);
#10124=ORIENTED_EDGE('',*,*,#10112,.T.);
#10125=ORIENTED_EDGE('',*,*,#7327,.T.);
#10126=DIRECTION('',(0,0,1));
#10127=VECTOR('',#10126,9.6);
#10128=LINE('',#1608,#10127);
#10129=EDGE_CURVE('',#1609,#1669,#10128,.T.);
#10130=ORIENTED_EDGE('',*,*,#10129,.F.);
#10131=ORIENTED_EDGE('',*,*,#5311,.F.);
#10132=EDGE_LOOP('',(#10124,#10125,#10130,#10131));
#10133=FACE_OUTER_BOUND('',#10132,.T.);
#10134=ADVANCED_FACE('',(#10133),#10123,.T.);
#10135=DIRECTION('',(-0.220347,0.975421,0));
#10136=DIRECTION('',(0,-0,1));
#10137=AXIS2_PLACEMENT_3D('',#1610,#10135,#10136);
#10138=PLANE('',#10137);
#10139=ORIENTED_EDGE('',*,*,#5316,.F.);
#10140=ORIENTED_EDGE('',*,*,#10129,.T.);
#10141=ORIENTED_EDGE('',*,*,#7322,.T.);
#10142=DIRECTION('',(0,0,1));
#10143=VECTOR('',#10142,9.6);
#10144=LINE('',#1610,#10143);
#10145=EDGE_CURVE('',#1611,#1671,#10144,.T.);
#10146=ORIENTED_EDGE('',*,*,#10145,.F.);
#10147=EDGE_LOOP('',(#10139,#10140,#10141,#10146));
#10148=FACE_OUTER_BOUND('',#10147,.T.);
#10149=ADVANCED_FACE('',(#10148),#10138,.T.);
#10150=DIRECTION('',(-0.229551,0.973297,0));
#10151=DIRECTION('',(0,-0,1));
#10152=AXIS2_PLACEMENT_3D('',#1670,#10150,#10151);
#10153=PLANE('',#10152);
#10154=ORIENTED_EDGE('',*,*,#7317,.T.);
#10155=DIRECTION('',(0,0,1));
#10156=VECTOR('',#10155,9.6);
#10157=LINE('',#1612,#10156);
#10158=EDGE_CURVE('',#1613,#1673,#10157,.T.);
#10159=ORIENTED_EDGE('',*,*,#10158,.F.);
#10160=ORIENTED_EDGE('',*,*,#5321,.F.);
#10161=ORIENTED_EDGE('',*,*,#10145,.T.);
#10162=EDGE_LOOP('',(#10154,#10159,#10160,#10161));
#10163=FACE_OUTER_BOUND('',#10162,.T.);
#10164=ADVANCED_FACE('',(#10163),#10153,.T.);
#10165=DIRECTION('',(-0.238743,0.971083,0));
#10166=DIRECTION('',(0,-0,1));
#10167=AXIS2_PLACEMENT_3D('',#1612,#10165,#10166);
#10168=PLANE('',#10167);
#10169=ORIENTED_EDGE('',*,*,#10158,.T.);
#10170=ORIENTED_EDGE('',*,*,#7312,.T.);
#10171=DIRECTION('',(0,0,1));
#10172=VECTOR('',#10171,9.6);
#10173=LINE('',#1614,#10172);
#10174=EDGE_CURVE('',#1615,#1675,#10173,.T.);
#10175=ORIENTED_EDGE('',*,*,#10174,.F.);
#10176=ORIENTED_EDGE('',*,*,#5326,.F.);
#10177=EDGE_LOOP('',(#10169,#10170,#10175,#10176));
#10178=FACE_OUTER_BOUND('',#10177,.T.);
#10179=ADVANCED_FACE('',(#10178),#10168,.T.);
#10180=DIRECTION('',(-0.247913,0.968782,0));
#10181=DIRECTION('',(0,-0,1));
#10182=AXIS2_PLACEMENT_3D('',#1674,#10180,#10181);
#10183=PLANE('',#10182);
#10184=ORIENTED_EDGE('',*,*,#7307,.T.);
#10185=DIRECTION('',(0,0,1));
#10186=VECTOR('',#10185,9.6);
#10187=LINE('',#1616,#10186);
#10188=EDGE_CURVE('',#1617,#1677,#10187,.T.);
#10189=ORIENTED_EDGE('',*,*,#10188,.F.);
#10190=ORIENTED_EDGE('',*,*,#5331,.F.);
#10191=ORIENTED_EDGE('',*,*,#10174,.T.);
#10192=EDGE_LOOP('',(#10184,#10189,#10190,#10191));
#10193=FACE_OUTER_BOUND('',#10192,.T.);
#10194=ADVANCED_FACE('',(#10193),#10183,.T.);
#10195=DIRECTION('',(-0.25707,0.966393,0));
#10196=DIRECTION('',(0,-0,1));
#10197=AXIS2_PLACEMENT_3D('',#1618,#10195,#10196);
#10198=PLANE('',#10197);
#10199=ORIENTED_EDGE('',*,*,#5336,.F.);
#10200=ORIENTED_EDGE('',*,*,#10188,.T.);
#10201=ORIENTED_EDGE('',*,*,#7302,.T.);
#10202=DIRECTION('',(0,0,1));
#10203=VECTOR('',#10202,9.6);
#10204=LINE('',#1618,#10203);
#10205=EDGE_CURVE('',#1619,#1679,#10204,.T.);
#10206=ORIENTED_EDGE('',*,*,#10205,.F.);
#10207=EDGE_LOOP('',(#10199,#10200,#10201,#10206));
#10208=FACE_OUTER_BOUND('',#10207,.T.);
#10209=ADVANCED_FACE('',(#10208),#10198,.T.);
#10210=DIRECTION('',(-0.266183,0.963922,0));
#10211=DIRECTION('',(0,-0,1));
#10212=AXIS2_PLACEMENT_3D('',#1680,#10210,#10211);
#10213=PLANE('',#10212);
#10214=DIRECTION('',(0,0,1));
#10215=VECTOR('',#10214,9.6);
#10216=LINE('',#1620,#10215);
#10217=EDGE_CURVE('',#1621,#1681,#10216,.T.);
#10218=ORIENTED_EDGE('',*,*,#10217,.F.);
#10219=ORIENTED_EDGE('',*,*,#5341,.F.);
#10220=ORIENTED_EDGE('',*,*,#10205,.T.);
#10221=ORIENTED_EDGE('',*,*,#7297,.T.);
#10222=EDGE_LOOP('',(#10218,#10219,#10220,#10221));
#10223=FACE_OUTER_BOUND('',#10222,.T.);
#10224=ADVANCED_FACE('',(#10223),#10213,.T.);
#10225=DIRECTION('',(0.27529,-0.961361,0));
#10226=DIRECTION('',(0,0,-1));
#10227=AXIS2_PLACEMENT_3D('',#1296,#10225,#10226);
#10228=PLANE('',#10227);
#10229=DIRECTION('',(0,0,1));
#10230=VECTOR('',#10229,13.099998);
#10231=LINE('',#1296,#10230);
#10232=EDGE_CURVE('',#1297,#1699,#10231,.T.);
#10233=ORIENTED_EDGE('',*,*,#10232,.T.);
#10234=DIRECTION('',(0,0,1));
#10235=VECTOR('',#10234,9.6);
#10236=LINE('',#1698,#10235);
#10237=EDGE_CURVE('',#1699,#1759,#10236,.T.);
#10238=ORIENTED_EDGE('',*,*,#10237,.T.);
#10239=ORIENTED_EDGE('',*,*,#7102,.F.);
#10240=DIRECTION('',(0,0,1));
#10241=VECTOR('',#10240,9.5);
#10242=LINE('',#1690,#10241);
#10243=EDGE_CURVE('',#1691,#1757,#10242,.T.);
#10244=ORIENTED_EDGE('',*,*,#10243,.F.);
#10245=DIRECTION('',(0,0,1));
#10246=VECTOR('',#10245,0.1);
#10247=LINE('',#1686,#10246);
#10248=EDGE_CURVE('',#1687,#1691,#10247,.T.);
#10249=ORIENTED_EDGE('',*,*,#10248,.F.);
#10250=DIRECTION('',(0,0,1));
#10251=VECTOR('',#10250,13.099998);
#10252=LINE('',#1288,#10251);
#10253=EDGE_CURVE('',#1289,#1687,#10252,.T.);
#10254=ORIENTED_EDGE('',*,*,#10253,.F.);
#10255=DIRECTION('',(0.961361,0.27529,0));
#10256=VECTOR('',#10255,2.968505);
#10257=LINE('',#1288,#10256);
#10258=EDGE_CURVE('',#1289,#1297,#10257,.T.);
#10259=ORIENTED_EDGE('',*,*,#10258,.T.);
#10260=EDGE_LOOP('',(#10233,#10238,#10239,#10244,#10249,#10254,#10259));
#10261=FACE_OUTER_BOUND('',#10260,.T.);
#10262=ADVANCED_FACE('',(#10261),#10228,.T.);
#10263=DIRECTION('',(0.329345,-0.94421,0));
#10264=DIRECTION('',(0,0,-1));
#10265=AXIS2_PLACEMENT_3D('',#1718,#10263,#10264);
#10266=PLANE('',#10265);
#10267=DIRECTION('',(0,0,1));
#10268=VECTOR('',#10267,9.6);
#10269=LINE('',#1718,#10268);
#10270=EDGE_CURVE('',#1719,#1771,#10269,.T.);
#10271=ORIENTED_EDGE('',*,*,#10270,.T.);
#10272=ORIENTED_EDGE('',*,*,#7132,.F.);
#10273=DIRECTION('',(0,0,1));
#10274=VECTOR('',#10273,9.5);
#10275=LINE('',#1722,#10274);
#10276=EDGE_CURVE('',#1723,#1769,#10275,.T.);
#10277=ORIENTED_EDGE('',*,*,#10276,.F.);
#10278=DIRECTION('',(0,0,1));
#10279=VECTOR('',#10278,0.1);
#10280=LINE('',#1716,#10279);
#10281=EDGE_CURVE('',#1717,#1723,#10280,.T.);
#10282=ORIENTED_EDGE('',*,*,#10281,.F.);
#10283=DIRECTION('',(0,0,1));
#10284=VECTOR('',#10283,13.099998);
#10285=LINE('',#1314,#10284);
#10286=EDGE_CURVE('',#1315,#1717,#10285,.T.);
#10287=ORIENTED_EDGE('',*,*,#10286,.F.);
#10288=DIRECTION('',(0.94421,0.329345,0));
#10289=VECTOR('',#10288,2.968501);
#10290=LINE('',#1314,#10289);
#10291=EDGE_CURVE('',#1315,#1317,#10290,.T.);
#10292=ORIENTED_EDGE('',*,*,#10291,.T.);
#10293=DIRECTION('',(0,0,1));
#10294=VECTOR('',#10293,13.099998);
#10295=LINE('',#1316,#10294);
#10296=EDGE_CURVE('',#1317,#1719,#10295,.T.);
#10297=ORIENTED_EDGE('',*,*,#10296,.T.);
#10298=EDGE_LOOP('',(#10271,#10272,#10277,#10282,#10287,#10292,#10297));
#10299=FACE_OUTER_BOUND('',#10298,.T.);
#10300=ADVANCED_FACE('',(#10299),#10266,.T.);
#10301=DIRECTION('',(0.34714,-0.937813,-0.000073));
#10302=DIRECTION('',(0,0.000078,-1));
#10303=AXIS2_PLACEMENT_3D('',#1734,#10301,#10302);
#10304=PLANE('',#10303);
#10305=DIRECTION('',(-0.277047,-0.102626,0.95536));
#10306=VECTOR('',#10305,0.104673);
#10307=LINE('',#1734,#10306);
#10308=EDGE_CURVE('',#1735,#1739,#10307,.T.);
#10309=ORIENTED_EDGE('',*,*,#10308,.T.);
#10310=DIRECTION('',(0.937271,0.346937,0.034022));
#10311=VECTOR('',#10310,2.939283);
#10312=LINE('',#1732,#10311);
#10313=EDGE_CURVE('',#1733,#1739,#10312,.T.);
#10314=ORIENTED_EDGE('',*,*,#10313,.F.);
#10315=DIRECTION('',(0.937813,0.34714,0));
#10316=VECTOR('',#10315,2.968506);
#10317=LINE('',#1732,#10316);
#10318=EDGE_CURVE('',#1733,#1735,#10317,.T.);
#10319=ORIENTED_EDGE('',*,*,#10318,.T.);
#10320=EDGE_LOOP('',(#10309,#10314,#10319));
#10321=FACE_OUTER_BOUND('',#10320,.T.);
#10322=ADVANCED_FACE('',(#10321),#10304,.T.);
#10323=DIRECTION('',(0.355983,-0.934492,0));
#10324=DIRECTION('',(0,0,-1));
#10325=AXIS2_PLACEMENT_3D('',#1736,#10323,#10324);
#10326=PLANE('',#10325);
#10327=DIRECTION('',(0,0,1));
#10328=VECTOR('',#10327,9.6);
#10329=LINE('',#1736,#10328);
#10330=EDGE_CURVE('',#1737,#1777,#10329,.T.);
#10331=ORIENTED_EDGE('',*,*,#10330,.T.);
#10332=ORIENTED_EDGE('',*,*,#7147,.F.);
#10333=DIRECTION('',(0,0,1));
#10334=VECTOR('',#10333,9.5);
#10335=LINE('',#1740,#10334);
#10336=EDGE_CURVE('',#1741,#1775,#10335,.T.);
#10337=ORIENTED_EDGE('',*,*,#10336,.F.);
#10338=DIRECTION('',(0,0,1));
#10339=VECTOR('',#10338,0.1);
#10340=LINE('',#1734,#10339);
#10341=EDGE_CURVE('',#1735,#1741,#10340,.T.);
#10342=ORIENTED_EDGE('',*,*,#10341,.F.);
#10343=DIRECTION('',(0,0,1));
#10344=VECTOR('',#10343,13.099998);
#10345=LINE('',#1328,#10344);
#10346=EDGE_CURVE('',#1329,#1735,#10345,.T.);
#10347=ORIENTED_EDGE('',*,*,#10346,.F.);
#10348=DIRECTION('',(0.934492,0.355983,0));
#10349=VECTOR('',#10348,2.968491);
#10350=LINE('',#1328,#10349);
#10351=EDGE_CURVE('',#1329,#1331,#10350,.T.);
#10352=ORIENTED_EDGE('',*,*,#10351,.T.);
#10353=DIRECTION('',(0,0,1));
#10354=VECTOR('',#10353,13.099998);
#10355=LINE('',#1330,#10354);
#10356=EDGE_CURVE('',#1331,#1737,#10355,.T.);
#10357=ORIENTED_EDGE('',*,*,#10356,.T.);
#10358=EDGE_LOOP('',(#10331,#10332,#10337,#10342,#10347,#10352,#10357));
#10359=FACE_OUTER_BOUND('',#10358,.T.);
#10360=ADVANCED_FACE('',(#10359),#10326,.T.);
#10361=DIRECTION('',(0.399745,-0.916626,0.00004));
#10362=DIRECTION('',(0,-0.000044,-1));
#10363=AXIS2_PLACEMENT_3D('',#1836,#10361,#10362);
#10364=PLANE('',#10363);
#10365=DIRECTION('',(0.916095,0.399515,0.034022));
#10366=VECTOR('',#10365,2.939277);
#10367=LINE('',#1750,#10366);
#10368=EDGE_CURVE('',#1751,#1837,#10367,.T.);
#10369=ORIENTED_EDGE('',*,*,#10368,.F.);
#10370=DIRECTION('',(0.916626,0.399745,0));
#10371=VECTOR('',#10370,2.968504);
#10372=LINE('',#1750,#10371);
#10373=EDGE_CURVE('',#1751,#1829,#10372,.T.);
#10374=ORIENTED_EDGE('',*,*,#10373,.T.);
#10375=DIRECTION('',(-0.270849,-0.118077,0.955352));
#10376=VECTOR('',#10375,0.104674);
#10377=LINE('',#1828,#10376);
#10378=EDGE_CURVE('',#1829,#1837,#10377,.T.);
#10379=ORIENTED_EDGE('',*,*,#10378,.T.);
#10380=EDGE_LOOP('',(#10369,#10374,#10379));
#10381=FACE_OUTER_BOUND('',#10380,.T.);
#10382=ADVANCED_FACE('',(#10381),#10364,.T.);
#10383=DIRECTION('',(0.247913,-0.968782,0));
#10384=DIRECTION('',(0,0,-1));
#10385=AXIS2_PLACEMENT_3D('',#1486,#10383,#10384);
#10386=PLANE('',#10385);
#10387=ORIENTED_EDGE('',*,*,#9772,.F.);
#10388=DIRECTION('',(0.968782,0.247913,0));
#10389=VECTOR('',#10388,2.968502);
#10390=LINE('',#1262,#10389);
#10391=EDGE_CURVE('',#1263,#1285,#10390,.T.);
#10392=ORIENTED_EDGE('',*,*,#10391,.T.);
#10393=DIRECTION('',(0,0,1));
#10394=VECTOR('',#10393,13.099998);
#10395=LINE('',#1284,#10394);
#10396=EDGE_CURVE('',#1285,#1683,#10395,.T.);
#10397=ORIENTED_EDGE('',*,*,#10396,.T.);
#10398=DIRECTION('',(0,0,1));
#10399=VECTOR('',#10398,9.6);
#10400=LINE('',#1682,#10399);
#10401=EDGE_CURVE('',#1683,#1753,#10400,.T.);
#10402=ORIENTED_EDGE('',*,*,#10401,.T.);
#10403=ORIENTED_EDGE('',*,*,#7087,.F.);
#10404=ORIENTED_EDGE('',*,*,#9777,.F.);
#10405=EDGE_LOOP('',(#10387,#10392,#10397,#10402,#10403,#10404));
#10406=FACE_OUTER_BOUND('',#10405,.T.);
#10407=ADVANCED_FACE('',(#10406),#10386,.T.);
#10408=DIRECTION('',(0.257063,-0.966395,0));
#10409=DIRECTION('',(0,0,-1));
#10410=AXIS2_PLACEMENT_3D('',#1688,#10408,#10409);
#10411=PLANE('',#10410);
#10412=DIRECTION('',(0,0,1));
#10413=VECTOR('',#10412,9.5);
#10414=LINE('',#1688,#10413);
#10415=EDGE_CURVE('',#1689,#1755,#10414,.T.);
#10416=ORIENTED_EDGE('',*,*,#10415,.T.);
#10417=ORIENTED_EDGE('',*,*,#7092,.F.);
#10418=ORIENTED_EDGE('',*,*,#10401,.F.);
#10419=ORIENTED_EDGE('',*,*,#10396,.F.);
#10420=DIRECTION('',(0.966395,0.257063,0));
#10421=VECTOR('',#10420,2.968501);
#10422=LINE('',#1284,#10421);
#10423=EDGE_CURVE('',#1285,#1287,#10422,.T.);
#10424=ORIENTED_EDGE('',*,*,#10423,.T.);
#10425=DIRECTION('',(0,0,1));
#10426=VECTOR('',#10425,13.099998);
#10427=LINE('',#1286,#10426);
#10428=EDGE_CURVE('',#1287,#1685,#10427,.T.);
#10429=ORIENTED_EDGE('',*,*,#10428,.T.);
#10430=DIRECTION('',(0,0,1));
#10431=VECTOR('',#10430,0.1);
#10432=LINE('',#1684,#10431);
#10433=EDGE_CURVE('',#1685,#1689,#10432,.T.);
#10434=ORIENTED_EDGE('',*,*,#10433,.T.);
#10435=EDGE_LOOP('',(#10416,#10417,#10418,#10419,#10424,#10429,#10434));
#10436=FACE_OUTER_BOUND('',#10435,.T.);
#10437=ADVANCED_FACE('',(#10436),#10411,.T.);
#10438=DIRECTION('',(0.266182,-0.963923,0));
#10439=DIRECTION('',(0,0,-1));
#10440=AXIS2_PLACEMENT_3D('',#1688,#10438,#10439);
#10441=PLANE('',#10440);
#10442=ORIENTED_EDGE('',*,*,#10433,.F.);
#10443=ORIENTED_EDGE('',*,*,#10428,.F.);
#10444=DIRECTION('',(0.963923,0.266182,0));
#10445=VECTOR('',#10444,2.9685);
#10446=LINE('',#1286,#10445);
#10447=EDGE_CURVE('',#1287,#1289,#10446,.T.);
#10448=ORIENTED_EDGE('',*,*,#10447,.T.);
#10449=ORIENTED_EDGE('',*,*,#10253,.T.);
#10450=ORIENTED_EDGE('',*,*,#10248,.T.);
#10451=ORIENTED_EDGE('',*,*,#10243,.T.);
#10452=ORIENTED_EDGE('',*,*,#7097,.F.);
#10453=ORIENTED_EDGE('',*,*,#10415,.F.);
#10454=EDGE_LOOP('',(#10442,#10443,#10448,#10449,#10450,#10451,#10452,#10453));
#10455=FACE_OUTER_BOUND('',#10454,.T.);
#10456=ADVANCED_FACE('',(#10455),#10441,.T.);
#10457=DIRECTION('',(0.284367,-0.958715,0));
#10458=DIRECTION('',(0,0,-1));
#10459=AXIS2_PLACEMENT_3D('',#1296,#10457,#10458);
#10460=PLANE('',#10459);
#10461=DIRECTION('',(0.958715,0.284367,0));
#10462=VECTOR('',#10461,2.968509);
#10463=LINE('',#1296,#10462);
#10464=EDGE_CURVE('',#1297,#1299,#10463,.T.);
#10465=ORIENTED_EDGE('',*,*,#10464,.T.);
#10466=DIRECTION('',(0,0,1));
#10467=VECTOR('',#10466,13.099998);
#10468=LINE('',#1298,#10467);
#10469=EDGE_CURVE('',#1299,#1701,#10468,.T.);
#10470=ORIENTED_EDGE('',*,*,#10469,.T.);
#10471=DIRECTION('',(0,0,1));
#10472=VECTOR('',#10471,9.6);
#10473=LINE('',#1700,#10472);
#10474=EDGE_CURVE('',#1701,#1761,#10473,.T.);
#10475=ORIENTED_EDGE('',*,*,#10474,.T.);
#10476=ORIENTED_EDGE('',*,*,#7107,.F.);
#10477=ORIENTED_EDGE('',*,*,#10237,.F.);
#10478=ORIENTED_EDGE('',*,*,#10232,.F.);
#10479=EDGE_LOOP('',(#10465,#10470,#10475,#10476,#10477,#10478));
#10480=FACE_OUTER_BOUND('',#10479,.T.);
#10481=ADVANCED_FACE('',(#10480),#10460,.T.);
#10482=DIRECTION('',(0.293415,-0.955985,0));
#10483=DIRECTION('',(0,0,-1));
#10484=AXIS2_PLACEMENT_3D('',#1298,#10482,#10483);
#10485=PLANE('',#10484);
#10486=DIRECTION('',(0.955985,0.293415,0));
#10487=VECTOR('',#10486,2.968503);
#10488=LINE('',#1298,#10487);
#10489=EDGE_CURVE('',#1299,#1301,#10488,.T.);
#10490=ORIENTED_EDGE('',*,*,#10489,.T.);
#10491=DIRECTION('',(0,0,1));
#10492=VECTOR('',#10491,13.099998);
#10493=LINE('',#1300,#10492);
#10494=EDGE_CURVE('',#1301,#1703,#10493,.T.);
#10495=ORIENTED_EDGE('',*,*,#10494,.T.);
#10496=DIRECTION('',(0,0,1));
#10497=VECTOR('',#10496,9.6);
#10498=LINE('',#1702,#10497);
#10499=EDGE_CURVE('',#1703,#1763,#10498,.T.);
#10500=ORIENTED_EDGE('',*,*,#10499,.T.);
#10501=ORIENTED_EDGE('',*,*,#7112,.F.);
#10502=ORIENTED_EDGE('',*,*,#10474,.F.);
#10503=ORIENTED_EDGE('',*,*,#10469,.F.);
#10504=EDGE_LOOP('',(#10490,#10495,#10500,#10501,#10502,#10503));
#10505=FACE_OUTER_BOUND('',#10504,.T.);
#10506=ADVANCED_FACE('',(#10505),#10485,.T.);
#10507=DIRECTION('',(0.302441,-0.953168,0));
#10508=DIRECTION('',(0,0,-1));
#10509=AXIS2_PLACEMENT_3D('',#1764,#10507,#10508);
#10510=PLANE('',#10509);
#10511=ORIENTED_EDGE('',*,*,#7117,.F.);
#10512=ORIENTED_EDGE('',*,*,#10499,.F.);
#10513=ORIENTED_EDGE('',*,*,#10494,.F.);
#10514=DIRECTION('',(0.953168,0.302441,0));
#10515=VECTOR('',#10514,2.968503);
#10516=LINE('',#1300,#10515);
#10517=EDGE_CURVE('',#1301,#1303,#10516,.T.);
#10518=ORIENTED_EDGE('',*,*,#10517,.T.);
#10519=DIRECTION('',(0,0,1));
#10520=VECTOR('',#10519,13.099998);
#10521=LINE('',#1302,#10520);
#10522=EDGE_CURVE('',#1303,#1705,#10521,.T.);
#10523=ORIENTED_EDGE('',*,*,#10522,.T.);
#10524=DIRECTION('',(0,0,1));
#10525=VECTOR('',#10524,9.6);
#10526=LINE('',#1704,#10525);
#10527=EDGE_CURVE('',#1705,#1765,#10526,.T.);
#10528=ORIENTED_EDGE('',*,*,#10527,.T.);
#10529=EDGE_LOOP('',(#10511,#10512,#10513,#10518,#10523,#10528));
#10530=FACE_OUTER_BOUND('',#10529,.T.);
#10531=ADVANCED_FACE('',(#10530),#10510,.T.);
#10532=DIRECTION('',(0.311436,-0.950267,0));
#10533=DIRECTION('',(0,0,-1));
#10534=AXIS2_PLACEMENT_3D('',#1704,#10532,#10533);
#10535=PLANE('',#10534);
#10536=ORIENTED_EDGE('',*,*,#10522,.F.);
#10537=DIRECTION('',(0.950267,0.311436,0));
#10538=VECTOR('',#10537,2.968502);
#10539=LINE('',#1302,#10538);
#10540=EDGE_CURVE('',#1303,#1313,#10539,.T.);
#10541=ORIENTED_EDGE('',*,*,#10540,.T.);
#10542=DIRECTION('',(0,0,1));
#10543=VECTOR('',#10542,13.099998);
#10544=LINE('',#1312,#10543);
#10545=EDGE_CURVE('',#1313,#1715,#10544,.T.);
#10546=ORIENTED_EDGE('',*,*,#10545,.T.);
#10547=DIRECTION('',(0,0,1));
#10548=VECTOR('',#10547,0.1);
#10549=LINE('',#1714,#10548);
#10550=EDGE_CURVE('',#1715,#1721,#10549,.T.);
#10551=ORIENTED_EDGE('',*,*,#10550,.T.);
#10552=DIRECTION('',(0,0,1));
#10553=VECTOR('',#10552,9.5);
#10554=LINE('',#1720,#10553);
#10555=EDGE_CURVE('',#1721,#1767,#10554,.T.);
#10556=ORIENTED_EDGE('',*,*,#10555,.T.);
#10557=ORIENTED_EDGE('',*,*,#7122,.F.);
#10558=ORIENTED_EDGE('',*,*,#10527,.F.);
#10559=EDGE_LOOP('',(#10536,#10541,#10546,#10551,#10556,#10557,#10558));
#10560=FACE_OUTER_BOUND('',#10559,.T.);
#10561=ADVANCED_FACE('',(#10560),#10535,.T.);
#10562=DIRECTION('',(0.320401,-0.947282,0));
#10563=DIRECTION('',(0,0,-1));
#10564=AXIS2_PLACEMENT_3D('',#1314,#10562,#10563);
#10565=PLANE('',#10564);
#10566=ORIENTED_EDGE('',*,*,#10286,.T.);
#10567=ORIENTED_EDGE('',*,*,#10281,.T.);
#10568=ORIENTED_EDGE('',*,*,#10276,.T.);
#10569=ORIENTED_EDGE('',*,*,#7127,.F.);
#10570=ORIENTED_EDGE('',*,*,#10555,.F.);
#10571=ORIENTED_EDGE('',*,*,#10550,.F.);
#10572=ORIENTED_EDGE('',*,*,#10545,.F.);
#10573=DIRECTION('',(0.947282,0.320401,0));
#10574=VECTOR('',#10573,2.968498);
#10575=LINE('',#1312,#10574);
#10576=EDGE_CURVE('',#1313,#1315,#10575,.T.);
#10577=ORIENTED_EDGE('',*,*,#10576,.T.);
#10578=EDGE_LOOP('',(#10566,#10567,#10568,#10569,#10570,#10571,#10572,#10577));
#10579=FACE_OUTER_BOUND('',#10578,.T.);
#10580=ADVANCED_FACE('',(#10579),#10565,.T.);
#10581=DIRECTION('',(0.338267,-0.94105,0));
#10582=DIRECTION('',(0,0,-1));
#10583=AXIS2_PLACEMENT_3D('',#1770,#10581,#10582);
#10584=PLANE('',#10583);
#10585=ORIENTED_EDGE('',*,*,#10270,.F.);
#10586=ORIENTED_EDGE('',*,*,#10296,.F.);
#10587=DIRECTION('',(0.94105,0.338267,0));
#10588=VECTOR('',#10587,2.968512);
#10589=LINE('',#1316,#10588);
#10590=EDGE_CURVE('',#1317,#1327,#10589,.T.);
#10591=ORIENTED_EDGE('',*,*,#10590,.T.);
#10592=DIRECTION('',(0,0,1));
#10593=VECTOR('',#10592,13.099998);
#10594=LINE('',#1326,#10593);
#10595=EDGE_CURVE('',#1327,#1733,#10594,.T.);
#10596=ORIENTED_EDGE('',*,*,#10595,.T.);
#10597=DIRECTION('',(0,0,1));
#10598=VECTOR('',#10597,9.6);
#10599=LINE('',#1732,#10598);
#10600=EDGE_CURVE('',#1733,#1773,#10599,.T.);
#10601=ORIENTED_EDGE('',*,*,#10600,.T.);
#10602=ORIENTED_EDGE('',*,*,#7137,.F.);
#10603=EDGE_LOOP('',(#10585,#10586,#10591,#10596,#10601,#10602));
#10604=FACE_OUTER_BOUND('',#10603,.T.);
#10605=ADVANCED_FACE('',(#10604),#10584,.T.);
#10606=DIRECTION('',(0.347138,-0.937814,0));
#10607=DIRECTION('',(0,0,-1));
#10608=AXIS2_PLACEMENT_3D('',#1732,#10606,#10607);
#10609=PLANE('',#10608);
#10610=ORIENTED_EDGE('',*,*,#10313,.T.);
#10611=DIRECTION('',(-0.277047,-0.102551,0.955368));
#10612=VECTOR('',#10611,9.943811);
#10613=LINE('',#1738,#10612);
#10614=EDGE_CURVE('',#1739,#1773,#10613,.T.);
#10615=ORIENTED_EDGE('',*,*,#10614,.T.);
#10616=ORIENTED_EDGE('',*,*,#10600,.F.);
#10617=EDGE_LOOP('',(#10610,#10615,#10616));
#10618=FACE_OUTER_BOUND('',#10617,.T.);
#10619=ADVANCED_FACE('',(#10618),#10609,.T.);
#10620=DIRECTION('',(0.347363,-0.937731,0));
#10621=DIRECTION('',(0,0,-1));
#10622=AXIS2_PLACEMENT_3D('',#1738,#10620,#10621);
#10623=PLANE('',#10622);
#10624=ORIENTED_EDGE('',*,*,#10308,.F.);
#10625=ORIENTED_EDGE('',*,*,#10341,.T.);
#10626=ORIENTED_EDGE('',*,*,#10336,.T.);
#10627=DIRECTION('',(0.003053,0.001131,0.999995));
#10628=VECTOR('',#10627,9.50005);
#10629=LINE('',#1738,#10628);
#10630=EDGE_CURVE('',#1739,#1775,#10629,.T.);
#10631=ORIENTED_EDGE('',*,*,#10630,.F.);
#10632=EDGE_LOOP('',(#10624,#10625,#10626,#10631));
#10633=FACE_OUTER_BOUND('',#10632,.T.);
#10634=ADVANCED_FACE('',(#10633),#10623,.T.);
#10635=DIRECTION('',(0.364812,-0.931081,0));
#10636=DIRECTION('',(0,0,-1));
#10637=AXIS2_PLACEMENT_3D('',#1736,#10635,#10636);
#10638=PLANE('',#10637);
#10639=ORIENTED_EDGE('',*,*,#10356,.F.);
#10640=DIRECTION('',(0.931081,0.364812,0));
#10641=VECTOR('',#10640,2.968509);
#10642=LINE('',#1330,#10641);
#10643=EDGE_CURVE('',#1331,#1341,#10642,.T.);
#10644=ORIENTED_EDGE('',*,*,#10643,.T.);
#10645=DIRECTION('',(0,0,1));
#10646=VECTOR('',#10645,13.099998);
#10647=LINE('',#1340,#10646);
#10648=EDGE_CURVE('',#1341,#1745,#10647,.T.);
#10649=ORIENTED_EDGE('',*,*,#10648,.T.);
#10650=DIRECTION('',(0,0,1));
#10651=VECTOR('',#10650,9.6);
#10652=LINE('',#1744,#10651);
#10653=EDGE_CURVE('',#1745,#1779,#10652,.T.);
#10654=ORIENTED_EDGE('',*,*,#10653,.T.);
#10655=ORIENTED_EDGE('',*,*,#7152,.F.);
#10656=ORIENTED_EDGE('',*,*,#10330,.F.);
#10657=EDGE_LOOP('',(#10639,#10644,#10649,#10654,#10655,#10656));
#10658=FACE_OUTER_BOUND('',#10657,.T.);
#10659=ADVANCED_FACE('',(#10658),#10638,.T.);
#10660=DIRECTION('',(0.34714,-0.937813,0.000001));
#10661=DIRECTION('',(0,-0.000001,-1));
#10662=AXIS2_PLACEMENT_3D('',#1772,#10660,#10661);
#10663=PLANE('',#10662);
#10664=ORIENTED_EDGE('',*,*,#10614,.F.);
#10665=ORIENTED_EDGE('',*,*,#10630,.T.);
#10666=ORIENTED_EDGE('',*,*,#7142,.F.);
#10667=EDGE_LOOP('',(#10664,#10665,#10666));
#10668=FACE_OUTER_BOUND('',#10667,.T.);
#10669=ADVANCED_FACE('',(#10668),#10663,.T.);
#10670=DIRECTION('',(0.373593,-0.927593,0));
#10671=DIRECTION('',(0,0,-1));
#10672=AXIS2_PLACEMENT_3D('',#1746,#10670,#10671);
#10673=PLANE('',#10672);
#10674=DIRECTION('',(0,0,1));
#10675=VECTOR('',#10674,9.6);
#10676=LINE('',#1746,#10675);
#10677=EDGE_CURVE('',#1747,#1781,#10676,.T.);
#10678=ORIENTED_EDGE('',*,*,#10677,.T.);
#10679=ORIENTED_EDGE('',*,*,#7157,.F.);
#10680=ORIENTED_EDGE('',*,*,#10653,.F.);
#10681=ORIENTED_EDGE('',*,*,#10648,.F.);
#10682=DIRECTION('',(0.927593,0.373593,0));
#10683=VECTOR('',#10682,2.968496);
#10684=LINE('',#1340,#10683);
#10685=EDGE_CURVE('',#1341,#1343,#10684,.T.);
#10686=ORIENTED_EDGE('',*,*,#10685,.T.);
#10687=DIRECTION('',(0,0,1));
#10688=VECTOR('',#10687,13.099998);
#10689=LINE('',#1342,#10688);
#10690=EDGE_CURVE('',#1343,#1747,#10689,.T.);
#10691=ORIENTED_EDGE('',*,*,#10690,.T.);
#10692=EDGE_LOOP('',(#10678,#10679,#10680,#10681,#10686,#10691));
#10693=FACE_OUTER_BOUND('',#10692,.T.);
#10694=ADVANCED_FACE('',(#10693),#10673,.T.);
#10695=DIRECTION('',(0.382351,-0.924017,0));
#10696=DIRECTION('',(0,0,-1));
#10697=AXIS2_PLACEMENT_3D('',#1782,#10695,#10696);
#10698=PLANE('',#10697);
#10699=ORIENTED_EDGE('',*,*,#7162,.F.);
#10700=ORIENTED_EDGE('',*,*,#10677,.F.);
#10701=ORIENTED_EDGE('',*,*,#10690,.F.);
#10702=DIRECTION('',(0.924017,0.382351,0));
#10703=VECTOR('',#10702,2.968505);
#10704=LINE('',#1342,#10703);
#10705=EDGE_CURVE('',#1343,#1345,#10704,.T.);
#10706=ORIENTED_EDGE('',*,*,#10705,.T.);
#10707=DIRECTION('',(0,0,1));
#10708=VECTOR('',#10707,13.099998);
#10709=LINE('',#1344,#10708);
#10710=EDGE_CURVE('',#1345,#1749,#10709,.T.);
#10711=ORIENTED_EDGE('',*,*,#10710,.T.);
#10712=DIRECTION('',(0,0,1));
#10713=VECTOR('',#10712,9.6);
#10714=LINE('',#1748,#10713);
#10715=EDGE_CURVE('',#1749,#1783,#10714,.T.);
#10716=ORIENTED_EDGE('',*,*,#10715,.T.);
#10717=EDGE_LOOP('',(#10699,#10700,#10701,#10706,#10711,#10716));
#10718=FACE_OUTER_BOUND('',#10717,.T.);
#10719=ADVANCED_FACE('',(#10718),#10698,.T.);
#10720=DIRECTION('',(0.391068,-0.920362,0));
#10721=DIRECTION('',(0,0,-1));
#10722=AXIS2_PLACEMENT_3D('',#1782,#10720,#10721);
#10723=PLANE('',#10722);
#10724=ORIENTED_EDGE('',*,*,#10715,.F.);
#10725=ORIENTED_EDGE('',*,*,#10710,.F.);
#10726=DIRECTION('',(0.920362,0.391068,0));
#10727=VECTOR('',#10726,2.968508);
#10728=LINE('',#1344,#10727);
#10729=EDGE_CURVE('',#1345,#1347,#10728,.T.);
#10730=ORIENTED_EDGE('',*,*,#10729,.T.);
#10731=DIRECTION('',(0,0,1));
#10732=VECTOR('',#10731,13.099998);
#10733=LINE('',#1346,#10732);
#10734=EDGE_CURVE('',#1347,#1751,#10733,.T.);
#10735=ORIENTED_EDGE('',*,*,#10734,.T.);
#10736=DIRECTION('',(0,0,1));
#10737=VECTOR('',#10736,9.6);
#10738=LINE('',#1750,#10737);
#10739=EDGE_CURVE('',#1751,#1785,#10738,.T.);
#10740=ORIENTED_EDGE('',*,*,#10739,.T.);
#10741=ORIENTED_EDGE('',*,*,#7167,.F.);
#10742=EDGE_LOOP('',(#10724,#10725,#10730,#10735,#10740,#10741));
#10743=FACE_OUTER_BOUND('',#10742,.T.);
#10744=ADVANCED_FACE('',(#10743),#10723,.T.);
#10745=DIRECTION('',(0.399747,-0.916626,0));
#10746=DIRECTION('',(0,0,-1));
#10747=AXIS2_PLACEMENT_3D('',#1750,#10745,#10746);
#10748=PLANE('',#10747);
#10749=ORIENTED_EDGE('',*,*,#10368,.T.);
#10750=DIRECTION('',(0.270787,0.118092,-0.955368));
#10751=VECTOR('',#10750,9.94381);
#10752=LINE('',#1784,#10751);
#10753=EDGE_CURVE('',#1785,#1837,#10752,.T.);
#10754=ORIENTED_EDGE('',*,*,#10753,.F.);
#10755=ORIENTED_EDGE('',*,*,#10739,.F.);
#10756=EDGE_LOOP('',(#10749,#10754,#10755));
#10757=FACE_OUTER_BOUND('',#10756,.T.);
#10758=ADVANCED_FACE('',(#10757),#10748,.T.);
#10759=DIRECTION('',(0.399745,-0.916626,-0));
#10760=DIRECTION('',(0,0,-1));
#10761=AXIS2_PLACEMENT_3D('',#1784,#10759,#10760);
#10762=PLANE('',#10761);
#10763=ORIENTED_EDGE('',*,*,#10753,.T.);
#10764=DIRECTION('',(0.002984,0.001301,0.999995));
#10765=VECTOR('',#10764,9.50005);
#10766=LINE('',#1836,#10765);
#10767=EDGE_CURVE('',#1837,#1893,#10766,.T.);
#10768=ORIENTED_EDGE('',*,*,#10767,.T.);
#10769=ORIENTED_EDGE('',*,*,#7172,.F.);
#10770=EDGE_LOOP('',(#10763,#10768,#10769));
#10771=FACE_OUTER_BOUND('',#10770,.T.);
#10772=ADVANCED_FACE('',(#10771),#10762,.T.);
#10773=DIRECTION('',(0.399745,-0.916626,-0));
#10774=DIRECTION('',(0,0,-1));
#10775=AXIS2_PLACEMENT_3D('',#1828,#10773,#10774);
#10776=PLANE('',#10775);
#10777=ORIENTED_EDGE('',*,*,#10373,.F.);
#10778=ORIENTED_EDGE('',*,*,#10734,.F.);
#10779=DIRECTION('',(0.916626,0.399745,0));
#10780=VECTOR('',#10779,2.968504);
#10781=LINE('',#1346,#10780);
#10782=EDGE_CURVE('',#1347,#1361,#10781,.T.);
#10783=ORIENTED_EDGE('',*,*,#10782,.T.);
#10784=DIRECTION('',(0,0,1));
#10785=VECTOR('',#10784,13.099998);
#10786=LINE('',#1360,#10785);
#10787=EDGE_CURVE('',#1361,#1829,#10786,.T.);
#10788=ORIENTED_EDGE('',*,*,#10787,.T.);
#10789=EDGE_LOOP('',(#10777,#10778,#10783,#10788));
#10790=FACE_OUTER_BOUND('',#10789,.T.);
#10791=ADVANCED_FACE('',(#10790),#10776,.T.);
#10792=DIRECTION('',(0.408401,-0.912803,0));
#10793=DIRECTION('',(0,0,-1));
#10794=AXIS2_PLACEMENT_3D('',#1894,#10792,#10793);
#10795=PLANE('',#10794);
#10796=ORIENTED_EDGE('',*,*,#7177,.F.);
#10797=DIRECTION('',(0,0,1));
#10798=VECTOR('',#10797,9.5);
#10799=LINE('',#1838,#10798);
#10800=EDGE_CURVE('',#1839,#1893,#10799,.T.);
#10801=ORIENTED_EDGE('',*,*,#10800,.F.);
#10802=DIRECTION('',(0,0,1));
#10803=VECTOR('',#10802,0.1);
#10804=LINE('',#1828,#10803);
#10805=EDGE_CURVE('',#1829,#1839,#10804,.T.);
#10806=ORIENTED_EDGE('',*,*,#10805,.F.);
#10807=ORIENTED_EDGE('',*,*,#10787,.F.);
#10808=DIRECTION('',(0.912803,0.408401,0));
#10809=VECTOR('',#10808,2.968509);
#10810=LINE('',#1360,#10809);
#10811=EDGE_CURVE('',#1361,#1363,#10810,.T.);
#10812=ORIENTED_EDGE('',*,*,#10811,.T.);
#10813=DIRECTION('',(0,0,1));
#10814=VECTOR('',#10813,13.099998);
#10815=LINE('',#1362,#10814);
#10816=EDGE_CURVE('',#1363,#1831,#10815,.T.);
#10817=ORIENTED_EDGE('',*,*,#10816,.T.);
#10818=DIRECTION('',(0,0,1));
#10819=VECTOR('',#10818,9.6);
#10820=LINE('',#1830,#10819);
#10821=EDGE_CURVE('',#1831,#1895,#10820,.T.);
#10822=ORIENTED_EDGE('',*,*,#10821,.T.);
#10823=EDGE_LOOP('',(#10796,#10801,#10806,#10807,#10812,#10817,#10822));
#10824=FACE_OUTER_BOUND('',#10823,.T.);
#10825=ADVANCED_FACE('',(#10824),#10795,.T.);
#10826=DIRECTION('',(0.898794,0.438371,0));
#10827=DIRECTION('',(0,0,1));
#10828=AXIS2_PLACEMENT_3D('',#1850,#10826,#10827);
#10829=PLANE('',#10828);
#10830=ORIENTED_EDGE('',*,*,#5441,.T.);
#10831=DIRECTION('',(-0.438368,0.898787,-0.004008));
#10832=VECTOR('',#10831,24.950185);
#10833=LINE('',#1852,#10832);
#10834=EDGE_CURVE('',#1853,#1861,#10833,.T.);
#10835=ORIENTED_EDGE('',*,*,#10834,.F.);
#10836=DIRECTION('',(0,0,1));
#10837=VECTOR('',#10836,0.1);
#10838=LINE('',#1850,#10837);
#10839=EDGE_CURVE('',#1851,#1853,#10838,.T.);
#10840=ORIENTED_EDGE('',*,*,#10839,.F.);
#10841=EDGE_LOOP('',(#10830,#10835,#10840));
#10842=FACE_OUTER_BOUND('',#10841,.T.);
#10843=ADVANCED_FACE('',(#10842),#10829,.T.);
#10844=DIRECTION('',(0.898794,0.438371,0));
#10845=DIRECTION('',(0,0,1));
#10846=AXIS2_PLACEMENT_3D('',#1900,#10844,#10845);
#10847=PLANE('',#10846);
#10848=DIRECTION('',(0.418692,-0.858447,0.296254));
#10849=VECTOR('',#10848,32.404679);
#10850=LINE('',#1860,#10849);
#10851=EDGE_CURVE('',#1861,#1901,#10850,.T.);
#10852=ORIENTED_EDGE('',*,*,#10851,.F.);
#10853=DIRECTION('',(0,0,1));
#10854=VECTOR('',#10853,9.6);
#10855=LINE('',#1860,#10854);
#10856=EDGE_CURVE('',#1861,#1909,#10855,.T.);
#10857=ORIENTED_EDGE('',*,*,#10856,.T.);
#10858=ORIENTED_EDGE('',*,*,#7197,.F.);
#10859=EDGE_LOOP('',(#10852,#10857,#10858));
#10860=FACE_OUTER_BOUND('',#10859,.T.);
#10861=ADVANCED_FACE('',(#10860),#10847,.T.);
#10862=DIRECTION('',(-0.275284,0.961363,0));
#10863=DIRECTION('',(0,-0,1));
#10864=AXIS2_PLACEMENT_3D('',#1620,#10862,#10863);
#10865=PLANE('',#10864);
#10866=ORIENTED_EDGE('',*,*,#10217,.T.);
#10867=ORIENTED_EDGE('',*,*,#7292,.T.);
#10868=DIRECTION('',(0,0,1));
#10869=VECTOR('',#10868,9.6);
#10870=LINE('',#1786,#10869);
#10871=EDGE_CURVE('',#1787,#1863,#10870,.T.);
#10872=ORIENTED_EDGE('',*,*,#10871,.F.);
#10873=ORIENTED_EDGE('',*,*,#5346,.F.);
#10874=EDGE_LOOP('',(#10866,#10867,#10872,#10873));
#10875=FACE_OUTER_BOUND('',#10874,.T.);
#10876=ADVANCED_FACE('',(#10875),#10865,.T.);
#10877=DIRECTION('',(-0.284372,0.958714,0));
#10878=DIRECTION('',(0,-0,1));
#10879=AXIS2_PLACEMENT_3D('',#1788,#10877,#10878);
#10880=PLANE('',#10879);
#10881=ORIENTED_EDGE('',*,*,#5351,.F.);
#10882=ORIENTED_EDGE('',*,*,#10871,.T.);
#10883=ORIENTED_EDGE('',*,*,#7287,.T.);
#10884=DIRECTION('',(0,0,1));
#10885=VECTOR('',#10884,9.6);
#10886=LINE('',#1788,#10885);
#10887=EDGE_CURVE('',#1789,#1865,#10886,.T.);
#10888=ORIENTED_EDGE('',*,*,#10887,.F.);
#10889=EDGE_LOOP('',(#10881,#10882,#10883,#10888));
#10890=FACE_OUTER_BOUND('',#10889,.T.);
#10891=ADVANCED_FACE('',(#10890),#10880,.T.);
#10892=DIRECTION('',(-0.293417,0.955984,0));
#10893=DIRECTION('',(0,-0,1));
#10894=AXIS2_PLACEMENT_3D('',#1788,#10892,#10893);
#10895=PLANE('',#10894);
#10896=ORIENTED_EDGE('',*,*,#10887,.T.);
#10897=ORIENTED_EDGE('',*,*,#7282,.T.);
#10898=DIRECTION('',(0,0,1));
#10899=VECTOR('',#10898,9.6);
#10900=LINE('',#1794,#10899);
#10901=EDGE_CURVE('',#1795,#1867,#10900,.T.);
#10902=ORIENTED_EDGE('',*,*,#10901,.F.);
#10903=ORIENTED_EDGE('',*,*,#5356,.F.);
#10904=EDGE_LOOP('',(#10896,#10897,#10902,#10903));
#10905=FACE_OUTER_BOUND('',#10904,.T.);
#10906=ADVANCED_FACE('',(#10905),#10895,.T.);
#10907=DIRECTION('',(-0.302438,0.953169,0));
#10908=DIRECTION('',(0,-0,1));
#10909=AXIS2_PLACEMENT_3D('',#1796,#10907,#10908);
#10910=PLANE('',#10909);
#10911=ORIENTED_EDGE('',*,*,#5361,.F.);
#10912=ORIENTED_EDGE('',*,*,#10901,.T.);
#10913=ORIENTED_EDGE('',*,*,#7277,.T.);
#10914=DIRECTION('',(0,0,1));
#10915=VECTOR('',#10914,9.6);
#10916=LINE('',#1796,#10915);
#10917=EDGE_CURVE('',#1797,#1869,#10916,.T.);
#10918=ORIENTED_EDGE('',*,*,#10917,.F.);
#10919=EDGE_LOOP('',(#10911,#10912,#10913,#10918));
#10920=FACE_OUTER_BOUND('',#10919,.T.);
#10921=ADVANCED_FACE('',(#10920),#10910,.T.);
#10922=DIRECTION('',(-0.311436,0.950267,0));
#10923=DIRECTION('',(0,-0,1));
#10924=AXIS2_PLACEMENT_3D('',#1796,#10922,#10923);
#10925=PLANE('',#10924);
#10926=ORIENTED_EDGE('',*,*,#10917,.T.);
#10927=ORIENTED_EDGE('',*,*,#7272,.T.);
#10928=DIRECTION('',(0,0,1));
#10929=VECTOR('',#10928,9.6);
#10930=LINE('',#1798,#10929);
#10931=EDGE_CURVE('',#1799,#1871,#10930,.T.);
#10932=ORIENTED_EDGE('',*,*,#10931,.F.);
#10933=ORIENTED_EDGE('',*,*,#5366,.F.);
#10934=EDGE_LOOP('',(#10926,#10927,#10932,#10933));
#10935=FACE_OUTER_BOUND('',#10934,.T.);
#10936=ADVANCED_FACE('',(#10935),#10925,.T.);
#10937=DIRECTION('',(-0.320401,0.947282,0));
#10938=DIRECTION('',(0,-0,1));
#10939=AXIS2_PLACEMENT_3D('',#1870,#10937,#10938);
#10940=PLANE('',#10939);
#10941=ORIENTED_EDGE('',*,*,#7267,.T.);
#10942=DIRECTION('',(0,0,1));
#10943=VECTOR('',#10942,9.6);
#10944=LINE('',#1800,#10943);
#10945=EDGE_CURVE('',#1801,#1873,#10944,.T.);
#10946=ORIENTED_EDGE('',*,*,#10945,.F.);
#10947=ORIENTED_EDGE('',*,*,#5371,.F.);
#10948=ORIENTED_EDGE('',*,*,#10931,.T.);
#10949=EDGE_LOOP('',(#10941,#10946,#10947,#10948));
#10950=FACE_OUTER_BOUND('',#10949,.T.);
#10951=ADVANCED_FACE('',(#10950),#10940,.T.);
#10952=DIRECTION('',(-0.329352,0.944207,0));
#10953=DIRECTION('',(0,-0,1));
#10954=AXIS2_PLACEMENT_3D('',#1802,#10952,#10953);
#10955=PLANE('',#10954);
#10956=ORIENTED_EDGE('',*,*,#5376,.F.);
#10957=ORIENTED_EDGE('',*,*,#10945,.T.);
#10958=ORIENTED_EDGE('',*,*,#7262,.T.);
#10959=DIRECTION('',(0,0,1));
#10960=VECTOR('',#10959,9.6);
#10961=LINE('',#1802,#10960);
#10962=EDGE_CURVE('',#1803,#1875,#10961,.T.);
#10963=ORIENTED_EDGE('',*,*,#10962,.F.);
#10964=EDGE_LOOP('',(#10956,#10957,#10958,#10963));
#10965=FACE_OUTER_BOUND('',#10964,.T.);
#10966=ADVANCED_FACE('',(#10965),#10955,.T.);
#10967=DIRECTION('',(-0.338259,0.941053,0));
#10968=DIRECTION('',(0,-0,1));
#10969=AXIS2_PLACEMENT_3D('',#1874,#10967,#10968);
#10970=PLANE('',#10969);
#10971=ORIENTED_EDGE('',*,*,#7257,.T.);
#10972=DIRECTION('',(0,0,1));
#10973=VECTOR('',#10972,9.6);
#10974=LINE('',#1804,#10973);
#10975=EDGE_CURVE('',#1805,#1877,#10974,.T.);
#10976=ORIENTED_EDGE('',*,*,#10975,.F.);
#10977=ORIENTED_EDGE('',*,*,#5381,.F.);
#10978=ORIENTED_EDGE('',*,*,#10962,.T.);
#10979=EDGE_LOOP('',(#10971,#10976,#10977,#10978));
#10980=FACE_OUTER_BOUND('',#10979,.T.);
#10981=ADVANCED_FACE('',(#10980),#10970,.T.);
#10982=DIRECTION('',(-0.347134,0.937816,0));
#10983=DIRECTION('',(0,-0,1));
#10984=AXIS2_PLACEMENT_3D('',#1878,#10982,#10983);
#10985=PLANE('',#10984);
#10986=DIRECTION('',(0,0,1));
#10987=VECTOR('',#10986,9.6);
#10988=LINE('',#1806,#10987);
#10989=EDGE_CURVE('',#1807,#1879,#10988,.T.);
#10990=ORIENTED_EDGE('',*,*,#10989,.F.);
#10991=ORIENTED_EDGE('',*,*,#5386,.F.);
#10992=ORIENTED_EDGE('',*,*,#10975,.T.);
#10993=ORIENTED_EDGE('',*,*,#7252,.T.);
#10994=EDGE_LOOP('',(#10990,#10991,#10992,#10993));
#10995=FACE_OUTER_BOUND('',#10994,.T.);
#10996=ADVANCED_FACE('',(#10995),#10985,.T.);
#10997=DIRECTION('',(-0.355993,0.934489,0));
#10998=DIRECTION('',(0,-0,1));
#10999=AXIS2_PLACEMENT_3D('',#1808,#10997,#10998);
#11000=PLANE('',#10999);
#11001=ORIENTED_EDGE('',*,*,#5391,.F.);
#11002=ORIENTED_EDGE('',*,*,#10989,.T.);
#11003=ORIENTED_EDGE('',*,*,#7247,.T.);
#11004=DIRECTION('',(0,0,1));
#11005=VECTOR('',#11004,9.6);
#11006=LINE('',#1808,#11005);
#11007=EDGE_CURVE('',#1809,#1881,#11006,.T.);
#11008=ORIENTED_EDGE('',*,*,#11007,.F.);
#11009=EDGE_LOOP('',(#11001,#11002,#11003,#11008));
#11010=FACE_OUTER_BOUND('',#11009,.T.);
#11011=ADVANCED_FACE('',(#11010),#11000,.T.);
#11012=DIRECTION('',(-0.36481,0.931082,0));
#11013=DIRECTION('',(0,-0,1));
#11014=AXIS2_PLACEMENT_3D('',#1882,#11012,#11013);
#11015=PLANE('',#11014);
#11016=DIRECTION('',(0,0,1));
#11017=VECTOR('',#11016,9.6);
#11018=LINE('',#1810,#11017);
#11019=EDGE_CURVE('',#1811,#1883,#11018,.T.);
#11020=ORIENTED_EDGE('',*,*,#11019,.F.);
#11021=ORIENTED_EDGE('',*,*,#5396,.F.);
#11022=ORIENTED_EDGE('',*,*,#11007,.T.);
#11023=ORIENTED_EDGE('',*,*,#7242,.T.);
#11024=EDGE_LOOP('',(#11020,#11021,#11022,#11023));
#11025=FACE_OUTER_BOUND('',#11024,.T.);
#11026=ADVANCED_FACE('',(#11025),#11015,.T.);
#11027=DIRECTION('',(-0.373592,0.927593,0));
#11028=DIRECTION('',(0,-0,1));
#11029=AXIS2_PLACEMENT_3D('',#1884,#11027,#11028);
#11030=PLANE('',#11029);
#11031=DIRECTION('',(0,0,1));
#11032=VECTOR('',#11031,9.6);
#11033=LINE('',#1812,#11032);
#11034=EDGE_CURVE('',#1813,#1885,#11033,.T.);
#11035=ORIENTED_EDGE('',*,*,#11034,.F.);
#11036=ORIENTED_EDGE('',*,*,#5401,.F.);
#11037=ORIENTED_EDGE('',*,*,#11019,.T.);
#11038=ORIENTED_EDGE('',*,*,#7237,.T.);
#11039=EDGE_LOOP('',(#11035,#11036,#11037,#11038));
#11040=FACE_OUTER_BOUND('',#11039,.T.);
#11041=ADVANCED_FACE('',(#11040),#11030,.T.);
#11042=DIRECTION('',(-0.382349,0.924018,0));
#11043=DIRECTION('',(0,-0,1));
#11044=AXIS2_PLACEMENT_3D('',#1812,#11042,#11043);
#11045=PLANE('',#11044);
#11046=ORIENTED_EDGE('',*,*,#11034,.T.);
#11047=ORIENTED_EDGE('',*,*,#7232,.T.);
#11048=DIRECTION('',(0,0,1));
#11049=VECTOR('',#11048,9.6);
#11050=LINE('',#1814,#11049);
#11051=EDGE_CURVE('',#1815,#1887,#11050,.T.);
#11052=ORIENTED_EDGE('',*,*,#11051,.F.);
#11053=ORIENTED_EDGE('',*,*,#5406,.F.);
#11054=EDGE_LOOP('',(#11046,#11047,#11052,#11053));
#11055=FACE_OUTER_BOUND('',#11054,.T.);
#11056=ADVANCED_FACE('',(#11055),#11045,.T.);
#11057=DIRECTION('',(-0.391063,0.920364,0));
#11058=DIRECTION('',(0,-0,1));
#11059=AXIS2_PLACEMENT_3D('',#1886,#11057,#11058);
#11060=PLANE('',#11059);
#11061=ORIENTED_EDGE('',*,*,#7227,.T.);
#11062=DIRECTION('',(0,0,1));
#11063=VECTOR('',#11062,9.6);
#11064=LINE('',#1816,#11063);
#11065=EDGE_CURVE('',#1817,#1889,#11064,.T.);
#11066=ORIENTED_EDGE('',*,*,#11065,.F.);
#11067=ORIENTED_EDGE('',*,*,#5411,.F.);
#11068=ORIENTED_EDGE('',*,*,#11051,.T.);
#11069=EDGE_LOOP('',(#11061,#11066,#11067,#11068));
#11070=FACE_OUTER_BOUND('',#11069,.T.);
#11071=ADVANCED_FACE('',(#11070),#11060,.T.);
#11072=DIRECTION('',(-0.399752,0.916623,0));
#11073=DIRECTION('',(0,-0,1));
#11074=AXIS2_PLACEMENT_3D('',#1888,#11072,#11073);
#11075=PLANE('',#11074);
#11076=ORIENTED_EDGE('',*,*,#7222,.T.);
#11077=DIRECTION('',(0,0,1));
#11078=VECTOR('',#11077,9.6);
#11079=LINE('',#1818,#11078);
#11080=EDGE_CURVE('',#1819,#1891,#11079,.T.);
#11081=ORIENTED_EDGE('',*,*,#11080,.F.);
#11082=ORIENTED_EDGE('',*,*,#5416,.F.);
#11083=ORIENTED_EDGE('',*,*,#11065,.T.);
#11084=EDGE_LOOP('',(#11076,#11081,#11082,#11083));
#11085=FACE_OUTER_BOUND('',#11084,.T.);
#11086=ADVANCED_FACE('',(#11085),#11075,.T.);
#11087=DIRECTION('',(-0.408397,0.912804,0));
#11088=DIRECTION('',(0,-0,1));
#11089=AXIS2_PLACEMENT_3D('',#1818,#11087,#11088);
#11090=PLANE('',#11089);
#11091=ORIENTED_EDGE('',*,*,#11080,.T.);
#11092=ORIENTED_EDGE('',*,*,#7217,.T.);
#11093=DIRECTION('',(0,0,1));
#11094=VECTOR('',#11093,9.6);
#11095=LINE('',#1854,#11094);
#11096=EDGE_CURVE('',#1855,#1903,#11095,.T.);
#11097=ORIENTED_EDGE('',*,*,#11096,.F.);
#11098=ORIENTED_EDGE('',*,*,#5421,.F.);
#11099=EDGE_LOOP('',(#11091,#11092,#11097,#11098));
#11100=FACE_OUTER_BOUND('',#11099,.T.);
#11101=ADVANCED_FACE('',(#11100),#11090,.T.);
#11102=DIRECTION('',(0.399628,-0.916677,0));
#11103=DIRECTION('',(0,0,-1));
#11104=AXIS2_PLACEMENT_3D('',#1838,#11102,#11103);
#11105=PLANE('',#11104);
#11106=ORIENTED_EDGE('',*,*,#10800,.T.);
#11107=ORIENTED_EDGE('',*,*,#10767,.F.);
#11108=ORIENTED_EDGE('',*,*,#10378,.F.);
#11109=ORIENTED_EDGE('',*,*,#10805,.T.);
#11110=EDGE_LOOP('',(#11106,#11107,#11108,#11109));
#11111=FACE_OUTER_BOUND('',#11110,.T.);
#11112=ADVANCED_FACE('',(#11111),#11105,.T.);
#11113=DIRECTION('',(0.417007,-0.908903,0));
#11114=DIRECTION('',(0,0,-1));
#11115=AXIS2_PLACEMENT_3D('',#1832,#11113,#11114);
#11116=PLANE('',#11115);
#11117=DIRECTION('',(0,0,1));
#11118=VECTOR('',#11117,9.6);
#11119=LINE('',#1832,#11118);
#11120=EDGE_CURVE('',#1833,#1897,#11119,.T.);
#11121=ORIENTED_EDGE('',*,*,#11120,.T.);
#11122=ORIENTED_EDGE('',*,*,#7182,.F.);
#11123=ORIENTED_EDGE('',*,*,#10821,.F.);
#11124=ORIENTED_EDGE('',*,*,#10816,.F.);
#11125=DIRECTION('',(0.908903,0.417007,0));
#11126=VECTOR('',#11125,2.968495);
#11127=LINE('',#1362,#11126);
#11128=EDGE_CURVE('',#1363,#1365,#11127,.T.);
#11129=ORIENTED_EDGE('',*,*,#11128,.T.);
#11130=DIRECTION('',(0,0,1));
#11131=VECTOR('',#11130,13.099998);
#11132=LINE('',#1364,#11131);
#11133=EDGE_CURVE('',#1365,#1833,#11132,.T.);
#11134=ORIENTED_EDGE('',*,*,#11133,.T.);
#11135=EDGE_LOOP('',(#11121,#11122,#11123,#11124,#11129,#11134));
#11136=FACE_OUTER_BOUND('',#11135,.T.);
#11137=ADVANCED_FACE('',(#11136),#11116,.T.);
#11138=DIRECTION('',(0.42558,-0.904921,0));
#11139=DIRECTION('',(0,0,-1));
#11140=AXIS2_PLACEMENT_3D('',#1832,#11138,#11139);
#11141=PLANE('',#11140);
#11142=ORIENTED_EDGE('',*,*,#11133,.F.);
#11143=DIRECTION('',(0.904921,0.42558,0));
#11144=VECTOR('',#11143,2.968507);
#11145=LINE('',#1364,#11144);
#11146=EDGE_CURVE('',#1365,#1367,#11145,.T.);
#11147=ORIENTED_EDGE('',*,*,#11146,.T.);
#11148=DIRECTION('',(0,0,1));
#11149=VECTOR('',#11148,13.099998);
#11150=LINE('',#1366,#11149);
#11151=EDGE_CURVE('',#1367,#1835,#11150,.T.);
#11152=ORIENTED_EDGE('',*,*,#11151,.T.);
#11153=DIRECTION('',(0,0,1));
#11154=VECTOR('',#11153,9.6);
#11155=LINE('',#1834,#11154);
#11156=EDGE_CURVE('',#1835,#1899,#11155,.T.);
#11157=ORIENTED_EDGE('',*,*,#11156,.T.);
#11158=ORIENTED_EDGE('',*,*,#7187,.F.);
#11159=ORIENTED_EDGE('',*,*,#11120,.F.);
#11160=EDGE_LOOP('',(#11142,#11147,#11152,#11157,#11158,#11159));
#11161=FACE_OUTER_BOUND('',#11160,.T.);
#11162=ADVANCED_FACE('',(#11161),#11141,.T.);
#11163=DIRECTION('',(0.898794,0.438371,0.000001));
#11164=DIRECTION('',(0,-0.000002,1));
#11165=AXIS2_PLACEMENT_3D('',#1900,#11163,#11164);
#11166=PLANE('',#11165);
#11167=DIRECTION('',(0.234087,-0.479952,0.845488));
#11168=VECTOR('',#11167,11.236117);
#11169=LINE('',#1852,#11168);
#11170=EDGE_CURVE('',#1853,#1901,#11169,.T.);
#11171=ORIENTED_EDGE('',*,*,#11170,.F.);
#11172=ORIENTED_EDGE('',*,*,#10834,.T.);
#11173=ORIENTED_EDGE('',*,*,#10851,.T.);
#11174=EDGE_LOOP('',(#11171,#11172,#11173));
#11175=FACE_OUTER_BOUND('',#11174,.T.);
#11176=ADVANCED_FACE('',(#11175),#11166,.T.);
#11177=DIRECTION('',(0.434114,-0.900858,0));
#11178=DIRECTION('',(0,0,-1));
#11179=AXIS2_PLACEMENT_3D('',#1366,#11177,#11178);
#11180=PLANE('',#11179);
#11181=DIRECTION('',(0.900858,0.434114,0));
#11182=VECTOR('',#11181,2.968497);
#11183=LINE('',#1366,#11182);
#11184=EDGE_CURVE('',#1367,#1375,#11183,.T.);
#11185=ORIENTED_EDGE('',*,*,#11184,.T.);
#11186=DIRECTION('',(0,0,1));
#11187=VECTOR('',#11186,13.099998);
#11188=LINE('',#1374,#11187);
#11189=EDGE_CURVE('',#1375,#1847,#11188,.T.);
#11190=ORIENTED_EDGE('',*,*,#11189,.T.);
#11191=DIRECTION('',(0,0,1));
#11192=VECTOR('',#11191,0.1);
#11193=LINE('',#1846,#11192);
#11194=EDGE_CURVE('',#1847,#1849,#11193,.T.);
#11195=ORIENTED_EDGE('',*,*,#11194,.T.);
#11196=DIRECTION('',(0,0,1));
#11197=VECTOR('',#11196,9.5);
#11198=LINE('',#1848,#11197);
#11199=EDGE_CURVE('',#1849,#1901,#11198,.T.);
#11200=ORIENTED_EDGE('',*,*,#11199,.T.);
#11201=ORIENTED_EDGE('',*,*,#7192,.F.);
#11202=ORIENTED_EDGE('',*,*,#11156,.F.);
#11203=ORIENTED_EDGE('',*,*,#11151,.F.);
#11204=EDGE_LOOP('',(#11185,#11190,#11195,#11200,#11201,#11202,#11203));
#11205=FACE_OUTER_BOUND('',#11204,.T.);
#11206=ADVANCED_FACE('',(#11205),#11180,.T.);
#11207=DIRECTION('',(0.898794,0.43837,0));
#11208=DIRECTION('',(0,0,1));
#11209=AXIS2_PLACEMENT_3D('',#1376,#11207,#11208);
#11210=PLANE('',#11209);
#11211=DIRECTION('',(0,0,1));
#11212=VECTOR('',#11211,13.099998);
#11213=LINE('',#1376,#11212);
#11214=EDGE_CURVE('',#1377,#1851,#11213,.T.);
#11215=ORIENTED_EDGE('',*,*,#11214,.T.);
#11216=ORIENTED_EDGE('',*,*,#10839,.T.);
#11217=ORIENTED_EDGE('',*,*,#11170,.T.);
#11218=ORIENTED_EDGE('',*,*,#11199,.F.);
#11219=ORIENTED_EDGE('',*,*,#11194,.F.);
#11220=ORIENTED_EDGE('',*,*,#11189,.F.);
#11221=DIRECTION('',(-0.43837,0.898794,0));
#11222=VECTOR('',#11221,6.000028);
#11223=LINE('',#1374,#11222);
#11224=EDGE_CURVE('',#1375,#1377,#11223,.T.);
#11225=ORIENTED_EDGE('',*,*,#11224,.T.);
#11226=EDGE_LOOP('',(#11215,#11216,#11217,#11218,#11219,#11220,#11225));
#11227=FACE_OUTER_BOUND('',#11226,.T.);
#11228=ADVANCED_FACE('',(#11227),#11210,.T.);
#11229=DIRECTION('',(-0.417009,0.908903,0));
#11230=DIRECTION('',(0,-0,1));
#11231=AXIS2_PLACEMENT_3D('',#1902,#11229,#11230);
#11232=PLANE('',#11231);
#11233=ORIENTED_EDGE('',*,*,#7212,.T.);
#11234=DIRECTION('',(0,0,1));
#11235=VECTOR('',#11234,9.6);
#11236=LINE('',#1856,#11235);
#11237=EDGE_CURVE('',#1857,#1905,#11236,.T.);
#11238=ORIENTED_EDGE('',*,*,#11237,.F.);
#11239=ORIENTED_EDGE('',*,*,#5426,.F.);
#11240=ORIENTED_EDGE('',*,*,#11096,.T.);
#11241=EDGE_LOOP('',(#11233,#11238,#11239,#11240));
#11242=FACE_OUTER_BOUND('',#11241,.T.);
#11243=ADVANCED_FACE('',(#11242),#11232,.T.);
#11244=DIRECTION('',(-0.425583,0.904919,0));
#11245=DIRECTION('',(0,-0,1));
#11246=AXIS2_PLACEMENT_3D('',#1858,#11244,#11245);
#11247=PLANE('',#11246);
#11248=ORIENTED_EDGE('',*,*,#5431,.F.);
#11249=ORIENTED_EDGE('',*,*,#11237,.T.);
#11250=ORIENTED_EDGE('',*,*,#7207,.T.);
#11251=DIRECTION('',(0,0,1));
#11252=VECTOR('',#11251,9.6);
#11253=LINE('',#1858,#11252);
#11254=EDGE_CURVE('',#1859,#1907,#11253,.T.);
#11255=ORIENTED_EDGE('',*,*,#11254,.F.);
#11256=EDGE_LOOP('',(#11248,#11249,#11250,#11255));
#11257=FACE_OUTER_BOUND('',#11256,.T.);
#11258=ADVANCED_FACE('',(#11257),#11247,.T.);
#11259=DIRECTION('',(-0.434116,0.900857,0));
#11260=DIRECTION('',(0,-0,1));
#11261=AXIS2_PLACEMENT_3D('',#1860,#11259,#11260);
#11262=PLANE('',#11261);
#11263=ORIENTED_EDGE('',*,*,#5436,.F.);
#11264=ORIENTED_EDGE('',*,*,#11254,.T.);
#11265=ORIENTED_EDGE('',*,*,#7202,.T.);
#11266=ORIENTED_EDGE('',*,*,#10856,.F.);
#11267=EDGE_LOOP('',(#11263,#11264,#11265,#11266));
#11268=FACE_OUTER_BOUND('',#11267,.T.);
#11269=ADVANCED_FACE('',(#11268),#11262,.T.);
#11270=DIRECTION('',(0,0,-1));
#11271=DIRECTION('',(-0,1,0));
#11272=AXIS2_PLACEMENT_3D('',#268,#11270,#11271);
#11273=PLANE('',#11272);
#11274=DIRECTION('',(0.955987,-0.293408,0));
#11275=VECTOR('',#11274,2.911778);
#11276=LINE('',#268,#11275);
#11277=EDGE_CURVE('',#269,#273,#11276,.T.);
#11278=ORIENTED_EDGE('',*,*,#11277,.T.);
#11279=DIRECTION('',(0.958716,-0.284364,0));
#11280=VECTOR('',#11279,2.911773);
#11281=LINE('',#272,#11280);
#11282=EDGE_CURVE('',#273,#275,#11281,.T.);
#11283=ORIENTED_EDGE('',*,*,#11282,.T.);
#11284=DIRECTION('',(-0.961362,0.275287,0));
#11285=VECTOR('',#11284,2.911783);
#11286=LINE('',#262,#11285);
#11287=EDGE_CURVE('',#263,#275,#11286,.T.);
#11288=ORIENTED_EDGE('',*,*,#11287,.F.);
#11289=DIRECTION('',(0.963921,-0.26619,0));
#11290=VECTOR('',#11289,2.91178);
#11291=LINE('',#262,#11290);
#11292=EDGE_CURVE('',#263,#267,#11291,.T.);
#11293=ORIENTED_EDGE('',*,*,#11292,.T.);
#11294=DIRECTION('',(-0.966395,0.257061,0));
#11295=VECTOR('',#11294,2.911784);
#11296=LINE('',#264,#11295);
#11297=EDGE_CURVE('',#265,#267,#11296,.T.);
#11298=ORIENTED_EDGE('',*,*,#11297,.F.);
#11299=DIRECTION('',(0.96878,-0.247921,0));
#11300=VECTOR('',#11299,2.911783);
#11301=LINE('',#264,#11300);
#11302=EDGE_CURVE('',#265,#345,#11301,.T.);
#11303=ORIENTED_EDGE('',*,*,#11302,.T.);
#11304=DIRECTION('',(0.971083,-0.238741,0));
#11305=VECTOR('',#11304,2.911775);
#11306=LINE('',#344,#11305);
#11307=EDGE_CURVE('',#345,#347,#11306,.T.);
#11308=ORIENTED_EDGE('',*,*,#11307,.T.);
#11309=DIRECTION('',(-0.973295,0.229559,0));
#11310=VECTOR('',#11309,2.911783);
#11311=LINE('',#342,#11310);
#11312=EDGE_CURVE('',#343,#347,#11311,.T.);
#11313=ORIENTED_EDGE('',*,*,#11312,.F.);
#11314=DIRECTION('',(0.975424,-0.220337,0));
#11315=VECTOR('',#11314,2.911778);
#11316=LINE('',#342,#11315);
#11317=EDGE_CURVE('',#343,#349,#11316,.T.);
#11318=ORIENTED_EDGE('',*,*,#11317,.T.);
#11319=DIRECTION('',(0.977462,-0.211113,0));
#11320=VECTOR('',#11319,2.911784);
#11321=LINE('',#348,#11320);
#11322=EDGE_CURVE('',#349,#351,#11321,.T.);
#11323=ORIENTED_EDGE('',*,*,#11322,.T.);
#11324=DIRECTION('',(0.979415,-0.201859,0));
#11325=VECTOR('',#11324,2.911777);
#11326=LINE('',#350,#11325);
#11327=EDGE_CURVE('',#351,#355,#11326,.T.);
#11328=ORIENTED_EDGE('',*,*,#11327,.T.);
#11329=DIRECTION('',(-0.981279,0.192594,0));
#11330=VECTOR('',#11329,2.911778);
#11331=LINE('',#352,#11330);
#11332=EDGE_CURVE('',#353,#355,#11331,.T.);
#11333=ORIENTED_EDGE('',*,*,#11332,.F.);
#11334=DIRECTION('',(0.983056,-0.183308,0));
#11335=VECTOR('',#11334,2.911781);
#11336=LINE('',#352,#11335);
#11337=EDGE_CURVE('',#353,#357,#11336,.T.);
#11338=ORIENTED_EDGE('',*,*,#11337,.T.);
#11339=DIRECTION('',(0.984744,-0.174011,0));
#11340=VECTOR('',#11339,2.911782);
#11341=LINE('',#356,#11340);
#11342=EDGE_CURVE('',#357,#359,#11341,.T.);
#11343=ORIENTED_EDGE('',*,*,#11342,.T.);
#11344=DIRECTION('',(0.986346,-0.164684,0));
#11345=VECTOR('',#11344,2.911781);
#11346=LINE('',#358,#11345);
#11347=EDGE_CURVE('',#359,#361,#11346,.T.);
#11348=ORIENTED_EDGE('',*,*,#11347,.T.);
#11349=DIRECTION('',(-0.987857,0.155366,0));
#11350=VECTOR('',#11349,2.911785);
#11351=LINE('',#336,#11350);
#11352=EDGE_CURVE('',#337,#361,#11351,.T.);
#11353=ORIENTED_EDGE('',*,*,#11352,.F.);
#11354=DIRECTION('',(0.989284,-0.146007,0));
#11355=VECTOR('',#11354,2.911777);
#11356=LINE('',#336,#11355);
#11357=EDGE_CURVE('',#337,#339,#11356,.T.);
#11358=ORIENTED_EDGE('',*,*,#11357,.T.);
#11359=DIRECTION('',(0.99062,-0.136648,0));
#11360=VECTOR('',#11359,2.911778);
#11361=LINE('',#338,#11360);
#11362=EDGE_CURVE('',#339,#341,#11361,.T.);
#11363=ORIENTED_EDGE('',*,*,#11362,.T.);
#11364=DIRECTION('',(0.991866,-0.127288,0));
#11365=VECTOR('',#11364,2.911785);
#11366=LINE('',#340,#11365);
#11367=EDGE_CURVE('',#341,#377,#11366,.T.);
#11368=ORIENTED_EDGE('',*,*,#11367,.T.);
#11369=DIRECTION('',(0.993026,-0.117898,0));
#11370=VECTOR('',#11369,2.911779);
#11371=LINE('',#376,#11370);
#11372=EDGE_CURVE('',#377,#379,#11371,.T.);
#11373=ORIENTED_EDGE('',*,*,#11372,.T.);
#11374=DIRECTION('',(0.994096,-0.108507,0));
#11375=VECTOR('',#11374,2.911779);
#11376=LINE('',#378,#11375);
#11377=EDGE_CURVE('',#379,#381,#11376,.T.);
#11378=ORIENTED_EDGE('',*,*,#11377,.T.);
#11379=DIRECTION('',(0.995078,-0.099095,0));
#11380=VECTOR('',#11379,2.91178);
#11381=LINE('',#380,#11380);
#11382=EDGE_CURVE('',#381,#383,#11381,.T.);
#11383=ORIENTED_EDGE('',*,*,#11382,.T.);
#11384=DIRECTION('',(0.995969,-0.089694,0));
#11385=VECTOR('',#11384,2.91178);
#11386=LINE('',#382,#11385);
#11387=EDGE_CURVE('',#383,#385,#11386,.T.);
#11388=ORIENTED_EDGE('',*,*,#11387,.T.);
#11389=DIRECTION('',(0.996773,-0.080272,0));
#11390=VECTOR('',#11389,2.91178);
#11391=LINE('',#384,#11390);
#11392=EDGE_CURVE('',#385,#387,#11391,.T.);
#11393=ORIENTED_EDGE('',*,*,#11392,.T.);
#11394=DIRECTION('',(0.997488,-0.070839,0));
#11395=VECTOR('',#11394,2.91178);
#11396=LINE('',#386,#11395);
#11397=EDGE_CURVE('',#387,#389,#11396,.T.);
#11398=ORIENTED_EDGE('',*,*,#11397,.T.);
#11399=DIRECTION('',(0.998112,-0.061417,0));
#11400=VECTOR('',#11399,2.911781);
#11401=LINE('',#388,#11400);
#11402=EDGE_CURVE('',#389,#403,#11401,.T.);
#11403=ORIENTED_EDGE('',*,*,#11402,.T.);
#11404=DIRECTION('',(0.998648,-0.051974,0));
#11405=VECTOR('',#11404,2.91178);
#11406=LINE('',#402,#11405);
#11407=EDGE_CURVE('',#403,#405,#11406,.T.);
#11408=ORIENTED_EDGE('',*,*,#11407,.T.);
#11409=DIRECTION('',(0.999095,-0.042531,0));
#11410=VECTOR('',#11409,2.91178);
#11411=LINE('',#404,#11410);
#11412=EDGE_CURVE('',#405,#407,#11411,.T.);
#11413=ORIENTED_EDGE('',*,*,#11412,.T.);
#11414=DIRECTION('',(0.999453,-0.033077,0));
#11415=VECTOR('',#11414,2.91178);
#11416=LINE('',#406,#11415);
#11417=EDGE_CURVE('',#407,#409,#11416,.T.);
#11418=ORIENTED_EDGE('',*,*,#11417,.T.);
#11419=DIRECTION('',(0.999721,-0.023634,0));
#11420=VECTOR('',#11419,2.91178);
#11421=LINE('',#408,#11420);
#11422=EDGE_CURVE('',#409,#411,#11421,.T.);
#11423=ORIENTED_EDGE('',*,*,#11422,.T.);
#11424=DIRECTION('',(0.999899,-0.01418,0));
#11425=VECTOR('',#11424,2.91178);
#11426=LINE('',#410,#11425);
#11427=EDGE_CURVE('',#411,#413,#11426,.T.);
#11428=ORIENTED_EDGE('',*,*,#11427,.T.);
#11429=DIRECTION('',(0.999989,-0.004727,0));
#11430=VECTOR('',#11429,2.91178);
#11431=LINE('',#412,#11430);
#11432=EDGE_CURVE('',#413,#1187,#11431,.T.);
#11433=ORIENTED_EDGE('',*,*,#11432,.T.);
#11434=ORIENTED_EDGE('',*,*,#1976,.F.);
#11435=DIRECTION('',(0.981282,-0.192578,0));
#11436=VECTOR('',#11435,0.871259);
#11437=LINE('',#318,#11436);
#11438=EDGE_CURVE('',#319,#321,#11437,.T.);
#11439=ORIENTED_EDGE('',*,*,#11438,.F.);
#11440=DIRECTION('',(0.979413,-0.201867,0));
#11441=VECTOR('',#11440,2.968507);
#11442=LINE('',#316,#11441);
#11443=EDGE_CURVE('',#317,#319,#11442,.T.);
#11444=ORIENTED_EDGE('',*,*,#11443,.F.);
#11445=ORIENTED_EDGE('',*,*,#8206,.F.);
#11446=ORIENTED_EDGE('',*,*,#8122,.T.);
#11447=DIRECTION('',(0.973296,-0.229552,0));
#11448=VECTOR('',#11447,2.968506);
#11449=LINE('',#308,#11448);
#11450=EDGE_CURVE('',#309,#313,#11449,.T.);
#11451=ORIENTED_EDGE('',*,*,#11450,.F.);
#11452=ORIENTED_EDGE('',*,*,#8060,.F.);
#11453=ORIENTED_EDGE('',*,*,#5124,.F.);
#11454=ORIENTED_EDGE('',*,*,#6473,.F.);
#11455=ORIENTED_EDGE('',*,*,#5082,.F.);
#11456=ORIENTED_EDGE('',*,*,#6457,.F.);
#11457=ORIENTED_EDGE('',*,*,#6401,.F.);
#11458=ORIENTED_EDGE('',*,*,#6367,.T.);
#11459=ORIENTED_EDGE('',*,*,#6430,.F.);
#11460=ORIENTED_EDGE('',*,*,#6260,.F.);
#11461=ORIENTED_EDGE('',*,*,#6307,.F.);
#11462=ORIENTED_EDGE('',*,*,#4883,.F.);
#11463=DIRECTION('',(-0.94105,0.338267,0));
#11464=VECTOR('',#11463,2.968512);
#11465=LINE('',#226,#11464);
#11466=EDGE_CURVE('',#227,#237,#11465,.T.);
#11467=ORIENTED_EDGE('',*,*,#11466,.T.);
#11468=ORIENTED_EDGE('',*,*,#5013,.F.);
#11469=DIRECTION('',(0.934492,-0.355983,0));
#11470=VECTOR('',#11469,2.968491);
#11471=LINE('',#232,#11470);
#11472=EDGE_CURVE('',#233,#235,#11471,.T.);
#11473=ORIENTED_EDGE('',*,*,#11472,.F.);
#11474=ORIENTED_EDGE('',*,*,#4937,.F.);
#11475=DIRECTION('',(-0.927593,0.373593,0));
#11476=VECTOR('',#11475,2.968496);
#11477=LINE('',#218,#11476);
#11478=EDGE_CURVE('',#219,#225,#11477,.T.);
#11479=ORIENTED_EDGE('',*,*,#11478,.T.);
#11480=ORIENTED_EDGE('',*,*,#6179,.F.);
#11481=ORIENTED_EDGE('',*,*,#4819,.F.);
#11482=ORIENTED_EDGE('',*,*,#6148,.T.);
#11483=ORIENTED_EDGE('',*,*,#7551,.F.);
#11484=ORIENTED_EDGE('',*,*,#7526,.F.);
#11485=ORIENTED_EDGE('',*,*,#7503,.F.);
#11486=ORIENTED_EDGE('',*,*,#7419,.F.);
#11487=ORIENTED_EDGE('',*,*,#7489,.T.);
#11488=DIRECTION('',(0.900854,-0.434122,0));
#11489=VECTOR('',#11488,2.911784);
#11490=LINE('',#278,#11489);
#11491=EDGE_CURVE('',#279,#301,#11490,.T.);
#11492=ORIENTED_EDGE('',*,*,#11491,.T.);
#11493=DIRECTION('',(-0.904921,0.42558,0));
#11494=VECTOR('',#11493,2.911783);
#11495=LINE('',#288,#11494);
#11496=EDGE_CURVE('',#289,#301,#11495,.T.);
#11497=ORIENTED_EDGE('',*,*,#11496,.F.);
#11498=DIRECTION('',(0.908903,-0.417008,0));
#11499=VECTOR('',#11498,2.911777);
#11500=LINE('',#288,#11499);
#11501=EDGE_CURVE('',#289,#291,#11500,.T.);
#11502=ORIENTED_EDGE('',*,*,#11501,.T.);
#11503=DIRECTION('',(0.912802,-0.408402,0));
#11504=VECTOR('',#11503,2.911784);
#11505=LINE('',#290,#11504);
#11506=EDGE_CURVE('',#291,#297,#11505,.T.);
#11507=ORIENTED_EDGE('',*,*,#11506,.T.);
#11508=DIRECTION('',(0.916626,-0.399746,0));
#11509=VECTOR('',#11508,2.911773);
#11510=LINE('',#296,#11509);
#11511=EDGE_CURVE('',#297,#299,#11510,.T.);
#11512=ORIENTED_EDGE('',*,*,#11511,.T.);
#11513=DIRECTION('',(-0.920362,0.391067,0));
#11514=VECTOR('',#11513,2.911782);
#11515=LINE('',#292,#11514);
#11516=EDGE_CURVE('',#293,#299,#11515,.T.);
#11517=ORIENTED_EDGE('',*,*,#11516,.F.);
#11518=DIRECTION('',(0.924019,-0.382347,0));
#11519=VECTOR('',#11518,2.911785);
#11520=LINE('',#292,#11519);
#11521=EDGE_CURVE('',#293,#295,#11520,.T.);
#11522=ORIENTED_EDGE('',*,*,#11521,.T.);
#11523=DIRECTION('',(0.927592,-0.373596,0));
#11524=VECTOR('',#11523,2.911781);
#11525=LINE('',#294,#11524);
#11526=EDGE_CURVE('',#295,#303,#11525,.T.);
#11527=ORIENTED_EDGE('',*,*,#11526,.T.);
#11528=DIRECTION('',(0.931084,-0.364804,0));
#11529=VECTOR('',#11528,2.911772);
#11530=LINE('',#302,#11529);
#11531=EDGE_CURVE('',#303,#305,#11530,.T.);
#11532=ORIENTED_EDGE('',*,*,#11531,.T.);
#11533=DIRECTION('',(-0.934487,0.355998,0));
#11534=VECTOR('',#11533,2.911792);
#11535=LINE('',#238,#11534);
#11536=EDGE_CURVE('',#239,#305,#11535,.T.);
#11537=ORIENTED_EDGE('',*,*,#11536,.F.);
#11538=DIRECTION('',(0.937816,-0.347133,0));
#11539=VECTOR('',#11538,2.911771);
#11540=LINE('',#238,#11539);
#11541=EDGE_CURVE('',#239,#245,#11540,.T.);
#11542=ORIENTED_EDGE('',*,*,#11541,.T.);
#11543=DIRECTION('',(-0.941051,0.338265,0));
#11544=VECTOR('',#11543,2.911782);
#11545=LINE('',#242,#11544);
#11546=EDGE_CURVE('',#243,#245,#11545,.T.);
#11547=ORIENTED_EDGE('',*,*,#11546,.F.);
#11548=DIRECTION('',(0.944209,-0.329347,0));
#11549=VECTOR('',#11548,2.911779);
#11550=LINE('',#242,#11549);
#11551=EDGE_CURVE('',#243,#247,#11550,.T.);
#11552=ORIENTED_EDGE('',*,*,#11551,.T.);
#11553=DIRECTION('',(-0.94728,0.320406,0));
#11554=VECTOR('',#11553,2.911786);
#11555=LINE('',#240,#11554);
#11556=EDGE_CURVE('',#241,#247,#11555,.T.);
#11557=ORIENTED_EDGE('',*,*,#11556,.F.);
#11558=DIRECTION('',(0.950267,-0.311435,0));
#11559=VECTOR('',#11558,2.911778);
#11560=LINE('',#240,#11559);
#11561=EDGE_CURVE('',#241,#271,#11560,.T.);
#11562=ORIENTED_EDGE('',*,*,#11561,.T.);
#11563=DIRECTION('',(-0.953168,0.302443,0));
#11564=VECTOR('',#11563,2.911779);
#11565=LINE('',#268,#11564);
#11566=EDGE_CURVE('',#269,#271,#11565,.T.);
#11567=ORIENTED_EDGE('',*,*,#11566,.F.);
#11568=EDGE_LOOP('',(#11278,#11283,#11288,#11293,#11298,#11303,#11308,#11313,#11318,#11323,#11328,#11333,#11338,#11343,#11348,#11353,#11358,#11363,#11368,#11373,#11378,#11383,#11388,#11393,#11398,#11403,#11408,#11413,#11418,#11423,#11428,#11433,#11434,#11439,#11444,#11445,#11446,#11451,#11452,#11453,#11454,#11455,#11456,#11457,#11458,#11459,#11460,#11461,#11462,#11467,#11468,#11473,#11474,#11479,#11480,#11481,#11482,#11483,#11484,#11485,#11486,#11487,#11492,#11497,#11502,#11507,#11512,#11517,#11522,#11527,#11532,#11537,#11542,#11547,#11552,#11557,#11562,#11567));
#11569=FACE_OUTER_BOUND('',#11568,.T.);
#11570=ADVANCED_FACE('',(#11569),#11273,.T.);
#11571=DIRECTION('',(0,0,-1));
#11572=DIRECTION('',(-0,1,0));
#11573=AXIS2_PLACEMENT_3D('',#1220,#11571,#11572);
#11574=PLANE('',#11573);
#11575=DIRECTION('',(0.995078,0.099095,0));
#11576=VECTOR('',#11575,2.91178);
#11577=LINE('',#1220,#11576);
#11578=EDGE_CURVE('',#1221,#1223,#11577,.T.);
#11579=ORIENTED_EDGE('',*,*,#11578,.T.);
#11580=DIRECTION('',(0.994096,0.108507,0));
#11581=VECTOR('',#11580,2.911779);
#11582=LINE('',#1222,#11581);
#11583=EDGE_CURVE('',#1223,#1225,#11582,.T.);
#11584=ORIENTED_EDGE('',*,*,#11583,.T.);
#11585=DIRECTION('',(0.993026,0.117898,0));
#11586=VECTOR('',#11585,2.911779);
#11587=LINE('',#1224,#11586);
#11588=EDGE_CURVE('',#1225,#1227,#11587,.T.);
#11589=ORIENTED_EDGE('',*,*,#11588,.T.);
#11590=DIRECTION('',(0.991866,0.127288,0));
#11591=VECTOR('',#11590,2.911785);
#11592=LINE('',#1226,#11591);
#11593=EDGE_CURVE('',#1227,#1235,#11592,.T.);
#11594=ORIENTED_EDGE('',*,*,#11593,.T.);
#11595=DIRECTION('',(0.99062,0.136648,0));
#11596=VECTOR('',#11595,2.911778);
#11597=LINE('',#1234,#11596);
#11598=EDGE_CURVE('',#1235,#1237,#11597,.T.);
#11599=ORIENTED_EDGE('',*,*,#11598,.T.);
#11600=DIRECTION('',(0.989284,0.146007,0));
#11601=VECTOR('',#11600,2.911777);
#11602=LINE('',#1236,#11601);
#11603=EDGE_CURVE('',#1237,#1239,#11602,.T.);
#11604=ORIENTED_EDGE('',*,*,#11603,.T.);
#11605=DIRECTION('',(0.987857,0.155366,0));
#11606=VECTOR('',#11605,2.911785);
#11607=LINE('',#1238,#11606);
#11608=EDGE_CURVE('',#1239,#1265,#11607,.T.);
#11609=ORIENTED_EDGE('',*,*,#11608,.T.);
#11610=DIRECTION('',(0.986346,0.164684,0));
#11611=VECTOR('',#11610,2.911781);
#11612=LINE('',#1264,#11611);
#11613=EDGE_CURVE('',#1265,#1267,#11612,.T.);
#11614=ORIENTED_EDGE('',*,*,#11613,.T.);
#11615=DIRECTION('',(0.984744,0.174011,0));
#11616=VECTOR('',#11615,2.911782);
#11617=LINE('',#1266,#11616);
#11618=EDGE_CURVE('',#1267,#1269,#11617,.T.);
#11619=ORIENTED_EDGE('',*,*,#11618,.T.);
#11620=DIRECTION('',(0.983056,0.183308,0));
#11621=VECTOR('',#11620,2.911781);
#11622=LINE('',#1268,#11621);
#11623=EDGE_CURVE('',#1269,#1271,#11622,.T.);
#11624=ORIENTED_EDGE('',*,*,#11623,.T.);
#11625=DIRECTION('',(0.981279,0.192594,0));
#11626=VECTOR('',#11625,2.911778);
#11627=LINE('',#1270,#11626);
#11628=EDGE_CURVE('',#1271,#1273,#11627,.T.);
#11629=ORIENTED_EDGE('',*,*,#11628,.T.);
#11630=DIRECTION('',(0.979415,0.201859,0));
#11631=VECTOR('',#11630,2.911777);
#11632=LINE('',#1272,#11631);
#11633=EDGE_CURVE('',#1273,#1275,#11632,.T.);
#11634=ORIENTED_EDGE('',*,*,#11633,.T.);
#11635=DIRECTION('',(0.977462,0.211113,0));
#11636=VECTOR('',#11635,2.911784);
#11637=LINE('',#1274,#11636);
#11638=EDGE_CURVE('',#1275,#1277,#11637,.T.);
#11639=ORIENTED_EDGE('',*,*,#11638,.T.);
#11640=DIRECTION('',(0.975424,0.220337,0));
#11641=VECTOR('',#11640,2.911778);
#11642=LINE('',#1276,#11641);
#11643=EDGE_CURVE('',#1277,#1279,#11642,.T.);
#11644=ORIENTED_EDGE('',*,*,#11643,.T.);
#11645=DIRECTION('',(0.973295,0.229559,0));
#11646=VECTOR('',#11645,2.911783);
#11647=LINE('',#1278,#11646);
#11648=EDGE_CURVE('',#1279,#1281,#11647,.T.);
#11649=ORIENTED_EDGE('',*,*,#11648,.T.);
#11650=DIRECTION('',(0.971083,0.238741,0));
#11651=VECTOR('',#11650,2.911775);
#11652=LINE('',#1280,#11651);
#11653=EDGE_CURVE('',#1281,#1283,#11652,.T.);
#11654=ORIENTED_EDGE('',*,*,#11653,.T.);
#11655=DIRECTION('',(0.96878,0.247921,0));
#11656=VECTOR('',#11655,2.911783);
#11657=LINE('',#1282,#11656);
#11658=EDGE_CURVE('',#1283,#1291,#11657,.T.);
#11659=ORIENTED_EDGE('',*,*,#11658,.T.);
#11660=DIRECTION('',(0.966395,0.257061,0));
#11661=VECTOR('',#11660,2.911784);
#11662=LINE('',#1290,#11661);
#11663=EDGE_CURVE('',#1291,#1293,#11662,.T.);
#11664=ORIENTED_EDGE('',*,*,#11663,.T.);
#11665=DIRECTION('',(0.963921,0.26619,0));
#11666=VECTOR('',#11665,2.91178);
#11667=LINE('',#1292,#11666);
#11668=EDGE_CURVE('',#1293,#1295,#11667,.T.);
#11669=ORIENTED_EDGE('',*,*,#11668,.T.);
#11670=DIRECTION('',(0.961362,0.275287,0));
#11671=VECTOR('',#11670,2.911783);
#11672=LINE('',#1294,#11671);
#11673=EDGE_CURVE('',#1295,#1305,#11672,.T.);
#11674=ORIENTED_EDGE('',*,*,#11673,.T.);
#11675=DIRECTION('',(0.958716,0.284364,0));
#11676=VECTOR('',#11675,2.911773);
#11677=LINE('',#1304,#11676);
#11678=EDGE_CURVE('',#1305,#1307,#11677,.T.);
#11679=ORIENTED_EDGE('',*,*,#11678,.T.);
#11680=DIRECTION('',(0.955987,0.293408,0));
#11681=VECTOR('',#11680,2.911778);
#11682=LINE('',#1306,#11681);
#11683=EDGE_CURVE('',#1307,#1309,#11682,.T.);
#11684=ORIENTED_EDGE('',*,*,#11683,.T.);
#11685=DIRECTION('',(0.953168,0.302443,0));
#11686=VECTOR('',#11685,2.911779);
#11687=LINE('',#1308,#11686);
#11688=EDGE_CURVE('',#1309,#1311,#11687,.T.);
#11689=ORIENTED_EDGE('',*,*,#11688,.T.);
#11690=DIRECTION('',(0.950267,0.311435,0));
#11691=VECTOR('',#11690,2.911778);
#11692=LINE('',#1310,#11691);
#11693=EDGE_CURVE('',#1311,#1319,#11692,.T.);
#11694=ORIENTED_EDGE('',*,*,#11693,.T.);
#11695=DIRECTION('',(0.94728,0.320406,0));
#11696=VECTOR('',#11695,2.911786);
#11697=LINE('',#1318,#11696);
#11698=EDGE_CURVE('',#1319,#1321,#11697,.T.);
#11699=ORIENTED_EDGE('',*,*,#11698,.T.);
#11700=DIRECTION('',(0.944209,0.329347,0));
#11701=VECTOR('',#11700,2.911779);
#11702=LINE('',#1320,#11701);
#11703=EDGE_CURVE('',#1321,#1323,#11702,.T.);
#11704=ORIENTED_EDGE('',*,*,#11703,.T.);
#11705=DIRECTION('',(0.941051,0.338265,0));
#11706=VECTOR('',#11705,2.911782);
#11707=LINE('',#1322,#11706);
#11708=EDGE_CURVE('',#1323,#1325,#11707,.T.);
#11709=ORIENTED_EDGE('',*,*,#11708,.T.);
#11710=DIRECTION('',(0.937816,0.347133,0));
#11711=VECTOR('',#11710,2.911771);
#11712=LINE('',#1324,#11711);
#11713=EDGE_CURVE('',#1325,#1333,#11712,.T.);
#11714=ORIENTED_EDGE('',*,*,#11713,.T.);
#11715=DIRECTION('',(0.934487,0.355998,0));
#11716=VECTOR('',#11715,2.911792);
#11717=LINE('',#1332,#11716);
#11718=EDGE_CURVE('',#1333,#1349,#11717,.T.);
#11719=ORIENTED_EDGE('',*,*,#11718,.T.);
#11720=DIRECTION('',(0.931084,0.364804,0));
#11721=VECTOR('',#11720,2.911772);
#11722=LINE('',#1348,#11721);
#11723=EDGE_CURVE('',#1349,#1351,#11722,.T.);
#11724=ORIENTED_EDGE('',*,*,#11723,.T.);
#11725=DIRECTION('',(0.927592,0.373596,0));
#11726=VECTOR('',#11725,2.911781);
#11727=LINE('',#1350,#11726);
#11728=EDGE_CURVE('',#1351,#1353,#11727,.T.);
#11729=ORIENTED_EDGE('',*,*,#11728,.T.);
#11730=DIRECTION('',(0.924019,0.382347,0));
#11731=VECTOR('',#11730,2.911785);
#11732=LINE('',#1352,#11731);
#11733=EDGE_CURVE('',#1353,#1355,#11732,.T.);
#11734=ORIENTED_EDGE('',*,*,#11733,.T.);
#11735=DIRECTION('',(0.920362,0.391067,0));
#11736=VECTOR('',#11735,2.911782);
#11737=LINE('',#1354,#11736);
#11738=EDGE_CURVE('',#1355,#1357,#11737,.T.);
#11739=ORIENTED_EDGE('',*,*,#11738,.T.);
#11740=DIRECTION('',(0.916626,0.399746,0));
#11741=VECTOR('',#11740,2.911773);
#11742=LINE('',#1356,#11741);
#11743=EDGE_CURVE('',#1357,#1359,#11742,.T.);
#11744=ORIENTED_EDGE('',*,*,#11743,.T.);
#11745=DIRECTION('',(0.912802,0.408402,0));
#11746=VECTOR('',#11745,2.911784);
#11747=LINE('',#1358,#11746);
#11748=EDGE_CURVE('',#1359,#1369,#11747,.T.);
#11749=ORIENTED_EDGE('',*,*,#11748,.T.);
#11750=DIRECTION('',(0.908903,0.417008,0));
#11751=VECTOR('',#11750,2.911777);
#11752=LINE('',#1368,#11751);
#11753=EDGE_CURVE('',#1369,#1371,#11752,.T.);
#11754=ORIENTED_EDGE('',*,*,#11753,.T.);
#11755=DIRECTION('',(0.904921,0.42558,0));
#11756=VECTOR('',#11755,2.911783);
#11757=LINE('',#1370,#11756);
#11758=EDGE_CURVE('',#1371,#1373,#11757,.T.);
#11759=ORIENTED_EDGE('',*,*,#11758,.T.);
#11760=DIRECTION('',(0.900854,0.434122,0));
#11761=VECTOR('',#11760,2.911784);
#11762=LINE('',#1372,#11761);
#11763=EDGE_CURVE('',#1373,#1377,#11762,.T.);
#11764=ORIENTED_EDGE('',*,*,#11763,.T.);
#11765=ORIENTED_EDGE('',*,*,#11224,.F.);
#11766=ORIENTED_EDGE('',*,*,#11184,.F.);
#11767=ORIENTED_EDGE('',*,*,#11146,.F.);
#11768=ORIENTED_EDGE('',*,*,#11128,.F.);
#11769=ORIENTED_EDGE('',*,*,#10811,.F.);
#11770=ORIENTED_EDGE('',*,*,#10782,.F.);
#11771=ORIENTED_EDGE('',*,*,#10729,.F.);
#11772=ORIENTED_EDGE('',*,*,#10705,.F.);
#11773=ORIENTED_EDGE('',*,*,#10685,.F.);
#11774=ORIENTED_EDGE('',*,*,#10643,.F.);
#11775=ORIENTED_EDGE('',*,*,#10351,.F.);
#11776=DIRECTION('',(0.937813,0.34714,0));
#11777=VECTOR('',#11776,2.968506);
#11778=LINE('',#1326,#11777);
#11779=EDGE_CURVE('',#1327,#1329,#11778,.T.);
#11780=ORIENTED_EDGE('',*,*,#11779,.F.);
#11781=ORIENTED_EDGE('',*,*,#10590,.F.);
#11782=ORIENTED_EDGE('',*,*,#10291,.F.);
#11783=ORIENTED_EDGE('',*,*,#10576,.F.);
#11784=ORIENTED_EDGE('',*,*,#10540,.F.);
#11785=ORIENTED_EDGE('',*,*,#10517,.F.);
#11786=ORIENTED_EDGE('',*,*,#10489,.F.);
#11787=ORIENTED_EDGE('',*,*,#10464,.F.);
#11788=ORIENTED_EDGE('',*,*,#10258,.F.);
#11789=ORIENTED_EDGE('',*,*,#10447,.F.);
#11790=ORIENTED_EDGE('',*,*,#10423,.F.);
#11791=ORIENTED_EDGE('',*,*,#10391,.F.);
#11792=ORIENTED_EDGE('',*,*,#9785,.F.);
#11793=ORIENTED_EDGE('',*,*,#9747,.F.);
#11794=ORIENTED_EDGE('',*,*,#9724,.F.);
#11795=ORIENTED_EDGE('',*,*,#9698,.F.);
#11796=ORIENTED_EDGE('',*,*,#9672,.F.);
#11797=DIRECTION('',(0.981282,0.192578,0));
#11798=VECTOR('',#11797,0.871259);
#11799=LINE('',#1248,#11798);
#11800=EDGE_CURVE('',#1249,#1253,#11799,.T.);
#11801=ORIENTED_EDGE('',*,*,#11800,.F.);
#11802=ORIENTED_EDGE('',*,*,#1981,.F.);
#11803=DIRECTION('',(0.999989,0.004727,0));
#11804=VECTOR('',#11803,2.91178);
#11805=LINE('',#1186,#11804);
#11806=EDGE_CURVE('',#1187,#1189,#11805,.T.);
#11807=ORIENTED_EDGE('',*,*,#11806,.T.);
#11808=DIRECTION('',(0.999899,0.01418,0));
#11809=VECTOR('',#11808,2.91178);
#11810=LINE('',#1188,#11809);
#11811=EDGE_CURVE('',#1189,#1191,#11810,.T.);
#11812=ORIENTED_EDGE('',*,*,#11811,.T.);
#11813=DIRECTION('',(0.999721,0.023634,0));
#11814=VECTOR('',#11813,2.91178);
#11815=LINE('',#1190,#11814);
#11816=EDGE_CURVE('',#1191,#1193,#11815,.T.);
#11817=ORIENTED_EDGE('',*,*,#11816,.T.);
#11818=DIRECTION('',(0.999453,0.033077,0));
#11819=VECTOR('',#11818,2.91178);
#11820=LINE('',#1192,#11819);
#11821=EDGE_CURVE('',#1193,#1195,#11820,.T.);
#11822=ORIENTED_EDGE('',*,*,#11821,.T.);
#11823=DIRECTION('',(0.999095,0.042531,0));
#11824=VECTOR('',#11823,2.91178);
#11825=LINE('',#1194,#11824);
#11826=EDGE_CURVE('',#1195,#1197,#11825,.T.);
#11827=ORIENTED_EDGE('',*,*,#11826,.T.);
#11828=DIRECTION('',(0.998648,0.051974,0));
#11829=VECTOR('',#11828,2.91178);
#11830=LINE('',#1196,#11829);
#11831=EDGE_CURVE('',#1197,#1199,#11830,.T.);
#11832=ORIENTED_EDGE('',*,*,#11831,.T.);
#11833=DIRECTION('',(0.998112,0.061417,0));
#11834=VECTOR('',#11833,2.911781);
#11835=LINE('',#1198,#11834);
#11836=EDGE_CURVE('',#1199,#1209,#11835,.T.);
#11837=ORIENTED_EDGE('',*,*,#11836,.T.);
#11838=DIRECTION('',(0.997488,0.070839,0));
#11839=VECTOR('',#11838,2.91178);
#11840=LINE('',#1208,#11839);
#11841=EDGE_CURVE('',#1209,#1211,#11840,.T.);
#11842=ORIENTED_EDGE('',*,*,#11841,.T.);
#11843=DIRECTION('',(0.996773,0.080272,0));
#11844=VECTOR('',#11843,2.91178);
#11845=LINE('',#1210,#11844);
#11846=EDGE_CURVE('',#1211,#1213,#11845,.T.);
#11847=ORIENTED_EDGE('',*,*,#11846,.T.);
#11848=DIRECTION('',(0.995969,0.089694,0));
#11849=VECTOR('',#11848,2.91178);
#11850=LINE('',#1212,#11849);
#11851=EDGE_CURVE('',#1213,#1221,#11850,.T.);
#11852=ORIENTED_EDGE('',*,*,#11851,.T.);
#11853=EDGE_LOOP('',(#11579,#11584,#11589,#11594,#11599,#11604,#11609,#11614,#11619,#11624,#11629,#11634,#11639,#11644,#11649,#11654,#11659,#11664,#11669,#11674,#11679,#11684,#11689,#11694,#11699,#11704,#11709,#11714,#11719,#11724,#11729,#11734,#11739,#11744,#11749,#11754,#11759,#11764,#11765,#11766,#11767,#11768,#11769,#11770,#11771,#11772,#11773,#11774,#11775,#11780,#11781,#11782,#11783,#11784,#11785,#11786,#11787,#11788,#11789,#11790,#11791,#11792,#11793,#11794,#11795,#11796,#11801,#11802,#11807,#11812,#11817,#11822,#11827,#11832,#11837,#11842,#11847,#11852));
#11854=FACE_OUTER_BOUND('',#11853,.T.);
#11855=ADVANCED_FACE('',(#11854),#11574,.T.);
#11856=DIRECTION('',(-0.373593,-0.927593,0));
#11857=DIRECTION('',(0,-0,-1));
#11858=AXIS2_PLACEMENT_3D('',#218,#11856,#11857);
#11859=PLANE('',#11858);
#11860=ORIENTED_EDGE('',*,*,#4932,.T.);
#11861=ORIENTED_EDGE('',*,*,#4841,.T.);
#11862=ORIENTED_EDGE('',*,*,#6184,.F.);
#11863=ORIENTED_EDGE('',*,*,#11478,.F.);
#11864=EDGE_LOOP('',(#11860,#11861,#11862,#11863));
#11865=FACE_OUTER_BOUND('',#11864,.T.);
#11866=ADVANCED_FACE('',(#11865),#11859,.T.);
#11867=DIRECTION('',(-0.355983,-0.934492,0.000001));
#11868=DIRECTION('',(0,-0.000001,-1));
#11869=AXIS2_PLACEMENT_3D('',#232,#11867,#11868);
#11870=PLANE('',#11869);
#11871=ORIENTED_EDGE('',*,*,#11472,.T.);
#11872=DIRECTION('',(-0.205034,0.078106,0.975634));
#11873=VECTOR('',#11872,13.427171);
#11874=LINE('',#234,#11873);
#11875=EDGE_CURVE('',#235,#443,#11874,.T.);
#11876=ORIENTED_EDGE('',*,*,#11875,.T.);
#11877=ORIENTED_EDGE('',*,*,#4979,.F.);
#11878=EDGE_LOOP('',(#11871,#11876,#11877));
#11879=FACE_OUTER_BOUND('',#11878,.T.);
#11880=ADVANCED_FACE('',(#11879),#11870,.T.);
#11881=DIRECTION('',(-0.338267,-0.94105,0));
#11882=DIRECTION('',(0,-0,-1));
#11883=AXIS2_PLACEMENT_3D('',#236,#11881,#11882);
#11884=PLANE('',#11883);
#11885=ORIENTED_EDGE('',*,*,#11466,.F.);
#11886=ORIENTED_EDGE('',*,*,#4878,.T.);
#11887=ORIENTED_EDGE('',*,*,#5040,.T.);
#11888=ORIENTED_EDGE('',*,*,#5018,.F.);
#11889=EDGE_LOOP('',(#11885,#11886,#11887,#11888));
#11890=FACE_OUTER_BOUND('',#11889,.T.);
#11891=ADVANCED_FACE('',(#11890),#11884,.T.);
#11892=DIRECTION('',(0.355998,0.934487,-0));
#11893=DIRECTION('',(-0,0,1));
#11894=AXIS2_PLACEMENT_3D('',#454,#11892,#11893);
#11895=PLANE('',#11894);
#11896=DIRECTION('',(0,0,1));
#11897=VECTOR('',#11896,13.099998);
#11898=LINE('',#238,#11897);
#11899=EDGE_CURVE('',#239,#455,#11898,.T.);
#11900=ORIENTED_EDGE('',*,*,#11899,.F.);
#11901=ORIENTED_EDGE('',*,*,#11536,.T.);
#11902=DIRECTION('',(0,0,1));
#11903=VECTOR('',#11902,13.099998);
#11904=LINE('',#304,#11903);
#11905=EDGE_CURVE('',#305,#577,#11904,.T.);
#11906=ORIENTED_EDGE('',*,*,#11905,.T.);
#11907=ORIENTED_EDGE('',*,*,#5876,.F.);
#11908=EDGE_LOOP('',(#11900,#11901,#11906,#11907));
#11909=FACE_OUTER_BOUND('',#11908,.T.);
#11910=ADVANCED_FACE('',(#11909),#11895,.T.);
#11911=DIRECTION('',(0.347133,0.937816,-0));
#11912=DIRECTION('',(-0,0,1));
#11913=AXIS2_PLACEMENT_3D('',#460,#11911,#11912);
#11914=PLANE('',#11913);
#11915=DIRECTION('',(0,0,1));
#11916=VECTOR('',#11915,13.099998);
#11917=LINE('',#244,#11916);
#11918=EDGE_CURVE('',#245,#461,#11917,.T.);
#11919=ORIENTED_EDGE('',*,*,#11918,.F.);
#11920=ORIENTED_EDGE('',*,*,#11541,.F.);
#11921=ORIENTED_EDGE('',*,*,#11899,.T.);
#11922=ORIENTED_EDGE('',*,*,#5871,.T.);
#11923=EDGE_LOOP('',(#11919,#11920,#11921,#11922));
#11924=FACE_OUTER_BOUND('',#11923,.T.);
#11925=ADVANCED_FACE('',(#11924),#11914,.T.);
#11926=DIRECTION('',(0.320406,0.94728,-0));
#11927=DIRECTION('',(-0,0,1));
#11928=AXIS2_PLACEMENT_3D('',#240,#11926,#11927);
#11929=PLANE('',#11928);
#11930=ORIENTED_EDGE('',*,*,#11556,.T.);
#11931=DIRECTION('',(0,0,1));
#11932=VECTOR('',#11931,13.099998);
#11933=LINE('',#246,#11932);
#11934=EDGE_CURVE('',#247,#463,#11933,.T.);
#11935=ORIENTED_EDGE('',*,*,#11934,.T.);
#11936=ORIENTED_EDGE('',*,*,#5856,.F.);
#11937=DIRECTION('',(0,0,1));
#11938=VECTOR('',#11937,13.099998);
#11939=LINE('',#240,#11938);
#11940=EDGE_CURVE('',#241,#457,#11939,.T.);
#11941=ORIENTED_EDGE('',*,*,#11940,.F.);
#11942=EDGE_LOOP('',(#11930,#11935,#11936,#11941));
#11943=FACE_OUTER_BOUND('',#11942,.T.);
#11944=ADVANCED_FACE('',(#11943),#11929,.T.);
#11945=DIRECTION('',(0.338265,0.941051,0));
#11946=DIRECTION('',(0,0,1));
#11947=AXIS2_PLACEMENT_3D('',#242,#11945,#11946);
#11948=PLANE('',#11947);
#11949=ORIENTED_EDGE('',*,*,#11546,.T.);
#11950=ORIENTED_EDGE('',*,*,#11918,.T.);
#11951=ORIENTED_EDGE('',*,*,#5866,.F.);
#11952=DIRECTION('',(0,0,1));
#11953=VECTOR('',#11952,13.099998);
#11954=LINE('',#242,#11953);
#11955=EDGE_CURVE('',#243,#459,#11954,.T.);
#11956=ORIENTED_EDGE('',*,*,#11955,.F.);
#11957=EDGE_LOOP('',(#11949,#11950,#11951,#11956));
#11958=FACE_OUTER_BOUND('',#11957,.T.);
#11959=ADVANCED_FACE('',(#11958),#11948,.T.);
#11960=DIRECTION('',(0.329347,0.944209,-0));
#11961=DIRECTION('',(-0,0,1));
#11962=AXIS2_PLACEMENT_3D('',#458,#11960,#11961);
#11963=PLANE('',#11962);
#11964=ORIENTED_EDGE('',*,*,#5861,.T.);
#11965=ORIENTED_EDGE('',*,*,#11934,.F.);
#11966=ORIENTED_EDGE('',*,*,#11551,.F.);
#11967=ORIENTED_EDGE('',*,*,#11955,.T.);
#11968=EDGE_LOOP('',(#11964,#11965,#11966,#11967));
#11969=FACE_OUTER_BOUND('',#11968,.T.);
#11970=ADVANCED_FACE('',(#11969),#11963,.T.);
#11971=DIRECTION('',(0.275287,0.961362,0));
#11972=DIRECTION('',(0,0,1));
#11973=AXIS2_PLACEMENT_3D('',#274,#11971,#11972);
#11974=PLANE('',#11973);
#11975=DIRECTION('',(0,0,1));
#11976=VECTOR('',#11975,13.099998);
#11977=LINE('',#274,#11976);
#11978=EDGE_CURVE('',#275,#499,#11977,.T.);
#11979=ORIENTED_EDGE('',*,*,#11978,.T.);
#11980=ORIENTED_EDGE('',*,*,#5831,.F.);
#11981=DIRECTION('',(0,0,1));
#11982=VECTOR('',#11981,13.099998);
#11983=LINE('',#262,#11982);
#11984=EDGE_CURVE('',#263,#487,#11983,.T.);
#11985=ORIENTED_EDGE('',*,*,#11984,.F.);
#11986=ORIENTED_EDGE('',*,*,#11287,.T.);
#11987=EDGE_LOOP('',(#11979,#11980,#11985,#11986));
#11988=FACE_OUTER_BOUND('',#11987,.T.);
#11989=ADVANCED_FACE('',(#11988),#11974,.T.);
#11990=DIRECTION('',(0.26619,0.963921,-0));
#11991=DIRECTION('',(-0,0,1));
#11992=AXIS2_PLACEMENT_3D('',#490,#11990,#11991);
#11993=PLANE('',#11992);
#11994=DIRECTION('',(0,0,1));
#11995=VECTOR('',#11994,13.099998);
#11996=LINE('',#266,#11995);
#11997=EDGE_CURVE('',#267,#491,#11996,.T.);
#11998=ORIENTED_EDGE('',*,*,#11997,.F.);
#11999=ORIENTED_EDGE('',*,*,#11292,.F.);
#12000=ORIENTED_EDGE('',*,*,#11984,.T.);
#12001=ORIENTED_EDGE('',*,*,#5826,.T.);
#12002=EDGE_LOOP('',(#11998,#11999,#12000,#12001));
#12003=FACE_OUTER_BOUND('',#12002,.T.);
#12004=ADVANCED_FACE('',(#12003),#11993,.T.);
#12005=DIRECTION('',(0.257061,0.966395,-0));
#12006=DIRECTION('',(-0,0,1));
#12007=AXIS2_PLACEMENT_3D('',#266,#12005,#12006);
#12008=PLANE('',#12007);
#12009=ORIENTED_EDGE('',*,*,#11997,.T.);
#12010=ORIENTED_EDGE('',*,*,#5821,.F.);
#12011=DIRECTION('',(0,0,1));
#12012=VECTOR('',#12011,13.099998);
#12013=LINE('',#264,#12012);
#12014=EDGE_CURVE('',#265,#489,#12013,.T.);
#12015=ORIENTED_EDGE('',*,*,#12014,.F.);
#12016=ORIENTED_EDGE('',*,*,#11297,.T.);
#12017=EDGE_LOOP('',(#12009,#12010,#12015,#12016));
#12018=FACE_OUTER_BOUND('',#12017,.T.);
#12019=ADVANCED_FACE('',(#12018),#12008,.T.);
#12020=DIRECTION('',(0.311435,0.950267,-0));
#12021=DIRECTION('',(-0,0,1));
#12022=AXIS2_PLACEMENT_3D('',#494,#12020,#12021);
#12023=PLANE('',#12022);
#12024=DIRECTION('',(0,0,1));
#12025=VECTOR('',#12024,13.099998);
#12026=LINE('',#270,#12025);
#12027=EDGE_CURVE('',#271,#495,#12026,.T.);
#12028=ORIENTED_EDGE('',*,*,#12027,.F.);
#12029=ORIENTED_EDGE('',*,*,#11561,.F.);
#12030=ORIENTED_EDGE('',*,*,#11940,.T.);
#12031=ORIENTED_EDGE('',*,*,#5851,.T.);
#12032=EDGE_LOOP('',(#12028,#12029,#12030,#12031));
#12033=FACE_OUTER_BOUND('',#12032,.T.);
#12034=ADVANCED_FACE('',(#12033),#12023,.T.);
#12035=DIRECTION('',(0.302443,0.953168,-0));
#12036=DIRECTION('',(-0,0,1));
#12037=AXIS2_PLACEMENT_3D('',#268,#12035,#12036);
#12038=PLANE('',#12037);
#12039=ORIENTED_EDGE('',*,*,#11566,.T.);
#12040=ORIENTED_EDGE('',*,*,#12027,.T.);
#12041=ORIENTED_EDGE('',*,*,#5846,.F.);
#12042=DIRECTION('',(0,0,1));
#12043=VECTOR('',#12042,13.099998);
#12044=LINE('',#268,#12043);
#12045=EDGE_CURVE('',#269,#493,#12044,.T.);
#12046=ORIENTED_EDGE('',*,*,#12045,.F.);
#12047=EDGE_LOOP('',(#12039,#12040,#12041,#12046));
#12048=FACE_OUTER_BOUND('',#12047,.T.);
#12049=ADVANCED_FACE('',(#12048),#12038,.T.);
#12050=DIRECTION('',(0.293408,0.955987,-0));
#12051=DIRECTION('',(-0,0,1));
#12052=AXIS2_PLACEMENT_3D('',#492,#12050,#12051);
#12053=PLANE('',#12052);
#12054=ORIENTED_EDGE('',*,*,#5841,.T.);
#12055=DIRECTION('',(0,0,1));
#12056=VECTOR('',#12055,13.099998);
#12057=LINE('',#272,#12056);
#12058=EDGE_CURVE('',#273,#497,#12057,.T.);
#12059=ORIENTED_EDGE('',*,*,#12058,.F.);
#12060=ORIENTED_EDGE('',*,*,#11277,.F.);
#12061=ORIENTED_EDGE('',*,*,#12045,.T.);
#12062=EDGE_LOOP('',(#12054,#12059,#12060,#12061));
#12063=FACE_OUTER_BOUND('',#12062,.T.);
#12064=ADVANCED_FACE('',(#12063),#12053,.T.);
#12065=DIRECTION('',(0.284364,0.958716,-0));
#12066=DIRECTION('',(-0,0,1));
#12067=AXIS2_PLACEMENT_3D('',#274,#12065,#12066);
#12068=PLANE('',#12067);
#12069=ORIENTED_EDGE('',*,*,#11282,.F.);
#12070=ORIENTED_EDGE('',*,*,#12058,.T.);
#12071=ORIENTED_EDGE('',*,*,#5836,.T.);
#12072=ORIENTED_EDGE('',*,*,#11978,.F.);
#12073=EDGE_LOOP('',(#12069,#12070,#12071,#12072));
#12074=FACE_OUTER_BOUND('',#12073,.T.);
#12075=ADVANCED_FACE('',(#12074),#12068,.T.);
#12076=DIRECTION('',(-0.320296,-0.947317,0));
#12077=DIRECTION('',(0,-0,-1));
#12078=AXIS2_PLACEMENT_3D('',#228,#12076,#12077);
#12079=PLANE('',#12078);
#12080=ORIENTED_EDGE('',*,*,#6302,.T.);
#12081=ORIENTED_EDGE('',*,*,#4915,.T.);
#12082=ORIENTED_EDGE('',*,*,#4893,.F.);
#12083=ORIENTED_EDGE('',*,*,#4888,.F.);
#12084=EDGE_LOOP('',(#12080,#12081,#12082,#12083));
#12085=FACE_OUTER_BOUND('',#12084,.T.);
#12086=ADVANCED_FACE('',(#12085),#12079,.T.);
#12087=DIRECTION('',(-0.320402,-0.947282,0));
#12088=DIRECTION('',(0,-0,-1));
#12089=AXIS2_PLACEMENT_3D('',#436,#12087,#12088);
#12090=PLANE('',#12089);
#12091=ORIENTED_EDGE('',*,*,#4920,.F.);
#12092=ORIENTED_EDGE('',*,*,#6312,.F.);
#12093=ORIENTED_EDGE('',*,*,#6255,.T.);
#12094=EDGE_LOOP('',(#12091,#12092,#12093));
#12095=FACE_OUTER_BOUND('',#12094,.T.);
#12096=ADVANCED_FACE('',(#12095),#12090,.T.);
#12097=DIRECTION('',(-0.355985,-0.934492,0));
#12098=DIRECTION('',(0,-0,-1));
#12099=AXIS2_PLACEMENT_3D('',#452,#12097,#12098);
#12100=PLANE('',#12099);
#12101=DIRECTION('',(0.933954,-0.355781,0.033925));
#12102=VECTOR('',#12101,2.947707);
#12103=LINE('',#442,#12102);
#12104=EDGE_CURVE('',#443,#453,#12103,.T.);
#12105=ORIENTED_EDGE('',*,*,#12104,.F.);
#12106=ORIENTED_EDGE('',*,*,#11875,.F.);
#12107=ORIENTED_EDGE('',*,*,#5008,.T.);
#12108=ORIENTED_EDGE('',*,*,#5003,.T.);
#12109=EDGE_LOOP('',(#12105,#12106,#12107,#12108));
#12110=FACE_OUTER_BOUND('',#12109,.T.);
#12111=ADVANCED_FACE('',(#12110),#12100,.T.);
#12112=DIRECTION('',(0.417008,0.908903,0));
#12113=DIRECTION('',(0,0,1));
#12114=AXIS2_PLACEMENT_3D('',#552,#12112,#12113);
#12115=PLANE('',#12114);
#12116=ORIENTED_EDGE('',*,*,#5911,.T.);
#12117=DIRECTION('',(0,0,1));
#12118=VECTOR('',#12117,13.099998);
#12119=LINE('',#290,#12118);
#12120=EDGE_CURVE('',#291,#555,#12119,.T.);
#12121=ORIENTED_EDGE('',*,*,#12120,.F.);
#12122=ORIENTED_EDGE('',*,*,#11501,.F.);
#12123=DIRECTION('',(0,0,1));
#12124=VECTOR('',#12123,13.099998);
#12125=LINE('',#288,#12124);
#12126=EDGE_CURVE('',#289,#553,#12125,.T.);
#12127=ORIENTED_EDGE('',*,*,#12126,.T.);
#12128=EDGE_LOOP('',(#12116,#12121,#12122,#12127));
#12129=FACE_OUTER_BOUND('',#12128,.T.);
#12130=ADVANCED_FACE('',(#12129),#12115,.T.);
#12131=DIRECTION('',(0.391067,0.920362,0));
#12132=DIRECTION('',(0,0,1));
#12133=AXIS2_PLACEMENT_3D('',#298,#12131,#12132);
#12134=PLANE('',#12133);
#12135=DIRECTION('',(0,0,1));
#12136=VECTOR('',#12135,13.099998);
#12137=LINE('',#298,#12136);
#12138=EDGE_CURVE('',#299,#563,#12137,.T.);
#12139=ORIENTED_EDGE('',*,*,#12138,.T.);
#12140=ORIENTED_EDGE('',*,*,#5896,.F.);
#12141=DIRECTION('',(0,0,1));
#12142=VECTOR('',#12141,13.099998);
#12143=LINE('',#292,#12142);
#12144=EDGE_CURVE('',#293,#557,#12143,.T.);
#12145=ORIENTED_EDGE('',*,*,#12144,.F.);
#12146=ORIENTED_EDGE('',*,*,#11516,.T.);
#12147=EDGE_LOOP('',(#12139,#12140,#12145,#12146));
#12148=FACE_OUTER_BOUND('',#12147,.T.);
#12149=ADVANCED_FACE('',(#12148),#12134,.T.);
#12150=DIRECTION('',(0.382347,0.924019,-0));
#12151=DIRECTION('',(-0,0,1));
#12152=AXIS2_PLACEMENT_3D('',#556,#12150,#12151);
#12153=PLANE('',#12152);
#12154=ORIENTED_EDGE('',*,*,#5891,.T.);
#12155=DIRECTION('',(0,0,1));
#12156=VECTOR('',#12155,13.099998);
#12157=LINE('',#294,#12156);
#12158=EDGE_CURVE('',#295,#559,#12157,.T.);
#12159=ORIENTED_EDGE('',*,*,#12158,.F.);
#12160=ORIENTED_EDGE('',*,*,#11521,.F.);
#12161=ORIENTED_EDGE('',*,*,#12144,.T.);
#12162=EDGE_LOOP('',(#12154,#12159,#12160,#12161));
#12163=FACE_OUTER_BOUND('',#12162,.T.);
#12164=ADVANCED_FACE('',(#12163),#12153,.T.);
#12165=DIRECTION('',(0.408402,0.912802,-0));
#12166=DIRECTION('',(-0,0,1));
#12167=AXIS2_PLACEMENT_3D('',#560,#12165,#12166);
#12168=PLANE('',#12167);
#12169=DIRECTION('',(0,0,1));
#12170=VECTOR('',#12169,13.099998);
#12171=LINE('',#296,#12170);
#12172=EDGE_CURVE('',#297,#561,#12171,.T.);
#12173=ORIENTED_EDGE('',*,*,#12172,.F.);
#12174=ORIENTED_EDGE('',*,*,#11506,.F.);
#12175=ORIENTED_EDGE('',*,*,#12120,.T.);
#12176=ORIENTED_EDGE('',*,*,#5906,.T.);
#12177=EDGE_LOOP('',(#12173,#12174,#12175,#12176));
#12178=FACE_OUTER_BOUND('',#12177,.T.);
#12179=ADVANCED_FACE('',(#12178),#12168,.T.);
#12180=DIRECTION('',(0.399746,0.916626,-0));
#12181=DIRECTION('',(-0,0,1));
#12182=AXIS2_PLACEMENT_3D('',#298,#12180,#12181);
#12183=PLANE('',#12182);
#12184=ORIENTED_EDGE('',*,*,#11511,.F.);
#12185=ORIENTED_EDGE('',*,*,#12172,.T.);
#12186=ORIENTED_EDGE('',*,*,#5901,.T.);
#12187=ORIENTED_EDGE('',*,*,#12138,.F.);
#12188=EDGE_LOOP('',(#12184,#12185,#12186,#12187));
#12189=FACE_OUTER_BOUND('',#12188,.T.);
#12190=ADVANCED_FACE('',(#12189),#12183,.T.);
#12191=DIRECTION('',(0.434122,0.900854,-0));
#12192=DIRECTION('',(-0,0,1));
#12193=AXIS2_PLACEMENT_3D('',#538,#12191,#12192);
#12194=PLANE('',#12193);
#12195=ORIENTED_EDGE('',*,*,#5921,.T.);
#12196=DIRECTION('',(0,0,1));
#12197=VECTOR('',#12196,13.099998);
#12198=LINE('',#300,#12197);
#12199=EDGE_CURVE('',#301,#565,#12198,.T.);
#12200=ORIENTED_EDGE('',*,*,#12199,.F.);
#12201=ORIENTED_EDGE('',*,*,#11491,.F.);
#12202=ORIENTED_EDGE('',*,*,#7484,.T.);
#12203=EDGE_LOOP('',(#12195,#12200,#12201,#12202));
#12204=FACE_OUTER_BOUND('',#12203,.T.);
#12205=ADVANCED_FACE('',(#12204),#12194,.T.);
#12206=DIRECTION('',(0.42558,0.904921,-0));
#12207=DIRECTION('',(-0,0,1));
#12208=AXIS2_PLACEMENT_3D('',#564,#12206,#12207);
#12209=PLANE('',#12208);
#12210=ORIENTED_EDGE('',*,*,#5916,.F.);
#12211=ORIENTED_EDGE('',*,*,#12126,.F.);
#12212=ORIENTED_EDGE('',*,*,#11496,.T.);
#12213=ORIENTED_EDGE('',*,*,#12199,.T.);
#12214=EDGE_LOOP('',(#12210,#12211,#12212,#12213));
#12215=FACE_OUTER_BOUND('',#12214,.T.);
#12216=ADVANCED_FACE('',(#12215),#12209,.T.);
#12217=DIRECTION('',(0.373596,0.927592,-0));
#12218=DIRECTION('',(-0,0,1));
#12219=AXIS2_PLACEMENT_3D('',#558,#12217,#12218);
#12220=PLANE('',#12219);
#12221=ORIENTED_EDGE('',*,*,#5886,.T.);
#12222=DIRECTION('',(0,0,1));
#12223=VECTOR('',#12222,13.099998);
#12224=LINE('',#302,#12223);
#12225=EDGE_CURVE('',#303,#575,#12224,.T.);
#12226=ORIENTED_EDGE('',*,*,#12225,.F.);
#12227=ORIENTED_EDGE('',*,*,#11526,.F.);
#12228=ORIENTED_EDGE('',*,*,#12158,.T.);
#12229=EDGE_LOOP('',(#12221,#12226,#12227,#12228));
#12230=FACE_OUTER_BOUND('',#12229,.T.);
#12231=ADVANCED_FACE('',(#12230),#12220,.T.);
#12232=DIRECTION('',(0.364804,0.931084,0));
#12233=DIRECTION('',(0,0,1));
#12234=AXIS2_PLACEMENT_3D('',#302,#12232,#12233);
#12235=PLANE('',#12234);
#12236=ORIENTED_EDGE('',*,*,#12225,.T.);
#12237=ORIENTED_EDGE('',*,*,#5881,.T.);
#12238=ORIENTED_EDGE('',*,*,#11905,.F.);
#12239=ORIENTED_EDGE('',*,*,#11531,.F.);
#12240=EDGE_LOOP('',(#12236,#12237,#12238,#12239));
#12241=FACE_OUTER_BOUND('',#12240,.T.);
#12242=ADVANCED_FACE('',(#12241),#12235,.T.);
#12243=DIRECTION('',(-0.192578,-0.981282,0));
#12244=DIRECTION('',(0,-0,-1));
#12245=AXIS2_PLACEMENT_3D('',#320,#12243,#12244);
#12246=PLANE('',#12245);
#12247=ORIENTED_EDGE('',*,*,#1971,.T.);
#12248=DIRECTION('',(-0.065618,0.012878,0.997762));
#12249=VECTOR('',#12248,13.029163);
#12250=LINE('',#322,#12249);
#12251=EDGE_CURVE('',#323,#679,#12250,.T.);
#12252=ORIENTED_EDGE('',*,*,#12251,.T.);
#12253=DIRECTION('',(0,0,1));
#12254=VECTOR('',#12253,13.099998);
#12255=LINE('',#318,#12254);
#12256=EDGE_CURVE('',#319,#679,#12255,.T.);
#12257=ORIENTED_EDGE('',*,*,#12256,.F.);
#12258=ORIENTED_EDGE('',*,*,#11438,.T.);
#12259=EDGE_LOOP('',(#12247,#12252,#12257,#12258));
#12260=FACE_OUTER_BOUND('',#12259,.T.);
#12261=ADVANCED_FACE('',(#12260),#12246,.T.);
#12262=DIRECTION('',(-0.229552,-0.973296,0));
#12263=DIRECTION('',(0,-0,-1));
#12264=AXIS2_PLACEMENT_3D('',#658,#12262,#12263);
#12265=PLANE('',#12264);
#12266=ORIENTED_EDGE('',*,*,#8065,.F.);
#12267=ORIENTED_EDGE('',*,*,#11450,.T.);
#12268=DIRECTION('',(-0.213548,0.050365,0.975633));
#12269=VECTOR('',#12268,13.529671);
#12270=LINE('',#312,#12269);
#12271=EDGE_CURVE('',#313,#667,#12270,.T.);
#12272=ORIENTED_EDGE('',*,*,#12271,.T.);
#12273=ORIENTED_EDGE('',*,*,#8070,.F.);
#12274=EDGE_LOOP('',(#12266,#12267,#12272,#12273));
#12275=FACE_OUTER_BOUND('',#12274,.T.);
#12276=ADVANCED_FACE('',(#12275),#12265,.T.);
#12277=DIRECTION('',(-0.201867,-0.979413,-0.000001));
#12278=DIRECTION('',(0,0.000001,-1));
#12279=AXIS2_PLACEMENT_3D('',#318,#12277,#12278);
#12280=PLANE('',#12279);
#12281=DIRECTION('',(-0.21489,0.04429,0.975633));
#12282=VECTOR('',#12281,13.427173);
#12283=LINE('',#318,#12282);
#12284=EDGE_CURVE('',#319,#675,#12283,.T.);
#12285=ORIENTED_EDGE('',*,*,#12284,.T.);
#12286=ORIENTED_EDGE('',*,*,#7891,.F.);
#12287=ORIENTED_EDGE('',*,*,#11443,.T.);
#12288=EDGE_LOOP('',(#12285,#12286,#12287));
#12289=FACE_OUTER_BOUND('',#12288,.T.);
#12290=ADVANCED_FACE('',(#12289),#12280,.T.);
#12291=DIRECTION('',(-0.192587,-0.98128,-0.000001));
#12292=DIRECTION('',(0,0.000001,-1));
#12293=AXIS2_PLACEMENT_3D('',#678,#12291,#12292);
#12294=PLANE('',#12293);
#12295=ORIENTED_EDGE('',*,*,#12251,.F.);
#12296=ORIENTED_EDGE('',*,*,#3040,.F.);
#12297=ORIENTED_EDGE('',*,*,#7918,.T.);
#12298=EDGE_LOOP('',(#12295,#12296,#12297));
#12299=FACE_OUTER_BOUND('',#12298,.T.);
#12300=ADVANCED_FACE('',(#12299),#12294,.T.);
#12301=DIRECTION('',(0.155366,0.987857,0));
#12302=DIRECTION('',(0,0,1));
#12303=AXIS2_PLACEMENT_3D('',#720,#12301,#12302);
#12304=PLANE('',#12303);
#12305=ORIENTED_EDGE('',*,*,#5766,.F.);
#12306=DIRECTION('',(0,0,1));
#12307=VECTOR('',#12306,13.099998);
#12308=LINE('',#336,#12307);
#12309=EDGE_CURVE('',#337,#697,#12308,.T.);
#12310=ORIENTED_EDGE('',*,*,#12309,.F.);
#12311=ORIENTED_EDGE('',*,*,#11352,.T.);
#12312=DIRECTION('',(0,0,1));
#12313=VECTOR('',#12312,13.099998);
#12314=LINE('',#360,#12313);
#12315=EDGE_CURVE('',#361,#721,#12314,.T.);
#12316=ORIENTED_EDGE('',*,*,#12315,.T.);
#12317=EDGE_LOOP('',(#12305,#12310,#12311,#12316));
#12318=FACE_OUTER_BOUND('',#12317,.T.);
#12319=ADVANCED_FACE('',(#12318),#12304,.T.);
#12320=DIRECTION('',(0.146007,0.989284,-0));
#12321=DIRECTION('',(-0,0,1));
#12322=AXIS2_PLACEMENT_3D('',#336,#12320,#12321);
#12323=PLANE('',#12322);
#12324=ORIENTED_EDGE('',*,*,#12309,.T.);
#12325=ORIENTED_EDGE('',*,*,#5761,.T.);
#12326=DIRECTION('',(0,0,1));
#12327=VECTOR('',#12326,13.099998);
#12328=LINE('',#338,#12327);
#12329=EDGE_CURVE('',#339,#699,#12328,.T.);
#12330=ORIENTED_EDGE('',*,*,#12329,.F.);
#12331=ORIENTED_EDGE('',*,*,#11357,.F.);
#12332=EDGE_LOOP('',(#12324,#12325,#12330,#12331));
#12333=FACE_OUTER_BOUND('',#12332,.T.);
#12334=ADVANCED_FACE('',(#12333),#12323,.T.);
#12335=DIRECTION('',(0.136648,0.99062,0));
#12336=DIRECTION('',(0,0,1));
#12337=AXIS2_PLACEMENT_3D('',#340,#12335,#12336);
#12338=PLANE('',#12337);
#12339=ORIENTED_EDGE('',*,*,#11362,.F.);
#12340=ORIENTED_EDGE('',*,*,#12329,.T.);
#12341=ORIENTED_EDGE('',*,*,#5756,.T.);
#12342=DIRECTION('',(0,0,1));
#12343=VECTOR('',#12342,13.099998);
#12344=LINE('',#340,#12343);
#12345=EDGE_CURVE('',#341,#701,#12344,.T.);
#12346=ORIENTED_EDGE('',*,*,#12345,.F.);
#12347=EDGE_LOOP('',(#12339,#12340,#12341,#12346));
#12348=FACE_OUTER_BOUND('',#12347,.T.);
#12349=ADVANCED_FACE('',(#12348),#12338,.T.);
#12350=DIRECTION('',(0.127288,0.991866,0));
#12351=DIRECTION('',(0,0,1));
#12352=AXIS2_PLACEMENT_3D('',#376,#12350,#12351);
#12353=PLANE('',#12352);
#12354=ORIENTED_EDGE('',*,*,#11367,.F.);
#12355=ORIENTED_EDGE('',*,*,#12345,.T.);
#12356=ORIENTED_EDGE('',*,*,#5751,.T.);
#12357=DIRECTION('',(0,0,1));
#12358=VECTOR('',#12357,13.099998);
#12359=LINE('',#376,#12358);
#12360=EDGE_CURVE('',#377,#749,#12359,.T.);
#12361=ORIENTED_EDGE('',*,*,#12360,.F.);
#12362=EDGE_LOOP('',(#12354,#12355,#12356,#12361));
#12363=FACE_OUTER_BOUND('',#12362,.T.);
#12364=ADVANCED_FACE('',(#12363),#12353,.T.);
#12365=DIRECTION('',(-0.210317,-0.977633,0.000184));
#12366=DIRECTION('',(0,-0.000188,-1));
#12367=AXIS2_PLACEMENT_3D('',#662,#12365,#12366);
#12368=PLANE('',#12367);
#12369=DIRECTION('',(0.977633,-0.210317,0));
#12370=VECTOR('',#12369,0.022491);
#12371=LINE('',#660,#12370);
#12372=EDGE_CURVE('',#661,#663,#12371,.T.);
#12373=ORIENTED_EDGE('',*,*,#12372,.F.);
#12374=ORIENTED_EDGE('',*,*,#8200,.F.);
#12375=DIRECTION('',(-0.214462,0.04632,0.975633));
#12376=VECTOR('',#12375,13.427173);
#12377=LINE('',#316,#12376);
#12378=EDGE_CURVE('',#317,#663,#12377,.T.);
#12379=ORIENTED_EDGE('',*,*,#12378,.T.);
#12380=EDGE_LOOP('',(#12373,#12374,#12379));
#12381=FACE_OUTER_BOUND('',#12380,.T.);
#12382=ADVANCED_FACE('',(#12381),#12368,.T.);
#12383=DIRECTION('',(-0.211115,-0.977461,0));
#12384=DIRECTION('',(0,-0,-1));
#12385=AXIS2_PLACEMENT_3D('',#676,#12383,#12384);
#12386=PLANE('',#12385);
#12387=ORIENTED_EDGE('',*,*,#7869,.F.);
#12388=ORIENTED_EDGE('',*,*,#12378,.F.);
#12389=ORIENTED_EDGE('',*,*,#7886,.T.);
#12390=EDGE_LOOP('',(#12387,#12388,#12389));
#12391=FACE_OUTER_BOUND('',#12390,.T.);
#12392=ADVANCED_FACE('',(#12391),#12386,.T.);
#12393=DIRECTION('',(-0.201864,-0.979413,0));
#12394=DIRECTION('',(0,-0,-1));
#12395=AXIS2_PLACEMENT_3D('',#678,#12393,#12394);
#12396=PLANE('',#12395);
#12397=ORIENTED_EDGE('',*,*,#7913,.T.);
#12398=DIRECTION('',(0.97885,-0.201748,0.033925));
#12399=VECTOR('',#12398,2.947713);
#12400=LINE('',#674,#12399);
#12401=EDGE_CURVE('',#675,#683,#12400,.T.);
#12402=ORIENTED_EDGE('',*,*,#12401,.F.);
#12403=ORIENTED_EDGE('',*,*,#12284,.F.);
#12404=ORIENTED_EDGE('',*,*,#12256,.T.);
#12405=EDGE_LOOP('',(#12397,#12402,#12403,#12404));
#12406=FACE_OUTER_BOUND('',#12405,.T.);
#12407=ADVANCED_FACE('',(#12406),#12396,.T.);
#12408=DIRECTION('',(0.247921,0.96878,0));
#12409=DIRECTION('',(0,0,1));
#12410=AXIS2_PLACEMENT_3D('',#344,#12408,#12409);
#12411=PLANE('',#12410);
#12412=ORIENTED_EDGE('',*,*,#11302,.F.);
#12413=ORIENTED_EDGE('',*,*,#12014,.T.);
#12414=ORIENTED_EDGE('',*,*,#5816,.T.);
#12415=DIRECTION('',(0,0,1));
#12416=VECTOR('',#12415,13.099998);
#12417=LINE('',#344,#12416);
#12418=EDGE_CURVE('',#345,#705,#12417,.T.);
#12419=ORIENTED_EDGE('',*,*,#12418,.F.);
#12420=EDGE_LOOP('',(#12412,#12413,#12414,#12419));
#12421=FACE_OUTER_BOUND('',#12420,.T.);
#12422=ADVANCED_FACE('',(#12421),#12411,.T.);
#12423=DIRECTION('',(0.238741,0.971083,-0));
#12424=DIRECTION('',(-0,0,1));
#12425=AXIS2_PLACEMENT_3D('',#704,#12423,#12424);
#12426=PLANE('',#12425);
#12427=ORIENTED_EDGE('',*,*,#5811,.T.);
#12428=DIRECTION('',(0,0,1));
#12429=VECTOR('',#12428,13.099998);
#12430=LINE('',#346,#12429);
#12431=EDGE_CURVE('',#347,#707,#12430,.T.);
#12432=ORIENTED_EDGE('',*,*,#12431,.F.);
#12433=ORIENTED_EDGE('',*,*,#11307,.F.);
#12434=ORIENTED_EDGE('',*,*,#12418,.T.);
#12435=EDGE_LOOP('',(#12427,#12432,#12433,#12434));
#12436=FACE_OUTER_BOUND('',#12435,.T.);
#12437=ADVANCED_FACE('',(#12436),#12426,.T.);
#12438=DIRECTION('',(0.229559,0.973295,-0));
#12439=DIRECTION('',(-0,0,1));
#12440=AXIS2_PLACEMENT_3D('',#706,#12438,#12439);
#12441=PLANE('',#12440);
#12442=ORIENTED_EDGE('',*,*,#5806,.F.);
#12443=DIRECTION('',(0,0,1));
#12444=VECTOR('',#12443,13.099998);
#12445=LINE('',#342,#12444);
#12446=EDGE_CURVE('',#343,#703,#12445,.T.);
#12447=ORIENTED_EDGE('',*,*,#12446,.F.);
#12448=ORIENTED_EDGE('',*,*,#11312,.T.);
#12449=ORIENTED_EDGE('',*,*,#12431,.T.);
#12450=EDGE_LOOP('',(#12442,#12447,#12448,#12449));
#12451=FACE_OUTER_BOUND('',#12450,.T.);
#12452=ADVANCED_FACE('',(#12451),#12441,.T.);
#12453=DIRECTION('',(0.220337,0.975424,0));
#12454=DIRECTION('',(0,0,1));
#12455=AXIS2_PLACEMENT_3D('',#708,#12453,#12454);
#12456=PLANE('',#12455);
#12457=DIRECTION('',(0,0,1));
#12458=VECTOR('',#12457,13.099998);
#12459=LINE('',#348,#12458);
#12460=EDGE_CURVE('',#349,#709,#12459,.T.);
#12461=ORIENTED_EDGE('',*,*,#12460,.F.);
#12462=ORIENTED_EDGE('',*,*,#11317,.F.);
#12463=ORIENTED_EDGE('',*,*,#12446,.T.);
#12464=ORIENTED_EDGE('',*,*,#5801,.T.);
#12465=EDGE_LOOP('',(#12461,#12462,#12463,#12464));
#12466=FACE_OUTER_BOUND('',#12465,.T.);
#12467=ADVANCED_FACE('',(#12466),#12456,.T.);
#12468=DIRECTION('',(0.211113,0.977462,-0));
#12469=DIRECTION('',(-0,0,1));
#12470=AXIS2_PLACEMENT_3D('',#350,#12468,#12469);
#12471=PLANE('',#12470);
#12472=ORIENTED_EDGE('',*,*,#11322,.F.);
#12473=ORIENTED_EDGE('',*,*,#12460,.T.);
#12474=ORIENTED_EDGE('',*,*,#5796,.T.);
#12475=DIRECTION('',(0,0,1));
#12476=VECTOR('',#12475,13.099998);
#12477=LINE('',#350,#12476);
#12478=EDGE_CURVE('',#351,#711,#12477,.T.);
#12479=ORIENTED_EDGE('',*,*,#12478,.F.);
#12480=EDGE_LOOP('',(#12472,#12473,#12474,#12479));
#12481=FACE_OUTER_BOUND('',#12480,.T.);
#12482=ADVANCED_FACE('',(#12481),#12471,.T.);
#12483=DIRECTION('',(0.192594,0.981279,-0));
#12484=DIRECTION('',(-0,0,1));
#12485=AXIS2_PLACEMENT_3D('',#354,#12483,#12484);
#12486=PLANE('',#12485);
#12487=DIRECTION('',(0,0,1));
#12488=VECTOR('',#12487,13.099998);
#12489=LINE('',#354,#12488);
#12490=EDGE_CURVE('',#355,#715,#12489,.T.);
#12491=ORIENTED_EDGE('',*,*,#12490,.T.);
#12492=ORIENTED_EDGE('',*,*,#5786,.F.);
#12493=DIRECTION('',(0,0,1));
#12494=VECTOR('',#12493,13.099998);
#12495=LINE('',#352,#12494);
#12496=EDGE_CURVE('',#353,#713,#12495,.T.);
#12497=ORIENTED_EDGE('',*,*,#12496,.F.);
#12498=ORIENTED_EDGE('',*,*,#11332,.T.);
#12499=EDGE_LOOP('',(#12491,#12492,#12497,#12498));
#12500=FACE_OUTER_BOUND('',#12499,.T.);
#12501=ADVANCED_FACE('',(#12500),#12486,.T.);
#12502=DIRECTION('',(0.201859,0.979415,-0));
#12503=DIRECTION('',(-0,0,1));
#12504=AXIS2_PLACEMENT_3D('',#350,#12502,#12503);
#12505=PLANE('',#12504);
#12506=ORIENTED_EDGE('',*,*,#12478,.T.);
#12507=ORIENTED_EDGE('',*,*,#5791,.T.);
#12508=ORIENTED_EDGE('',*,*,#12490,.F.);
#12509=ORIENTED_EDGE('',*,*,#11327,.F.);
#12510=EDGE_LOOP('',(#12506,#12507,#12508,#12509));
#12511=FACE_OUTER_BOUND('',#12510,.T.);
#12512=ADVANCED_FACE('',(#12511),#12505,.T.);
#12513=DIRECTION('',(0.183308,0.983056,0));
#12514=DIRECTION('',(0,0,1));
#12515=AXIS2_PLACEMENT_3D('',#352,#12513,#12514);
#12516=PLANE('',#12515);
#12517=ORIENTED_EDGE('',*,*,#12496,.T.);
#12518=ORIENTED_EDGE('',*,*,#5781,.T.);
#12519=DIRECTION('',(0,0,1));
#12520=VECTOR('',#12519,13.099998);
#12521=LINE('',#356,#12520);
#12522=EDGE_CURVE('',#357,#717,#12521,.T.);
#12523=ORIENTED_EDGE('',*,*,#12522,.F.);
#12524=ORIENTED_EDGE('',*,*,#11337,.F.);
#12525=EDGE_LOOP('',(#12517,#12518,#12523,#12524));
#12526=FACE_OUTER_BOUND('',#12525,.T.);
#12527=ADVANCED_FACE('',(#12526),#12516,.T.);
#12528=DIRECTION('',(0.174011,0.984744,-0));
#12529=DIRECTION('',(-0,0,1));
#12530=AXIS2_PLACEMENT_3D('',#358,#12528,#12529);
#12531=PLANE('',#12530);
#12532=ORIENTED_EDGE('',*,*,#11342,.F.);
#12533=ORIENTED_EDGE('',*,*,#12522,.T.);
#12534=ORIENTED_EDGE('',*,*,#5776,.T.);
#12535=DIRECTION('',(0,0,1));
#12536=VECTOR('',#12535,13.099998);
#12537=LINE('',#358,#12536);
#12538=EDGE_CURVE('',#359,#719,#12537,.T.);
#12539=ORIENTED_EDGE('',*,*,#12538,.F.);
#12540=EDGE_LOOP('',(#12532,#12533,#12534,#12539));
#12541=FACE_OUTER_BOUND('',#12540,.T.);
#12542=ADVANCED_FACE('',(#12541),#12531,.T.);
#12543=DIRECTION('',(0.164684,0.986346,0));
#12544=DIRECTION('',(0,0,1));
#12545=AXIS2_PLACEMENT_3D('',#718,#12543,#12544);
#12546=PLANE('',#12545);
#12547=ORIENTED_EDGE('',*,*,#5771,.T.);
#12548=ORIENTED_EDGE('',*,*,#12315,.F.);
#12549=ORIENTED_EDGE('',*,*,#11347,.F.);
#12550=ORIENTED_EDGE('',*,*,#12538,.T.);
#12551=EDGE_LOOP('',(#12547,#12548,#12549,#12550));
#12552=FACE_OUTER_BOUND('',#12551,.T.);
#12553=ADVANCED_FACE('',(#12552),#12546,.T.);
#12554=DIRECTION('',(0.117898,0.993026,-0));
#12555=DIRECTION('',(-0,0,1));
#12556=AXIS2_PLACEMENT_3D('',#748,#12554,#12555);
#12557=PLANE('',#12556);
#12558=ORIENTED_EDGE('',*,*,#5746,.T.);
#12559=DIRECTION('',(0,0,1));
#12560=VECTOR('',#12559,13.099998);
#12561=LINE('',#378,#12560);
#12562=EDGE_CURVE('',#379,#751,#12561,.T.);
#12563=ORIENTED_EDGE('',*,*,#12562,.F.);
#12564=ORIENTED_EDGE('',*,*,#11372,.F.);
#12565=ORIENTED_EDGE('',*,*,#12360,.T.);
#12566=EDGE_LOOP('',(#12558,#12563,#12564,#12565));
#12567=FACE_OUTER_BOUND('',#12566,.T.);
#12568=ADVANCED_FACE('',(#12567),#12557,.T.);
#12569=DIRECTION('',(0.108507,0.994096,0));
#12570=DIRECTION('',(0,0,1));
#12571=AXIS2_PLACEMENT_3D('',#380,#12569,#12570);
#12572=PLANE('',#12571);
#12573=ORIENTED_EDGE('',*,*,#11377,.F.);
#12574=ORIENTED_EDGE('',*,*,#12562,.T.);
#12575=ORIENTED_EDGE('',*,*,#5741,.T.);
#12576=DIRECTION('',(0,0,1));
#12577=VECTOR('',#12576,13.099998);
#12578=LINE('',#380,#12577);
#12579=EDGE_CURVE('',#381,#753,#12578,.T.);
#12580=ORIENTED_EDGE('',*,*,#12579,.F.);
#12581=EDGE_LOOP('',(#12573,#12574,#12575,#12580));
#12582=FACE_OUTER_BOUND('',#12581,.T.);
#12583=ADVANCED_FACE('',(#12582),#12572,.T.);
#12584=DIRECTION('',(0.099095,0.995078,0));
#12585=DIRECTION('',(0,0,1));
#12586=AXIS2_PLACEMENT_3D('',#752,#12584,#12585);
#12587=PLANE('',#12586);
#12588=ORIENTED_EDGE('',*,*,#5736,.T.);
#12589=DIRECTION('',(0,0,1));
#12590=VECTOR('',#12589,13.099998);
#12591=LINE('',#382,#12590);
#12592=EDGE_CURVE('',#383,#755,#12591,.T.);
#12593=ORIENTED_EDGE('',*,*,#12592,.F.);
#12594=ORIENTED_EDGE('',*,*,#11382,.F.);
#12595=ORIENTED_EDGE('',*,*,#12579,.T.);
#12596=EDGE_LOOP('',(#12588,#12593,#12594,#12595));
#12597=FACE_OUTER_BOUND('',#12596,.T.);
#12598=ADVANCED_FACE('',(#12597),#12587,.T.);
#12599=DIRECTION('',(0.089694,0.995969,0));
#12600=DIRECTION('',(0,0,1));
#12601=AXIS2_PLACEMENT_3D('',#384,#12599,#12600);
#12602=PLANE('',#12601);
#12603=ORIENTED_EDGE('',*,*,#11387,.F.);
#12604=ORIENTED_EDGE('',*,*,#12592,.T.);
#12605=ORIENTED_EDGE('',*,*,#5731,.T.);
#12606=DIRECTION('',(0,0,1));
#12607=VECTOR('',#12606,13.099998);
#12608=LINE('',#384,#12607);
#12609=EDGE_CURVE('',#385,#757,#12608,.T.);
#12610=ORIENTED_EDGE('',*,*,#12609,.F.);
#12611=EDGE_LOOP('',(#12603,#12604,#12605,#12610));
#12612=FACE_OUTER_BOUND('',#12611,.T.);
#12613=ADVANCED_FACE('',(#12612),#12602,.T.);
#12614=DIRECTION('',(0.080272,0.996773,-0));
#12615=DIRECTION('',(-0,0,1));
#12616=AXIS2_PLACEMENT_3D('',#756,#12614,#12615);
#12617=PLANE('',#12616);
#12618=ORIENTED_EDGE('',*,*,#5726,.T.);
#12619=DIRECTION('',(0,0,1));
#12620=VECTOR('',#12619,13.099998);
#12621=LINE('',#386,#12620);
#12622=EDGE_CURVE('',#387,#759,#12621,.T.);
#12623=ORIENTED_EDGE('',*,*,#12622,.F.);
#12624=ORIENTED_EDGE('',*,*,#11392,.F.);
#12625=ORIENTED_EDGE('',*,*,#12609,.T.);
#12626=EDGE_LOOP('',(#12618,#12623,#12624,#12625));
#12627=FACE_OUTER_BOUND('',#12626,.T.);
#12628=ADVANCED_FACE('',(#12627),#12617,.T.);
#12629=DIRECTION('',(0.070839,0.997488,0));
#12630=DIRECTION('',(0,0,1));
#12631=AXIS2_PLACEMENT_3D('',#386,#12629,#12630);
#12632=PLANE('',#12631);
#12633=ORIENTED_EDGE('',*,*,#12622,.T.);
#12634=ORIENTED_EDGE('',*,*,#5721,.T.);
#12635=DIRECTION('',(0,0,1));
#12636=VECTOR('',#12635,13.099998);
#12637=LINE('',#388,#12636);
#12638=EDGE_CURVE('',#389,#761,#12637,.T.);
#12639=ORIENTED_EDGE('',*,*,#12638,.F.);
#12640=ORIENTED_EDGE('',*,*,#11397,.F.);
#12641=EDGE_LOOP('',(#12633,#12634,#12639,#12640));
#12642=FACE_OUTER_BOUND('',#12641,.T.);
#12643=ADVANCED_FACE('',(#12642),#12632,.T.);
#12644=DIRECTION('',(0.061417,0.998112,0));
#12645=DIRECTION('',(0,0,1));
#12646=AXIS2_PLACEMENT_3D('',#402,#12644,#12645);
#12647=PLANE('',#12646);
#12648=ORIENTED_EDGE('',*,*,#11402,.F.);
#12649=ORIENTED_EDGE('',*,*,#12638,.T.);
#12650=ORIENTED_EDGE('',*,*,#5716,.T.);
#12651=DIRECTION('',(0,0,1));
#12652=VECTOR('',#12651,13.099998);
#12653=LINE('',#402,#12652);
#12654=EDGE_CURVE('',#403,#779,#12653,.T.);
#12655=ORIENTED_EDGE('',*,*,#12654,.F.);
#12656=EDGE_LOOP('',(#12648,#12649,#12650,#12655));
#12657=FACE_OUTER_BOUND('',#12656,.T.);
#12658=ADVANCED_FACE('',(#12657),#12647,.T.);
#12659=DIRECTION('',(0.051974,0.998648,0));
#12660=DIRECTION('',(0,0,1));
#12661=AXIS2_PLACEMENT_3D('',#780,#12659,#12660);
#12662=PLANE('',#12661);
#12663=DIRECTION('',(0,0,1));
#12664=VECTOR('',#12663,13.099998);
#12665=LINE('',#404,#12664);
#12666=EDGE_CURVE('',#405,#781,#12665,.T.);
#12667=ORIENTED_EDGE('',*,*,#12666,.F.);
#12668=ORIENTED_EDGE('',*,*,#11407,.F.);
#12669=ORIENTED_EDGE('',*,*,#12654,.T.);
#12670=ORIENTED_EDGE('',*,*,#5711,.T.);
#12671=EDGE_LOOP('',(#12667,#12668,#12669,#12670));
#12672=FACE_OUTER_BOUND('',#12671,.T.);
#12673=ADVANCED_FACE('',(#12672),#12662,.T.);
#12674=DIRECTION('',(0.042531,0.999095,0));
#12675=DIRECTION('',(0,0,1));
#12676=AXIS2_PLACEMENT_3D('',#782,#12674,#12675);
#12677=PLANE('',#12676);
#12678=DIRECTION('',(0,0,1));
#12679=VECTOR('',#12678,13.099998);
#12680=LINE('',#406,#12679);
#12681=EDGE_CURVE('',#407,#783,#12680,.T.);
#12682=ORIENTED_EDGE('',*,*,#12681,.F.);
#12683=ORIENTED_EDGE('',*,*,#11412,.F.);
#12684=ORIENTED_EDGE('',*,*,#12666,.T.);
#12685=ORIENTED_EDGE('',*,*,#5706,.T.);
#12686=EDGE_LOOP('',(#12682,#12683,#12684,#12685));
#12687=FACE_OUTER_BOUND('',#12686,.T.);
#12688=ADVANCED_FACE('',(#12687),#12677,.T.);
#12689=DIRECTION('',(0.033077,0.999453,0));
#12690=DIRECTION('',(0,0,1));
#12691=AXIS2_PLACEMENT_3D('',#782,#12689,#12690);
#12692=PLANE('',#12691);
#12693=ORIENTED_EDGE('',*,*,#5701,.T.);
#12694=DIRECTION('',(0,0,1));
#12695=VECTOR('',#12694,13.099998);
#12696=LINE('',#408,#12695);
#12697=EDGE_CURVE('',#409,#785,#12696,.T.);
#12698=ORIENTED_EDGE('',*,*,#12697,.F.);
#12699=ORIENTED_EDGE('',*,*,#11417,.F.);
#12700=ORIENTED_EDGE('',*,*,#12681,.T.);
#12701=EDGE_LOOP('',(#12693,#12698,#12699,#12700));
#12702=FACE_OUTER_BOUND('',#12701,.T.);
#12703=ADVANCED_FACE('',(#12702),#12692,.T.);
#12704=DIRECTION('',(0.023634,0.999721,0));
#12705=DIRECTION('',(0,0,1));
#12706=AXIS2_PLACEMENT_3D('',#408,#12704,#12705);
#12707=PLANE('',#12706);
#12708=ORIENTED_EDGE('',*,*,#12697,.T.);
#12709=ORIENTED_EDGE('',*,*,#5696,.T.);
#12710=DIRECTION('',(0,0,1));
#12711=VECTOR('',#12710,13.099998);
#12712=LINE('',#410,#12711);
#12713=EDGE_CURVE('',#411,#787,#12712,.T.);
#12714=ORIENTED_EDGE('',*,*,#12713,.F.);
#12715=ORIENTED_EDGE('',*,*,#11422,.F.);
#12716=EDGE_LOOP('',(#12708,#12709,#12714,#12715));
#12717=FACE_OUTER_BOUND('',#12716,.T.);
#12718=ADVANCED_FACE('',(#12717),#12707,.T.);
#12719=DIRECTION('',(0.01418,0.999899,0));
#12720=DIRECTION('',(0,0,1));
#12721=AXIS2_PLACEMENT_3D('',#412,#12719,#12720);
#12722=PLANE('',#12721);
#12723=ORIENTED_EDGE('',*,*,#11427,.F.);
#12724=ORIENTED_EDGE('',*,*,#12713,.T.);
#12725=ORIENTED_EDGE('',*,*,#5691,.T.);
#12726=DIRECTION('',(0,0,1));
#12727=VECTOR('',#12726,13.099998);
#12728=LINE('',#412,#12727);
#12729=EDGE_CURVE('',#413,#789,#12728,.T.);
#12730=ORIENTED_EDGE('',*,*,#12729,.F.);
#12731=EDGE_LOOP('',(#12723,#12724,#12725,#12730));
#12732=FACE_OUTER_BOUND('',#12731,.T.);
#12733=ADVANCED_FACE('',(#12732),#12722,.T.);
#12734=DIRECTION('',(0.004727,0.999989,0));
#12735=DIRECTION('',(0,0,1));
#12736=AXIS2_PLACEMENT_3D('',#1186,#12734,#12735);
#12737=PLANE('',#12736);
#12738=ORIENTED_EDGE('',*,*,#11432,.F.);
#12739=ORIENTED_EDGE('',*,*,#12729,.T.);
#12740=ORIENTED_EDGE('',*,*,#5686,.T.);
#12741=DIRECTION('',(0,0,1));
#12742=VECTOR('',#12741,13.099998);
#12743=LINE('',#1186,#12742);
#12744=EDGE_CURVE('',#1187,#1397,#12743,.T.);
#12745=ORIENTED_EDGE('',*,*,#12744,.F.);
#12746=EDGE_LOOP('',(#12738,#12739,#12740,#12745));
#12747=FACE_OUTER_BOUND('',#12746,.T.);
#12748=ADVANCED_FACE('',(#12747),#12737,.T.);
#12749=DIRECTION('',(-0.070566,-0.997507,-0));
#12750=DIRECTION('',(0,0,-1));
#12751=AXIS2_PLACEMENT_3D('',#726,#12749,#12750);
#12752=PLANE('',#12751);
#12753=ORIENTED_EDGE('',*,*,#8404,.F.);
#12754=DIRECTION('',(0.001726,-0.000122,0.999999));
#12755=VECTOR('',#12754,13.000019);
#12756=LINE('',#366,#12755);
#12757=EDGE_CURVE('',#367,#729,#12756,.T.);
#12758=ORIENTED_EDGE('',*,*,#12757,.T.);
#12759=ORIENTED_EDGE('',*,*,#7951,.T.);
#12760=ORIENTED_EDGE('',*,*,#8409,.F.);
#12761=EDGE_LOOP('',(#12753,#12758,#12759,#12760));
#12762=FACE_OUTER_BOUND('',#12761,.T.);
#12763=ADVANCED_FACE('',(#12762),#12752,.T.);
#12764=DIRECTION('',(-0.070845,-0.997487,0));
#12765=DIRECTION('',(0,-0,-1));
#12766=AXIS2_PLACEMENT_3D('',#728,#12764,#12765);
#12767=PLANE('',#12766);
#12768=ORIENTED_EDGE('',*,*,#12757,.F.);
#12769=ORIENTED_EDGE('',*,*,#8449,.T.);
#12770=ORIENTED_EDGE('',*,*,#7956,.F.);
#12771=EDGE_LOOP('',(#12768,#12769,#12770));
#12772=FACE_OUTER_BOUND('',#12771,.T.);
#12773=ADVANCED_FACE('',(#12772),#12767,.T.);
#12774=DIRECTION('',(-0.061069,-0.998134,-0));
#12775=DIRECTION('',(0,0,-1));
#12776=AXIS2_PLACEMENT_3D('',#368,#12774,#12775);
#12777=PLANE('',#12776);
#12778=DIRECTION('',(0.001727,-0.000106,0.999999));
#12779=VECTOR('',#12778,13.000019);
#12780=LINE('',#368,#12779);
#12781=EDGE_CURVE('',#369,#733,#12780,.T.);
#12782=ORIENTED_EDGE('',*,*,#12781,.T.);
#12783=ORIENTED_EDGE('',*,*,#7978,.T.);
#12784=ORIENTED_EDGE('',*,*,#8437,.F.);
#12785=ORIENTED_EDGE('',*,*,#8455,.F.);
#12786=EDGE_LOOP('',(#12782,#12783,#12784,#12785));
#12787=FACE_OUTER_BOUND('',#12786,.T.);
#12788=ADVANCED_FACE('',(#12787),#12777,.T.);
#12789=DIRECTION('',(-0.061418,-0.998112,0.000001));
#12790=DIRECTION('',(0,-0.000001,-1));
#12791=AXIS2_PLACEMENT_3D('',#368,#12789,#12790);
#12792=PLANE('',#12791);
#12793=ORIENTED_EDGE('',*,*,#8492,.T.);
#12794=ORIENTED_EDGE('',*,*,#7968,.F.);
#12795=ORIENTED_EDGE('',*,*,#12781,.F.);
#12796=EDGE_LOOP('',(#12793,#12794,#12795));
#12797=FACE_OUTER_BOUND('',#12796,.T.);
#12798=ADVANCED_FACE('',(#12797),#12792,.T.);
#12799=DIRECTION('',(-0.355983,-0.934492,-0.000078));
#12800=DIRECTION('',(0,0.000083,-1));
#12801=AXIS2_PLACEMENT_3D('',#442,#12799,#12800);
#12802=PLANE('',#12801);
#12803=ORIENTED_EDGE('',*,*,#12104,.T.);
#12804=ORIENTED_EDGE('',*,*,#6325,.F.);
#12805=ORIENTED_EDGE('',*,*,#4984,.F.);
#12806=EDGE_LOOP('',(#12803,#12804,#12805));
#12807=FACE_OUTER_BOUND('',#12806,.T.);
#12808=ADVANCED_FACE('',(#12807),#12802,.T.);
#12809=DIRECTION('',(-0.229548,-0.973297,0.000001));
#12810=DIRECTION('',(0,-0.000001,-1));
#12811=AXIS2_PLACEMENT_3D('',#670,#12809,#12810);
#12812=PLANE('',#12811);
#12813=ORIENTED_EDGE('',*,*,#8094,.F.);
#12814=ORIENTED_EDGE('',*,*,#12271,.F.);
#12815=ORIENTED_EDGE('',*,*,#8151,.T.);
#12816=EDGE_LOOP('',(#12813,#12814,#12815));
#12817=FACE_OUTER_BOUND('',#12816,.T.);
#12818=ADVANCED_FACE('',(#12817),#12812,.T.);
#12819=DIRECTION('',(-0.210317,-0.977633,0));
#12820=DIRECTION('',(0,-0,-1));
#12821=AXIS2_PLACEMENT_3D('',#660,#12819,#12820);
#12822=PLANE('',#12821);
#12823=ORIENTED_EDGE('',*,*,#12372,.T.);
#12824=ORIENTED_EDGE('',*,*,#7864,.T.);
#12825=ORIENTED_EDGE('',*,*,#8132,.F.);
#12826=EDGE_LOOP('',(#12823,#12824,#12825));
#12827=FACE_OUTER_BOUND('',#12826,.T.);
#12828=ADVANCED_FACE('',(#12827),#12822,.T.);
#12829=DIRECTION('',(-0.201867,-0.979413,0.000072));
#12830=DIRECTION('',(0,-0.000074,-1));
#12831=AXIS2_PLACEMENT_3D('',#674,#12829,#12830);
#12832=PLANE('',#12831);
#12833=ORIENTED_EDGE('',*,*,#12401,.T.);
#12834=ORIENTED_EDGE('',*,*,#8218,.F.);
#12835=ORIENTED_EDGE('',*,*,#7896,.F.);
#12836=EDGE_LOOP('',(#12833,#12834,#12835));
#12837=FACE_OUTER_BOUND('',#12836,.T.);
#12838=ADVANCED_FACE('',(#12837),#12832,.T.);
#12839=DIRECTION('',(0.192578,-0.981282,0));
#12840=DIRECTION('',(0,0,-1));
#12841=AXIS2_PLACEMENT_3D('',#1252,#12839,#12840);
#12842=PLANE('',#12841);
#12843=DIRECTION('',(0.974881,0.191322,-0.114026));
#12844=VECTOR('',#12843,0.876978);
#12845=LINE('',#1250,#12844);
#12846=EDGE_CURVE('',#1251,#1253,#12845,.T.);
#12847=ORIENTED_EDGE('',*,*,#12846,.F.);
#12848=ORIENTED_EDGE('',*,*,#1986,.F.);
#12849=ORIENTED_EDGE('',*,*,#11800,.T.);
#12850=EDGE_LOOP('',(#12847,#12848,#12849));
#12851=FACE_OUTER_BOUND('',#12850,.T.);
#12852=ADVANCED_FACE('',(#12851),#12842,.T.);
#12853=DIRECTION('',(-0.004727,0.999989,0));
#12854=DIRECTION('',(0,-0,1));
#12855=AXIS2_PLACEMENT_3D('',#1186,#12853,#12854);
#12856=PLANE('',#12855);
#12857=ORIENTED_EDGE('',*,*,#12744,.T.);
#12858=ORIENTED_EDGE('',*,*,#5681,.T.);
#12859=DIRECTION('',(0,0,1));
#12860=VECTOR('',#12859,13.099998);
#12861=LINE('',#1188,#12860);
#12862=EDGE_CURVE('',#1189,#1399,#12861,.T.);
#12863=ORIENTED_EDGE('',*,*,#12862,.F.);
#12864=ORIENTED_EDGE('',*,*,#11806,.F.);
#12865=EDGE_LOOP('',(#12857,#12858,#12863,#12864));
#12866=FACE_OUTER_BOUND('',#12865,.T.);
#12867=ADVANCED_FACE('',(#12866),#12856,.T.);
#12868=DIRECTION('',(-0.01418,0.999899,0));
#12869=DIRECTION('',(0,-0,1));
#12870=AXIS2_PLACEMENT_3D('',#1190,#12868,#12869);
#12871=PLANE('',#12870);
#12872=ORIENTED_EDGE('',*,*,#11811,.F.);
#12873=ORIENTED_EDGE('',*,*,#12862,.T.);
#12874=ORIENTED_EDGE('',*,*,#5676,.T.);
#12875=DIRECTION('',(0,0,1));
#12876=VECTOR('',#12875,13.099998);
#12877=LINE('',#1190,#12876);
#12878=EDGE_CURVE('',#1191,#1401,#12877,.T.);
#12879=ORIENTED_EDGE('',*,*,#12878,.F.);
#12880=EDGE_LOOP('',(#12872,#12873,#12874,#12879));
#12881=FACE_OUTER_BOUND('',#12880,.T.);
#12882=ADVANCED_FACE('',(#12881),#12871,.T.);
#12883=DIRECTION('',(-0.023634,0.999721,0));
#12884=DIRECTION('',(0,-0,1));
#12885=AXIS2_PLACEMENT_3D('',#1190,#12883,#12884);
#12886=PLANE('',#12885);
#12887=ORIENTED_EDGE('',*,*,#12878,.T.);
#12888=ORIENTED_EDGE('',*,*,#5671,.T.);
#12889=DIRECTION('',(0,0,1));
#12890=VECTOR('',#12889,13.099998);
#12891=LINE('',#1192,#12890);
#12892=EDGE_CURVE('',#1193,#1403,#12891,.T.);
#12893=ORIENTED_EDGE('',*,*,#12892,.F.);
#12894=ORIENTED_EDGE('',*,*,#11816,.F.);
#12895=EDGE_LOOP('',(#12887,#12888,#12893,#12894));
#12896=FACE_OUTER_BOUND('',#12895,.T.);
#12897=ADVANCED_FACE('',(#12896),#12886,.T.);
#12898=DIRECTION('',(-0.033077,0.999453,0));
#12899=DIRECTION('',(0,-0,1));
#12900=AXIS2_PLACEMENT_3D('',#1194,#12898,#12899);
#12901=PLANE('',#12900);
#12902=ORIENTED_EDGE('',*,*,#11821,.F.);
#12903=ORIENTED_EDGE('',*,*,#12892,.T.);
#12904=ORIENTED_EDGE('',*,*,#5666,.T.);
#12905=DIRECTION('',(0,0,1));
#12906=VECTOR('',#12905,13.099998);
#12907=LINE('',#1194,#12906);
#12908=EDGE_CURVE('',#1195,#1405,#12907,.T.);
#12909=ORIENTED_EDGE('',*,*,#12908,.F.);
#12910=EDGE_LOOP('',(#12902,#12903,#12904,#12909));
#12911=FACE_OUTER_BOUND('',#12910,.T.);
#12912=ADVANCED_FACE('',(#12911),#12901,.T.);
#12913=DIRECTION('',(-0.042531,0.999095,0));
#12914=DIRECTION('',(0,-0,1));
#12915=AXIS2_PLACEMENT_3D('',#1194,#12913,#12914);
#12916=PLANE('',#12915);
#12917=ORIENTED_EDGE('',*,*,#12908,.T.);
#12918=ORIENTED_EDGE('',*,*,#5661,.T.);
#12919=DIRECTION('',(0,0,1));
#12920=VECTOR('',#12919,13.099998);
#12921=LINE('',#1196,#12920);
#12922=EDGE_CURVE('',#1197,#1407,#12921,.T.);
#12923=ORIENTED_EDGE('',*,*,#12922,.F.);
#12924=ORIENTED_EDGE('',*,*,#11826,.F.);
#12925=EDGE_LOOP('',(#12917,#12918,#12923,#12924));
#12926=FACE_OUTER_BOUND('',#12925,.T.);
#12927=ADVANCED_FACE('',(#12926),#12916,.T.);
#12928=DIRECTION('',(-0.051974,0.998648,0));
#12929=DIRECTION('',(0,-0,1));
#12930=AXIS2_PLACEMENT_3D('',#1198,#12928,#12929);
#12931=PLANE('',#12930);
#12932=ORIENTED_EDGE('',*,*,#11831,.F.);
#12933=ORIENTED_EDGE('',*,*,#12922,.T.);
#12934=ORIENTED_EDGE('',*,*,#5656,.T.);
#12935=DIRECTION('',(0,0,1));
#12936=VECTOR('',#12935,13.099998);
#12937=LINE('',#1198,#12936);
#12938=EDGE_CURVE('',#1199,#1409,#12937,.T.);
#12939=ORIENTED_EDGE('',*,*,#12938,.F.);
#12940=EDGE_LOOP('',(#12932,#12933,#12934,#12939));
#12941=FACE_OUTER_BOUND('',#12940,.T.);
#12942=ADVANCED_FACE('',(#12941),#12931,.T.);
#12943=DIRECTION('',(0.099104,-0.995077,0));
#12944=DIRECTION('',(0,0,-1));
#12945=AXIS2_PLACEMENT_3D('',#1206,#12943,#12944);
#12946=PLANE('',#12945);
#12947=ORIENTED_EDGE('',*,*,#3100,.T.);
#12948=ORIENTED_EDGE('',*,*,#9123,.T.);
#12949=ORIENTED_EDGE('',*,*,#9111,.F.);
#12950=ORIENTED_EDGE('',*,*,#9483,.F.);
#12951=EDGE_LOOP('',(#12947,#12948,#12949,#12950));
#12952=FACE_OUTER_BOUND('',#12951,.T.);
#12953=ADVANCED_FACE('',(#12952),#12946,.T.);
#12954=DIRECTION('',(-0.061417,0.998112,0));
#12955=DIRECTION('',(0,-0,1));
#12956=AXIS2_PLACEMENT_3D('',#1208,#12954,#12955);
#12957=PLANE('',#12956);
#12958=ORIENTED_EDGE('',*,*,#11836,.F.);
#12959=ORIENTED_EDGE('',*,*,#12938,.T.);
#12960=ORIENTED_EDGE('',*,*,#5651,.T.);
#12961=DIRECTION('',(0,0,1));
#12962=VECTOR('',#12961,13.099998);
#12963=LINE('',#1208,#12962);
#12964=EDGE_CURVE('',#1209,#1419,#12963,.T.);
#12965=ORIENTED_EDGE('',*,*,#12964,.F.);
#12966=EDGE_LOOP('',(#12958,#12959,#12960,#12965));
#12967=FACE_OUTER_BOUND('',#12966,.T.);
#12968=ADVANCED_FACE('',(#12967),#12957,.T.);
#12969=DIRECTION('',(-0.070839,0.997488,0));
#12970=DIRECTION('',(0,-0,1));
#12971=AXIS2_PLACEMENT_3D('',#1420,#12969,#12970);
#12972=PLANE('',#12971);
#12973=DIRECTION('',(0,0,1));
#12974=VECTOR('',#12973,13.099998);
#12975=LINE('',#1210,#12974);
#12976=EDGE_CURVE('',#1211,#1421,#12975,.T.);
#12977=ORIENTED_EDGE('',*,*,#12976,.F.);
#12978=ORIENTED_EDGE('',*,*,#11841,.F.);
#12979=ORIENTED_EDGE('',*,*,#12964,.T.);
#12980=ORIENTED_EDGE('',*,*,#5646,.T.);
#12981=EDGE_LOOP('',(#12977,#12978,#12979,#12980));
#12982=FACE_OUTER_BOUND('',#12981,.T.);
#12983=ADVANCED_FACE('',(#12982),#12972,.T.);
#12984=DIRECTION('',(-0.080272,0.996773,0));
#12985=DIRECTION('',(0,-0,1));
#12986=AXIS2_PLACEMENT_3D('',#1212,#12984,#12985);
#12987=PLANE('',#12986);
#12988=ORIENTED_EDGE('',*,*,#11846,.F.);
#12989=ORIENTED_EDGE('',*,*,#12976,.T.);
#12990=ORIENTED_EDGE('',*,*,#5641,.T.);
#12991=DIRECTION('',(0,0,1));
#12992=VECTOR('',#12991,13.099998);
#12993=LINE('',#1212,#12992);
#12994=EDGE_CURVE('',#1213,#1423,#12993,.T.);
#12995=ORIENTED_EDGE('',*,*,#12994,.F.);
#12996=EDGE_LOOP('',(#12988,#12989,#12990,#12995));
#12997=FACE_OUTER_BOUND('',#12996,.T.);
#12998=ADVANCED_FACE('',(#12997),#12987,.T.);
#12999=DIRECTION('',(-0.089694,0.995969,0));
#13000=DIRECTION('',(0,-0,1));
#13001=AXIS2_PLACEMENT_3D('',#1212,#12999,#13000);
#13002=PLANE('',#13001);
#13003=ORIENTED_EDGE('',*,*,#12994,.T.);
#13004=ORIENTED_EDGE('',*,*,#5636,.T.);
#13005=DIRECTION('',(0,0,1));
#13006=VECTOR('',#13005,13.099998);
#13007=LINE('',#1220,#13006);
#13008=EDGE_CURVE('',#1221,#1439,#13007,.T.);
#13009=ORIENTED_EDGE('',*,*,#13008,.F.);
#13010=ORIENTED_EDGE('',*,*,#11851,.F.);
#13011=EDGE_LOOP('',(#13003,#13004,#13009,#13010));
#13012=FACE_OUTER_BOUND('',#13011,.T.);
#13013=ADVANCED_FACE('',(#13012),#13002,.T.);
#13014=DIRECTION('',(0.117896,-0.993026,0));
#13015=DIRECTION('',(0,0,-1));
#13016=AXIS2_PLACEMENT_3D('',#1426,#13014,#13015);
#13017=PLANE('',#13016);
#13018=ORIENTED_EDGE('',*,*,#9129,.F.);
#13019=ORIENTED_EDGE('',*,*,#3090,.T.);
#13020=ORIENTED_EDGE('',*,*,#9201,.T.);
#13021=ORIENTED_EDGE('',*,*,#9167,.F.);
#13022=EDGE_LOOP('',(#13018,#13019,#13020,#13021));
#13023=FACE_OUTER_BOUND('',#13022,.T.);
#13024=ADVANCED_FACE('',(#13023),#13017,.T.);
#13025=DIRECTION('',(-0.099095,0.995078,0));
#13026=DIRECTION('',(0,-0,1));
#13027=AXIS2_PLACEMENT_3D('',#1440,#13025,#13026);
#13028=PLANE('',#13027);
#13029=DIRECTION('',(0,0,1));
#13030=VECTOR('',#13029,13.099998);
#13031=LINE('',#1222,#13030);
#13032=EDGE_CURVE('',#1223,#1441,#13031,.T.);
#13033=ORIENTED_EDGE('',*,*,#13032,.F.);
#13034=ORIENTED_EDGE('',*,*,#11578,.F.);
#13035=ORIENTED_EDGE('',*,*,#13008,.T.);
#13036=ORIENTED_EDGE('',*,*,#5631,.T.);
#13037=EDGE_LOOP('',(#13033,#13034,#13035,#13036));
#13038=FACE_OUTER_BOUND('',#13037,.T.);
#13039=ADVANCED_FACE('',(#13038),#13028,.T.);
#13040=DIRECTION('',(-0.108507,0.994096,0));
#13041=DIRECTION('',(0,-0,1));
#13042=AXIS2_PLACEMENT_3D('',#1222,#13040,#13041);
#13043=PLANE('',#13042);
#13044=ORIENTED_EDGE('',*,*,#13032,.T.);
#13045=ORIENTED_EDGE('',*,*,#5626,.T.);
#13046=DIRECTION('',(0,0,1));
#13047=VECTOR('',#13046,13.099998);
#13048=LINE('',#1224,#13047);
#13049=EDGE_CURVE('',#1225,#1443,#13048,.T.);
#13050=ORIENTED_EDGE('',*,*,#13049,.F.);
#13051=ORIENTED_EDGE('',*,*,#11583,.F.);
#13052=EDGE_LOOP('',(#13044,#13045,#13050,#13051));
#13053=FACE_OUTER_BOUND('',#13052,.T.);
#13054=ADVANCED_FACE('',(#13053),#13043,.T.);
#13055=DIRECTION('',(-0.117898,0.993026,0));
#13056=DIRECTION('',(0,-0,1));
#13057=AXIS2_PLACEMENT_3D('',#1226,#13055,#13056);
#13058=PLANE('',#13057);
#13059=ORIENTED_EDGE('',*,*,#11588,.F.);
#13060=ORIENTED_EDGE('',*,*,#13049,.T.);
#13061=ORIENTED_EDGE('',*,*,#5621,.T.);
#13062=DIRECTION('',(0,0,1));
#13063=VECTOR('',#13062,13.099998);
#13064=LINE('',#1226,#13063);
#13065=EDGE_CURVE('',#1227,#1445,#13064,.T.);
#13066=ORIENTED_EDGE('',*,*,#13065,.F.);
#13067=EDGE_LOOP('',(#13059,#13060,#13061,#13066));
#13068=FACE_OUTER_BOUND('',#13067,.T.);
#13069=ADVANCED_FACE('',(#13068),#13058,.T.);
#13070=DIRECTION('',(-0.127288,0.991866,0));
#13071=DIRECTION('',(0,-0,1));
#13072=AXIS2_PLACEMENT_3D('',#1452,#13070,#13071);
#13073=PLANE('',#13072);
#13074=DIRECTION('',(0,0,1));
#13075=VECTOR('',#13074,13.099998);
#13076=LINE('',#1234,#13075);
#13077=EDGE_CURVE('',#1235,#1453,#13076,.T.);
#13078=ORIENTED_EDGE('',*,*,#13077,.F.);
#13079=ORIENTED_EDGE('',*,*,#11593,.F.);
#13080=ORIENTED_EDGE('',*,*,#13065,.T.);
#13081=ORIENTED_EDGE('',*,*,#5616,.T.);
#13082=EDGE_LOOP('',(#13078,#13079,#13080,#13081));
#13083=FACE_OUTER_BOUND('',#13082,.T.);
#13084=ADVANCED_FACE('',(#13083),#13073,.T.);
#13085=DIRECTION('',(-0.136648,0.99062,0));
#13086=DIRECTION('',(0,-0,1));
#13087=AXIS2_PLACEMENT_3D('',#1454,#13085,#13086);
#13088=PLANE('',#13087);
#13089=DIRECTION('',(0,0,1));
#13090=VECTOR('',#13089,13.099998);
#13091=LINE('',#1236,#13090);
#13092=EDGE_CURVE('',#1237,#1455,#13091,.T.);
#13093=ORIENTED_EDGE('',*,*,#13092,.F.);
#13094=ORIENTED_EDGE('',*,*,#11598,.F.);
#13095=ORIENTED_EDGE('',*,*,#13077,.T.);
#13096=ORIENTED_EDGE('',*,*,#5611,.T.);
#13097=EDGE_LOOP('',(#13093,#13094,#13095,#13096));
#13098=FACE_OUTER_BOUND('',#13097,.T.);
#13099=ADVANCED_FACE('',(#13098),#13088,.T.);
#13100=DIRECTION('',(-0.146007,0.989284,0));
#13101=DIRECTION('',(0,-0,1));
#13102=AXIS2_PLACEMENT_3D('',#1236,#13100,#13101);
#13103=PLANE('',#13102);
#13104=ORIENTED_EDGE('',*,*,#13092,.T.);
#13105=ORIENTED_EDGE('',*,*,#5606,.T.);
#13106=DIRECTION('',(0,0,1));
#13107=VECTOR('',#13106,13.099998);
#13108=LINE('',#1238,#13107);
#13109=EDGE_CURVE('',#1239,#1457,#13108,.T.);
#13110=ORIENTED_EDGE('',*,*,#13109,.F.);
#13111=ORIENTED_EDGE('',*,*,#11603,.F.);
#13112=EDGE_LOOP('',(#13104,#13105,#13110,#13111));
#13113=FACE_OUTER_BOUND('',#13112,.T.);
#13114=ADVANCED_FACE('',(#13113),#13103,.T.);
#13115=DIRECTION('',(0.164693,-0.986345,0.000002));
#13116=DIRECTION('',(0,-0.000002,-1));
#13117=AXIS2_PLACEMENT_3D('',#1458,#13115,#13116);
#13118=PLANE('',#13117);
#13119=ORIENTED_EDGE('',*,*,#9213,.F.);
#13120=ORIENTED_EDGE('',*,*,#3065,.T.);
#13121=DIRECTION('',(-0.217995,-0.036398,0.975271));
#13122=VECTOR('',#13121,13.329628);
#13123=LINE('',#1242,#13122);
#13124=EDGE_CURVE('',#1243,#1459,#13123,.T.);
#13125=ORIENTED_EDGE('',*,*,#13124,.T.);
#13126=EDGE_LOOP('',(#13119,#13120,#13125));
#13127=FACE_OUTER_BOUND('',#13126,.T.);
#13128=ADVANCED_FACE('',(#13127),#13118,.T.);
#13129=DIRECTION('',(-0.155366,0.987857,0));
#13130=DIRECTION('',(0,-0,1));
#13131=AXIS2_PLACEMENT_3D('',#1488,#13129,#13130);
#13132=PLANE('',#13131);
#13133=DIRECTION('',(0,0,1));
#13134=VECTOR('',#13133,13.099998);
#13135=LINE('',#1264,#13134);
#13136=EDGE_CURVE('',#1265,#1489,#13135,.T.);
#13137=ORIENTED_EDGE('',*,*,#13136,.F.);
#13138=ORIENTED_EDGE('',*,*,#11608,.F.);
#13139=ORIENTED_EDGE('',*,*,#13109,.T.);
#13140=ORIENTED_EDGE('',*,*,#5601,.T.);
#13141=EDGE_LOOP('',(#13137,#13138,#13139,#13140));
#13142=FACE_OUTER_BOUND('',#13141,.T.);
#13143=ADVANCED_FACE('',(#13142),#13132,.T.);
#13144=DIRECTION('',(0.192587,-0.98128,0));
#13145=DIRECTION('',(0,0,-1));
#13146=AXIS2_PLACEMENT_3D('',#1246,#13144,#13145);
#13147=PLANE('',#13146);
#13148=ORIENTED_EDGE('',*,*,#3050,.T.);
#13149=DIRECTION('',(-0.156285,-0.030673,0.987236));
#13150=VECTOR('',#13149,13.168083);
#13151=LINE('',#1250,#13150);
#13152=EDGE_CURVE('',#1251,#1473,#13151,.T.);
#13153=ORIENTED_EDGE('',*,*,#13152,.T.);
#13154=ORIENTED_EDGE('',*,*,#9656,.F.);
#13155=EDGE_LOOP('',(#13148,#13153,#13154));
#13156=FACE_OUTER_BOUND('',#13155,.T.);
#13157=ADVANCED_FACE('',(#13156),#13147,.T.);
#13158=DIRECTION('',(0.192578,-0.981282,-0.000001));
#13159=DIRECTION('',(0,0.000001,-1));
#13160=AXIS2_PLACEMENT_3D('',#1250,#13158,#13159);
#13161=PLANE('',#13160);
#13162=ORIENTED_EDGE('',*,*,#12846,.T.);
#13163=ORIENTED_EDGE('',*,*,#9295,.T.);
#13164=ORIENTED_EDGE('',*,*,#13152,.F.);
#13165=EDGE_LOOP('',(#13162,#13163,#13164));
#13166=FACE_OUTER_BOUND('',#13165,.T.);
#13167=ADVANCED_FACE('',(#13166),#13161,.T.);
#13168=DIRECTION('',(0.164686,-0.986346,0));
#13169=DIRECTION('',(0,0,-1));
#13170=AXIS2_PLACEMENT_3D('',#1242,#13168,#13169);
#13171=PLANE('',#13170);
#13172=ORIENTED_EDGE('',*,*,#9240,.T.);
#13173=ORIENTED_EDGE('',*,*,#9267,.T.);
#13174=DIRECTION('',(0.985778,0.164592,0.033925));
#13175=VECTOR('',#13174,2.94771);
#13176=LINE('',#1458,#13175);
#13177=EDGE_CURVE('',#1459,#1469,#13176,.T.);
#13178=ORIENTED_EDGE('',*,*,#13177,.F.);
#13179=ORIENTED_EDGE('',*,*,#13124,.F.);
#13180=EDGE_LOOP('',(#13172,#13173,#13178,#13179));
#13181=FACE_OUTER_BOUND('',#13180,.T.);
#13182=ADVANCED_FACE('',(#13181),#13171,.T.);
#13183=DIRECTION('',(-0.164684,0.986346,0));
#13184=DIRECTION('',(0,-0,1));
#13185=AXIS2_PLACEMENT_3D('',#1490,#13183,#13184);
#13186=PLANE('',#13185);
#13187=DIRECTION('',(0,0,1));
#13188=VECTOR('',#13187,13.099998);
#13189=LINE('',#1266,#13188);
#13190=EDGE_CURVE('',#1267,#1491,#13189,.T.);
#13191=ORIENTED_EDGE('',*,*,#13190,.F.);
#13192=ORIENTED_EDGE('',*,*,#11613,.F.);
#13193=ORIENTED_EDGE('',*,*,#13136,.T.);
#13194=ORIENTED_EDGE('',*,*,#5596,.T.);
#13195=EDGE_LOOP('',(#13191,#13192,#13193,#13194));
#13196=FACE_OUTER_BOUND('',#13195,.T.);
#13197=ADVANCED_FACE('',(#13196),#13186,.T.);
#13198=DIRECTION('',(-0.174011,0.984744,0));
#13199=DIRECTION('',(0,-0,1));
#13200=AXIS2_PLACEMENT_3D('',#1266,#13198,#13199);
#13201=PLANE('',#13200);
#13202=ORIENTED_EDGE('',*,*,#13190,.T.);
#13203=ORIENTED_EDGE('',*,*,#5591,.T.);
#13204=DIRECTION('',(0,0,1));
#13205=VECTOR('',#13204,13.099998);
#13206=LINE('',#1268,#13205);
#13207=EDGE_CURVE('',#1269,#1493,#13206,.T.);
#13208=ORIENTED_EDGE('',*,*,#13207,.F.);
#13209=ORIENTED_EDGE('',*,*,#11618,.F.);
#13210=EDGE_LOOP('',(#13202,#13203,#13208,#13209));
#13211=FACE_OUTER_BOUND('',#13210,.T.);
#13212=ADVANCED_FACE('',(#13211),#13201,.T.);
#13213=DIRECTION('',(-0.183308,0.983056,0));
#13214=DIRECTION('',(0,-0,1));
#13215=AXIS2_PLACEMENT_3D('',#1492,#13213,#13214);
#13216=PLANE('',#13215);
#13217=ORIENTED_EDGE('',*,*,#5586,.T.);
#13218=DIRECTION('',(0,0,1));
#13219=VECTOR('',#13218,13.099998);
#13220=LINE('',#1270,#13219);
#13221=EDGE_CURVE('',#1271,#1495,#13220,.T.);
#13222=ORIENTED_EDGE('',*,*,#13221,.F.);
#13223=ORIENTED_EDGE('',*,*,#11623,.F.);
#13224=ORIENTED_EDGE('',*,*,#13207,.T.);
#13225=EDGE_LOOP('',(#13217,#13222,#13223,#13224));
#13226=FACE_OUTER_BOUND('',#13225,.T.);
#13227=ADVANCED_FACE('',(#13226),#13216,.T.);
#13228=DIRECTION('',(-0.192594,0.981279,0));
#13229=DIRECTION('',(0,-0,1));
#13230=AXIS2_PLACEMENT_3D('',#1496,#13228,#13229);
#13231=PLANE('',#13230);
#13232=DIRECTION('',(0,0,1));
#13233=VECTOR('',#13232,13.099998);
#13234=LINE('',#1272,#13233);
#13235=EDGE_CURVE('',#1273,#1497,#13234,.T.);
#13236=ORIENTED_EDGE('',*,*,#13235,.F.);
#13237=ORIENTED_EDGE('',*,*,#11628,.F.);
#13238=ORIENTED_EDGE('',*,*,#13221,.T.);
#13239=ORIENTED_EDGE('',*,*,#5581,.T.);
#13240=EDGE_LOOP('',(#13236,#13237,#13238,#13239));
#13241=FACE_OUTER_BOUND('',#13240,.T.);
#13242=ADVANCED_FACE('',(#13241),#13231,.T.);
#13243=DIRECTION('',(-0.201859,0.979415,0));
#13244=DIRECTION('',(0,-0,1));
#13245=AXIS2_PLACEMENT_3D('',#1496,#13243,#13244);
#13246=PLANE('',#13245);
#13247=ORIENTED_EDGE('',*,*,#5576,.T.);
#13248=DIRECTION('',(0,0,1));
#13249=VECTOR('',#13248,13.099998);
#13250=LINE('',#1274,#13249);
#13251=EDGE_CURVE('',#1275,#1499,#13250,.T.);
#13252=ORIENTED_EDGE('',*,*,#13251,.F.);
#13253=ORIENTED_EDGE('',*,*,#11633,.F.);
#13254=ORIENTED_EDGE('',*,*,#13235,.T.);
#13255=EDGE_LOOP('',(#13247,#13252,#13253,#13254));
#13256=FACE_OUTER_BOUND('',#13255,.T.);
#13257=ADVANCED_FACE('',(#13256),#13246,.T.);
#13258=DIRECTION('',(-0.211113,0.977462,0));
#13259=DIRECTION('',(0,-0,1));
#13260=AXIS2_PLACEMENT_3D('',#1500,#13258,#13259);
#13261=PLANE('',#13260);
#13262=DIRECTION('',(0,0,1));
#13263=VECTOR('',#13262,13.099998);
#13264=LINE('',#1276,#13263);
#13265=EDGE_CURVE('',#1277,#1501,#13264,.T.);
#13266=ORIENTED_EDGE('',*,*,#13265,.F.);
#13267=ORIENTED_EDGE('',*,*,#11638,.F.);
#13268=ORIENTED_EDGE('',*,*,#13251,.T.);
#13269=ORIENTED_EDGE('',*,*,#5571,.T.);
#13270=EDGE_LOOP('',(#13266,#13267,#13268,#13269));
#13271=FACE_OUTER_BOUND('',#13270,.T.);
#13272=ADVANCED_FACE('',(#13271),#13261,.T.);
#13273=DIRECTION('',(-0.220337,0.975424,0));
#13274=DIRECTION('',(0,-0,1));
#13275=AXIS2_PLACEMENT_3D('',#1502,#13273,#13274);
#13276=PLANE('',#13275);
#13277=DIRECTION('',(0,0,1));
#13278=VECTOR('',#13277,13.099998);
#13279=LINE('',#1278,#13278);
#13280=EDGE_CURVE('',#1279,#1503,#13279,.T.);
#13281=ORIENTED_EDGE('',*,*,#13280,.F.);
#13282=ORIENTED_EDGE('',*,*,#11643,.F.);
#13283=ORIENTED_EDGE('',*,*,#13265,.T.);
#13284=ORIENTED_EDGE('',*,*,#5566,.T.);
#13285=EDGE_LOOP('',(#13281,#13282,#13283,#13284));
#13286=FACE_OUTER_BOUND('',#13285,.T.);
#13287=ADVANCED_FACE('',(#13286),#13276,.T.);
#13288=DIRECTION('',(-0.229559,0.973295,0));
#13289=DIRECTION('',(0,-0,1));
#13290=AXIS2_PLACEMENT_3D('',#1504,#13288,#13289);
#13291=PLANE('',#13290);
#13292=DIRECTION('',(0,0,1));
#13293=VECTOR('',#13292,13.099998);
#13294=LINE('',#1280,#13293);
#13295=EDGE_CURVE('',#1281,#1505,#13294,.T.);
#13296=ORIENTED_EDGE('',*,*,#13295,.F.);
#13297=ORIENTED_EDGE('',*,*,#11648,.F.);
#13298=ORIENTED_EDGE('',*,*,#13280,.T.);
#13299=ORIENTED_EDGE('',*,*,#5561,.T.);
#13300=EDGE_LOOP('',(#13296,#13297,#13298,#13299));
#13301=FACE_OUTER_BOUND('',#13300,.T.);
#13302=ADVANCED_FACE('',(#13301),#13291,.T.);
#13303=DIRECTION('',(-0.238741,0.971083,0));
#13304=DIRECTION('',(0,-0,1));
#13305=AXIS2_PLACEMENT_3D('',#1280,#13303,#13304);
#13306=PLANE('',#13305);
#13307=ORIENTED_EDGE('',*,*,#13295,.T.);
#13308=ORIENTED_EDGE('',*,*,#5556,.T.);
#13309=DIRECTION('',(0,0,1));
#13310=VECTOR('',#13309,13.099998);
#13311=LINE('',#1282,#13310);
#13312=EDGE_CURVE('',#1283,#1507,#13311,.T.);
#13313=ORIENTED_EDGE('',*,*,#13312,.F.);
#13314=ORIENTED_EDGE('',*,*,#11653,.F.);
#13315=EDGE_LOOP('',(#13307,#13308,#13313,#13314));
#13316=FACE_OUTER_BOUND('',#13315,.T.);
#13317=ADVANCED_FACE('',(#13316),#13306,.T.);
#13318=DIRECTION('',(-0.247921,0.96878,0));
#13319=DIRECTION('',(0,-0,1));
#13320=AXIS2_PLACEMENT_3D('',#1506,#13318,#13319);
#13321=PLANE('',#13320);
#13322=ORIENTED_EDGE('',*,*,#5551,.T.);
#13323=DIRECTION('',(0,0,1));
#13324=VECTOR('',#13323,13.099998);
#13325=LINE('',#1290,#13324);
#13326=EDGE_CURVE('',#1291,#1693,#13325,.T.);
#13327=ORIENTED_EDGE('',*,*,#13326,.F.);
#13328=ORIENTED_EDGE('',*,*,#11658,.F.);
#13329=ORIENTED_EDGE('',*,*,#13312,.T.);
#13330=EDGE_LOOP('',(#13322,#13327,#13328,#13329));
#13331=FACE_OUTER_BOUND('',#13330,.T.);
#13332=ADVANCED_FACE('',(#13331),#13321,.T.);
#13333=DIRECTION('',(-0.257061,0.966395,0));
#13334=DIRECTION('',(0,-0,1));
#13335=AXIS2_PLACEMENT_3D('',#1692,#13333,#13334);
#13336=PLANE('',#13335);
#13337=ORIENTED_EDGE('',*,*,#5546,.T.);
#13338=DIRECTION('',(0,0,1));
#13339=VECTOR('',#13338,13.099998);
#13340=LINE('',#1292,#13339);
#13341=EDGE_CURVE('',#1293,#1695,#13340,.T.);
#13342=ORIENTED_EDGE('',*,*,#13341,.F.);
#13343=ORIENTED_EDGE('',*,*,#11663,.F.);
#13344=ORIENTED_EDGE('',*,*,#13326,.T.);
#13345=EDGE_LOOP('',(#13337,#13342,#13343,#13344));
#13346=FACE_OUTER_BOUND('',#13345,.T.);
#13347=ADVANCED_FACE('',(#13346),#13336,.T.);
#13348=DIRECTION('',(-0.26619,0.963921,0));
#13349=DIRECTION('',(0,-0,1));
#13350=AXIS2_PLACEMENT_3D('',#1294,#13348,#13349);
#13351=PLANE('',#13350);
#13352=ORIENTED_EDGE('',*,*,#11668,.F.);
#13353=ORIENTED_EDGE('',*,*,#13341,.T.);
#13354=ORIENTED_EDGE('',*,*,#5541,.T.);
#13355=DIRECTION('',(0,0,1));
#13356=VECTOR('',#13355,13.099998);
#13357=LINE('',#1294,#13356);
#13358=EDGE_CURVE('',#1295,#1697,#13357,.T.);
#13359=ORIENTED_EDGE('',*,*,#13358,.F.);
#13360=EDGE_LOOP('',(#13352,#13353,#13354,#13359));
#13361=FACE_OUTER_BOUND('',#13360,.T.);
#13362=ADVANCED_FACE('',(#13361),#13351,.T.);
#13363=DIRECTION('',(-0.275287,0.961362,0));
#13364=DIRECTION('',(0,-0,1));
#13365=AXIS2_PLACEMENT_3D('',#1294,#13363,#13364);
#13366=PLANE('',#13365);
#13367=ORIENTED_EDGE('',*,*,#13358,.T.);
#13368=ORIENTED_EDGE('',*,*,#5536,.T.);
#13369=DIRECTION('',(0,0,1));
#13370=VECTOR('',#13369,13.099998);
#13371=LINE('',#1304,#13370);
#13372=EDGE_CURVE('',#1305,#1707,#13371,.T.);
#13373=ORIENTED_EDGE('',*,*,#13372,.F.);
#13374=ORIENTED_EDGE('',*,*,#11673,.F.);
#13375=EDGE_LOOP('',(#13367,#13368,#13373,#13374));
#13376=FACE_OUTER_BOUND('',#13375,.T.);
#13377=ADVANCED_FACE('',(#13376),#13366,.T.);
#13378=DIRECTION('',(-0.284364,0.958716,0));
#13379=DIRECTION('',(0,-0,1));
#13380=AXIS2_PLACEMENT_3D('',#1706,#13378,#13379);
#13381=PLANE('',#13380);
#13382=ORIENTED_EDGE('',*,*,#5531,.T.);
#13383=DIRECTION('',(0,0,1));
#13384=VECTOR('',#13383,13.099998);
#13385=LINE('',#1306,#13384);
#13386=EDGE_CURVE('',#1307,#1709,#13385,.T.);
#13387=ORIENTED_EDGE('',*,*,#13386,.F.);
#13388=ORIENTED_EDGE('',*,*,#11678,.F.);
#13389=ORIENTED_EDGE('',*,*,#13372,.T.);
#13390=EDGE_LOOP('',(#13382,#13387,#13388,#13389));
#13391=FACE_OUTER_BOUND('',#13390,.T.);
#13392=ADVANCED_FACE('',(#13391),#13381,.T.);
#13393=DIRECTION('',(-0.293408,0.955987,0));
#13394=DIRECTION('',(0,-0,1));
#13395=AXIS2_PLACEMENT_3D('',#1708,#13393,#13394);
#13396=PLANE('',#13395);
#13397=ORIENTED_EDGE('',*,*,#5526,.T.);
#13398=DIRECTION('',(0,0,1));
#13399=VECTOR('',#13398,13.099998);
#13400=LINE('',#1308,#13399);
#13401=EDGE_CURVE('',#1309,#1711,#13400,.T.);
#13402=ORIENTED_EDGE('',*,*,#13401,.F.);
#13403=ORIENTED_EDGE('',*,*,#11683,.F.);
#13404=ORIENTED_EDGE('',*,*,#13386,.T.);
#13405=EDGE_LOOP('',(#13397,#13402,#13403,#13404));
#13406=FACE_OUTER_BOUND('',#13405,.T.);
#13407=ADVANCED_FACE('',(#13406),#13396,.T.);
#13408=DIRECTION('',(-0.302443,0.953168,0));
#13409=DIRECTION('',(0,-0,1));
#13410=AXIS2_PLACEMENT_3D('',#1308,#13408,#13409);
#13411=PLANE('',#13410);
#13412=ORIENTED_EDGE('',*,*,#13401,.T.);
#13413=ORIENTED_EDGE('',*,*,#5521,.T.);
#13414=DIRECTION('',(0,0,1));
#13415=VECTOR('',#13414,13.099998);
#13416=LINE('',#1310,#13415);
#13417=EDGE_CURVE('',#1311,#1713,#13416,.T.);
#13418=ORIENTED_EDGE('',*,*,#13417,.F.);
#13419=ORIENTED_EDGE('',*,*,#11688,.F.);
#13420=EDGE_LOOP('',(#13412,#13413,#13418,#13419));
#13421=FACE_OUTER_BOUND('',#13420,.T.);
#13422=ADVANCED_FACE('',(#13421),#13411,.T.);
#13423=DIRECTION('',(-0.311435,0.950267,0));
#13424=DIRECTION('',(0,-0,1));
#13425=AXIS2_PLACEMENT_3D('',#1712,#13423,#13424);
#13426=PLANE('',#13425);
#13427=ORIENTED_EDGE('',*,*,#5516,.T.);
#13428=DIRECTION('',(0,0,1));
#13429=VECTOR('',#13428,13.099998);
#13430=LINE('',#1318,#13429);
#13431=EDGE_CURVE('',#1319,#1725,#13430,.T.);
#13432=ORIENTED_EDGE('',*,*,#13431,.F.);
#13433=ORIENTED_EDGE('',*,*,#11693,.F.);
#13434=ORIENTED_EDGE('',*,*,#13417,.T.);
#13435=EDGE_LOOP('',(#13427,#13432,#13433,#13434));
#13436=FACE_OUTER_BOUND('',#13435,.T.);
#13437=ADVANCED_FACE('',(#13436),#13426,.T.);
#13438=DIRECTION('',(-0.320406,0.94728,0));
#13439=DIRECTION('',(0,-0,1));
#13440=AXIS2_PLACEMENT_3D('',#1320,#13438,#13439);
#13441=PLANE('',#13440);
#13442=ORIENTED_EDGE('',*,*,#11698,.F.);
#13443=ORIENTED_EDGE('',*,*,#13431,.T.);
#13444=ORIENTED_EDGE('',*,*,#5511,.T.);
#13445=DIRECTION('',(0,0,1));
#13446=VECTOR('',#13445,13.099998);
#13447=LINE('',#1320,#13446);
#13448=EDGE_CURVE('',#1321,#1727,#13447,.T.);
#13449=ORIENTED_EDGE('',*,*,#13448,.F.);
#13450=EDGE_LOOP('',(#13442,#13443,#13444,#13449));
#13451=FACE_OUTER_BOUND('',#13450,.T.);
#13452=ADVANCED_FACE('',(#13451),#13441,.T.);
#13453=DIRECTION('',(-0.329347,0.944209,0));
#13454=DIRECTION('',(0,-0,1));
#13455=AXIS2_PLACEMENT_3D('',#1322,#13453,#13454);
#13456=PLANE('',#13455);
#13457=ORIENTED_EDGE('',*,*,#11703,.F.);
#13458=ORIENTED_EDGE('',*,*,#13448,.T.);
#13459=ORIENTED_EDGE('',*,*,#5506,.T.);
#13460=DIRECTION('',(0,0,1));
#13461=VECTOR('',#13460,13.099998);
#13462=LINE('',#1322,#13461);
#13463=EDGE_CURVE('',#1323,#1729,#13462,.T.);
#13464=ORIENTED_EDGE('',*,*,#13463,.F.);
#13465=EDGE_LOOP('',(#13457,#13458,#13459,#13464));
#13466=FACE_OUTER_BOUND('',#13465,.T.);
#13467=ADVANCED_FACE('',(#13466),#13456,.T.);
#13468=DIRECTION('',(-0.338265,0.941051,0));
#13469=DIRECTION('',(0,-0,1));
#13470=AXIS2_PLACEMENT_3D('',#1728,#13468,#13469);
#13471=PLANE('',#13470);
#13472=ORIENTED_EDGE('',*,*,#5501,.T.);
#13473=DIRECTION('',(0,0,1));
#13474=VECTOR('',#13473,13.099998);
#13475=LINE('',#1324,#13474);
#13476=EDGE_CURVE('',#1325,#1731,#13475,.T.);
#13477=ORIENTED_EDGE('',*,*,#13476,.F.);
#13478=ORIENTED_EDGE('',*,*,#11708,.F.);
#13479=ORIENTED_EDGE('',*,*,#13463,.T.);
#13480=EDGE_LOOP('',(#13472,#13477,#13478,#13479));
#13481=FACE_OUTER_BOUND('',#13480,.T.);
#13482=ADVANCED_FACE('',(#13481),#13471,.T.);
#13483=DIRECTION('',(0.34714,-0.937813,0));
#13484=DIRECTION('',(0,0,-1));
#13485=AXIS2_PLACEMENT_3D('',#1734,#13483,#13484);
#13486=PLANE('',#13485);
#13487=ORIENTED_EDGE('',*,*,#10318,.F.);
#13488=ORIENTED_EDGE('',*,*,#10595,.F.);
#13489=ORIENTED_EDGE('',*,*,#11779,.T.);
#13490=ORIENTED_EDGE('',*,*,#10346,.T.);
#13491=EDGE_LOOP('',(#13487,#13488,#13489,#13490));
#13492=FACE_OUTER_BOUND('',#13491,.T.);
#13493=ADVANCED_FACE('',(#13492),#13486,.T.);
#13494=DIRECTION('',(-0.347133,0.937816,0));
#13495=DIRECTION('',(0,-0,1));
#13496=AXIS2_PLACEMENT_3D('',#1730,#13494,#13495);
#13497=PLANE('',#13496);
#13498=ORIENTED_EDGE('',*,*,#5496,.T.);
#13499=DIRECTION('',(0,0,1));
#13500=VECTOR('',#13499,13.099998);
#13501=LINE('',#1332,#13500);
#13502=EDGE_CURVE('',#1333,#1743,#13501,.T.);
#13503=ORIENTED_EDGE('',*,*,#13502,.F.);
#13504=ORIENTED_EDGE('',*,*,#11713,.F.);
#13505=ORIENTED_EDGE('',*,*,#13476,.T.);
#13506=EDGE_LOOP('',(#13498,#13503,#13504,#13505));
#13507=FACE_OUTER_BOUND('',#13506,.T.);
#13508=ADVANCED_FACE('',(#13507),#13497,.T.);
#13509=DIRECTION('',(-0.355998,0.934487,0));
#13510=DIRECTION('',(0,-0,1));
#13511=AXIS2_PLACEMENT_3D('',#1790,#13509,#13510);
#13512=PLANE('',#13511);
#13513=DIRECTION('',(0,0,1));
#13514=VECTOR('',#13513,13.099998);
#13515=LINE('',#1348,#13514);
#13516=EDGE_CURVE('',#1349,#1791,#13515,.T.);
#13517=ORIENTED_EDGE('',*,*,#13516,.F.);
#13518=ORIENTED_EDGE('',*,*,#11718,.F.);
#13519=ORIENTED_EDGE('',*,*,#13502,.T.);
#13520=ORIENTED_EDGE('',*,*,#5491,.T.);
#13521=EDGE_LOOP('',(#13517,#13518,#13519,#13520));
#13522=FACE_OUTER_BOUND('',#13521,.T.);
#13523=ADVANCED_FACE('',(#13522),#13512,.T.);
#13524=DIRECTION('',(-0.364804,0.931084,0));
#13525=DIRECTION('',(0,-0,1));
#13526=AXIS2_PLACEMENT_3D('',#1790,#13524,#13525);
#13527=PLANE('',#13526);
#13528=ORIENTED_EDGE('',*,*,#5486,.T.);
#13529=DIRECTION('',(0,0,1));
#13530=VECTOR('',#13529,13.099998);
#13531=LINE('',#1350,#13530);
#13532=EDGE_CURVE('',#1351,#1793,#13531,.T.);
#13533=ORIENTED_EDGE('',*,*,#13532,.F.);
#13534=ORIENTED_EDGE('',*,*,#11723,.F.);
#13535=ORIENTED_EDGE('',*,*,#13516,.T.);
#13536=EDGE_LOOP('',(#13528,#13533,#13534,#13535));
#13537=FACE_OUTER_BOUND('',#13536,.T.);
#13538=ADVANCED_FACE('',(#13537),#13527,.T.);
#13539=DIRECTION('',(-0.373596,0.927592,0));
#13540=DIRECTION('',(0,-0,1));
#13541=AXIS2_PLACEMENT_3D('',#1352,#13539,#13540);
#13542=PLANE('',#13541);
#13543=ORIENTED_EDGE('',*,*,#11728,.F.);
#13544=ORIENTED_EDGE('',*,*,#13532,.T.);
#13545=ORIENTED_EDGE('',*,*,#5481,.T.);
#13546=DIRECTION('',(0,0,1));
#13547=VECTOR('',#13546,13.099998);
#13548=LINE('',#1352,#13547);
#13549=EDGE_CURVE('',#1353,#1821,#13548,.T.);
#13550=ORIENTED_EDGE('',*,*,#13549,.F.);
#13551=EDGE_LOOP('',(#13543,#13544,#13545,#13550));
#13552=FACE_OUTER_BOUND('',#13551,.T.);
#13553=ADVANCED_FACE('',(#13552),#13542,.T.);
#13554=DIRECTION('',(-0.382347,0.924019,0));
#13555=DIRECTION('',(0,-0,1));
#13556=AXIS2_PLACEMENT_3D('',#1354,#13554,#13555);
#13557=PLANE('',#13556);
#13558=ORIENTED_EDGE('',*,*,#11733,.F.);
#13559=ORIENTED_EDGE('',*,*,#13549,.T.);
#13560=ORIENTED_EDGE('',*,*,#5476,.T.);
#13561=DIRECTION('',(0,0,1));
#13562=VECTOR('',#13561,13.099998);
#13563=LINE('',#1354,#13562);
#13564=EDGE_CURVE('',#1355,#1823,#13563,.T.);
#13565=ORIENTED_EDGE('',*,*,#13564,.F.);
#13566=EDGE_LOOP('',(#13558,#13559,#13560,#13565));
#13567=FACE_OUTER_BOUND('',#13566,.T.);
#13568=ADVANCED_FACE('',(#13567),#13557,.T.);
#13569=DIRECTION('',(-0.391067,0.920362,0));
#13570=DIRECTION('',(0,-0,1));
#13571=AXIS2_PLACEMENT_3D('',#1824,#13569,#13570);
#13572=PLANE('',#13571);
#13573=DIRECTION('',(0,0,1));
#13574=VECTOR('',#13573,13.099998);
#13575=LINE('',#1356,#13574);
#13576=EDGE_CURVE('',#1357,#1825,#13575,.T.);
#13577=ORIENTED_EDGE('',*,*,#13576,.F.);
#13578=ORIENTED_EDGE('',*,*,#11738,.F.);
#13579=ORIENTED_EDGE('',*,*,#13564,.T.);
#13580=ORIENTED_EDGE('',*,*,#5471,.T.);
#13581=EDGE_LOOP('',(#13577,#13578,#13579,#13580));
#13582=FACE_OUTER_BOUND('',#13581,.T.);
#13583=ADVANCED_FACE('',(#13582),#13572,.T.);
#13584=DIRECTION('',(-0.399746,0.916626,0));
#13585=DIRECTION('',(0,-0,1));
#13586=AXIS2_PLACEMENT_3D('',#1826,#13584,#13585);
#13587=PLANE('',#13586);
#13588=DIRECTION('',(0,0,1));
#13589=VECTOR('',#13588,13.099998);
#13590=LINE('',#1358,#13589);
#13591=EDGE_CURVE('',#1359,#1827,#13590,.T.);
#13592=ORIENTED_EDGE('',*,*,#13591,.F.);
#13593=ORIENTED_EDGE('',*,*,#11743,.F.);
#13594=ORIENTED_EDGE('',*,*,#13576,.T.);
#13595=ORIENTED_EDGE('',*,*,#5466,.T.);
#13596=EDGE_LOOP('',(#13592,#13593,#13594,#13595));
#13597=FACE_OUTER_BOUND('',#13596,.T.);
#13598=ADVANCED_FACE('',(#13597),#13587,.T.);
#13599=DIRECTION('',(-0.408402,0.912802,0));
#13600=DIRECTION('',(0,-0,1));
#13601=AXIS2_PLACEMENT_3D('',#1368,#13599,#13600);
#13602=PLANE('',#13601);
#13603=ORIENTED_EDGE('',*,*,#11748,.F.);
#13604=ORIENTED_EDGE('',*,*,#13591,.T.);
#13605=ORIENTED_EDGE('',*,*,#5461,.T.);
#13606=DIRECTION('',(0,0,1));
#13607=VECTOR('',#13606,13.099998);
#13608=LINE('',#1368,#13607);
#13609=EDGE_CURVE('',#1369,#1841,#13608,.T.);
#13610=ORIENTED_EDGE('',*,*,#13609,.F.);
#13611=EDGE_LOOP('',(#13603,#13604,#13605,#13610));
#13612=FACE_OUTER_BOUND('',#13611,.T.);
#13613=ADVANCED_FACE('',(#13612),#13602,.T.);
#13614=DIRECTION('',(-0.417008,0.908903,0));
#13615=DIRECTION('',(0,-0,1));
#13616=AXIS2_PLACEMENT_3D('',#1368,#13614,#13615);
#13617=PLANE('',#13616);
#13618=ORIENTED_EDGE('',*,*,#13609,.T.);
#13619=ORIENTED_EDGE('',*,*,#5456,.T.);
#13620=DIRECTION('',(0,0,1));
#13621=VECTOR('',#13620,13.099998);
#13622=LINE('',#1370,#13621);
#13623=EDGE_CURVE('',#1371,#1843,#13622,.T.);
#13624=ORIENTED_EDGE('',*,*,#13623,.F.);
#13625=ORIENTED_EDGE('',*,*,#11753,.F.);
#13626=EDGE_LOOP('',(#13618,#13619,#13624,#13625));
#13627=FACE_OUTER_BOUND('',#13626,.T.);
#13628=ADVANCED_FACE('',(#13627),#13617,.T.);
#13629=DIRECTION('',(-0.42558,0.904921,0));
#13630=DIRECTION('',(0,-0,1));
#13631=AXIS2_PLACEMENT_3D('',#1372,#13629,#13630);
#13632=PLANE('',#13631);
#13633=ORIENTED_EDGE('',*,*,#11758,.F.);
#13634=ORIENTED_EDGE('',*,*,#13623,.T.);
#13635=ORIENTED_EDGE('',*,*,#5451,.T.);
#13636=DIRECTION('',(0,0,1));
#13637=VECTOR('',#13636,13.099998);
#13638=LINE('',#1372,#13637);
#13639=EDGE_CURVE('',#1373,#1845,#13638,.T.);
#13640=ORIENTED_EDGE('',*,*,#13639,.F.);
#13641=EDGE_LOOP('',(#13633,#13634,#13635,#13640));
#13642=FACE_OUTER_BOUND('',#13641,.T.);
#13643=ADVANCED_FACE('',(#13642),#13632,.T.);
#13644=DIRECTION('',(-0.434122,0.900854,0));
#13645=DIRECTION('',(0,-0,1));
#13646=AXIS2_PLACEMENT_3D('',#1372,#13644,#13645);
#13647=PLANE('',#13646);
#13648=ORIENTED_EDGE('',*,*,#13639,.T.);
#13649=ORIENTED_EDGE('',*,*,#5446,.T.);
#13650=ORIENTED_EDGE('',*,*,#11214,.F.);
#13651=ORIENTED_EDGE('',*,*,#11763,.F.);
#13652=EDGE_LOOP('',(#13648,#13649,#13650,#13651));
#13653=FACE_OUTER_BOUND('',#13652,.T.);
#13654=ADVANCED_FACE('',(#13653),#13647,.T.);
#13655=DIRECTION('',(0.164693,-0.986345,-0.000196));
#13656=DIRECTION('',(0,0.000199,-1));
#13657=AXIS2_PLACEMENT_3D('',#1468,#13655,#13656);
#13658=PLANE('',#13657);
#13659=ORIENTED_EDGE('',*,*,#9639,.F.);
#13660=ORIENTED_EDGE('',*,*,#9218,.F.);
#13661=ORIENTED_EDGE('',*,*,#13177,.T.);
#13662=EDGE_LOOP('',(#13659,#13660,#13661));
#13663=FACE_OUTER_BOUND('',#13662,.T.);
#13664=ADVANCED_FACE('',(#13663),#13658,.T.);
#13665=CLOSED_SHELL('',(#1946,#2000,#2029,#2548,#2571,#2836,#2851,#2866,#2887,#3351,#3370,#3389,#3404,#3419,#3430,#3449,#3464,#3483,#3494,#3509,#3524,#3535,#3550,#3565,#3580,#3595,#3610,#3625,#3640,#3655,#3670,#3685,#3700,#3715,#3730,#3745,#3760,#3775,#3790,#3805,#3820,#3835,#3850,#3865,#3880,#3895,#3910,#3929,#3944,#3963,#3978,#3993,#4008,#4019,#4030,#4049,#4060,#4071,#4090,#4105,#4120,#4135,#4150,#4165,#4184,#4199,#4214,#4229,#4244,#4259,#4270,#4285,#4300,#4315,#4330,#4345,#4360,#4375,#4390,#4405,#4420,#4435,#4450,#4465,#4480,#4495,#4510,#4525,#4540,#4555,#4570,#4585,#4600,#4615,#4630,#4649,#4664,#4679,#4694,#4709,#4728,#4739,#4758,#4769,#4780,#4791,#4833,#4855,#4902,#4924,#4971,#4990,#5032,#5054,#5101,#5143,#6120,#6135,#6170,#6199,#6213,#6227,#6242,#6279,#6294,#6316,#6335,#6349,#6386,#6420,#6441,#6464,#6487,#6501,#7406,#7444,#7467,#7493,#7518,#7543,#7561,#7571,#7586,#7605,#7616,#7631,#7650,#7665,#7684,#7699,#7718,#7729,#7744,#7759,#7770,#7789,#7808,#7819,#7830,#7845,#7856,#7878,#7905,#7938,#7960,#7982,#8016,#8050,#8080,#8098,#8136,#8155,#8176,#8192,#8210,#8225,#8246,#8267,#8288,#8309,#8330,#8356,#8366,#8395,#8421,#8441,#8459,#8479,#8497,#8512,#8525,#8540,#8561,#8582,#8603,#8624,#8643,#8654,#8669,#8688,#8703,#8718,#8729,#8748,#8763,#8778,#8793,#8808,#8823,#8834,#8849,#8864,#8883,#8894,#8909,#8924,#8939,#8954,#8969,#8984,#8999,#9014,#9029,#9044,#9059,#9093,#9115,#9149,#9171,#9205,#9232,#9271,#9304,#9330,#9345,#9366,#9387,#9408,#9429,#9450,#9471,#9492,#9506,#9521,#9535,#9550,#9560,#9570,#9591,#9612,#9630,#9645,#9664,#9689,#9714,#9739,#9764,#9789,#9804,#9819,#9834,#9849,#9864,#9879,#9894,#9909,#9924,#9939,#9954,#9969,#9984,#9999,#10014,#10029,#10044,#10059,#10074,#10089,#10104,#10119,#10134,#10149,#10164,#10179,#10194,#10209,#10224,#10262,#10300,#10322,#10360,#10382,#10407,#10437,#10456,#10481,#10506,#10531,#10561,#10580,#10605,#10619,#10634,#10659,#10669,#10694,#10719,#10744,#10758,#10772,#10791,#10825,#10843,#10861,#10876,#10891,#10906,#10921,#10936,#10951,#10966,#10981,#10996,#11011,#11026,#11041,#11056,#11071,#11086,#11101,#11112,#11137,#11162,#11176,#11206,#11228,#11243,#11258,#11269,#11570,#11855,#11866,#11880,#11891,#11910,#11925,#11944,#11959,#11970,#11989,#12004,#12019,#12034,#12049,#12064,#12075,#12086,#12096,#12111,#12130,#12149,#12164,#12179,#12190,#12205,#12216,#12231,#12242,#12261,#12276,#12290,#12300,#12319,#12334,#12349,#12364,#12382,#12392,#12407,#12422,#12437,#12452,#12467,#12482,#12501,#12512,#12527,#12542,#12553,#12568,#12583,#12598,#12613,#12628,#12643,#12658,#12673,#12688,#12703,#12718,#12733,#12748,#12763,#12773,#12788,#12798,#12808,#12818,#12828,#12838,#12852,#12867,#12882,#12897,#12912,#12927,#12942,#12953,#12968,#12983,#12998,#13013,#13024,#13039,#13054,#13069,#13084,#13099,#13114,#13128,#13143,#13157,#13167,#13182,#13197,#13212,#13227,#13242,#13257,#13272,#13287,#13302,#13317,#13332,#13347,#13362,#13377,#13392,#13407,#13422,#13437,#13452,#13467,#13482,#13493,#13508,#13523,#13538,#13553,#13568,#13583,#13598,#13613,#13628,#13643,#13654,#13664));
#13666=MANIFOLD_SOLID_BREP('bracket_static',#13665);
#13667=CARTESIAN_POINT('',(0.,0.,0.));
#13668=DIRECTION('',(0.,0.,1.));
#13669=DIRECTION('',(1.,0.,0.));
#13670=AXIS2_PLACEMENT_3D('',#13667,#13668,#13669);
#13671=ADVANCED_BREP_SHAPE_REPRESENTATION('bracket_static',(#13666,#13670),#13);
#13672=SHAPE_DEFINITION_REPRESENTATION(#8,#13671);
ENDSEC;
END-ISO-10303-21;
