ISO-10303-21;
HEADER;
FILE_DESCRIPTION(('Wafer Halo'),'2;1');
FILE_NAME('bracket_top','2026-07-22T00:00:00',('wafer-flower'),('scripts/step_export.py'),'','','');
FILE_SCHEMA(('AUTOMOTIVE_DESIGN { 1 0 10303 214 1 1 1 1 }'));
ENDSEC;
DATA;
#1=APPLICATION_CONTEXT('automotive design');
#2=APPLICATION_PROTOCOL_DEFINITION('international standard','automotive_design',2010,#1);
#3=PRODUCT_CONTEXT('',#1,'mechanical');
#4=PRODUCT('bracket_top','bracket_top','',(#3));
#5=PRODUCT_DEFINITION_FORMATION('','',#4);
#6=PRODUCT_DEFINITION_CONTEXT('part definition',#1,'design');
#7=PRODUCT_DEFINITION('design','',#5,#6);
#8=PRODUCT_DEFINITION_SHAPE('','',#7);
#9=(LENGTH_UNIT()NAMED_UNIT(*)SI_UNIT(.MILLI.,.METRE.));
#10=(NAMED_UNIT(*)PLANE_ANGLE_UNIT()SI_UNIT($,.RADIAN.));
#11=(NAMED_UNIT(*)SI_UNIT($,.STERADIAN.)SOLID_ANGLE_UNIT());
#12=UNCERTAINTY_MEASURE_WITH_UNIT(LENGTH_MEASURE(1.E-03),#9,'distance_accuracy_value','');
#13=(GEOMETRIC_REPRESENTATION_CONTEXT(3)GLOBAL_UNCERTAINTY_ASSIGNED_CONTEXT((#12))GLOBAL_UNIT_ASSIGNED_CONTEXT((#9,#10,#11))REPRESENTATION_CONTEXT('',''));
#14=CARTESIAN_POINT('',(-68,223.835281,-48.660862));
#15=VERTEX_POINT('',#14);
#16=CARTESIAN_POINT('',(-52.244968,240.335236,-48.660862));
#17=VERTEX_POINT('',#16);
#18=CARTESIAN_POINT('',(-52.087128,240.122421,-48.660862));
#19=VERTEX_POINT('',#18);
#20=CARTESIAN_POINT('',(-52.168659,240.226898,-48.660862));
#21=VERTEX_POINT('',#20);
#22=CARTESIAN_POINT('',(-52.381187,240.562515,-48.660862));
#23=VERTEX_POINT('',#22);
#24=CARTESIAN_POINT('',(-52.440769,240.680878,-48.660862));
#25=VERTEX_POINT('',#24);
#26=CARTESIAN_POINT('',(-52.494476,240.802032,-48.660862));
#27=VERTEX_POINT('',#26);
#28=CARTESIAN_POINT('',(-52.542168,240.925674,-48.660862));
#29=VERTEX_POINT('',#28);
#30=CARTESIAN_POINT('',(-52.58374,241.051514,-48.660862));
#31=VERTEX_POINT('',#30);
#32=CARTESIAN_POINT('',(-52.315868,240.447205,-48.660862));
#33=VERTEX_POINT('',#32);
#34=CARTESIAN_POINT('',(-51.500038,239.590317,-48.660862));
#35=VERTEX_POINT('',#34);
#36=CARTESIAN_POINT('',(-51.27277,239.454086,-48.660862));
#37=VERTEX_POINT('',#36);
#38=CARTESIAN_POINT('',(-51.388077,239.519409,-48.660862));
#39=VERTEX_POINT('',#38);
#40=CARTESIAN_POINT('',(-51.1544,239.394516,-48.660862));
#41=VERTEX_POINT('',#40);
#42=CARTESIAN_POINT('',(-51.033245,239.340805,-48.660862));
#43=VERTEX_POINT('',#42);
#44=CARTESIAN_POINT('',(-51.81321,239.834717,-48.660862));
#45=VERTEX_POINT('',#44);
#46=CARTESIAN_POINT('',(-51.909187,239.926086,-48.660862));
#47=VERTEX_POINT('',#46);
#48=CARTESIAN_POINT('',(-52.000568,240.022064,-48.660862));
#49=VERTEX_POINT('',#48);
#50=CARTESIAN_POINT('',(-51.71286,239.748154,-48.660862));
#51=VERTEX_POINT('',#50);
#52=CARTESIAN_POINT('',(-51.608387,239.666626,-48.660862));
#53=VERTEX_POINT('',#52);
#54=CARTESIAN_POINT('',(-52.619083,241.17923,-48.660862));
#55=VERTEX_POINT('',#54);
#56=CARTESIAN_POINT('',(-52.648121,241.308533,-48.660862));
#57=VERTEX_POINT('',#56);
#58=CARTESIAN_POINT('',(-52.670776,241.439102,-48.660862));
#59=VERTEX_POINT('',#58);
#60=CARTESIAN_POINT('',(-52.687,241.570633,-48.660862));
#61=VERTEX_POINT('',#60);
#62=CARTESIAN_POINT('',(-52.696747,241.702805,-48.660862));
#63=VERTEX_POINT('',#62);
#64=CARTESIAN_POINT('',(-52.700001,241.835281,-48.660862));
#65=VERTEX_POINT('',#64);
#66=CARTESIAN_POINT('',(-52.696747,241.967758,-48.660862));
#67=VERTEX_POINT('',#66);
#68=CARTESIAN_POINT('',(-52.687,242.09993,-48.660862));
#69=VERTEX_POINT('',#68);
#70=CARTESIAN_POINT('',(-52.670776,242.231445,-48.660862));
#71=VERTEX_POINT('',#70);
#72=CARTESIAN_POINT('',(-52.648121,242.36203,-48.660862));
#73=VERTEX_POINT('',#72);
#74=CARTESIAN_POINT('',(-52.619083,242.491333,-48.660862));
#75=VERTEX_POINT('',#74);
#76=CARTESIAN_POINT('',(-52.58374,242.619049,-48.660862));
#77=VERTEX_POINT('',#76);
#78=CARTESIAN_POINT('',(-52.542168,242.744888,-48.660862));
#79=VERTEX_POINT('',#78);
#80=CARTESIAN_POINT('',(-52.494476,242.86853,-48.660862));
#81=VERTEX_POINT('',#80);
#82=CARTESIAN_POINT('',(-52.440769,242.989685,-48.660862));
#83=VERTEX_POINT('',#82);
#84=CARTESIAN_POINT('',(-52.381187,243.108047,-48.660862));
#85=VERTEX_POINT('',#84);
#86=CARTESIAN_POINT('',(-52.315868,243.223358,-48.660862));
#87=VERTEX_POINT('',#86);
#88=CARTESIAN_POINT('',(-52.244968,243.335312,-48.660862));
#89=VERTEX_POINT('',#88);
#90=CARTESIAN_POINT('',(-52.168659,243.443665,-48.660862));
#91=VERTEX_POINT('',#90);
#92=CARTESIAN_POINT('',(-52.087128,243.548141,-48.660862));
#93=VERTEX_POINT('',#92);
#94=CARTESIAN_POINT('',(-52.000568,243.648483,-48.660862));
#95=VERTEX_POINT('',#94);
#96=CARTESIAN_POINT('',(-51.909187,243.744461,-48.660862));
#97=VERTEX_POINT('',#96);
#98=CARTESIAN_POINT('',(-51.81321,243.835846,-48.660862));
#99=VERTEX_POINT('',#98);
#100=CARTESIAN_POINT('',(-51.71286,243.922409,-48.660862));
#101=VERTEX_POINT('',#100);
#102=CARTESIAN_POINT('',(-51.608387,244.003937,-48.660862));
#103=VERTEX_POINT('',#102);
#104=CARTESIAN_POINT('',(-51.500038,244.080246,-48.660862));
#105=VERTEX_POINT('',#104);
#106=CARTESIAN_POINT('',(-51.388077,244.151154,-48.660862));
#107=VERTEX_POINT('',#106);
#108=CARTESIAN_POINT('',(-51.27277,244.216461,-48.660862));
#109=VERTEX_POINT('',#108);
#110=CARTESIAN_POINT('',(-51.1544,244.276047,-48.660862));
#111=VERTEX_POINT('',#110);
#112=CARTESIAN_POINT('',(-51.033245,244.329758,-48.660862));
#113=VERTEX_POINT('',#112);
#114=CARTESIAN_POINT('',(-50.909603,239.293106,-48.660862));
#115=VERTEX_POINT('',#114);
#116=CARTESIAN_POINT('',(-50.783768,239.251541,-48.660862));
#117=VERTEX_POINT('',#116);
#118=CARTESIAN_POINT('',(-50.656048,239.216202,-48.660862));
#119=VERTEX_POINT('',#118);
#120=CARTESIAN_POINT('',(-50.526745,239.187164,-48.660862));
#121=VERTEX_POINT('',#120);
#122=CARTESIAN_POINT('',(-50.396172,239.164505,-48.660862));
#123=VERTEX_POINT('',#122);
#124=CARTESIAN_POINT('',(-50.264645,239.148285,-48.660862));
#125=VERTEX_POINT('',#124);
#126=CARTESIAN_POINT('',(-50.132484,239.138535,-48.660862));
#127=VERTEX_POINT('',#126);
#128=CARTESIAN_POINT('',(-50,239.135284,-48.660862));
#129=VERTEX_POINT('',#128);
#130=CARTESIAN_POINT('',(-49.867516,239.138535,-48.660862));
#131=VERTEX_POINT('',#130);
#132=CARTESIAN_POINT('',(-49.735355,239.148285,-48.660862));
#133=VERTEX_POINT('',#132);
#134=CARTESIAN_POINT('',(-49.603828,239.164505,-48.660862));
#135=VERTEX_POINT('',#134);
#136=CARTESIAN_POINT('',(-49.473255,239.187164,-48.660862));
#137=VERTEX_POINT('',#136);
#138=CARTESIAN_POINT('',(-49.343952,239.216202,-48.660862));
#139=VERTEX_POINT('',#138);
#140=CARTESIAN_POINT('',(-49.216232,239.251541,-48.660862));
#141=VERTEX_POINT('',#140);
#142=CARTESIAN_POINT('',(-49.090397,239.293106,-48.660862));
#143=VERTEX_POINT('',#142);
#144=CARTESIAN_POINT('',(-48.966755,239.340805,-48.660862));
#145=VERTEX_POINT('',#144);
#146=CARTESIAN_POINT('',(-48.8456,239.394516,-48.660862));
#147=VERTEX_POINT('',#146);
#148=CARTESIAN_POINT('',(-48.72723,239.454086,-48.660862));
#149=VERTEX_POINT('',#148);
#150=CARTESIAN_POINT('',(-48.611923,239.519409,-48.660862));
#151=VERTEX_POINT('',#150);
#152=CARTESIAN_POINT('',(-48.499962,239.590317,-48.660862));
#153=VERTEX_POINT('',#152);
#154=CARTESIAN_POINT('',(-48.391613,239.666626,-48.660862));
#155=VERTEX_POINT('',#154);
#156=CARTESIAN_POINT('',(-48.28714,239.748154,-48.660862));
#157=VERTEX_POINT('',#156);
#158=CARTESIAN_POINT('',(-48.18679,239.834717,-48.660862));
#159=VERTEX_POINT('',#158);
#160=CARTESIAN_POINT('',(-48.090813,239.926086,-48.660862));
#161=VERTEX_POINT('',#160);
#162=CARTESIAN_POINT('',(-47.999432,240.022064,-48.660862));
#163=VERTEX_POINT('',#162);
#164=CARTESIAN_POINT('',(-47.912872,240.122421,-48.660862));
#165=VERTEX_POINT('',#164);
#166=CARTESIAN_POINT('',(-47.831341,240.226898,-48.660862));
#167=VERTEX_POINT('',#166);
#168=CARTESIAN_POINT('',(-47.755032,240.335236,-48.660862));
#169=VERTEX_POINT('',#168);
#170=CARTESIAN_POINT('',(-47.684132,240.447205,-48.660862));
#171=VERTEX_POINT('',#170);
#172=CARTESIAN_POINT('',(-47.618813,240.562515,-48.660862));
#173=VERTEX_POINT('',#172);
#174=CARTESIAN_POINT('',(-47.559231,240.680878,-48.660862));
#175=VERTEX_POINT('',#174);
#176=CARTESIAN_POINT('',(-47.505524,240.802032,-48.660862));
#177=VERTEX_POINT('',#176);
#178=CARTESIAN_POINT('',(-47.457832,240.925674,-48.660862));
#179=VERTEX_POINT('',#178);
#180=CARTESIAN_POINT('',(-47.41626,241.051514,-48.660862));
#181=VERTEX_POINT('',#180);
#182=CARTESIAN_POINT('',(-50.909603,244.377441,-48.660862));
#183=VERTEX_POINT('',#182);
#184=CARTESIAN_POINT('',(-50.783768,244.419022,-48.660862));
#185=VERTEX_POINT('',#184);
#186=CARTESIAN_POINT('',(-50.656048,244.454361,-48.660862));
#187=VERTEX_POINT('',#186);
#188=CARTESIAN_POINT('',(-50.526745,244.483398,-48.660862));
#189=VERTEX_POINT('',#188);
#190=CARTESIAN_POINT('',(-50.396172,244.506058,-48.660862));
#191=VERTEX_POINT('',#190);
#192=CARTESIAN_POINT('',(-50.264645,244.522278,-48.660862));
#193=VERTEX_POINT('',#192);
#194=CARTESIAN_POINT('',(-50.132484,244.532028,-48.660862));
#195=VERTEX_POINT('',#194);
#196=CARTESIAN_POINT('',(-50,244.535278,-48.660862));
#197=VERTEX_POINT('',#196);
#198=CARTESIAN_POINT('',(-49.867516,244.532028,-48.660862));
#199=VERTEX_POINT('',#198);
#200=CARTESIAN_POINT('',(-49.735355,244.522278,-48.660862));
#201=VERTEX_POINT('',#200);
#202=CARTESIAN_POINT('',(-49.603828,244.506058,-48.660862));
#203=VERTEX_POINT('',#202);
#204=CARTESIAN_POINT('',(-49.473255,244.483398,-48.660862));
#205=VERTEX_POINT('',#204);
#206=CARTESIAN_POINT('',(-49.343952,244.454361,-48.660862));
#207=VERTEX_POINT('',#206);
#208=CARTESIAN_POINT('',(-49.216232,244.419022,-48.660862));
#209=VERTEX_POINT('',#208);
#210=CARTESIAN_POINT('',(-48.966755,244.329758,-48.660862));
#211=VERTEX_POINT('',#210);
#212=CARTESIAN_POINT('',(-49.090397,244.377441,-48.660862));
#213=VERTEX_POINT('',#212);
#214=CARTESIAN_POINT('',(-48.28714,243.922409,-48.660862));
#215=VERTEX_POINT('',#214);
#216=CARTESIAN_POINT('',(-48.090813,243.744461,-48.660862));
#217=VERTEX_POINT('',#216);
#218=CARTESIAN_POINT('',(-48.18679,243.835846,-48.660862));
#219=VERTEX_POINT('',#218);
#220=CARTESIAN_POINT('',(-47.831341,243.443665,-48.660862));
#221=VERTEX_POINT('',#220);
#222=CARTESIAN_POINT('',(-47.912872,243.548141,-48.660862));
#223=VERTEX_POINT('',#222);
#224=CARTESIAN_POINT('',(-47.999432,243.648483,-48.660862));
#225=VERTEX_POINT('',#224);
#226=CARTESIAN_POINT('',(-47.380917,241.17923,-48.660862));
#227=VERTEX_POINT('',#226);
#228=CARTESIAN_POINT('',(-47.351879,241.308533,-48.660862));
#229=VERTEX_POINT('',#228);
#230=CARTESIAN_POINT('',(-47.329224,241.439102,-48.660862));
#231=VERTEX_POINT('',#230);
#232=CARTESIAN_POINT('',(-47.313,241.570633,-48.660862));
#233=VERTEX_POINT('',#232);
#234=CARTESIAN_POINT('',(-47.303253,241.702805,-48.660862));
#235=VERTEX_POINT('',#234);
#236=CARTESIAN_POINT('',(-47.299999,241.835281,-48.660862));
#237=VERTEX_POINT('',#236);
#238=CARTESIAN_POINT('',(-47.303253,241.967758,-48.660862));
#239=VERTEX_POINT('',#238);
#240=CARTESIAN_POINT('',(-47.313,242.09993,-48.660862));
#241=VERTEX_POINT('',#240);
#242=CARTESIAN_POINT('',(-47.329224,242.231445,-48.660862));
#243=VERTEX_POINT('',#242);
#244=CARTESIAN_POINT('',(-47.380917,242.491333,-48.660862));
#245=VERTEX_POINT('',#244);
#246=CARTESIAN_POINT('',(-47.351879,242.36203,-48.660862));
#247=VERTEX_POINT('',#246);
#248=CARTESIAN_POINT('',(-47.684132,243.223358,-48.660862));
#249=VERTEX_POINT('',#248);
#250=CARTESIAN_POINT('',(-47.559231,242.989685,-48.660862));
#251=VERTEX_POINT('',#250);
#252=CARTESIAN_POINT('',(-47.618813,243.108047,-48.660862));
#253=VERTEX_POINT('',#252);
#254=CARTESIAN_POINT('',(-47.41626,242.619049,-48.660862));
#255=VERTEX_POINT('',#254);
#256=CARTESIAN_POINT('',(-47.457832,242.744888,-48.660862));
#257=VERTEX_POINT('',#256);
#258=CARTESIAN_POINT('',(-47.505524,242.86853,-48.660862));
#259=VERTEX_POINT('',#258);
#260=CARTESIAN_POINT('',(-47.755032,243.335312,-48.660862));
#261=VERTEX_POINT('',#260);
#262=CARTESIAN_POINT('',(-48.8456,244.276047,-48.660862));
#263=VERTEX_POINT('',#262);
#264=CARTESIAN_POINT('',(-48.611923,244.151154,-48.660862));
#265=VERTEX_POINT('',#264);
#266=CARTESIAN_POINT('',(-48.72723,244.216461,-48.660862));
#267=VERTEX_POINT('',#266);
#268=CARTESIAN_POINT('',(-48.499962,244.080246,-48.660862));
#269=VERTEX_POINT('',#268);
#270=CARTESIAN_POINT('',(-48.391613,244.003937,-48.660862));
#271=VERTEX_POINT('',#270);
#272=CARTESIAN_POINT('',(-54.224998,239.395981,-46.660862));
#273=VERTEX_POINT('',#272);
#274=CARTESIAN_POINT('',(-52.244968,240.335236,-46.660862));
#275=VERTEX_POINT('',#274);
#276=CARTESIAN_POINT('',(-52.087128,240.122421,-46.660862));
#277=VERTEX_POINT('',#276);
#278=CARTESIAN_POINT('',(-52.168659,240.226898,-46.660862));
#279=VERTEX_POINT('',#278);
#280=CARTESIAN_POINT('',(-52.381187,240.562515,-46.660862));
#281=VERTEX_POINT('',#280);
#282=CARTESIAN_POINT('',(-52.440769,240.680878,-46.660862));
#283=VERTEX_POINT('',#282);
#284=CARTESIAN_POINT('',(-52.494476,240.802032,-46.660862));
#285=VERTEX_POINT('',#284);
#286=CARTESIAN_POINT('',(-52.58374,241.051514,-46.660862));
#287=VERTEX_POINT('',#286);
#288=CARTESIAN_POINT('',(-52.542168,240.925674,-46.660862));
#289=VERTEX_POINT('',#288);
#290=CARTESIAN_POINT('',(-52.315868,240.447205,-46.660862));
#291=VERTEX_POINT('',#290);
#292=CARTESIAN_POINT('',(-51.500038,239.590317,-46.660862));
#293=VERTEX_POINT('',#292);
#294=CARTESIAN_POINT('',(-51.27277,239.454086,-46.660862));
#295=VERTEX_POINT('',#294);
#296=CARTESIAN_POINT('',(-51.388077,239.519409,-46.660862));
#297=VERTEX_POINT('',#296);
#298=CARTESIAN_POINT('',(-51.1544,239.394516,-46.660862));
#299=VERTEX_POINT('',#298);
#300=CARTESIAN_POINT('',(-51.033245,239.340805,-46.660862));
#301=VERTEX_POINT('',#300);
#302=CARTESIAN_POINT('',(-51.81321,239.834717,-46.660862));
#303=VERTEX_POINT('',#302);
#304=CARTESIAN_POINT('',(-51.909187,239.926086,-46.660862));
#305=VERTEX_POINT('',#304);
#306=CARTESIAN_POINT('',(-52.000568,240.022064,-46.660862));
#307=VERTEX_POINT('',#306);
#308=CARTESIAN_POINT('',(-51.71286,239.748154,-46.660862));
#309=VERTEX_POINT('',#308);
#310=CARTESIAN_POINT('',(-51.608387,239.666626,-46.660862));
#311=VERTEX_POINT('',#310);
#312=CARTESIAN_POINT('',(-54.224998,244.274582,-46.660862));
#313=VERTEX_POINT('',#312);
#314=CARTESIAN_POINT('',(-52.619083,241.17923,-46.660862));
#315=VERTEX_POINT('',#314);
#316=CARTESIAN_POINT('',(-52.648121,241.308533,-46.660862));
#317=VERTEX_POINT('',#316);
#318=CARTESIAN_POINT('',(-52.670776,241.439102,-46.660862));
#319=VERTEX_POINT('',#318);
#320=CARTESIAN_POINT('',(-52.687,241.570633,-46.660862));
#321=VERTEX_POINT('',#320);
#322=CARTESIAN_POINT('',(-52.696747,241.702805,-46.660862));
#323=VERTEX_POINT('',#322);
#324=CARTESIAN_POINT('',(-52.700001,241.835281,-46.660862));
#325=VERTEX_POINT('',#324);
#326=CARTESIAN_POINT('',(-52.696747,241.967758,-46.660862));
#327=VERTEX_POINT('',#326);
#328=CARTESIAN_POINT('',(-52.687,242.09993,-46.660862));
#329=VERTEX_POINT('',#328);
#330=CARTESIAN_POINT('',(-52.670776,242.231445,-46.660862));
#331=VERTEX_POINT('',#330);
#332=CARTESIAN_POINT('',(-52.648121,242.36203,-46.660862));
#333=VERTEX_POINT('',#332);
#334=CARTESIAN_POINT('',(-52.619083,242.491333,-46.660862));
#335=VERTEX_POINT('',#334);
#336=CARTESIAN_POINT('',(-52.58374,242.619049,-46.660862));
#337=VERTEX_POINT('',#336);
#338=CARTESIAN_POINT('',(-52.542168,242.744888,-46.660862));
#339=VERTEX_POINT('',#338);
#340=CARTESIAN_POINT('',(-52.494476,242.86853,-46.660862));
#341=VERTEX_POINT('',#340);
#342=CARTESIAN_POINT('',(-52.440769,242.989685,-46.660862));
#343=VERTEX_POINT('',#342);
#344=CARTESIAN_POINT('',(-52.381187,243.108047,-46.660862));
#345=VERTEX_POINT('',#344);
#346=CARTESIAN_POINT('',(-52.315868,243.223358,-46.660862));
#347=VERTEX_POINT('',#346);
#348=CARTESIAN_POINT('',(-52.244968,243.335312,-46.660862));
#349=VERTEX_POINT('',#348);
#350=CARTESIAN_POINT('',(-52.168659,243.443665,-46.660862));
#351=VERTEX_POINT('',#350);
#352=CARTESIAN_POINT('',(-52.087128,243.548141,-46.660862));
#353=VERTEX_POINT('',#352);
#354=CARTESIAN_POINT('',(-52.000568,243.648483,-46.660862));
#355=VERTEX_POINT('',#354);
#356=CARTESIAN_POINT('',(-51.909187,243.744461,-46.660862));
#357=VERTEX_POINT('',#356);
#358=CARTESIAN_POINT('',(-51.81321,243.835846,-46.660862));
#359=VERTEX_POINT('',#358);
#360=CARTESIAN_POINT('',(-51.71286,243.922409,-46.660862));
#361=VERTEX_POINT('',#360);
#362=CARTESIAN_POINT('',(-51.608387,244.003937,-46.660862));
#363=VERTEX_POINT('',#362);
#364=CARTESIAN_POINT('',(-51.500038,244.080246,-46.660862));
#365=VERTEX_POINT('',#364);
#366=CARTESIAN_POINT('',(-51.388077,244.151154,-46.660862));
#367=VERTEX_POINT('',#366);
#368=CARTESIAN_POINT('',(-51.27277,244.216461,-46.660862));
#369=VERTEX_POINT('',#368);
#370=CARTESIAN_POINT('',(-51.1544,244.276047,-46.660862));
#371=VERTEX_POINT('',#370);
#372=CARTESIAN_POINT('',(-51.033245,244.329758,-46.660862));
#373=VERTEX_POINT('',#372);
#374=CARTESIAN_POINT('',(-50,236.956665,-46.660862));
#375=VERTEX_POINT('',#374);
#376=CARTESIAN_POINT('',(-50.909603,239.293106,-46.660862));
#377=VERTEX_POINT('',#376);
#378=CARTESIAN_POINT('',(-50.783768,239.251541,-46.660862));
#379=VERTEX_POINT('',#378);
#380=CARTESIAN_POINT('',(-50.656048,239.216202,-46.660862));
#381=VERTEX_POINT('',#380);
#382=CARTESIAN_POINT('',(-50.526745,239.187164,-46.660862));
#383=VERTEX_POINT('',#382);
#384=CARTESIAN_POINT('',(-50.396172,239.164505,-46.660862));
#385=VERTEX_POINT('',#384);
#386=CARTESIAN_POINT('',(-50.264645,239.148285,-46.660862));
#387=VERTEX_POINT('',#386);
#388=CARTESIAN_POINT('',(-50.132484,239.138535,-46.660862));
#389=VERTEX_POINT('',#388);
#390=CARTESIAN_POINT('',(-50,239.135284,-46.660862));
#391=VERTEX_POINT('',#390);
#392=CARTESIAN_POINT('',(-49.867516,239.138535,-46.660862));
#393=VERTEX_POINT('',#392);
#394=CARTESIAN_POINT('',(-49.735355,239.148285,-46.660862));
#395=VERTEX_POINT('',#394);
#396=CARTESIAN_POINT('',(-49.603828,239.164505,-46.660862));
#397=VERTEX_POINT('',#396);
#398=CARTESIAN_POINT('',(-49.473255,239.187164,-46.660862));
#399=VERTEX_POINT('',#398);
#400=CARTESIAN_POINT('',(-49.343952,239.216202,-46.660862));
#401=VERTEX_POINT('',#400);
#402=CARTESIAN_POINT('',(-49.216232,239.251541,-46.660862));
#403=VERTEX_POINT('',#402);
#404=CARTESIAN_POINT('',(-49.090397,239.293106,-46.660862));
#405=VERTEX_POINT('',#404);
#406=CARTESIAN_POINT('',(-48.966755,239.340805,-46.660862));
#407=VERTEX_POINT('',#406);
#408=CARTESIAN_POINT('',(-48.8456,239.394516,-46.660862));
#409=VERTEX_POINT('',#408);
#410=CARTESIAN_POINT('',(-48.72723,239.454086,-46.660862));
#411=VERTEX_POINT('',#410);
#412=CARTESIAN_POINT('',(-48.611923,239.519409,-46.660862));
#413=VERTEX_POINT('',#412);
#414=CARTESIAN_POINT('',(-48.499962,239.590317,-46.660862));
#415=VERTEX_POINT('',#414);
#416=CARTESIAN_POINT('',(-48.391613,239.666626,-46.660862));
#417=VERTEX_POINT('',#416);
#418=CARTESIAN_POINT('',(-48.28714,239.748154,-46.660862));
#419=VERTEX_POINT('',#418);
#420=CARTESIAN_POINT('',(-48.18679,239.834717,-46.660862));
#421=VERTEX_POINT('',#420);
#422=CARTESIAN_POINT('',(-48.090813,239.926086,-46.660862));
#423=VERTEX_POINT('',#422);
#424=CARTESIAN_POINT('',(-47.999432,240.022064,-46.660862));
#425=VERTEX_POINT('',#424);
#426=CARTESIAN_POINT('',(-47.912872,240.122421,-46.660862));
#427=VERTEX_POINT('',#426);
#428=CARTESIAN_POINT('',(-47.831341,240.226898,-46.660862));
#429=VERTEX_POINT('',#428);
#430=CARTESIAN_POINT('',(-47.755032,240.335236,-46.660862));
#431=VERTEX_POINT('',#430);
#432=CARTESIAN_POINT('',(-47.684132,240.447205,-46.660862));
#433=VERTEX_POINT('',#432);
#434=CARTESIAN_POINT('',(-47.618813,240.562515,-46.660862));
#435=VERTEX_POINT('',#434);
#436=CARTESIAN_POINT('',(-47.559231,240.680878,-46.660862));
#437=VERTEX_POINT('',#436);
#438=CARTESIAN_POINT('',(-47.505524,240.802032,-46.660862));
#439=VERTEX_POINT('',#438);
#440=CARTESIAN_POINT('',(-47.457832,240.925674,-46.660862));
#441=VERTEX_POINT('',#440);
#442=CARTESIAN_POINT('',(-47.41626,241.051514,-46.660862));
#443=VERTEX_POINT('',#442);
#444=CARTESIAN_POINT('',(-50.909603,244.377441,-46.660862));
#445=VERTEX_POINT('',#444);
#446=CARTESIAN_POINT('',(-50.783768,244.419022,-46.660862));
#447=VERTEX_POINT('',#446);
#448=CARTESIAN_POINT('',(-50.656048,244.454361,-46.660862));
#449=VERTEX_POINT('',#448);
#450=CARTESIAN_POINT('',(-50.526745,244.483398,-46.660862));
#451=VERTEX_POINT('',#450);
#452=CARTESIAN_POINT('',(-50.396172,244.506058,-46.660862));
#453=VERTEX_POINT('',#452);
#454=CARTESIAN_POINT('',(-50.264645,244.522278,-46.660862));
#455=VERTEX_POINT('',#454);
#456=CARTESIAN_POINT('',(-50.132484,244.532028,-46.660862));
#457=VERTEX_POINT('',#456);
#458=CARTESIAN_POINT('',(-50,244.535278,-46.660862));
#459=VERTEX_POINT('',#458);
#460=CARTESIAN_POINT('',(-50,246.713882,-46.660862));
#461=VERTEX_POINT('',#460);
#462=CARTESIAN_POINT('',(-49.867516,244.532028,-46.660862));
#463=VERTEX_POINT('',#462);
#464=CARTESIAN_POINT('',(-49.735355,244.522278,-46.660862));
#465=VERTEX_POINT('',#464);
#466=CARTESIAN_POINT('',(-49.603828,244.506058,-46.660862));
#467=VERTEX_POINT('',#466);
#468=CARTESIAN_POINT('',(-49.473255,244.483398,-46.660862));
#469=VERTEX_POINT('',#468);
#470=CARTESIAN_POINT('',(-49.343952,244.454361,-46.660862));
#471=VERTEX_POINT('',#470);
#472=CARTESIAN_POINT('',(-49.216232,244.419022,-46.660862));
#473=VERTEX_POINT('',#472);
#474=CARTESIAN_POINT('',(-48.966755,244.329758,-46.660862));
#475=VERTEX_POINT('',#474);
#476=CARTESIAN_POINT('',(-49.090397,244.377441,-46.660862));
#477=VERTEX_POINT('',#476);
#478=CARTESIAN_POINT('',(-48.28714,243.922409,-46.660862));
#479=VERTEX_POINT('',#478);
#480=CARTESIAN_POINT('',(-48.090813,243.744461,-46.660862));
#481=VERTEX_POINT('',#480);
#482=CARTESIAN_POINT('',(-48.18679,243.835846,-46.660862));
#483=VERTEX_POINT('',#482);
#484=CARTESIAN_POINT('',(-47.912872,243.548141,-46.660862));
#485=VERTEX_POINT('',#484);
#486=CARTESIAN_POINT('',(-47.831341,243.443665,-46.660862));
#487=VERTEX_POINT('',#486);
#488=CARTESIAN_POINT('',(-47.999432,243.648483,-46.660862));
#489=VERTEX_POINT('',#488);
#490=CARTESIAN_POINT('',(-47.380917,241.17923,-46.660862));
#491=VERTEX_POINT('',#490);
#492=CARTESIAN_POINT('',(-47.351879,241.308533,-46.660862));
#493=VERTEX_POINT('',#492);
#494=CARTESIAN_POINT('',(-47.329224,241.439102,-46.660862));
#495=VERTEX_POINT('',#494);
#496=CARTESIAN_POINT('',(-47.313,241.570633,-46.660862));
#497=VERTEX_POINT('',#496);
#498=CARTESIAN_POINT('',(-47.303253,241.702805,-46.660862));
#499=VERTEX_POINT('',#498);
#500=CARTESIAN_POINT('',(-47.299999,241.835281,-46.660862));
#501=VERTEX_POINT('',#500);
#502=CARTESIAN_POINT('',(-47.303253,241.967758,-46.660862));
#503=VERTEX_POINT('',#502);
#504=CARTESIAN_POINT('',(-47.313,242.09993,-46.660862));
#505=VERTEX_POINT('',#504);
#506=CARTESIAN_POINT('',(-47.329224,242.231445,-46.660862));
#507=VERTEX_POINT('',#506);
#508=CARTESIAN_POINT('',(-47.380917,242.491333,-46.660862));
#509=VERTEX_POINT('',#508);
#510=CARTESIAN_POINT('',(-47.351879,242.36203,-46.660862));
#511=VERTEX_POINT('',#510);
#512=CARTESIAN_POINT('',(-47.684132,243.223358,-46.660862));
#513=VERTEX_POINT('',#512);
#514=CARTESIAN_POINT('',(-47.559231,242.989685,-46.660862));
#515=VERTEX_POINT('',#514);
#516=CARTESIAN_POINT('',(-47.618813,243.108047,-46.660862));
#517=VERTEX_POINT('',#516);
#518=CARTESIAN_POINT('',(-47.41626,242.619049,-46.660862));
#519=VERTEX_POINT('',#518);
#520=CARTESIAN_POINT('',(-47.457832,242.744888,-46.660862));
#521=VERTEX_POINT('',#520);
#522=CARTESIAN_POINT('',(-47.505524,242.86853,-46.660862));
#523=VERTEX_POINT('',#522);
#524=CARTESIAN_POINT('',(-47.755032,243.335312,-46.660862));
#525=VERTEX_POINT('',#524);
#526=CARTESIAN_POINT('',(-48.8456,244.276047,-46.660862));
#527=VERTEX_POINT('',#526);
#528=CARTESIAN_POINT('',(-48.611923,244.151154,-46.660862));
#529=VERTEX_POINT('',#528);
#530=CARTESIAN_POINT('',(-48.72723,244.216461,-46.660862));
#531=VERTEX_POINT('',#530);
#532=CARTESIAN_POINT('',(-48.499962,244.080246,-46.660862));
#533=VERTEX_POINT('',#532);
#534=CARTESIAN_POINT('',(-48.391613,244.003937,-46.660862));
#535=VERTEX_POINT('',#534);
#536=CARTESIAN_POINT('',(-45.775002,239.395981,-46.660862));
#537=VERTEX_POINT('',#536);
#538=CARTESIAN_POINT('',(-45.775002,244.274582,-46.660862));
#539=VERTEX_POINT('',#538);
#540=CARTESIAN_POINT('',(-68,315.789673,-48.660862));
#541=VERTEX_POINT('',#540);
#542=CARTESIAN_POINT('',(-2.165064,248.75,-48.660862));
#543=VERTEX_POINT('',#542);
#544=CARTESIAN_POINT('',(-2.414814,249.352951,-48.660862));
#545=VERTEX_POINT('',#544);
#546=CARTESIAN_POINT('',(-2.478612,249.673691,-48.660862));
#547=VERTEX_POINT('',#546);
#548=CARTESIAN_POINT('',(-2.309699,249.043289,-48.660862));
#549=VERTEX_POINT('',#548);
#550=CARTESIAN_POINT('',(-2.5,250,-48.660862));
#551=VERTEX_POINT('',#550);
#552=CARTESIAN_POINT('',(-2.478612,250.326309,-48.660862));
#553=VERTEX_POINT('',#552);
#554=CARTESIAN_POINT('',(-2.414814,250.647049,-48.660862));
#555=VERTEX_POINT('',#554);
#556=CARTESIAN_POINT('',(-2.309699,250.956711,-48.660862));
#557=VERTEX_POINT('',#556);
#558=CARTESIAN_POINT('',(-2.165064,251.25,-48.660862));
#559=VERTEX_POINT('',#558);
#560=CARTESIAN_POINT('',(-1.767767,248.232239,-48.660862));
#561=VERTEX_POINT('',#560);
#562=CARTESIAN_POINT('',(-1.521904,248.016617,-48.660862));
#563=VERTEX_POINT('',#562);
#564=CARTESIAN_POINT('',(-1.25,247.83493,-48.660862));
#565=VERTEX_POINT('',#564);
#566=CARTESIAN_POINT('',(-1.983383,248.478104,-48.660862));
#567=VERTEX_POINT('',#566);
#568=CARTESIAN_POINT('',(-0.956709,247.690308,-48.660862));
#569=VERTEX_POINT('',#568);
#570=CARTESIAN_POINT('',(-0.647048,247.58519,-48.660862));
#571=VERTEX_POINT('',#570);
#572=CARTESIAN_POINT('',(-0.326315,247.521393,-48.660862));
#573=VERTEX_POINT('',#572);
#574=CARTESIAN_POINT('',(-1.983383,251.521896,-48.660862));
#575=VERTEX_POINT('',#574);
#576=CARTESIAN_POINT('',(-1.767767,251.767761,-48.660862));
#577=VERTEX_POINT('',#576);
#578=CARTESIAN_POINT('',(-1.521904,251.983383,-48.660862));
#579=VERTEX_POINT('',#578);
#580=CARTESIAN_POINT('',(-1.25,252.16507,-48.660862));
#581=VERTEX_POINT('',#580);
#582=CARTESIAN_POINT('',(-0.956709,252.309692,-48.660862));
#583=VERTEX_POINT('',#582);
#584=CARTESIAN_POINT('',(-0.647048,252.41481,-48.660862));
#585=VERTEX_POINT('',#584);
#586=CARTESIAN_POINT('',(-0.326315,252.478607,-48.660862));
#587=VERTEX_POINT('',#586);
#588=CARTESIAN_POINT('',(-33,315.789673,-48.660862));
#589=VERTEX_POINT('',#588);
#590=CARTESIAN_POINT('',(-33,315.789673,-47.910862));
#591=VERTEX_POINT('',#590);
#592=CARTESIAN_POINT('',(-16,315.789673,-47.910862));
#593=VERTEX_POINT('',#592);
#594=CARTESIAN_POINT('',(-68,223.835281,-43.660862));
#595=VERTEX_POINT('',#594);
#596=CARTESIAN_POINT('',(-54.224998,239.395981,-43.660862));
#597=VERTEX_POINT('',#596);
#598=CARTESIAN_POINT('',(-54.224998,244.274582,-43.660862));
#599=VERTEX_POINT('',#598);
#600=CARTESIAN_POINT('',(-56,252,-43.660862));
#601=VERTEX_POINT('',#600);
#602=CARTESIAN_POINT('',(-56,252,-43.160862));
#603=VERTEX_POINT('',#602);
#604=CARTESIAN_POINT('',(-56,262,-43.660862));
#605=VERTEX_POINT('',#604);
#606=CARTESIAN_POINT('',(-56,262,-43.160862));
#607=VERTEX_POINT('',#606);
#608=CARTESIAN_POINT('',(-50,236.956665,-43.660862));
#609=VERTEX_POINT('',#608);
#610=CARTESIAN_POINT('',(-50,246.713882,-43.660862));
#611=VERTEX_POINT('',#610);
#612=CARTESIAN_POINT('',(-45.775002,239.395981,-43.660862));
#613=VERTEX_POINT('',#612);
#614=CARTESIAN_POINT('',(-45.775002,244.274582,-43.660862));
#615=VERTEX_POINT('',#614);
#616=CARTESIAN_POINT('',(-44,252,-43.660862));
#617=VERTEX_POINT('',#616);
#618=CARTESIAN_POINT('',(-44,252,-43.160862));
#619=VERTEX_POINT('',#618);
#620=CARTESIAN_POINT('',(-44,262,-43.660862));
#621=VERTEX_POINT('',#620);
#622=CARTESIAN_POINT('',(-44,262,-43.160862));
#623=VERTEX_POINT('',#622);
#624=CARTESIAN_POINT('',(-68,315.789673,-43.660862));
#625=VERTEX_POINT('',#624);
#626=CARTESIAN_POINT('',(-2.165064,248.75,-43.660862));
#627=VERTEX_POINT('',#626);
#628=CARTESIAN_POINT('',(-2.414814,249.352951,-43.660862));
#629=VERTEX_POINT('',#628);
#630=CARTESIAN_POINT('',(-2.478612,249.673691,-43.660862));
#631=VERTEX_POINT('',#630);
#632=CARTESIAN_POINT('',(-2.309699,249.043289,-43.660862));
#633=VERTEX_POINT('',#632);
#634=CARTESIAN_POINT('',(-2.5,250,-43.660862));
#635=VERTEX_POINT('',#634);
#636=CARTESIAN_POINT('',(-2.478612,250.326309,-43.660862));
#637=VERTEX_POINT('',#636);
#638=CARTESIAN_POINT('',(-2.414814,250.647049,-43.660862));
#639=VERTEX_POINT('',#638);
#640=CARTESIAN_POINT('',(-2.309699,250.956711,-43.660862));
#641=VERTEX_POINT('',#640);
#642=CARTESIAN_POINT('',(-2.165064,251.25,-43.660862));
#643=VERTEX_POINT('',#642);
#644=CARTESIAN_POINT('',(-1.767767,248.232239,-43.660862));
#645=VERTEX_POINT('',#644);
#646=CARTESIAN_POINT('',(-1.521904,248.016617,-43.660862));
#647=VERTEX_POINT('',#646);
#648=CARTESIAN_POINT('',(-1.25,247.83493,-43.660862));
#649=VERTEX_POINT('',#648);
#650=CARTESIAN_POINT('',(-1.983383,248.478104,-43.660862));
#651=VERTEX_POINT('',#650);
#652=CARTESIAN_POINT('',(-0.956709,247.690308,-43.660862));
#653=VERTEX_POINT('',#652);
#654=CARTESIAN_POINT('',(-0.647048,247.58519,-43.660862));
#655=VERTEX_POINT('',#654);
#656=CARTESIAN_POINT('',(-0.326315,247.521393,-43.660862));
#657=VERTEX_POINT('',#656);
#658=CARTESIAN_POINT('',(-1.983383,251.521896,-43.660862));
#659=VERTEX_POINT('',#658);
#660=CARTESIAN_POINT('',(-1.767767,251.767761,-43.660862));
#661=VERTEX_POINT('',#660);
#662=CARTESIAN_POINT('',(-1.521904,251.983383,-43.660862));
#663=VERTEX_POINT('',#662);
#664=CARTESIAN_POINT('',(-1.25,252.16507,-43.660862));
#665=VERTEX_POINT('',#664);
#666=CARTESIAN_POINT('',(-0.956709,252.309692,-43.660862));
#667=VERTEX_POINT('',#666);
#668=CARTESIAN_POINT('',(-0.647048,252.41481,-43.660862));
#669=VERTEX_POINT('',#668);
#670=CARTESIAN_POINT('',(-0.326315,252.478607,-43.660862));
#671=VERTEX_POINT('',#670);
#672=CARTESIAN_POINT('',(-16,315.789673,-43.660862));
#673=VERTEX_POINT('',#672);
#674=CARTESIAN_POINT('',(-28.20125,348.854584,-48.660862));
#675=VERTEX_POINT('',#674);
#676=CARTESIAN_POINT('',(-27.916277,348.252045,-48.660862));
#677=VERTEX_POINT('',#676);
#678=CARTESIAN_POINT('',(-27.628235,347.843048,-48.660862));
#679=VERTEX_POINT('',#678);
#680=CARTESIAN_POINT('',(-27.826996,348.111053,-48.660862));
#681=VERTEX_POINT('',#680);
#682=CARTESIAN_POINT('',(-27.730906,347.974609,-48.660862));
#683=VERTEX_POINT('',#682);
#684=CARTESIAN_POINT('',(-28.073565,348.546326,-48.660862));
#685=VERTEX_POINT('',#684);
#686=CARTESIAN_POINT('',(-27.998533,348.397247,-48.660862));
#687=VERTEX_POINT('',#686);
#688=CARTESIAN_POINT('',(-28.14119,348.698883,-48.660862));
#689=VERTEX_POINT('',#688);
#690=CARTESIAN_POINT('',(-28.298107,349.173859,-48.660862));
#691=VERTEX_POINT('',#690);
#692=CARTESIAN_POINT('',(-28.334669,349.3367,-48.660862));
#693=VERTEX_POINT('',#692);
#694=CARTESIAN_POINT('',(-28.253597,349.013031,-48.660862));
#695=VERTEX_POINT('',#694);
#696=CARTESIAN_POINT('',(-28.363199,349.501129,-48.660862));
#697=VERTEX_POINT('',#696);
#698=CARTESIAN_POINT('',(-28.383629,349.666748,-48.660862));
#699=VERTEX_POINT('',#698);
#700=CARTESIAN_POINT('',(-28.395905,349.83316,-48.660862));
#701=VERTEX_POINT('',#700);
#702=CARTESIAN_POINT('',(-28.4,350,-48.660862));
#703=VERTEX_POINT('',#702);
#704=CARTESIAN_POINT('',(-28.395905,350.16684,-48.660862));
#705=VERTEX_POINT('',#704);
#706=CARTESIAN_POINT('',(-28.383629,350.333252,-48.660862));
#707=VERTEX_POINT('',#706);
#708=CARTESIAN_POINT('',(-27.2833,347.480774,-48.660862));
#709=VERTEX_POINT('',#708);
#710=CARTESIAN_POINT('',(-27.156937,347.371765,-48.660862));
#711=VERTEX_POINT('',#710);
#712=CARTESIAN_POINT('',(-26.888939,347.173004,-48.660862));
#713=VERTEX_POINT('',#712);
#714=CARTESIAN_POINT('',(-27.025377,347.269104,-48.660862));
#715=VERTEX_POINT('',#714);
#716=CARTESIAN_POINT('',(-26.74795,347.08371,-48.660862));
#717=VERTEX_POINT('',#716);
#718=CARTESIAN_POINT('',(-26.602749,347.001465,-48.660862));
#719=VERTEX_POINT('',#718);
#720=CARTESIAN_POINT('',(-26.145426,346.798737,-48.660862));
#721=VERTEX_POINT('',#720);
#722=CARTESIAN_POINT('',(-26.453688,346.926422,-48.660862));
#723=VERTEX_POINT('',#722);
#724=CARTESIAN_POINT('',(-26.301125,346.858795,-48.660862));
#725=VERTEX_POINT('',#724);
#726=CARTESIAN_POINT('',(-25.986967,346.746399,-48.660862));
#727=VERTEX_POINT('',#726);
#728=CARTESIAN_POINT('',(-25.826132,346.701904,-48.660862));
#729=VERTEX_POINT('',#728);
#730=CARTESIAN_POINT('',(-25.663307,346.665344,-48.660862));
#731=VERTEX_POINT('',#730);
#732=CARTESIAN_POINT('',(-27.519234,347.716705,-48.660862));
#733=VERTEX_POINT('',#732);
#734=CARTESIAN_POINT('',(-27.404163,347.595825,-48.660862));
#735=VERTEX_POINT('',#734);
#736=CARTESIAN_POINT('',(-28.363199,350.498871,-48.660862));
#737=VERTEX_POINT('',#736);
#738=CARTESIAN_POINT('',(-28.334669,350.6633,-48.660862));
#739=VERTEX_POINT('',#738);
#740=CARTESIAN_POINT('',(-28.298107,350.826141,-48.660862));
#741=VERTEX_POINT('',#740);
#742=CARTESIAN_POINT('',(-28.253597,350.986969,-48.660862));
#743=VERTEX_POINT('',#742);
#744=CARTESIAN_POINT('',(-28.20125,351.145416,-48.660862));
#745=VERTEX_POINT('',#744);
#746=CARTESIAN_POINT('',(-28.14119,351.301117,-48.660862));
#747=VERTEX_POINT('',#746);
#748=CARTESIAN_POINT('',(-28.073565,351.453674,-48.660862));
#749=VERTEX_POINT('',#748);
#750=CARTESIAN_POINT('',(-27.998533,351.602753,-48.660862));
#751=VERTEX_POINT('',#750);
#752=CARTESIAN_POINT('',(-27.916277,351.747955,-48.660862));
#753=VERTEX_POINT('',#752);
#754=CARTESIAN_POINT('',(-27.826996,351.888947,-48.660862));
#755=VERTEX_POINT('',#754);
#756=CARTESIAN_POINT('',(-27.730906,352.025391,-48.660862));
#757=VERTEX_POINT('',#756);
#758=CARTESIAN_POINT('',(-27.628235,352.156952,-48.660862));
#759=VERTEX_POINT('',#758);
#760=CARTESIAN_POINT('',(-27.519234,352.283295,-48.660862));
#761=VERTEX_POINT('',#760);
#762=CARTESIAN_POINT('',(-27.404163,352.404175,-48.660862));
#763=VERTEX_POINT('',#762);
#764=CARTESIAN_POINT('',(-27.2833,352.519226,-48.660862));
#765=VERTEX_POINT('',#764);
#766=CARTESIAN_POINT('',(-27.156937,352.628235,-48.660862));
#767=VERTEX_POINT('',#766);
#768=CARTESIAN_POINT('',(-27.025377,352.730896,-48.660862));
#769=VERTEX_POINT('',#768);
#770=CARTESIAN_POINT('',(-26.888939,352.826996,-48.660862));
#771=VERTEX_POINT('',#770);
#772=CARTESIAN_POINT('',(-26.74795,352.91629,-48.660862));
#773=VERTEX_POINT('',#772);
#774=CARTESIAN_POINT('',(-26.602749,352.998535,-48.660862));
#775=VERTEX_POINT('',#774);
#776=CARTESIAN_POINT('',(-26.453688,353.073578,-48.660862));
#777=VERTEX_POINT('',#776);
#778=CARTESIAN_POINT('',(-26.301125,353.141205,-48.660862));
#779=VERTEX_POINT('',#778);
#780=CARTESIAN_POINT('',(-26.145426,353.201263,-48.660862));
#781=VERTEX_POINT('',#780);
#782=CARTESIAN_POINT('',(-25.986967,353.253601,-48.660862));
#783=VERTEX_POINT('',#782);
#784=CARTESIAN_POINT('',(-25.826132,353.298096,-48.660862));
#785=VERTEX_POINT('',#784);
#786=CARTESIAN_POINT('',(-25.663307,353.334656,-48.660862));
#787=VERTEX_POINT('',#786);
#788=CARTESIAN_POINT('',(-25.498884,346.63681,-48.660862));
#789=VERTEX_POINT('',#788);
#790=CARTESIAN_POINT('',(-25.333258,346.616364,-48.660862));
#791=VERTEX_POINT('',#790);
#792=CARTESIAN_POINT('',(-25.16683,346.604095,-48.660862));
#793=VERTEX_POINT('',#792);
#794=CARTESIAN_POINT('',(-25,346.600006,-48.660862));
#795=VERTEX_POINT('',#794);
#796=CARTESIAN_POINT('',(-24.83317,346.604095,-48.660862));
#797=VERTEX_POINT('',#796);
#798=CARTESIAN_POINT('',(-24.666742,346.616364,-48.660862));
#799=VERTEX_POINT('',#798);
#800=CARTESIAN_POINT('',(-24.501116,346.63681,-48.660862));
#801=VERTEX_POINT('',#800);
#802=CARTESIAN_POINT('',(-24.336693,346.665344,-48.660862));
#803=VERTEX_POINT('',#802);
#804=CARTESIAN_POINT('',(-24.173868,346.701904,-48.660862));
#805=VERTEX_POINT('',#804);
#806=CARTESIAN_POINT('',(-24.013033,346.746399,-48.660862));
#807=VERTEX_POINT('',#806);
#808=CARTESIAN_POINT('',(-23.854574,346.798737,-48.660862));
#809=VERTEX_POINT('',#808);
#810=CARTESIAN_POINT('',(-23.698875,346.858795,-48.660862));
#811=VERTEX_POINT('',#810);
#812=CARTESIAN_POINT('',(-23.546312,346.926422,-48.660862));
#813=VERTEX_POINT('',#812);
#814=CARTESIAN_POINT('',(-23.397251,347.001465,-48.660862));
#815=VERTEX_POINT('',#814);
#816=CARTESIAN_POINT('',(-23.25205,347.08371,-48.660862));
#817=VERTEX_POINT('',#816);
#818=CARTESIAN_POINT('',(-23.111061,347.173004,-48.660862));
#819=VERTEX_POINT('',#818);
#820=CARTESIAN_POINT('',(-22.974623,347.269104,-48.660862));
#821=VERTEX_POINT('',#820);
#822=CARTESIAN_POINT('',(-22.843063,347.371765,-48.660862));
#823=VERTEX_POINT('',#822);
#824=CARTESIAN_POINT('',(-22.7167,347.480774,-48.660862));
#825=VERTEX_POINT('',#824);
#826=CARTESIAN_POINT('',(-22.595837,347.595825,-48.660862));
#827=VERTEX_POINT('',#826);
#828=CARTESIAN_POINT('',(-22.480766,347.716705,-48.660862));
#829=VERTEX_POINT('',#828);
#830=CARTESIAN_POINT('',(-22.371765,347.843048,-48.660862));
#831=VERTEX_POINT('',#830);
#832=CARTESIAN_POINT('',(-22.269094,347.974609,-48.660862));
#833=VERTEX_POINT('',#832);
#834=CARTESIAN_POINT('',(-22.173004,348.111053,-48.660862));
#835=VERTEX_POINT('',#834);
#836=CARTESIAN_POINT('',(-22.083723,348.252045,-48.660862));
#837=VERTEX_POINT('',#836);
#838=CARTESIAN_POINT('',(-22.001467,348.397247,-48.660862));
#839=VERTEX_POINT('',#838);
#840=CARTESIAN_POINT('',(-21.926435,348.546326,-48.660862));
#841=VERTEX_POINT('',#840);
#842=CARTESIAN_POINT('',(-21.85881,348.698883,-48.660862));
#843=VERTEX_POINT('',#842);
#844=CARTESIAN_POINT('',(-21.79875,348.854584,-48.660862));
#845=VERTEX_POINT('',#844);
#846=CARTESIAN_POINT('',(-21.746403,349.013031,-48.660862));
#847=VERTEX_POINT('',#846);
#848=CARTESIAN_POINT('',(-21.701893,349.173859,-48.660862));
#849=VERTEX_POINT('',#848);
#850=CARTESIAN_POINT('',(-21.665331,349.3367,-48.660862));
#851=VERTEX_POINT('',#850);
#852=CARTESIAN_POINT('',(-21.636801,349.501129,-48.660862));
#853=VERTEX_POINT('',#852);
#854=CARTESIAN_POINT('',(-21.616371,349.666748,-48.660862));
#855=VERTEX_POINT('',#854);
#856=CARTESIAN_POINT('',(-21.604095,349.83316,-48.660862));
#857=VERTEX_POINT('',#856);
#858=CARTESIAN_POINT('',(-21.6,350,-48.660862));
#859=VERTEX_POINT('',#858);
#860=CARTESIAN_POINT('',(-21.604095,350.16684,-48.660862));
#861=VERTEX_POINT('',#860);
#862=CARTESIAN_POINT('',(-21.616371,350.333252,-48.660862));
#863=VERTEX_POINT('',#862);
#864=CARTESIAN_POINT('',(-24.173868,353.298096,-48.660862));
#865=VERTEX_POINT('',#864);
#866=CARTESIAN_POINT('',(-24.013033,353.253601,-48.660862));
#867=VERTEX_POINT('',#866);
#868=CARTESIAN_POINT('',(-23.854574,353.201263,-48.660862));
#869=VERTEX_POINT('',#868);
#870=CARTESIAN_POINT('',(-23.698875,353.141205,-48.660862));
#871=VERTEX_POINT('',#870);
#872=CARTESIAN_POINT('',(-23.546312,353.073578,-48.660862));
#873=VERTEX_POINT('',#872);
#874=CARTESIAN_POINT('',(-23.397251,352.998535,-48.660862));
#875=VERTEX_POINT('',#874);
#876=CARTESIAN_POINT('',(-25.498884,353.36319,-48.660862));
#877=VERTEX_POINT('',#876);
#878=CARTESIAN_POINT('',(-25.333258,353.383636,-48.660862));
#879=VERTEX_POINT('',#878);
#880=CARTESIAN_POINT('',(-25.16683,353.395905,-48.660862));
#881=VERTEX_POINT('',#880);
#882=CARTESIAN_POINT('',(-25,353.399994,-48.660862));
#883=VERTEX_POINT('',#882);
#884=CARTESIAN_POINT('',(-24.83317,353.395905,-48.660862));
#885=VERTEX_POINT('',#884);
#886=CARTESIAN_POINT('',(-24.666742,353.383636,-48.660862));
#887=VERTEX_POINT('',#886);
#888=CARTESIAN_POINT('',(-24.501116,353.36319,-48.660862));
#889=VERTEX_POINT('',#888);
#890=CARTESIAN_POINT('',(-24.336693,353.334656,-48.660862));
#891=VERTEX_POINT('',#890);
#892=CARTESIAN_POINT('',(-23.25205,352.91629,-48.660862));
#893=VERTEX_POINT('',#892);
#894=CARTESIAN_POINT('',(-23.111061,352.826996,-48.660862));
#895=VERTEX_POINT('',#894);
#896=CARTESIAN_POINT('',(-22.974623,352.730896,-48.660862));
#897=VERTEX_POINT('',#896);
#898=CARTESIAN_POINT('',(-22.7167,352.519226,-48.660862));
#899=VERTEX_POINT('',#898);
#900=CARTESIAN_POINT('',(-22.595837,352.404175,-48.660862));
#901=VERTEX_POINT('',#900);
#902=CARTESIAN_POINT('',(-22.371765,352.156952,-48.660862));
#903=VERTEX_POINT('',#902);
#904=CARTESIAN_POINT('',(-22.480766,352.283295,-48.660862));
#905=VERTEX_POINT('',#904);
#906=CARTESIAN_POINT('',(-22.843063,352.628235,-48.660862));
#907=VERTEX_POINT('',#906);
#908=CARTESIAN_POINT('',(-21.79875,351.145416,-48.660862));
#909=VERTEX_POINT('',#908);
#910=CARTESIAN_POINT('',(-22.083723,351.747955,-48.660862));
#911=VERTEX_POINT('',#910);
#912=CARTESIAN_POINT('',(-21.926435,351.453674,-48.660862));
#913=VERTEX_POINT('',#912);
#914=CARTESIAN_POINT('',(-21.85881,351.301117,-48.660862));
#915=VERTEX_POINT('',#914);
#916=CARTESIAN_POINT('',(-22.001467,351.602753,-48.660862));
#917=VERTEX_POINT('',#916);
#918=CARTESIAN_POINT('',(-21.665331,350.6633,-48.660862));
#919=VERTEX_POINT('',#918);
#920=CARTESIAN_POINT('',(-21.636801,350.498871,-48.660862));
#921=VERTEX_POINT('',#920);
#922=CARTESIAN_POINT('',(-21.746403,350.986969,-48.660862));
#923=VERTEX_POINT('',#922);
#924=CARTESIAN_POINT('',(-21.701893,350.826141,-48.660862));
#925=VERTEX_POINT('',#924);
#926=CARTESIAN_POINT('',(-22.269094,352.025391,-48.660862));
#927=VERTEX_POINT('',#926);
#928=CARTESIAN_POINT('',(-22.173004,351.888947,-48.660862));
#929=VERTEX_POINT('',#928);
#930=CARTESIAN_POINT('',(-28.20125,348.854584,-47.910862));
#931=VERTEX_POINT('',#930);
#932=CARTESIAN_POINT('',(-27.916277,348.252045,-47.910862));
#933=VERTEX_POINT('',#932);
#934=CARTESIAN_POINT('',(-27.628235,347.843048,-47.910862));
#935=VERTEX_POINT('',#934);
#936=CARTESIAN_POINT('',(-27.826996,348.111053,-47.910862));
#937=VERTEX_POINT('',#936);
#938=CARTESIAN_POINT('',(-27.730906,347.974609,-47.910862));
#939=VERTEX_POINT('',#938);
#940=CARTESIAN_POINT('',(-28.073565,348.546326,-47.910862));
#941=VERTEX_POINT('',#940);
#942=CARTESIAN_POINT('',(-27.998533,348.397247,-47.910862));
#943=VERTEX_POINT('',#942);
#944=CARTESIAN_POINT('',(-28.14119,348.698883,-47.910862));
#945=VERTEX_POINT('',#944);
#946=CARTESIAN_POINT('',(-28.298107,349.173859,-47.910862));
#947=VERTEX_POINT('',#946);
#948=CARTESIAN_POINT('',(-28.334669,349.3367,-47.910862));
#949=VERTEX_POINT('',#948);
#950=CARTESIAN_POINT('',(-28.253597,349.013031,-47.910862));
#951=VERTEX_POINT('',#950);
#952=CARTESIAN_POINT('',(-28.363199,349.501129,-47.910862));
#953=VERTEX_POINT('',#952);
#954=CARTESIAN_POINT('',(-28.383629,349.666748,-47.910862));
#955=VERTEX_POINT('',#954);
#956=CARTESIAN_POINT('',(-28.395905,349.83316,-47.910862));
#957=VERTEX_POINT('',#956);
#958=CARTESIAN_POINT('',(-28.4,350,-47.910862));
#959=VERTEX_POINT('',#958);
#960=CARTESIAN_POINT('',(-28.395905,350.16684,-47.910862));
#961=VERTEX_POINT('',#960);
#962=CARTESIAN_POINT('',(-28.383629,350.333252,-47.910862));
#963=VERTEX_POINT('',#962);
#964=CARTESIAN_POINT('',(-27.2833,347.480774,-47.910862));
#965=VERTEX_POINT('',#964);
#966=CARTESIAN_POINT('',(-27.156937,347.371765,-47.910862));
#967=VERTEX_POINT('',#966);
#968=CARTESIAN_POINT('',(-26.888939,347.173004,-47.910862));
#969=VERTEX_POINT('',#968);
#970=CARTESIAN_POINT('',(-27.025377,347.269104,-47.910862));
#971=VERTEX_POINT('',#970);
#972=CARTESIAN_POINT('',(-26.74795,347.08371,-47.910862));
#973=VERTEX_POINT('',#972);
#974=CARTESIAN_POINT('',(-26.602749,347.001465,-47.910862));
#975=VERTEX_POINT('',#974);
#976=CARTESIAN_POINT('',(-26.145426,346.798737,-47.910862));
#977=VERTEX_POINT('',#976);
#978=CARTESIAN_POINT('',(-26.453688,346.926422,-47.910862));
#979=VERTEX_POINT('',#978);
#980=CARTESIAN_POINT('',(-26.301125,346.858795,-47.910862));
#981=VERTEX_POINT('',#980);
#982=CARTESIAN_POINT('',(-25.986967,346.746399,-47.910862));
#983=VERTEX_POINT('',#982);
#984=CARTESIAN_POINT('',(-25.826132,346.701904,-47.910862));
#985=VERTEX_POINT('',#984);
#986=CARTESIAN_POINT('',(-25.663307,346.665344,-47.910862));
#987=VERTEX_POINT('',#986);
#988=CARTESIAN_POINT('',(-27.519234,347.716705,-47.910862));
#989=VERTEX_POINT('',#988);
#990=CARTESIAN_POINT('',(-27.404163,347.595825,-47.910862));
#991=VERTEX_POINT('',#990);
#992=CARTESIAN_POINT('',(-28.363199,350.498871,-47.910862));
#993=VERTEX_POINT('',#992);
#994=CARTESIAN_POINT('',(-28.334669,350.6633,-47.910862));
#995=VERTEX_POINT('',#994);
#996=CARTESIAN_POINT('',(-28.298107,350.826141,-47.910862));
#997=VERTEX_POINT('',#996);
#998=CARTESIAN_POINT('',(-28.253597,350.986969,-47.910862));
#999=VERTEX_POINT('',#998);
#1000=CARTESIAN_POINT('',(-28.20125,351.145416,-47.910862));
#1001=VERTEX_POINT('',#1000);
#1002=CARTESIAN_POINT('',(-28.14119,351.301117,-47.910862));
#1003=VERTEX_POINT('',#1002);
#1004=CARTESIAN_POINT('',(-28.073565,351.453674,-47.910862));
#1005=VERTEX_POINT('',#1004);
#1006=CARTESIAN_POINT('',(-27.998533,351.602753,-47.910862));
#1007=VERTEX_POINT('',#1006);
#1008=CARTESIAN_POINT('',(-27.916277,351.747955,-47.910862));
#1009=VERTEX_POINT('',#1008);
#1010=CARTESIAN_POINT('',(-27.826996,351.888947,-47.910862));
#1011=VERTEX_POINT('',#1010);
#1012=CARTESIAN_POINT('',(-27.730906,352.025391,-47.910862));
#1013=VERTEX_POINT('',#1012);
#1014=CARTESIAN_POINT('',(-27.628235,352.156952,-47.910862));
#1015=VERTEX_POINT('',#1014);
#1016=CARTESIAN_POINT('',(-27.519234,352.283295,-47.910862));
#1017=VERTEX_POINT('',#1016);
#1018=CARTESIAN_POINT('',(-27.404163,352.404175,-47.910862));
#1019=VERTEX_POINT('',#1018);
#1020=CARTESIAN_POINT('',(-27.2833,352.519226,-47.910862));
#1021=VERTEX_POINT('',#1020);
#1022=CARTESIAN_POINT('',(-27.156937,352.628235,-47.910862));
#1023=VERTEX_POINT('',#1022);
#1024=CARTESIAN_POINT('',(-27.025377,352.730896,-47.910862));
#1025=VERTEX_POINT('',#1024);
#1026=CARTESIAN_POINT('',(-26.888939,352.826996,-47.910862));
#1027=VERTEX_POINT('',#1026);
#1028=CARTESIAN_POINT('',(-26.74795,352.91629,-47.910862));
#1029=VERTEX_POINT('',#1028);
#1030=CARTESIAN_POINT('',(-26.602749,352.998535,-47.910862));
#1031=VERTEX_POINT('',#1030);
#1032=CARTESIAN_POINT('',(-26.453688,353.073578,-47.910862));
#1033=VERTEX_POINT('',#1032);
#1034=CARTESIAN_POINT('',(-26.301125,353.141205,-47.910862));
#1035=VERTEX_POINT('',#1034);
#1036=CARTESIAN_POINT('',(-26.145426,353.201263,-47.910862));
#1037=VERTEX_POINT('',#1036);
#1038=CARTESIAN_POINT('',(-25.986967,353.253601,-47.910862));
#1039=VERTEX_POINT('',#1038);
#1040=CARTESIAN_POINT('',(-25.826132,353.298096,-47.910862));
#1041=VERTEX_POINT('',#1040);
#1042=CARTESIAN_POINT('',(-25.663307,353.334656,-47.910862));
#1043=VERTEX_POINT('',#1042);
#1044=CARTESIAN_POINT('',(-25.498884,346.63681,-47.910862));
#1045=VERTEX_POINT('',#1044);
#1046=CARTESIAN_POINT('',(-25.333258,346.616364,-47.910862));
#1047=VERTEX_POINT('',#1046);
#1048=CARTESIAN_POINT('',(-25.16683,346.604095,-47.910862));
#1049=VERTEX_POINT('',#1048);
#1050=CARTESIAN_POINT('',(-25,346.600006,-47.910862));
#1051=VERTEX_POINT('',#1050);
#1052=CARTESIAN_POINT('',(-24.83317,346.604095,-47.910862));
#1053=VERTEX_POINT('',#1052);
#1054=CARTESIAN_POINT('',(-24.666742,346.616364,-47.910862));
#1055=VERTEX_POINT('',#1054);
#1056=CARTESIAN_POINT('',(-24.501116,346.63681,-47.910862));
#1057=VERTEX_POINT('',#1056);
#1058=CARTESIAN_POINT('',(-24.336693,346.665344,-47.910862));
#1059=VERTEX_POINT('',#1058);
#1060=CARTESIAN_POINT('',(-24.173868,346.701904,-47.910862));
#1061=VERTEX_POINT('',#1060);
#1062=CARTESIAN_POINT('',(-24.013033,346.746399,-47.910862));
#1063=VERTEX_POINT('',#1062);
#1064=CARTESIAN_POINT('',(-23.854574,346.798737,-47.910862));
#1065=VERTEX_POINT('',#1064);
#1066=CARTESIAN_POINT('',(-23.698875,346.858795,-47.910862));
#1067=VERTEX_POINT('',#1066);
#1068=CARTESIAN_POINT('',(-23.546312,346.926422,-47.910862));
#1069=VERTEX_POINT('',#1068);
#1070=CARTESIAN_POINT('',(-23.397251,347.001465,-47.910862));
#1071=VERTEX_POINT('',#1070);
#1072=CARTESIAN_POINT('',(-23.25205,347.08371,-47.910862));
#1073=VERTEX_POINT('',#1072);
#1074=CARTESIAN_POINT('',(-23.111061,347.173004,-47.910862));
#1075=VERTEX_POINT('',#1074);
#1076=CARTESIAN_POINT('',(-22.974623,347.269104,-47.910862));
#1077=VERTEX_POINT('',#1076);
#1078=CARTESIAN_POINT('',(-22.843063,347.371765,-47.910862));
#1079=VERTEX_POINT('',#1078);
#1080=CARTESIAN_POINT('',(-22.7167,347.480774,-47.910862));
#1081=VERTEX_POINT('',#1080);
#1082=CARTESIAN_POINT('',(-22.595837,347.595825,-47.910862));
#1083=VERTEX_POINT('',#1082);
#1084=CARTESIAN_POINT('',(-22.480766,347.716705,-47.910862));
#1085=VERTEX_POINT('',#1084);
#1086=CARTESIAN_POINT('',(-22.371765,347.843048,-47.910862));
#1087=VERTEX_POINT('',#1086);
#1088=CARTESIAN_POINT('',(-22.269094,347.974609,-47.910862));
#1089=VERTEX_POINT('',#1088);
#1090=CARTESIAN_POINT('',(-22.173004,348.111053,-47.910862));
#1091=VERTEX_POINT('',#1090);
#1092=CARTESIAN_POINT('',(-22.083723,348.252045,-47.910862));
#1093=VERTEX_POINT('',#1092);
#1094=CARTESIAN_POINT('',(-22.001467,348.397247,-47.910862));
#1095=VERTEX_POINT('',#1094);
#1096=CARTESIAN_POINT('',(-21.926435,348.546326,-47.910862));
#1097=VERTEX_POINT('',#1096);
#1098=CARTESIAN_POINT('',(-21.85881,348.698883,-47.910862));
#1099=VERTEX_POINT('',#1098);
#1100=CARTESIAN_POINT('',(-21.79875,348.854584,-47.910862));
#1101=VERTEX_POINT('',#1100);
#1102=CARTESIAN_POINT('',(-21.746403,349.013031,-47.910862));
#1103=VERTEX_POINT('',#1102);
#1104=CARTESIAN_POINT('',(-21.701893,349.173859,-47.910862));
#1105=VERTEX_POINT('',#1104);
#1106=CARTESIAN_POINT('',(-21.665331,349.3367,-47.910862));
#1107=VERTEX_POINT('',#1106);
#1108=CARTESIAN_POINT('',(-21.636801,349.501129,-47.910862));
#1109=VERTEX_POINT('',#1108);
#1110=CARTESIAN_POINT('',(-21.616371,349.666748,-47.910862));
#1111=VERTEX_POINT('',#1110);
#1112=CARTESIAN_POINT('',(-21.604095,349.83316,-47.910862));
#1113=VERTEX_POINT('',#1112);
#1114=CARTESIAN_POINT('',(-21.6,350,-47.910862));
#1115=VERTEX_POINT('',#1114);
#1116=CARTESIAN_POINT('',(-21.604095,350.16684,-47.910862));
#1117=VERTEX_POINT('',#1116);
#1118=CARTESIAN_POINT('',(-21.616371,350.333252,-47.910862));
#1119=VERTEX_POINT('',#1118);
#1120=CARTESIAN_POINT('',(-24.173868,353.298096,-47.910862));
#1121=VERTEX_POINT('',#1120);
#1122=CARTESIAN_POINT('',(-24.013033,353.253601,-47.910862));
#1123=VERTEX_POINT('',#1122);
#1124=CARTESIAN_POINT('',(-23.854574,353.201263,-47.910862));
#1125=VERTEX_POINT('',#1124);
#1126=CARTESIAN_POINT('',(-23.698875,353.141205,-47.910862));
#1127=VERTEX_POINT('',#1126);
#1128=CARTESIAN_POINT('',(-23.546312,353.073578,-47.910862));
#1129=VERTEX_POINT('',#1128);
#1130=CARTESIAN_POINT('',(-23.397251,352.998535,-47.910862));
#1131=VERTEX_POINT('',#1130);
#1132=CARTESIAN_POINT('',(-25.498884,353.36319,-47.910862));
#1133=VERTEX_POINT('',#1132);
#1134=CARTESIAN_POINT('',(-25.333258,353.383636,-47.910862));
#1135=VERTEX_POINT('',#1134);
#1136=CARTESIAN_POINT('',(-25.16683,353.395905,-47.910862));
#1137=VERTEX_POINT('',#1136);
#1138=CARTESIAN_POINT('',(-25,353.399994,-47.910862));
#1139=VERTEX_POINT('',#1138);
#1140=CARTESIAN_POINT('',(-24.83317,353.395905,-47.910862));
#1141=VERTEX_POINT('',#1140);
#1142=CARTESIAN_POINT('',(-24.666742,353.383636,-47.910862));
#1143=VERTEX_POINT('',#1142);
#1144=CARTESIAN_POINT('',(-24.501116,353.36319,-47.910862));
#1145=VERTEX_POINT('',#1144);
#1146=CARTESIAN_POINT('',(-24.336693,353.334656,-47.910862));
#1147=VERTEX_POINT('',#1146);
#1148=CARTESIAN_POINT('',(-23.25205,352.91629,-47.910862));
#1149=VERTEX_POINT('',#1148);
#1150=CARTESIAN_POINT('',(-23.111061,352.826996,-47.910862));
#1151=VERTEX_POINT('',#1150);
#1152=CARTESIAN_POINT('',(-22.974623,352.730896,-47.910862));
#1153=VERTEX_POINT('',#1152);
#1154=CARTESIAN_POINT('',(-22.7167,352.519226,-47.910862));
#1155=VERTEX_POINT('',#1154);
#1156=CARTESIAN_POINT('',(-22.595837,352.404175,-47.910862));
#1157=VERTEX_POINT('',#1156);
#1158=CARTESIAN_POINT('',(-22.371765,352.156952,-47.910862));
#1159=VERTEX_POINT('',#1158);
#1160=CARTESIAN_POINT('',(-22.480766,352.283295,-47.910862));
#1161=VERTEX_POINT('',#1160);
#1162=CARTESIAN_POINT('',(-22.843063,352.628235,-47.910862));
#1163=VERTEX_POINT('',#1162);
#1164=CARTESIAN_POINT('',(-21.79875,351.145416,-47.910862));
#1165=VERTEX_POINT('',#1164);
#1166=CARTESIAN_POINT('',(-22.083723,351.747955,-47.910862));
#1167=VERTEX_POINT('',#1166);
#1168=CARTESIAN_POINT('',(-21.926435,351.453674,-47.910862));
#1169=VERTEX_POINT('',#1168);
#1170=CARTESIAN_POINT('',(-21.85881,351.301117,-47.910862));
#1171=VERTEX_POINT('',#1170);
#1172=CARTESIAN_POINT('',(-22.001467,351.602753,-47.910862));
#1173=VERTEX_POINT('',#1172);
#1174=CARTESIAN_POINT('',(-21.665331,350.6633,-47.910862));
#1175=VERTEX_POINT('',#1174);
#1176=CARTESIAN_POINT('',(-21.636801,350.498871,-47.910862));
#1177=VERTEX_POINT('',#1176);
#1178=CARTESIAN_POINT('',(-21.746403,350.986969,-47.910862));
#1179=VERTEX_POINT('',#1178);
#1180=CARTESIAN_POINT('',(-21.701893,350.826141,-47.910862));
#1181=VERTEX_POINT('',#1180);
#1182=CARTESIAN_POINT('',(-22.269094,352.025391,-47.910862));
#1183=VERTEX_POINT('',#1182);
#1184=CARTESIAN_POINT('',(-22.173004,351.888947,-47.910862));
#1185=VERTEX_POINT('',#1184);
#1186=CARTESIAN_POINT('',(-33,382.789673,-48.660862));
#1187=VERTEX_POINT('',#1186);
#1188=CARTESIAN_POINT('',(-33,382.789673,-47.910862));
#1189=VERTEX_POINT('',#1188);
#1190=CARTESIAN_POINT('',(-16,382.789673,-48.660862));
#1191=VERTEX_POINT('',#1190);
#1192=CARTESIAN_POINT('',(-16,382.789673,-47.910862));
#1193=VERTEX_POINT('',#1192);
#1194=CARTESIAN_POINT('',(-16,408,-48.660862));
#1195=VERTEX_POINT('',#1194);
#1196=CARTESIAN_POINT('',(-2.414814,399.352966,-48.660862));
#1197=VERTEX_POINT('',#1196);
#1198=CARTESIAN_POINT('',(-2.165064,398.75,-48.660862));
#1199=VERTEX_POINT('',#1198);
#1200=CARTESIAN_POINT('',(-2.309699,399.043304,-48.660862));
#1201=VERTEX_POINT('',#1200);
#1202=CARTESIAN_POINT('',(-2.478612,399.673676,-48.660862));
#1203=VERTEX_POINT('',#1202);
#1204=CARTESIAN_POINT('',(-2.5,400,-48.660862));
#1205=VERTEX_POINT('',#1204);
#1206=CARTESIAN_POINT('',(-2.478612,400.326324,-48.660862));
#1207=VERTEX_POINT('',#1206);
#1208=CARTESIAN_POINT('',(-2.414814,400.647034,-48.660862));
#1209=VERTEX_POINT('',#1208);
#1210=CARTESIAN_POINT('',(-2.309699,400.956696,-48.660862));
#1211=VERTEX_POINT('',#1210);
#1212=CARTESIAN_POINT('',(-2.165064,401.25,-48.660862));
#1213=VERTEX_POINT('',#1212);
#1214=CARTESIAN_POINT('',(-1.25,397.83493,-48.660862));
#1215=VERTEX_POINT('',#1214);
#1216=CARTESIAN_POINT('',(-1.983383,398.478088,-48.660862));
#1217=VERTEX_POINT('',#1216);
#1218=CARTESIAN_POINT('',(-1.767767,398.232239,-48.660862));
#1219=VERTEX_POINT('',#1218);
#1220=CARTESIAN_POINT('',(-1.521904,398.016602,-48.660862));
#1221=VERTEX_POINT('',#1220);
#1222=CARTESIAN_POINT('',(-0.956709,397.690308,-48.660862));
#1223=VERTEX_POINT('',#1222);
#1224=CARTESIAN_POINT('',(-0.647048,397.585175,-48.660862));
#1225=VERTEX_POINT('',#1224);
#1226=CARTESIAN_POINT('',(-0.326315,397.521393,-48.660862));
#1227=VERTEX_POINT('',#1226);
#1228=CARTESIAN_POINT('',(-1.983383,401.521912,-48.660862));
#1229=VERTEX_POINT('',#1228);
#1230=CARTESIAN_POINT('',(-1.767767,401.767761,-48.660862));
#1231=VERTEX_POINT('',#1230);
#1232=CARTESIAN_POINT('',(-1.521904,401.983398,-48.660862));
#1233=VERTEX_POINT('',#1232);
#1234=CARTESIAN_POINT('',(-1.25,402.16507,-48.660862));
#1235=VERTEX_POINT('',#1234);
#1236=CARTESIAN_POINT('',(-0.956709,402.309692,-48.660862));
#1237=VERTEX_POINT('',#1236);
#1238=CARTESIAN_POINT('',(-0.647048,402.414825,-48.660862));
#1239=VERTEX_POINT('',#1238);
#1240=CARTESIAN_POINT('',(-0.326315,402.478607,-48.660862));
#1241=VERTEX_POINT('',#1240);
#1242=CARTESIAN_POINT('',(-16,408,-43.660862));
#1243=VERTEX_POINT('',#1242);
#1244=CARTESIAN_POINT('',(-2.414814,399.352966,-43.660862));
#1245=VERTEX_POINT('',#1244);
#1246=CARTESIAN_POINT('',(-2.165064,398.75,-43.660862));
#1247=VERTEX_POINT('',#1246);
#1248=CARTESIAN_POINT('',(-2.309699,399.043304,-43.660862));
#1249=VERTEX_POINT('',#1248);
#1250=CARTESIAN_POINT('',(-2.478612,399.673676,-43.660862));
#1251=VERTEX_POINT('',#1250);
#1252=CARTESIAN_POINT('',(-2.5,400,-43.660862));
#1253=VERTEX_POINT('',#1252);
#1254=CARTESIAN_POINT('',(-2.478612,400.326324,-43.660862));
#1255=VERTEX_POINT('',#1254);
#1256=CARTESIAN_POINT('',(-2.414814,400.647034,-43.660862));
#1257=VERTEX_POINT('',#1256);
#1258=CARTESIAN_POINT('',(-2.309699,400.956696,-43.660862));
#1259=VERTEX_POINT('',#1258);
#1260=CARTESIAN_POINT('',(-2.165064,401.25,-43.660862));
#1261=VERTEX_POINT('',#1260);
#1262=CARTESIAN_POINT('',(-1.25,397.83493,-43.660862));
#1263=VERTEX_POINT('',#1262);
#1264=CARTESIAN_POINT('',(-1.983383,398.478088,-43.660862));
#1265=VERTEX_POINT('',#1264);
#1266=CARTESIAN_POINT('',(-1.767767,398.232239,-43.660862));
#1267=VERTEX_POINT('',#1266);
#1268=CARTESIAN_POINT('',(-1.521904,398.016602,-43.660862));
#1269=VERTEX_POINT('',#1268);
#1270=CARTESIAN_POINT('',(-0.956709,397.690308,-43.660862));
#1271=VERTEX_POINT('',#1270);
#1272=CARTESIAN_POINT('',(-0.647048,397.585175,-43.660862));
#1273=VERTEX_POINT('',#1272);
#1274=CARTESIAN_POINT('',(-0.326315,397.521393,-43.660862));
#1275=VERTEX_POINT('',#1274);
#1276=CARTESIAN_POINT('',(-1.983383,401.521912,-43.660862));
#1277=VERTEX_POINT('',#1276);
#1278=CARTESIAN_POINT('',(-1.767767,401.767761,-43.660862));
#1279=VERTEX_POINT('',#1278);
#1280=CARTESIAN_POINT('',(-1.521904,401.983398,-43.660862));
#1281=VERTEX_POINT('',#1280);
#1282=CARTESIAN_POINT('',(-1.25,402.16507,-43.660862));
#1283=VERTEX_POINT('',#1282);
#1284=CARTESIAN_POINT('',(-0.956709,402.309692,-43.660862));
#1285=VERTEX_POINT('',#1284);
#1286=CARTESIAN_POINT('',(-0.647048,402.414825,-43.660862));
#1287=VERTEX_POINT('',#1286);
#1288=CARTESIAN_POINT('',(-0.326315,402.478607,-43.660862));
#1289=VERTEX_POINT('',#1288);
#1290=CARTESIAN_POINT('',(0,247.5,-48.660862));
#1291=VERTEX_POINT('',#1290);
#1292=CARTESIAN_POINT('',(0.326315,247.521393,-48.660862));
#1293=VERTEX_POINT('',#1292);
#1294=CARTESIAN_POINT('',(0.647048,247.58519,-48.660862));
#1295=VERTEX_POINT('',#1294);
#1296=CARTESIAN_POINT('',(0.956709,247.690308,-48.660862));
#1297=VERTEX_POINT('',#1296);
#1298=CARTESIAN_POINT('',(1.25,247.83493,-48.660862));
#1299=VERTEX_POINT('',#1298);
#1300=CARTESIAN_POINT('',(1.521904,248.016617,-48.660862));
#1301=VERTEX_POINT('',#1300);
#1302=CARTESIAN_POINT('',(1.767767,248.232239,-48.660862));
#1303=VERTEX_POINT('',#1302);
#1304=CARTESIAN_POINT('',(1.983383,248.478104,-48.660862));
#1305=VERTEX_POINT('',#1304);
#1306=CARTESIAN_POINT('',(0,252.5,-48.660862));
#1307=VERTEX_POINT('',#1306);
#1308=CARTESIAN_POINT('',(0.326315,252.478607,-48.660862));
#1309=VERTEX_POINT('',#1308);
#1310=CARTESIAN_POINT('',(0.647048,252.41481,-48.660862));
#1311=VERTEX_POINT('',#1310);
#1312=CARTESIAN_POINT('',(0.956709,252.309692,-48.660862));
#1313=VERTEX_POINT('',#1312);
#1314=CARTESIAN_POINT('',(1.25,252.16507,-48.660862));
#1315=VERTEX_POINT('',#1314);
#1316=CARTESIAN_POINT('',(1.521904,251.983383,-48.660862));
#1317=VERTEX_POINT('',#1316);
#1318=CARTESIAN_POINT('',(1.767767,251.767761,-48.660862));
#1319=VERTEX_POINT('',#1318);
#1320=CARTESIAN_POINT('',(1.983383,251.521896,-48.660862));
#1321=VERTEX_POINT('',#1320);
#1322=CARTESIAN_POINT('',(2.165064,248.75,-48.660862));
#1323=VERTEX_POINT('',#1322);
#1324=CARTESIAN_POINT('',(2.309699,249.043289,-48.660862));
#1325=VERTEX_POINT('',#1324);
#1326=CARTESIAN_POINT('',(2.414814,249.352951,-48.660862));
#1327=VERTEX_POINT('',#1326);
#1328=CARTESIAN_POINT('',(2.478612,249.673691,-48.660862));
#1329=VERTEX_POINT('',#1328);
#1330=CARTESIAN_POINT('',(2.5,250,-48.660862));
#1331=VERTEX_POINT('',#1330);
#1332=CARTESIAN_POINT('',(2.478612,250.326309,-48.660862));
#1333=VERTEX_POINT('',#1332);
#1334=CARTESIAN_POINT('',(2.309699,250.956711,-48.660862));
#1335=VERTEX_POINT('',#1334);
#1336=CARTESIAN_POINT('',(2.414814,250.647049,-48.660862));
#1337=VERTEX_POINT('',#1336);
#1338=CARTESIAN_POINT('',(2.165064,251.25,-48.660862));
#1339=VERTEX_POINT('',#1338);
#1340=CARTESIAN_POINT('',(16,315.789673,-47.910862));
#1341=VERTEX_POINT('',#1340);
#1342=CARTESIAN_POINT('',(33,315.789673,-48.660862));
#1343=VERTEX_POINT('',#1342);
#1344=CARTESIAN_POINT('',(33,315.789673,-47.910862));
#1345=VERTEX_POINT('',#1344);
#1346=CARTESIAN_POINT('',(47.755032,240.335236,-48.660862));
#1347=VERTEX_POINT('',#1346);
#1348=CARTESIAN_POINT('',(47.505524,240.802032,-48.660862));
#1349=VERTEX_POINT('',#1348);
#1350=CARTESIAN_POINT('',(47.457832,240.925674,-48.660862));
#1351=VERTEX_POINT('',#1350);
#1352=CARTESIAN_POINT('',(47.41626,241.051514,-48.660862));
#1353=VERTEX_POINT('',#1352);
#1354=CARTESIAN_POINT('',(47.618813,240.562515,-48.660862));
#1355=VERTEX_POINT('',#1354);
#1356=CARTESIAN_POINT('',(47.559231,240.680878,-48.660862));
#1357=VERTEX_POINT('',#1356);
#1358=CARTESIAN_POINT('',(47.684132,240.447205,-48.660862));
#1359=VERTEX_POINT('',#1358);
#1360=CARTESIAN_POINT('',(48.499962,239.590317,-48.660862));
#1361=VERTEX_POINT('',#1360);
#1362=CARTESIAN_POINT('',(48.72723,239.454086,-48.660862));
#1363=VERTEX_POINT('',#1362);
#1364=CARTESIAN_POINT('',(48.611923,239.519409,-48.660862));
#1365=VERTEX_POINT('',#1364);
#1366=CARTESIAN_POINT('',(48.8456,239.394516,-48.660862));
#1367=VERTEX_POINT('',#1366);
#1368=CARTESIAN_POINT('',(47.912872,240.122421,-48.660862));
#1369=VERTEX_POINT('',#1368);
#1370=CARTESIAN_POINT('',(47.831341,240.226898,-48.660862));
#1371=VERTEX_POINT('',#1370);
#1372=CARTESIAN_POINT('',(47.999432,240.022064,-48.660862));
#1373=VERTEX_POINT('',#1372);
#1374=CARTESIAN_POINT('',(48.18679,239.834717,-48.660862));
#1375=VERTEX_POINT('',#1374);
#1376=CARTESIAN_POINT('',(48.090813,239.926086,-48.660862));
#1377=VERTEX_POINT('',#1376);
#1378=CARTESIAN_POINT('',(48.28714,239.748154,-48.660862));
#1379=VERTEX_POINT('',#1378);
#1380=CARTESIAN_POINT('',(48.391613,239.666626,-48.660862));
#1381=VERTEX_POINT('',#1380);
#1382=CARTESIAN_POINT('',(49.090397,239.293106,-48.660862));
#1383=VERTEX_POINT('',#1382);
#1384=CARTESIAN_POINT('',(48.966755,239.340805,-48.660862));
#1385=VERTEX_POINT('',#1384);
#1386=CARTESIAN_POINT('',(49.216232,239.251541,-48.660862));
#1387=VERTEX_POINT('',#1386);
#1388=CARTESIAN_POINT('',(49.343952,239.216202,-48.660862));
#1389=VERTEX_POINT('',#1388);
#1390=CARTESIAN_POINT('',(49.473255,239.187164,-48.660862));
#1391=VERTEX_POINT('',#1390);
#1392=CARTESIAN_POINT('',(49.603828,239.164505,-48.660862));
#1393=VERTEX_POINT('',#1392);
#1394=CARTESIAN_POINT('',(49.735355,239.148285,-48.660862));
#1395=VERTEX_POINT('',#1394);
#1396=CARTESIAN_POINT('',(49.867516,239.138535,-48.660862));
#1397=VERTEX_POINT('',#1396);
#1398=CARTESIAN_POINT('',(50,239.135284,-48.660862));
#1399=VERTEX_POINT('',#1398);
#1400=CARTESIAN_POINT('',(50.132484,239.138535,-48.660862));
#1401=VERTEX_POINT('',#1400);
#1402=CARTESIAN_POINT('',(50.264645,239.148285,-48.660862));
#1403=VERTEX_POINT('',#1402);
#1404=CARTESIAN_POINT('',(50.396172,239.164505,-48.660862));
#1405=VERTEX_POINT('',#1404);
#1406=CARTESIAN_POINT('',(50.526745,239.187164,-48.660862));
#1407=VERTEX_POINT('',#1406);
#1408=CARTESIAN_POINT('',(50.656048,239.216202,-48.660862));
#1409=VERTEX_POINT('',#1408);
#1410=CARTESIAN_POINT('',(50.783768,239.251541,-48.660862));
#1411=VERTEX_POINT('',#1410);
#1412=CARTESIAN_POINT('',(50.909603,239.293106,-48.660862));
#1413=VERTEX_POINT('',#1412);
#1414=CARTESIAN_POINT('',(47.380917,241.17923,-48.660862));
#1415=VERTEX_POINT('',#1414);
#1416=CARTESIAN_POINT('',(47.351879,241.308533,-48.660862));
#1417=VERTEX_POINT('',#1416);
#1418=CARTESIAN_POINT('',(47.329224,241.439102,-48.660862));
#1419=VERTEX_POINT('',#1418);
#1420=CARTESIAN_POINT('',(47.313,241.570633,-48.660862));
#1421=VERTEX_POINT('',#1420);
#1422=CARTESIAN_POINT('',(47.303253,241.702805,-48.660862));
#1423=VERTEX_POINT('',#1422);
#1424=CARTESIAN_POINT('',(47.299999,241.835281,-48.660862));
#1425=VERTEX_POINT('',#1424);
#1426=CARTESIAN_POINT('',(47.303253,241.967758,-48.660862));
#1427=VERTEX_POINT('',#1426);
#1428=CARTESIAN_POINT('',(47.313,242.09993,-48.660862));
#1429=VERTEX_POINT('',#1428);
#1430=CARTESIAN_POINT('',(47.329224,242.231445,-48.660862));
#1431=VERTEX_POINT('',#1430);
#1432=CARTESIAN_POINT('',(47.351879,242.36203,-48.660862));
#1433=VERTEX_POINT('',#1432);
#1434=CARTESIAN_POINT('',(47.380917,242.491333,-48.660862));
#1435=VERTEX_POINT('',#1434);
#1436=CARTESIAN_POINT('',(47.41626,242.619049,-48.660862));
#1437=VERTEX_POINT('',#1436);
#1438=CARTESIAN_POINT('',(47.457832,242.744888,-48.660862));
#1439=VERTEX_POINT('',#1438);
#1440=CARTESIAN_POINT('',(47.505524,242.86853,-48.660862));
#1441=VERTEX_POINT('',#1440);
#1442=CARTESIAN_POINT('',(47.559231,242.989685,-48.660862));
#1443=VERTEX_POINT('',#1442);
#1444=CARTESIAN_POINT('',(47.618813,243.108047,-48.660862));
#1445=VERTEX_POINT('',#1444);
#1446=CARTESIAN_POINT('',(47.684132,243.223358,-48.660862));
#1447=VERTEX_POINT('',#1446);
#1448=CARTESIAN_POINT('',(47.755032,243.335312,-48.660862));
#1449=VERTEX_POINT('',#1448);
#1450=CARTESIAN_POINT('',(47.831341,243.443665,-48.660862));
#1451=VERTEX_POINT('',#1450);
#1452=CARTESIAN_POINT('',(47.912872,243.548141,-48.660862));
#1453=VERTEX_POINT('',#1452);
#1454=CARTESIAN_POINT('',(47.999432,243.648483,-48.660862));
#1455=VERTEX_POINT('',#1454);
#1456=CARTESIAN_POINT('',(48.090813,243.744461,-48.660862));
#1457=VERTEX_POINT('',#1456);
#1458=CARTESIAN_POINT('',(48.18679,243.835846,-48.660862));
#1459=VERTEX_POINT('',#1458);
#1460=CARTESIAN_POINT('',(48.28714,243.922409,-48.660862));
#1461=VERTEX_POINT('',#1460);
#1462=CARTESIAN_POINT('',(48.391613,244.003937,-48.660862));
#1463=VERTEX_POINT('',#1462);
#1464=CARTESIAN_POINT('',(48.499962,244.080246,-48.660862));
#1465=VERTEX_POINT('',#1464);
#1466=CARTESIAN_POINT('',(48.611923,244.151154,-48.660862));
#1467=VERTEX_POINT('',#1466);
#1468=CARTESIAN_POINT('',(48.72723,244.216461,-48.660862));
#1469=VERTEX_POINT('',#1468);
#1470=CARTESIAN_POINT('',(48.8456,244.276047,-48.660862));
#1471=VERTEX_POINT('',#1470);
#1472=CARTESIAN_POINT('',(48.966755,244.329758,-48.660862));
#1473=VERTEX_POINT('',#1472);
#1474=CARTESIAN_POINT('',(49.090397,244.377441,-48.660862));
#1475=VERTEX_POINT('',#1474);
#1476=CARTESIAN_POINT('',(49.216232,244.419022,-48.660862));
#1477=VERTEX_POINT('',#1476);
#1478=CARTESIAN_POINT('',(49.343952,244.454361,-48.660862));
#1479=VERTEX_POINT('',#1478);
#1480=CARTESIAN_POINT('',(49.473255,244.483398,-48.660862));
#1481=VERTEX_POINT('',#1480);
#1482=CARTESIAN_POINT('',(49.603828,244.506058,-48.660862));
#1483=VERTEX_POINT('',#1482);
#1484=CARTESIAN_POINT('',(49.735355,244.522278,-48.660862));
#1485=VERTEX_POINT('',#1484);
#1486=CARTESIAN_POINT('',(49.867516,244.532028,-48.660862));
#1487=VERTEX_POINT('',#1486);
#1488=CARTESIAN_POINT('',(50,244.535278,-48.660862));
#1489=VERTEX_POINT('',#1488);
#1490=CARTESIAN_POINT('',(50.132484,244.532028,-48.660862));
#1491=VERTEX_POINT('',#1490);
#1492=CARTESIAN_POINT('',(50.264645,244.522278,-48.660862));
#1493=VERTEX_POINT('',#1492);
#1494=CARTESIAN_POINT('',(50.396172,244.506058,-48.660862));
#1495=VERTEX_POINT('',#1494);
#1496=CARTESIAN_POINT('',(50.526745,244.483398,-48.660862));
#1497=VERTEX_POINT('',#1496);
#1498=CARTESIAN_POINT('',(50.656048,244.454361,-48.660862));
#1499=VERTEX_POINT('',#1498);
#1500=CARTESIAN_POINT('',(50.783768,244.419022,-48.660862));
#1501=VERTEX_POINT('',#1500);
#1502=CARTESIAN_POINT('',(50.909603,244.377441,-48.660862));
#1503=VERTEX_POINT('',#1502);
#1504=CARTESIAN_POINT('',(51.033245,239.340805,-48.660862));
#1505=VERTEX_POINT('',#1504);
#1506=CARTESIAN_POINT('',(51.1544,239.394516,-48.660862));
#1507=VERTEX_POINT('',#1506);
#1508=CARTESIAN_POINT('',(51.27277,239.454086,-48.660862));
#1509=VERTEX_POINT('',#1508);
#1510=CARTESIAN_POINT('',(51.388077,239.519409,-48.660862));
#1511=VERTEX_POINT('',#1510);
#1512=CARTESIAN_POINT('',(51.500038,239.590317,-48.660862));
#1513=VERTEX_POINT('',#1512);
#1514=CARTESIAN_POINT('',(51.608387,239.666626,-48.660862));
#1515=VERTEX_POINT('',#1514);
#1516=CARTESIAN_POINT('',(51.71286,239.748154,-48.660862));
#1517=VERTEX_POINT('',#1516);
#1518=CARTESIAN_POINT('',(51.81321,239.834717,-48.660862));
#1519=VERTEX_POINT('',#1518);
#1520=CARTESIAN_POINT('',(51.909187,239.926086,-48.660862));
#1521=VERTEX_POINT('',#1520);
#1522=CARTESIAN_POINT('',(52.000568,240.022064,-48.660862));
#1523=VERTEX_POINT('',#1522);
#1524=CARTESIAN_POINT('',(52.087128,240.122421,-48.660862));
#1525=VERTEX_POINT('',#1524);
#1526=CARTESIAN_POINT('',(52.168659,240.226898,-48.660862));
#1527=VERTEX_POINT('',#1526);
#1528=CARTESIAN_POINT('',(52.244968,240.335236,-48.660862));
#1529=VERTEX_POINT('',#1528);
#1530=CARTESIAN_POINT('',(52.315868,240.447205,-48.660862));
#1531=VERTEX_POINT('',#1530);
#1532=CARTESIAN_POINT('',(52.381187,240.562515,-48.660862));
#1533=VERTEX_POINT('',#1532);
#1534=CARTESIAN_POINT('',(52.440769,240.680878,-48.660862));
#1535=VERTEX_POINT('',#1534);
#1536=CARTESIAN_POINT('',(52.494476,240.802032,-48.660862));
#1537=VERTEX_POINT('',#1536);
#1538=CARTESIAN_POINT('',(52.542168,240.925674,-48.660862));
#1539=VERTEX_POINT('',#1538);
#1540=CARTESIAN_POINT('',(52.58374,241.051514,-48.660862));
#1541=VERTEX_POINT('',#1540);
#1542=CARTESIAN_POINT('',(51.71286,243.922409,-48.660862));
#1543=VERTEX_POINT('',#1542);
#1544=CARTESIAN_POINT('',(51.909187,243.744461,-48.660862));
#1545=VERTEX_POINT('',#1544);
#1546=CARTESIAN_POINT('',(51.81321,243.835846,-48.660862));
#1547=VERTEX_POINT('',#1546);
#1548=CARTESIAN_POINT('',(52.000568,243.648483,-48.660862));
#1549=VERTEX_POINT('',#1548);
#1550=CARTESIAN_POINT('',(52.619083,241.17923,-48.660862));
#1551=VERTEX_POINT('',#1550);
#1552=CARTESIAN_POINT('',(52.648121,241.308533,-48.660862));
#1553=VERTEX_POINT('',#1552);
#1554=CARTESIAN_POINT('',(52.670776,241.439102,-48.660862));
#1555=VERTEX_POINT('',#1554);
#1556=CARTESIAN_POINT('',(52.687,241.570633,-48.660862));
#1557=VERTEX_POINT('',#1556);
#1558=CARTESIAN_POINT('',(52.696747,241.702805,-48.660862));
#1559=VERTEX_POINT('',#1558);
#1560=CARTESIAN_POINT('',(52.700001,241.835281,-48.660862));
#1561=VERTEX_POINT('',#1560);
#1562=CARTESIAN_POINT('',(52.696747,241.967758,-48.660862));
#1563=VERTEX_POINT('',#1562);
#1564=CARTESIAN_POINT('',(52.687,242.09993,-48.660862));
#1565=VERTEX_POINT('',#1564);
#1566=CARTESIAN_POINT('',(52.670776,242.231445,-48.660862));
#1567=VERTEX_POINT('',#1566);
#1568=CARTESIAN_POINT('',(52.619083,242.491333,-48.660862));
#1569=VERTEX_POINT('',#1568);
#1570=CARTESIAN_POINT('',(52.648121,242.36203,-48.660862));
#1571=VERTEX_POINT('',#1570);
#1572=CARTESIAN_POINT('',(52.315868,243.223358,-48.660862));
#1573=VERTEX_POINT('',#1572);
#1574=CARTESIAN_POINT('',(52.58374,242.619049,-48.660862));
#1575=VERTEX_POINT('',#1574);
#1576=CARTESIAN_POINT('',(52.542168,242.744888,-48.660862));
#1577=VERTEX_POINT('',#1576);
#1578=CARTESIAN_POINT('',(52.494476,242.86853,-48.660862));
#1579=VERTEX_POINT('',#1578);
#1580=CARTESIAN_POINT('',(52.440769,242.989685,-48.660862));
#1581=VERTEX_POINT('',#1580);
#1582=CARTESIAN_POINT('',(52.381187,243.108047,-48.660862));
#1583=VERTEX_POINT('',#1582);
#1584=CARTESIAN_POINT('',(52.168659,243.443665,-48.660862));
#1585=VERTEX_POINT('',#1584);
#1586=CARTESIAN_POINT('',(52.087128,243.548141,-48.660862));
#1587=VERTEX_POINT('',#1586);
#1588=CARTESIAN_POINT('',(52.244968,243.335312,-48.660862));
#1589=VERTEX_POINT('',#1588);
#1590=CARTESIAN_POINT('',(51.033245,244.329758,-48.660862));
#1591=VERTEX_POINT('',#1590);
#1592=CARTESIAN_POINT('',(51.1544,244.276047,-48.660862));
#1593=VERTEX_POINT('',#1592);
#1594=CARTESIAN_POINT('',(51.388077,244.151154,-48.660862));
#1595=VERTEX_POINT('',#1594);
#1596=CARTESIAN_POINT('',(51.27277,244.216461,-48.660862));
#1597=VERTEX_POINT('',#1596);
#1598=CARTESIAN_POINT('',(51.500038,244.080246,-48.660862));
#1599=VERTEX_POINT('',#1598);
#1600=CARTESIAN_POINT('',(51.608387,244.003937,-48.660862));
#1601=VERTEX_POINT('',#1600);
#1602=CARTESIAN_POINT('',(68,223.835281,-48.660862));
#1603=VERTEX_POINT('',#1602);
#1604=CARTESIAN_POINT('',(45.775002,239.395981,-46.660862));
#1605=VERTEX_POINT('',#1604);
#1606=CARTESIAN_POINT('',(45.775002,244.274582,-46.660862));
#1607=VERTEX_POINT('',#1606);
#1608=CARTESIAN_POINT('',(47.755032,240.335236,-46.660862));
#1609=VERTEX_POINT('',#1608);
#1610=CARTESIAN_POINT('',(47.505524,240.802032,-46.660862));
#1611=VERTEX_POINT('',#1610);
#1612=CARTESIAN_POINT('',(47.41626,241.051514,-46.660862));
#1613=VERTEX_POINT('',#1612);
#1614=CARTESIAN_POINT('',(47.457832,240.925674,-46.660862));
#1615=VERTEX_POINT('',#1614);
#1616=CARTESIAN_POINT('',(47.618813,240.562515,-46.660862));
#1617=VERTEX_POINT('',#1616);
#1618=CARTESIAN_POINT('',(47.559231,240.680878,-46.660862));
#1619=VERTEX_POINT('',#1618);
#1620=CARTESIAN_POINT('',(47.684132,240.447205,-46.660862));
#1621=VERTEX_POINT('',#1620);
#1622=CARTESIAN_POINT('',(48.499962,239.590317,-46.660862));
#1623=VERTEX_POINT('',#1622);
#1624=CARTESIAN_POINT('',(48.72723,239.454086,-46.660862));
#1625=VERTEX_POINT('',#1624);
#1626=CARTESIAN_POINT('',(48.611923,239.519409,-46.660862));
#1627=VERTEX_POINT('',#1626);
#1628=CARTESIAN_POINT('',(48.8456,239.394516,-46.660862));
#1629=VERTEX_POINT('',#1628);
#1630=CARTESIAN_POINT('',(47.912872,240.122421,-46.660862));
#1631=VERTEX_POINT('',#1630);
#1632=CARTESIAN_POINT('',(47.831341,240.226898,-46.660862));
#1633=VERTEX_POINT('',#1632);
#1634=CARTESIAN_POINT('',(47.999432,240.022064,-46.660862));
#1635=VERTEX_POINT('',#1634);
#1636=CARTESIAN_POINT('',(48.18679,239.834717,-46.660862));
#1637=VERTEX_POINT('',#1636);
#1638=CARTESIAN_POINT('',(48.090813,239.926086,-46.660862));
#1639=VERTEX_POINT('',#1638);
#1640=CARTESIAN_POINT('',(48.28714,239.748154,-46.660862));
#1641=VERTEX_POINT('',#1640);
#1642=CARTESIAN_POINT('',(48.391613,239.666626,-46.660862));
#1643=VERTEX_POINT('',#1642);
#1644=CARTESIAN_POINT('',(50,236.956665,-46.660862));
#1645=VERTEX_POINT('',#1644);
#1646=CARTESIAN_POINT('',(49.090397,239.293106,-46.660862));
#1647=VERTEX_POINT('',#1646);
#1648=CARTESIAN_POINT('',(48.966755,239.340805,-46.660862));
#1649=VERTEX_POINT('',#1648);
#1650=CARTESIAN_POINT('',(49.216232,239.251541,-46.660862));
#1651=VERTEX_POINT('',#1650);
#1652=CARTESIAN_POINT('',(49.343952,239.216202,-46.660862));
#1653=VERTEX_POINT('',#1652);
#1654=CARTESIAN_POINT('',(49.473255,239.187164,-46.660862));
#1655=VERTEX_POINT('',#1654);
#1656=CARTESIAN_POINT('',(49.603828,239.164505,-46.660862));
#1657=VERTEX_POINT('',#1656);
#1658=CARTESIAN_POINT('',(49.735355,239.148285,-46.660862));
#1659=VERTEX_POINT('',#1658);
#1660=CARTESIAN_POINT('',(49.867516,239.138535,-46.660862));
#1661=VERTEX_POINT('',#1660);
#1662=CARTESIAN_POINT('',(50,239.135284,-46.660862));
#1663=VERTEX_POINT('',#1662);
#1664=CARTESIAN_POINT('',(50.132484,239.138535,-46.660862));
#1665=VERTEX_POINT('',#1664);
#1666=CARTESIAN_POINT('',(50.264645,239.148285,-46.660862));
#1667=VERTEX_POINT('',#1666);
#1668=CARTESIAN_POINT('',(50.396172,239.164505,-46.660862));
#1669=VERTEX_POINT('',#1668);
#1670=CARTESIAN_POINT('',(50.526745,239.187164,-46.660862));
#1671=VERTEX_POINT('',#1670);
#1672=CARTESIAN_POINT('',(50.656048,239.216202,-46.660862));
#1673=VERTEX_POINT('',#1672);
#1674=CARTESIAN_POINT('',(50.783768,239.251541,-46.660862));
#1675=VERTEX_POINT('',#1674);
#1676=CARTESIAN_POINT('',(50.909603,239.293106,-46.660862));
#1677=VERTEX_POINT('',#1676);
#1678=CARTESIAN_POINT('',(47.380917,241.17923,-46.660862));
#1679=VERTEX_POINT('',#1678);
#1680=CARTESIAN_POINT('',(47.351879,241.308533,-46.660862));
#1681=VERTEX_POINT('',#1680);
#1682=CARTESIAN_POINT('',(47.329224,241.439102,-46.660862));
#1683=VERTEX_POINT('',#1682);
#1684=CARTESIAN_POINT('',(47.313,241.570633,-46.660862));
#1685=VERTEX_POINT('',#1684);
#1686=CARTESIAN_POINT('',(47.303253,241.702805,-46.660862));
#1687=VERTEX_POINT('',#1686);
#1688=CARTESIAN_POINT('',(47.299999,241.835281,-46.660862));
#1689=VERTEX_POINT('',#1688);
#1690=CARTESIAN_POINT('',(47.303253,241.967758,-46.660862));
#1691=VERTEX_POINT('',#1690);
#1692=CARTESIAN_POINT('',(47.313,242.09993,-46.660862));
#1693=VERTEX_POINT('',#1692);
#1694=CARTESIAN_POINT('',(47.329224,242.231445,-46.660862));
#1695=VERTEX_POINT('',#1694);
#1696=CARTESIAN_POINT('',(47.351879,242.36203,-46.660862));
#1697=VERTEX_POINT('',#1696);
#1698=CARTESIAN_POINT('',(47.380917,242.491333,-46.660862));
#1699=VERTEX_POINT('',#1698);
#1700=CARTESIAN_POINT('',(47.41626,242.619049,-46.660862));
#1701=VERTEX_POINT('',#1700);
#1702=CARTESIAN_POINT('',(47.457832,242.744888,-46.660862));
#1703=VERTEX_POINT('',#1702);
#1704=CARTESIAN_POINT('',(47.505524,242.86853,-46.660862));
#1705=VERTEX_POINT('',#1704);
#1706=CARTESIAN_POINT('',(47.559231,242.989685,-46.660862));
#1707=VERTEX_POINT('',#1706);
#1708=CARTESIAN_POINT('',(47.618813,243.108047,-46.660862));
#1709=VERTEX_POINT('',#1708);
#1710=CARTESIAN_POINT('',(47.684132,243.223358,-46.660862));
#1711=VERTEX_POINT('',#1710);
#1712=CARTESIAN_POINT('',(47.755032,243.335312,-46.660862));
#1713=VERTEX_POINT('',#1712);
#1714=CARTESIAN_POINT('',(47.831341,243.443665,-46.660862));
#1715=VERTEX_POINT('',#1714);
#1716=CARTESIAN_POINT('',(47.912872,243.548141,-46.660862));
#1717=VERTEX_POINT('',#1716);
#1718=CARTESIAN_POINT('',(47.999432,243.648483,-46.660862));
#1719=VERTEX_POINT('',#1718);
#1720=CARTESIAN_POINT('',(48.090813,243.744461,-46.660862));
#1721=VERTEX_POINT('',#1720);
#1722=CARTESIAN_POINT('',(48.18679,243.835846,-46.660862));
#1723=VERTEX_POINT('',#1722);
#1724=CARTESIAN_POINT('',(48.28714,243.922409,-46.660862));
#1725=VERTEX_POINT('',#1724);
#1726=CARTESIAN_POINT('',(48.391613,244.003937,-46.660862));
#1727=VERTEX_POINT('',#1726);
#1728=CARTESIAN_POINT('',(48.499962,244.080246,-46.660862));
#1729=VERTEX_POINT('',#1728);
#1730=CARTESIAN_POINT('',(48.611923,244.151154,-46.660862));
#1731=VERTEX_POINT('',#1730);
#1732=CARTESIAN_POINT('',(48.72723,244.216461,-46.660862));
#1733=VERTEX_POINT('',#1732);
#1734=CARTESIAN_POINT('',(48.8456,244.276047,-46.660862));
#1735=VERTEX_POINT('',#1734);
#1736=CARTESIAN_POINT('',(48.966755,244.329758,-46.660862));
#1737=VERTEX_POINT('',#1736);
#1738=CARTESIAN_POINT('',(49.090397,244.377441,-46.660862));
#1739=VERTEX_POINT('',#1738);
#1740=CARTESIAN_POINT('',(49.216232,244.419022,-46.660862));
#1741=VERTEX_POINT('',#1740);
#1742=CARTESIAN_POINT('',(49.343952,244.454361,-46.660862));
#1743=VERTEX_POINT('',#1742);
#1744=CARTESIAN_POINT('',(49.473255,244.483398,-46.660862));
#1745=VERTEX_POINT('',#1744);
#1746=CARTESIAN_POINT('',(49.603828,244.506058,-46.660862));
#1747=VERTEX_POINT('',#1746);
#1748=CARTESIAN_POINT('',(49.735355,244.522278,-46.660862));
#1749=VERTEX_POINT('',#1748);
#1750=CARTESIAN_POINT('',(49.867516,244.532028,-46.660862));
#1751=VERTEX_POINT('',#1750);
#1752=CARTESIAN_POINT('',(50,244.535278,-46.660862));
#1753=VERTEX_POINT('',#1752);
#1754=CARTESIAN_POINT('',(50.132484,244.532028,-46.660862));
#1755=VERTEX_POINT('',#1754);
#1756=CARTESIAN_POINT('',(50.264645,244.522278,-46.660862));
#1757=VERTEX_POINT('',#1756);
#1758=CARTESIAN_POINT('',(50.396172,244.506058,-46.660862));
#1759=VERTEX_POINT('',#1758);
#1760=CARTESIAN_POINT('',(50.526745,244.483398,-46.660862));
#1761=VERTEX_POINT('',#1760);
#1762=CARTESIAN_POINT('',(50.656048,244.454361,-46.660862));
#1763=VERTEX_POINT('',#1762);
#1764=CARTESIAN_POINT('',(50.783768,244.419022,-46.660862));
#1765=VERTEX_POINT('',#1764);
#1766=CARTESIAN_POINT('',(50.909603,244.377441,-46.660862));
#1767=VERTEX_POINT('',#1766);
#1768=CARTESIAN_POINT('',(50,246.713882,-46.660862));
#1769=VERTEX_POINT('',#1768);
#1770=CARTESIAN_POINT('',(51.033245,239.340805,-46.660862));
#1771=VERTEX_POINT('',#1770);
#1772=CARTESIAN_POINT('',(51.1544,239.394516,-46.660862));
#1773=VERTEX_POINT('',#1772);
#1774=CARTESIAN_POINT('',(51.27277,239.454086,-46.660862));
#1775=VERTEX_POINT('',#1774);
#1776=CARTESIAN_POINT('',(51.388077,239.519409,-46.660862));
#1777=VERTEX_POINT('',#1776);
#1778=CARTESIAN_POINT('',(51.500038,239.590317,-46.660862));
#1779=VERTEX_POINT('',#1778);
#1780=CARTESIAN_POINT('',(51.608387,239.666626,-46.660862));
#1781=VERTEX_POINT('',#1780);
#1782=CARTESIAN_POINT('',(51.71286,239.748154,-46.660862));
#1783=VERTEX_POINT('',#1782);
#1784=CARTESIAN_POINT('',(51.81321,239.834717,-46.660862));
#1785=VERTEX_POINT('',#1784);
#1786=CARTESIAN_POINT('',(51.909187,239.926086,-46.660862));
#1787=VERTEX_POINT('',#1786);
#1788=CARTESIAN_POINT('',(52.000568,240.022064,-46.660862));
#1789=VERTEX_POINT('',#1788);
#1790=CARTESIAN_POINT('',(52.087128,240.122421,-46.660862));
#1791=VERTEX_POINT('',#1790);
#1792=CARTESIAN_POINT('',(52.168659,240.226898,-46.660862));
#1793=VERTEX_POINT('',#1792);
#1794=CARTESIAN_POINT('',(52.244968,240.335236,-46.660862));
#1795=VERTEX_POINT('',#1794);
#1796=CARTESIAN_POINT('',(52.315868,240.447205,-46.660862));
#1797=VERTEX_POINT('',#1796);
#1798=CARTESIAN_POINT('',(52.381187,240.562515,-46.660862));
#1799=VERTEX_POINT('',#1798);
#1800=CARTESIAN_POINT('',(52.440769,240.680878,-46.660862));
#1801=VERTEX_POINT('',#1800);
#1802=CARTESIAN_POINT('',(52.494476,240.802032,-46.660862));
#1803=VERTEX_POINT('',#1802);
#1804=CARTESIAN_POINT('',(52.542168,240.925674,-46.660862));
#1805=VERTEX_POINT('',#1804);
#1806=CARTESIAN_POINT('',(52.58374,241.051514,-46.660862));
#1807=VERTEX_POINT('',#1806);
#1808=CARTESIAN_POINT('',(54.224998,239.395981,-46.660862));
#1809=VERTEX_POINT('',#1808);
#1810=CARTESIAN_POINT('',(51.71286,243.922409,-46.660862));
#1811=VERTEX_POINT('',#1810);
#1812=CARTESIAN_POINT('',(51.909187,243.744461,-46.660862));
#1813=VERTEX_POINT('',#1812);
#1814=CARTESIAN_POINT('',(51.81321,243.835846,-46.660862));
#1815=VERTEX_POINT('',#1814);
#1816=CARTESIAN_POINT('',(52.000568,243.648483,-46.660862));
#1817=VERTEX_POINT('',#1816);
#1818=CARTESIAN_POINT('',(52.619083,241.17923,-46.660862));
#1819=VERTEX_POINT('',#1818);
#1820=CARTESIAN_POINT('',(52.648121,241.308533,-46.660862));
#1821=VERTEX_POINT('',#1820);
#1822=CARTESIAN_POINT('',(52.670776,241.439102,-46.660862));
#1823=VERTEX_POINT('',#1822);
#1824=CARTESIAN_POINT('',(52.687,241.570633,-46.660862));
#1825=VERTEX_POINT('',#1824);
#1826=CARTESIAN_POINT('',(52.696747,241.702805,-46.660862));
#1827=VERTEX_POINT('',#1826);
#1828=CARTESIAN_POINT('',(52.700001,241.835281,-46.660862));
#1829=VERTEX_POINT('',#1828);
#1830=CARTESIAN_POINT('',(52.696747,241.967758,-46.660862));
#1831=VERTEX_POINT('',#1830);
#1832=CARTESIAN_POINT('',(52.687,242.09993,-46.660862));
#1833=VERTEX_POINT('',#1832);
#1834=CARTESIAN_POINT('',(52.670776,242.231445,-46.660862));
#1835=VERTEX_POINT('',#1834);
#1836=CARTESIAN_POINT('',(52.619083,242.491333,-46.660862));
#1837=VERTEX_POINT('',#1836);
#1838=CARTESIAN_POINT('',(52.648121,242.36203,-46.660862));
#1839=VERTEX_POINT('',#1838);
#1840=CARTESIAN_POINT('',(52.315868,243.223358,-46.660862));
#1841=VERTEX_POINT('',#1840);
#1842=CARTESIAN_POINT('',(52.58374,242.619049,-46.660862));
#1843=VERTEX_POINT('',#1842);
#1844=CARTESIAN_POINT('',(52.542168,242.744888,-46.660862));
#1845=VERTEX_POINT('',#1844);
#1846=CARTESIAN_POINT('',(52.494476,242.86853,-46.660862));
#1847=VERTEX_POINT('',#1846);
#1848=CARTESIAN_POINT('',(52.440769,242.989685,-46.660862));
#1849=VERTEX_POINT('',#1848);
#1850=CARTESIAN_POINT('',(52.381187,243.108047,-46.660862));
#1851=VERTEX_POINT('',#1850);
#1852=CARTESIAN_POINT('',(52.087128,243.548141,-46.660862));
#1853=VERTEX_POINT('',#1852);
#1854=CARTESIAN_POINT('',(52.168659,243.443665,-46.660862));
#1855=VERTEX_POINT('',#1854);
#1856=CARTESIAN_POINT('',(52.244968,243.335312,-46.660862));
#1857=VERTEX_POINT('',#1856);
#1858=CARTESIAN_POINT('',(51.033245,244.329758,-46.660862));
#1859=VERTEX_POINT('',#1858);
#1860=CARTESIAN_POINT('',(51.1544,244.276047,-46.660862));
#1861=VERTEX_POINT('',#1860);
#1862=CARTESIAN_POINT('',(51.388077,244.151154,-46.660862));
#1863=VERTEX_POINT('',#1862);
#1864=CARTESIAN_POINT('',(51.27277,244.216461,-46.660862));
#1865=VERTEX_POINT('',#1864);
#1866=CARTESIAN_POINT('',(51.500038,244.080246,-46.660862));
#1867=VERTEX_POINT('',#1866);
#1868=CARTESIAN_POINT('',(51.608387,244.003937,-46.660862));
#1869=VERTEX_POINT('',#1868);
#1870=CARTESIAN_POINT('',(54.224998,244.274582,-46.660862));
#1871=VERTEX_POINT('',#1870);
#1872=CARTESIAN_POINT('',(68,315.789673,-48.660862));
#1873=VERTEX_POINT('',#1872);
#1874=CARTESIAN_POINT('',(0,247.5,-43.660862));
#1875=VERTEX_POINT('',#1874);
#1876=CARTESIAN_POINT('',(0.326315,247.521393,-43.660862));
#1877=VERTEX_POINT('',#1876);
#1878=CARTESIAN_POINT('',(0.647048,247.58519,-43.660862));
#1879=VERTEX_POINT('',#1878);
#1880=CARTESIAN_POINT('',(0.956709,247.690308,-43.660862));
#1881=VERTEX_POINT('',#1880);
#1882=CARTESIAN_POINT('',(1.25,247.83493,-43.660862));
#1883=VERTEX_POINT('',#1882);
#1884=CARTESIAN_POINT('',(1.521904,248.016617,-43.660862));
#1885=VERTEX_POINT('',#1884);
#1886=CARTESIAN_POINT('',(1.767767,248.232239,-43.660862));
#1887=VERTEX_POINT('',#1886);
#1888=CARTESIAN_POINT('',(1.983383,248.478104,-43.660862));
#1889=VERTEX_POINT('',#1888);
#1890=CARTESIAN_POINT('',(0,252.5,-43.660862));
#1891=VERTEX_POINT('',#1890);
#1892=CARTESIAN_POINT('',(0.326315,252.478607,-43.660862));
#1893=VERTEX_POINT('',#1892);
#1894=CARTESIAN_POINT('',(0.647048,252.41481,-43.660862));
#1895=VERTEX_POINT('',#1894);
#1896=CARTESIAN_POINT('',(0.956709,252.309692,-43.660862));
#1897=VERTEX_POINT('',#1896);
#1898=CARTESIAN_POINT('',(1.25,252.16507,-43.660862));
#1899=VERTEX_POINT('',#1898);
#1900=CARTESIAN_POINT('',(1.521904,251.983383,-43.660862));
#1901=VERTEX_POINT('',#1900);
#1902=CARTESIAN_POINT('',(1.767767,251.767761,-43.660862));
#1903=VERTEX_POINT('',#1902);
#1904=CARTESIAN_POINT('',(1.983383,251.521896,-43.660862));
#1905=VERTEX_POINT('',#1904);
#1906=CARTESIAN_POINT('',(2.165064,248.75,-43.660862));
#1907=VERTEX_POINT('',#1906);
#1908=CARTESIAN_POINT('',(2.309699,249.043289,-43.660862));
#1909=VERTEX_POINT('',#1908);
#1910=CARTESIAN_POINT('',(2.414814,249.352951,-43.660862));
#1911=VERTEX_POINT('',#1910);
#1912=CARTESIAN_POINT('',(2.478612,249.673691,-43.660862));
#1913=VERTEX_POINT('',#1912);
#1914=CARTESIAN_POINT('',(2.5,250,-43.660862));
#1915=VERTEX_POINT('',#1914);
#1916=CARTESIAN_POINT('',(2.478612,250.326309,-43.660862));
#1917=VERTEX_POINT('',#1916);
#1918=CARTESIAN_POINT('',(2.309699,250.956711,-43.660862));
#1919=VERTEX_POINT('',#1918);
#1920=CARTESIAN_POINT('',(2.414814,250.647049,-43.660862));
#1921=VERTEX_POINT('',#1920);
#1922=CARTESIAN_POINT('',(2.165064,251.25,-43.660862));
#1923=VERTEX_POINT('',#1922);
#1924=CARTESIAN_POINT('',(16,315.789673,-43.660862));
#1925=VERTEX_POINT('',#1924);
#1926=CARTESIAN_POINT('',(45.775002,239.395981,-43.660862));
#1927=VERTEX_POINT('',#1926);
#1928=CARTESIAN_POINT('',(45.775002,244.274582,-43.660862));
#1929=VERTEX_POINT('',#1928);
#1930=CARTESIAN_POINT('',(50,236.956665,-43.660862));
#1931=VERTEX_POINT('',#1930);
#1932=CARTESIAN_POINT('',(50,246.713882,-43.660862));
#1933=VERTEX_POINT('',#1932);
#1934=CARTESIAN_POINT('',(44,252,-43.660862));
#1935=VERTEX_POINT('',#1934);
#1936=CARTESIAN_POINT('',(44,252,-43.160862));
#1937=VERTEX_POINT('',#1936);
#1938=CARTESIAN_POINT('',(44,262,-43.660862));
#1939=VERTEX_POINT('',#1938);
#1940=CARTESIAN_POINT('',(44,262,-43.160862));
#1941=VERTEX_POINT('',#1940);
#1942=CARTESIAN_POINT('',(54.224998,239.395981,-43.660862));
#1943=VERTEX_POINT('',#1942);
#1944=CARTESIAN_POINT('',(54.224998,244.274582,-43.660862));
#1945=VERTEX_POINT('',#1944);
#1946=CARTESIAN_POINT('',(68,223.835281,-43.660862));
#1947=VERTEX_POINT('',#1946);
#1948=CARTESIAN_POINT('',(56,252,-43.660862));
#1949=VERTEX_POINT('',#1948);
#1950=CARTESIAN_POINT('',(56,252,-43.160862));
#1951=VERTEX_POINT('',#1950);
#1952=CARTESIAN_POINT('',(56,262,-43.660862));
#1953=VERTEX_POINT('',#1952);
#1954=CARTESIAN_POINT('',(56,262,-43.160862));
#1955=VERTEX_POINT('',#1954);
#1956=CARTESIAN_POINT('',(68,315.789673,-43.660862));
#1957=VERTEX_POINT('',#1956);
#1958=CARTESIAN_POINT('',(22.843063,347.371765,-48.660862));
#1959=VERTEX_POINT('',#1958);
#1960=CARTESIAN_POINT('',(22.7167,347.480774,-48.660862));
#1961=VERTEX_POINT('',#1960);
#1962=CARTESIAN_POINT('',(22.974623,347.269104,-48.660862));
#1963=VERTEX_POINT('',#1962);
#1964=CARTESIAN_POINT('',(23.111061,347.173004,-48.660862));
#1965=VERTEX_POINT('',#1964);
#1966=CARTESIAN_POINT('',(23.25205,347.08371,-48.660862));
#1967=VERTEX_POINT('',#1966);
#1968=CARTESIAN_POINT('',(22.173004,348.111053,-48.660862));
#1969=VERTEX_POINT('',#1968);
#1970=CARTESIAN_POINT('',(22.083723,348.252045,-48.660862));
#1971=VERTEX_POINT('',#1970);
#1972=CARTESIAN_POINT('',(22.269094,347.974609,-48.660862));
#1973=VERTEX_POINT('',#1972);
#1974=CARTESIAN_POINT('',(22.001467,348.397247,-48.660862));
#1975=VERTEX_POINT('',#1974);
#1976=CARTESIAN_POINT('',(21.926435,348.546326,-48.660862));
#1977=VERTEX_POINT('',#1976);
#1978=CARTESIAN_POINT('',(21.85881,348.698883,-48.660862));
#1979=VERTEX_POINT('',#1978);
#1980=CARTESIAN_POINT('',(21.79875,348.854584,-48.660862));
#1981=VERTEX_POINT('',#1980);
#1982=CARTESIAN_POINT('',(21.701893,349.173859,-48.660862));
#1983=VERTEX_POINT('',#1982);
#1984=CARTESIAN_POINT('',(21.746403,349.013031,-48.660862));
#1985=VERTEX_POINT('',#1984);
#1986=CARTESIAN_POINT('',(21.665331,349.3367,-48.660862));
#1987=VERTEX_POINT('',#1986);
#1988=CARTESIAN_POINT('',(21.636801,349.501129,-48.660862));
#1989=VERTEX_POINT('',#1988);
#1990=CARTESIAN_POINT('',(21.616371,349.666748,-48.660862));
#1991=VERTEX_POINT('',#1990);
#1992=CARTESIAN_POINT('',(21.604095,349.83316,-48.660862));
#1993=VERTEX_POINT('',#1992);
#1994=CARTESIAN_POINT('',(21.6,350,-48.660862));
#1995=VERTEX_POINT('',#1994);
#1996=CARTESIAN_POINT('',(21.604095,350.16684,-48.660862));
#1997=VERTEX_POINT('',#1996);
#1998=CARTESIAN_POINT('',(21.616371,350.333252,-48.660862));
#1999=VERTEX_POINT('',#1998);
#2000=CARTESIAN_POINT('',(22.371765,347.843048,-48.660862));
#2001=VERTEX_POINT('',#2000);
#2002=CARTESIAN_POINT('',(22.480766,347.716705,-48.660862));
#2003=VERTEX_POINT('',#2002);
#2004=CARTESIAN_POINT('',(22.595837,347.595825,-48.660862));
#2005=VERTEX_POINT('',#2004);
#2006=CARTESIAN_POINT('',(23.854574,346.798737,-48.660862));
#2007=VERTEX_POINT('',#2006);
#2008=CARTESIAN_POINT('',(23.397251,347.001465,-48.660862));
#2009=VERTEX_POINT('',#2008);
#2010=CARTESIAN_POINT('',(23.546312,346.926422,-48.660862));
#2011=VERTEX_POINT('',#2010);
#2012=CARTESIAN_POINT('',(23.698875,346.858795,-48.660862));
#2013=VERTEX_POINT('',#2012);
#2014=CARTESIAN_POINT('',(24.013033,346.746399,-48.660862));
#2015=VERTEX_POINT('',#2014);
#2016=CARTESIAN_POINT('',(24.173868,346.701904,-48.660862));
#2017=VERTEX_POINT('',#2016);
#2018=CARTESIAN_POINT('',(24.336693,346.665344,-48.660862));
#2019=VERTEX_POINT('',#2018);
#2020=CARTESIAN_POINT('',(24.501116,346.63681,-48.660862));
#2021=VERTEX_POINT('',#2020);
#2022=CARTESIAN_POINT('',(24.666742,346.616364,-48.660862));
#2023=VERTEX_POINT('',#2022);
#2024=CARTESIAN_POINT('',(24.83317,346.604095,-48.660862));
#2025=VERTEX_POINT('',#2024);
#2026=CARTESIAN_POINT('',(25,346.600006,-48.660862));
#2027=VERTEX_POINT('',#2026);
#2028=CARTESIAN_POINT('',(25.16683,346.604095,-48.660862));
#2029=VERTEX_POINT('',#2028);
#2030=CARTESIAN_POINT('',(25.333258,346.616364,-48.660862));
#2031=VERTEX_POINT('',#2030);
#2032=CARTESIAN_POINT('',(25.498884,346.63681,-48.660862));
#2033=VERTEX_POINT('',#2032);
#2034=CARTESIAN_POINT('',(21.636801,350.498871,-48.660862));
#2035=VERTEX_POINT('',#2034);
#2036=CARTESIAN_POINT('',(21.665331,350.6633,-48.660862));
#2037=VERTEX_POINT('',#2036);
#2038=CARTESIAN_POINT('',(21.701893,350.826141,-48.660862));
#2039=VERTEX_POINT('',#2038);
#2040=CARTESIAN_POINT('',(21.746403,350.986969,-48.660862));
#2041=VERTEX_POINT('',#2040);
#2042=CARTESIAN_POINT('',(21.79875,351.145416,-48.660862));
#2043=VERTEX_POINT('',#2042);
#2044=CARTESIAN_POINT('',(21.85881,351.301117,-48.660862));
#2045=VERTEX_POINT('',#2044);
#2046=CARTESIAN_POINT('',(21.926435,351.453674,-48.660862));
#2047=VERTEX_POINT('',#2046);
#2048=CARTESIAN_POINT('',(22.001467,351.602753,-48.660862));
#2049=VERTEX_POINT('',#2048);
#2050=CARTESIAN_POINT('',(22.083723,351.747955,-48.660862));
#2051=VERTEX_POINT('',#2050);
#2052=CARTESIAN_POINT('',(22.173004,351.888947,-48.660862));
#2053=VERTEX_POINT('',#2052);
#2054=CARTESIAN_POINT('',(22.269094,352.025391,-48.660862));
#2055=VERTEX_POINT('',#2054);
#2056=CARTESIAN_POINT('',(22.371765,352.156952,-48.660862));
#2057=VERTEX_POINT('',#2056);
#2058=CARTESIAN_POINT('',(22.480766,352.283295,-48.660862));
#2059=VERTEX_POINT('',#2058);
#2060=CARTESIAN_POINT('',(22.595837,352.404175,-48.660862));
#2061=VERTEX_POINT('',#2060);
#2062=CARTESIAN_POINT('',(22.7167,352.519226,-48.660862));
#2063=VERTEX_POINT('',#2062);
#2064=CARTESIAN_POINT('',(22.843063,352.628235,-48.660862));
#2065=VERTEX_POINT('',#2064);
#2066=CARTESIAN_POINT('',(22.974623,352.730896,-48.660862));
#2067=VERTEX_POINT('',#2066);
#2068=CARTESIAN_POINT('',(23.111061,352.826996,-48.660862));
#2069=VERTEX_POINT('',#2068);
#2070=CARTESIAN_POINT('',(23.25205,352.91629,-48.660862));
#2071=VERTEX_POINT('',#2070);
#2072=CARTESIAN_POINT('',(23.397251,352.998535,-48.660862));
#2073=VERTEX_POINT('',#2072);
#2074=CARTESIAN_POINT('',(23.546312,353.073578,-48.660862));
#2075=VERTEX_POINT('',#2074);
#2076=CARTESIAN_POINT('',(23.698875,353.141205,-48.660862));
#2077=VERTEX_POINT('',#2076);
#2078=CARTESIAN_POINT('',(23.854574,353.201263,-48.660862));
#2079=VERTEX_POINT('',#2078);
#2080=CARTESIAN_POINT('',(24.013033,353.253601,-48.660862));
#2081=VERTEX_POINT('',#2080);
#2082=CARTESIAN_POINT('',(24.173868,353.298096,-48.660862));
#2083=VERTEX_POINT('',#2082);
#2084=CARTESIAN_POINT('',(24.336693,353.334656,-48.660862));
#2085=VERTEX_POINT('',#2084);
#2086=CARTESIAN_POINT('',(24.501116,353.36319,-48.660862));
#2087=VERTEX_POINT('',#2086);
#2088=CARTESIAN_POINT('',(24.666742,353.383636,-48.660862));
#2089=VERTEX_POINT('',#2088);
#2090=CARTESIAN_POINT('',(24.83317,353.395905,-48.660862));
#2091=VERTEX_POINT('',#2090);
#2092=CARTESIAN_POINT('',(25,353.399994,-48.660862));
#2093=VERTEX_POINT('',#2092);
#2094=CARTESIAN_POINT('',(25.16683,353.395905,-48.660862));
#2095=VERTEX_POINT('',#2094);
#2096=CARTESIAN_POINT('',(25.333258,353.383636,-48.660862));
#2097=VERTEX_POINT('',#2096);
#2098=CARTESIAN_POINT('',(25.498884,353.36319,-48.660862));
#2099=VERTEX_POINT('',#2098);
#2100=CARTESIAN_POINT('',(25.663307,346.665344,-48.660862));
#2101=VERTEX_POINT('',#2100);
#2102=CARTESIAN_POINT('',(25.826132,346.701904,-48.660862));
#2103=VERTEX_POINT('',#2102);
#2104=CARTESIAN_POINT('',(25.986967,346.746399,-48.660862));
#2105=VERTEX_POINT('',#2104);
#2106=CARTESIAN_POINT('',(26.145426,346.798737,-48.660862));
#2107=VERTEX_POINT('',#2106);
#2108=CARTESIAN_POINT('',(26.301125,346.858795,-48.660862));
#2109=VERTEX_POINT('',#2108);
#2110=CARTESIAN_POINT('',(26.453688,346.926422,-48.660862));
#2111=VERTEX_POINT('',#2110);
#2112=CARTESIAN_POINT('',(26.602749,347.001465,-48.660862));
#2113=VERTEX_POINT('',#2112);
#2114=CARTESIAN_POINT('',(26.74795,347.08371,-48.660862));
#2115=VERTEX_POINT('',#2114);
#2116=CARTESIAN_POINT('',(26.888939,347.173004,-48.660862));
#2117=VERTEX_POINT('',#2116);
#2118=CARTESIAN_POINT('',(27.025377,347.269104,-48.660862));
#2119=VERTEX_POINT('',#2118);
#2120=CARTESIAN_POINT('',(27.156937,347.371765,-48.660862));
#2121=VERTEX_POINT('',#2120);
#2122=CARTESIAN_POINT('',(27.2833,347.480774,-48.660862));
#2123=VERTEX_POINT('',#2122);
#2124=CARTESIAN_POINT('',(27.404163,347.595825,-48.660862));
#2125=VERTEX_POINT('',#2124);
#2126=CARTESIAN_POINT('',(27.519234,347.716705,-48.660862));
#2127=VERTEX_POINT('',#2126);
#2128=CARTESIAN_POINT('',(27.628235,347.843048,-48.660862));
#2129=VERTEX_POINT('',#2128);
#2130=CARTESIAN_POINT('',(27.730906,347.974609,-48.660862));
#2131=VERTEX_POINT('',#2130);
#2132=CARTESIAN_POINT('',(27.826996,348.111053,-48.660862));
#2133=VERTEX_POINT('',#2132);
#2134=CARTESIAN_POINT('',(27.916277,348.252045,-48.660862));
#2135=VERTEX_POINT('',#2134);
#2136=CARTESIAN_POINT('',(27.998533,348.397247,-48.660862));
#2137=VERTEX_POINT('',#2136);
#2138=CARTESIAN_POINT('',(28.073565,348.546326,-48.660862));
#2139=VERTEX_POINT('',#2138);
#2140=CARTESIAN_POINT('',(28.14119,348.698883,-48.660862));
#2141=VERTEX_POINT('',#2140);
#2142=CARTESIAN_POINT('',(28.20125,348.854584,-48.660862));
#2143=VERTEX_POINT('',#2142);
#2144=CARTESIAN_POINT('',(28.253597,349.013031,-48.660862));
#2145=VERTEX_POINT('',#2144);
#2146=CARTESIAN_POINT('',(28.298107,349.173859,-48.660862));
#2147=VERTEX_POINT('',#2146);
#2148=CARTESIAN_POINT('',(28.334669,349.3367,-48.660862));
#2149=VERTEX_POINT('',#2148);
#2150=CARTESIAN_POINT('',(28.363199,349.501129,-48.660862));
#2151=VERTEX_POINT('',#2150);
#2152=CARTESIAN_POINT('',(28.383629,349.666748,-48.660862));
#2153=VERTEX_POINT('',#2152);
#2154=CARTESIAN_POINT('',(28.395905,349.83316,-48.660862));
#2155=VERTEX_POINT('',#2154);
#2156=CARTESIAN_POINT('',(28.4,350,-48.660862));
#2157=VERTEX_POINT('',#2156);
#2158=CARTESIAN_POINT('',(28.395905,350.16684,-48.660862));
#2159=VERTEX_POINT('',#2158);
#2160=CARTESIAN_POINT('',(28.383629,350.333252,-48.660862));
#2161=VERTEX_POINT('',#2160);
#2162=CARTESIAN_POINT('',(25.826132,353.298096,-48.660862));
#2163=VERTEX_POINT('',#2162);
#2164=CARTESIAN_POINT('',(25.986967,353.253601,-48.660862));
#2165=VERTEX_POINT('',#2164);
#2166=CARTESIAN_POINT('',(26.145426,353.201263,-48.660862));
#2167=VERTEX_POINT('',#2166);
#2168=CARTESIAN_POINT('',(26.301125,353.141205,-48.660862));
#2169=VERTEX_POINT('',#2168);
#2170=CARTESIAN_POINT('',(26.453688,353.073578,-48.660862));
#2171=VERTEX_POINT('',#2170);
#2172=CARTESIAN_POINT('',(26.74795,352.91629,-48.660862));
#2173=VERTEX_POINT('',#2172);
#2174=CARTESIAN_POINT('',(26.602749,352.998535,-48.660862));
#2175=VERTEX_POINT('',#2174);
#2176=CARTESIAN_POINT('',(26.888939,352.826996,-48.660862));
#2177=VERTEX_POINT('',#2176);
#2178=CARTESIAN_POINT('',(27.025377,352.730896,-48.660862));
#2179=VERTEX_POINT('',#2178);
#2180=CARTESIAN_POINT('',(27.2833,352.519226,-48.660862));
#2181=VERTEX_POINT('',#2180);
#2182=CARTESIAN_POINT('',(27.404163,352.404175,-48.660862));
#2183=VERTEX_POINT('',#2182);
#2184=CARTESIAN_POINT('',(27.519234,352.283295,-48.660862));
#2185=VERTEX_POINT('',#2184);
#2186=CARTESIAN_POINT('',(27.156937,352.628235,-48.660862));
#2187=VERTEX_POINT('',#2186);
#2188=CARTESIAN_POINT('',(25.663307,353.334656,-48.660862));
#2189=VERTEX_POINT('',#2188);
#2190=CARTESIAN_POINT('',(28.14119,351.301117,-48.660862));
#2191=VERTEX_POINT('',#2190);
#2192=CARTESIAN_POINT('',(28.073565,351.453674,-48.660862));
#2193=VERTEX_POINT('',#2192);
#2194=CARTESIAN_POINT('',(27.998533,351.602753,-48.660862));
#2195=VERTEX_POINT('',#2194);
#2196=CARTESIAN_POINT('',(27.916277,351.747955,-48.660862));
#2197=VERTEX_POINT('',#2196);
#2198=CARTESIAN_POINT('',(28.363199,350.498871,-48.660862));
#2199=VERTEX_POINT('',#2198);
#2200=CARTESIAN_POINT('',(28.334669,350.6633,-48.660862));
#2201=VERTEX_POINT('',#2200);
#2202=CARTESIAN_POINT('',(28.253597,350.986969,-48.660862));
#2203=VERTEX_POINT('',#2202);
#2204=CARTESIAN_POINT('',(28.20125,351.145416,-48.660862));
#2205=VERTEX_POINT('',#2204);
#2206=CARTESIAN_POINT('',(28.298107,350.826141,-48.660862));
#2207=VERTEX_POINT('',#2206);
#2208=CARTESIAN_POINT('',(27.730906,352.025391,-48.660862));
#2209=VERTEX_POINT('',#2208);
#2210=CARTESIAN_POINT('',(27.628235,352.156952,-48.660862));
#2211=VERTEX_POINT('',#2210);
#2212=CARTESIAN_POINT('',(27.826996,351.888947,-48.660862));
#2213=VERTEX_POINT('',#2212);
#2214=CARTESIAN_POINT('',(22.843063,347.371765,-47.910862));
#2215=VERTEX_POINT('',#2214);
#2216=CARTESIAN_POINT('',(22.7167,347.480774,-47.910862));
#2217=VERTEX_POINT('',#2216);
#2218=CARTESIAN_POINT('',(22.974623,347.269104,-47.910862));
#2219=VERTEX_POINT('',#2218);
#2220=CARTESIAN_POINT('',(23.111061,347.173004,-47.910862));
#2221=VERTEX_POINT('',#2220);
#2222=CARTESIAN_POINT('',(23.25205,347.08371,-47.910862));
#2223=VERTEX_POINT('',#2222);
#2224=CARTESIAN_POINT('',(22.173004,348.111053,-47.910862));
#2225=VERTEX_POINT('',#2224);
#2226=CARTESIAN_POINT('',(22.083723,348.252045,-47.910862));
#2227=VERTEX_POINT('',#2226);
#2228=CARTESIAN_POINT('',(22.269094,347.974609,-47.910862));
#2229=VERTEX_POINT('',#2228);
#2230=CARTESIAN_POINT('',(22.001467,348.397247,-47.910862));
#2231=VERTEX_POINT('',#2230);
#2232=CARTESIAN_POINT('',(21.926435,348.546326,-47.910862));
#2233=VERTEX_POINT('',#2232);
#2234=CARTESIAN_POINT('',(21.85881,348.698883,-47.910862));
#2235=VERTEX_POINT('',#2234);
#2236=CARTESIAN_POINT('',(21.79875,348.854584,-47.910862));
#2237=VERTEX_POINT('',#2236);
#2238=CARTESIAN_POINT('',(21.701893,349.173859,-47.910862));
#2239=VERTEX_POINT('',#2238);
#2240=CARTESIAN_POINT('',(21.746403,349.013031,-47.910862));
#2241=VERTEX_POINT('',#2240);
#2242=CARTESIAN_POINT('',(21.665331,349.3367,-47.910862));
#2243=VERTEX_POINT('',#2242);
#2244=CARTESIAN_POINT('',(21.636801,349.501129,-47.910862));
#2245=VERTEX_POINT('',#2244);
#2246=CARTESIAN_POINT('',(21.616371,349.666748,-47.910862));
#2247=VERTEX_POINT('',#2246);
#2248=CARTESIAN_POINT('',(21.604095,349.83316,-47.910862));
#2249=VERTEX_POINT('',#2248);
#2250=CARTESIAN_POINT('',(21.6,350,-47.910862));
#2251=VERTEX_POINT('',#2250);
#2252=CARTESIAN_POINT('',(21.604095,350.16684,-47.910862));
#2253=VERTEX_POINT('',#2252);
#2254=CARTESIAN_POINT('',(21.616371,350.333252,-47.910862));
#2255=VERTEX_POINT('',#2254);
#2256=CARTESIAN_POINT('',(22.371765,347.843048,-47.910862));
#2257=VERTEX_POINT('',#2256);
#2258=CARTESIAN_POINT('',(22.480766,347.716705,-47.910862));
#2259=VERTEX_POINT('',#2258);
#2260=CARTESIAN_POINT('',(22.595837,347.595825,-47.910862));
#2261=VERTEX_POINT('',#2260);
#2262=CARTESIAN_POINT('',(23.854574,346.798737,-47.910862));
#2263=VERTEX_POINT('',#2262);
#2264=CARTESIAN_POINT('',(23.397251,347.001465,-47.910862));
#2265=VERTEX_POINT('',#2264);
#2266=CARTESIAN_POINT('',(23.546312,346.926422,-47.910862));
#2267=VERTEX_POINT('',#2266);
#2268=CARTESIAN_POINT('',(23.698875,346.858795,-47.910862));
#2269=VERTEX_POINT('',#2268);
#2270=CARTESIAN_POINT('',(24.013033,346.746399,-47.910862));
#2271=VERTEX_POINT('',#2270);
#2272=CARTESIAN_POINT('',(24.173868,346.701904,-47.910862));
#2273=VERTEX_POINT('',#2272);
#2274=CARTESIAN_POINT('',(24.336693,346.665344,-47.910862));
#2275=VERTEX_POINT('',#2274);
#2276=CARTESIAN_POINT('',(24.501116,346.63681,-47.910862));
#2277=VERTEX_POINT('',#2276);
#2278=CARTESIAN_POINT('',(24.666742,346.616364,-47.910862));
#2279=VERTEX_POINT('',#2278);
#2280=CARTESIAN_POINT('',(24.83317,346.604095,-47.910862));
#2281=VERTEX_POINT('',#2280);
#2282=CARTESIAN_POINT('',(25,346.600006,-47.910862));
#2283=VERTEX_POINT('',#2282);
#2284=CARTESIAN_POINT('',(25.16683,346.604095,-47.910862));
#2285=VERTEX_POINT('',#2284);
#2286=CARTESIAN_POINT('',(25.333258,346.616364,-47.910862));
#2287=VERTEX_POINT('',#2286);
#2288=CARTESIAN_POINT('',(25.498884,346.63681,-47.910862));
#2289=VERTEX_POINT('',#2288);
#2290=CARTESIAN_POINT('',(21.636801,350.498871,-47.910862));
#2291=VERTEX_POINT('',#2290);
#2292=CARTESIAN_POINT('',(21.665331,350.6633,-47.910862));
#2293=VERTEX_POINT('',#2292);
#2294=CARTESIAN_POINT('',(21.701893,350.826141,-47.910862));
#2295=VERTEX_POINT('',#2294);
#2296=CARTESIAN_POINT('',(21.746403,350.986969,-47.910862));
#2297=VERTEX_POINT('',#2296);
#2298=CARTESIAN_POINT('',(21.79875,351.145416,-47.910862));
#2299=VERTEX_POINT('',#2298);
#2300=CARTESIAN_POINT('',(21.85881,351.301117,-47.910862));
#2301=VERTEX_POINT('',#2300);
#2302=CARTESIAN_POINT('',(21.926435,351.453674,-47.910862));
#2303=VERTEX_POINT('',#2302);
#2304=CARTESIAN_POINT('',(22.001467,351.602753,-47.910862));
#2305=VERTEX_POINT('',#2304);
#2306=CARTESIAN_POINT('',(22.083723,351.747955,-47.910862));
#2307=VERTEX_POINT('',#2306);
#2308=CARTESIAN_POINT('',(22.173004,351.888947,-47.910862));
#2309=VERTEX_POINT('',#2308);
#2310=CARTESIAN_POINT('',(22.269094,352.025391,-47.910862));
#2311=VERTEX_POINT('',#2310);
#2312=CARTESIAN_POINT('',(22.371765,352.156952,-47.910862));
#2313=VERTEX_POINT('',#2312);
#2314=CARTESIAN_POINT('',(22.480766,352.283295,-47.910862));
#2315=VERTEX_POINT('',#2314);
#2316=CARTESIAN_POINT('',(22.595837,352.404175,-47.910862));
#2317=VERTEX_POINT('',#2316);
#2318=CARTESIAN_POINT('',(22.7167,352.519226,-47.910862));
#2319=VERTEX_POINT('',#2318);
#2320=CARTESIAN_POINT('',(22.843063,352.628235,-47.910862));
#2321=VERTEX_POINT('',#2320);
#2322=CARTESIAN_POINT('',(22.974623,352.730896,-47.910862));
#2323=VERTEX_POINT('',#2322);
#2324=CARTESIAN_POINT('',(23.111061,352.826996,-47.910862));
#2325=VERTEX_POINT('',#2324);
#2326=CARTESIAN_POINT('',(23.25205,352.91629,-47.910862));
#2327=VERTEX_POINT('',#2326);
#2328=CARTESIAN_POINT('',(23.397251,352.998535,-47.910862));
#2329=VERTEX_POINT('',#2328);
#2330=CARTESIAN_POINT('',(23.546312,353.073578,-47.910862));
#2331=VERTEX_POINT('',#2330);
#2332=CARTESIAN_POINT('',(23.698875,353.141205,-47.910862));
#2333=VERTEX_POINT('',#2332);
#2334=CARTESIAN_POINT('',(23.854574,353.201263,-47.910862));
#2335=VERTEX_POINT('',#2334);
#2336=CARTESIAN_POINT('',(24.013033,353.253601,-47.910862));
#2337=VERTEX_POINT('',#2336);
#2338=CARTESIAN_POINT('',(24.173868,353.298096,-47.910862));
#2339=VERTEX_POINT('',#2338);
#2340=CARTESIAN_POINT('',(24.336693,353.334656,-47.910862));
#2341=VERTEX_POINT('',#2340);
#2342=CARTESIAN_POINT('',(24.501116,353.36319,-47.910862));
#2343=VERTEX_POINT('',#2342);
#2344=CARTESIAN_POINT('',(24.666742,353.383636,-47.910862));
#2345=VERTEX_POINT('',#2344);
#2346=CARTESIAN_POINT('',(24.83317,353.395905,-47.910862));
#2347=VERTEX_POINT('',#2346);
#2348=CARTESIAN_POINT('',(25,353.399994,-47.910862));
#2349=VERTEX_POINT('',#2348);
#2350=CARTESIAN_POINT('',(25.16683,353.395905,-47.910862));
#2351=VERTEX_POINT('',#2350);
#2352=CARTESIAN_POINT('',(25.333258,353.383636,-47.910862));
#2353=VERTEX_POINT('',#2352);
#2354=CARTESIAN_POINT('',(25.498884,353.36319,-47.910862));
#2355=VERTEX_POINT('',#2354);
#2356=CARTESIAN_POINT('',(25.663307,346.665344,-47.910862));
#2357=VERTEX_POINT('',#2356);
#2358=CARTESIAN_POINT('',(25.826132,346.701904,-47.910862));
#2359=VERTEX_POINT('',#2358);
#2360=CARTESIAN_POINT('',(25.986967,346.746399,-47.910862));
#2361=VERTEX_POINT('',#2360);
#2362=CARTESIAN_POINT('',(26.145426,346.798737,-47.910862));
#2363=VERTEX_POINT('',#2362);
#2364=CARTESIAN_POINT('',(26.301125,346.858795,-47.910862));
#2365=VERTEX_POINT('',#2364);
#2366=CARTESIAN_POINT('',(26.453688,346.926422,-47.910862));
#2367=VERTEX_POINT('',#2366);
#2368=CARTESIAN_POINT('',(26.602749,347.001465,-47.910862));
#2369=VERTEX_POINT('',#2368);
#2370=CARTESIAN_POINT('',(26.74795,347.08371,-47.910862));
#2371=VERTEX_POINT('',#2370);
#2372=CARTESIAN_POINT('',(26.888939,347.173004,-47.910862));
#2373=VERTEX_POINT('',#2372);
#2374=CARTESIAN_POINT('',(27.025377,347.269104,-47.910862));
#2375=VERTEX_POINT('',#2374);
#2376=CARTESIAN_POINT('',(27.156937,347.371765,-47.910862));
#2377=VERTEX_POINT('',#2376);
#2378=CARTESIAN_POINT('',(27.2833,347.480774,-47.910862));
#2379=VERTEX_POINT('',#2378);
#2380=CARTESIAN_POINT('',(27.404163,347.595825,-47.910862));
#2381=VERTEX_POINT('',#2380);
#2382=CARTESIAN_POINT('',(27.519234,347.716705,-47.910862));
#2383=VERTEX_POINT('',#2382);
#2384=CARTESIAN_POINT('',(27.628235,347.843048,-47.910862));
#2385=VERTEX_POINT('',#2384);
#2386=CARTESIAN_POINT('',(27.730906,347.974609,-47.910862));
#2387=VERTEX_POINT('',#2386);
#2388=CARTESIAN_POINT('',(27.826996,348.111053,-47.910862));
#2389=VERTEX_POINT('',#2388);
#2390=CARTESIAN_POINT('',(27.916277,348.252045,-47.910862));
#2391=VERTEX_POINT('',#2390);
#2392=CARTESIAN_POINT('',(27.998533,348.397247,-47.910862));
#2393=VERTEX_POINT('',#2392);
#2394=CARTESIAN_POINT('',(28.073565,348.546326,-47.910862));
#2395=VERTEX_POINT('',#2394);
#2396=CARTESIAN_POINT('',(28.14119,348.698883,-47.910862));
#2397=VERTEX_POINT('',#2396);
#2398=CARTESIAN_POINT('',(28.20125,348.854584,-47.910862));
#2399=VERTEX_POINT('',#2398);
#2400=CARTESIAN_POINT('',(28.253597,349.013031,-47.910862));
#2401=VERTEX_POINT('',#2400);
#2402=CARTESIAN_POINT('',(28.298107,349.173859,-47.910862));
#2403=VERTEX_POINT('',#2402);
#2404=CARTESIAN_POINT('',(28.334669,349.3367,-47.910862));
#2405=VERTEX_POINT('',#2404);
#2406=CARTESIAN_POINT('',(28.363199,349.501129,-47.910862));
#2407=VERTEX_POINT('',#2406);
#2408=CARTESIAN_POINT('',(28.383629,349.666748,-47.910862));
#2409=VERTEX_POINT('',#2408);
#2410=CARTESIAN_POINT('',(28.395905,349.83316,-47.910862));
#2411=VERTEX_POINT('',#2410);
#2412=CARTESIAN_POINT('',(28.4,350,-47.910862));
#2413=VERTEX_POINT('',#2412);
#2414=CARTESIAN_POINT('',(28.395905,350.16684,-47.910862));
#2415=VERTEX_POINT('',#2414);
#2416=CARTESIAN_POINT('',(28.383629,350.333252,-47.910862));
#2417=VERTEX_POINT('',#2416);
#2418=CARTESIAN_POINT('',(25.826132,353.298096,-47.910862));
#2419=VERTEX_POINT('',#2418);
#2420=CARTESIAN_POINT('',(25.986967,353.253601,-47.910862));
#2421=VERTEX_POINT('',#2420);
#2422=CARTESIAN_POINT('',(26.145426,353.201263,-47.910862));
#2423=VERTEX_POINT('',#2422);
#2424=CARTESIAN_POINT('',(26.301125,353.141205,-47.910862));
#2425=VERTEX_POINT('',#2424);
#2426=CARTESIAN_POINT('',(26.453688,353.073578,-47.910862));
#2427=VERTEX_POINT('',#2426);
#2428=CARTESIAN_POINT('',(26.74795,352.91629,-47.910862));
#2429=VERTEX_POINT('',#2428);
#2430=CARTESIAN_POINT('',(26.602749,352.998535,-47.910862));
#2431=VERTEX_POINT('',#2430);
#2432=CARTESIAN_POINT('',(26.888939,352.826996,-47.910862));
#2433=VERTEX_POINT('',#2432);
#2434=CARTESIAN_POINT('',(27.025377,352.730896,-47.910862));
#2435=VERTEX_POINT('',#2434);
#2436=CARTESIAN_POINT('',(27.2833,352.519226,-47.910862));
#2437=VERTEX_POINT('',#2436);
#2438=CARTESIAN_POINT('',(27.404163,352.404175,-47.910862));
#2439=VERTEX_POINT('',#2438);
#2440=CARTESIAN_POINT('',(27.519234,352.283295,-47.910862));
#2441=VERTEX_POINT('',#2440);
#2442=CARTESIAN_POINT('',(27.156937,352.628235,-47.910862));
#2443=VERTEX_POINT('',#2442);
#2444=CARTESIAN_POINT('',(25.663307,353.334656,-47.910862));
#2445=VERTEX_POINT('',#2444);
#2446=CARTESIAN_POINT('',(28.14119,351.301117,-47.910862));
#2447=VERTEX_POINT('',#2446);
#2448=CARTESIAN_POINT('',(28.073565,351.453674,-47.910862));
#2449=VERTEX_POINT('',#2448);
#2450=CARTESIAN_POINT('',(27.998533,351.602753,-47.910862));
#2451=VERTEX_POINT('',#2450);
#2452=CARTESIAN_POINT('',(27.916277,351.747955,-47.910862));
#2453=VERTEX_POINT('',#2452);
#2454=CARTESIAN_POINT('',(28.363199,350.498871,-47.910862));
#2455=VERTEX_POINT('',#2454);
#2456=CARTESIAN_POINT('',(28.334669,350.6633,-47.910862));
#2457=VERTEX_POINT('',#2456);
#2458=CARTESIAN_POINT('',(28.253597,350.986969,-47.910862));
#2459=VERTEX_POINT('',#2458);
#2460=CARTESIAN_POINT('',(28.20125,351.145416,-47.910862));
#2461=VERTEX_POINT('',#2460);
#2462=CARTESIAN_POINT('',(28.298107,350.826141,-47.910862));
#2463=VERTEX_POINT('',#2462);
#2464=CARTESIAN_POINT('',(27.730906,352.025391,-47.910862));
#2465=VERTEX_POINT('',#2464);
#2466=CARTESIAN_POINT('',(27.628235,352.156952,-47.910862));
#2467=VERTEX_POINT('',#2466);
#2468=CARTESIAN_POINT('',(27.826996,351.888947,-47.910862));
#2469=VERTEX_POINT('',#2468);
#2470=CARTESIAN_POINT('',(16,382.789673,-48.660862));
#2471=VERTEX_POINT('',#2470);
#2472=CARTESIAN_POINT('',(16,382.789673,-47.910862));
#2473=VERTEX_POINT('',#2472);
#2474=CARTESIAN_POINT('',(0,397.5,-48.660862));
#2475=VERTEX_POINT('',#2474);
#2476=CARTESIAN_POINT('',(0.326315,397.521393,-48.660862));
#2477=VERTEX_POINT('',#2476);
#2478=CARTESIAN_POINT('',(0.647048,397.585175,-48.660862));
#2479=VERTEX_POINT('',#2478);
#2480=CARTESIAN_POINT('',(0.956709,397.690308,-48.660862));
#2481=VERTEX_POINT('',#2480);
#2482=CARTESIAN_POINT('',(1.25,397.83493,-48.660862));
#2483=VERTEX_POINT('',#2482);
#2484=CARTESIAN_POINT('',(1.521904,398.016602,-48.660862));
#2485=VERTEX_POINT('',#2484);
#2486=CARTESIAN_POINT('',(1.767767,398.232239,-48.660862));
#2487=VERTEX_POINT('',#2486);
#2488=CARTESIAN_POINT('',(1.983383,398.478088,-48.660862));
#2489=VERTEX_POINT('',#2488);
#2490=CARTESIAN_POINT('',(1.25,402.16507,-48.660862));
#2491=VERTEX_POINT('',#2490);
#2492=CARTESIAN_POINT('',(1.521904,401.983398,-48.660862));
#2493=VERTEX_POINT('',#2492);
#2494=CARTESIAN_POINT('',(1.983383,401.521912,-48.660862));
#2495=VERTEX_POINT('',#2494);
#2496=CARTESIAN_POINT('',(1.767767,401.767761,-48.660862));
#2497=VERTEX_POINT('',#2496);
#2498=CARTESIAN_POINT('',(2.165064,398.75,-48.660862));
#2499=VERTEX_POINT('',#2498);
#2500=CARTESIAN_POINT('',(2.309699,399.043304,-48.660862));
#2501=VERTEX_POINT('',#2500);
#2502=CARTESIAN_POINT('',(2.414814,399.352966,-48.660862));
#2503=VERTEX_POINT('',#2502);
#2504=CARTESIAN_POINT('',(2.478612,399.673676,-48.660862));
#2505=VERTEX_POINT('',#2504);
#2506=CARTESIAN_POINT('',(2.5,400,-48.660862));
#2507=VERTEX_POINT('',#2506);
#2508=CARTESIAN_POINT('',(2.478612,400.326324,-48.660862));
#2509=VERTEX_POINT('',#2508);
#2510=CARTESIAN_POINT('',(2.414814,400.647034,-48.660862));
#2511=VERTEX_POINT('',#2510);
#2512=CARTESIAN_POINT('',(2.309699,400.956696,-48.660862));
#2513=VERTEX_POINT('',#2512);
#2514=CARTESIAN_POINT('',(2.165064,401.25,-48.660862));
#2515=VERTEX_POINT('',#2514);
#2516=CARTESIAN_POINT('',(0,402.5,-48.660862));
#2517=VERTEX_POINT('',#2516);
#2518=CARTESIAN_POINT('',(0.326315,402.478607,-48.660862));
#2519=VERTEX_POINT('',#2518);
#2520=CARTESIAN_POINT('',(0.647048,402.414825,-48.660862));
#2521=VERTEX_POINT('',#2520);
#2522=CARTESIAN_POINT('',(0.956709,402.309692,-48.660862));
#2523=VERTEX_POINT('',#2522);
#2524=CARTESIAN_POINT('',(16,408,-48.660862));
#2525=VERTEX_POINT('',#2524);
#2526=CARTESIAN_POINT('',(33,382.789673,-48.660862));
#2527=VERTEX_POINT('',#2526);
#2528=CARTESIAN_POINT('',(33,382.789673,-47.910862));
#2529=VERTEX_POINT('',#2528);
#2530=CARTESIAN_POINT('',(0,397.5,-43.660862));
#2531=VERTEX_POINT('',#2530);
#2532=CARTESIAN_POINT('',(0.326315,397.521393,-43.660862));
#2533=VERTEX_POINT('',#2532);
#2534=CARTESIAN_POINT('',(0.647048,397.585175,-43.660862));
#2535=VERTEX_POINT('',#2534);
#2536=CARTESIAN_POINT('',(0.956709,397.690308,-43.660862));
#2537=VERTEX_POINT('',#2536);
#2538=CARTESIAN_POINT('',(1.25,397.83493,-43.660862));
#2539=VERTEX_POINT('',#2538);
#2540=CARTESIAN_POINT('',(1.521904,398.016602,-43.660862));
#2541=VERTEX_POINT('',#2540);
#2542=CARTESIAN_POINT('',(1.767767,398.232239,-43.660862));
#2543=VERTEX_POINT('',#2542);
#2544=CARTESIAN_POINT('',(1.983383,398.478088,-43.660862));
#2545=VERTEX_POINT('',#2544);
#2546=CARTESIAN_POINT('',(1.25,402.16507,-43.660862));
#2547=VERTEX_POINT('',#2546);
#2548=CARTESIAN_POINT('',(1.521904,401.983398,-43.660862));
#2549=VERTEX_POINT('',#2548);
#2550=CARTESIAN_POINT('',(1.983383,401.521912,-43.660862));
#2551=VERTEX_POINT('',#2550);
#2552=CARTESIAN_POINT('',(1.767767,401.767761,-43.660862));
#2553=VERTEX_POINT('',#2552);
#2554=CARTESIAN_POINT('',(2.165064,398.75,-43.660862));
#2555=VERTEX_POINT('',#2554);
#2556=CARTESIAN_POINT('',(2.309699,399.043304,-43.660862));
#2557=VERTEX_POINT('',#2556);
#2558=CARTESIAN_POINT('',(2.414814,399.352966,-43.660862));
#2559=VERTEX_POINT('',#2558);
#2560=CARTESIAN_POINT('',(2.478612,399.673676,-43.660862));
#2561=VERTEX_POINT('',#2560);
#2562=CARTESIAN_POINT('',(2.5,400,-43.660862));
#2563=VERTEX_POINT('',#2562);
#2564=CARTESIAN_POINT('',(2.478612,400.326324,-43.660862));
#2565=VERTEX_POINT('',#2564);
#2566=CARTESIAN_POINT('',(2.414814,400.647034,-43.660862));
#2567=VERTEX_POINT('',#2566);
#2568=CARTESIAN_POINT('',(2.309699,400.956696,-43.660862));
#2569=VERTEX_POINT('',#2568);
#2570=CARTESIAN_POINT('',(2.165064,401.25,-43.660862));
#2571=VERTEX_POINT('',#2570);
#2572=CARTESIAN_POINT('',(0,402.5,-43.660862));
#2573=VERTEX_POINT('',#2572);
#2574=CARTESIAN_POINT('',(0.326315,402.478607,-43.660862));
#2575=VERTEX_POINT('',#2574);
#2576=CARTESIAN_POINT('',(0.647048,402.414825,-43.660862));
#2577=VERTEX_POINT('',#2576);
#2578=CARTESIAN_POINT('',(0.956709,402.309692,-43.660862));
#2579=VERTEX_POINT('',#2578);
#2580=CARTESIAN_POINT('',(16,408,-43.660862));
#2581=VERTEX_POINT('',#2580);
#2582=DIRECTION('',(0,0,-1));
#2583=DIRECTION('',(-0,1,0));
#2584=AXIS2_PLACEMENT_3D('',#588,#2582,#2583);
#2585=PLANE('',#2584);
#2586=DIRECTION('',(0,1,0));
#2587=VECTOR('',#2586,67);
#2588=LINE('',#588,#2587);
#2589=EDGE_CURVE('',#589,#1187,#2588,.T.);
#2590=ORIENTED_EDGE('',*,*,#2589,.T.);
#2591=DIRECTION('',(1,0,0));
#2592=VECTOR('',#2591,17);
#2593=LINE('',#1186,#2592);
#2594=EDGE_CURVE('',#1187,#1191,#2593,.T.);
#2595=ORIENTED_EDGE('',*,*,#2594,.T.);
#2596=DIRECTION('',(0,1,0));
#2597=VECTOR('',#2596,25.210327);
#2598=LINE('',#1190,#2597);
#2599=EDGE_CURVE('',#1191,#1195,#2598,.T.);
#2600=ORIENTED_EDGE('',*,*,#2599,.T.);
#2601=DIRECTION('',(1,0,0));
#2602=VECTOR('',#2601,32);
#2603=LINE('',#1194,#2602);
#2604=EDGE_CURVE('',#1195,#2525,#2603,.T.);
#2605=ORIENTED_EDGE('',*,*,#2604,.T.);
#2606=DIRECTION('',(0,1,0));
#2607=VECTOR('',#2606,25.210327);
#2608=LINE('',#2470,#2607);
#2609=EDGE_CURVE('',#2471,#2525,#2608,.T.);
#2610=ORIENTED_EDGE('',*,*,#2609,.F.);
#2611=DIRECTION('',(1,0,0));
#2612=VECTOR('',#2611,17);
#2613=LINE('',#2470,#2612);
#2614=EDGE_CURVE('',#2471,#2527,#2613,.T.);
#2615=ORIENTED_EDGE('',*,*,#2614,.T.);
#2616=DIRECTION('',(0,1,0));
#2617=VECTOR('',#2616,67);
#2618=LINE('',#1342,#2617);
#2619=EDGE_CURVE('',#1343,#2527,#2618,.T.);
#2620=ORIENTED_EDGE('',*,*,#2619,.F.);
#2621=DIRECTION('',(1,0,0));
#2622=VECTOR('',#2621,35);
#2623=LINE('',#1342,#2622);
#2624=EDGE_CURVE('',#1343,#1873,#2623,.T.);
#2625=ORIENTED_EDGE('',*,*,#2624,.T.);
#2626=DIRECTION('',(0,1,0));
#2627=VECTOR('',#2626,91.954391);
#2628=LINE('',#1602,#2627);
#2629=EDGE_CURVE('',#1603,#1873,#2628,.T.);
#2630=ORIENTED_EDGE('',*,*,#2629,.F.);
#2631=DIRECTION('',(1,0,0));
#2632=VECTOR('',#2631,136);
#2633=LINE('',#14,#2632);
#2634=EDGE_CURVE('',#15,#1603,#2633,.T.);
#2635=ORIENTED_EDGE('',*,*,#2634,.F.);
#2636=DIRECTION('',(0,1,0));
#2637=VECTOR('',#2636,91.954391);
#2638=LINE('',#14,#2637);
#2639=EDGE_CURVE('',#15,#541,#2638,.T.);
#2640=ORIENTED_EDGE('',*,*,#2639,.T.);
#2641=DIRECTION('',(1,0,0));
#2642=VECTOR('',#2641,35);
#2643=LINE('',#540,#2642);
#2644=EDGE_CURVE('',#541,#589,#2643,.T.);
#2645=ORIENTED_EDGE('',*,*,#2644,.T.);
#2646=EDGE_LOOP('',(#2590,#2595,#2600,#2605,#2610,#2615,#2620,#2625,#2630,#2635,#2640,#2645));
#2647=FACE_OUTER_BOUND('',#2646,.T.);
#2648=DIRECTION('',(0.57579,-0.817597,0));
#2649=VECTOR('',#2648,0.166884);
#2650=LINE('',#2208,#2649);
#2651=EDGE_CURVE('',#2209,#2213,#2650,.T.);
#2652=ORIENTED_EDGE('',*,*,#2651,.F.);
#2653=DIRECTION('',(-0.615229,0.788349,0));
#2654=VECTOR('',#2653,0.166882);
#2655=LINE('',#2208,#2654);
#2656=EDGE_CURVE('',#2209,#2211,#2655,.T.);
#2657=ORIENTED_EDGE('',*,*,#2656,.T.);
#2658=DIRECTION('',(0.653232,-0.757158,0));
#2659=VECTOR('',#2658,0.166864);
#2660=LINE('',#2184,#2659);
#2661=EDGE_CURVE('',#2185,#2211,#2660,.T.);
#2662=ORIENTED_EDGE('',*,*,#2661,.F.);
#2663=DIRECTION('',(0.689487,-0.724298,0));
#2664=VECTOR('',#2663,0.166893);
#2665=LINE('',#2182,#2664);
#2666=EDGE_CURVE('',#2183,#2185,#2665,.T.);
#2667=ORIENTED_EDGE('',*,*,#2666,.F.);
#2668=DIRECTION('',(0.724306,-0.689478,0));
#2669=VECTOR('',#2668,0.166867);
#2670=LINE('',#2180,#2669);
#2671=EDGE_CURVE('',#2181,#2183,#2670,.T.);
#2672=ORIENTED_EDGE('',*,*,#2671,.F.);
#2673=DIRECTION('',(-0.757189,0.653196,0));
#2674=VECTOR('',#2673,0.166885);
#2675=LINE('',#2180,#2674);
#2676=EDGE_CURVE('',#2181,#2187,#2675,.T.);
#2677=ORIENTED_EDGE('',*,*,#2676,.T.);
#2678=DIRECTION('',(0.788372,-0.615199,0));
#2679=VECTOR('',#2678,0.166875);
#2680=LINE('',#2178,#2679);
#2681=EDGE_CURVE('',#2179,#2187,#2680,.T.);
#2682=ORIENTED_EDGE('',*,*,#2681,.F.);
#2683=DIRECTION('',(0.817559,-0.575845,0));
#2684=VECTOR('',#2683,0.166885);
#2685=LINE('',#2176,#2684);
#2686=EDGE_CURVE('',#2177,#2179,#2685,.T.);
#2687=ORIENTED_EDGE('',*,*,#2686,.F.);
#2688=DIRECTION('',(0.844816,-0.535057,0));
#2689=VECTOR('',#2688,0.166888);
#2690=LINE('',#2172,#2689);
#2691=EDGE_CURVE('',#2173,#2177,#2690,.T.);
#2692=ORIENTED_EDGE('',*,*,#2691,.F.);
#2693=DIRECTION('',(-0.870114,0.492851,0));
#2694=VECTOR('',#2693,0.166876);
#2695=LINE('',#2172,#2694);
#2696=EDGE_CURVE('',#2173,#2175,#2695,.T.);
#2697=ORIENTED_EDGE('',*,*,#2696,.T.);
#2698=DIRECTION('',(0.893196,-0.449667,0));
#2699=VECTOR('',#2698,0.166885);
#2700=LINE('',#2170,#2699);
#2701=EDGE_CURVE('',#2171,#2175,#2700,.T.);
#2702=ORIENTED_EDGE('',*,*,#2701,.F.);
#2703=DIRECTION('',(0.914209,-0.405243,0));
#2704=VECTOR('',#2703,0.16688);
#2705=LINE('',#2168,#2704);
#2706=EDGE_CURVE('',#2169,#2171,#2705,.T.);
#2707=ORIENTED_EDGE('',*,*,#2706,.F.);
#2708=DIRECTION('',(0.932995,-0.35989,0));
#2709=VECTOR('',#2708,0.166881);
#2710=LINE('',#2166,#2709);
#2711=EDGE_CURVE('',#2167,#2169,#2710,.T.);
#2712=ORIENTED_EDGE('',*,*,#2711,.F.);
#2713=DIRECTION('',(0.949546,-0.313627,0));
#2714=VECTOR('',#2713,0.166878);
#2715=LINE('',#2164,#2714);
#2716=EDGE_CURVE('',#2165,#2167,#2715,.T.);
#2717=ORIENTED_EDGE('',*,*,#2716,.F.);
#2718=DIRECTION('',(0.963798,-0.266632,0));
#2719=VECTOR('',#2718,0.166876);
#2720=LINE('',#2162,#2719);
#2721=EDGE_CURVE('',#2163,#2165,#2720,.T.);
#2722=ORIENTED_EDGE('',*,*,#2721,.F.);
#2723=DIRECTION('',(-0.975707,0.219082,0));
#2724=VECTOR('',#2723,0.166879);
#2725=LINE('',#2162,#2724);
#2726=EDGE_CURVE('',#2163,#2189,#2725,.T.);
#2727=ORIENTED_EDGE('',*,*,#2726,.T.);
#2728=DIRECTION('',(0.985274,-0.170984,0));
#2729=VECTOR('',#2728,0.166881);
#2730=LINE('',#2098,#2729);
#2731=EDGE_CURVE('',#2099,#2189,#2730,.T.);
#2732=ORIENTED_EDGE('',*,*,#2731,.F.);
#2733=DIRECTION('',(0.992466,-0.122521,0));
#2734=VECTOR('',#2733,0.166884);
#2735=LINE('',#2096,#2734);
#2736=EDGE_CURVE('',#2097,#2099,#2735,.T.);
#2737=ORIENTED_EDGE('',*,*,#2736,.F.);
#2738=DIRECTION('',(0.997294,-0.073515,0));
#2739=VECTOR('',#2738,0.166879);
#2740=LINE('',#2094,#2739);
#2741=EDGE_CURVE('',#2095,#2097,#2740,.T.);
#2742=ORIENTED_EDGE('',*,*,#2741,.F.);
#2743=DIRECTION('',(0.9997,-0.024505,0));
#2744=VECTOR('',#2743,0.16688);
#2745=LINE('',#2092,#2744);
#2746=EDGE_CURVE('',#2093,#2095,#2745,.T.);
#2747=ORIENTED_EDGE('',*,*,#2746,.F.);
#2748=DIRECTION('',(0.9997,0.024505,0));
#2749=VECTOR('',#2748,0.16688);
#2750=LINE('',#2090,#2749);
#2751=EDGE_CURVE('',#2091,#2093,#2750,.T.);
#2752=ORIENTED_EDGE('',*,*,#2751,.F.);
#2753=DIRECTION('',(0.997294,0.073515,0));
#2754=VECTOR('',#2753,0.166879);
#2755=LINE('',#2088,#2754);
#2756=EDGE_CURVE('',#2089,#2091,#2755,.T.);
#2757=ORIENTED_EDGE('',*,*,#2756,.F.);
#2758=DIRECTION('',(0.992466,0.122521,0));
#2759=VECTOR('',#2758,0.166884);
#2760=LINE('',#2086,#2759);
#2761=EDGE_CURVE('',#2087,#2089,#2760,.T.);
#2762=ORIENTED_EDGE('',*,*,#2761,.F.);
#2763=DIRECTION('',(0.985274,0.170984,0));
#2764=VECTOR('',#2763,0.166881);
#2765=LINE('',#2084,#2764);
#2766=EDGE_CURVE('',#2085,#2087,#2765,.T.);
#2767=ORIENTED_EDGE('',*,*,#2766,.F.);
#2768=DIRECTION('',(0.975707,0.219082,0));
#2769=VECTOR('',#2768,0.166879);
#2770=LINE('',#2082,#2769);
#2771=EDGE_CURVE('',#2083,#2085,#2770,.T.);
#2772=ORIENTED_EDGE('',*,*,#2771,.F.);
#2773=DIRECTION('',(0.963798,0.266632,0));
#2774=VECTOR('',#2773,0.166876);
#2775=LINE('',#2080,#2774);
#2776=EDGE_CURVE('',#2081,#2083,#2775,.T.);
#2777=ORIENTED_EDGE('',*,*,#2776,.F.);
#2778=DIRECTION('',(0.949546,0.313627,0));
#2779=VECTOR('',#2778,0.166878);
#2780=LINE('',#2078,#2779);
#2781=EDGE_CURVE('',#2079,#2081,#2780,.T.);
#2782=ORIENTED_EDGE('',*,*,#2781,.F.);
#2783=DIRECTION('',(0.932995,0.35989,0));
#2784=VECTOR('',#2783,0.166881);
#2785=LINE('',#2076,#2784);
#2786=EDGE_CURVE('',#2077,#2079,#2785,.T.);
#2787=ORIENTED_EDGE('',*,*,#2786,.F.);
#2788=DIRECTION('',(0.914209,0.405243,0));
#2789=VECTOR('',#2788,0.16688);
#2790=LINE('',#2074,#2789);
#2791=EDGE_CURVE('',#2075,#2077,#2790,.T.);
#2792=ORIENTED_EDGE('',*,*,#2791,.F.);
#2793=DIRECTION('',(0.893196,0.449667,0));
#2794=VECTOR('',#2793,0.166885);
#2795=LINE('',#2072,#2794);
#2796=EDGE_CURVE('',#2073,#2075,#2795,.T.);
#2797=ORIENTED_EDGE('',*,*,#2796,.F.);
#2798=DIRECTION('',(0.870114,0.492851,0));
#2799=VECTOR('',#2798,0.166876);
#2800=LINE('',#2070,#2799);
#2801=EDGE_CURVE('',#2071,#2073,#2800,.T.);
#2802=ORIENTED_EDGE('',*,*,#2801,.F.);
#2803=DIRECTION('',(0.844816,0.535057,0));
#2804=VECTOR('',#2803,0.166888);
#2805=LINE('',#2068,#2804);
#2806=EDGE_CURVE('',#2069,#2071,#2805,.T.);
#2807=ORIENTED_EDGE('',*,*,#2806,.F.);
#2808=DIRECTION('',(0.817559,0.575845,0));
#2809=VECTOR('',#2808,0.166885);
#2810=LINE('',#2066,#2809);
#2811=EDGE_CURVE('',#2067,#2069,#2810,.T.);
#2812=ORIENTED_EDGE('',*,*,#2811,.F.);
#2813=DIRECTION('',(0.788372,0.615199,0));
#2814=VECTOR('',#2813,0.166875);
#2815=LINE('',#2064,#2814);
#2816=EDGE_CURVE('',#2065,#2067,#2815,.T.);
#2817=ORIENTED_EDGE('',*,*,#2816,.F.);
#2818=DIRECTION('',(0.757189,0.653196,0));
#2819=VECTOR('',#2818,0.166885);
#2820=LINE('',#2062,#2819);
#2821=EDGE_CURVE('',#2063,#2065,#2820,.T.);
#2822=ORIENTED_EDGE('',*,*,#2821,.F.);
#2823=DIRECTION('',(0.724306,0.689478,0));
#2824=VECTOR('',#2823,0.166867);
#2825=LINE('',#2060,#2824);
#2826=EDGE_CURVE('',#2061,#2063,#2825,.T.);
#2827=ORIENTED_EDGE('',*,*,#2826,.F.);
#2828=DIRECTION('',(0.689487,0.724298,0));
#2829=VECTOR('',#2828,0.166893);
#2830=LINE('',#2058,#2829);
#2831=EDGE_CURVE('',#2059,#2061,#2830,.T.);
#2832=ORIENTED_EDGE('',*,*,#2831,.F.);
#2833=DIRECTION('',(0.653232,0.757158,0));
#2834=VECTOR('',#2833,0.166864);
#2835=LINE('',#2056,#2834);
#2836=EDGE_CURVE('',#2057,#2059,#2835,.T.);
#2837=ORIENTED_EDGE('',*,*,#2836,.F.);
#2838=DIRECTION('',(0.615229,0.788349,0));
#2839=VECTOR('',#2838,0.166882);
#2840=LINE('',#2054,#2839);
#2841=EDGE_CURVE('',#2055,#2057,#2840,.T.);
#2842=ORIENTED_EDGE('',*,*,#2841,.F.);
#2843=DIRECTION('',(0.57579,0.817597,0));
#2844=VECTOR('',#2843,0.166884);
#2845=LINE('',#2052,#2844);
#2846=EDGE_CURVE('',#2053,#2055,#2845,.T.);
#2847=ORIENTED_EDGE('',*,*,#2846,.F.);
#2848=DIRECTION('',(0.534995,0.844855,0));
#2849=VECTOR('',#2848,0.166882);
#2850=LINE('',#2050,#2849);
#2851=EDGE_CURVE('',#2051,#2053,#2850,.T.);
#2852=ORIENTED_EDGE('',*,*,#2851,.F.);
#2853=DIRECTION('',(0.492898,0.870087,0));
#2854=VECTOR('',#2853,0.166883);
#2855=LINE('',#2048,#2854);
#2856=EDGE_CURVE('',#2049,#2051,#2855,.T.);
#2857=ORIENTED_EDGE('',*,*,#2856,.F.);
#2858=DIRECTION('',(0.449571,0.893245,0));
#2859=VECTOR('',#2858,0.166895);
#2860=LINE('',#2046,#2859);
#2861=EDGE_CURVE('',#2047,#2049,#2860,.T.);
#2862=ORIENTED_EDGE('',*,*,#2861,.F.);
#2863=DIRECTION('',(0.405246,0.914208,0));
#2864=VECTOR('',#2863,0.166874);
#2865=LINE('',#2044,#2864);
#2866=EDGE_CURVE('',#2045,#2047,#2865,.T.);
#2867=ORIENTED_EDGE('',*,*,#2866,.F.);
#2868=DIRECTION('',(0.359896,0.932993,0));
#2869=VECTOR('',#2868,0.166883);
#2870=LINE('',#2042,#2869);
#2871=EDGE_CURVE('',#2043,#2045,#2870,.T.);
#2872=ORIENTED_EDGE('',*,*,#2871,.F.);
#2873=DIRECTION('',(0.313699,0.949522,0));
#2874=VECTOR('',#2873,0.16687);
#2875=LINE('',#2040,#2874);
#2876=EDGE_CURVE('',#2041,#2043,#2875,.T.);
#2877=ORIENTED_EDGE('',*,*,#2876,.F.);
#2878=DIRECTION('',(0.266729,0.963772,0));
#2879=VECTOR('',#2878,0.166873);
#2880=LINE('',#2038,#2879);
#2881=EDGE_CURVE('',#2039,#2041,#2880,.T.);
#2882=ORIENTED_EDGE('',*,*,#2881,.F.);
#2883=DIRECTION('',(0.219071,0.975709,0));
#2884=VECTOR('',#2883,0.166896);
#2885=LINE('',#2036,#2884);
#2886=EDGE_CURVE('',#2037,#2039,#2885,.T.);
#2887=ORIENTED_EDGE('',*,*,#2886,.F.);
#2888=DIRECTION('',(0.170956,0.985279,0));
#2889=VECTOR('',#2888,0.166885);
#2890=LINE('',#2034,#2889);
#2891=EDGE_CURVE('',#2035,#2037,#2890,.T.);
#2892=ORIENTED_EDGE('',*,*,#2891,.F.);
#2893=DIRECTION('',(0.122425,0.992478,0));
#2894=VECTOR('',#2893,0.166874);
#2895=LINE('',#1998,#2894);
#2896=EDGE_CURVE('',#1999,#2035,#2895,.T.);
#2897=ORIENTED_EDGE('',*,*,#2896,.F.);
#2898=DIRECTION('',(0.073567,0.99729,0));
#2899=VECTOR('',#2898,0.166865);
#2900=LINE('',#1996,#2899);
#2901=EDGE_CURVE('',#1997,#1999,#2900,.T.);
#2902=ORIENTED_EDGE('',*,*,#2901,.F.);
#2903=DIRECTION('',(0.024538,0.999699,0));
#2904=VECTOR('',#2903,0.16689);
#2905=LINE('',#1994,#2904);
#2906=EDGE_CURVE('',#1995,#1997,#2905,.T.);
#2907=ORIENTED_EDGE('',*,*,#2906,.F.);
#2908=DIRECTION('',(-0.024538,0.999699,0));
#2909=VECTOR('',#2908,0.16689);
#2910=LINE('',#1992,#2909);
#2911=EDGE_CURVE('',#1993,#1995,#2910,.T.);
#2912=ORIENTED_EDGE('',*,*,#2911,.F.);
#2913=DIRECTION('',(-0.073567,0.99729,0));
#2914=VECTOR('',#2913,0.166865);
#2915=LINE('',#1990,#2914);
#2916=EDGE_CURVE('',#1991,#1993,#2915,.T.);
#2917=ORIENTED_EDGE('',*,*,#2916,.F.);
#2918=DIRECTION('',(-0.122425,0.992478,0));
#2919=VECTOR('',#2918,0.166874);
#2920=LINE('',#1988,#2919);
#2921=EDGE_CURVE('',#1989,#1991,#2920,.T.);
#2922=ORIENTED_EDGE('',*,*,#2921,.F.);
#2923=DIRECTION('',(-0.170956,0.985279,0));
#2924=VECTOR('',#2923,0.166885);
#2925=LINE('',#1986,#2924);
#2926=EDGE_CURVE('',#1987,#1989,#2925,.T.);
#2927=ORIENTED_EDGE('',*,*,#2926,.F.);
#2928=DIRECTION('',(-0.219071,0.975709,0));
#2929=VECTOR('',#2928,0.166896);
#2930=LINE('',#1982,#2929);
#2931=EDGE_CURVE('',#1983,#1987,#2930,.T.);
#2932=ORIENTED_EDGE('',*,*,#2931,.F.);
#2933=DIRECTION('',(0.266729,-0.963772,0));
#2934=VECTOR('',#2933,0.166873);
#2935=LINE('',#1982,#2934);
#2936=EDGE_CURVE('',#1983,#1985,#2935,.T.);
#2937=ORIENTED_EDGE('',*,*,#2936,.T.);
#2938=DIRECTION('',(-0.313699,0.949522,0));
#2939=VECTOR('',#2938,0.16687);
#2940=LINE('',#1980,#2939);
#2941=EDGE_CURVE('',#1981,#1985,#2940,.T.);
#2942=ORIENTED_EDGE('',*,*,#2941,.F.);
#2943=DIRECTION('',(-0.359896,0.932993,0));
#2944=VECTOR('',#2943,0.166883);
#2945=LINE('',#1978,#2944);
#2946=EDGE_CURVE('',#1979,#1981,#2945,.T.);
#2947=ORIENTED_EDGE('',*,*,#2946,.F.);
#2948=DIRECTION('',(-0.405246,0.914208,0));
#2949=VECTOR('',#2948,0.166874);
#2950=LINE('',#1976,#2949);
#2951=EDGE_CURVE('',#1977,#1979,#2950,.T.);
#2952=ORIENTED_EDGE('',*,*,#2951,.F.);
#2953=DIRECTION('',(-0.449571,0.893245,0));
#2954=VECTOR('',#2953,0.166895);
#2955=LINE('',#1974,#2954);
#2956=EDGE_CURVE('',#1975,#1977,#2955,.T.);
#2957=ORIENTED_EDGE('',*,*,#2956,.F.);
#2958=DIRECTION('',(-0.492898,0.870087,0));
#2959=VECTOR('',#2958,0.166883);
#2960=LINE('',#1970,#2959);
#2961=EDGE_CURVE('',#1971,#1975,#2960,.T.);
#2962=ORIENTED_EDGE('',*,*,#2961,.F.);
#2963=DIRECTION('',(-0.534995,0.844855,0));
#2964=VECTOR('',#2963,0.166882);
#2965=LINE('',#1968,#2964);
#2966=EDGE_CURVE('',#1969,#1971,#2965,.T.);
#2967=ORIENTED_EDGE('',*,*,#2966,.F.);
#2968=DIRECTION('',(0.57579,-0.817597,0));
#2969=VECTOR('',#2968,0.166884);
#2970=LINE('',#1968,#2969);
#2971=EDGE_CURVE('',#1969,#1973,#2970,.T.);
#2972=ORIENTED_EDGE('',*,*,#2971,.T.);
#2973=DIRECTION('',(0.615229,-0.788349,0));
#2974=VECTOR('',#2973,0.166882);
#2975=LINE('',#1972,#2974);
#2976=EDGE_CURVE('',#1973,#2001,#2975,.T.);
#2977=ORIENTED_EDGE('',*,*,#2976,.T.);
#2978=DIRECTION('',(0.653232,-0.757158,0));
#2979=VECTOR('',#2978,0.166864);
#2980=LINE('',#2000,#2979);
#2981=EDGE_CURVE('',#2001,#2003,#2980,.T.);
#2982=ORIENTED_EDGE('',*,*,#2981,.T.);
#2983=DIRECTION('',(0.689487,-0.724298,0));
#2984=VECTOR('',#2983,0.166893);
#2985=LINE('',#2002,#2984);
#2986=EDGE_CURVE('',#2003,#2005,#2985,.T.);
#2987=ORIENTED_EDGE('',*,*,#2986,.T.);
#2988=DIRECTION('',(-0.724306,0.689478,0));
#2989=VECTOR('',#2988,0.166867);
#2990=LINE('',#1960,#2989);
#2991=EDGE_CURVE('',#1961,#2005,#2990,.T.);
#2992=ORIENTED_EDGE('',*,*,#2991,.F.);
#2993=DIRECTION('',(-0.757189,0.653196,0));
#2994=VECTOR('',#2993,0.166885);
#2995=LINE('',#1958,#2994);
#2996=EDGE_CURVE('',#1959,#1961,#2995,.T.);
#2997=ORIENTED_EDGE('',*,*,#2996,.F.);
#2998=DIRECTION('',(0.788372,-0.615199,0));
#2999=VECTOR('',#2998,0.166875);
#3000=LINE('',#1958,#2999);
#3001=EDGE_CURVE('',#1959,#1963,#3000,.T.);
#3002=ORIENTED_EDGE('',*,*,#3001,.T.);
#3003=DIRECTION('',(0.817559,-0.575845,0));
#3004=VECTOR('',#3003,0.166885);
#3005=LINE('',#1962,#3004);
#3006=EDGE_CURVE('',#1963,#1965,#3005,.T.);
#3007=ORIENTED_EDGE('',*,*,#3006,.T.);
#3008=DIRECTION('',(0.844816,-0.535057,0));
#3009=VECTOR('',#3008,0.166888);
#3010=LINE('',#1964,#3009);
#3011=EDGE_CURVE('',#1965,#1967,#3010,.T.);
#3012=ORIENTED_EDGE('',*,*,#3011,.T.);
#3013=DIRECTION('',(0.870114,-0.492851,0));
#3014=VECTOR('',#3013,0.166876);
#3015=LINE('',#1966,#3014);
#3016=EDGE_CURVE('',#1967,#2009,#3015,.T.);
#3017=ORIENTED_EDGE('',*,*,#3016,.T.);
#3018=DIRECTION('',(0.893196,-0.449667,0));
#3019=VECTOR('',#3018,0.166885);
#3020=LINE('',#2008,#3019);
#3021=EDGE_CURVE('',#2009,#2011,#3020,.T.);
#3022=ORIENTED_EDGE('',*,*,#3021,.T.);
#3023=DIRECTION('',(0.914209,-0.405243,0));
#3024=VECTOR('',#3023,0.16688);
#3025=LINE('',#2010,#3024);
#3026=EDGE_CURVE('',#2011,#2013,#3025,.T.);
#3027=ORIENTED_EDGE('',*,*,#3026,.T.);
#3028=DIRECTION('',(-0.932995,0.35989,0));
#3029=VECTOR('',#3028,0.166881);
#3030=LINE('',#2006,#3029);
#3031=EDGE_CURVE('',#2007,#2013,#3030,.T.);
#3032=ORIENTED_EDGE('',*,*,#3031,.F.);
#3033=DIRECTION('',(0.949546,-0.313627,0));
#3034=VECTOR('',#3033,0.166878);
#3035=LINE('',#2006,#3034);
#3036=EDGE_CURVE('',#2007,#2015,#3035,.T.);
#3037=ORIENTED_EDGE('',*,*,#3036,.T.);
#3038=DIRECTION('',(0.963798,-0.266632,0));
#3039=VECTOR('',#3038,0.166876);
#3040=LINE('',#2014,#3039);
#3041=EDGE_CURVE('',#2015,#2017,#3040,.T.);
#3042=ORIENTED_EDGE('',*,*,#3041,.T.);
#3043=DIRECTION('',(0.975707,-0.219082,0));
#3044=VECTOR('',#3043,0.166879);
#3045=LINE('',#2016,#3044);
#3046=EDGE_CURVE('',#2017,#2019,#3045,.T.);
#3047=ORIENTED_EDGE('',*,*,#3046,.T.);
#3048=DIRECTION('',(0.985274,-0.170984,0));
#3049=VECTOR('',#3048,0.166881);
#3050=LINE('',#2018,#3049);
#3051=EDGE_CURVE('',#2019,#2021,#3050,.T.);
#3052=ORIENTED_EDGE('',*,*,#3051,.T.);
#3053=DIRECTION('',(0.992466,-0.122521,0));
#3054=VECTOR('',#3053,0.166884);
#3055=LINE('',#2020,#3054);
#3056=EDGE_CURVE('',#2021,#2023,#3055,.T.);
#3057=ORIENTED_EDGE('',*,*,#3056,.T.);
#3058=DIRECTION('',(0.997294,-0.073515,0));
#3059=VECTOR('',#3058,0.166879);
#3060=LINE('',#2022,#3059);
#3061=EDGE_CURVE('',#2023,#2025,#3060,.T.);
#3062=ORIENTED_EDGE('',*,*,#3061,.T.);
#3063=DIRECTION('',(0.9997,-0.024505,0));
#3064=VECTOR('',#3063,0.16688);
#3065=LINE('',#2024,#3064);
#3066=EDGE_CURVE('',#2025,#2027,#3065,.T.);
#3067=ORIENTED_EDGE('',*,*,#3066,.T.);
#3068=DIRECTION('',(0.9997,0.024505,0));
#3069=VECTOR('',#3068,0.16688);
#3070=LINE('',#2026,#3069);
#3071=EDGE_CURVE('',#2027,#2029,#3070,.T.);
#3072=ORIENTED_EDGE('',*,*,#3071,.T.);
#3073=DIRECTION('',(0.997294,0.073515,0));
#3074=VECTOR('',#3073,0.166879);
#3075=LINE('',#2028,#3074);
#3076=EDGE_CURVE('',#2029,#2031,#3075,.T.);
#3077=ORIENTED_EDGE('',*,*,#3076,.T.);
#3078=DIRECTION('',(0.992466,0.122521,0));
#3079=VECTOR('',#3078,0.166884);
#3080=LINE('',#2030,#3079);
#3081=EDGE_CURVE('',#2031,#2033,#3080,.T.);
#3082=ORIENTED_EDGE('',*,*,#3081,.T.);
#3083=DIRECTION('',(0.985274,0.170984,0));
#3084=VECTOR('',#3083,0.166881);
#3085=LINE('',#2032,#3084);
#3086=EDGE_CURVE('',#2033,#2101,#3085,.T.);
#3087=ORIENTED_EDGE('',*,*,#3086,.T.);
#3088=DIRECTION('',(0.975707,0.219082,0));
#3089=VECTOR('',#3088,0.166879);
#3090=LINE('',#2100,#3089);
#3091=EDGE_CURVE('',#2101,#2103,#3090,.T.);
#3092=ORIENTED_EDGE('',*,*,#3091,.T.);
#3093=DIRECTION('',(0.963798,0.266632,0));
#3094=VECTOR('',#3093,0.166876);
#3095=LINE('',#2102,#3094);
#3096=EDGE_CURVE('',#2103,#2105,#3095,.T.);
#3097=ORIENTED_EDGE('',*,*,#3096,.T.);
#3098=DIRECTION('',(0.949546,0.313627,0));
#3099=VECTOR('',#3098,0.166878);
#3100=LINE('',#2104,#3099);
#3101=EDGE_CURVE('',#2105,#2107,#3100,.T.);
#3102=ORIENTED_EDGE('',*,*,#3101,.T.);
#3103=DIRECTION('',(0.932995,0.35989,0));
#3104=VECTOR('',#3103,0.166881);
#3105=LINE('',#2106,#3104);
#3106=EDGE_CURVE('',#2107,#2109,#3105,.T.);
#3107=ORIENTED_EDGE('',*,*,#3106,.T.);
#3108=DIRECTION('',(0.914209,0.405243,0));
#3109=VECTOR('',#3108,0.16688);
#3110=LINE('',#2108,#3109);
#3111=EDGE_CURVE('',#2109,#2111,#3110,.T.);
#3112=ORIENTED_EDGE('',*,*,#3111,.T.);
#3113=DIRECTION('',(0.893196,0.449667,0));
#3114=VECTOR('',#3113,0.166885);
#3115=LINE('',#2110,#3114);
#3116=EDGE_CURVE('',#2111,#2113,#3115,.T.);
#3117=ORIENTED_EDGE('',*,*,#3116,.T.);
#3118=DIRECTION('',(0.870114,0.492851,0));
#3119=VECTOR('',#3118,0.166876);
#3120=LINE('',#2112,#3119);
#3121=EDGE_CURVE('',#2113,#2115,#3120,.T.);
#3122=ORIENTED_EDGE('',*,*,#3121,.T.);
#3123=DIRECTION('',(0.844816,0.535057,0));
#3124=VECTOR('',#3123,0.166888);
#3125=LINE('',#2114,#3124);
#3126=EDGE_CURVE('',#2115,#2117,#3125,.T.);
#3127=ORIENTED_EDGE('',*,*,#3126,.T.);
#3128=DIRECTION('',(0.817559,0.575845,0));
#3129=VECTOR('',#3128,0.166885);
#3130=LINE('',#2116,#3129);
#3131=EDGE_CURVE('',#2117,#2119,#3130,.T.);
#3132=ORIENTED_EDGE('',*,*,#3131,.T.);
#3133=DIRECTION('',(0.788372,0.615199,0));
#3134=VECTOR('',#3133,0.166875);
#3135=LINE('',#2118,#3134);
#3136=EDGE_CURVE('',#2119,#2121,#3135,.T.);
#3137=ORIENTED_EDGE('',*,*,#3136,.T.);
#3138=DIRECTION('',(0.757189,0.653196,0));
#3139=VECTOR('',#3138,0.166885);
#3140=LINE('',#2120,#3139);
#3141=EDGE_CURVE('',#2121,#2123,#3140,.T.);
#3142=ORIENTED_EDGE('',*,*,#3141,.T.);
#3143=DIRECTION('',(0.724306,0.689478,0));
#3144=VECTOR('',#3143,0.166867);
#3145=LINE('',#2122,#3144);
#3146=EDGE_CURVE('',#2123,#2125,#3145,.T.);
#3147=ORIENTED_EDGE('',*,*,#3146,.T.);
#3148=DIRECTION('',(0.689487,0.724298,0));
#3149=VECTOR('',#3148,0.166893);
#3150=LINE('',#2124,#3149);
#3151=EDGE_CURVE('',#2125,#2127,#3150,.T.);
#3152=ORIENTED_EDGE('',*,*,#3151,.T.);
#3153=DIRECTION('',(0.653232,0.757158,0));
#3154=VECTOR('',#3153,0.166864);
#3155=LINE('',#2126,#3154);
#3156=EDGE_CURVE('',#2127,#2129,#3155,.T.);
#3157=ORIENTED_EDGE('',*,*,#3156,.T.);
#3158=DIRECTION('',(0.615229,0.788349,0));
#3159=VECTOR('',#3158,0.166882);
#3160=LINE('',#2128,#3159);
#3161=EDGE_CURVE('',#2129,#2131,#3160,.T.);
#3162=ORIENTED_EDGE('',*,*,#3161,.T.);
#3163=DIRECTION('',(0.57579,0.817597,0));
#3164=VECTOR('',#3163,0.166884);
#3165=LINE('',#2130,#3164);
#3166=EDGE_CURVE('',#2131,#2133,#3165,.T.);
#3167=ORIENTED_EDGE('',*,*,#3166,.T.);
#3168=DIRECTION('',(0.534995,0.844855,0));
#3169=VECTOR('',#3168,0.166882);
#3170=LINE('',#2132,#3169);
#3171=EDGE_CURVE('',#2133,#2135,#3170,.T.);
#3172=ORIENTED_EDGE('',*,*,#3171,.T.);
#3173=DIRECTION('',(0.492898,0.870087,0));
#3174=VECTOR('',#3173,0.166883);
#3175=LINE('',#2134,#3174);
#3176=EDGE_CURVE('',#2135,#2137,#3175,.T.);
#3177=ORIENTED_EDGE('',*,*,#3176,.T.);
#3178=DIRECTION('',(0.449571,0.893245,0));
#3179=VECTOR('',#3178,0.166895);
#3180=LINE('',#2136,#3179);
#3181=EDGE_CURVE('',#2137,#2139,#3180,.T.);
#3182=ORIENTED_EDGE('',*,*,#3181,.T.);
#3183=DIRECTION('',(0.405246,0.914208,0));
#3184=VECTOR('',#3183,0.166874);
#3185=LINE('',#2138,#3184);
#3186=EDGE_CURVE('',#2139,#2141,#3185,.T.);
#3187=ORIENTED_EDGE('',*,*,#3186,.T.);
#3188=DIRECTION('',(0.359896,0.932993,0));
#3189=VECTOR('',#3188,0.166883);
#3190=LINE('',#2140,#3189);
#3191=EDGE_CURVE('',#2141,#2143,#3190,.T.);
#3192=ORIENTED_EDGE('',*,*,#3191,.T.);
#3193=DIRECTION('',(0.313699,0.949522,0));
#3194=VECTOR('',#3193,0.16687);
#3195=LINE('',#2142,#3194);
#3196=EDGE_CURVE('',#2143,#2145,#3195,.T.);
#3197=ORIENTED_EDGE('',*,*,#3196,.T.);
#3198=DIRECTION('',(0.266729,0.963772,0));
#3199=VECTOR('',#3198,0.166873);
#3200=LINE('',#2144,#3199);
#3201=EDGE_CURVE('',#2145,#2147,#3200,.T.);
#3202=ORIENTED_EDGE('',*,*,#3201,.T.);
#3203=DIRECTION('',(0.219071,0.975709,0));
#3204=VECTOR('',#3203,0.166896);
#3205=LINE('',#2146,#3204);
#3206=EDGE_CURVE('',#2147,#2149,#3205,.T.);
#3207=ORIENTED_EDGE('',*,*,#3206,.T.);
#3208=DIRECTION('',(0.170956,0.985279,0));
#3209=VECTOR('',#3208,0.166885);
#3210=LINE('',#2148,#3209);
#3211=EDGE_CURVE('',#2149,#2151,#3210,.T.);
#3212=ORIENTED_EDGE('',*,*,#3211,.T.);
#3213=DIRECTION('',(0.122425,0.992478,0));
#3214=VECTOR('',#3213,0.166874);
#3215=LINE('',#2150,#3214);
#3216=EDGE_CURVE('',#2151,#2153,#3215,.T.);
#3217=ORIENTED_EDGE('',*,*,#3216,.T.);
#3218=DIRECTION('',(0.073567,0.99729,0));
#3219=VECTOR('',#3218,0.166865);
#3220=LINE('',#2152,#3219);
#3221=EDGE_CURVE('',#2153,#2155,#3220,.T.);
#3222=ORIENTED_EDGE('',*,*,#3221,.T.);
#3223=DIRECTION('',(0.024538,0.999699,0));
#3224=VECTOR('',#3223,0.16689);
#3225=LINE('',#2154,#3224);
#3226=EDGE_CURVE('',#2155,#2157,#3225,.T.);
#3227=ORIENTED_EDGE('',*,*,#3226,.T.);
#3228=DIRECTION('',(-0.024538,0.999699,0));
#3229=VECTOR('',#3228,0.16689);
#3230=LINE('',#2156,#3229);
#3231=EDGE_CURVE('',#2157,#2159,#3230,.T.);
#3232=ORIENTED_EDGE('',*,*,#3231,.T.);
#3233=DIRECTION('',(-0.073567,0.99729,0));
#3234=VECTOR('',#3233,0.166865);
#3235=LINE('',#2158,#3234);
#3236=EDGE_CURVE('',#2159,#2161,#3235,.T.);
#3237=ORIENTED_EDGE('',*,*,#3236,.T.);
#3238=DIRECTION('',(-0.122425,0.992478,0));
#3239=VECTOR('',#3238,0.166874);
#3240=LINE('',#2160,#3239);
#3241=EDGE_CURVE('',#2161,#2199,#3240,.T.);
#3242=ORIENTED_EDGE('',*,*,#3241,.T.);
#3243=DIRECTION('',(-0.170956,0.985279,0));
#3244=VECTOR('',#3243,0.166885);
#3245=LINE('',#2198,#3244);
#3246=EDGE_CURVE('',#2199,#2201,#3245,.T.);
#3247=ORIENTED_EDGE('',*,*,#3246,.T.);
#3248=DIRECTION('',(-0.219071,0.975709,0));
#3249=VECTOR('',#3248,0.166896);
#3250=LINE('',#2200,#3249);
#3251=EDGE_CURVE('',#2201,#2207,#3250,.T.);
#3252=ORIENTED_EDGE('',*,*,#3251,.T.);
#3253=DIRECTION('',(0.266729,-0.963772,0));
#3254=VECTOR('',#3253,0.166873);
#3255=LINE('',#2202,#3254);
#3256=EDGE_CURVE('',#2203,#2207,#3255,.T.);
#3257=ORIENTED_EDGE('',*,*,#3256,.F.);
#3258=DIRECTION('',(-0.313699,0.949522,0));
#3259=VECTOR('',#3258,0.16687);
#3260=LINE('',#2202,#3259);
#3261=EDGE_CURVE('',#2203,#2205,#3260,.T.);
#3262=ORIENTED_EDGE('',*,*,#3261,.T.);
#3263=DIRECTION('',(0.359896,-0.932993,0));
#3264=VECTOR('',#3263,0.166883);
#3265=LINE('',#2190,#3264);
#3266=EDGE_CURVE('',#2191,#2205,#3265,.T.);
#3267=ORIENTED_EDGE('',*,*,#3266,.F.);
#3268=DIRECTION('',(-0.405246,0.914208,0));
#3269=VECTOR('',#3268,0.166874);
#3270=LINE('',#2190,#3269);
#3271=EDGE_CURVE('',#2191,#2193,#3270,.T.);
#3272=ORIENTED_EDGE('',*,*,#3271,.T.);
#3273=DIRECTION('',(-0.449571,0.893245,0));
#3274=VECTOR('',#3273,0.166895);
#3275=LINE('',#2192,#3274);
#3276=EDGE_CURVE('',#2193,#2195,#3275,.T.);
#3277=ORIENTED_EDGE('',*,*,#3276,.T.);
#3278=DIRECTION('',(-0.492898,0.870087,0));
#3279=VECTOR('',#3278,0.166883);
#3280=LINE('',#2194,#3279);
#3281=EDGE_CURVE('',#2195,#2197,#3280,.T.);
#3282=ORIENTED_EDGE('',*,*,#3281,.T.);
#3283=DIRECTION('',(-0.534995,0.844855,0));
#3284=VECTOR('',#3283,0.166882);
#3285=LINE('',#2196,#3284);
#3286=EDGE_CURVE('',#2197,#2213,#3285,.T.);
#3287=ORIENTED_EDGE('',*,*,#3286,.T.);
#3288=EDGE_LOOP('',(#2652,#2657,#2662,#2667,#2672,#2677,#2682,#2687,#2692,#2697,#2702,#2707,#2712,#2717,#2722,#2727,#2732,#2737,#2742,#2747,#2752,#2757,#2762,#2767,#2772,#2777,#2782,#2787,#2792,#2797,#2802,#2807,#2812,#2817,#2822,#2827,#2832,#2837,#2842,#2847,#2852,#2857,#2862,#2867,#2872,#2877,#2882,#2887,#2892,#2897,#2902,#2907,#2912,#2917,#2922,#2927,#2932,#2937,#2942,#2947,#2952,#2957,#2962,#2967,#2972,#2977,#2982,#2987,#2992,#2997,#3002,#3007,#3012,#3017,#3022,#3027,#3032,#3037,#3042,#3047,#3052,#3057,#3062,#3067,#3072,#3077,#3082,#3087,#3092,#3097,#3102,#3107,#3112,#3117,#3122,#3127,#3132,#3137,#3142,#3147,#3152,#3157,#3162,#3167,#3172,#3177,#3182,#3187,#3192,#3197,#3202,#3207,#3212,#3217,#3222,#3227,#3232,#3237,#3242,#3247,#3252,#3257,#3262,#3267,#3272,#3277,#3282,#3287));
#3289=FACE_BOUND('',#3288,.T.);
#3290=DIRECTION('',(-0.449571,0.893245,0));
#3291=VECTOR('',#3290,0.166895);
#3292=LINE('',#912,#3291);
#3293=EDGE_CURVE('',#913,#917,#3292,.T.);
#3294=ORIENTED_EDGE('',*,*,#3293,.T.);
#3295=DIRECTION('',(0.492898,-0.870087,0));
#3296=VECTOR('',#3295,0.166883);
#3297=LINE('',#910,#3296);
#3298=EDGE_CURVE('',#911,#917,#3297,.T.);
#3299=ORIENTED_EDGE('',*,*,#3298,.F.);
#3300=DIRECTION('',(-0.534995,0.844855,0));
#3301=VECTOR('',#3300,0.166882);
#3302=LINE('',#910,#3301);
#3303=EDGE_CURVE('',#911,#929,#3302,.T.);
#3304=ORIENTED_EDGE('',*,*,#3303,.T.);
#3305=DIRECTION('',(0.57579,-0.817597,0));
#3306=VECTOR('',#3305,0.166884);
#3307=LINE('',#926,#3306);
#3308=EDGE_CURVE('',#927,#929,#3307,.T.);
#3309=ORIENTED_EDGE('',*,*,#3308,.F.);
#3310=DIRECTION('',(0.615229,-0.788349,0));
#3311=VECTOR('',#3310,0.166882);
#3312=LINE('',#902,#3311);
#3313=EDGE_CURVE('',#903,#927,#3312,.T.);
#3314=ORIENTED_EDGE('',*,*,#3313,.F.);
#3315=DIRECTION('',(-0.653232,0.757158,0));
#3316=VECTOR('',#3315,0.166864);
#3317=LINE('',#902,#3316);
#3318=EDGE_CURVE('',#903,#905,#3317,.T.);
#3319=ORIENTED_EDGE('',*,*,#3318,.T.);
#3320=DIRECTION('',(0.689487,-0.724298,0));
#3321=VECTOR('',#3320,0.166893);
#3322=LINE('',#900,#3321);
#3323=EDGE_CURVE('',#901,#905,#3322,.T.);
#3324=ORIENTED_EDGE('',*,*,#3323,.F.);
#3325=DIRECTION('',(0.724306,-0.689478,0));
#3326=VECTOR('',#3325,0.166867);
#3327=LINE('',#898,#3326);
#3328=EDGE_CURVE('',#899,#901,#3327,.T.);
#3329=ORIENTED_EDGE('',*,*,#3328,.F.);
#3330=DIRECTION('',(-0.757189,0.653196,0));
#3331=VECTOR('',#3330,0.166885);
#3332=LINE('',#898,#3331);
#3333=EDGE_CURVE('',#899,#907,#3332,.T.);
#3334=ORIENTED_EDGE('',*,*,#3333,.T.);
#3335=DIRECTION('',(0.788372,-0.615199,0));
#3336=VECTOR('',#3335,0.166875);
#3337=LINE('',#896,#3336);
#3338=EDGE_CURVE('',#897,#907,#3337,.T.);
#3339=ORIENTED_EDGE('',*,*,#3338,.F.);
#3340=DIRECTION('',(0.817559,-0.575845,0));
#3341=VECTOR('',#3340,0.166885);
#3342=LINE('',#894,#3341);
#3343=EDGE_CURVE('',#895,#897,#3342,.T.);
#3344=ORIENTED_EDGE('',*,*,#3343,.F.);
#3345=DIRECTION('',(0.844816,-0.535057,0));
#3346=VECTOR('',#3345,0.166888);
#3347=LINE('',#892,#3346);
#3348=EDGE_CURVE('',#893,#895,#3347,.T.);
#3349=ORIENTED_EDGE('',*,*,#3348,.F.);
#3350=DIRECTION('',(0.870114,-0.492851,0));
#3351=VECTOR('',#3350,0.166876);
#3352=LINE('',#874,#3351);
#3353=EDGE_CURVE('',#875,#893,#3352,.T.);
#3354=ORIENTED_EDGE('',*,*,#3353,.F.);
#3355=DIRECTION('',(0.893196,-0.449667,0));
#3356=VECTOR('',#3355,0.166885);
#3357=LINE('',#872,#3356);
#3358=EDGE_CURVE('',#873,#875,#3357,.T.);
#3359=ORIENTED_EDGE('',*,*,#3358,.F.);
#3360=DIRECTION('',(0.914209,-0.405243,0));
#3361=VECTOR('',#3360,0.16688);
#3362=LINE('',#870,#3361);
#3363=EDGE_CURVE('',#871,#873,#3362,.T.);
#3364=ORIENTED_EDGE('',*,*,#3363,.F.);
#3365=DIRECTION('',(0.932995,-0.35989,0));
#3366=VECTOR('',#3365,0.166881);
#3367=LINE('',#868,#3366);
#3368=EDGE_CURVE('',#869,#871,#3367,.T.);
#3369=ORIENTED_EDGE('',*,*,#3368,.F.);
#3370=DIRECTION('',(0.949546,-0.313627,0));
#3371=VECTOR('',#3370,0.166878);
#3372=LINE('',#866,#3371);
#3373=EDGE_CURVE('',#867,#869,#3372,.T.);
#3374=ORIENTED_EDGE('',*,*,#3373,.F.);
#3375=DIRECTION('',(0.963798,-0.266632,0));
#3376=VECTOR('',#3375,0.166876);
#3377=LINE('',#864,#3376);
#3378=EDGE_CURVE('',#865,#867,#3377,.T.);
#3379=ORIENTED_EDGE('',*,*,#3378,.F.);
#3380=DIRECTION('',(-0.975707,0.219082,0));
#3381=VECTOR('',#3380,0.166879);
#3382=LINE('',#864,#3381);
#3383=EDGE_CURVE('',#865,#891,#3382,.T.);
#3384=ORIENTED_EDGE('',*,*,#3383,.T.);
#3385=DIRECTION('',(0.985274,-0.170984,0));
#3386=VECTOR('',#3385,0.166881);
#3387=LINE('',#888,#3386);
#3388=EDGE_CURVE('',#889,#891,#3387,.T.);
#3389=ORIENTED_EDGE('',*,*,#3388,.F.);
#3390=DIRECTION('',(0.992466,-0.122521,0));
#3391=VECTOR('',#3390,0.166884);
#3392=LINE('',#886,#3391);
#3393=EDGE_CURVE('',#887,#889,#3392,.T.);
#3394=ORIENTED_EDGE('',*,*,#3393,.F.);
#3395=DIRECTION('',(0.997294,-0.073515,0));
#3396=VECTOR('',#3395,0.166879);
#3397=LINE('',#884,#3396);
#3398=EDGE_CURVE('',#885,#887,#3397,.T.);
#3399=ORIENTED_EDGE('',*,*,#3398,.F.);
#3400=DIRECTION('',(0.9997,-0.024505,0));
#3401=VECTOR('',#3400,0.16688);
#3402=LINE('',#882,#3401);
#3403=EDGE_CURVE('',#883,#885,#3402,.T.);
#3404=ORIENTED_EDGE('',*,*,#3403,.F.);
#3405=DIRECTION('',(0.9997,0.024505,0));
#3406=VECTOR('',#3405,0.16688);
#3407=LINE('',#880,#3406);
#3408=EDGE_CURVE('',#881,#883,#3407,.T.);
#3409=ORIENTED_EDGE('',*,*,#3408,.F.);
#3410=DIRECTION('',(0.997294,0.073515,0));
#3411=VECTOR('',#3410,0.166879);
#3412=LINE('',#878,#3411);
#3413=EDGE_CURVE('',#879,#881,#3412,.T.);
#3414=ORIENTED_EDGE('',*,*,#3413,.F.);
#3415=DIRECTION('',(0.992466,0.122521,0));
#3416=VECTOR('',#3415,0.166884);
#3417=LINE('',#876,#3416);
#3418=EDGE_CURVE('',#877,#879,#3417,.T.);
#3419=ORIENTED_EDGE('',*,*,#3418,.F.);
#3420=DIRECTION('',(0.985274,0.170984,0));
#3421=VECTOR('',#3420,0.166881);
#3422=LINE('',#786,#3421);
#3423=EDGE_CURVE('',#787,#877,#3422,.T.);
#3424=ORIENTED_EDGE('',*,*,#3423,.F.);
#3425=DIRECTION('',(0.975707,0.219082,0));
#3426=VECTOR('',#3425,0.166879);
#3427=LINE('',#784,#3426);
#3428=EDGE_CURVE('',#785,#787,#3427,.T.);
#3429=ORIENTED_EDGE('',*,*,#3428,.F.);
#3430=DIRECTION('',(0.963798,0.266632,0));
#3431=VECTOR('',#3430,0.166876);
#3432=LINE('',#782,#3431);
#3433=EDGE_CURVE('',#783,#785,#3432,.T.);
#3434=ORIENTED_EDGE('',*,*,#3433,.F.);
#3435=DIRECTION('',(0.949546,0.313627,0));
#3436=VECTOR('',#3435,0.166878);
#3437=LINE('',#780,#3436);
#3438=EDGE_CURVE('',#781,#783,#3437,.T.);
#3439=ORIENTED_EDGE('',*,*,#3438,.F.);
#3440=DIRECTION('',(0.932995,0.35989,0));
#3441=VECTOR('',#3440,0.166881);
#3442=LINE('',#778,#3441);
#3443=EDGE_CURVE('',#779,#781,#3442,.T.);
#3444=ORIENTED_EDGE('',*,*,#3443,.F.);
#3445=DIRECTION('',(0.914209,0.405243,0));
#3446=VECTOR('',#3445,0.16688);
#3447=LINE('',#776,#3446);
#3448=EDGE_CURVE('',#777,#779,#3447,.T.);
#3449=ORIENTED_EDGE('',*,*,#3448,.F.);
#3450=DIRECTION('',(0.893196,0.449667,0));
#3451=VECTOR('',#3450,0.166885);
#3452=LINE('',#774,#3451);
#3453=EDGE_CURVE('',#775,#777,#3452,.T.);
#3454=ORIENTED_EDGE('',*,*,#3453,.F.);
#3455=DIRECTION('',(0.870114,0.492851,0));
#3456=VECTOR('',#3455,0.166876);
#3457=LINE('',#772,#3456);
#3458=EDGE_CURVE('',#773,#775,#3457,.T.);
#3459=ORIENTED_EDGE('',*,*,#3458,.F.);
#3460=DIRECTION('',(0.844816,0.535057,0));
#3461=VECTOR('',#3460,0.166888);
#3462=LINE('',#770,#3461);
#3463=EDGE_CURVE('',#771,#773,#3462,.T.);
#3464=ORIENTED_EDGE('',*,*,#3463,.F.);
#3465=DIRECTION('',(0.817559,0.575845,0));
#3466=VECTOR('',#3465,0.166885);
#3467=LINE('',#768,#3466);
#3468=EDGE_CURVE('',#769,#771,#3467,.T.);
#3469=ORIENTED_EDGE('',*,*,#3468,.F.);
#3470=DIRECTION('',(0.788372,0.615199,0));
#3471=VECTOR('',#3470,0.166875);
#3472=LINE('',#766,#3471);
#3473=EDGE_CURVE('',#767,#769,#3472,.T.);
#3474=ORIENTED_EDGE('',*,*,#3473,.F.);
#3475=DIRECTION('',(0.757189,0.653196,0));
#3476=VECTOR('',#3475,0.166885);
#3477=LINE('',#764,#3476);
#3478=EDGE_CURVE('',#765,#767,#3477,.T.);
#3479=ORIENTED_EDGE('',*,*,#3478,.F.);
#3480=DIRECTION('',(0.724306,0.689478,0));
#3481=VECTOR('',#3480,0.166867);
#3482=LINE('',#762,#3481);
#3483=EDGE_CURVE('',#763,#765,#3482,.T.);
#3484=ORIENTED_EDGE('',*,*,#3483,.F.);
#3485=DIRECTION('',(0.689487,0.724298,0));
#3486=VECTOR('',#3485,0.166893);
#3487=LINE('',#760,#3486);
#3488=EDGE_CURVE('',#761,#763,#3487,.T.);
#3489=ORIENTED_EDGE('',*,*,#3488,.F.);
#3490=DIRECTION('',(0.653232,0.757158,0));
#3491=VECTOR('',#3490,0.166864);
#3492=LINE('',#758,#3491);
#3493=EDGE_CURVE('',#759,#761,#3492,.T.);
#3494=ORIENTED_EDGE('',*,*,#3493,.F.);
#3495=DIRECTION('',(0.615229,0.788349,0));
#3496=VECTOR('',#3495,0.166882);
#3497=LINE('',#756,#3496);
#3498=EDGE_CURVE('',#757,#759,#3497,.T.);
#3499=ORIENTED_EDGE('',*,*,#3498,.F.);
#3500=DIRECTION('',(0.57579,0.817597,0));
#3501=VECTOR('',#3500,0.166884);
#3502=LINE('',#754,#3501);
#3503=EDGE_CURVE('',#755,#757,#3502,.T.);
#3504=ORIENTED_EDGE('',*,*,#3503,.F.);
#3505=DIRECTION('',(0.534995,0.844855,0));
#3506=VECTOR('',#3505,0.166882);
#3507=LINE('',#752,#3506);
#3508=EDGE_CURVE('',#753,#755,#3507,.T.);
#3509=ORIENTED_EDGE('',*,*,#3508,.F.);
#3510=DIRECTION('',(0.492898,0.870087,0));
#3511=VECTOR('',#3510,0.166883);
#3512=LINE('',#750,#3511);
#3513=EDGE_CURVE('',#751,#753,#3512,.T.);
#3514=ORIENTED_EDGE('',*,*,#3513,.F.);
#3515=DIRECTION('',(0.449571,0.893245,0));
#3516=VECTOR('',#3515,0.166895);
#3517=LINE('',#748,#3516);
#3518=EDGE_CURVE('',#749,#751,#3517,.T.);
#3519=ORIENTED_EDGE('',*,*,#3518,.F.);
#3520=DIRECTION('',(0.405246,0.914208,0));
#3521=VECTOR('',#3520,0.166874);
#3522=LINE('',#746,#3521);
#3523=EDGE_CURVE('',#747,#749,#3522,.T.);
#3524=ORIENTED_EDGE('',*,*,#3523,.F.);
#3525=DIRECTION('',(0.359896,0.932993,0));
#3526=VECTOR('',#3525,0.166883);
#3527=LINE('',#744,#3526);
#3528=EDGE_CURVE('',#745,#747,#3527,.T.);
#3529=ORIENTED_EDGE('',*,*,#3528,.F.);
#3530=DIRECTION('',(0.313699,0.949522,0));
#3531=VECTOR('',#3530,0.16687);
#3532=LINE('',#742,#3531);
#3533=EDGE_CURVE('',#743,#745,#3532,.T.);
#3534=ORIENTED_EDGE('',*,*,#3533,.F.);
#3535=DIRECTION('',(0.266729,0.963772,0));
#3536=VECTOR('',#3535,0.166873);
#3537=LINE('',#740,#3536);
#3538=EDGE_CURVE('',#741,#743,#3537,.T.);
#3539=ORIENTED_EDGE('',*,*,#3538,.F.);
#3540=DIRECTION('',(0.219071,0.975709,0));
#3541=VECTOR('',#3540,0.166896);
#3542=LINE('',#738,#3541);
#3543=EDGE_CURVE('',#739,#741,#3542,.T.);
#3544=ORIENTED_EDGE('',*,*,#3543,.F.);
#3545=DIRECTION('',(0.170956,0.985279,0));
#3546=VECTOR('',#3545,0.166885);
#3547=LINE('',#736,#3546);
#3548=EDGE_CURVE('',#737,#739,#3547,.T.);
#3549=ORIENTED_EDGE('',*,*,#3548,.F.);
#3550=DIRECTION('',(0.122425,0.992478,0));
#3551=VECTOR('',#3550,0.166874);
#3552=LINE('',#706,#3551);
#3553=EDGE_CURVE('',#707,#737,#3552,.T.);
#3554=ORIENTED_EDGE('',*,*,#3553,.F.);
#3555=DIRECTION('',(0.073567,0.99729,0));
#3556=VECTOR('',#3555,0.166865);
#3557=LINE('',#704,#3556);
#3558=EDGE_CURVE('',#705,#707,#3557,.T.);
#3559=ORIENTED_EDGE('',*,*,#3558,.F.);
#3560=DIRECTION('',(0.024538,0.999699,0));
#3561=VECTOR('',#3560,0.16689);
#3562=LINE('',#702,#3561);
#3563=EDGE_CURVE('',#703,#705,#3562,.T.);
#3564=ORIENTED_EDGE('',*,*,#3563,.F.);
#3565=DIRECTION('',(-0.024538,0.999699,0));
#3566=VECTOR('',#3565,0.16689);
#3567=LINE('',#700,#3566);
#3568=EDGE_CURVE('',#701,#703,#3567,.T.);
#3569=ORIENTED_EDGE('',*,*,#3568,.F.);
#3570=DIRECTION('',(-0.073567,0.99729,0));
#3571=VECTOR('',#3570,0.166865);
#3572=LINE('',#698,#3571);
#3573=EDGE_CURVE('',#699,#701,#3572,.T.);
#3574=ORIENTED_EDGE('',*,*,#3573,.F.);
#3575=DIRECTION('',(-0.122425,0.992478,0));
#3576=VECTOR('',#3575,0.166874);
#3577=LINE('',#696,#3576);
#3578=EDGE_CURVE('',#697,#699,#3577,.T.);
#3579=ORIENTED_EDGE('',*,*,#3578,.F.);
#3580=DIRECTION('',(-0.170956,0.985279,0));
#3581=VECTOR('',#3580,0.166885);
#3582=LINE('',#692,#3581);
#3583=EDGE_CURVE('',#693,#697,#3582,.T.);
#3584=ORIENTED_EDGE('',*,*,#3583,.F.);
#3585=DIRECTION('',(-0.219071,0.975709,0));
#3586=VECTOR('',#3585,0.166896);
#3587=LINE('',#690,#3586);
#3588=EDGE_CURVE('',#691,#693,#3587,.T.);
#3589=ORIENTED_EDGE('',*,*,#3588,.F.);
#3590=DIRECTION('',(0.266729,-0.963772,0));
#3591=VECTOR('',#3590,0.166873);
#3592=LINE('',#690,#3591);
#3593=EDGE_CURVE('',#691,#695,#3592,.T.);
#3594=ORIENTED_EDGE('',*,*,#3593,.T.);
#3595=DIRECTION('',(-0.313699,0.949522,0));
#3596=VECTOR('',#3595,0.16687);
#3597=LINE('',#674,#3596);
#3598=EDGE_CURVE('',#675,#695,#3597,.T.);
#3599=ORIENTED_EDGE('',*,*,#3598,.F.);
#3600=DIRECTION('',(0.359896,-0.932993,0));
#3601=VECTOR('',#3600,0.166883);
#3602=LINE('',#674,#3601);
#3603=EDGE_CURVE('',#675,#689,#3602,.T.);
#3604=ORIENTED_EDGE('',*,*,#3603,.T.);
#3605=DIRECTION('',(-0.405246,0.914208,0));
#3606=VECTOR('',#3605,0.166874);
#3607=LINE('',#684,#3606);
#3608=EDGE_CURVE('',#685,#689,#3607,.T.);
#3609=ORIENTED_EDGE('',*,*,#3608,.F.);
#3610=DIRECTION('',(0.449571,-0.893245,0));
#3611=VECTOR('',#3610,0.166895);
#3612=LINE('',#684,#3611);
#3613=EDGE_CURVE('',#685,#687,#3612,.T.);
#3614=ORIENTED_EDGE('',*,*,#3613,.T.);
#3615=DIRECTION('',(-0.492898,0.870087,0));
#3616=VECTOR('',#3615,0.166883);
#3617=LINE('',#676,#3616);
#3618=EDGE_CURVE('',#677,#687,#3617,.T.);
#3619=ORIENTED_EDGE('',*,*,#3618,.F.);
#3620=DIRECTION('',(0.534995,-0.844855,0));
#3621=VECTOR('',#3620,0.166882);
#3622=LINE('',#676,#3621);
#3623=EDGE_CURVE('',#677,#681,#3622,.T.);
#3624=ORIENTED_EDGE('',*,*,#3623,.T.);
#3625=DIRECTION('',(0.57579,-0.817597,0));
#3626=VECTOR('',#3625,0.166884);
#3627=LINE('',#680,#3626);
#3628=EDGE_CURVE('',#681,#683,#3627,.T.);
#3629=ORIENTED_EDGE('',*,*,#3628,.T.);
#3630=DIRECTION('',(-0.615229,0.788349,0));
#3631=VECTOR('',#3630,0.166882);
#3632=LINE('',#678,#3631);
#3633=EDGE_CURVE('',#679,#683,#3632,.T.);
#3634=ORIENTED_EDGE('',*,*,#3633,.F.);
#3635=DIRECTION('',(0.653232,-0.757158,0));
#3636=VECTOR('',#3635,0.166864);
#3637=LINE('',#678,#3636);
#3638=EDGE_CURVE('',#679,#733,#3637,.T.);
#3639=ORIENTED_EDGE('',*,*,#3638,.T.);
#3640=DIRECTION('',(0.689487,-0.724298,0));
#3641=VECTOR('',#3640,0.166893);
#3642=LINE('',#732,#3641);
#3643=EDGE_CURVE('',#733,#735,#3642,.T.);
#3644=ORIENTED_EDGE('',*,*,#3643,.T.);
#3645=DIRECTION('',(-0.724306,0.689478,0));
#3646=VECTOR('',#3645,0.166867);
#3647=LINE('',#708,#3646);
#3648=EDGE_CURVE('',#709,#735,#3647,.T.);
#3649=ORIENTED_EDGE('',*,*,#3648,.F.);
#3650=DIRECTION('',(0.757189,-0.653196,0));
#3651=VECTOR('',#3650,0.166885);
#3652=LINE('',#708,#3651);
#3653=EDGE_CURVE('',#709,#711,#3652,.T.);
#3654=ORIENTED_EDGE('',*,*,#3653,.T.);
#3655=DIRECTION('',(0.788372,-0.615199,0));
#3656=VECTOR('',#3655,0.166875);
#3657=LINE('',#710,#3656);
#3658=EDGE_CURVE('',#711,#715,#3657,.T.);
#3659=ORIENTED_EDGE('',*,*,#3658,.T.);
#3660=DIRECTION('',(-0.817559,0.575845,0));
#3661=VECTOR('',#3660,0.166885);
#3662=LINE('',#712,#3661);
#3663=EDGE_CURVE('',#713,#715,#3662,.T.);
#3664=ORIENTED_EDGE('',*,*,#3663,.F.);
#3665=DIRECTION('',(0.844816,-0.535057,0));
#3666=VECTOR('',#3665,0.166888);
#3667=LINE('',#712,#3666);
#3668=EDGE_CURVE('',#713,#717,#3667,.T.);
#3669=ORIENTED_EDGE('',*,*,#3668,.T.);
#3670=DIRECTION('',(0.870114,-0.492851,0));
#3671=VECTOR('',#3670,0.166876);
#3672=LINE('',#716,#3671);
#3673=EDGE_CURVE('',#717,#719,#3672,.T.);
#3674=ORIENTED_EDGE('',*,*,#3673,.T.);
#3675=DIRECTION('',(0.893196,-0.449667,0));
#3676=VECTOR('',#3675,0.166885);
#3677=LINE('',#718,#3676);
#3678=EDGE_CURVE('',#719,#723,#3677,.T.);
#3679=ORIENTED_EDGE('',*,*,#3678,.T.);
#3680=DIRECTION('',(0.914209,-0.405243,0));
#3681=VECTOR('',#3680,0.16688);
#3682=LINE('',#722,#3681);
#3683=EDGE_CURVE('',#723,#725,#3682,.T.);
#3684=ORIENTED_EDGE('',*,*,#3683,.T.);
#3685=DIRECTION('',(-0.932995,0.35989,0));
#3686=VECTOR('',#3685,0.166881);
#3687=LINE('',#720,#3686);
#3688=EDGE_CURVE('',#721,#725,#3687,.T.);
#3689=ORIENTED_EDGE('',*,*,#3688,.F.);
#3690=DIRECTION('',(0.949546,-0.313627,0));
#3691=VECTOR('',#3690,0.166878);
#3692=LINE('',#720,#3691);
#3693=EDGE_CURVE('',#721,#727,#3692,.T.);
#3694=ORIENTED_EDGE('',*,*,#3693,.T.);
#3695=DIRECTION('',(0.963798,-0.266632,0));
#3696=VECTOR('',#3695,0.166876);
#3697=LINE('',#726,#3696);
#3698=EDGE_CURVE('',#727,#729,#3697,.T.);
#3699=ORIENTED_EDGE('',*,*,#3698,.T.);
#3700=DIRECTION('',(0.975707,-0.219082,0));
#3701=VECTOR('',#3700,0.166879);
#3702=LINE('',#728,#3701);
#3703=EDGE_CURVE('',#729,#731,#3702,.T.);
#3704=ORIENTED_EDGE('',*,*,#3703,.T.);
#3705=DIRECTION('',(0.985274,-0.170984,0));
#3706=VECTOR('',#3705,0.166881);
#3707=LINE('',#730,#3706);
#3708=EDGE_CURVE('',#731,#789,#3707,.T.);
#3709=ORIENTED_EDGE('',*,*,#3708,.T.);
#3710=DIRECTION('',(0.992466,-0.122521,0));
#3711=VECTOR('',#3710,0.166884);
#3712=LINE('',#788,#3711);
#3713=EDGE_CURVE('',#789,#791,#3712,.T.);
#3714=ORIENTED_EDGE('',*,*,#3713,.T.);
#3715=DIRECTION('',(0.997294,-0.073515,0));
#3716=VECTOR('',#3715,0.166879);
#3717=LINE('',#790,#3716);
#3718=EDGE_CURVE('',#791,#793,#3717,.T.);
#3719=ORIENTED_EDGE('',*,*,#3718,.T.);
#3720=DIRECTION('',(0.9997,-0.024505,0));
#3721=VECTOR('',#3720,0.16688);
#3722=LINE('',#792,#3721);
#3723=EDGE_CURVE('',#793,#795,#3722,.T.);
#3724=ORIENTED_EDGE('',*,*,#3723,.T.);
#3725=DIRECTION('',(0.9997,0.024505,0));
#3726=VECTOR('',#3725,0.16688);
#3727=LINE('',#794,#3726);
#3728=EDGE_CURVE('',#795,#797,#3727,.T.);
#3729=ORIENTED_EDGE('',*,*,#3728,.T.);
#3730=DIRECTION('',(0.997294,0.073515,0));
#3731=VECTOR('',#3730,0.166879);
#3732=LINE('',#796,#3731);
#3733=EDGE_CURVE('',#797,#799,#3732,.T.);
#3734=ORIENTED_EDGE('',*,*,#3733,.T.);
#3735=DIRECTION('',(0.992466,0.122521,0));
#3736=VECTOR('',#3735,0.166884);
#3737=LINE('',#798,#3736);
#3738=EDGE_CURVE('',#799,#801,#3737,.T.);
#3739=ORIENTED_EDGE('',*,*,#3738,.T.);
#3740=DIRECTION('',(0.985274,0.170984,0));
#3741=VECTOR('',#3740,0.166881);
#3742=LINE('',#800,#3741);
#3743=EDGE_CURVE('',#801,#803,#3742,.T.);
#3744=ORIENTED_EDGE('',*,*,#3743,.T.);
#3745=DIRECTION('',(0.975707,0.219082,0));
#3746=VECTOR('',#3745,0.166879);
#3747=LINE('',#802,#3746);
#3748=EDGE_CURVE('',#803,#805,#3747,.T.);
#3749=ORIENTED_EDGE('',*,*,#3748,.T.);
#3750=DIRECTION('',(0.963798,0.266632,0));
#3751=VECTOR('',#3750,0.166876);
#3752=LINE('',#804,#3751);
#3753=EDGE_CURVE('',#805,#807,#3752,.T.);
#3754=ORIENTED_EDGE('',*,*,#3753,.T.);
#3755=DIRECTION('',(0.949546,0.313627,0));
#3756=VECTOR('',#3755,0.166878);
#3757=LINE('',#806,#3756);
#3758=EDGE_CURVE('',#807,#809,#3757,.T.);
#3759=ORIENTED_EDGE('',*,*,#3758,.T.);
#3760=DIRECTION('',(0.932995,0.35989,0));
#3761=VECTOR('',#3760,0.166881);
#3762=LINE('',#808,#3761);
#3763=EDGE_CURVE('',#809,#811,#3762,.T.);
#3764=ORIENTED_EDGE('',*,*,#3763,.T.);
#3765=DIRECTION('',(0.914209,0.405243,0));
#3766=VECTOR('',#3765,0.16688);
#3767=LINE('',#810,#3766);
#3768=EDGE_CURVE('',#811,#813,#3767,.T.);
#3769=ORIENTED_EDGE('',*,*,#3768,.T.);
#3770=DIRECTION('',(0.893196,0.449667,0));
#3771=VECTOR('',#3770,0.166885);
#3772=LINE('',#812,#3771);
#3773=EDGE_CURVE('',#813,#815,#3772,.T.);
#3774=ORIENTED_EDGE('',*,*,#3773,.T.);
#3775=DIRECTION('',(0.870114,0.492851,0));
#3776=VECTOR('',#3775,0.166876);
#3777=LINE('',#814,#3776);
#3778=EDGE_CURVE('',#815,#817,#3777,.T.);
#3779=ORIENTED_EDGE('',*,*,#3778,.T.);
#3780=DIRECTION('',(0.844816,0.535057,0));
#3781=VECTOR('',#3780,0.166888);
#3782=LINE('',#816,#3781);
#3783=EDGE_CURVE('',#817,#819,#3782,.T.);
#3784=ORIENTED_EDGE('',*,*,#3783,.T.);
#3785=DIRECTION('',(0.817559,0.575845,0));
#3786=VECTOR('',#3785,0.166885);
#3787=LINE('',#818,#3786);
#3788=EDGE_CURVE('',#819,#821,#3787,.T.);
#3789=ORIENTED_EDGE('',*,*,#3788,.T.);
#3790=DIRECTION('',(0.788372,0.615199,0));
#3791=VECTOR('',#3790,0.166875);
#3792=LINE('',#820,#3791);
#3793=EDGE_CURVE('',#821,#823,#3792,.T.);
#3794=ORIENTED_EDGE('',*,*,#3793,.T.);
#3795=DIRECTION('',(0.757189,0.653196,0));
#3796=VECTOR('',#3795,0.166885);
#3797=LINE('',#822,#3796);
#3798=EDGE_CURVE('',#823,#825,#3797,.T.);
#3799=ORIENTED_EDGE('',*,*,#3798,.T.);
#3800=DIRECTION('',(0.724306,0.689478,0));
#3801=VECTOR('',#3800,0.166867);
#3802=LINE('',#824,#3801);
#3803=EDGE_CURVE('',#825,#827,#3802,.T.);
#3804=ORIENTED_EDGE('',*,*,#3803,.T.);
#3805=DIRECTION('',(0.689487,0.724298,0));
#3806=VECTOR('',#3805,0.166893);
#3807=LINE('',#826,#3806);
#3808=EDGE_CURVE('',#827,#829,#3807,.T.);
#3809=ORIENTED_EDGE('',*,*,#3808,.T.);
#3810=DIRECTION('',(0.653232,0.757158,0));
#3811=VECTOR('',#3810,0.166864);
#3812=LINE('',#828,#3811);
#3813=EDGE_CURVE('',#829,#831,#3812,.T.);
#3814=ORIENTED_EDGE('',*,*,#3813,.T.);
#3815=DIRECTION('',(0.615229,0.788349,0));
#3816=VECTOR('',#3815,0.166882);
#3817=LINE('',#830,#3816);
#3818=EDGE_CURVE('',#831,#833,#3817,.T.);
#3819=ORIENTED_EDGE('',*,*,#3818,.T.);
#3820=DIRECTION('',(0.57579,0.817597,0));
#3821=VECTOR('',#3820,0.166884);
#3822=LINE('',#832,#3821);
#3823=EDGE_CURVE('',#833,#835,#3822,.T.);
#3824=ORIENTED_EDGE('',*,*,#3823,.T.);
#3825=DIRECTION('',(0.534995,0.844855,0));
#3826=VECTOR('',#3825,0.166882);
#3827=LINE('',#834,#3826);
#3828=EDGE_CURVE('',#835,#837,#3827,.T.);
#3829=ORIENTED_EDGE('',*,*,#3828,.T.);
#3830=DIRECTION('',(0.492898,0.870087,0));
#3831=VECTOR('',#3830,0.166883);
#3832=LINE('',#836,#3831);
#3833=EDGE_CURVE('',#837,#839,#3832,.T.);
#3834=ORIENTED_EDGE('',*,*,#3833,.T.);
#3835=DIRECTION('',(0.449571,0.893245,0));
#3836=VECTOR('',#3835,0.166895);
#3837=LINE('',#838,#3836);
#3838=EDGE_CURVE('',#839,#841,#3837,.T.);
#3839=ORIENTED_EDGE('',*,*,#3838,.T.);
#3840=DIRECTION('',(0.405246,0.914208,0));
#3841=VECTOR('',#3840,0.166874);
#3842=LINE('',#840,#3841);
#3843=EDGE_CURVE('',#841,#843,#3842,.T.);
#3844=ORIENTED_EDGE('',*,*,#3843,.T.);
#3845=DIRECTION('',(0.359896,0.932993,0));
#3846=VECTOR('',#3845,0.166883);
#3847=LINE('',#842,#3846);
#3848=EDGE_CURVE('',#843,#845,#3847,.T.);
#3849=ORIENTED_EDGE('',*,*,#3848,.T.);
#3850=DIRECTION('',(0.313699,0.949522,0));
#3851=VECTOR('',#3850,0.16687);
#3852=LINE('',#844,#3851);
#3853=EDGE_CURVE('',#845,#847,#3852,.T.);
#3854=ORIENTED_EDGE('',*,*,#3853,.T.);
#3855=DIRECTION('',(0.266729,0.963772,0));
#3856=VECTOR('',#3855,0.166873);
#3857=LINE('',#846,#3856);
#3858=EDGE_CURVE('',#847,#849,#3857,.T.);
#3859=ORIENTED_EDGE('',*,*,#3858,.T.);
#3860=DIRECTION('',(0.219071,0.975709,0));
#3861=VECTOR('',#3860,0.166896);
#3862=LINE('',#848,#3861);
#3863=EDGE_CURVE('',#849,#851,#3862,.T.);
#3864=ORIENTED_EDGE('',*,*,#3863,.T.);
#3865=DIRECTION('',(0.170956,0.985279,0));
#3866=VECTOR('',#3865,0.166885);
#3867=LINE('',#850,#3866);
#3868=EDGE_CURVE('',#851,#853,#3867,.T.);
#3869=ORIENTED_EDGE('',*,*,#3868,.T.);
#3870=DIRECTION('',(0.122425,0.992478,0));
#3871=VECTOR('',#3870,0.166874);
#3872=LINE('',#852,#3871);
#3873=EDGE_CURVE('',#853,#855,#3872,.T.);
#3874=ORIENTED_EDGE('',*,*,#3873,.T.);
#3875=DIRECTION('',(0.073567,0.99729,0));
#3876=VECTOR('',#3875,0.166865);
#3877=LINE('',#854,#3876);
#3878=EDGE_CURVE('',#855,#857,#3877,.T.);
#3879=ORIENTED_EDGE('',*,*,#3878,.T.);
#3880=DIRECTION('',(0.024538,0.999699,0));
#3881=VECTOR('',#3880,0.16689);
#3882=LINE('',#856,#3881);
#3883=EDGE_CURVE('',#857,#859,#3882,.T.);
#3884=ORIENTED_EDGE('',*,*,#3883,.T.);
#3885=DIRECTION('',(-0.024538,0.999699,0));
#3886=VECTOR('',#3885,0.16689);
#3887=LINE('',#858,#3886);
#3888=EDGE_CURVE('',#859,#861,#3887,.T.);
#3889=ORIENTED_EDGE('',*,*,#3888,.T.);
#3890=DIRECTION('',(-0.073567,0.99729,0));
#3891=VECTOR('',#3890,0.166865);
#3892=LINE('',#860,#3891);
#3893=EDGE_CURVE('',#861,#863,#3892,.T.);
#3894=ORIENTED_EDGE('',*,*,#3893,.T.);
#3895=DIRECTION('',(-0.122425,0.992478,0));
#3896=VECTOR('',#3895,0.166874);
#3897=LINE('',#862,#3896);
#3898=EDGE_CURVE('',#863,#921,#3897,.T.);
#3899=ORIENTED_EDGE('',*,*,#3898,.T.);
#3900=DIRECTION('',(0.170956,-0.985279,0));
#3901=VECTOR('',#3900,0.166885);
#3902=LINE('',#918,#3901);
#3903=EDGE_CURVE('',#919,#921,#3902,.T.);
#3904=ORIENTED_EDGE('',*,*,#3903,.F.);
#3905=DIRECTION('',(-0.219071,0.975709,0));
#3906=VECTOR('',#3905,0.166896);
#3907=LINE('',#918,#3906);
#3908=EDGE_CURVE('',#919,#925,#3907,.T.);
#3909=ORIENTED_EDGE('',*,*,#3908,.T.);
#3910=DIRECTION('',(0.266729,-0.963772,0));
#3911=VECTOR('',#3910,0.166873);
#3912=LINE('',#922,#3911);
#3913=EDGE_CURVE('',#923,#925,#3912,.T.);
#3914=ORIENTED_EDGE('',*,*,#3913,.F.);
#3915=DIRECTION('',(0.313699,-0.949522,0));
#3916=VECTOR('',#3915,0.16687);
#3917=LINE('',#908,#3916);
#3918=EDGE_CURVE('',#909,#923,#3917,.T.);
#3919=ORIENTED_EDGE('',*,*,#3918,.F.);
#3920=DIRECTION('',(-0.359896,0.932993,0));
#3921=VECTOR('',#3920,0.166883);
#3922=LINE('',#908,#3921);
#3923=EDGE_CURVE('',#909,#915,#3922,.T.);
#3924=ORIENTED_EDGE('',*,*,#3923,.T.);
#3925=DIRECTION('',(0.405246,-0.914208,0));
#3926=VECTOR('',#3925,0.166874);
#3927=LINE('',#912,#3926);
#3928=EDGE_CURVE('',#913,#915,#3927,.T.);
#3929=ORIENTED_EDGE('',*,*,#3928,.F.);
#3930=EDGE_LOOP('',(#3294,#3299,#3304,#3309,#3314,#3319,#3324,#3329,#3334,#3339,#3344,#3349,#3354,#3359,#3364,#3369,#3374,#3379,#3384,#3389,#3394,#3399,#3404,#3409,#3414,#3419,#3424,#3429,#3434,#3439,#3444,#3449,#3454,#3459,#3464,#3469,#3474,#3479,#3484,#3489,#3494,#3499,#3504,#3509,#3514,#3519,#3524,#3529,#3534,#3539,#3544,#3549,#3554,#3559,#3564,#3569,#3574,#3579,#3584,#3589,#3594,#3599,#3604,#3609,#3614,#3619,#3624,#3629,#3634,#3639,#3644,#3649,#3654,#3659,#3664,#3669,#3674,#3679,#3684,#3689,#3694,#3699,#3704,#3709,#3714,#3719,#3724,#3729,#3734,#3739,#3744,#3749,#3754,#3759,#3764,#3769,#3774,#3779,#3784,#3789,#3794,#3799,#3804,#3809,#3814,#3819,#3824,#3829,#3834,#3839,#3844,#3849,#3854,#3859,#3864,#3869,#3874,#3879,#3884,#3889,#3894,#3899,#3904,#3909,#3914,#3919,#3924,#3929));
#3931=FACE_BOUND('',#3930,.T.);
#3932=DIRECTION('',(0.9757,-0.219112,0));
#3933=VECTOR('',#3932,0.132523);
#3934=LINE('',#204,#3933);
#3935=EDGE_CURVE('',#205,#207,#3934,.T.);
#3936=ORIENTED_EDGE('',*,*,#3935,.F.);
#3937=DIRECTION('',(0.985274,-0.170982,0));
#3938=VECTOR('',#3937,0.132525);
#3939=LINE('',#202,#3938);
#3940=EDGE_CURVE('',#203,#205,#3939,.T.);
#3941=ORIENTED_EDGE('',*,*,#3940,.F.);
#3942=DIRECTION('',(0.992482,-0.122394,0));
#3943=VECTOR('',#3942,0.132523);
#3944=LINE('',#200,#3943);
#3945=EDGE_CURVE('',#201,#203,#3944,.T.);
#3946=ORIENTED_EDGE('',*,*,#3945,.F.);
#3947=DIRECTION('',(0.99729,-0.073577,0));
#3948=VECTOR('',#3947,0.132519);
#3949=LINE('',#198,#3948);
#3950=EDGE_CURVE('',#199,#201,#3949,.T.);
#3951=ORIENTED_EDGE('',*,*,#3950,.F.);
#3952=DIRECTION('',(0.999699,-0.024525,0));
#3953=VECTOR('',#3952,0.132524);
#3954=LINE('',#196,#3953);
#3955=EDGE_CURVE('',#197,#199,#3954,.T.);
#3956=ORIENTED_EDGE('',*,*,#3955,.F.);
#3957=DIRECTION('',(0.999699,0.024525,0));
#3958=VECTOR('',#3957,0.132524);
#3959=LINE('',#194,#3958);
#3960=EDGE_CURVE('',#195,#197,#3959,.T.);
#3961=ORIENTED_EDGE('',*,*,#3960,.F.);
#3962=DIRECTION('',(0.99729,0.073577,0));
#3963=VECTOR('',#3962,0.132519);
#3964=LINE('',#192,#3963);
#3965=EDGE_CURVE('',#193,#195,#3964,.T.);
#3966=ORIENTED_EDGE('',*,*,#3965,.F.);
#3967=DIRECTION('',(0.992482,0.122394,0));
#3968=VECTOR('',#3967,0.132523);
#3969=LINE('',#190,#3968);
#3970=EDGE_CURVE('',#191,#193,#3969,.T.);
#3971=ORIENTED_EDGE('',*,*,#3970,.F.);
#3972=DIRECTION('',(0.985274,0.170982,0));
#3973=VECTOR('',#3972,0.132525);
#3974=LINE('',#188,#3973);
#3975=EDGE_CURVE('',#189,#191,#3974,.T.);
#3976=ORIENTED_EDGE('',*,*,#3975,.F.);
#3977=DIRECTION('',(0.9757,0.219112,0));
#3978=VECTOR('',#3977,0.132523);
#3979=LINE('',#186,#3978);
#3980=EDGE_CURVE('',#187,#189,#3979,.T.);
#3981=ORIENTED_EDGE('',*,*,#3980,.F.);
#3982=DIRECTION('',(0.963787,0.266674,0));
#3983=VECTOR('',#3982,0.132519);
#3984=LINE('',#184,#3983);
#3985=EDGE_CURVE('',#185,#187,#3984,.T.);
#3986=ORIENTED_EDGE('',*,*,#3985,.F.);
#3987=DIRECTION('',(0.949506,0.313748,0));
#3988=VECTOR('',#3987,0.132527);
#3989=LINE('',#182,#3988);
#3990=EDGE_CURVE('',#183,#185,#3989,.T.);
#3991=ORIENTED_EDGE('',*,*,#3990,.F.);
#3992=DIRECTION('',(0.933019,0.359828,0));
#3993=VECTOR('',#3992,0.132518);
#3994=LINE('',#112,#3993);
#3995=EDGE_CURVE('',#113,#183,#3994,.T.);
#3996=ORIENTED_EDGE('',*,*,#3995,.F.);
#3997=DIRECTION('',(0.914191,0.405284,0));
#3998=VECTOR('',#3997,0.132527);
#3999=LINE('',#110,#3998);
#4000=EDGE_CURVE('',#111,#113,#3999,.T.);
#4001=ORIENTED_EDGE('',*,*,#4000,.F.);
#4002=DIRECTION('',(0.893215,0.44963,0));
#4003=VECTOR('',#4002,0.132521);
#4004=LINE('',#108,#4003);
#4005=EDGE_CURVE('',#109,#111,#4004,.T.);
#4006=ORIENTED_EDGE('',*,*,#4005,.F.);
#4007=DIRECTION('',(0.870129,0.492824,0));
#4008=VECTOR('',#4007,0.132517);
#4009=LINE('',#106,#4008);
#4010=EDGE_CURVE('',#107,#109,#4009,.T.);
#4011=ORIENTED_EDGE('',*,*,#4010,.F.);
#4012=DIRECTION('',(0.844823,0.535045,0));
#4013=VECTOR('',#4012,0.132526);
#4014=LINE('',#104,#4013);
#4015=EDGE_CURVE('',#105,#107,#4014,.T.);
#4016=ORIENTED_EDGE('',*,*,#4015,.F.);
#4017=DIRECTION('',(0.81758,0.575815,0));
#4018=VECTOR('',#4017,0.132524);
#4019=LINE('',#102,#4018);
#4020=EDGE_CURVE('',#103,#105,#4019,.T.);
#4021=ORIENTED_EDGE('',*,*,#4020,.F.);
#4022=DIRECTION('',(0.788361,0.615213,0));
#4023=VECTOR('',#4022,0.132519);
#4024=LINE('',#100,#4023);
#4025=EDGE_CURVE('',#101,#103,#4024,.T.);
#4026=ORIENTED_EDGE('',*,*,#4025,.F.);
#4027=DIRECTION('',(0.757205,0.653178,0));
#4028=VECTOR('',#4027,0.132526);
#4029=LINE('',#98,#4028);
#4030=EDGE_CURVE('',#99,#101,#4029,.T.);
#4031=ORIENTED_EDGE('',*,*,#4030,.F.);
#4032=DIRECTION('',(0.724223,0.689566,0));
#4033=VECTOR('',#4032,0.132525);
#4034=LINE('',#96,#4033);
#4035=EDGE_CURVE('',#97,#99,#4034,.T.);
#4036=ORIENTED_EDGE('',*,*,#4035,.F.);
#4037=DIRECTION('',(0.689551,0.724237,0));
#4038=VECTOR('',#4037,0.132523);
#4039=LINE('',#94,#4038);
#4040=EDGE_CURVE('',#95,#97,#4039,.T.);
#4041=ORIENTED_EDGE('',*,*,#4040,.F.);
#4042=DIRECTION('',(0.65319,0.757194,0));
#4043=VECTOR('',#4042,0.132518);
#4044=LINE('',#92,#4043);
#4045=EDGE_CURVE('',#93,#95,#4044,.T.);
#4046=ORIENTED_EDGE('',*,*,#4045,.F.);
#4047=DIRECTION('',(0.615217,0.788358,0));
#4048=VECTOR('',#4047,0.132525);
#4049=LINE('',#90,#4048);
#4050=EDGE_CURVE('',#91,#93,#4049,.T.);
#4051=ORIENTED_EDGE('',*,*,#4050,.F.);
#4052=DIRECTION('',(0.575801,0.81759,0));
#4053=VECTOR('',#4052,0.132527);
#4054=LINE('',#88,#4053);
#4055=EDGE_CURVE('',#89,#91,#4054,.T.);
#4056=ORIENTED_EDGE('',*,*,#4055,.F.);
#4057=DIRECTION('',(0.53503,0.844833,0));
#4058=VECTOR('',#4057,0.132516);
#4059=LINE('',#86,#4058);
#4060=EDGE_CURVE('',#87,#89,#4059,.T.);
#4061=ORIENTED_EDGE('',*,*,#4060,.F.);
#4062=DIRECTION('',(0.492877,0.870099,0));
#4063=VECTOR('',#4062,0.132526);
#4064=LINE('',#84,#4063);
#4065=EDGE_CURVE('',#85,#87,#4064,.T.);
#4066=ORIENTED_EDGE('',*,*,#4065,.F.);
#4067=DIRECTION('',(0.44963,0.893215,0));
#4068=VECTOR('',#4067,0.132513);
#4069=LINE('',#82,#4068);
#4070=EDGE_CURVE('',#83,#85,#4069,.T.);
#4071=ORIENTED_EDGE('',*,*,#4070,.F.);
#4072=DIRECTION('',(0.40526,0.914202,0));
#4073=VECTOR('',#4072,0.132525);
#4074=LINE('',#80,#4073);
#4075=EDGE_CURVE('',#81,#83,#4074,.T.);
#4076=ORIENTED_EDGE('',*,*,#4075,.F.);
#4077=DIRECTION('',(0.359878,0.932999,0));
#4078=VECTOR('',#4077,0.132521);
#4079=LINE('',#78,#4078);
#4080=EDGE_CURVE('',#79,#81,#4079,.T.);
#4081=ORIENTED_EDGE('',*,*,#4080,.F.);
#4082=DIRECTION('',(0.313688,0.949526,0));
#4083=VECTOR('',#4082,0.132528);
#4084=LINE('',#76,#4083);
#4085=EDGE_CURVE('',#77,#79,#4084,.T.);
#4086=ORIENTED_EDGE('',*,*,#4085,.F.);
#4087=DIRECTION('',(0.266708,0.963777,0));
#4088=VECTOR('',#4087,0.132516);
#4089=LINE('',#74,#4088);
#4090=EDGE_CURVE('',#75,#77,#4089,.T.);
#4091=ORIENTED_EDGE('',*,*,#4090,.F.);
#4092=DIRECTION('',(0.219112,0.9757,0));
#4093=VECTOR('',#4092,0.132523);
#4094=LINE('',#72,#4093);
#4095=EDGE_CURVE('',#73,#75,#4094,.T.);
#4096=ORIENTED_EDGE('',*,*,#4095,.F.);
#4097=DIRECTION('',(0.170939,0.985282,0));
#4098=VECTOR('',#4097,0.132535);
#4099=LINE('',#70,#4098);
#4100=EDGE_CURVE('',#71,#73,#4099,.T.);
#4101=ORIENTED_EDGE('',*,*,#4100,.F.);
#4102=DIRECTION('',(0.122433,0.992477,0));
#4103=VECTOR('',#4102,0.132512);
#4104=LINE('',#68,#4103);
#4105=EDGE_CURVE('',#69,#71,#4104,.T.);
#4106=ORIENTED_EDGE('',*,*,#4105,.F.);
#4107=DIRECTION('',(0.073542,0.997292,0));
#4108=VECTOR('',#4107,0.132531);
#4109=LINE('',#66,#4108);
#4110=EDGE_CURVE('',#67,#69,#4109,.T.);
#4111=ORIENTED_EDGE('',*,*,#4110,.F.);
#4112=DIRECTION('',(0.024555,0.999698,0));
#4113=VECTOR('',#4112,0.132517);
#4114=LINE('',#64,#4113);
#4115=EDGE_CURVE('',#65,#67,#4114,.T.);
#4116=ORIENTED_EDGE('',*,*,#4115,.F.);
#4117=DIRECTION('',(-0.024555,0.999698,0));
#4118=VECTOR('',#4117,0.132517);
#4119=LINE('',#62,#4118);
#4120=EDGE_CURVE('',#63,#65,#4119,.T.);
#4121=ORIENTED_EDGE('',*,*,#4120,.F.);
#4122=DIRECTION('',(-0.073542,0.997292,0));
#4123=VECTOR('',#4122,0.132531);
#4124=LINE('',#60,#4123);
#4125=EDGE_CURVE('',#61,#63,#4124,.T.);
#4126=ORIENTED_EDGE('',*,*,#4125,.F.);
#4127=DIRECTION('',(-0.122419,0.992478,0));
#4128=VECTOR('',#4127,0.132528);
#4129=LINE('',#58,#4128);
#4130=EDGE_CURVE('',#59,#61,#4129,.T.);
#4131=ORIENTED_EDGE('',*,*,#4130,.F.);
#4132=DIRECTION('',(-0.170958,0.985278,0));
#4133=VECTOR('',#4132,0.13252);
#4134=LINE('',#56,#4133);
#4135=EDGE_CURVE('',#57,#59,#4134,.T.);
#4136=ORIENTED_EDGE('',*,*,#4135,.F.);
#4137=DIRECTION('',(-0.219112,0.9757,0));
#4138=VECTOR('',#4137,0.132523);
#4139=LINE('',#54,#4138);
#4140=EDGE_CURVE('',#55,#57,#4139,.T.);
#4141=ORIENTED_EDGE('',*,*,#4140,.F.);
#4142=DIRECTION('',(-0.266708,0.963777,0));
#4143=VECTOR('',#4142,0.132516);
#4144=LINE('',#30,#4143);
#4145=EDGE_CURVE('',#31,#55,#4144,.T.);
#4146=ORIENTED_EDGE('',*,*,#4145,.F.);
#4147=DIRECTION('',(-0.313688,0.949526,0));
#4148=VECTOR('',#4147,0.132528);
#4149=LINE('',#28,#4148);
#4150=EDGE_CURVE('',#29,#31,#4149,.T.);
#4151=ORIENTED_EDGE('',*,*,#4150,.F.);
#4152=DIRECTION('',(-0.359878,0.932999,0));
#4153=VECTOR('',#4152,0.132521);
#4154=LINE('',#26,#4153);
#4155=EDGE_CURVE('',#27,#29,#4154,.T.);
#4156=ORIENTED_EDGE('',*,*,#4155,.F.);
#4157=DIRECTION('',(-0.40526,0.914202,0));
#4158=VECTOR('',#4157,0.132525);
#4159=LINE('',#24,#4158);
#4160=EDGE_CURVE('',#25,#27,#4159,.T.);
#4161=ORIENTED_EDGE('',*,*,#4160,.F.);
#4162=DIRECTION('',(-0.44963,0.893215,0));
#4163=VECTOR('',#4162,0.132513);
#4164=LINE('',#22,#4163);
#4165=EDGE_CURVE('',#23,#25,#4164,.T.);
#4166=ORIENTED_EDGE('',*,*,#4165,.F.);
#4167=DIRECTION('',(0.492877,-0.870099,0));
#4168=VECTOR('',#4167,0.132526);
#4169=LINE('',#22,#4168);
#4170=EDGE_CURVE('',#23,#33,#4169,.T.);
#4171=ORIENTED_EDGE('',*,*,#4170,.T.);
#4172=DIRECTION('',(-0.534978,0.844866,0));
#4173=VECTOR('',#4172,0.132529);
#4174=LINE('',#16,#4173);
#4175=EDGE_CURVE('',#17,#33,#4174,.T.);
#4176=ORIENTED_EDGE('',*,*,#4175,.F.);
#4177=DIRECTION('',(0.575856,-0.817551,0));
#4178=VECTOR('',#4177,0.132514);
#4179=LINE('',#16,#4178);
#4180=EDGE_CURVE('',#17,#21,#4179,.T.);
#4181=ORIENTED_EDGE('',*,*,#4180,.T.);
#4182=DIRECTION('',(-0.615217,0.788358,0));
#4183=VECTOR('',#4182,0.132525);
#4184=LINE('',#18,#4183);
#4185=EDGE_CURVE('',#19,#21,#4184,.T.);
#4186=ORIENTED_EDGE('',*,*,#4185,.F.);
#4187=DIRECTION('',(0.653133,-0.757244,0));
#4188=VECTOR('',#4187,0.132529);
#4189=LINE('',#18,#4188);
#4190=EDGE_CURVE('',#19,#49,#4189,.T.);
#4191=ORIENTED_EDGE('',*,*,#4190,.T.);
#4192=DIRECTION('',(-0.689551,0.724237,0));
#4193=VECTOR('',#4192,0.132523);
#4194=LINE('',#46,#4193);
#4195=EDGE_CURVE('',#47,#49,#4194,.T.);
#4196=ORIENTED_EDGE('',*,*,#4195,.F.);
#4197=DIRECTION('',(-0.72428,0.689506,0));
#4198=VECTOR('',#4197,0.132515);
#4199=LINE('',#44,#4198);
#4200=EDGE_CURVE('',#45,#47,#4199,.T.);
#4201=ORIENTED_EDGE('',*,*,#4200,.F.);
#4202=DIRECTION('',(0.757205,-0.653178,0));
#4203=VECTOR('',#4202,0.132526);
#4204=LINE('',#44,#4203);
#4205=EDGE_CURVE('',#45,#51,#4204,.T.);
#4206=ORIENTED_EDGE('',*,*,#4205,.T.);
#4207=DIRECTION('',(0.788361,-0.615213,0));
#4208=VECTOR('',#4207,0.132519);
#4209=LINE('',#50,#4208);
#4210=EDGE_CURVE('',#51,#53,#4209,.T.);
#4211=ORIENTED_EDGE('',*,*,#4210,.T.);
#4212=DIRECTION('',(-0.81758,0.575815,0));
#4213=VECTOR('',#4212,0.132524);
#4214=LINE('',#34,#4213);
#4215=EDGE_CURVE('',#35,#53,#4214,.T.);
#4216=ORIENTED_EDGE('',*,*,#4215,.F.);
#4217=DIRECTION('',(0.844823,-0.535045,0));
#4218=VECTOR('',#4217,0.132526);
#4219=LINE('',#34,#4218);
#4220=EDGE_CURVE('',#35,#39,#4219,.T.);
#4221=ORIENTED_EDGE('',*,*,#4220,.T.);
#4222=DIRECTION('',(-0.870079,0.492912,0));
#4223=VECTOR('',#4222,0.132525);
#4224=LINE('',#36,#4223);
#4225=EDGE_CURVE('',#37,#39,#4224,.T.);
#4226=ORIENTED_EDGE('',*,*,#4225,.F.);
#4227=DIRECTION('',(0.893261,-0.449538,0));
#4228=VECTOR('',#4227,0.132514);
#4229=LINE('',#36,#4228);
#4230=EDGE_CURVE('',#37,#41,#4229,.T.);
#4231=ORIENTED_EDGE('',*,*,#4230,.T.);
#4232=DIRECTION('',(0.914191,-0.405284,0));
#4233=VECTOR('',#4232,0.132527);
#4234=LINE('',#40,#4233);
#4235=EDGE_CURVE('',#41,#43,#4234,.T.);
#4236=ORIENTED_EDGE('',*,*,#4235,.T.);
#4237=DIRECTION('',(0.93298,-0.359928,0));
#4238=VECTOR('',#4237,0.132524);
#4239=LINE('',#42,#4238);
#4240=EDGE_CURVE('',#43,#115,#4239,.T.);
#4241=ORIENTED_EDGE('',*,*,#4240,.T.);
#4242=DIRECTION('',(0.94954,-0.313645,0));
#4243=VECTOR('',#4242,0.132522);
#4244=LINE('',#114,#4243);
#4245=EDGE_CURVE('',#115,#117,#4244,.T.);
#4246=ORIENTED_EDGE('',*,*,#4245,.T.);
#4247=DIRECTION('',(0.963787,-0.266674,0));
#4248=VECTOR('',#4247,0.132519);
#4249=LINE('',#116,#4248);
#4250=EDGE_CURVE('',#117,#119,#4249,.T.);
#4251=ORIENTED_EDGE('',*,*,#4250,.T.);
#4252=DIRECTION('',(0.9757,-0.219112,0));
#4253=VECTOR('',#4252,0.132523);
#4254=LINE('',#118,#4253);
#4255=EDGE_CURVE('',#119,#121,#4254,.T.);
#4256=ORIENTED_EDGE('',*,*,#4255,.T.);
#4257=DIRECTION('',(0.985274,-0.170982,0));
#4258=VECTOR('',#4257,0.132525);
#4259=LINE('',#120,#4258);
#4260=EDGE_CURVE('',#121,#123,#4259,.T.);
#4261=ORIENTED_EDGE('',*,*,#4260,.T.);
#4262=DIRECTION('',(0.992482,-0.122394,0));
#4263=VECTOR('',#4262,0.132523);
#4264=LINE('',#122,#4263);
#4265=EDGE_CURVE('',#123,#125,#4264,.T.);
#4266=ORIENTED_EDGE('',*,*,#4265,.T.);
#4267=DIRECTION('',(0.99729,-0.073577,0));
#4268=VECTOR('',#4267,0.132519);
#4269=LINE('',#124,#4268);
#4270=EDGE_CURVE('',#125,#127,#4269,.T.);
#4271=ORIENTED_EDGE('',*,*,#4270,.T.);
#4272=DIRECTION('',(0.999699,-0.024525,0));
#4273=VECTOR('',#4272,0.132524);
#4274=LINE('',#126,#4273);
#4275=EDGE_CURVE('',#127,#129,#4274,.T.);
#4276=ORIENTED_EDGE('',*,*,#4275,.T.);
#4277=DIRECTION('',(0.999699,0.024525,0));
#4278=VECTOR('',#4277,0.132524);
#4279=LINE('',#128,#4278);
#4280=EDGE_CURVE('',#129,#131,#4279,.T.);
#4281=ORIENTED_EDGE('',*,*,#4280,.T.);
#4282=DIRECTION('',(0.99729,0.073577,0));
#4283=VECTOR('',#4282,0.132519);
#4284=LINE('',#130,#4283);
#4285=EDGE_CURVE('',#131,#133,#4284,.T.);
#4286=ORIENTED_EDGE('',*,*,#4285,.T.);
#4287=DIRECTION('',(0.992482,0.122394,0));
#4288=VECTOR('',#4287,0.132523);
#4289=LINE('',#132,#4288);
#4290=EDGE_CURVE('',#133,#135,#4289,.T.);
#4291=ORIENTED_EDGE('',*,*,#4290,.T.);
#4292=DIRECTION('',(0.985274,0.170982,0));
#4293=VECTOR('',#4292,0.132525);
#4294=LINE('',#134,#4293);
#4295=EDGE_CURVE('',#135,#137,#4294,.T.);
#4296=ORIENTED_EDGE('',*,*,#4295,.T.);
#4297=DIRECTION('',(0.9757,0.219112,0));
#4298=VECTOR('',#4297,0.132523);
#4299=LINE('',#136,#4298);
#4300=EDGE_CURVE('',#137,#139,#4299,.T.);
#4301=ORIENTED_EDGE('',*,*,#4300,.T.);
#4302=DIRECTION('',(0.963787,0.266674,0));
#4303=VECTOR('',#4302,0.132519);
#4304=LINE('',#138,#4303);
#4305=EDGE_CURVE('',#139,#141,#4304,.T.);
#4306=ORIENTED_EDGE('',*,*,#4305,.T.);
#4307=DIRECTION('',(0.94954,0.313645,0));
#4308=VECTOR('',#4307,0.132522);
#4309=LINE('',#140,#4308);
#4310=EDGE_CURVE('',#141,#143,#4309,.T.);
#4311=ORIENTED_EDGE('',*,*,#4310,.T.);
#4312=DIRECTION('',(0.93298,0.359928,0));
#4313=VECTOR('',#4312,0.132524);
#4314=LINE('',#142,#4313);
#4315=EDGE_CURVE('',#143,#145,#4314,.T.);
#4316=ORIENTED_EDGE('',*,*,#4315,.T.);
#4317=DIRECTION('',(0.914191,0.405284,0));
#4318=VECTOR('',#4317,0.132527);
#4319=LINE('',#144,#4318);
#4320=EDGE_CURVE('',#145,#147,#4319,.T.);
#4321=ORIENTED_EDGE('',*,*,#4320,.T.);
#4322=DIRECTION('',(0.893261,0.449538,0));
#4323=VECTOR('',#4322,0.132514);
#4324=LINE('',#146,#4323);
#4325=EDGE_CURVE('',#147,#149,#4324,.T.);
#4326=ORIENTED_EDGE('',*,*,#4325,.T.);
#4327=DIRECTION('',(0.870079,0.492912,0));
#4328=VECTOR('',#4327,0.132525);
#4329=LINE('',#148,#4328);
#4330=EDGE_CURVE('',#149,#151,#4329,.T.);
#4331=ORIENTED_EDGE('',*,*,#4330,.T.);
#4332=DIRECTION('',(0.844823,0.535045,0));
#4333=VECTOR('',#4332,0.132526);
#4334=LINE('',#150,#4333);
#4335=EDGE_CURVE('',#151,#153,#4334,.T.);
#4336=ORIENTED_EDGE('',*,*,#4335,.T.);
#4337=DIRECTION('',(0.81758,0.575815,0));
#4338=VECTOR('',#4337,0.132524);
#4339=LINE('',#152,#4338);
#4340=EDGE_CURVE('',#153,#155,#4339,.T.);
#4341=ORIENTED_EDGE('',*,*,#4340,.T.);
#4342=DIRECTION('',(0.788361,0.615213,0));
#4343=VECTOR('',#4342,0.132519);
#4344=LINE('',#154,#4343);
#4345=EDGE_CURVE('',#155,#157,#4344,.T.);
#4346=ORIENTED_EDGE('',*,*,#4345,.T.);
#4347=DIRECTION('',(0.757205,0.653178,0));
#4348=VECTOR('',#4347,0.132526);
#4349=LINE('',#156,#4348);
#4350=EDGE_CURVE('',#157,#159,#4349,.T.);
#4351=ORIENTED_EDGE('',*,*,#4350,.T.);
#4352=DIRECTION('',(0.72428,0.689506,0));
#4353=VECTOR('',#4352,0.132515);
#4354=LINE('',#158,#4353);
#4355=EDGE_CURVE('',#159,#161,#4354,.T.);
#4356=ORIENTED_EDGE('',*,*,#4355,.T.);
#4357=DIRECTION('',(0.689551,0.724237,0));
#4358=VECTOR('',#4357,0.132523);
#4359=LINE('',#160,#4358);
#4360=EDGE_CURVE('',#161,#163,#4359,.T.);
#4361=ORIENTED_EDGE('',*,*,#4360,.T.);
#4362=DIRECTION('',(0.653133,0.757244,0));
#4363=VECTOR('',#4362,0.132529);
#4364=LINE('',#162,#4363);
#4365=EDGE_CURVE('',#163,#165,#4364,.T.);
#4366=ORIENTED_EDGE('',*,*,#4365,.T.);
#4367=DIRECTION('',(0.615217,0.788358,0));
#4368=VECTOR('',#4367,0.132525);
#4369=LINE('',#164,#4368);
#4370=EDGE_CURVE('',#165,#167,#4369,.T.);
#4371=ORIENTED_EDGE('',*,*,#4370,.T.);
#4372=DIRECTION('',(0.575856,0.817551,0));
#4373=VECTOR('',#4372,0.132514);
#4374=LINE('',#166,#4373);
#4375=EDGE_CURVE('',#167,#169,#4374,.T.);
#4376=ORIENTED_EDGE('',*,*,#4375,.T.);
#4377=DIRECTION('',(0.534978,0.844866,0));
#4378=VECTOR('',#4377,0.132529);
#4379=LINE('',#168,#4378);
#4380=EDGE_CURVE('',#169,#171,#4379,.T.);
#4381=ORIENTED_EDGE('',*,*,#4380,.T.);
#4382=DIRECTION('',(0.492877,0.870099,0));
#4383=VECTOR('',#4382,0.132526);
#4384=LINE('',#170,#4383);
#4385=EDGE_CURVE('',#171,#173,#4384,.T.);
#4386=ORIENTED_EDGE('',*,*,#4385,.T.);
#4387=DIRECTION('',(0.44963,0.893215,0));
#4388=VECTOR('',#4387,0.132513);
#4389=LINE('',#172,#4388);
#4390=EDGE_CURVE('',#173,#175,#4389,.T.);
#4391=ORIENTED_EDGE('',*,*,#4390,.T.);
#4392=DIRECTION('',(0.40526,0.914202,0));
#4393=VECTOR('',#4392,0.132525);
#4394=LINE('',#174,#4393);
#4395=EDGE_CURVE('',#175,#177,#4394,.T.);
#4396=ORIENTED_EDGE('',*,*,#4395,.T.);
#4397=DIRECTION('',(0.359878,0.932999,0));
#4398=VECTOR('',#4397,0.132521);
#4399=LINE('',#176,#4398);
#4400=EDGE_CURVE('',#177,#179,#4399,.T.);
#4401=ORIENTED_EDGE('',*,*,#4400,.T.);
#4402=DIRECTION('',(0.313688,0.949526,0));
#4403=VECTOR('',#4402,0.132528);
#4404=LINE('',#178,#4403);
#4405=EDGE_CURVE('',#179,#181,#4404,.T.);
#4406=ORIENTED_EDGE('',*,*,#4405,.T.);
#4407=DIRECTION('',(0.266708,0.963777,0));
#4408=VECTOR('',#4407,0.132516);
#4409=LINE('',#180,#4408);
#4410=EDGE_CURVE('',#181,#227,#4409,.T.);
#4411=ORIENTED_EDGE('',*,*,#4410,.T.);
#4412=DIRECTION('',(0.219112,0.9757,0));
#4413=VECTOR('',#4412,0.132523);
#4414=LINE('',#226,#4413);
#4415=EDGE_CURVE('',#227,#229,#4414,.T.);
#4416=ORIENTED_EDGE('',*,*,#4415,.T.);
#4417=DIRECTION('',(0.170958,0.985278,0));
#4418=VECTOR('',#4417,0.13252);
#4419=LINE('',#228,#4418);
#4420=EDGE_CURVE('',#229,#231,#4419,.T.);
#4421=ORIENTED_EDGE('',*,*,#4420,.T.);
#4422=DIRECTION('',(0.122419,0.992478,0));
#4423=VECTOR('',#4422,0.132528);
#4424=LINE('',#230,#4423);
#4425=EDGE_CURVE('',#231,#233,#4424,.T.);
#4426=ORIENTED_EDGE('',*,*,#4425,.T.);
#4427=DIRECTION('',(0.073542,0.997292,0));
#4428=VECTOR('',#4427,0.132531);
#4429=LINE('',#232,#4428);
#4430=EDGE_CURVE('',#233,#235,#4429,.T.);
#4431=ORIENTED_EDGE('',*,*,#4430,.T.);
#4432=DIRECTION('',(0.024555,0.999698,0));
#4433=VECTOR('',#4432,0.132517);
#4434=LINE('',#234,#4433);
#4435=EDGE_CURVE('',#235,#237,#4434,.T.);
#4436=ORIENTED_EDGE('',*,*,#4435,.T.);
#4437=DIRECTION('',(-0.024555,0.999698,0));
#4438=VECTOR('',#4437,0.132517);
#4439=LINE('',#236,#4438);
#4440=EDGE_CURVE('',#237,#239,#4439,.T.);
#4441=ORIENTED_EDGE('',*,*,#4440,.T.);
#4442=DIRECTION('',(-0.073542,0.997292,0));
#4443=VECTOR('',#4442,0.132531);
#4444=LINE('',#238,#4443);
#4445=EDGE_CURVE('',#239,#241,#4444,.T.);
#4446=ORIENTED_EDGE('',*,*,#4445,.T.);
#4447=DIRECTION('',(-0.122433,0.992477,0));
#4448=VECTOR('',#4447,0.132512);
#4449=LINE('',#240,#4448);
#4450=EDGE_CURVE('',#241,#243,#4449,.T.);
#4451=ORIENTED_EDGE('',*,*,#4450,.T.);
#4452=DIRECTION('',(-0.170939,0.985282,0));
#4453=VECTOR('',#4452,0.132535);
#4454=LINE('',#242,#4453);
#4455=EDGE_CURVE('',#243,#247,#4454,.T.);
#4456=ORIENTED_EDGE('',*,*,#4455,.T.);
#4457=DIRECTION('',(0.219112,-0.9757,0));
#4458=VECTOR('',#4457,0.132523);
#4459=LINE('',#244,#4458);
#4460=EDGE_CURVE('',#245,#247,#4459,.T.);
#4461=ORIENTED_EDGE('',*,*,#4460,.F.);
#4462=DIRECTION('',(-0.266708,0.963777,0));
#4463=VECTOR('',#4462,0.132516);
#4464=LINE('',#244,#4463);
#4465=EDGE_CURVE('',#245,#255,#4464,.T.);
#4466=ORIENTED_EDGE('',*,*,#4465,.T.);
#4467=DIRECTION('',(-0.313688,0.949526,0));
#4468=VECTOR('',#4467,0.132528);
#4469=LINE('',#254,#4468);
#4470=EDGE_CURVE('',#255,#257,#4469,.T.);
#4471=ORIENTED_EDGE('',*,*,#4470,.T.);
#4472=DIRECTION('',(-0.359878,0.932999,0));
#4473=VECTOR('',#4472,0.132521);
#4474=LINE('',#256,#4473);
#4475=EDGE_CURVE('',#257,#259,#4474,.T.);
#4476=ORIENTED_EDGE('',*,*,#4475,.T.);
#4477=DIRECTION('',(0.40526,-0.914202,0));
#4478=VECTOR('',#4477,0.132525);
#4479=LINE('',#250,#4478);
#4480=EDGE_CURVE('',#251,#259,#4479,.T.);
#4481=ORIENTED_EDGE('',*,*,#4480,.F.);
#4482=DIRECTION('',(-0.44963,0.893215,0));
#4483=VECTOR('',#4482,0.132513);
#4484=LINE('',#250,#4483);
#4485=EDGE_CURVE('',#251,#253,#4484,.T.);
#4486=ORIENTED_EDGE('',*,*,#4485,.T.);
#4487=DIRECTION('',(0.492877,-0.870099,0));
#4488=VECTOR('',#4487,0.132526);
#4489=LINE('',#248,#4488);
#4490=EDGE_CURVE('',#249,#253,#4489,.T.);
#4491=ORIENTED_EDGE('',*,*,#4490,.F.);
#4492=DIRECTION('',(-0.53503,0.844833,0));
#4493=VECTOR('',#4492,0.132516);
#4494=LINE('',#248,#4493);
#4495=EDGE_CURVE('',#249,#261,#4494,.T.);
#4496=ORIENTED_EDGE('',*,*,#4495,.T.);
#4497=DIRECTION('',(0.575801,-0.81759,0));
#4498=VECTOR('',#4497,0.132527);
#4499=LINE('',#220,#4498);
#4500=EDGE_CURVE('',#221,#261,#4499,.T.);
#4501=ORIENTED_EDGE('',*,*,#4500,.F.);
#4502=DIRECTION('',(-0.615217,0.788358,0));
#4503=VECTOR('',#4502,0.132525);
#4504=LINE('',#220,#4503);
#4505=EDGE_CURVE('',#221,#223,#4504,.T.);
#4506=ORIENTED_EDGE('',*,*,#4505,.T.);
#4507=DIRECTION('',(-0.65319,0.757194,0));
#4508=VECTOR('',#4507,0.132518);
#4509=LINE('',#222,#4508);
#4510=EDGE_CURVE('',#223,#225,#4509,.T.);
#4511=ORIENTED_EDGE('',*,*,#4510,.T.);
#4512=DIRECTION('',(0.689551,-0.724237,0));
#4513=VECTOR('',#4512,0.132523);
#4514=LINE('',#216,#4513);
#4515=EDGE_CURVE('',#217,#225,#4514,.T.);
#4516=ORIENTED_EDGE('',*,*,#4515,.F.);
#4517=DIRECTION('',(-0.724223,0.689566,0));
#4518=VECTOR('',#4517,0.132525);
#4519=LINE('',#216,#4518);
#4520=EDGE_CURVE('',#217,#219,#4519,.T.);
#4521=ORIENTED_EDGE('',*,*,#4520,.T.);
#4522=DIRECTION('',(0.757205,-0.653178,0));
#4523=VECTOR('',#4522,0.132526);
#4524=LINE('',#214,#4523);
#4525=EDGE_CURVE('',#215,#219,#4524,.T.);
#4526=ORIENTED_EDGE('',*,*,#4525,.F.);
#4527=DIRECTION('',(-0.788361,0.615213,0));
#4528=VECTOR('',#4527,0.132519);
#4529=LINE('',#214,#4528);
#4530=EDGE_CURVE('',#215,#271,#4529,.T.);
#4531=ORIENTED_EDGE('',*,*,#4530,.T.);
#4532=DIRECTION('',(0.81758,-0.575815,0));
#4533=VECTOR('',#4532,0.132524);
#4534=LINE('',#268,#4533);
#4535=EDGE_CURVE('',#269,#271,#4534,.T.);
#4536=ORIENTED_EDGE('',*,*,#4535,.F.);
#4537=DIRECTION('',(0.844823,-0.535045,0));
#4538=VECTOR('',#4537,0.132526);
#4539=LINE('',#264,#4538);
#4540=EDGE_CURVE('',#265,#269,#4539,.T.);
#4541=ORIENTED_EDGE('',*,*,#4540,.F.);
#4542=DIRECTION('',(-0.870129,0.492824,0));
#4543=VECTOR('',#4542,0.132517);
#4544=LINE('',#264,#4543);
#4545=EDGE_CURVE('',#265,#267,#4544,.T.);
#4546=ORIENTED_EDGE('',*,*,#4545,.T.);
#4547=DIRECTION('',(0.893215,-0.44963,0));
#4548=VECTOR('',#4547,0.132521);
#4549=LINE('',#262,#4548);
#4550=EDGE_CURVE('',#263,#267,#4549,.T.);
#4551=ORIENTED_EDGE('',*,*,#4550,.F.);
#4552=DIRECTION('',(0.914191,-0.405284,0));
#4553=VECTOR('',#4552,0.132527);
#4554=LINE('',#210,#4553);
#4555=EDGE_CURVE('',#211,#263,#4554,.T.);
#4556=ORIENTED_EDGE('',*,*,#4555,.F.);
#4557=DIRECTION('',(-0.933019,0.359828,0));
#4558=VECTOR('',#4557,0.132518);
#4559=LINE('',#210,#4558);
#4560=EDGE_CURVE('',#211,#213,#4559,.T.);
#4561=ORIENTED_EDGE('',*,*,#4560,.T.);
#4562=DIRECTION('',(0.949506,-0.313748,0));
#4563=VECTOR('',#4562,0.132527);
#4564=LINE('',#208,#4563);
#4565=EDGE_CURVE('',#209,#213,#4564,.T.);
#4566=ORIENTED_EDGE('',*,*,#4565,.F.);
#4567=DIRECTION('',(0.963787,-0.266674,0));
#4568=VECTOR('',#4567,0.132519);
#4569=LINE('',#206,#4568);
#4570=EDGE_CURVE('',#207,#209,#4569,.T.);
#4571=ORIENTED_EDGE('',*,*,#4570,.F.);
#4572=EDGE_LOOP('',(#3936,#3941,#3946,#3951,#3956,#3961,#3966,#3971,#3976,#3981,#3986,#3991,#3996,#4001,#4006,#4011,#4016,#4021,#4026,#4031,#4036,#4041,#4046,#4051,#4056,#4061,#4066,#4071,#4076,#4081,#4086,#4091,#4096,#4101,#4106,#4111,#4116,#4121,#4126,#4131,#4136,#4141,#4146,#4151,#4156,#4161,#4166,#4171,#4176,#4181,#4186,#4191,#4196,#4201,#4206,#4211,#4216,#4221,#4226,#4231,#4236,#4241,#4246,#4251,#4256,#4261,#4266,#4271,#4276,#4281,#4286,#4291,#4296,#4301,#4306,#4311,#4316,#4321,#4326,#4331,#4336,#4341,#4346,#4351,#4356,#4361,#4366,#4371,#4376,#4381,#4386,#4391,#4396,#4401,#4406,#4411,#4416,#4421,#4426,#4431,#4436,#4441,#4446,#4451,#4456,#4461,#4466,#4471,#4476,#4481,#4486,#4491,#4496,#4501,#4506,#4511,#4516,#4521,#4526,#4531,#4536,#4541,#4546,#4551,#4556,#4561,#4566,#4571));
#4573=FACE_BOUND('',#4572,.T.);
#4574=DIRECTION('',(0.359878,0.932999,0));
#4575=VECTOR('',#4574,0.132521);
#4576=LINE('',#1438,#4575);
#4577=EDGE_CURVE('',#1439,#1441,#4576,.T.);
#4578=ORIENTED_EDGE('',*,*,#4577,.F.);
#4579=DIRECTION('',(0.313688,0.949526,0));
#4580=VECTOR('',#4579,0.132528);
#4581=LINE('',#1436,#4580);
#4582=EDGE_CURVE('',#1437,#1439,#4581,.T.);
#4583=ORIENTED_EDGE('',*,*,#4582,.F.);
#4584=DIRECTION('',(0.266708,0.963777,0));
#4585=VECTOR('',#4584,0.132516);
#4586=LINE('',#1434,#4585);
#4587=EDGE_CURVE('',#1435,#1437,#4586,.T.);
#4588=ORIENTED_EDGE('',*,*,#4587,.F.);
#4589=DIRECTION('',(0.219112,0.9757,0));
#4590=VECTOR('',#4589,0.132523);
#4591=LINE('',#1432,#4590);
#4592=EDGE_CURVE('',#1433,#1435,#4591,.T.);
#4593=ORIENTED_EDGE('',*,*,#4592,.F.);
#4594=DIRECTION('',(0.170939,0.985282,0));
#4595=VECTOR('',#4594,0.132535);
#4596=LINE('',#1430,#4595);
#4597=EDGE_CURVE('',#1431,#1433,#4596,.T.);
#4598=ORIENTED_EDGE('',*,*,#4597,.F.);
#4599=DIRECTION('',(0.122433,0.992477,0));
#4600=VECTOR('',#4599,0.132512);
#4601=LINE('',#1428,#4600);
#4602=EDGE_CURVE('',#1429,#1431,#4601,.T.);
#4603=ORIENTED_EDGE('',*,*,#4602,.F.);
#4604=DIRECTION('',(0.073542,0.997292,0));
#4605=VECTOR('',#4604,0.132531);
#4606=LINE('',#1426,#4605);
#4607=EDGE_CURVE('',#1427,#1429,#4606,.T.);
#4608=ORIENTED_EDGE('',*,*,#4607,.F.);
#4609=DIRECTION('',(0.024555,0.999698,0));
#4610=VECTOR('',#4609,0.132517);
#4611=LINE('',#1424,#4610);
#4612=EDGE_CURVE('',#1425,#1427,#4611,.T.);
#4613=ORIENTED_EDGE('',*,*,#4612,.F.);
#4614=DIRECTION('',(-0.024555,0.999698,0));
#4615=VECTOR('',#4614,0.132517);
#4616=LINE('',#1422,#4615);
#4617=EDGE_CURVE('',#1423,#1425,#4616,.T.);
#4618=ORIENTED_EDGE('',*,*,#4617,.F.);
#4619=DIRECTION('',(-0.073542,0.997292,0));
#4620=VECTOR('',#4619,0.132531);
#4621=LINE('',#1420,#4620);
#4622=EDGE_CURVE('',#1421,#1423,#4621,.T.);
#4623=ORIENTED_EDGE('',*,*,#4622,.F.);
#4624=DIRECTION('',(-0.122419,0.992478,0));
#4625=VECTOR('',#4624,0.132528);
#4626=LINE('',#1418,#4625);
#4627=EDGE_CURVE('',#1419,#1421,#4626,.T.);
#4628=ORIENTED_EDGE('',*,*,#4627,.F.);
#4629=DIRECTION('',(-0.170958,0.985278,0));
#4630=VECTOR('',#4629,0.13252);
#4631=LINE('',#1416,#4630);
#4632=EDGE_CURVE('',#1417,#1419,#4631,.T.);
#4633=ORIENTED_EDGE('',*,*,#4632,.F.);
#4634=DIRECTION('',(-0.219112,0.9757,0));
#4635=VECTOR('',#4634,0.132523);
#4636=LINE('',#1414,#4635);
#4637=EDGE_CURVE('',#1415,#1417,#4636,.T.);
#4638=ORIENTED_EDGE('',*,*,#4637,.F.);
#4639=DIRECTION('',(-0.266708,0.963777,0));
#4640=VECTOR('',#4639,0.132516);
#4641=LINE('',#1352,#4640);
#4642=EDGE_CURVE('',#1353,#1415,#4641,.T.);
#4643=ORIENTED_EDGE('',*,*,#4642,.F.);
#4644=DIRECTION('',(-0.313688,0.949526,0));
#4645=VECTOR('',#4644,0.132528);
#4646=LINE('',#1350,#4645);
#4647=EDGE_CURVE('',#1351,#1353,#4646,.T.);
#4648=ORIENTED_EDGE('',*,*,#4647,.F.);
#4649=DIRECTION('',(-0.359878,0.932999,0));
#4650=VECTOR('',#4649,0.132521);
#4651=LINE('',#1348,#4650);
#4652=EDGE_CURVE('',#1349,#1351,#4651,.T.);
#4653=ORIENTED_EDGE('',*,*,#4652,.F.);
#4654=DIRECTION('',(0.40526,-0.914202,0));
#4655=VECTOR('',#4654,0.132525);
#4656=LINE('',#1348,#4655);
#4657=EDGE_CURVE('',#1349,#1357,#4656,.T.);
#4658=ORIENTED_EDGE('',*,*,#4657,.T.);
#4659=DIRECTION('',(-0.44963,0.893215,0));
#4660=VECTOR('',#4659,0.132513);
#4661=LINE('',#1354,#4660);
#4662=EDGE_CURVE('',#1355,#1357,#4661,.T.);
#4663=ORIENTED_EDGE('',*,*,#4662,.F.);
#4664=DIRECTION('',(0.492877,-0.870099,0));
#4665=VECTOR('',#4664,0.132526);
#4666=LINE('',#1354,#4665);
#4667=EDGE_CURVE('',#1355,#1359,#4666,.T.);
#4668=ORIENTED_EDGE('',*,*,#4667,.T.);
#4669=DIRECTION('',(-0.534978,0.844866,0));
#4670=VECTOR('',#4669,0.132529);
#4671=LINE('',#1346,#4670);
#4672=EDGE_CURVE('',#1347,#1359,#4671,.T.);
#4673=ORIENTED_EDGE('',*,*,#4672,.F.);
#4674=DIRECTION('',(0.575856,-0.817551,0));
#4675=VECTOR('',#4674,0.132514);
#4676=LINE('',#1346,#4675);
#4677=EDGE_CURVE('',#1347,#1371,#4676,.T.);
#4678=ORIENTED_EDGE('',*,*,#4677,.T.);
#4679=DIRECTION('',(-0.615217,0.788358,0));
#4680=VECTOR('',#4679,0.132525);
#4681=LINE('',#1368,#4680);
#4682=EDGE_CURVE('',#1369,#1371,#4681,.T.);
#4683=ORIENTED_EDGE('',*,*,#4682,.F.);
#4684=DIRECTION('',(0.653133,-0.757244,0));
#4685=VECTOR('',#4684,0.132529);
#4686=LINE('',#1368,#4685);
#4687=EDGE_CURVE('',#1369,#1373,#4686,.T.);
#4688=ORIENTED_EDGE('',*,*,#4687,.T.);
#4689=DIRECTION('',(0.689551,-0.724237,0));
#4690=VECTOR('',#4689,0.132523);
#4691=LINE('',#1372,#4690);
#4692=EDGE_CURVE('',#1373,#1377,#4691,.T.);
#4693=ORIENTED_EDGE('',*,*,#4692,.T.);
#4694=DIRECTION('',(-0.72428,0.689506,0));
#4695=VECTOR('',#4694,0.132515);
#4696=LINE('',#1374,#4695);
#4697=EDGE_CURVE('',#1375,#1377,#4696,.T.);
#4698=ORIENTED_EDGE('',*,*,#4697,.F.);
#4699=DIRECTION('',(0.757205,-0.653178,0));
#4700=VECTOR('',#4699,0.132526);
#4701=LINE('',#1374,#4700);
#4702=EDGE_CURVE('',#1375,#1379,#4701,.T.);
#4703=ORIENTED_EDGE('',*,*,#4702,.T.);
#4704=DIRECTION('',(0.788361,-0.615213,0));
#4705=VECTOR('',#4704,0.132519);
#4706=LINE('',#1378,#4705);
#4707=EDGE_CURVE('',#1379,#1381,#4706,.T.);
#4708=ORIENTED_EDGE('',*,*,#4707,.T.);
#4709=DIRECTION('',(-0.81758,0.575815,0));
#4710=VECTOR('',#4709,0.132524);
#4711=LINE('',#1360,#4710);
#4712=EDGE_CURVE('',#1361,#1381,#4711,.T.);
#4713=ORIENTED_EDGE('',*,*,#4712,.F.);
#4714=DIRECTION('',(0.844823,-0.535045,0));
#4715=VECTOR('',#4714,0.132526);
#4716=LINE('',#1360,#4715);
#4717=EDGE_CURVE('',#1361,#1365,#4716,.T.);
#4718=ORIENTED_EDGE('',*,*,#4717,.T.);
#4719=DIRECTION('',(-0.870079,0.492912,0));
#4720=VECTOR('',#4719,0.132525);
#4721=LINE('',#1362,#4720);
#4722=EDGE_CURVE('',#1363,#1365,#4721,.T.);
#4723=ORIENTED_EDGE('',*,*,#4722,.F.);
#4724=DIRECTION('',(0.893261,-0.449538,0));
#4725=VECTOR('',#4724,0.132514);
#4726=LINE('',#1362,#4725);
#4727=EDGE_CURVE('',#1363,#1367,#4726,.T.);
#4728=ORIENTED_EDGE('',*,*,#4727,.T.);
#4729=DIRECTION('',(0.914191,-0.405284,0));
#4730=VECTOR('',#4729,0.132527);
#4731=LINE('',#1366,#4730);
#4732=EDGE_CURVE('',#1367,#1385,#4731,.T.);
#4733=ORIENTED_EDGE('',*,*,#4732,.T.);
#4734=DIRECTION('',(-0.93298,0.359928,0));
#4735=VECTOR('',#4734,0.132524);
#4736=LINE('',#1382,#4735);
#4737=EDGE_CURVE('',#1383,#1385,#4736,.T.);
#4738=ORIENTED_EDGE('',*,*,#4737,.F.);
#4739=DIRECTION('',(0.94954,-0.313645,0));
#4740=VECTOR('',#4739,0.132522);
#4741=LINE('',#1382,#4740);
#4742=EDGE_CURVE('',#1383,#1387,#4741,.T.);
#4743=ORIENTED_EDGE('',*,*,#4742,.T.);
#4744=DIRECTION('',(0.963787,-0.266674,0));
#4745=VECTOR('',#4744,0.132519);
#4746=LINE('',#1386,#4745);
#4747=EDGE_CURVE('',#1387,#1389,#4746,.T.);
#4748=ORIENTED_EDGE('',*,*,#4747,.T.);
#4749=DIRECTION('',(0.9757,-0.219112,0));
#4750=VECTOR('',#4749,0.132523);
#4751=LINE('',#1388,#4750);
#4752=EDGE_CURVE('',#1389,#1391,#4751,.T.);
#4753=ORIENTED_EDGE('',*,*,#4752,.T.);
#4754=DIRECTION('',(0.985274,-0.170982,0));
#4755=VECTOR('',#4754,0.132525);
#4756=LINE('',#1390,#4755);
#4757=EDGE_CURVE('',#1391,#1393,#4756,.T.);
#4758=ORIENTED_EDGE('',*,*,#4757,.T.);
#4759=DIRECTION('',(0.992482,-0.122394,0));
#4760=VECTOR('',#4759,0.132523);
#4761=LINE('',#1392,#4760);
#4762=EDGE_CURVE('',#1393,#1395,#4761,.T.);
#4763=ORIENTED_EDGE('',*,*,#4762,.T.);
#4764=DIRECTION('',(0.99729,-0.073577,0));
#4765=VECTOR('',#4764,0.132519);
#4766=LINE('',#1394,#4765);
#4767=EDGE_CURVE('',#1395,#1397,#4766,.T.);
#4768=ORIENTED_EDGE('',*,*,#4767,.T.);
#4769=DIRECTION('',(0.999699,-0.024525,0));
#4770=VECTOR('',#4769,0.132524);
#4771=LINE('',#1396,#4770);
#4772=EDGE_CURVE('',#1397,#1399,#4771,.T.);
#4773=ORIENTED_EDGE('',*,*,#4772,.T.);
#4774=DIRECTION('',(0.999699,0.024525,0));
#4775=VECTOR('',#4774,0.132524);
#4776=LINE('',#1398,#4775);
#4777=EDGE_CURVE('',#1399,#1401,#4776,.T.);
#4778=ORIENTED_EDGE('',*,*,#4777,.T.);
#4779=DIRECTION('',(0.99729,0.073577,0));
#4780=VECTOR('',#4779,0.132519);
#4781=LINE('',#1400,#4780);
#4782=EDGE_CURVE('',#1401,#1403,#4781,.T.);
#4783=ORIENTED_EDGE('',*,*,#4782,.T.);
#4784=DIRECTION('',(0.992482,0.122394,0));
#4785=VECTOR('',#4784,0.132523);
#4786=LINE('',#1402,#4785);
#4787=EDGE_CURVE('',#1403,#1405,#4786,.T.);
#4788=ORIENTED_EDGE('',*,*,#4787,.T.);
#4789=DIRECTION('',(0.985274,0.170982,0));
#4790=VECTOR('',#4789,0.132525);
#4791=LINE('',#1404,#4790);
#4792=EDGE_CURVE('',#1405,#1407,#4791,.T.);
#4793=ORIENTED_EDGE('',*,*,#4792,.T.);
#4794=DIRECTION('',(0.9757,0.219112,0));
#4795=VECTOR('',#4794,0.132523);
#4796=LINE('',#1406,#4795);
#4797=EDGE_CURVE('',#1407,#1409,#4796,.T.);
#4798=ORIENTED_EDGE('',*,*,#4797,.T.);
#4799=DIRECTION('',(0.963787,0.266674,0));
#4800=VECTOR('',#4799,0.132519);
#4801=LINE('',#1408,#4800);
#4802=EDGE_CURVE('',#1409,#1411,#4801,.T.);
#4803=ORIENTED_EDGE('',*,*,#4802,.T.);
#4804=DIRECTION('',(0.94954,0.313645,0));
#4805=VECTOR('',#4804,0.132522);
#4806=LINE('',#1410,#4805);
#4807=EDGE_CURVE('',#1411,#1413,#4806,.T.);
#4808=ORIENTED_EDGE('',*,*,#4807,.T.);
#4809=DIRECTION('',(0.93298,0.359928,0));
#4810=VECTOR('',#4809,0.132524);
#4811=LINE('',#1412,#4810);
#4812=EDGE_CURVE('',#1413,#1505,#4811,.T.);
#4813=ORIENTED_EDGE('',*,*,#4812,.T.);
#4814=DIRECTION('',(0.914191,0.405284,0));
#4815=VECTOR('',#4814,0.132527);
#4816=LINE('',#1504,#4815);
#4817=EDGE_CURVE('',#1505,#1507,#4816,.T.);
#4818=ORIENTED_EDGE('',*,*,#4817,.T.);
#4819=DIRECTION('',(0.893261,0.449538,0));
#4820=VECTOR('',#4819,0.132514);
#4821=LINE('',#1506,#4820);
#4822=EDGE_CURVE('',#1507,#1509,#4821,.T.);
#4823=ORIENTED_EDGE('',*,*,#4822,.T.);
#4824=DIRECTION('',(0.870079,0.492912,0));
#4825=VECTOR('',#4824,0.132525);
#4826=LINE('',#1508,#4825);
#4827=EDGE_CURVE('',#1509,#1511,#4826,.T.);
#4828=ORIENTED_EDGE('',*,*,#4827,.T.);
#4829=DIRECTION('',(0.844823,0.535045,0));
#4830=VECTOR('',#4829,0.132526);
#4831=LINE('',#1510,#4830);
#4832=EDGE_CURVE('',#1511,#1513,#4831,.T.);
#4833=ORIENTED_EDGE('',*,*,#4832,.T.);
#4834=DIRECTION('',(0.81758,0.575815,0));
#4835=VECTOR('',#4834,0.132524);
#4836=LINE('',#1512,#4835);
#4837=EDGE_CURVE('',#1513,#1515,#4836,.T.);
#4838=ORIENTED_EDGE('',*,*,#4837,.T.);
#4839=DIRECTION('',(0.788361,0.615213,0));
#4840=VECTOR('',#4839,0.132519);
#4841=LINE('',#1514,#4840);
#4842=EDGE_CURVE('',#1515,#1517,#4841,.T.);
#4843=ORIENTED_EDGE('',*,*,#4842,.T.);
#4844=DIRECTION('',(0.757205,0.653178,0));
#4845=VECTOR('',#4844,0.132526);
#4846=LINE('',#1516,#4845);
#4847=EDGE_CURVE('',#1517,#1519,#4846,.T.);
#4848=ORIENTED_EDGE('',*,*,#4847,.T.);
#4849=DIRECTION('',(0.72428,0.689506,0));
#4850=VECTOR('',#4849,0.132515);
#4851=LINE('',#1518,#4850);
#4852=EDGE_CURVE('',#1519,#1521,#4851,.T.);
#4853=ORIENTED_EDGE('',*,*,#4852,.T.);
#4854=DIRECTION('',(0.689551,0.724237,0));
#4855=VECTOR('',#4854,0.132523);
#4856=LINE('',#1520,#4855);
#4857=EDGE_CURVE('',#1521,#1523,#4856,.T.);
#4858=ORIENTED_EDGE('',*,*,#4857,.T.);
#4859=DIRECTION('',(0.653133,0.757244,0));
#4860=VECTOR('',#4859,0.132529);
#4861=LINE('',#1522,#4860);
#4862=EDGE_CURVE('',#1523,#1525,#4861,.T.);
#4863=ORIENTED_EDGE('',*,*,#4862,.T.);
#4864=DIRECTION('',(0.615217,0.788358,0));
#4865=VECTOR('',#4864,0.132525);
#4866=LINE('',#1524,#4865);
#4867=EDGE_CURVE('',#1525,#1527,#4866,.T.);
#4868=ORIENTED_EDGE('',*,*,#4867,.T.);
#4869=DIRECTION('',(0.575856,0.817551,0));
#4870=VECTOR('',#4869,0.132514);
#4871=LINE('',#1526,#4870);
#4872=EDGE_CURVE('',#1527,#1529,#4871,.T.);
#4873=ORIENTED_EDGE('',*,*,#4872,.T.);
#4874=DIRECTION('',(0.534978,0.844866,0));
#4875=VECTOR('',#4874,0.132529);
#4876=LINE('',#1528,#4875);
#4877=EDGE_CURVE('',#1529,#1531,#4876,.T.);
#4878=ORIENTED_EDGE('',*,*,#4877,.T.);
#4879=DIRECTION('',(0.492877,0.870099,0));
#4880=VECTOR('',#4879,0.132526);
#4881=LINE('',#1530,#4880);
#4882=EDGE_CURVE('',#1531,#1533,#4881,.T.);
#4883=ORIENTED_EDGE('',*,*,#4882,.T.);
#4884=DIRECTION('',(0.44963,0.893215,0));
#4885=VECTOR('',#4884,0.132513);
#4886=LINE('',#1532,#4885);
#4887=EDGE_CURVE('',#1533,#1535,#4886,.T.);
#4888=ORIENTED_EDGE('',*,*,#4887,.T.);
#4889=DIRECTION('',(0.40526,0.914202,0));
#4890=VECTOR('',#4889,0.132525);
#4891=LINE('',#1534,#4890);
#4892=EDGE_CURVE('',#1535,#1537,#4891,.T.);
#4893=ORIENTED_EDGE('',*,*,#4892,.T.);
#4894=DIRECTION('',(0.359878,0.932999,0));
#4895=VECTOR('',#4894,0.132521);
#4896=LINE('',#1536,#4895);
#4897=EDGE_CURVE('',#1537,#1539,#4896,.T.);
#4898=ORIENTED_EDGE('',*,*,#4897,.T.);
#4899=DIRECTION('',(0.313688,0.949526,0));
#4900=VECTOR('',#4899,0.132528);
#4901=LINE('',#1538,#4900);
#4902=EDGE_CURVE('',#1539,#1541,#4901,.T.);
#4903=ORIENTED_EDGE('',*,*,#4902,.T.);
#4904=DIRECTION('',(0.266708,0.963777,0));
#4905=VECTOR('',#4904,0.132516);
#4906=LINE('',#1540,#4905);
#4907=EDGE_CURVE('',#1541,#1551,#4906,.T.);
#4908=ORIENTED_EDGE('',*,*,#4907,.T.);
#4909=DIRECTION('',(0.219112,0.9757,0));
#4910=VECTOR('',#4909,0.132523);
#4911=LINE('',#1550,#4910);
#4912=EDGE_CURVE('',#1551,#1553,#4911,.T.);
#4913=ORIENTED_EDGE('',*,*,#4912,.T.);
#4914=DIRECTION('',(0.170958,0.985278,0));
#4915=VECTOR('',#4914,0.13252);
#4916=LINE('',#1552,#4915);
#4917=EDGE_CURVE('',#1553,#1555,#4916,.T.);
#4918=ORIENTED_EDGE('',*,*,#4917,.T.);
#4919=DIRECTION('',(0.122419,0.992478,0));
#4920=VECTOR('',#4919,0.132528);
#4921=LINE('',#1554,#4920);
#4922=EDGE_CURVE('',#1555,#1557,#4921,.T.);
#4923=ORIENTED_EDGE('',*,*,#4922,.T.);
#4924=DIRECTION('',(0.073542,0.997292,0));
#4925=VECTOR('',#4924,0.132531);
#4926=LINE('',#1556,#4925);
#4927=EDGE_CURVE('',#1557,#1559,#4926,.T.);
#4928=ORIENTED_EDGE('',*,*,#4927,.T.);
#4929=DIRECTION('',(0.024555,0.999698,0));
#4930=VECTOR('',#4929,0.132517);
#4931=LINE('',#1558,#4930);
#4932=EDGE_CURVE('',#1559,#1561,#4931,.T.);
#4933=ORIENTED_EDGE('',*,*,#4932,.T.);
#4934=DIRECTION('',(-0.024555,0.999698,0));
#4935=VECTOR('',#4934,0.132517);
#4936=LINE('',#1560,#4935);
#4937=EDGE_CURVE('',#1561,#1563,#4936,.T.);
#4938=ORIENTED_EDGE('',*,*,#4937,.T.);
#4939=DIRECTION('',(-0.073542,0.997292,0));
#4940=VECTOR('',#4939,0.132531);
#4941=LINE('',#1562,#4940);
#4942=EDGE_CURVE('',#1563,#1565,#4941,.T.);
#4943=ORIENTED_EDGE('',*,*,#4942,.T.);
#4944=DIRECTION('',(-0.122433,0.992477,0));
#4945=VECTOR('',#4944,0.132512);
#4946=LINE('',#1564,#4945);
#4947=EDGE_CURVE('',#1565,#1567,#4946,.T.);
#4948=ORIENTED_EDGE('',*,*,#4947,.T.);
#4949=DIRECTION('',(-0.170939,0.985282,0));
#4950=VECTOR('',#4949,0.132535);
#4951=LINE('',#1566,#4950);
#4952=EDGE_CURVE('',#1567,#1571,#4951,.T.);
#4953=ORIENTED_EDGE('',*,*,#4952,.T.);
#4954=DIRECTION('',(0.219112,-0.9757,0));
#4955=VECTOR('',#4954,0.132523);
#4956=LINE('',#1568,#4955);
#4957=EDGE_CURVE('',#1569,#1571,#4956,.T.);
#4958=ORIENTED_EDGE('',*,*,#4957,.F.);
#4959=DIRECTION('',(-0.266708,0.963777,0));
#4960=VECTOR('',#4959,0.132516);
#4961=LINE('',#1568,#4960);
#4962=EDGE_CURVE('',#1569,#1575,#4961,.T.);
#4963=ORIENTED_EDGE('',*,*,#4962,.T.);
#4964=DIRECTION('',(-0.313688,0.949526,0));
#4965=VECTOR('',#4964,0.132528);
#4966=LINE('',#1574,#4965);
#4967=EDGE_CURVE('',#1575,#1577,#4966,.T.);
#4968=ORIENTED_EDGE('',*,*,#4967,.T.);
#4969=DIRECTION('',(-0.359878,0.932999,0));
#4970=VECTOR('',#4969,0.132521);
#4971=LINE('',#1576,#4970);
#4972=EDGE_CURVE('',#1577,#1579,#4971,.T.);
#4973=ORIENTED_EDGE('',*,*,#4972,.T.);
#4974=DIRECTION('',(-0.40526,0.914202,0));
#4975=VECTOR('',#4974,0.132525);
#4976=LINE('',#1578,#4975);
#4977=EDGE_CURVE('',#1579,#1581,#4976,.T.);
#4978=ORIENTED_EDGE('',*,*,#4977,.T.);
#4979=DIRECTION('',(-0.44963,0.893215,0));
#4980=VECTOR('',#4979,0.132513);
#4981=LINE('',#1580,#4980);
#4982=EDGE_CURVE('',#1581,#1583,#4981,.T.);
#4983=ORIENTED_EDGE('',*,*,#4982,.T.);
#4984=DIRECTION('',(0.492877,-0.870099,0));
#4985=VECTOR('',#4984,0.132526);
#4986=LINE('',#1572,#4985);
#4987=EDGE_CURVE('',#1573,#1583,#4986,.T.);
#4988=ORIENTED_EDGE('',*,*,#4987,.F.);
#4989=DIRECTION('',(-0.53503,0.844833,0));
#4990=VECTOR('',#4989,0.132516);
#4991=LINE('',#1572,#4990);
#4992=EDGE_CURVE('',#1573,#1589,#4991,.T.);
#4993=ORIENTED_EDGE('',*,*,#4992,.T.);
#4994=DIRECTION('',(0.575801,-0.81759,0));
#4995=VECTOR('',#4994,0.132527);
#4996=LINE('',#1584,#4995);
#4997=EDGE_CURVE('',#1585,#1589,#4996,.T.);
#4998=ORIENTED_EDGE('',*,*,#4997,.F.);
#4999=DIRECTION('',(-0.615217,0.788358,0));
#5000=VECTOR('',#4999,0.132525);
#5001=LINE('',#1584,#5000);
#5002=EDGE_CURVE('',#1585,#1587,#5001,.T.);
#5003=ORIENTED_EDGE('',*,*,#5002,.T.);
#5004=DIRECTION('',(0.65319,-0.757194,0));
#5005=VECTOR('',#5004,0.132518);
#5006=LINE('',#1548,#5005);
#5007=EDGE_CURVE('',#1549,#1587,#5006,.T.);
#5008=ORIENTED_EDGE('',*,*,#5007,.F.);
#5009=DIRECTION('',(0.689551,-0.724237,0));
#5010=VECTOR('',#5009,0.132523);
#5011=LINE('',#1544,#5010);
#5012=EDGE_CURVE('',#1545,#1549,#5011,.T.);
#5013=ORIENTED_EDGE('',*,*,#5012,.F.);
#5014=DIRECTION('',(-0.724223,0.689566,0));
#5015=VECTOR('',#5014,0.132525);
#5016=LINE('',#1544,#5015);
#5017=EDGE_CURVE('',#1545,#1547,#5016,.T.);
#5018=ORIENTED_EDGE('',*,*,#5017,.T.);
#5019=DIRECTION('',(0.757205,-0.653178,0));
#5020=VECTOR('',#5019,0.132526);
#5021=LINE('',#1542,#5020);
#5022=EDGE_CURVE('',#1543,#1547,#5021,.T.);
#5023=ORIENTED_EDGE('',*,*,#5022,.F.);
#5024=DIRECTION('',(-0.788361,0.615213,0));
#5025=VECTOR('',#5024,0.132519);
#5026=LINE('',#1542,#5025);
#5027=EDGE_CURVE('',#1543,#1601,#5026,.T.);
#5028=ORIENTED_EDGE('',*,*,#5027,.T.);
#5029=DIRECTION('',(0.81758,-0.575815,0));
#5030=VECTOR('',#5029,0.132524);
#5031=LINE('',#1598,#5030);
#5032=EDGE_CURVE('',#1599,#1601,#5031,.T.);
#5033=ORIENTED_EDGE('',*,*,#5032,.F.);
#5034=DIRECTION('',(0.844823,-0.535045,0));
#5035=VECTOR('',#5034,0.132526);
#5036=LINE('',#1594,#5035);
#5037=EDGE_CURVE('',#1595,#1599,#5036,.T.);
#5038=ORIENTED_EDGE('',*,*,#5037,.F.);
#5039=DIRECTION('',(-0.870129,0.492824,0));
#5040=VECTOR('',#5039,0.132517);
#5041=LINE('',#1594,#5040);
#5042=EDGE_CURVE('',#1595,#1597,#5041,.T.);
#5043=ORIENTED_EDGE('',*,*,#5042,.T.);
#5044=DIRECTION('',(0.893215,-0.44963,0));
#5045=VECTOR('',#5044,0.132521);
#5046=LINE('',#1592,#5045);
#5047=EDGE_CURVE('',#1593,#1597,#5046,.T.);
#5048=ORIENTED_EDGE('',*,*,#5047,.F.);
#5049=DIRECTION('',(0.914191,-0.405284,0));
#5050=VECTOR('',#5049,0.132527);
#5051=LINE('',#1590,#5050);
#5052=EDGE_CURVE('',#1591,#1593,#5051,.T.);
#5053=ORIENTED_EDGE('',*,*,#5052,.F.);
#5054=DIRECTION('',(0.933019,-0.359828,0));
#5055=VECTOR('',#5054,0.132518);
#5056=LINE('',#1502,#5055);
#5057=EDGE_CURVE('',#1503,#1591,#5056,.T.);
#5058=ORIENTED_EDGE('',*,*,#5057,.F.);
#5059=DIRECTION('',(0.949506,-0.313748,0));
#5060=VECTOR('',#5059,0.132527);
#5061=LINE('',#1500,#5060);
#5062=EDGE_CURVE('',#1501,#1503,#5061,.T.);
#5063=ORIENTED_EDGE('',*,*,#5062,.F.);
#5064=DIRECTION('',(0.963787,-0.266674,0));
#5065=VECTOR('',#5064,0.132519);
#5066=LINE('',#1498,#5065);
#5067=EDGE_CURVE('',#1499,#1501,#5066,.T.);
#5068=ORIENTED_EDGE('',*,*,#5067,.F.);
#5069=DIRECTION('',(0.9757,-0.219112,0));
#5070=VECTOR('',#5069,0.132523);
#5071=LINE('',#1496,#5070);
#5072=EDGE_CURVE('',#1497,#1499,#5071,.T.);
#5073=ORIENTED_EDGE('',*,*,#5072,.F.);
#5074=DIRECTION('',(0.985274,-0.170982,0));
#5075=VECTOR('',#5074,0.132525);
#5076=LINE('',#1494,#5075);
#5077=EDGE_CURVE('',#1495,#1497,#5076,.T.);
#5078=ORIENTED_EDGE('',*,*,#5077,.F.);
#5079=DIRECTION('',(0.992482,-0.122394,0));
#5080=VECTOR('',#5079,0.132523);
#5081=LINE('',#1492,#5080);
#5082=EDGE_CURVE('',#1493,#1495,#5081,.T.);
#5083=ORIENTED_EDGE('',*,*,#5082,.F.);
#5084=DIRECTION('',(0.99729,-0.073577,0));
#5085=VECTOR('',#5084,0.132519);
#5086=LINE('',#1490,#5085);
#5087=EDGE_CURVE('',#1491,#1493,#5086,.T.);
#5088=ORIENTED_EDGE('',*,*,#5087,.F.);
#5089=DIRECTION('',(0.999699,-0.024525,0));
#5090=VECTOR('',#5089,0.132524);
#5091=LINE('',#1488,#5090);
#5092=EDGE_CURVE('',#1489,#1491,#5091,.T.);
#5093=ORIENTED_EDGE('',*,*,#5092,.F.);
#5094=DIRECTION('',(0.999699,0.024525,0));
#5095=VECTOR('',#5094,0.132524);
#5096=LINE('',#1486,#5095);
#5097=EDGE_CURVE('',#1487,#1489,#5096,.T.);
#5098=ORIENTED_EDGE('',*,*,#5097,.F.);
#5099=DIRECTION('',(0.99729,0.073577,0));
#5100=VECTOR('',#5099,0.132519);
#5101=LINE('',#1484,#5100);
#5102=EDGE_CURVE('',#1485,#1487,#5101,.T.);
#5103=ORIENTED_EDGE('',*,*,#5102,.F.);
#5104=DIRECTION('',(0.992482,0.122394,0));
#5105=VECTOR('',#5104,0.132523);
#5106=LINE('',#1482,#5105);
#5107=EDGE_CURVE('',#1483,#1485,#5106,.T.);
#5108=ORIENTED_EDGE('',*,*,#5107,.F.);
#5109=DIRECTION('',(0.985274,0.170982,0));
#5110=VECTOR('',#5109,0.132525);
#5111=LINE('',#1480,#5110);
#5112=EDGE_CURVE('',#1481,#1483,#5111,.T.);
#5113=ORIENTED_EDGE('',*,*,#5112,.F.);
#5114=DIRECTION('',(0.9757,0.219112,0));
#5115=VECTOR('',#5114,0.132523);
#5116=LINE('',#1478,#5115);
#5117=EDGE_CURVE('',#1479,#1481,#5116,.T.);
#5118=ORIENTED_EDGE('',*,*,#5117,.F.);
#5119=DIRECTION('',(0.963787,0.266674,0));
#5120=VECTOR('',#5119,0.132519);
#5121=LINE('',#1476,#5120);
#5122=EDGE_CURVE('',#1477,#1479,#5121,.T.);
#5123=ORIENTED_EDGE('',*,*,#5122,.F.);
#5124=DIRECTION('',(0.949506,0.313748,0));
#5125=VECTOR('',#5124,0.132527);
#5126=LINE('',#1474,#5125);
#5127=EDGE_CURVE('',#1475,#1477,#5126,.T.);
#5128=ORIENTED_EDGE('',*,*,#5127,.F.);
#5129=DIRECTION('',(0.933019,0.359828,0));
#5130=VECTOR('',#5129,0.132518);
#5131=LINE('',#1472,#5130);
#5132=EDGE_CURVE('',#1473,#1475,#5131,.T.);
#5133=ORIENTED_EDGE('',*,*,#5132,.F.);
#5134=DIRECTION('',(0.914191,0.405284,0));
#5135=VECTOR('',#5134,0.132527);
#5136=LINE('',#1470,#5135);
#5137=EDGE_CURVE('',#1471,#1473,#5136,.T.);
#5138=ORIENTED_EDGE('',*,*,#5137,.F.);
#5139=DIRECTION('',(0.893215,0.44963,0));
#5140=VECTOR('',#5139,0.132521);
#5141=LINE('',#1468,#5140);
#5142=EDGE_CURVE('',#1469,#1471,#5141,.T.);
#5143=ORIENTED_EDGE('',*,*,#5142,.F.);
#5144=DIRECTION('',(0.870129,0.492824,0));
#5145=VECTOR('',#5144,0.132517);
#5146=LINE('',#1466,#5145);
#5147=EDGE_CURVE('',#1467,#1469,#5146,.T.);
#5148=ORIENTED_EDGE('',*,*,#5147,.F.);
#5149=DIRECTION('',(0.844823,0.535045,0));
#5150=VECTOR('',#5149,0.132526);
#5151=LINE('',#1464,#5150);
#5152=EDGE_CURVE('',#1465,#1467,#5151,.T.);
#5153=ORIENTED_EDGE('',*,*,#5152,.F.);
#5154=DIRECTION('',(0.81758,0.575815,0));
#5155=VECTOR('',#5154,0.132524);
#5156=LINE('',#1462,#5155);
#5157=EDGE_CURVE('',#1463,#1465,#5156,.T.);
#5158=ORIENTED_EDGE('',*,*,#5157,.F.);
#5159=DIRECTION('',(0.788361,0.615213,0));
#5160=VECTOR('',#5159,0.132519);
#5161=LINE('',#1460,#5160);
#5162=EDGE_CURVE('',#1461,#1463,#5161,.T.);
#5163=ORIENTED_EDGE('',*,*,#5162,.F.);
#5164=DIRECTION('',(0.757205,0.653178,0));
#5165=VECTOR('',#5164,0.132526);
#5166=LINE('',#1458,#5165);
#5167=EDGE_CURVE('',#1459,#1461,#5166,.T.);
#5168=ORIENTED_EDGE('',*,*,#5167,.F.);
#5169=DIRECTION('',(0.724223,0.689566,0));
#5170=VECTOR('',#5169,0.132525);
#5171=LINE('',#1456,#5170);
#5172=EDGE_CURVE('',#1457,#1459,#5171,.T.);
#5173=ORIENTED_EDGE('',*,*,#5172,.F.);
#5174=DIRECTION('',(0.689551,0.724237,0));
#5175=VECTOR('',#5174,0.132523);
#5176=LINE('',#1454,#5175);
#5177=EDGE_CURVE('',#1455,#1457,#5176,.T.);
#5178=ORIENTED_EDGE('',*,*,#5177,.F.);
#5179=DIRECTION('',(0.65319,0.757194,0));
#5180=VECTOR('',#5179,0.132518);
#5181=LINE('',#1452,#5180);
#5182=EDGE_CURVE('',#1453,#1455,#5181,.T.);
#5183=ORIENTED_EDGE('',*,*,#5182,.F.);
#5184=DIRECTION('',(0.615217,0.788358,0));
#5185=VECTOR('',#5184,0.132525);
#5186=LINE('',#1450,#5185);
#5187=EDGE_CURVE('',#1451,#1453,#5186,.T.);
#5188=ORIENTED_EDGE('',*,*,#5187,.F.);
#5189=DIRECTION('',(0.575801,0.81759,0));
#5190=VECTOR('',#5189,0.132527);
#5191=LINE('',#1448,#5190);
#5192=EDGE_CURVE('',#1449,#1451,#5191,.T.);
#5193=ORIENTED_EDGE('',*,*,#5192,.F.);
#5194=DIRECTION('',(0.53503,0.844833,0));
#5195=VECTOR('',#5194,0.132516);
#5196=LINE('',#1446,#5195);
#5197=EDGE_CURVE('',#1447,#1449,#5196,.T.);
#5198=ORIENTED_EDGE('',*,*,#5197,.F.);
#5199=DIRECTION('',(0.492877,0.870099,0));
#5200=VECTOR('',#5199,0.132526);
#5201=LINE('',#1444,#5200);
#5202=EDGE_CURVE('',#1445,#1447,#5201,.T.);
#5203=ORIENTED_EDGE('',*,*,#5202,.F.);
#5204=DIRECTION('',(0.44963,0.893215,0));
#5205=VECTOR('',#5204,0.132513);
#5206=LINE('',#1442,#5205);
#5207=EDGE_CURVE('',#1443,#1445,#5206,.T.);
#5208=ORIENTED_EDGE('',*,*,#5207,.F.);
#5209=DIRECTION('',(0.40526,0.914202,0));
#5210=VECTOR('',#5209,0.132525);
#5211=LINE('',#1440,#5210);
#5212=EDGE_CURVE('',#1441,#1443,#5211,.T.);
#5213=ORIENTED_EDGE('',*,*,#5212,.F.);
#5214=EDGE_LOOP('',(#4578,#4583,#4588,#4593,#4598,#4603,#4608,#4613,#4618,#4623,#4628,#4633,#4638,#4643,#4648,#4653,#4658,#4663,#4668,#4673,#4678,#4683,#4688,#4693,#4698,#4703,#4708,#4713,#4718,#4723,#4728,#4733,#4738,#4743,#4748,#4753,#4758,#4763,#4768,#4773,#4778,#4783,#4788,#4793,#4798,#4803,#4808,#4813,#4818,#4823,#4828,#4833,#4838,#4843,#4848,#4853,#4858,#4863,#4868,#4873,#4878,#4883,#4888,#4893,#4898,#4903,#4908,#4913,#4918,#4923,#4928,#4933,#4938,#4943,#4948,#4953,#4958,#4963,#4968,#4973,#4978,#4983,#4988,#4993,#4998,#5003,#5008,#5013,#5018,#5023,#5028,#5033,#5038,#5043,#5048,#5053,#5058,#5063,#5068,#5073,#5078,#5083,#5088,#5093,#5098,#5103,#5108,#5113,#5118,#5123,#5128,#5133,#5138,#5143,#5148,#5153,#5158,#5163,#5168,#5173,#5178,#5183,#5188,#5193,#5198,#5203,#5208,#5213));
#5215=FACE_BOUND('',#5214,.T.);
#5216=DIRECTION('',(0.195104,0.980783,0));
#5217=VECTOR('',#5216,0.326993);
#5218=LINE('',#1206,#5217);
#5219=EDGE_CURVE('',#1207,#1209,#5218,.T.);
#5220=ORIENTED_EDGE('',*,*,#5219,.F.);
#5221=DIRECTION('',(0.065401,0.997859,0));
#5222=VECTOR('',#5221,0.327025);
#5223=LINE('',#1204,#5222);
#5224=EDGE_CURVE('',#1205,#1207,#5223,.T.);
#5225=ORIENTED_EDGE('',*,*,#5224,.F.);
#5226=DIRECTION('',(-0.065401,0.997859,0));
#5227=VECTOR('',#5226,0.327025);
#5228=LINE('',#1202,#5227);
#5229=EDGE_CURVE('',#1203,#1205,#5228,.T.);
#5230=ORIENTED_EDGE('',*,*,#5229,.F.);
#5231=DIRECTION('',(-0.195104,0.980783,0));
#5232=VECTOR('',#5231,0.326993);
#5233=LINE('',#1196,#5232);
#5234=EDGE_CURVE('',#1197,#1203,#5233,.T.);
#5235=ORIENTED_EDGE('',*,*,#5234,.F.);
#5236=DIRECTION('',(0.321438,-0.94693,0));
#5237=VECTOR('',#5236,0.327016);
#5238=LINE('',#1196,#5237);
#5239=EDGE_CURVE('',#1197,#1201,#5238,.T.);
#5240=ORIENTED_EDGE('',*,*,#5239,.T.);
#5241=DIRECTION('',(-0.442273,0.896881,0));
#5242=VECTOR('',#5241,0.327027);
#5243=LINE('',#1198,#5242);
#5244=EDGE_CURVE('',#1199,#1201,#5243,.T.);
#5245=ORIENTED_EDGE('',*,*,#5244,.F.);
#5246=DIRECTION('',(0.555559,-0.831477,0));
#5247=VECTOR('',#5246,0.327022);
#5248=LINE('',#1198,#5247);
#5249=EDGE_CURVE('',#1199,#1217,#5248,.T.);
#5250=ORIENTED_EDGE('',*,*,#5249,.T.);
#5251=DIRECTION('',(0.659367,-0.751822,0));
#5252=VECTOR('',#5251,0.327005);
#5253=LINE('',#1216,#5252);
#5254=EDGE_CURVE('',#1217,#1219,#5253,.T.);
#5255=ORIENTED_EDGE('',*,*,#5254,.T.);
#5256=DIRECTION('',(0.751808,-0.659382,0));
#5257=VECTOR('',#5256,0.327029);
#5258=LINE('',#1218,#5257);
#5259=EDGE_CURVE('',#1219,#1221,#5258,.T.);
#5260=ORIENTED_EDGE('',*,*,#5259,.T.);
#5261=DIRECTION('',(-0.831482,0.555551,0));
#5262=VECTOR('',#5261,0.327011);
#5263=LINE('',#1214,#5262);
#5264=EDGE_CURVE('',#1215,#1221,#5263,.T.);
#5265=ORIENTED_EDGE('',*,*,#5264,.F.);
#5266=DIRECTION('',(0.896888,-0.442258,0));
#5267=VECTOR('',#5266,0.32701);
#5268=LINE('',#1214,#5267);
#5269=EDGE_CURVE('',#1215,#1223,#5268,.T.);
#5270=ORIENTED_EDGE('',*,*,#5269,.T.);
#5271=DIRECTION('',(0.946914,-0.321487,0));
#5272=VECTOR('',#5271,0.327021);
#5273=LINE('',#1222,#5272);
#5274=EDGE_CURVE('',#1223,#1225,#5273,.T.);
#5275=ORIENTED_EDGE('',*,*,#5274,.T.);
#5276=DIRECTION('',(0.980795,-0.195044,0));
#5277=VECTOR('',#5276,0.327013);
#5278=LINE('',#1224,#5277);
#5279=EDGE_CURVE('',#1225,#1227,#5278,.T.);
#5280=ORIENTED_EDGE('',*,*,#5279,.T.);
#5281=DIRECTION('',(0.997858,-0.065418,0));
#5282=VECTOR('',#5281,0.327016);
#5283=LINE('',#1226,#5282);
#5284=EDGE_CURVE('',#1227,#2475,#5283,.T.);
#5285=ORIENTED_EDGE('',*,*,#5284,.T.);
#5286=DIRECTION('',(0.997858,0.065418,0));
#5287=VECTOR('',#5286,0.327016);
#5288=LINE('',#2474,#5287);
#5289=EDGE_CURVE('',#2475,#2477,#5288,.T.);
#5290=ORIENTED_EDGE('',*,*,#5289,.T.);
#5291=DIRECTION('',(0.980795,0.195044,0));
#5292=VECTOR('',#5291,0.327013);
#5293=LINE('',#2476,#5292);
#5294=EDGE_CURVE('',#2477,#2479,#5293,.T.);
#5295=ORIENTED_EDGE('',*,*,#5294,.T.);
#5296=DIRECTION('',(0.946914,0.321487,0));
#5297=VECTOR('',#5296,0.327021);
#5298=LINE('',#2478,#5297);
#5299=EDGE_CURVE('',#2479,#2481,#5298,.T.);
#5300=ORIENTED_EDGE('',*,*,#5299,.T.);
#5301=DIRECTION('',(0.896888,0.442258,0));
#5302=VECTOR('',#5301,0.32701);
#5303=LINE('',#2480,#5302);
#5304=EDGE_CURVE('',#2481,#2483,#5303,.T.);
#5305=ORIENTED_EDGE('',*,*,#5304,.T.);
#5306=DIRECTION('',(0.831482,0.555551,0));
#5307=VECTOR('',#5306,0.327011);
#5308=LINE('',#2482,#5307);
#5309=EDGE_CURVE('',#2483,#2485,#5308,.T.);
#5310=ORIENTED_EDGE('',*,*,#5309,.T.);
#5311=DIRECTION('',(0.751808,0.659382,0));
#5312=VECTOR('',#5311,0.327029);
#5313=LINE('',#2484,#5312);
#5314=EDGE_CURVE('',#2485,#2487,#5313,.T.);
#5315=ORIENTED_EDGE('',*,*,#5314,.T.);
#5316=DIRECTION('',(0.659367,0.751822,0));
#5317=VECTOR('',#5316,0.327005);
#5318=LINE('',#2486,#5317);
#5319=EDGE_CURVE('',#2487,#2489,#5318,.T.);
#5320=ORIENTED_EDGE('',*,*,#5319,.T.);
#5321=DIRECTION('',(0.555559,0.831477,0));
#5322=VECTOR('',#5321,0.327022);
#5323=LINE('',#2488,#5322);
#5324=EDGE_CURVE('',#2489,#2499,#5323,.T.);
#5325=ORIENTED_EDGE('',*,*,#5324,.T.);
#5326=DIRECTION('',(0.442273,0.896881,0));
#5327=VECTOR('',#5326,0.327027);
#5328=LINE('',#2498,#5327);
#5329=EDGE_CURVE('',#2499,#2501,#5328,.T.);
#5330=ORIENTED_EDGE('',*,*,#5329,.T.);
#5331=DIRECTION('',(0.321438,0.94693,0));
#5332=VECTOR('',#5331,0.327016);
#5333=LINE('',#2500,#5332);
#5334=EDGE_CURVE('',#2501,#2503,#5333,.T.);
#5335=ORIENTED_EDGE('',*,*,#5334,.T.);
#5336=DIRECTION('',(0.195104,0.980783,0));
#5337=VECTOR('',#5336,0.326993);
#5338=LINE('',#2502,#5337);
#5339=EDGE_CURVE('',#2503,#2505,#5338,.T.);
#5340=ORIENTED_EDGE('',*,*,#5339,.T.);
#5341=DIRECTION('',(0.065401,0.997859,0));
#5342=VECTOR('',#5341,0.327025);
#5343=LINE('',#2504,#5342);
#5344=EDGE_CURVE('',#2505,#2507,#5343,.T.);
#5345=ORIENTED_EDGE('',*,*,#5344,.T.);
#5346=DIRECTION('',(-0.065401,0.997859,0));
#5347=VECTOR('',#5346,0.327025);
#5348=LINE('',#2506,#5347);
#5349=EDGE_CURVE('',#2507,#2509,#5348,.T.);
#5350=ORIENTED_EDGE('',*,*,#5349,.T.);
#5351=DIRECTION('',(-0.195104,0.980783,0));
#5352=VECTOR('',#5351,0.326993);
#5353=LINE('',#2508,#5352);
#5354=EDGE_CURVE('',#2509,#2511,#5353,.T.);
#5355=ORIENTED_EDGE('',*,*,#5354,.T.);
#5356=DIRECTION('',(-0.321438,0.94693,0));
#5357=VECTOR('',#5356,0.327016);
#5358=LINE('',#2510,#5357);
#5359=EDGE_CURVE('',#2511,#2513,#5358,.T.);
#5360=ORIENTED_EDGE('',*,*,#5359,.T.);
#5361=DIRECTION('',(-0.442273,0.896881,0));
#5362=VECTOR('',#5361,0.327027);
#5363=LINE('',#2512,#5362);
#5364=EDGE_CURVE('',#2513,#2515,#5363,.T.);
#5365=ORIENTED_EDGE('',*,*,#5364,.T.);
#5366=DIRECTION('',(0.555559,-0.831477,0));
#5367=VECTOR('',#5366,0.327022);
#5368=LINE('',#2494,#5367);
#5369=EDGE_CURVE('',#2495,#2515,#5368,.T.);
#5370=ORIENTED_EDGE('',*,*,#5369,.F.);
#5371=DIRECTION('',(-0.659367,0.751822,0));
#5372=VECTOR('',#5371,0.327005);
#5373=LINE('',#2494,#5372);
#5374=EDGE_CURVE('',#2495,#2497,#5373,.T.);
#5375=ORIENTED_EDGE('',*,*,#5374,.T.);
#5376=DIRECTION('',(0.751808,-0.659382,0));
#5377=VECTOR('',#5376,0.327029);
#5378=LINE('',#2492,#5377);
#5379=EDGE_CURVE('',#2493,#2497,#5378,.T.);
#5380=ORIENTED_EDGE('',*,*,#5379,.F.);
#5381=DIRECTION('',(0.831482,-0.555551,0));
#5382=VECTOR('',#5381,0.327011);
#5383=LINE('',#2490,#5382);
#5384=EDGE_CURVE('',#2491,#2493,#5383,.T.);
#5385=ORIENTED_EDGE('',*,*,#5384,.F.);
#5386=DIRECTION('',(-0.896888,0.442258,0));
#5387=VECTOR('',#5386,0.32701);
#5388=LINE('',#2490,#5387);
#5389=EDGE_CURVE('',#2491,#2523,#5388,.T.);
#5390=ORIENTED_EDGE('',*,*,#5389,.T.);
#5391=DIRECTION('',(0.946914,-0.321487,0));
#5392=VECTOR('',#5391,0.327021);
#5393=LINE('',#2520,#5392);
#5394=EDGE_CURVE('',#2521,#2523,#5393,.T.);
#5395=ORIENTED_EDGE('',*,*,#5394,.F.);
#5396=DIRECTION('',(0.980795,-0.195044,0));
#5397=VECTOR('',#5396,0.327013);
#5398=LINE('',#2518,#5397);
#5399=EDGE_CURVE('',#2519,#2521,#5398,.T.);
#5400=ORIENTED_EDGE('',*,*,#5399,.F.);
#5401=DIRECTION('',(0.997858,-0.065418,0));
#5402=VECTOR('',#5401,0.327016);
#5403=LINE('',#2516,#5402);
#5404=EDGE_CURVE('',#2517,#2519,#5403,.T.);
#5405=ORIENTED_EDGE('',*,*,#5404,.F.);
#5406=DIRECTION('',(0.997858,0.065418,0));
#5407=VECTOR('',#5406,0.327016);
#5408=LINE('',#1240,#5407);
#5409=EDGE_CURVE('',#1241,#2517,#5408,.T.);
#5410=ORIENTED_EDGE('',*,*,#5409,.F.);
#5411=DIRECTION('',(0.980795,0.195044,0));
#5412=VECTOR('',#5411,0.327013);
#5413=LINE('',#1238,#5412);
#5414=EDGE_CURVE('',#1239,#1241,#5413,.T.);
#5415=ORIENTED_EDGE('',*,*,#5414,.F.);
#5416=DIRECTION('',(0.946914,0.321487,0));
#5417=VECTOR('',#5416,0.327021);
#5418=LINE('',#1236,#5417);
#5419=EDGE_CURVE('',#1237,#1239,#5418,.T.);
#5420=ORIENTED_EDGE('',*,*,#5419,.F.);
#5421=DIRECTION('',(0.896888,0.442258,0));
#5422=VECTOR('',#5421,0.32701);
#5423=LINE('',#1234,#5422);
#5424=EDGE_CURVE('',#1235,#1237,#5423,.T.);
#5425=ORIENTED_EDGE('',*,*,#5424,.F.);
#5426=DIRECTION('',(0.831482,0.555551,0));
#5427=VECTOR('',#5426,0.327011);
#5428=LINE('',#1232,#5427);
#5429=EDGE_CURVE('',#1233,#1235,#5428,.T.);
#5430=ORIENTED_EDGE('',*,*,#5429,.F.);
#5431=DIRECTION('',(0.751808,0.659382,0));
#5432=VECTOR('',#5431,0.327029);
#5433=LINE('',#1230,#5432);
#5434=EDGE_CURVE('',#1231,#1233,#5433,.T.);
#5435=ORIENTED_EDGE('',*,*,#5434,.F.);
#5436=DIRECTION('',(0.659367,0.751822,0));
#5437=VECTOR('',#5436,0.327005);
#5438=LINE('',#1228,#5437);
#5439=EDGE_CURVE('',#1229,#1231,#5438,.T.);
#5440=ORIENTED_EDGE('',*,*,#5439,.F.);
#5441=DIRECTION('',(0.555559,0.831477,0));
#5442=VECTOR('',#5441,0.327022);
#5443=LINE('',#1212,#5442);
#5444=EDGE_CURVE('',#1213,#1229,#5443,.T.);
#5445=ORIENTED_EDGE('',*,*,#5444,.F.);
#5446=DIRECTION('',(0.442273,0.896881,0));
#5447=VECTOR('',#5446,0.327027);
#5448=LINE('',#1210,#5447);
#5449=EDGE_CURVE('',#1211,#1213,#5448,.T.);
#5450=ORIENTED_EDGE('',*,*,#5449,.F.);
#5451=DIRECTION('',(0.321438,0.94693,0));
#5452=VECTOR('',#5451,0.327016);
#5453=LINE('',#1208,#5452);
#5454=EDGE_CURVE('',#1209,#1211,#5453,.T.);
#5455=ORIENTED_EDGE('',*,*,#5454,.F.);
#5456=EDGE_LOOP('',(#5220,#5225,#5230,#5235,#5240,#5245,#5250,#5255,#5260,#5265,#5270,#5275,#5280,#5285,#5290,#5295,#5300,#5305,#5310,#5315,#5320,#5325,#5330,#5335,#5340,#5345,#5350,#5355,#5360,#5365,#5370,#5375,#5380,#5385,#5390,#5395,#5400,#5405,#5410,#5415,#5420,#5425,#5430,#5435,#5440,#5445,#5450,#5455));
#5457=FACE_BOUND('',#5456,.T.);
#5458=DIRECTION('',(0.555581,0.831463,0));
#5459=VECTOR('',#5458,0.32701);
#5460=LINE('',#1304,#5459);
#5461=EDGE_CURVE('',#1305,#1323,#5460,.T.);
#5462=ORIENTED_EDGE('',*,*,#5461,.T.);
#5463=DIRECTION('',(0.442291,0.896872,0));
#5464=VECTOR('',#5463,0.327014);
#5465=LINE('',#1322,#5464);
#5466=EDGE_CURVE('',#1323,#1325,#5465,.T.);
#5467=ORIENTED_EDGE('',*,*,#5466,.T.);
#5468=DIRECTION('',(0.321438,0.94693,0));
#5469=VECTOR('',#5468,0.327016);
#5470=LINE('',#1324,#5469);
#5471=EDGE_CURVE('',#1325,#1327,#5470,.T.);
#5472=ORIENTED_EDGE('',*,*,#5471,.T.);
#5473=DIRECTION('',(0.195086,0.980786,0));
#5474=VECTOR('',#5473,0.327023);
#5475=LINE('',#1326,#5474);
#5476=EDGE_CURVE('',#1327,#1329,#5475,.T.);
#5477=ORIENTED_EDGE('',*,*,#5476,.T.);
#5478=DIRECTION('',(0.065404,0.997859,0));
#5479=VECTOR('',#5478,0.327009);
#5480=LINE('',#1328,#5479);
#5481=EDGE_CURVE('',#1329,#1331,#5480,.T.);
#5482=ORIENTED_EDGE('',*,*,#5481,.T.);
#5483=DIRECTION('',(-0.065404,0.997859,0));
#5484=VECTOR('',#5483,0.327009);
#5485=LINE('',#1330,#5484);
#5486=EDGE_CURVE('',#1331,#1333,#5485,.T.);
#5487=ORIENTED_EDGE('',*,*,#5486,.T.);
#5488=DIRECTION('',(-0.195086,0.980786,0));
#5489=VECTOR('',#5488,0.327023);
#5490=LINE('',#1332,#5489);
#5491=EDGE_CURVE('',#1333,#1337,#5490,.T.);
#5492=ORIENTED_EDGE('',*,*,#5491,.T.);
#5493=DIRECTION('',(0.321438,-0.94693,0));
#5494=VECTOR('',#5493,0.327016);
#5495=LINE('',#1334,#5494);
#5496=EDGE_CURVE('',#1335,#1337,#5495,.T.);
#5497=ORIENTED_EDGE('',*,*,#5496,.F.);
#5498=DIRECTION('',(-0.442291,0.896872,0));
#5499=VECTOR('',#5498,0.327014);
#5500=LINE('',#1334,#5499);
#5501=EDGE_CURVE('',#1335,#1339,#5500,.T.);
#5502=ORIENTED_EDGE('',*,*,#5501,.T.);
#5503=DIRECTION('',(0.555581,-0.831463,0));
#5504=VECTOR('',#5503,0.32701);
#5505=LINE('',#1320,#5504);
#5506=EDGE_CURVE('',#1321,#1339,#5505,.T.);
#5507=ORIENTED_EDGE('',*,*,#5506,.F.);
#5508=DIRECTION('',(0.659343,-0.751842,0));
#5509=VECTOR('',#5508,0.327017);
#5510=LINE('',#1318,#5509);
#5511=EDGE_CURVE('',#1319,#1321,#5510,.T.);
#5512=ORIENTED_EDGE('',*,*,#5511,.F.);
#5513=DIRECTION('',(0.751831,-0.659355,0));
#5514=VECTOR('',#5513,0.327019);
#5515=LINE('',#1316,#5514);
#5516=EDGE_CURVE('',#1317,#1319,#5515,.T.);
#5517=ORIENTED_EDGE('',*,*,#5516,.F.);
#5518=DIRECTION('',(0.831461,-0.555584,0));
#5519=VECTOR('',#5518,0.327019);
#5520=LINE('',#1314,#5519);
#5521=EDGE_CURVE('',#1315,#1317,#5520,.T.);
#5522=ORIENTED_EDGE('',*,*,#5521,.F.);
#5523=DIRECTION('',(0.896888,-0.442258,0));
#5524=VECTOR('',#5523,0.32701);
#5525=LINE('',#1312,#5524);
#5526=EDGE_CURVE('',#1313,#1315,#5525,.T.);
#5527=ORIENTED_EDGE('',*,*,#5526,.F.);
#5528=DIRECTION('',(0.946928,-0.321445,0));
#5529=VECTOR('',#5528,0.327016);
#5530=LINE('',#1310,#5529);
#5531=EDGE_CURVE('',#1311,#1313,#5530,.T.);
#5532=ORIENTED_EDGE('',*,*,#5531,.F.);
#5533=DIRECTION('',(0.980786,-0.195089,0));
#5534=VECTOR('',#5533,0.327016);
#5535=LINE('',#1308,#5534);
#5536=EDGE_CURVE('',#1309,#1311,#5535,.T.);
#5537=ORIENTED_EDGE('',*,*,#5536,.F.);
#5538=DIRECTION('',(0.997858,-0.065418,0));
#5539=VECTOR('',#5538,0.327016);
#5540=LINE('',#1306,#5539);
#5541=EDGE_CURVE('',#1307,#1309,#5540,.T.);
#5542=ORIENTED_EDGE('',*,*,#5541,.F.);
#5543=DIRECTION('',(0.997858,0.065418,0));
#5544=VECTOR('',#5543,0.327016);
#5545=LINE('',#586,#5544);
#5546=EDGE_CURVE('',#587,#1307,#5545,.T.);
#5547=ORIENTED_EDGE('',*,*,#5546,.F.);
#5548=DIRECTION('',(0.980786,0.195089,0));
#5549=VECTOR('',#5548,0.327016);
#5550=LINE('',#584,#5549);
#5551=EDGE_CURVE('',#585,#587,#5550,.T.);
#5552=ORIENTED_EDGE('',*,*,#5551,.F.);
#5553=DIRECTION('',(0.946928,0.321445,0));
#5554=VECTOR('',#5553,0.327016);
#5555=LINE('',#582,#5554);
#5556=EDGE_CURVE('',#583,#585,#5555,.T.);
#5557=ORIENTED_EDGE('',*,*,#5556,.F.);
#5558=DIRECTION('',(0.896888,0.442258,0));
#5559=VECTOR('',#5558,0.32701);
#5560=LINE('',#580,#5559);
#5561=EDGE_CURVE('',#581,#583,#5560,.T.);
#5562=ORIENTED_EDGE('',*,*,#5561,.F.);
#5563=DIRECTION('',(0.831461,0.555584,0));
#5564=VECTOR('',#5563,0.327019);
#5565=LINE('',#578,#5564);
#5566=EDGE_CURVE('',#579,#581,#5565,.T.);
#5567=ORIENTED_EDGE('',*,*,#5566,.F.);
#5568=DIRECTION('',(0.751831,0.659355,0));
#5569=VECTOR('',#5568,0.327019);
#5570=LINE('',#576,#5569);
#5571=EDGE_CURVE('',#577,#579,#5570,.T.);
#5572=ORIENTED_EDGE('',*,*,#5571,.F.);
#5573=DIRECTION('',(0.659343,0.751842,0));
#5574=VECTOR('',#5573,0.327017);
#5575=LINE('',#574,#5574);
#5576=EDGE_CURVE('',#575,#577,#5575,.T.);
#5577=ORIENTED_EDGE('',*,*,#5576,.F.);
#5578=DIRECTION('',(0.555581,0.831463,0));
#5579=VECTOR('',#5578,0.32701);
#5580=LINE('',#558,#5579);
#5581=EDGE_CURVE('',#559,#575,#5580,.T.);
#5582=ORIENTED_EDGE('',*,*,#5581,.F.);
#5583=DIRECTION('',(0.442291,0.896872,0));
#5584=VECTOR('',#5583,0.327014);
#5585=LINE('',#556,#5584);
#5586=EDGE_CURVE('',#557,#559,#5585,.T.);
#5587=ORIENTED_EDGE('',*,*,#5586,.F.);
#5588=DIRECTION('',(0.321438,0.94693,0));
#5589=VECTOR('',#5588,0.327016);
#5590=LINE('',#554,#5589);
#5591=EDGE_CURVE('',#555,#557,#5590,.T.);
#5592=ORIENTED_EDGE('',*,*,#5591,.F.);
#5593=DIRECTION('',(0.195086,0.980786,0));
#5594=VECTOR('',#5593,0.327023);
#5595=LINE('',#552,#5594);
#5596=EDGE_CURVE('',#553,#555,#5595,.T.);
#5597=ORIENTED_EDGE('',*,*,#5596,.F.);
#5598=DIRECTION('',(0.065404,0.997859,0));
#5599=VECTOR('',#5598,0.327009);
#5600=LINE('',#550,#5599);
#5601=EDGE_CURVE('',#551,#553,#5600,.T.);
#5602=ORIENTED_EDGE('',*,*,#5601,.F.);
#5603=DIRECTION('',(-0.065404,0.997859,0));
#5604=VECTOR('',#5603,0.327009);
#5605=LINE('',#546,#5604);
#5606=EDGE_CURVE('',#547,#551,#5605,.T.);
#5607=ORIENTED_EDGE('',*,*,#5606,.F.);
#5608=DIRECTION('',(-0.195086,0.980786,0));
#5609=VECTOR('',#5608,0.327023);
#5610=LINE('',#544,#5609);
#5611=EDGE_CURVE('',#545,#547,#5610,.T.);
#5612=ORIENTED_EDGE('',*,*,#5611,.F.);
#5613=DIRECTION('',(0.321438,-0.94693,0));
#5614=VECTOR('',#5613,0.327016);
#5615=LINE('',#544,#5614);
#5616=EDGE_CURVE('',#545,#549,#5615,.T.);
#5617=ORIENTED_EDGE('',*,*,#5616,.T.);
#5618=DIRECTION('',(-0.442291,0.896872,0));
#5619=VECTOR('',#5618,0.327014);
#5620=LINE('',#542,#5619);
#5621=EDGE_CURVE('',#543,#549,#5620,.T.);
#5622=ORIENTED_EDGE('',*,*,#5621,.F.);
#5623=DIRECTION('',(0.555581,-0.831463,0));
#5624=VECTOR('',#5623,0.32701);
#5625=LINE('',#542,#5624);
#5626=EDGE_CURVE('',#543,#567,#5625,.T.);
#5627=ORIENTED_EDGE('',*,*,#5626,.T.);
#5628=DIRECTION('',(-0.659343,0.751842,0));
#5629=VECTOR('',#5628,0.327017);
#5630=LINE('',#560,#5629);
#5631=EDGE_CURVE('',#561,#567,#5630,.T.);
#5632=ORIENTED_EDGE('',*,*,#5631,.F.);
#5633=DIRECTION('',(0.751831,-0.659355,0));
#5634=VECTOR('',#5633,0.327019);
#5635=LINE('',#560,#5634);
#5636=EDGE_CURVE('',#561,#563,#5635,.T.);
#5637=ORIENTED_EDGE('',*,*,#5636,.T.);
#5638=DIRECTION('',(0.831461,-0.555584,0));
#5639=VECTOR('',#5638,0.327019);
#5640=LINE('',#562,#5639);
#5641=EDGE_CURVE('',#563,#565,#5640,.T.);
#5642=ORIENTED_EDGE('',*,*,#5641,.T.);
#5643=DIRECTION('',(0.896888,-0.442258,0));
#5644=VECTOR('',#5643,0.32701);
#5645=LINE('',#564,#5644);
#5646=EDGE_CURVE('',#565,#569,#5645,.T.);
#5647=ORIENTED_EDGE('',*,*,#5646,.T.);
#5648=DIRECTION('',(0.946928,-0.321445,0));
#5649=VECTOR('',#5648,0.327016);
#5650=LINE('',#568,#5649);
#5651=EDGE_CURVE('',#569,#571,#5650,.T.);
#5652=ORIENTED_EDGE('',*,*,#5651,.T.);
#5653=DIRECTION('',(0.980786,-0.195089,0));
#5654=VECTOR('',#5653,0.327016);
#5655=LINE('',#570,#5654);
#5656=EDGE_CURVE('',#571,#573,#5655,.T.);
#5657=ORIENTED_EDGE('',*,*,#5656,.T.);
#5658=DIRECTION('',(0.997858,-0.065418,0));
#5659=VECTOR('',#5658,0.327016);
#5660=LINE('',#572,#5659);
#5661=EDGE_CURVE('',#573,#1291,#5660,.T.);
#5662=ORIENTED_EDGE('',*,*,#5661,.T.);
#5663=DIRECTION('',(0.997858,0.065418,0));
#5664=VECTOR('',#5663,0.327016);
#5665=LINE('',#1290,#5664);
#5666=EDGE_CURVE('',#1291,#1293,#5665,.T.);
#5667=ORIENTED_EDGE('',*,*,#5666,.T.);
#5668=DIRECTION('',(0.980786,0.195089,0));
#5669=VECTOR('',#5668,0.327016);
#5670=LINE('',#1292,#5669);
#5671=EDGE_CURVE('',#1293,#1295,#5670,.T.);
#5672=ORIENTED_EDGE('',*,*,#5671,.T.);
#5673=DIRECTION('',(0.946928,0.321445,0));
#5674=VECTOR('',#5673,0.327016);
#5675=LINE('',#1294,#5674);
#5676=EDGE_CURVE('',#1295,#1297,#5675,.T.);
#5677=ORIENTED_EDGE('',*,*,#5676,.T.);
#5678=DIRECTION('',(0.896888,0.442258,0));
#5679=VECTOR('',#5678,0.32701);
#5680=LINE('',#1296,#5679);
#5681=EDGE_CURVE('',#1297,#1299,#5680,.T.);
#5682=ORIENTED_EDGE('',*,*,#5681,.T.);
#5683=DIRECTION('',(0.831461,0.555584,0));
#5684=VECTOR('',#5683,0.327019);
#5685=LINE('',#1298,#5684);
#5686=EDGE_CURVE('',#1299,#1301,#5685,.T.);
#5687=ORIENTED_EDGE('',*,*,#5686,.T.);
#5688=DIRECTION('',(0.751831,0.659355,0));
#5689=VECTOR('',#5688,0.327019);
#5690=LINE('',#1300,#5689);
#5691=EDGE_CURVE('',#1301,#1303,#5690,.T.);
#5692=ORIENTED_EDGE('',*,*,#5691,.T.);
#5693=DIRECTION('',(0.659343,0.751842,0));
#5694=VECTOR('',#5693,0.327017);
#5695=LINE('',#1302,#5694);
#5696=EDGE_CURVE('',#1303,#1305,#5695,.T.);
#5697=ORIENTED_EDGE('',*,*,#5696,.T.);
#5698=EDGE_LOOP('',(#5462,#5467,#5472,#5477,#5482,#5487,#5492,#5497,#5502,#5507,#5512,#5517,#5522,#5527,#5532,#5537,#5542,#5547,#5552,#5557,#5562,#5567,#5572,#5577,#5582,#5587,#5592,#5597,#5602,#5607,#5612,#5617,#5622,#5627,#5632,#5637,#5642,#5647,#5652,#5657,#5662,#5667,#5672,#5677,#5682,#5687,#5692,#5697));
#5699=FACE_BOUND('',#5698,.T.);
#5700=ADVANCED_FACE('',(#2647,#3289,#3931,#4573,#5215,#5457,#5699),#2585,.T.);
#5701=DIRECTION('',(0,1,0));
#5702=DIRECTION('',(0,0,1));
#5703=AXIS2_PLACEMENT_3D('',#624,#5701,#5702);
#5704=PLANE('',#5703);
#5705=DIRECTION('',(1,0,0));
#5706=VECTOR('',#5705,52);
#5707=LINE('',#624,#5706);
#5708=EDGE_CURVE('',#625,#673,#5707,.T.);
#5709=ORIENTED_EDGE('',*,*,#5708,.T.);
#5710=DIRECTION('',(0,0,1));
#5711=VECTOR('',#5710,4.25);
#5712=LINE('',#592,#5711);
#5713=EDGE_CURVE('',#593,#673,#5712,.T.);
#5714=ORIENTED_EDGE('',*,*,#5713,.F.);
#5715=DIRECTION('',(1,0,0));
#5716=VECTOR('',#5715,17);
#5717=LINE('',#590,#5716);
#5718=EDGE_CURVE('',#591,#593,#5717,.T.);
#5719=ORIENTED_EDGE('',*,*,#5718,.F.);
#5720=DIRECTION('',(0,0,1));
#5721=VECTOR('',#5720,0.75);
#5722=LINE('',#588,#5721);
#5723=EDGE_CURVE('',#589,#591,#5722,.T.);
#5724=ORIENTED_EDGE('',*,*,#5723,.F.);
#5725=ORIENTED_EDGE('',*,*,#2644,.F.);
#5726=DIRECTION('',(0,0,1));
#5727=VECTOR('',#5726,5);
#5728=LINE('',#540,#5727);
#5729=EDGE_CURVE('',#541,#625,#5728,.T.);
#5730=ORIENTED_EDGE('',*,*,#5729,.T.);
#5731=EDGE_LOOP('',(#5709,#5714,#5719,#5724,#5725,#5730));
#5732=FACE_OUTER_BOUND('',#5731,.T.);
#5733=ADVANCED_FACE('',(#5732),#5704,.T.);
#5734=DIRECTION('',(0,1,0));
#5735=DIRECTION('',(0,0,1));
#5736=AXIS2_PLACEMENT_3D('',#1872,#5734,#5735);
#5737=PLANE('',#5736);
#5738=ORIENTED_EDGE('',*,*,#2624,.F.);
#5739=DIRECTION('',(0,0,1));
#5740=VECTOR('',#5739,0.75);
#5741=LINE('',#1342,#5740);
#5742=EDGE_CURVE('',#1343,#1345,#5741,.T.);
#5743=ORIENTED_EDGE('',*,*,#5742,.T.);
#5744=DIRECTION('',(1,0,0));
#5745=VECTOR('',#5744,17);
#5746=LINE('',#1340,#5745);
#5747=EDGE_CURVE('',#1341,#1345,#5746,.T.);
#5748=ORIENTED_EDGE('',*,*,#5747,.F.);
#5749=DIRECTION('',(0,0,1));
#5750=VECTOR('',#5749,4.25);
#5751=LINE('',#1340,#5750);
#5752=EDGE_CURVE('',#1341,#1925,#5751,.T.);
#5753=ORIENTED_EDGE('',*,*,#5752,.T.);
#5754=DIRECTION('',(1,0,0));
#5755=VECTOR('',#5754,52);
#5756=LINE('',#1924,#5755);
#5757=EDGE_CURVE('',#1925,#1957,#5756,.T.);
#5758=ORIENTED_EDGE('',*,*,#5757,.T.);
#5759=DIRECTION('',(0,0,1));
#5760=VECTOR('',#5759,5);
#5761=LINE('',#1872,#5760);
#5762=EDGE_CURVE('',#1873,#1957,#5761,.T.);
#5763=ORIENTED_EDGE('',*,*,#5762,.F.);
#5764=EDGE_LOOP('',(#5738,#5743,#5748,#5753,#5758,#5763));
#5765=FACE_OUTER_BOUND('',#5764,.T.);
#5766=ADVANCED_FACE('',(#5765),#5737,.T.);
#5767=DIRECTION('',(-1,0,0));
#5768=DIRECTION('',(0,-0,1));
#5769=AXIS2_PLACEMENT_3D('',#594,#5767,#5768);
#5770=PLANE('',#5769);
#5771=DIRECTION('',(0,1,0));
#5772=VECTOR('',#5771,91.954391);
#5773=LINE('',#594,#5772);
#5774=EDGE_CURVE('',#595,#625,#5773,.T.);
#5775=ORIENTED_EDGE('',*,*,#5774,.T.);
#5776=ORIENTED_EDGE('',*,*,#5729,.F.);
#5777=ORIENTED_EDGE('',*,*,#2639,.F.);
#5778=DIRECTION('',(0,0,1));
#5779=VECTOR('',#5778,5);
#5780=LINE('',#14,#5779);
#5781=EDGE_CURVE('',#15,#595,#5780,.T.);
#5782=ORIENTED_EDGE('',*,*,#5781,.T.);
#5783=EDGE_LOOP('',(#5775,#5776,#5777,#5782));
#5784=FACE_OUTER_BOUND('',#5783,.T.);
#5785=ADVANCED_FACE('',(#5784),#5770,.T.);
#5786=DIRECTION('',(0,-1,0));
#5787=DIRECTION('',(0,0,-1));
#5788=AXIS2_PLACEMENT_3D('',#1946,#5786,#5787);
#5789=PLANE('',#5788);
#5790=DIRECTION('',(1,0,0));
#5791=VECTOR('',#5790,136);
#5792=LINE('',#594,#5791);
#5793=EDGE_CURVE('',#595,#1947,#5792,.T.);
#5794=ORIENTED_EDGE('',*,*,#5793,.F.);
#5795=ORIENTED_EDGE('',*,*,#5781,.F.);
#5796=ORIENTED_EDGE('',*,*,#2634,.T.);
#5797=DIRECTION('',(0,0,1));
#5798=VECTOR('',#5797,5);
#5799=LINE('',#1602,#5798);
#5800=EDGE_CURVE('',#1603,#1947,#5799,.T.);
#5801=ORIENTED_EDGE('',*,*,#5800,.T.);
#5802=EDGE_LOOP('',(#5794,#5795,#5796,#5801));
#5803=FACE_OUTER_BOUND('',#5802,.T.);
#5804=ADVANCED_FACE('',(#5803),#5789,.T.);
#5805=DIRECTION('',(0,0,1));
#5806=DIRECTION('',(0,-1,0));
#5807=AXIS2_PLACEMENT_3D('',#2580,#5805,#5806);
#5808=PLANE('',#5807);
#5809=DIRECTION('',(1,0,0));
#5810=VECTOR('',#5809,32);
#5811=LINE('',#1242,#5810);
#5812=EDGE_CURVE('',#1243,#2581,#5811,.T.);
#5813=ORIENTED_EDGE('',*,*,#5812,.F.);
#5814=DIRECTION('',(0,1,0));
#5815=VECTOR('',#5814,92.210327);
#5816=LINE('',#672,#5815);
#5817=EDGE_CURVE('',#673,#1243,#5816,.T.);
#5818=ORIENTED_EDGE('',*,*,#5817,.F.);
#5819=ORIENTED_EDGE('',*,*,#5708,.F.);
#5820=ORIENTED_EDGE('',*,*,#5774,.F.);
#5821=ORIENTED_EDGE('',*,*,#5793,.T.);
#5822=DIRECTION('',(0,1,0));
#5823=VECTOR('',#5822,91.954391);
#5824=LINE('',#1946,#5823);
#5825=EDGE_CURVE('',#1947,#1957,#5824,.T.);
#5826=ORIENTED_EDGE('',*,*,#5825,.T.);
#5827=ORIENTED_EDGE('',*,*,#5757,.F.);
#5828=DIRECTION('',(0,1,0));
#5829=VECTOR('',#5828,92.210327);
#5830=LINE('',#1924,#5829);
#5831=EDGE_CURVE('',#1925,#2581,#5830,.T.);
#5832=ORIENTED_EDGE('',*,*,#5831,.T.);
#5833=EDGE_LOOP('',(#5813,#5818,#5819,#5820,#5821,#5826,#5827,#5832));
#5834=FACE_OUTER_BOUND('',#5833,.T.);
#5835=DIRECTION('',(1,0,0));
#5836=VECTOR('',#5835,12);
#5837=LINE('',#604,#5836);
#5838=EDGE_CURVE('',#605,#621,#5837,.T.);
#5839=ORIENTED_EDGE('',*,*,#5838,.T.);
#5840=DIRECTION('',(0,1,0));
#5841=VECTOR('',#5840,10);
#5842=LINE('',#616,#5841);
#5843=EDGE_CURVE('',#617,#621,#5842,.T.);
#5844=ORIENTED_EDGE('',*,*,#5843,.F.);
#5845=DIRECTION('',(1,0,0));
#5846=VECTOR('',#5845,12);
#5847=LINE('',#600,#5846);
#5848=EDGE_CURVE('',#601,#617,#5847,.T.);
#5849=ORIENTED_EDGE('',*,*,#5848,.F.);
#5850=DIRECTION('',(0,1,0));
#5851=VECTOR('',#5850,10);
#5852=LINE('',#600,#5851);
#5853=EDGE_CURVE('',#601,#605,#5852,.T.);
#5854=ORIENTED_EDGE('',*,*,#5853,.T.);
#5855=EDGE_LOOP('',(#5839,#5844,#5849,#5854));
#5856=FACE_BOUND('',#5855,.T.);
#5857=DIRECTION('',(1,0,0));
#5858=VECTOR('',#5857,12);
#5859=LINE('',#1938,#5858);
#5860=EDGE_CURVE('',#1939,#1953,#5859,.T.);
#5861=ORIENTED_EDGE('',*,*,#5860,.T.);
#5862=DIRECTION('',(0,1,0));
#5863=VECTOR('',#5862,10);
#5864=LINE('',#1948,#5863);
#5865=EDGE_CURVE('',#1949,#1953,#5864,.T.);
#5866=ORIENTED_EDGE('',*,*,#5865,.F.);
#5867=DIRECTION('',(1,0,0));
#5868=VECTOR('',#5867,12);
#5869=LINE('',#1934,#5868);
#5870=EDGE_CURVE('',#1935,#1949,#5869,.T.);
#5871=ORIENTED_EDGE('',*,*,#5870,.F.);
#5872=DIRECTION('',(0,1,0));
#5873=VECTOR('',#5872,10);
#5874=LINE('',#1934,#5873);
#5875=EDGE_CURVE('',#1935,#1939,#5874,.T.);
#5876=ORIENTED_EDGE('',*,*,#5875,.T.);
#5877=EDGE_LOOP('',(#5861,#5866,#5871,#5876));
#5878=FACE_BOUND('',#5877,.T.);
#5879=DIRECTION('',(0.866026,-0.499999,0));
#5880=VECTOR('',#5879,4.878606);
#5881=LINE('',#610,#5880);
#5882=EDGE_CURVE('',#611,#615,#5881,.T.);
#5883=ORIENTED_EDGE('',*,*,#5882,.T.);
#5884=DIRECTION('',(0,1,0));
#5885=VECTOR('',#5884,4.878601);
#5886=LINE('',#612,#5885);
#5887=EDGE_CURVE('',#613,#615,#5886,.T.);
#5888=ORIENTED_EDGE('',*,*,#5887,.F.);
#5889=DIRECTION('',(0.866024,0.500002,0));
#5890=VECTOR('',#5889,4.878614);
#5891=LINE('',#608,#5890);
#5892=EDGE_CURVE('',#609,#613,#5891,.T.);
#5893=ORIENTED_EDGE('',*,*,#5892,.F.);
#5894=DIRECTION('',(0.866024,-0.500002,0));
#5895=VECTOR('',#5894,4.878614);
#5896=LINE('',#596,#5895);
#5897=EDGE_CURVE('',#597,#609,#5896,.T.);
#5898=ORIENTED_EDGE('',*,*,#5897,.F.);
#5899=DIRECTION('',(0,1,0));
#5900=VECTOR('',#5899,4.878601);
#5901=LINE('',#596,#5900);
#5902=EDGE_CURVE('',#597,#599,#5901,.T.);
#5903=ORIENTED_EDGE('',*,*,#5902,.T.);
#5904=DIRECTION('',(0.866026,0.499999,0));
#5905=VECTOR('',#5904,4.878606);
#5906=LINE('',#598,#5905);
#5907=EDGE_CURVE('',#599,#611,#5906,.T.);
#5908=ORIENTED_EDGE('',*,*,#5907,.T.);
#5909=EDGE_LOOP('',(#5883,#5888,#5893,#5898,#5903,#5908));
#5910=FACE_BOUND('',#5909,.T.);
#5911=DIRECTION('',(0,1,0));
#5912=VECTOR('',#5911,4.878601);
#5913=LINE('',#1926,#5912);
#5914=EDGE_CURVE('',#1927,#1929,#5913,.T.);
#5915=ORIENTED_EDGE('',*,*,#5914,.T.);
#5916=DIRECTION('',(0.866026,0.499999,0));
#5917=VECTOR('',#5916,4.878606);
#5918=LINE('',#1928,#5917);
#5919=EDGE_CURVE('',#1929,#1933,#5918,.T.);
#5920=ORIENTED_EDGE('',*,*,#5919,.T.);
#5921=DIRECTION('',(0.866026,-0.499999,0));
#5922=VECTOR('',#5921,4.878606);
#5923=LINE('',#1932,#5922);
#5924=EDGE_CURVE('',#1933,#1945,#5923,.T.);
#5925=ORIENTED_EDGE('',*,*,#5924,.T.);
#5926=DIRECTION('',(0,1,0));
#5927=VECTOR('',#5926,4.878601);
#5928=LINE('',#1942,#5927);
#5929=EDGE_CURVE('',#1943,#1945,#5928,.T.);
#5930=ORIENTED_EDGE('',*,*,#5929,.F.);
#5931=DIRECTION('',(0.866024,0.500002,0));
#5932=VECTOR('',#5931,4.878614);
#5933=LINE('',#1930,#5932);
#5934=EDGE_CURVE('',#1931,#1943,#5933,.T.);
#5935=ORIENTED_EDGE('',*,*,#5934,.F.);
#5936=DIRECTION('',(0.866024,-0.500002,0));
#5937=VECTOR('',#5936,4.878614);
#5938=LINE('',#1926,#5937);
#5939=EDGE_CURVE('',#1927,#1931,#5938,.T.);
#5940=ORIENTED_EDGE('',*,*,#5939,.F.);
#5941=EDGE_LOOP('',(#5915,#5920,#5925,#5930,#5935,#5940));
#5942=FACE_BOUND('',#5941,.T.);
#5943=DIRECTION('',(0.321438,0.94693,0));
#5944=VECTOR('',#5943,0.327016);
#5945=LINE('',#1256,#5944);
#5946=EDGE_CURVE('',#1257,#1259,#5945,.T.);
#5947=ORIENTED_EDGE('',*,*,#5946,.T.);
#5948=DIRECTION('',(0.442273,0.896881,0));
#5949=VECTOR('',#5948,0.327027);
#5950=LINE('',#1258,#5949);
#5951=EDGE_CURVE('',#1259,#1261,#5950,.T.);
#5952=ORIENTED_EDGE('',*,*,#5951,.T.);
#5953=DIRECTION('',(0.555559,0.831477,0));
#5954=VECTOR('',#5953,0.327022);
#5955=LINE('',#1260,#5954);
#5956=EDGE_CURVE('',#1261,#1277,#5955,.T.);
#5957=ORIENTED_EDGE('',*,*,#5956,.T.);
#5958=DIRECTION('',(0.659367,0.751822,0));
#5959=VECTOR('',#5958,0.327005);
#5960=LINE('',#1276,#5959);
#5961=EDGE_CURVE('',#1277,#1279,#5960,.T.);
#5962=ORIENTED_EDGE('',*,*,#5961,.T.);
#5963=DIRECTION('',(0.751808,0.659382,0));
#5964=VECTOR('',#5963,0.327029);
#5965=LINE('',#1278,#5964);
#5966=EDGE_CURVE('',#1279,#1281,#5965,.T.);
#5967=ORIENTED_EDGE('',*,*,#5966,.T.);
#5968=DIRECTION('',(0.831482,0.555551,0));
#5969=VECTOR('',#5968,0.327011);
#5970=LINE('',#1280,#5969);
#5971=EDGE_CURVE('',#1281,#1283,#5970,.T.);
#5972=ORIENTED_EDGE('',*,*,#5971,.T.);
#5973=DIRECTION('',(0.896888,0.442258,0));
#5974=VECTOR('',#5973,0.32701);
#5975=LINE('',#1282,#5974);
#5976=EDGE_CURVE('',#1283,#1285,#5975,.T.);
#5977=ORIENTED_EDGE('',*,*,#5976,.T.);
#5978=DIRECTION('',(0.946914,0.321487,0));
#5979=VECTOR('',#5978,0.327021);
#5980=LINE('',#1284,#5979);
#5981=EDGE_CURVE('',#1285,#1287,#5980,.T.);
#5982=ORIENTED_EDGE('',*,*,#5981,.T.);
#5983=DIRECTION('',(0.980795,0.195044,0));
#5984=VECTOR('',#5983,0.327013);
#5985=LINE('',#1286,#5984);
#5986=EDGE_CURVE('',#1287,#1289,#5985,.T.);
#5987=ORIENTED_EDGE('',*,*,#5986,.T.);
#5988=DIRECTION('',(0.997858,0.065418,0));
#5989=VECTOR('',#5988,0.327016);
#5990=LINE('',#1288,#5989);
#5991=EDGE_CURVE('',#1289,#2573,#5990,.T.);
#5992=ORIENTED_EDGE('',*,*,#5991,.T.);
#5993=DIRECTION('',(0.997858,-0.065418,0));
#5994=VECTOR('',#5993,0.327016);
#5995=LINE('',#2572,#5994);
#5996=EDGE_CURVE('',#2573,#2575,#5995,.T.);
#5997=ORIENTED_EDGE('',*,*,#5996,.T.);
#5998=DIRECTION('',(0.980795,-0.195044,0));
#5999=VECTOR('',#5998,0.327013);
#6000=LINE('',#2574,#5999);
#6001=EDGE_CURVE('',#2575,#2577,#6000,.T.);
#6002=ORIENTED_EDGE('',*,*,#6001,.T.);
#6003=DIRECTION('',(0.946914,-0.321487,0));
#6004=VECTOR('',#6003,0.327021);
#6005=LINE('',#2576,#6004);
#6006=EDGE_CURVE('',#2577,#2579,#6005,.T.);
#6007=ORIENTED_EDGE('',*,*,#6006,.T.);
#6008=DIRECTION('',(-0.896888,0.442258,0));
#6009=VECTOR('',#6008,0.32701);
#6010=LINE('',#2546,#6009);
#6011=EDGE_CURVE('',#2547,#2579,#6010,.T.);
#6012=ORIENTED_EDGE('',*,*,#6011,.F.);
#6013=DIRECTION('',(0.831482,-0.555551,0));
#6014=VECTOR('',#6013,0.327011);
#6015=LINE('',#2546,#6014);
#6016=EDGE_CURVE('',#2547,#2549,#6015,.T.);
#6017=ORIENTED_EDGE('',*,*,#6016,.T.);
#6018=DIRECTION('',(0.751808,-0.659382,0));
#6019=VECTOR('',#6018,0.327029);
#6020=LINE('',#2548,#6019);
#6021=EDGE_CURVE('',#2549,#2553,#6020,.T.);
#6022=ORIENTED_EDGE('',*,*,#6021,.T.);
#6023=DIRECTION('',(-0.659367,0.751822,0));
#6024=VECTOR('',#6023,0.327005);
#6025=LINE('',#2550,#6024);
#6026=EDGE_CURVE('',#2551,#2553,#6025,.T.);
#6027=ORIENTED_EDGE('',*,*,#6026,.F.);
#6028=DIRECTION('',(0.555559,-0.831477,0));
#6029=VECTOR('',#6028,0.327022);
#6030=LINE('',#2550,#6029);
#6031=EDGE_CURVE('',#2551,#2571,#6030,.T.);
#6032=ORIENTED_EDGE('',*,*,#6031,.T.);
#6033=DIRECTION('',(-0.442273,0.896881,0));
#6034=VECTOR('',#6033,0.327027);
#6035=LINE('',#2568,#6034);
#6036=EDGE_CURVE('',#2569,#2571,#6035,.T.);
#6037=ORIENTED_EDGE('',*,*,#6036,.F.);
#6038=DIRECTION('',(-0.321438,0.94693,0));
#6039=VECTOR('',#6038,0.327016);
#6040=LINE('',#2566,#6039);
#6041=EDGE_CURVE('',#2567,#2569,#6040,.T.);
#6042=ORIENTED_EDGE('',*,*,#6041,.F.);
#6043=DIRECTION('',(-0.195104,0.980783,0));
#6044=VECTOR('',#6043,0.326993);
#6045=LINE('',#2564,#6044);
#6046=EDGE_CURVE('',#2565,#2567,#6045,.T.);
#6047=ORIENTED_EDGE('',*,*,#6046,.F.);
#6048=DIRECTION('',(-0.065401,0.997859,0));
#6049=VECTOR('',#6048,0.327025);
#6050=LINE('',#2562,#6049);
#6051=EDGE_CURVE('',#2563,#2565,#6050,.T.);
#6052=ORIENTED_EDGE('',*,*,#6051,.F.);
#6053=DIRECTION('',(0.065401,0.997859,0));
#6054=VECTOR('',#6053,0.327025);
#6055=LINE('',#2560,#6054);
#6056=EDGE_CURVE('',#2561,#2563,#6055,.T.);
#6057=ORIENTED_EDGE('',*,*,#6056,.F.);
#6058=DIRECTION('',(0.195104,0.980783,0));
#6059=VECTOR('',#6058,0.326993);
#6060=LINE('',#2558,#6059);
#6061=EDGE_CURVE('',#2559,#2561,#6060,.T.);
#6062=ORIENTED_EDGE('',*,*,#6061,.F.);
#6063=DIRECTION('',(0.321438,0.94693,0));
#6064=VECTOR('',#6063,0.327016);
#6065=LINE('',#2556,#6064);
#6066=EDGE_CURVE('',#2557,#2559,#6065,.T.);
#6067=ORIENTED_EDGE('',*,*,#6066,.F.);
#6068=DIRECTION('',(0.442273,0.896881,0));
#6069=VECTOR('',#6068,0.327027);
#6070=LINE('',#2554,#6069);
#6071=EDGE_CURVE('',#2555,#2557,#6070,.T.);
#6072=ORIENTED_EDGE('',*,*,#6071,.F.);
#6073=DIRECTION('',(0.555559,0.831477,0));
#6074=VECTOR('',#6073,0.327022);
#6075=LINE('',#2544,#6074);
#6076=EDGE_CURVE('',#2545,#2555,#6075,.T.);
#6077=ORIENTED_EDGE('',*,*,#6076,.F.);
#6078=DIRECTION('',(0.659367,0.751822,0));
#6079=VECTOR('',#6078,0.327005);
#6080=LINE('',#2542,#6079);
#6081=EDGE_CURVE('',#2543,#2545,#6080,.T.);
#6082=ORIENTED_EDGE('',*,*,#6081,.F.);
#6083=DIRECTION('',(0.751808,0.659382,0));
#6084=VECTOR('',#6083,0.327029);
#6085=LINE('',#2540,#6084);
#6086=EDGE_CURVE('',#2541,#2543,#6085,.T.);
#6087=ORIENTED_EDGE('',*,*,#6086,.F.);
#6088=DIRECTION('',(0.831482,0.555551,0));
#6089=VECTOR('',#6088,0.327011);
#6090=LINE('',#2538,#6089);
#6091=EDGE_CURVE('',#2539,#2541,#6090,.T.);
#6092=ORIENTED_EDGE('',*,*,#6091,.F.);
#6093=DIRECTION('',(0.896888,0.442258,0));
#6094=VECTOR('',#6093,0.32701);
#6095=LINE('',#2536,#6094);
#6096=EDGE_CURVE('',#2537,#2539,#6095,.T.);
#6097=ORIENTED_EDGE('',*,*,#6096,.F.);
#6098=DIRECTION('',(0.946914,0.321487,0));
#6099=VECTOR('',#6098,0.327021);
#6100=LINE('',#2534,#6099);
#6101=EDGE_CURVE('',#2535,#2537,#6100,.T.);
#6102=ORIENTED_EDGE('',*,*,#6101,.F.);
#6103=DIRECTION('',(0.980795,0.195044,0));
#6104=VECTOR('',#6103,0.327013);
#6105=LINE('',#2532,#6104);
#6106=EDGE_CURVE('',#2533,#2535,#6105,.T.);
#6107=ORIENTED_EDGE('',*,*,#6106,.F.);
#6108=DIRECTION('',(0.997858,0.065418,0));
#6109=VECTOR('',#6108,0.327016);
#6110=LINE('',#2530,#6109);
#6111=EDGE_CURVE('',#2531,#2533,#6110,.T.);
#6112=ORIENTED_EDGE('',*,*,#6111,.F.);
#6113=DIRECTION('',(0.997858,-0.065418,0));
#6114=VECTOR('',#6113,0.327016);
#6115=LINE('',#1274,#6114);
#6116=EDGE_CURVE('',#1275,#2531,#6115,.T.);
#6117=ORIENTED_EDGE('',*,*,#6116,.F.);
#6118=DIRECTION('',(0.980795,-0.195044,0));
#6119=VECTOR('',#6118,0.327013);
#6120=LINE('',#1272,#6119);
#6121=EDGE_CURVE('',#1273,#1275,#6120,.T.);
#6122=ORIENTED_EDGE('',*,*,#6121,.F.);
#6123=DIRECTION('',(0.946914,-0.321487,0));
#6124=VECTOR('',#6123,0.327021);
#6125=LINE('',#1270,#6124);
#6126=EDGE_CURVE('',#1271,#1273,#6125,.T.);
#6127=ORIENTED_EDGE('',*,*,#6126,.F.);
#6128=DIRECTION('',(0.896888,-0.442258,0));
#6129=VECTOR('',#6128,0.32701);
#6130=LINE('',#1262,#6129);
#6131=EDGE_CURVE('',#1263,#1271,#6130,.T.);
#6132=ORIENTED_EDGE('',*,*,#6131,.F.);
#6133=DIRECTION('',(-0.831482,0.555551,0));
#6134=VECTOR('',#6133,0.327011);
#6135=LINE('',#1262,#6134);
#6136=EDGE_CURVE('',#1263,#1269,#6135,.T.);
#6137=ORIENTED_EDGE('',*,*,#6136,.T.);
#6138=DIRECTION('',(0.751808,-0.659382,0));
#6139=VECTOR('',#6138,0.327029);
#6140=LINE('',#1266,#6139);
#6141=EDGE_CURVE('',#1267,#1269,#6140,.T.);
#6142=ORIENTED_EDGE('',*,*,#6141,.F.);
#6143=DIRECTION('',(0.659367,-0.751822,0));
#6144=VECTOR('',#6143,0.327005);
#6145=LINE('',#1264,#6144);
#6146=EDGE_CURVE('',#1265,#1267,#6145,.T.);
#6147=ORIENTED_EDGE('',*,*,#6146,.F.);
#6148=DIRECTION('',(0.555559,-0.831477,0));
#6149=VECTOR('',#6148,0.327022);
#6150=LINE('',#1246,#6149);
#6151=EDGE_CURVE('',#1247,#1265,#6150,.T.);
#6152=ORIENTED_EDGE('',*,*,#6151,.F.);
#6153=DIRECTION('',(-0.442273,0.896881,0));
#6154=VECTOR('',#6153,0.327027);
#6155=LINE('',#1246,#6154);
#6156=EDGE_CURVE('',#1247,#1249,#6155,.T.);
#6157=ORIENTED_EDGE('',*,*,#6156,.T.);
#6158=DIRECTION('',(0.321438,-0.94693,0));
#6159=VECTOR('',#6158,0.327016);
#6160=LINE('',#1244,#6159);
#6161=EDGE_CURVE('',#1245,#1249,#6160,.T.);
#6162=ORIENTED_EDGE('',*,*,#6161,.F.);
#6163=DIRECTION('',(-0.195104,0.980783,0));
#6164=VECTOR('',#6163,0.326993);
#6165=LINE('',#1244,#6164);
#6166=EDGE_CURVE('',#1245,#1251,#6165,.T.);
#6167=ORIENTED_EDGE('',*,*,#6166,.T.);
#6168=DIRECTION('',(-0.065401,0.997859,0));
#6169=VECTOR('',#6168,0.327025);
#6170=LINE('',#1250,#6169);
#6171=EDGE_CURVE('',#1251,#1253,#6170,.T.);
#6172=ORIENTED_EDGE('',*,*,#6171,.T.);
#6173=DIRECTION('',(0.065401,0.997859,0));
#6174=VECTOR('',#6173,0.327025);
#6175=LINE('',#1252,#6174);
#6176=EDGE_CURVE('',#1253,#1255,#6175,.T.);
#6177=ORIENTED_EDGE('',*,*,#6176,.T.);
#6178=DIRECTION('',(0.195104,0.980783,0));
#6179=VECTOR('',#6178,0.326993);
#6180=LINE('',#1254,#6179);
#6181=EDGE_CURVE('',#1255,#1257,#6180,.T.);
#6182=ORIENTED_EDGE('',*,*,#6181,.T.);
#6183=EDGE_LOOP('',(#5947,#5952,#5957,#5962,#5967,#5972,#5977,#5982,#5987,#5992,#5997,#6002,#6007,#6012,#6017,#6022,#6027,#6032,#6037,#6042,#6047,#6052,#6057,#6062,#6067,#6072,#6077,#6082,#6087,#6092,#6097,#6102,#6107,#6112,#6117,#6122,#6127,#6132,#6137,#6142,#6147,#6152,#6157,#6162,#6167,#6172,#6177,#6182));
#6184=FACE_BOUND('',#6183,.T.);
#6185=DIRECTION('',(0.751831,-0.659355,0));
#6186=VECTOR('',#6185,0.327019);
#6187=LINE('',#644,#6186);
#6188=EDGE_CURVE('',#645,#647,#6187,.T.);
#6189=ORIENTED_EDGE('',*,*,#6188,.F.);
#6190=DIRECTION('',(-0.659343,0.751842,0));
#6191=VECTOR('',#6190,0.327017);
#6192=LINE('',#644,#6191);
#6193=EDGE_CURVE('',#645,#651,#6192,.T.);
#6194=ORIENTED_EDGE('',*,*,#6193,.T.);
#6195=DIRECTION('',(0.555581,-0.831463,0));
#6196=VECTOR('',#6195,0.32701);
#6197=LINE('',#626,#6196);
#6198=EDGE_CURVE('',#627,#651,#6197,.T.);
#6199=ORIENTED_EDGE('',*,*,#6198,.F.);
#6200=DIRECTION('',(-0.442291,0.896872,0));
#6201=VECTOR('',#6200,0.327014);
#6202=LINE('',#626,#6201);
#6203=EDGE_CURVE('',#627,#633,#6202,.T.);
#6204=ORIENTED_EDGE('',*,*,#6203,.T.);
#6205=DIRECTION('',(0.321438,-0.94693,0));
#6206=VECTOR('',#6205,0.327016);
#6207=LINE('',#628,#6206);
#6208=EDGE_CURVE('',#629,#633,#6207,.T.);
#6209=ORIENTED_EDGE('',*,*,#6208,.F.);
#6210=DIRECTION('',(-0.195086,0.980786,0));
#6211=VECTOR('',#6210,0.327023);
#6212=LINE('',#628,#6211);
#6213=EDGE_CURVE('',#629,#631,#6212,.T.);
#6214=ORIENTED_EDGE('',*,*,#6213,.T.);
#6215=DIRECTION('',(-0.065404,0.997859,0));
#6216=VECTOR('',#6215,0.327009);
#6217=LINE('',#630,#6216);
#6218=EDGE_CURVE('',#631,#635,#6217,.T.);
#6219=ORIENTED_EDGE('',*,*,#6218,.T.);
#6220=DIRECTION('',(0.065404,0.997859,0));
#6221=VECTOR('',#6220,0.327009);
#6222=LINE('',#634,#6221);
#6223=EDGE_CURVE('',#635,#637,#6222,.T.);
#6224=ORIENTED_EDGE('',*,*,#6223,.T.);
#6225=DIRECTION('',(0.195086,0.980786,0));
#6226=VECTOR('',#6225,0.327023);
#6227=LINE('',#636,#6226);
#6228=EDGE_CURVE('',#637,#639,#6227,.T.);
#6229=ORIENTED_EDGE('',*,*,#6228,.T.);
#6230=DIRECTION('',(0.321438,0.94693,0));
#6231=VECTOR('',#6230,0.327016);
#6232=LINE('',#638,#6231);
#6233=EDGE_CURVE('',#639,#641,#6232,.T.);
#6234=ORIENTED_EDGE('',*,*,#6233,.T.);
#6235=DIRECTION('',(0.442291,0.896872,0));
#6236=VECTOR('',#6235,0.327014);
#6237=LINE('',#640,#6236);
#6238=EDGE_CURVE('',#641,#643,#6237,.T.);
#6239=ORIENTED_EDGE('',*,*,#6238,.T.);
#6240=DIRECTION('',(0.555581,0.831463,0));
#6241=VECTOR('',#6240,0.32701);
#6242=LINE('',#642,#6241);
#6243=EDGE_CURVE('',#643,#659,#6242,.T.);
#6244=ORIENTED_EDGE('',*,*,#6243,.T.);
#6245=DIRECTION('',(0.659343,0.751842,0));
#6246=VECTOR('',#6245,0.327017);
#6247=LINE('',#658,#6246);
#6248=EDGE_CURVE('',#659,#661,#6247,.T.);
#6249=ORIENTED_EDGE('',*,*,#6248,.T.);
#6250=DIRECTION('',(0.751831,0.659355,0));
#6251=VECTOR('',#6250,0.327019);
#6252=LINE('',#660,#6251);
#6253=EDGE_CURVE('',#661,#663,#6252,.T.);
#6254=ORIENTED_EDGE('',*,*,#6253,.T.);
#6255=DIRECTION('',(0.831461,0.555584,0));
#6256=VECTOR('',#6255,0.327019);
#6257=LINE('',#662,#6256);
#6258=EDGE_CURVE('',#663,#665,#6257,.T.);
#6259=ORIENTED_EDGE('',*,*,#6258,.T.);
#6260=DIRECTION('',(0.896888,0.442258,0));
#6261=VECTOR('',#6260,0.32701);
#6262=LINE('',#664,#6261);
#6263=EDGE_CURVE('',#665,#667,#6262,.T.);
#6264=ORIENTED_EDGE('',*,*,#6263,.T.);
#6265=DIRECTION('',(0.946928,0.321445,0));
#6266=VECTOR('',#6265,0.327016);
#6267=LINE('',#666,#6266);
#6268=EDGE_CURVE('',#667,#669,#6267,.T.);
#6269=ORIENTED_EDGE('',*,*,#6268,.T.);
#6270=DIRECTION('',(0.980786,0.195089,0));
#6271=VECTOR('',#6270,0.327016);
#6272=LINE('',#668,#6271);
#6273=EDGE_CURVE('',#669,#671,#6272,.T.);
#6274=ORIENTED_EDGE('',*,*,#6273,.T.);
#6275=DIRECTION('',(0.997858,0.065418,0));
#6276=VECTOR('',#6275,0.327016);
#6277=LINE('',#670,#6276);
#6278=EDGE_CURVE('',#671,#1891,#6277,.T.);
#6279=ORIENTED_EDGE('',*,*,#6278,.T.);
#6280=DIRECTION('',(0.997858,-0.065418,0));
#6281=VECTOR('',#6280,0.327016);
#6282=LINE('',#1890,#6281);
#6283=EDGE_CURVE('',#1891,#1893,#6282,.T.);
#6284=ORIENTED_EDGE('',*,*,#6283,.T.);
#6285=DIRECTION('',(0.980786,-0.195089,0));
#6286=VECTOR('',#6285,0.327016);
#6287=LINE('',#1892,#6286);
#6288=EDGE_CURVE('',#1893,#1895,#6287,.T.);
#6289=ORIENTED_EDGE('',*,*,#6288,.T.);
#6290=DIRECTION('',(0.946928,-0.321445,0));
#6291=VECTOR('',#6290,0.327016);
#6292=LINE('',#1894,#6291);
#6293=EDGE_CURVE('',#1895,#1897,#6292,.T.);
#6294=ORIENTED_EDGE('',*,*,#6293,.T.);
#6295=DIRECTION('',(0.896888,-0.442258,0));
#6296=VECTOR('',#6295,0.32701);
#6297=LINE('',#1896,#6296);
#6298=EDGE_CURVE('',#1897,#1899,#6297,.T.);
#6299=ORIENTED_EDGE('',*,*,#6298,.T.);
#6300=DIRECTION('',(0.831461,-0.555584,0));
#6301=VECTOR('',#6300,0.327019);
#6302=LINE('',#1898,#6301);
#6303=EDGE_CURVE('',#1899,#1901,#6302,.T.);
#6304=ORIENTED_EDGE('',*,*,#6303,.T.);
#6305=DIRECTION('',(0.751831,-0.659355,0));
#6306=VECTOR('',#6305,0.327019);
#6307=LINE('',#1900,#6306);
#6308=EDGE_CURVE('',#1901,#1903,#6307,.T.);
#6309=ORIENTED_EDGE('',*,*,#6308,.T.);
#6310=DIRECTION('',(0.659343,-0.751842,0));
#6311=VECTOR('',#6310,0.327017);
#6312=LINE('',#1902,#6311);
#6313=EDGE_CURVE('',#1903,#1905,#6312,.T.);
#6314=ORIENTED_EDGE('',*,*,#6313,.T.);
#6315=DIRECTION('',(0.555581,-0.831463,0));
#6316=VECTOR('',#6315,0.32701);
#6317=LINE('',#1904,#6316);
#6318=EDGE_CURVE('',#1905,#1923,#6317,.T.);
#6319=ORIENTED_EDGE('',*,*,#6318,.T.);
#6320=DIRECTION('',(-0.442291,0.896872,0));
#6321=VECTOR('',#6320,0.327014);
#6322=LINE('',#1918,#6321);
#6323=EDGE_CURVE('',#1919,#1923,#6322,.T.);
#6324=ORIENTED_EDGE('',*,*,#6323,.F.);
#6325=DIRECTION('',(0.321438,-0.94693,0));
#6326=VECTOR('',#6325,0.327016);
#6327=LINE('',#1918,#6326);
#6328=EDGE_CURVE('',#1919,#1921,#6327,.T.);
#6329=ORIENTED_EDGE('',*,*,#6328,.T.);
#6330=DIRECTION('',(-0.195086,0.980786,0));
#6331=VECTOR('',#6330,0.327023);
#6332=LINE('',#1916,#6331);
#6333=EDGE_CURVE('',#1917,#1921,#6332,.T.);
#6334=ORIENTED_EDGE('',*,*,#6333,.F.);
#6335=DIRECTION('',(-0.065404,0.997859,0));
#6336=VECTOR('',#6335,0.327009);
#6337=LINE('',#1914,#6336);
#6338=EDGE_CURVE('',#1915,#1917,#6337,.T.);
#6339=ORIENTED_EDGE('',*,*,#6338,.F.);
#6340=DIRECTION('',(0.065404,0.997859,0));
#6341=VECTOR('',#6340,0.327009);
#6342=LINE('',#1912,#6341);
#6343=EDGE_CURVE('',#1913,#1915,#6342,.T.);
#6344=ORIENTED_EDGE('',*,*,#6343,.F.);
#6345=DIRECTION('',(0.195086,0.980786,0));
#6346=VECTOR('',#6345,0.327023);
#6347=LINE('',#1910,#6346);
#6348=EDGE_CURVE('',#1911,#1913,#6347,.T.);
#6349=ORIENTED_EDGE('',*,*,#6348,.F.);
#6350=DIRECTION('',(0.321438,0.94693,0));
#6351=VECTOR('',#6350,0.327016);
#6352=LINE('',#1908,#6351);
#6353=EDGE_CURVE('',#1909,#1911,#6352,.T.);
#6354=ORIENTED_EDGE('',*,*,#6353,.F.);
#6355=DIRECTION('',(0.442291,0.896872,0));
#6356=VECTOR('',#6355,0.327014);
#6357=LINE('',#1906,#6356);
#6358=EDGE_CURVE('',#1907,#1909,#6357,.T.);
#6359=ORIENTED_EDGE('',*,*,#6358,.F.);
#6360=DIRECTION('',(0.555581,0.831463,0));
#6361=VECTOR('',#6360,0.32701);
#6362=LINE('',#1888,#6361);
#6363=EDGE_CURVE('',#1889,#1907,#6362,.T.);
#6364=ORIENTED_EDGE('',*,*,#6363,.F.);
#6365=DIRECTION('',(0.659343,0.751842,0));
#6366=VECTOR('',#6365,0.327017);
#6367=LINE('',#1886,#6366);
#6368=EDGE_CURVE('',#1887,#1889,#6367,.T.);
#6369=ORIENTED_EDGE('',*,*,#6368,.F.);
#6370=DIRECTION('',(0.751831,0.659355,0));
#6371=VECTOR('',#6370,0.327019);
#6372=LINE('',#1884,#6371);
#6373=EDGE_CURVE('',#1885,#1887,#6372,.T.);
#6374=ORIENTED_EDGE('',*,*,#6373,.F.);
#6375=DIRECTION('',(0.831461,0.555584,0));
#6376=VECTOR('',#6375,0.327019);
#6377=LINE('',#1882,#6376);
#6378=EDGE_CURVE('',#1883,#1885,#6377,.T.);
#6379=ORIENTED_EDGE('',*,*,#6378,.F.);
#6380=DIRECTION('',(0.896888,0.442258,0));
#6381=VECTOR('',#6380,0.32701);
#6382=LINE('',#1880,#6381);
#6383=EDGE_CURVE('',#1881,#1883,#6382,.T.);
#6384=ORIENTED_EDGE('',*,*,#6383,.F.);
#6385=DIRECTION('',(0.946928,0.321445,0));
#6386=VECTOR('',#6385,0.327016);
#6387=LINE('',#1878,#6386);
#6388=EDGE_CURVE('',#1879,#1881,#6387,.T.);
#6389=ORIENTED_EDGE('',*,*,#6388,.F.);
#6390=DIRECTION('',(0.980786,0.195089,0));
#6391=VECTOR('',#6390,0.327016);
#6392=LINE('',#1876,#6391);
#6393=EDGE_CURVE('',#1877,#1879,#6392,.T.);
#6394=ORIENTED_EDGE('',*,*,#6393,.F.);
#6395=DIRECTION('',(0.997858,0.065418,0));
#6396=VECTOR('',#6395,0.327016);
#6397=LINE('',#1874,#6396);
#6398=EDGE_CURVE('',#1875,#1877,#6397,.T.);
#6399=ORIENTED_EDGE('',*,*,#6398,.F.);
#6400=DIRECTION('',(0.997858,-0.065418,0));
#6401=VECTOR('',#6400,0.327016);
#6402=LINE('',#656,#6401);
#6403=EDGE_CURVE('',#657,#1875,#6402,.T.);
#6404=ORIENTED_EDGE('',*,*,#6403,.F.);
#6405=DIRECTION('',(0.980786,-0.195089,0));
#6406=VECTOR('',#6405,0.327016);
#6407=LINE('',#654,#6406);
#6408=EDGE_CURVE('',#655,#657,#6407,.T.);
#6409=ORIENTED_EDGE('',*,*,#6408,.F.);
#6410=DIRECTION('',(0.946928,-0.321445,0));
#6411=VECTOR('',#6410,0.327016);
#6412=LINE('',#652,#6411);
#6413=EDGE_CURVE('',#653,#655,#6412,.T.);
#6414=ORIENTED_EDGE('',*,*,#6413,.F.);
#6415=DIRECTION('',(0.896888,-0.442258,0));
#6416=VECTOR('',#6415,0.32701);
#6417=LINE('',#648,#6416);
#6418=EDGE_CURVE('',#649,#653,#6417,.T.);
#6419=ORIENTED_EDGE('',*,*,#6418,.F.);
#6420=DIRECTION('',(0.831461,-0.555584,0));
#6421=VECTOR('',#6420,0.327019);
#6422=LINE('',#646,#6421);
#6423=EDGE_CURVE('',#647,#649,#6422,.T.);
#6424=ORIENTED_EDGE('',*,*,#6423,.F.);
#6425=EDGE_LOOP('',(#6189,#6194,#6199,#6204,#6209,#6214,#6219,#6224,#6229,#6234,#6239,#6244,#6249,#6254,#6259,#6264,#6269,#6274,#6279,#6284,#6289,#6294,#6299,#6304,#6309,#6314,#6319,#6324,#6329,#6334,#6339,#6344,#6349,#6354,#6359,#6364,#6369,#6374,#6379,#6384,#6389,#6394,#6399,#6404,#6409,#6414,#6419,#6424));
#6426=FACE_BOUND('',#6425,.T.);
#6427=ADVANCED_FACE('',(#5834,#5856,#5878,#5910,#5942,#6184,#6426),#5808,.T.);
#6428=DIRECTION('',(1,0,0));
#6429=DIRECTION('',(0,0,-1));
#6430=AXIS2_PLACEMENT_3D('',#1872,#6428,#6429);
#6431=PLANE('',#6430);
#6432=ORIENTED_EDGE('',*,*,#5762,.T.);
#6433=ORIENTED_EDGE('',*,*,#5825,.F.);
#6434=ORIENTED_EDGE('',*,*,#5800,.F.);
#6435=ORIENTED_EDGE('',*,*,#2629,.T.);
#6436=EDGE_LOOP('',(#6432,#6433,#6434,#6435));
#6437=FACE_OUTER_BOUND('',#6436,.T.);
#6438=ADVANCED_FACE('',(#6437),#6431,.T.);
#6439=DIRECTION('',(-1,0,0));
#6440=DIRECTION('',(0,-0,1));
#6441=AXIS2_PLACEMENT_3D('',#592,#6439,#6440);
#6442=PLANE('',#6441);
#6443=ORIENTED_EDGE('',*,*,#5713,.T.);
#6444=ORIENTED_EDGE('',*,*,#5817,.T.);
#6445=DIRECTION('',(0,0,1));
#6446=VECTOR('',#6445,5);
#6447=LINE('',#1194,#6446);
#6448=EDGE_CURVE('',#1195,#1243,#6447,.T.);
#6449=ORIENTED_EDGE('',*,*,#6448,.F.);
#6450=ORIENTED_EDGE('',*,*,#2599,.F.);
#6451=DIRECTION('',(0,0,1));
#6452=VECTOR('',#6451,0.75);
#6453=LINE('',#1190,#6452);
#6454=EDGE_CURVE('',#1191,#1193,#6453,.T.);
#6455=ORIENTED_EDGE('',*,*,#6454,.T.);
#6456=DIRECTION('',(0,1,0));
#6457=VECTOR('',#6456,67);
#6458=LINE('',#592,#6457);
#6459=EDGE_CURVE('',#593,#1193,#6458,.T.);
#6460=ORIENTED_EDGE('',*,*,#6459,.F.);
#6461=EDGE_LOOP('',(#6443,#6444,#6449,#6450,#6455,#6460));
#6462=FACE_OUTER_BOUND('',#6461,.T.);
#6463=ADVANCED_FACE('',(#6462),#6442,.T.);
#6464=DIRECTION('',(0,1,0));
#6465=DIRECTION('',(0,0,1));
#6466=AXIS2_PLACEMENT_3D('',#2524,#6464,#6465);
#6467=PLANE('',#6466);
#6468=ORIENTED_EDGE('',*,*,#2604,.F.);
#6469=ORIENTED_EDGE('',*,*,#6448,.T.);
#6470=ORIENTED_EDGE('',*,*,#5812,.T.);
#6471=DIRECTION('',(0,0,1));
#6472=VECTOR('',#6471,5);
#6473=LINE('',#2524,#6472);
#6474=EDGE_CURVE('',#2525,#2581,#6473,.T.);
#6475=ORIENTED_EDGE('',*,*,#6474,.F.);
#6476=EDGE_LOOP('',(#6468,#6469,#6470,#6475));
#6477=FACE_OUTER_BOUND('',#6476,.T.);
#6478=ADVANCED_FACE('',(#6477),#6467,.T.);
#6479=DIRECTION('',(1,0,0));
#6480=DIRECTION('',(0,0,-1));
#6481=AXIS2_PLACEMENT_3D('',#1340,#6479,#6480);
#6482=PLANE('',#6481);
#6483=DIRECTION('',(0,1,0));
#6484=VECTOR('',#6483,67);
#6485=LINE('',#1340,#6484);
#6486=EDGE_CURVE('',#1341,#2473,#6485,.T.);
#6487=ORIENTED_EDGE('',*,*,#6486,.T.);
#6488=DIRECTION('',(0,0,1));
#6489=VECTOR('',#6488,0.75);
#6490=LINE('',#2470,#6489);
#6491=EDGE_CURVE('',#2471,#2473,#6490,.T.);
#6492=ORIENTED_EDGE('',*,*,#6491,.F.);
#6493=ORIENTED_EDGE('',*,*,#2609,.T.);
#6494=ORIENTED_EDGE('',*,*,#6474,.T.);
#6495=ORIENTED_EDGE('',*,*,#5831,.F.);
#6496=ORIENTED_EDGE('',*,*,#5752,.F.);
#6497=EDGE_LOOP('',(#6487,#6492,#6493,#6494,#6495,#6496));
#6498=FACE_OUTER_BOUND('',#6497,.T.);
#6499=ADVANCED_FACE('',(#6498),#6482,.T.);
#6500=DIRECTION('',(0.896872,0.442291,0));
#6501=DIRECTION('',(0,0,1));
#6502=AXIS2_PLACEMENT_3D('',#626,#6500,#6501);
#6503=PLANE('',#6502);
#6504=DIRECTION('',(0,0,1));
#6505=VECTOR('',#6504,5);
#6506=LINE('',#542,#6505);
#6507=EDGE_CURVE('',#543,#627,#6506,.T.);
#6508=ORIENTED_EDGE('',*,*,#6507,.F.);
#6509=ORIENTED_EDGE('',*,*,#5621,.T.);
#6510=DIRECTION('',(0,0,1));
#6511=VECTOR('',#6510,5);
#6512=LINE('',#548,#6511);
#6513=EDGE_CURVE('',#549,#633,#6512,.T.);
#6514=ORIENTED_EDGE('',*,*,#6513,.T.);
#6515=ORIENTED_EDGE('',*,*,#6203,.F.);
#6516=EDGE_LOOP('',(#6508,#6509,#6514,#6515));
#6517=FACE_OUTER_BOUND('',#6516,.T.);
#6518=ADVANCED_FACE('',(#6517),#6503,.T.);
#6519=DIRECTION('',(0.980786,0.195086,0));
#6520=DIRECTION('',(0,0,-1));
#6521=AXIS2_PLACEMENT_3D('',#546,#6519,#6520);
#6522=PLANE('',#6521);
#6523=DIRECTION('',(0,0,1));
#6524=VECTOR('',#6523,5);
#6525=LINE('',#546,#6524);
#6526=EDGE_CURVE('',#547,#631,#6525,.T.);
#6527=ORIENTED_EDGE('',*,*,#6526,.T.);
#6528=ORIENTED_EDGE('',*,*,#6213,.F.);
#6529=DIRECTION('',(0,0,1));
#6530=VECTOR('',#6529,5);
#6531=LINE('',#544,#6530);
#6532=EDGE_CURVE('',#545,#629,#6531,.T.);
#6533=ORIENTED_EDGE('',*,*,#6532,.F.);
#6534=ORIENTED_EDGE('',*,*,#5611,.T.);
#6535=EDGE_LOOP('',(#6527,#6528,#6533,#6534));
#6536=FACE_OUTER_BOUND('',#6535,.T.);
#6537=ADVANCED_FACE('',(#6536),#6522,.T.);
#6538=DIRECTION('',(0.94693,0.321438,-0));
#6539=DIRECTION('',(-0,0,-1));
#6540=AXIS2_PLACEMENT_3D('',#632,#6538,#6539);
#6541=PLANE('',#6540);
#6542=ORIENTED_EDGE('',*,*,#6513,.F.);
#6543=ORIENTED_EDGE('',*,*,#5616,.F.);
#6544=ORIENTED_EDGE('',*,*,#6532,.T.);
#6545=ORIENTED_EDGE('',*,*,#6208,.T.);
#6546=EDGE_LOOP('',(#6542,#6543,#6544,#6545));
#6547=FACE_OUTER_BOUND('',#6546,.T.);
#6548=ADVANCED_FACE('',(#6547),#6541,.T.);
#6549=DIRECTION('',(0.997859,0.065404,0));
#6550=DIRECTION('',(0,0,-1));
#6551=AXIS2_PLACEMENT_3D('',#546,#6549,#6550);
#6552=PLANE('',#6551);
#6553=ORIENTED_EDGE('',*,*,#5606,.T.);
#6554=DIRECTION('',(0,0,1));
#6555=VECTOR('',#6554,5);
#6556=LINE('',#550,#6555);
#6557=EDGE_CURVE('',#551,#635,#6556,.T.);
#6558=ORIENTED_EDGE('',*,*,#6557,.T.);
#6559=ORIENTED_EDGE('',*,*,#6218,.F.);
#6560=ORIENTED_EDGE('',*,*,#6526,.F.);
#6561=EDGE_LOOP('',(#6553,#6558,#6559,#6560));
#6562=FACE_OUTER_BOUND('',#6561,.T.);
#6563=ADVANCED_FACE('',(#6562),#6552,.T.);
#6564=DIRECTION('',(0.997859,-0.065404,0));
#6565=DIRECTION('',(0,0,-1));
#6566=AXIS2_PLACEMENT_3D('',#636,#6564,#6565);
#6567=PLANE('',#6566);
#6568=ORIENTED_EDGE('',*,*,#6223,.F.);
#6569=ORIENTED_EDGE('',*,*,#6557,.F.);
#6570=ORIENTED_EDGE('',*,*,#5601,.T.);
#6571=DIRECTION('',(0,0,1));
#6572=VECTOR('',#6571,5);
#6573=LINE('',#552,#6572);
#6574=EDGE_CURVE('',#553,#637,#6573,.T.);
#6575=ORIENTED_EDGE('',*,*,#6574,.T.);
#6576=EDGE_LOOP('',(#6568,#6569,#6570,#6575));
#6577=FACE_OUTER_BOUND('',#6576,.T.);
#6578=ADVANCED_FACE('',(#6577),#6567,.T.);
#6579=DIRECTION('',(0.980786,-0.195086,0));
#6580=DIRECTION('',(0,0,-1));
#6581=AXIS2_PLACEMENT_3D('',#638,#6579,#6580);
#6582=PLANE('',#6581);
#6583=ORIENTED_EDGE('',*,*,#6228,.F.);
#6584=ORIENTED_EDGE('',*,*,#6574,.F.);
#6585=ORIENTED_EDGE('',*,*,#5596,.T.);
#6586=DIRECTION('',(0,0,1));
#6587=VECTOR('',#6586,5);
#6588=LINE('',#554,#6587);
#6589=EDGE_CURVE('',#555,#639,#6588,.T.);
#6590=ORIENTED_EDGE('',*,*,#6589,.T.);
#6591=EDGE_LOOP('',(#6583,#6584,#6585,#6590));
#6592=FACE_OUTER_BOUND('',#6591,.T.);
#6593=ADVANCED_FACE('',(#6592),#6582,.T.);
#6594=DIRECTION('',(0.94693,-0.321438,0));
#6595=DIRECTION('',(0,0,-1));
#6596=AXIS2_PLACEMENT_3D('',#640,#6594,#6595);
#6597=PLANE('',#6596);
#6598=ORIENTED_EDGE('',*,*,#6233,.F.);
#6599=ORIENTED_EDGE('',*,*,#6589,.F.);
#6600=ORIENTED_EDGE('',*,*,#5591,.T.);
#6601=DIRECTION('',(0,0,1));
#6602=VECTOR('',#6601,5);
#6603=LINE('',#556,#6602);
#6604=EDGE_CURVE('',#557,#641,#6603,.T.);
#6605=ORIENTED_EDGE('',*,*,#6604,.T.);
#6606=EDGE_LOOP('',(#6598,#6599,#6600,#6605));
#6607=FACE_OUTER_BOUND('',#6606,.T.);
#6608=ADVANCED_FACE('',(#6607),#6597,.T.);
#6609=DIRECTION('',(0.896872,-0.442291,0));
#6610=DIRECTION('',(0,0,-1));
#6611=AXIS2_PLACEMENT_3D('',#558,#6609,#6610);
#6612=PLANE('',#6611);
#6613=DIRECTION('',(0,0,1));
#6614=VECTOR('',#6613,5);
#6615=LINE('',#558,#6614);
#6616=EDGE_CURVE('',#559,#643,#6615,.T.);
#6617=ORIENTED_EDGE('',*,*,#6616,.T.);
#6618=ORIENTED_EDGE('',*,*,#6238,.F.);
#6619=ORIENTED_EDGE('',*,*,#6604,.F.);
#6620=ORIENTED_EDGE('',*,*,#5586,.T.);
#6621=EDGE_LOOP('',(#6617,#6618,#6619,#6620));
#6622=FACE_OUTER_BOUND('',#6621,.T.);
#6623=ADVANCED_FACE('',(#6622),#6612,.T.);
#6624=DIRECTION('',(0.659355,0.751831,-0));
#6625=DIRECTION('',(-0,0,1));
#6626=AXIS2_PLACEMENT_3D('',#562,#6624,#6625);
#6627=PLANE('',#6626);
#6628=ORIENTED_EDGE('',*,*,#5636,.F.);
#6629=DIRECTION('',(0,0,1));
#6630=VECTOR('',#6629,5);
#6631=LINE('',#560,#6630);
#6632=EDGE_CURVE('',#561,#645,#6631,.T.);
#6633=ORIENTED_EDGE('',*,*,#6632,.T.);
#6634=ORIENTED_EDGE('',*,*,#6188,.T.);
#6635=DIRECTION('',(0,0,1));
#6636=VECTOR('',#6635,5);
#6637=LINE('',#562,#6636);
#6638=EDGE_CURVE('',#563,#647,#6637,.T.);
#6639=ORIENTED_EDGE('',*,*,#6638,.F.);
#6640=EDGE_LOOP('',(#6628,#6633,#6634,#6639));
#6641=FACE_OUTER_BOUND('',#6640,.T.);
#6642=ADVANCED_FACE('',(#6641),#6627,.T.);
#6643=DIRECTION('',(0.555584,0.831461,-0));
#6644=DIRECTION('',(-0,0,1));
#6645=AXIS2_PLACEMENT_3D('',#646,#6643,#6644);
#6646=PLANE('',#6645);
#6647=ORIENTED_EDGE('',*,*,#6423,.T.);
#6648=DIRECTION('',(0,0,1));
#6649=VECTOR('',#6648,5);
#6650=LINE('',#564,#6649);
#6651=EDGE_CURVE('',#565,#649,#6650,.T.);
#6652=ORIENTED_EDGE('',*,*,#6651,.F.);
#6653=ORIENTED_EDGE('',*,*,#5641,.F.);
#6654=ORIENTED_EDGE('',*,*,#6638,.T.);
#6655=EDGE_LOOP('',(#6647,#6652,#6653,#6654));
#6656=FACE_OUTER_BOUND('',#6655,.T.);
#6657=ADVANCED_FACE('',(#6656),#6646,.T.);
#6658=DIRECTION('',(0.442258,0.896888,-0));
#6659=DIRECTION('',(-0,0,1));
#6660=AXIS2_PLACEMENT_3D('',#568,#6658,#6659);
#6661=PLANE('',#6660);
#6662=ORIENTED_EDGE('',*,*,#5646,.F.);
#6663=ORIENTED_EDGE('',*,*,#6651,.T.);
#6664=ORIENTED_EDGE('',*,*,#6418,.T.);
#6665=DIRECTION('',(0,0,1));
#6666=VECTOR('',#6665,5);
#6667=LINE('',#568,#6666);
#6668=EDGE_CURVE('',#569,#653,#6667,.T.);
#6669=ORIENTED_EDGE('',*,*,#6668,.F.);
#6670=EDGE_LOOP('',(#6662,#6663,#6664,#6669));
#6671=FACE_OUTER_BOUND('',#6670,.T.);
#6672=ADVANCED_FACE('',(#6671),#6661,.T.);
#6673=DIRECTION('',(0.751842,0.659343,0));
#6674=DIRECTION('',(0,0,1));
#6675=AXIS2_PLACEMENT_3D('',#566,#6673,#6674);
#6676=PLANE('',#6675);
#6677=DIRECTION('',(0,0,1));
#6678=VECTOR('',#6677,5);
#6679=LINE('',#566,#6678);
#6680=EDGE_CURVE('',#567,#651,#6679,.T.);
#6681=ORIENTED_EDGE('',*,*,#6680,.T.);
#6682=ORIENTED_EDGE('',*,*,#6193,.F.);
#6683=ORIENTED_EDGE('',*,*,#6632,.F.);
#6684=ORIENTED_EDGE('',*,*,#5631,.T.);
#6685=EDGE_LOOP('',(#6681,#6682,#6683,#6684));
#6686=FACE_OUTER_BOUND('',#6685,.T.);
#6687=ADVANCED_FACE('',(#6686),#6676,.T.);
#6688=DIRECTION('',(0.831463,0.555581,-0));
#6689=DIRECTION('',(-0,0,1));
#6690=AXIS2_PLACEMENT_3D('',#542,#6688,#6689);
#6691=PLANE('',#6690);
#6692=ORIENTED_EDGE('',*,*,#6507,.T.);
#6693=ORIENTED_EDGE('',*,*,#6198,.T.);
#6694=ORIENTED_EDGE('',*,*,#6680,.F.);
#6695=ORIENTED_EDGE('',*,*,#5626,.F.);
#6696=EDGE_LOOP('',(#6692,#6693,#6694,#6695));
#6697=FACE_OUTER_BOUND('',#6696,.T.);
#6698=ADVANCED_FACE('',(#6697),#6691,.T.);
#6699=DIRECTION('',(0.195089,0.980786,-0));
#6700=DIRECTION('',(-0,0,1));
#6701=AXIS2_PLACEMENT_3D('',#656,#6699,#6700);
#6702=PLANE('',#6701);
#6703=DIRECTION('',(0,0,1));
#6704=VECTOR('',#6703,5);
#6705=LINE('',#572,#6704);
#6706=EDGE_CURVE('',#573,#657,#6705,.T.);
#6707=ORIENTED_EDGE('',*,*,#6706,.F.);
#6708=ORIENTED_EDGE('',*,*,#5656,.F.);
#6709=DIRECTION('',(0,0,1));
#6710=VECTOR('',#6709,5);
#6711=LINE('',#570,#6710);
#6712=EDGE_CURVE('',#571,#655,#6711,.T.);
#6713=ORIENTED_EDGE('',*,*,#6712,.T.);
#6714=ORIENTED_EDGE('',*,*,#6408,.T.);
#6715=EDGE_LOOP('',(#6707,#6708,#6713,#6714));
#6716=FACE_OUTER_BOUND('',#6715,.T.);
#6717=ADVANCED_FACE('',(#6716),#6702,.T.);
#6718=DIRECTION('',(0.321445,0.946928,-0));
#6719=DIRECTION('',(-0,0,1));
#6720=AXIS2_PLACEMENT_3D('',#654,#6718,#6719);
#6721=PLANE('',#6720);
#6722=ORIENTED_EDGE('',*,*,#6712,.F.);
#6723=ORIENTED_EDGE('',*,*,#5651,.F.);
#6724=ORIENTED_EDGE('',*,*,#6668,.T.);
#6725=ORIENTED_EDGE('',*,*,#6413,.T.);
#6726=EDGE_LOOP('',(#6722,#6723,#6724,#6725));
#6727=FACE_OUTER_BOUND('',#6726,.T.);
#6728=ADVANCED_FACE('',(#6727),#6721,.T.);
#6729=DIRECTION('',(0.065418,0.997858,-0));
#6730=DIRECTION('',(-0,0,1));
#6731=AXIS2_PLACEMENT_3D('',#1290,#6729,#6730);
#6732=PLANE('',#6731);
#6733=ORIENTED_EDGE('',*,*,#5661,.F.);
#6734=ORIENTED_EDGE('',*,*,#6706,.T.);
#6735=ORIENTED_EDGE('',*,*,#6403,.T.);
#6736=DIRECTION('',(0,0,1));
#6737=VECTOR('',#6736,5);
#6738=LINE('',#1290,#6737);
#6739=EDGE_CURVE('',#1291,#1875,#6738,.T.);
#6740=ORIENTED_EDGE('',*,*,#6739,.F.);
#6741=EDGE_LOOP('',(#6733,#6734,#6735,#6740));
#6742=FACE_OUTER_BOUND('',#6741,.T.);
#6743=ADVANCED_FACE('',(#6742),#6732,.T.);
#6744=DIRECTION('',(0.831463,-0.555581,0));
#6745=DIRECTION('',(0,0,-1));
#6746=AXIS2_PLACEMENT_3D('',#658,#6744,#6745);
#6747=PLANE('',#6746);
#6748=ORIENTED_EDGE('',*,*,#6243,.F.);
#6749=ORIENTED_EDGE('',*,*,#6616,.F.);
#6750=ORIENTED_EDGE('',*,*,#5581,.T.);
#6751=DIRECTION('',(0,0,1));
#6752=VECTOR('',#6751,5);
#6753=LINE('',#574,#6752);
#6754=EDGE_CURVE('',#575,#659,#6753,.T.);
#6755=ORIENTED_EDGE('',*,*,#6754,.T.);
#6756=EDGE_LOOP('',(#6748,#6749,#6750,#6755));
#6757=FACE_OUTER_BOUND('',#6756,.T.);
#6758=ADVANCED_FACE('',(#6757),#6747,.T.);
#6759=DIRECTION('',(0.751842,-0.659343,0));
#6760=DIRECTION('',(0,0,-1));
#6761=AXIS2_PLACEMENT_3D('',#576,#6759,#6760);
#6762=PLANE('',#6761);
#6763=DIRECTION('',(0,0,1));
#6764=VECTOR('',#6763,5);
#6765=LINE('',#576,#6764);
#6766=EDGE_CURVE('',#577,#661,#6765,.T.);
#6767=ORIENTED_EDGE('',*,*,#6766,.T.);
#6768=ORIENTED_EDGE('',*,*,#6248,.F.);
#6769=ORIENTED_EDGE('',*,*,#6754,.F.);
#6770=ORIENTED_EDGE('',*,*,#5576,.T.);
#6771=EDGE_LOOP('',(#6767,#6768,#6769,#6770));
#6772=FACE_OUTER_BOUND('',#6771,.T.);
#6773=ADVANCED_FACE('',(#6772),#6762,.T.);
#6774=DIRECTION('',(0.659355,-0.751831,0));
#6775=DIRECTION('',(0,0,-1));
#6776=AXIS2_PLACEMENT_3D('',#578,#6774,#6775);
#6777=PLANE('',#6776);
#6778=DIRECTION('',(0,0,1));
#6779=VECTOR('',#6778,5);
#6780=LINE('',#578,#6779);
#6781=EDGE_CURVE('',#579,#663,#6780,.T.);
#6782=ORIENTED_EDGE('',*,*,#6781,.T.);
#6783=ORIENTED_EDGE('',*,*,#6253,.F.);
#6784=ORIENTED_EDGE('',*,*,#6766,.F.);
#6785=ORIENTED_EDGE('',*,*,#5571,.T.);
#6786=EDGE_LOOP('',(#6782,#6783,#6784,#6785));
#6787=FACE_OUTER_BOUND('',#6786,.T.);
#6788=ADVANCED_FACE('',(#6787),#6777,.T.);
#6789=DIRECTION('',(0.555584,-0.831461,0));
#6790=DIRECTION('',(0,0,-1));
#6791=AXIS2_PLACEMENT_3D('',#580,#6789,#6790);
#6792=PLANE('',#6791);
#6793=DIRECTION('',(0,0,1));
#6794=VECTOR('',#6793,5);
#6795=LINE('',#580,#6794);
#6796=EDGE_CURVE('',#581,#665,#6795,.T.);
#6797=ORIENTED_EDGE('',*,*,#6796,.T.);
#6798=ORIENTED_EDGE('',*,*,#6258,.F.);
#6799=ORIENTED_EDGE('',*,*,#6781,.F.);
#6800=ORIENTED_EDGE('',*,*,#5566,.T.);
#6801=EDGE_LOOP('',(#6797,#6798,#6799,#6800));
#6802=FACE_OUTER_BOUND('',#6801,.T.);
#6803=ADVANCED_FACE('',(#6802),#6792,.T.);
#6804=DIRECTION('',(0.442258,-0.896888,0));
#6805=DIRECTION('',(0,0,-1));
#6806=AXIS2_PLACEMENT_3D('',#666,#6804,#6805);
#6807=PLANE('',#6806);
#6808=ORIENTED_EDGE('',*,*,#6263,.F.);
#6809=ORIENTED_EDGE('',*,*,#6796,.F.);
#6810=ORIENTED_EDGE('',*,*,#5561,.T.);
#6811=DIRECTION('',(0,0,1));
#6812=VECTOR('',#6811,5);
#6813=LINE('',#582,#6812);
#6814=EDGE_CURVE('',#583,#667,#6813,.T.);
#6815=ORIENTED_EDGE('',*,*,#6814,.T.);
#6816=EDGE_LOOP('',(#6808,#6809,#6810,#6815));
#6817=FACE_OUTER_BOUND('',#6816,.T.);
#6818=ADVANCED_FACE('',(#6817),#6807,.T.);
#6819=DIRECTION('',(0.321445,-0.946928,0));
#6820=DIRECTION('',(0,0,-1));
#6821=AXIS2_PLACEMENT_3D('',#666,#6819,#6820);
#6822=PLANE('',#6821);
#6823=ORIENTED_EDGE('',*,*,#6814,.F.);
#6824=ORIENTED_EDGE('',*,*,#5556,.T.);
#6825=DIRECTION('',(0,0,1));
#6826=VECTOR('',#6825,5);
#6827=LINE('',#584,#6826);
#6828=EDGE_CURVE('',#585,#669,#6827,.T.);
#6829=ORIENTED_EDGE('',*,*,#6828,.T.);
#6830=ORIENTED_EDGE('',*,*,#6268,.F.);
#6831=EDGE_LOOP('',(#6823,#6824,#6829,#6830));
#6832=FACE_OUTER_BOUND('',#6831,.T.);
#6833=ADVANCED_FACE('',(#6832),#6822,.T.);
#6834=DIRECTION('',(0.195089,-0.980786,0));
#6835=DIRECTION('',(0,0,-1));
#6836=AXIS2_PLACEMENT_3D('',#670,#6834,#6835);
#6837=PLANE('',#6836);
#6838=ORIENTED_EDGE('',*,*,#6273,.F.);
#6839=ORIENTED_EDGE('',*,*,#6828,.F.);
#6840=ORIENTED_EDGE('',*,*,#5551,.T.);
#6841=DIRECTION('',(0,0,1));
#6842=VECTOR('',#6841,5);
#6843=LINE('',#586,#6842);
#6844=EDGE_CURVE('',#587,#671,#6843,.T.);
#6845=ORIENTED_EDGE('',*,*,#6844,.T.);
#6846=EDGE_LOOP('',(#6838,#6839,#6840,#6845));
#6847=FACE_OUTER_BOUND('',#6846,.T.);
#6848=ADVANCED_FACE('',(#6847),#6837,.T.);
#6849=DIRECTION('',(0.065418,-0.997858,0));
#6850=DIRECTION('',(0,0,-1));
#6851=AXIS2_PLACEMENT_3D('',#586,#6849,#6850);
#6852=PLANE('',#6851);
#6853=ORIENTED_EDGE('',*,*,#5546,.T.);
#6854=DIRECTION('',(0,0,1));
#6855=VECTOR('',#6854,5);
#6856=LINE('',#1306,#6855);
#6857=EDGE_CURVE('',#1307,#1891,#6856,.T.);
#6858=ORIENTED_EDGE('',*,*,#6857,.T.);
#6859=ORIENTED_EDGE('',*,*,#6278,.F.);
#6860=ORIENTED_EDGE('',*,*,#6844,.F.);
#6861=EDGE_LOOP('',(#6853,#6858,#6859,#6860));
#6862=FACE_OUTER_BOUND('',#6861,.T.);
#6863=ADVANCED_FACE('',(#6862),#6852,.T.);
#6864=DIRECTION('',(-0.065418,0.997858,0));
#6865=DIRECTION('',(0,-0,1));
#6866=AXIS2_PLACEMENT_3D('',#1876,#6864,#6865);
#6867=PLANE('',#6866);
#6868=DIRECTION('',(0,0,1));
#6869=VECTOR('',#6868,5);
#6870=LINE('',#1292,#6869);
#6871=EDGE_CURVE('',#1293,#1877,#6870,.T.);
#6872=ORIENTED_EDGE('',*,*,#6871,.F.);
#6873=ORIENTED_EDGE('',*,*,#5666,.F.);
#6874=ORIENTED_EDGE('',*,*,#6739,.T.);
#6875=ORIENTED_EDGE('',*,*,#6398,.T.);
#6876=EDGE_LOOP('',(#6872,#6873,#6874,#6875));
#6877=FACE_OUTER_BOUND('',#6876,.T.);
#6878=ADVANCED_FACE('',(#6877),#6867,.T.);
#6879=DIRECTION('',(-0.195089,0.980786,0));
#6880=DIRECTION('',(0,-0,1));
#6881=AXIS2_PLACEMENT_3D('',#1294,#6879,#6880);
#6882=PLANE('',#6881);
#6883=ORIENTED_EDGE('',*,*,#5671,.F.);
#6884=ORIENTED_EDGE('',*,*,#6871,.T.);
#6885=ORIENTED_EDGE('',*,*,#6393,.T.);
#6886=DIRECTION('',(0,0,1));
#6887=VECTOR('',#6886,5);
#6888=LINE('',#1294,#6887);
#6889=EDGE_CURVE('',#1295,#1879,#6888,.T.);
#6890=ORIENTED_EDGE('',*,*,#6889,.F.);
#6891=EDGE_LOOP('',(#6883,#6884,#6885,#6890));
#6892=FACE_OUTER_BOUND('',#6891,.T.);
#6893=ADVANCED_FACE('',(#6892),#6882,.T.);
#6894=DIRECTION('',(-0.321445,0.946928,0));
#6895=DIRECTION('',(0,-0,1));
#6896=AXIS2_PLACEMENT_3D('',#1294,#6894,#6895);
#6897=PLANE('',#6896);
#6898=ORIENTED_EDGE('',*,*,#6889,.T.);
#6899=ORIENTED_EDGE('',*,*,#6388,.T.);
#6900=DIRECTION('',(0,0,1));
#6901=VECTOR('',#6900,5);
#6902=LINE('',#1296,#6901);
#6903=EDGE_CURVE('',#1297,#1881,#6902,.T.);
#6904=ORIENTED_EDGE('',*,*,#6903,.F.);
#6905=ORIENTED_EDGE('',*,*,#5676,.F.);
#6906=EDGE_LOOP('',(#6898,#6899,#6904,#6905));
#6907=FACE_OUTER_BOUND('',#6906,.T.);
#6908=ADVANCED_FACE('',(#6907),#6897,.T.);
#6909=DIRECTION('',(-0.442258,0.896888,0));
#6910=DIRECTION('',(0,-0,1));
#6911=AXIS2_PLACEMENT_3D('',#1882,#6909,#6910);
#6912=PLANE('',#6911);
#6913=DIRECTION('',(0,0,1));
#6914=VECTOR('',#6913,5);
#6915=LINE('',#1298,#6914);
#6916=EDGE_CURVE('',#1299,#1883,#6915,.T.);
#6917=ORIENTED_EDGE('',*,*,#6916,.F.);
#6918=ORIENTED_EDGE('',*,*,#5681,.F.);
#6919=ORIENTED_EDGE('',*,*,#6903,.T.);
#6920=ORIENTED_EDGE('',*,*,#6383,.T.);
#6921=EDGE_LOOP('',(#6917,#6918,#6919,#6920));
#6922=FACE_OUTER_BOUND('',#6921,.T.);
#6923=ADVANCED_FACE('',(#6922),#6912,.T.);
#6924=DIRECTION('',(-0.555584,0.831461,0));
#6925=DIRECTION('',(0,-0,1));
#6926=AXIS2_PLACEMENT_3D('',#1300,#6924,#6925);
#6927=PLANE('',#6926);
#6928=ORIENTED_EDGE('',*,*,#5686,.F.);
#6929=ORIENTED_EDGE('',*,*,#6916,.T.);
#6930=ORIENTED_EDGE('',*,*,#6378,.T.);
#6931=DIRECTION('',(0,0,1));
#6932=VECTOR('',#6931,5);
#6933=LINE('',#1300,#6932);
#6934=EDGE_CURVE('',#1301,#1885,#6933,.T.);
#6935=ORIENTED_EDGE('',*,*,#6934,.F.);
#6936=EDGE_LOOP('',(#6928,#6929,#6930,#6935));
#6937=FACE_OUTER_BOUND('',#6936,.T.);
#6938=ADVANCED_FACE('',(#6937),#6927,.T.);
#6939=DIRECTION('',(-0.659355,0.751831,0));
#6940=DIRECTION('',(0,-0,1));
#6941=AXIS2_PLACEMENT_3D('',#1884,#6939,#6940);
#6942=PLANE('',#6941);
#6943=ORIENTED_EDGE('',*,*,#6373,.T.);
#6944=DIRECTION('',(0,0,1));
#6945=VECTOR('',#6944,5);
#6946=LINE('',#1302,#6945);
#6947=EDGE_CURVE('',#1303,#1887,#6946,.T.);
#6948=ORIENTED_EDGE('',*,*,#6947,.F.);
#6949=ORIENTED_EDGE('',*,*,#5691,.F.);
#6950=ORIENTED_EDGE('',*,*,#6934,.T.);
#6951=EDGE_LOOP('',(#6943,#6948,#6949,#6950));
#6952=FACE_OUTER_BOUND('',#6951,.T.);
#6953=ADVANCED_FACE('',(#6952),#6942,.T.);
#6954=DIRECTION('',(-0.751842,0.659343,0));
#6955=DIRECTION('',(0,-0,1));
#6956=AXIS2_PLACEMENT_3D('',#1888,#6954,#6955);
#6957=PLANE('',#6956);
#6958=DIRECTION('',(0,0,1));
#6959=VECTOR('',#6958,5);
#6960=LINE('',#1304,#6959);
#6961=EDGE_CURVE('',#1305,#1889,#6960,.T.);
#6962=ORIENTED_EDGE('',*,*,#6961,.F.);
#6963=ORIENTED_EDGE('',*,*,#5696,.F.);
#6964=ORIENTED_EDGE('',*,*,#6947,.T.);
#6965=ORIENTED_EDGE('',*,*,#6368,.T.);
#6966=EDGE_LOOP('',(#6962,#6963,#6964,#6965));
#6967=FACE_OUTER_BOUND('',#6966,.T.);
#6968=ADVANCED_FACE('',(#6967),#6957,.T.);
#6969=DIRECTION('',(-0.831463,0.555581,0));
#6970=DIRECTION('',(0,-0,1));
#6971=AXIS2_PLACEMENT_3D('',#1304,#6969,#6970);
#6972=PLANE('',#6971);
#6973=ORIENTED_EDGE('',*,*,#6961,.T.);
#6974=ORIENTED_EDGE('',*,*,#6363,.T.);
#6975=DIRECTION('',(0,0,1));
#6976=VECTOR('',#6975,5);
#6977=LINE('',#1322,#6976);
#6978=EDGE_CURVE('',#1323,#1907,#6977,.T.);
#6979=ORIENTED_EDGE('',*,*,#6978,.F.);
#6980=ORIENTED_EDGE('',*,*,#5461,.F.);
#6981=EDGE_LOOP('',(#6973,#6974,#6979,#6980));
#6982=FACE_OUTER_BOUND('',#6981,.T.);
#6983=ADVANCED_FACE('',(#6982),#6972,.T.);
#6984=DIRECTION('',(-0.065418,-0.997858,0));
#6985=DIRECTION('',(0,-0,-1));
#6986=AXIS2_PLACEMENT_3D('',#1890,#6984,#6985);
#6987=PLANE('',#6986);
#6988=ORIENTED_EDGE('',*,*,#6857,.F.);
#6989=ORIENTED_EDGE('',*,*,#5541,.T.);
#6990=DIRECTION('',(0,0,1));
#6991=VECTOR('',#6990,5);
#6992=LINE('',#1308,#6991);
#6993=EDGE_CURVE('',#1309,#1893,#6992,.T.);
#6994=ORIENTED_EDGE('',*,*,#6993,.T.);
#6995=ORIENTED_EDGE('',*,*,#6283,.F.);
#6996=EDGE_LOOP('',(#6988,#6989,#6994,#6995));
#6997=FACE_OUTER_BOUND('',#6996,.T.);
#6998=ADVANCED_FACE('',(#6997),#6987,.T.);
#6999=DIRECTION('',(-0.195089,-0.980786,0));
#7000=DIRECTION('',(0,-0,-1));
#7001=AXIS2_PLACEMENT_3D('',#1310,#6999,#7000);
#7002=PLANE('',#7001);
#7003=DIRECTION('',(0,0,1));
#7004=VECTOR('',#7003,5);
#7005=LINE('',#1310,#7004);
#7006=EDGE_CURVE('',#1311,#1895,#7005,.T.);
#7007=ORIENTED_EDGE('',*,*,#7006,.T.);
#7008=ORIENTED_EDGE('',*,*,#6288,.F.);
#7009=ORIENTED_EDGE('',*,*,#6993,.F.);
#7010=ORIENTED_EDGE('',*,*,#5536,.T.);
#7011=EDGE_LOOP('',(#7007,#7008,#7009,#7010));
#7012=FACE_OUTER_BOUND('',#7011,.T.);
#7013=ADVANCED_FACE('',(#7012),#7002,.T.);
#7014=DIRECTION('',(-0.321445,-0.946928,0));
#7015=DIRECTION('',(0,-0,-1));
#7016=AXIS2_PLACEMENT_3D('',#1312,#7014,#7015);
#7017=PLANE('',#7016);
#7018=DIRECTION('',(0,0,1));
#7019=VECTOR('',#7018,5);
#7020=LINE('',#1312,#7019);
#7021=EDGE_CURVE('',#1313,#1897,#7020,.T.);
#7022=ORIENTED_EDGE('',*,*,#7021,.T.);
#7023=ORIENTED_EDGE('',*,*,#6293,.F.);
#7024=ORIENTED_EDGE('',*,*,#7006,.F.);
#7025=ORIENTED_EDGE('',*,*,#5531,.T.);
#7026=EDGE_LOOP('',(#7022,#7023,#7024,#7025));
#7027=FACE_OUTER_BOUND('',#7026,.T.);
#7028=ADVANCED_FACE('',(#7027),#7017,.T.);
#7029=DIRECTION('',(-0.442258,-0.896888,0));
#7030=DIRECTION('',(0,-0,-1));
#7031=AXIS2_PLACEMENT_3D('',#1896,#7029,#7030);
#7032=PLANE('',#7031);
#7033=ORIENTED_EDGE('',*,*,#7021,.F.);
#7034=ORIENTED_EDGE('',*,*,#5526,.T.);
#7035=DIRECTION('',(0,0,1));
#7036=VECTOR('',#7035,5);
#7037=LINE('',#1314,#7036);
#7038=EDGE_CURVE('',#1315,#1899,#7037,.T.);
#7039=ORIENTED_EDGE('',*,*,#7038,.T.);
#7040=ORIENTED_EDGE('',*,*,#6298,.F.);
#7041=EDGE_LOOP('',(#7033,#7034,#7039,#7040));
#7042=FACE_OUTER_BOUND('',#7041,.T.);
#7043=ADVANCED_FACE('',(#7042),#7032,.T.);
#7044=DIRECTION('',(-0.555584,-0.831461,0));
#7045=DIRECTION('',(0,-0,-1));
#7046=AXIS2_PLACEMENT_3D('',#1314,#7044,#7045);
#7047=PLANE('',#7046);
#7048=ORIENTED_EDGE('',*,*,#5521,.T.);
#7049=DIRECTION('',(0,0,1));
#7050=VECTOR('',#7049,5);
#7051=LINE('',#1316,#7050);
#7052=EDGE_CURVE('',#1317,#1901,#7051,.T.);
#7053=ORIENTED_EDGE('',*,*,#7052,.T.);
#7054=ORIENTED_EDGE('',*,*,#6303,.F.);
#7055=ORIENTED_EDGE('',*,*,#7038,.F.);
#7056=EDGE_LOOP('',(#7048,#7053,#7054,#7055));
#7057=FACE_OUTER_BOUND('',#7056,.T.);
#7058=ADVANCED_FACE('',(#7057),#7047,.T.);
#7059=DIRECTION('',(-0.659355,-0.751831,0));
#7060=DIRECTION('',(0,-0,-1));
#7061=AXIS2_PLACEMENT_3D('',#1316,#7059,#7060);
#7062=PLANE('',#7061);
#7063=ORIENTED_EDGE('',*,*,#5516,.T.);
#7064=DIRECTION('',(0,0,1));
#7065=VECTOR('',#7064,5);
#7066=LINE('',#1318,#7065);
#7067=EDGE_CURVE('',#1319,#1903,#7066,.T.);
#7068=ORIENTED_EDGE('',*,*,#7067,.T.);
#7069=ORIENTED_EDGE('',*,*,#6308,.F.);
#7070=ORIENTED_EDGE('',*,*,#7052,.F.);
#7071=EDGE_LOOP('',(#7063,#7068,#7069,#7070));
#7072=FACE_OUTER_BOUND('',#7071,.T.);
#7073=ADVANCED_FACE('',(#7072),#7062,.T.);
#7074=DIRECTION('',(-0.831463,-0.555581,0));
#7075=DIRECTION('',(0,-0,-1));
#7076=AXIS2_PLACEMENT_3D('',#1320,#7074,#7075);
#7077=PLANE('',#7076);
#7078=ORIENTED_EDGE('',*,*,#5506,.T.);
#7079=DIRECTION('',(0,0,1));
#7080=VECTOR('',#7079,5);
#7081=LINE('',#1338,#7080);
#7082=EDGE_CURVE('',#1339,#1923,#7081,.T.);
#7083=ORIENTED_EDGE('',*,*,#7082,.T.);
#7084=ORIENTED_EDGE('',*,*,#6318,.F.);
#7085=DIRECTION('',(0,0,1));
#7086=VECTOR('',#7085,5);
#7087=LINE('',#1320,#7086);
#7088=EDGE_CURVE('',#1321,#1905,#7087,.T.);
#7089=ORIENTED_EDGE('',*,*,#7088,.F.);
#7090=EDGE_LOOP('',(#7078,#7083,#7084,#7089));
#7091=FACE_OUTER_BOUND('',#7090,.T.);
#7092=ADVANCED_FACE('',(#7091),#7077,.T.);
#7093=DIRECTION('',(-0.751842,-0.659343,0));
#7094=DIRECTION('',(0,-0,-1));
#7095=AXIS2_PLACEMENT_3D('',#1320,#7093,#7094);
#7096=PLANE('',#7095);
#7097=ORIENTED_EDGE('',*,*,#7088,.T.);
#7098=ORIENTED_EDGE('',*,*,#6313,.F.);
#7099=ORIENTED_EDGE('',*,*,#7067,.F.);
#7100=ORIENTED_EDGE('',*,*,#5511,.T.);
#7101=EDGE_LOOP('',(#7097,#7098,#7099,#7100));
#7102=FACE_OUTER_BOUND('',#7101,.T.);
#7103=ADVANCED_FACE('',(#7102),#7096,.T.);
#7104=DIRECTION('',(-0.896872,0.442291,0));
#7105=DIRECTION('',(0,-0,1));
#7106=AXIS2_PLACEMENT_3D('',#1322,#7104,#7105);
#7107=PLANE('',#7106);
#7108=ORIENTED_EDGE('',*,*,#6978,.T.);
#7109=ORIENTED_EDGE('',*,*,#6358,.T.);
#7110=DIRECTION('',(0,0,1));
#7111=VECTOR('',#7110,5);
#7112=LINE('',#1324,#7111);
#7113=EDGE_CURVE('',#1325,#1909,#7112,.T.);
#7114=ORIENTED_EDGE('',*,*,#7113,.F.);
#7115=ORIENTED_EDGE('',*,*,#5466,.F.);
#7116=EDGE_LOOP('',(#7108,#7109,#7114,#7115));
#7117=FACE_OUTER_BOUND('',#7116,.T.);
#7118=ADVANCED_FACE('',(#7117),#7107,.T.);
#7119=DIRECTION('',(-0.94693,0.321438,0));
#7120=DIRECTION('',(0,-0,1));
#7121=AXIS2_PLACEMENT_3D('',#1908,#7119,#7120);
#7122=PLANE('',#7121);
#7123=ORIENTED_EDGE('',*,*,#6353,.T.);
#7124=DIRECTION('',(0,0,1));
#7125=VECTOR('',#7124,5);
#7126=LINE('',#1326,#7125);
#7127=EDGE_CURVE('',#1327,#1911,#7126,.T.);
#7128=ORIENTED_EDGE('',*,*,#7127,.F.);
#7129=ORIENTED_EDGE('',*,*,#5471,.F.);
#7130=ORIENTED_EDGE('',*,*,#7113,.T.);
#7131=EDGE_LOOP('',(#7123,#7128,#7129,#7130));
#7132=FACE_OUTER_BOUND('',#7131,.T.);
#7133=ADVANCED_FACE('',(#7132),#7122,.T.);
#7134=DIRECTION('',(-0.980786,0.195086,0));
#7135=DIRECTION('',(0,-0,1));
#7136=AXIS2_PLACEMENT_3D('',#1910,#7134,#7135);
#7137=PLANE('',#7136);
#7138=ORIENTED_EDGE('',*,*,#6348,.T.);
#7139=DIRECTION('',(0,0,1));
#7140=VECTOR('',#7139,5);
#7141=LINE('',#1328,#7140);
#7142=EDGE_CURVE('',#1329,#1913,#7141,.T.);
#7143=ORIENTED_EDGE('',*,*,#7142,.F.);
#7144=ORIENTED_EDGE('',*,*,#5476,.F.);
#7145=ORIENTED_EDGE('',*,*,#7127,.T.);
#7146=EDGE_LOOP('',(#7138,#7143,#7144,#7145));
#7147=FACE_OUTER_BOUND('',#7146,.T.);
#7148=ADVANCED_FACE('',(#7147),#7137,.T.);
#7149=DIRECTION('',(-0.997859,0.065404,0));
#7150=DIRECTION('',(0,-0,1));
#7151=AXIS2_PLACEMENT_3D('',#1328,#7149,#7150);
#7152=PLANE('',#7151);
#7153=ORIENTED_EDGE('',*,*,#7142,.T.);
#7154=ORIENTED_EDGE('',*,*,#6343,.T.);
#7155=DIRECTION('',(0,0,1));
#7156=VECTOR('',#7155,5);
#7157=LINE('',#1330,#7156);
#7158=EDGE_CURVE('',#1331,#1915,#7157,.T.);
#7159=ORIENTED_EDGE('',*,*,#7158,.F.);
#7160=ORIENTED_EDGE('',*,*,#5481,.F.);
#7161=EDGE_LOOP('',(#7153,#7154,#7159,#7160));
#7162=FACE_OUTER_BOUND('',#7161,.T.);
#7163=ADVANCED_FACE('',(#7162),#7152,.T.);
#7164=DIRECTION('',(-0.997859,-0.065404,0));
#7165=DIRECTION('',(0,-0,1));
#7166=AXIS2_PLACEMENT_3D('',#1332,#7164,#7165);
#7167=PLANE('',#7166);
#7168=ORIENTED_EDGE('',*,*,#5486,.F.);
#7169=ORIENTED_EDGE('',*,*,#7158,.T.);
#7170=ORIENTED_EDGE('',*,*,#6338,.T.);
#7171=DIRECTION('',(0,0,1));
#7172=VECTOR('',#7171,5);
#7173=LINE('',#1332,#7172);
#7174=EDGE_CURVE('',#1333,#1917,#7173,.T.);
#7175=ORIENTED_EDGE('',*,*,#7174,.F.);
#7176=EDGE_LOOP('',(#7168,#7169,#7170,#7175));
#7177=FACE_OUTER_BOUND('',#7176,.T.);
#7178=ADVANCED_FACE('',(#7177),#7167,.T.);
#7179=DIRECTION('',(-0.980786,-0.195086,0));
#7180=DIRECTION('',(0,-0,1));
#7181=AXIS2_PLACEMENT_3D('',#1332,#7179,#7180);
#7182=PLANE('',#7181);
#7183=ORIENTED_EDGE('',*,*,#7174,.T.);
#7184=ORIENTED_EDGE('',*,*,#6333,.T.);
#7185=DIRECTION('',(0,0,1));
#7186=VECTOR('',#7185,5);
#7187=LINE('',#1336,#7186);
#7188=EDGE_CURVE('',#1337,#1921,#7187,.T.);
#7189=ORIENTED_EDGE('',*,*,#7188,.F.);
#7190=ORIENTED_EDGE('',*,*,#5491,.F.);
#7191=EDGE_LOOP('',(#7183,#7184,#7189,#7190));
#7192=FACE_OUTER_BOUND('',#7191,.T.);
#7193=ADVANCED_FACE('',(#7192),#7182,.T.);
#7194=DIRECTION('',(-0.94693,-0.321438,0));
#7195=DIRECTION('',(0,-0,1));
#7196=AXIS2_PLACEMENT_3D('',#1336,#7194,#7195);
#7197=PLANE('',#7196);
#7198=ORIENTED_EDGE('',*,*,#7188,.T.);
#7199=ORIENTED_EDGE('',*,*,#6328,.F.);
#7200=DIRECTION('',(0,0,1));
#7201=VECTOR('',#7200,5);
#7202=LINE('',#1334,#7201);
#7203=EDGE_CURVE('',#1335,#1919,#7202,.T.);
#7204=ORIENTED_EDGE('',*,*,#7203,.F.);
#7205=ORIENTED_EDGE('',*,*,#5496,.T.);
#7206=EDGE_LOOP('',(#7198,#7199,#7204,#7205));
#7207=FACE_OUTER_BOUND('',#7206,.T.);
#7208=ADVANCED_FACE('',(#7207),#7197,.T.);
#7209=DIRECTION('',(-0.896872,-0.442291,0));
#7210=DIRECTION('',(0,-0,-1));
#7211=AXIS2_PLACEMENT_3D('',#1334,#7209,#7210);
#7212=PLANE('',#7211);
#7213=ORIENTED_EDGE('',*,*,#7203,.T.);
#7214=ORIENTED_EDGE('',*,*,#6323,.T.);
#7215=ORIENTED_EDGE('',*,*,#7082,.F.);
#7216=ORIENTED_EDGE('',*,*,#5501,.F.);
#7217=EDGE_LOOP('',(#7213,#7214,#7215,#7216));
#7218=FACE_OUTER_BOUND('',#7217,.T.);
#7219=ADVANCED_FACE('',(#7218),#7212,.T.);
#7220=DIRECTION('',(0.896881,0.442273,0));
#7221=DIRECTION('',(0,0,1));
#7222=AXIS2_PLACEMENT_3D('',#1200,#7220,#7221);
#7223=PLANE('',#7222);
#7224=DIRECTION('',(0,0,1));
#7225=VECTOR('',#7224,5);
#7226=LINE('',#1200,#7225);
#7227=EDGE_CURVE('',#1201,#1249,#7226,.T.);
#7228=ORIENTED_EDGE('',*,*,#7227,.T.);
#7229=ORIENTED_EDGE('',*,*,#6156,.F.);
#7230=DIRECTION('',(0,0,1));
#7231=VECTOR('',#7230,5);
#7232=LINE('',#1198,#7231);
#7233=EDGE_CURVE('',#1199,#1247,#7232,.T.);
#7234=ORIENTED_EDGE('',*,*,#7233,.F.);
#7235=ORIENTED_EDGE('',*,*,#5244,.T.);
#7236=EDGE_LOOP('',(#7228,#7229,#7234,#7235));
#7237=FACE_OUTER_BOUND('',#7236,.T.);
#7238=ADVANCED_FACE('',(#7237),#7223,.T.);
#7239=DIRECTION('',(0.94693,0.321438,-0));
#7240=DIRECTION('',(-0,0,-1));
#7241=AXIS2_PLACEMENT_3D('',#1244,#7239,#7240);
#7242=PLANE('',#7241);
#7243=ORIENTED_EDGE('',*,*,#6161,.T.);
#7244=ORIENTED_EDGE('',*,*,#7227,.F.);
#7245=ORIENTED_EDGE('',*,*,#5239,.F.);
#7246=DIRECTION('',(0,0,1));
#7247=VECTOR('',#7246,5);
#7248=LINE('',#1196,#7247);
#7249=EDGE_CURVE('',#1197,#1245,#7248,.T.);
#7250=ORIENTED_EDGE('',*,*,#7249,.T.);
#7251=EDGE_LOOP('',(#7243,#7244,#7245,#7250));
#7252=FACE_OUTER_BOUND('',#7251,.T.);
#7253=ADVANCED_FACE('',(#7252),#7242,.T.);
#7254=DIRECTION('',(0.980783,0.195104,0));
#7255=DIRECTION('',(0,0,-1));
#7256=AXIS2_PLACEMENT_3D('',#1250,#7254,#7255);
#7257=PLANE('',#7256);
#7258=ORIENTED_EDGE('',*,*,#6166,.F.);
#7259=ORIENTED_EDGE('',*,*,#7249,.F.);
#7260=ORIENTED_EDGE('',*,*,#5234,.T.);
#7261=DIRECTION('',(0,0,1));
#7262=VECTOR('',#7261,5);
#7263=LINE('',#1202,#7262);
#7264=EDGE_CURVE('',#1203,#1251,#7263,.T.);
#7265=ORIENTED_EDGE('',*,*,#7264,.T.);
#7266=EDGE_LOOP('',(#7258,#7259,#7260,#7265));
#7267=FACE_OUTER_BOUND('',#7266,.T.);
#7268=ADVANCED_FACE('',(#7267),#7257,.T.);
#7269=DIRECTION('',(0.997859,0.065401,0));
#7270=DIRECTION('',(0,0,-1));
#7271=AXIS2_PLACEMENT_3D('',#1204,#7269,#7270);
#7272=PLANE('',#7271);
#7273=DIRECTION('',(0,0,1));
#7274=VECTOR('',#7273,5);
#7275=LINE('',#1204,#7274);
#7276=EDGE_CURVE('',#1205,#1253,#7275,.T.);
#7277=ORIENTED_EDGE('',*,*,#7276,.T.);
#7278=ORIENTED_EDGE('',*,*,#6171,.F.);
#7279=ORIENTED_EDGE('',*,*,#7264,.F.);
#7280=ORIENTED_EDGE('',*,*,#5229,.T.);
#7281=EDGE_LOOP('',(#7277,#7278,#7279,#7280));
#7282=FACE_OUTER_BOUND('',#7281,.T.);
#7283=ADVANCED_FACE('',(#7282),#7272,.T.);
#7284=DIRECTION('',(0.997859,-0.065401,0));
#7285=DIRECTION('',(0,0,-1));
#7286=AXIS2_PLACEMENT_3D('',#1206,#7284,#7285);
#7287=PLANE('',#7286);
#7288=DIRECTION('',(0,0,1));
#7289=VECTOR('',#7288,5);
#7290=LINE('',#1206,#7289);
#7291=EDGE_CURVE('',#1207,#1255,#7290,.T.);
#7292=ORIENTED_EDGE('',*,*,#7291,.T.);
#7293=ORIENTED_EDGE('',*,*,#6176,.F.);
#7294=ORIENTED_EDGE('',*,*,#7276,.F.);
#7295=ORIENTED_EDGE('',*,*,#5224,.T.);
#7296=EDGE_LOOP('',(#7292,#7293,#7294,#7295));
#7297=FACE_OUTER_BOUND('',#7296,.T.);
#7298=ADVANCED_FACE('',(#7297),#7287,.T.);
#7299=DIRECTION('',(0.980783,-0.195104,0));
#7300=DIRECTION('',(0,0,-1));
#7301=AXIS2_PLACEMENT_3D('',#1208,#7299,#7300);
#7302=PLANE('',#7301);
#7303=DIRECTION('',(0,0,1));
#7304=VECTOR('',#7303,5);
#7305=LINE('',#1208,#7304);
#7306=EDGE_CURVE('',#1209,#1257,#7305,.T.);
#7307=ORIENTED_EDGE('',*,*,#7306,.T.);
#7308=ORIENTED_EDGE('',*,*,#6181,.F.);
#7309=ORIENTED_EDGE('',*,*,#7291,.F.);
#7310=ORIENTED_EDGE('',*,*,#5219,.T.);
#7311=EDGE_LOOP('',(#7307,#7308,#7309,#7310));
#7312=FACE_OUTER_BOUND('',#7311,.T.);
#7313=ADVANCED_FACE('',(#7312),#7302,.T.);
#7314=DIRECTION('',(0.94693,-0.321438,0));
#7315=DIRECTION('',(0,0,-1));
#7316=AXIS2_PLACEMENT_3D('',#1256,#7314,#7315);
#7317=PLANE('',#7316);
#7318=ORIENTED_EDGE('',*,*,#7306,.F.);
#7319=ORIENTED_EDGE('',*,*,#5454,.T.);
#7320=DIRECTION('',(0,0,1));
#7321=VECTOR('',#7320,5);
#7322=LINE('',#1210,#7321);
#7323=EDGE_CURVE('',#1211,#1259,#7322,.T.);
#7324=ORIENTED_EDGE('',*,*,#7323,.T.);
#7325=ORIENTED_EDGE('',*,*,#5946,.F.);
#7326=EDGE_LOOP('',(#7318,#7319,#7324,#7325));
#7327=FACE_OUTER_BOUND('',#7326,.T.);
#7328=ADVANCED_FACE('',(#7327),#7317,.T.);
#7329=DIRECTION('',(0.896881,-0.442273,0));
#7330=DIRECTION('',(0,0,-1));
#7331=AXIS2_PLACEMENT_3D('',#1210,#7329,#7330);
#7332=PLANE('',#7331);
#7333=ORIENTED_EDGE('',*,*,#5449,.T.);
#7334=DIRECTION('',(0,0,1));
#7335=VECTOR('',#7334,5);
#7336=LINE('',#1212,#7335);
#7337=EDGE_CURVE('',#1213,#1261,#7336,.T.);
#7338=ORIENTED_EDGE('',*,*,#7337,.T.);
#7339=ORIENTED_EDGE('',*,*,#5951,.F.);
#7340=ORIENTED_EDGE('',*,*,#7323,.F.);
#7341=EDGE_LOOP('',(#7333,#7338,#7339,#7340));
#7342=FACE_OUTER_BOUND('',#7341,.T.);
#7343=ADVANCED_FACE('',(#7342),#7332,.T.);
#7344=DIRECTION('',(0.442258,0.896888,-0));
#7345=DIRECTION('',(-0,0,1));
#7346=AXIS2_PLACEMENT_3D('',#1222,#7344,#7345);
#7347=PLANE('',#7346);
#7348=ORIENTED_EDGE('',*,*,#5269,.F.);
#7349=DIRECTION('',(0,0,1));
#7350=VECTOR('',#7349,5);
#7351=LINE('',#1214,#7350);
#7352=EDGE_CURVE('',#1215,#1263,#7351,.T.);
#7353=ORIENTED_EDGE('',*,*,#7352,.T.);
#7354=ORIENTED_EDGE('',*,*,#6131,.T.);
#7355=DIRECTION('',(0,0,1));
#7356=VECTOR('',#7355,5);
#7357=LINE('',#1222,#7356);
#7358=EDGE_CURVE('',#1223,#1271,#7357,.T.);
#7359=ORIENTED_EDGE('',*,*,#7358,.F.);
#7360=EDGE_LOOP('',(#7348,#7353,#7354,#7359));
#7361=FACE_OUTER_BOUND('',#7360,.T.);
#7362=ADVANCED_FACE('',(#7361),#7347,.T.);
#7363=DIRECTION('',(0.751822,0.659367,-0));
#7364=DIRECTION('',(-0,0,1));
#7365=AXIS2_PLACEMENT_3D('',#1264,#7363,#7364);
#7366=PLANE('',#7365);
#7367=ORIENTED_EDGE('',*,*,#6146,.T.);
#7368=DIRECTION('',(0,0,1));
#7369=VECTOR('',#7368,5);
#7370=LINE('',#1218,#7369);
#7371=EDGE_CURVE('',#1219,#1267,#7370,.T.);
#7372=ORIENTED_EDGE('',*,*,#7371,.F.);
#7373=ORIENTED_EDGE('',*,*,#5254,.F.);
#7374=DIRECTION('',(0,0,1));
#7375=VECTOR('',#7374,5);
#7376=LINE('',#1216,#7375);
#7377=EDGE_CURVE('',#1217,#1265,#7376,.T.);
#7378=ORIENTED_EDGE('',*,*,#7377,.T.);
#7379=EDGE_LOOP('',(#7367,#7372,#7373,#7378));
#7380=FACE_OUTER_BOUND('',#7379,.T.);
#7381=ADVANCED_FACE('',(#7380),#7366,.T.);
#7382=DIRECTION('',(0.659382,0.751808,-0));
#7383=DIRECTION('',(-0,0,1));
#7384=AXIS2_PLACEMENT_3D('',#1218,#7382,#7383);
#7385=PLANE('',#7384);
#7386=ORIENTED_EDGE('',*,*,#7371,.T.);
#7387=ORIENTED_EDGE('',*,*,#6141,.T.);
#7388=DIRECTION('',(0,0,1));
#7389=VECTOR('',#7388,5);
#7390=LINE('',#1220,#7389);
#7391=EDGE_CURVE('',#1221,#1269,#7390,.T.);
#7392=ORIENTED_EDGE('',*,*,#7391,.F.);
#7393=ORIENTED_EDGE('',*,*,#5259,.F.);
#7394=EDGE_LOOP('',(#7386,#7387,#7392,#7393));
#7395=FACE_OUTER_BOUND('',#7394,.T.);
#7396=ADVANCED_FACE('',(#7395),#7385,.T.);
#7397=DIRECTION('',(0.831477,0.555559,-0));
#7398=DIRECTION('',(-0,0,1));
#7399=AXIS2_PLACEMENT_3D('',#1264,#7397,#7398);
#7400=PLANE('',#7399);
#7401=ORIENTED_EDGE('',*,*,#7377,.F.);
#7402=ORIENTED_EDGE('',*,*,#5249,.F.);
#7403=ORIENTED_EDGE('',*,*,#7233,.T.);
#7404=ORIENTED_EDGE('',*,*,#6151,.T.);
#7405=EDGE_LOOP('',(#7401,#7402,#7403,#7404));
#7406=FACE_OUTER_BOUND('',#7405,.T.);
#7407=ADVANCED_FACE('',(#7406),#7400,.T.);
#7408=DIRECTION('',(0.555551,0.831482,0));
#7409=DIRECTION('',(0,0,1));
#7410=AXIS2_PLACEMENT_3D('',#1268,#7408,#7409);
#7411=PLANE('',#7410);
#7412=ORIENTED_EDGE('',*,*,#6136,.F.);
#7413=ORIENTED_EDGE('',*,*,#7352,.F.);
#7414=ORIENTED_EDGE('',*,*,#5264,.T.);
#7415=ORIENTED_EDGE('',*,*,#7391,.T.);
#7416=EDGE_LOOP('',(#7412,#7413,#7414,#7415));
#7417=FACE_OUTER_BOUND('',#7416,.T.);
#7418=ADVANCED_FACE('',(#7417),#7411,.T.);
#7419=DIRECTION('',(0.321487,0.946914,-0));
#7420=DIRECTION('',(-0,0,1));
#7421=AXIS2_PLACEMENT_3D('',#1270,#7419,#7420);
#7422=PLANE('',#7421);
#7423=ORIENTED_EDGE('',*,*,#6126,.T.);
#7424=DIRECTION('',(0,0,1));
#7425=VECTOR('',#7424,5);
#7426=LINE('',#1224,#7425);
#7427=EDGE_CURVE('',#1225,#1273,#7426,.T.);
#7428=ORIENTED_EDGE('',*,*,#7427,.F.);
#7429=ORIENTED_EDGE('',*,*,#5274,.F.);
#7430=ORIENTED_EDGE('',*,*,#7358,.T.);
#7431=EDGE_LOOP('',(#7423,#7428,#7429,#7430));
#7432=FACE_OUTER_BOUND('',#7431,.T.);
#7433=ADVANCED_FACE('',(#7432),#7422,.T.);
#7434=DIRECTION('',(0.195044,0.980795,-0));
#7435=DIRECTION('',(-0,0,1));
#7436=AXIS2_PLACEMENT_3D('',#1226,#7434,#7435);
#7437=PLANE('',#7436);
#7438=ORIENTED_EDGE('',*,*,#5279,.F.);
#7439=ORIENTED_EDGE('',*,*,#7427,.T.);
#7440=ORIENTED_EDGE('',*,*,#6121,.T.);
#7441=DIRECTION('',(0,0,1));
#7442=VECTOR('',#7441,5);
#7443=LINE('',#1226,#7442);
#7444=EDGE_CURVE('',#1227,#1275,#7443,.T.);
#7445=ORIENTED_EDGE('',*,*,#7444,.F.);
#7446=EDGE_LOOP('',(#7438,#7439,#7440,#7445));
#7447=FACE_OUTER_BOUND('',#7446,.T.);
#7448=ADVANCED_FACE('',(#7447),#7437,.T.);
#7449=DIRECTION('',(0.065418,0.997858,-0));
#7450=DIRECTION('',(-0,0,1));
#7451=AXIS2_PLACEMENT_3D('',#1274,#7449,#7450);
#7452=PLANE('',#7451);
#7453=ORIENTED_EDGE('',*,*,#6116,.T.);
#7454=DIRECTION('',(0,0,1));
#7455=VECTOR('',#7454,5);
#7456=LINE('',#2474,#7455);
#7457=EDGE_CURVE('',#2475,#2531,#7456,.T.);
#7458=ORIENTED_EDGE('',*,*,#7457,.F.);
#7459=ORIENTED_EDGE('',*,*,#5284,.F.);
#7460=ORIENTED_EDGE('',*,*,#7444,.T.);
#7461=EDGE_LOOP('',(#7453,#7458,#7459,#7460));
#7462=FACE_OUTER_BOUND('',#7461,.T.);
#7463=ADVANCED_FACE('',(#7462),#7452,.T.);
#7464=DIRECTION('',(0.831477,-0.555559,0));
#7465=DIRECTION('',(0,0,-1));
#7466=AXIS2_PLACEMENT_3D('',#1276,#7464,#7465);
#7467=PLANE('',#7466);
#7468=ORIENTED_EDGE('',*,*,#5956,.F.);
#7469=ORIENTED_EDGE('',*,*,#7337,.F.);
#7470=ORIENTED_EDGE('',*,*,#5444,.T.);
#7471=DIRECTION('',(0,0,1));
#7472=VECTOR('',#7471,5);
#7473=LINE('',#1228,#7472);
#7474=EDGE_CURVE('',#1229,#1277,#7473,.T.);
#7475=ORIENTED_EDGE('',*,*,#7474,.T.);
#7476=EDGE_LOOP('',(#7468,#7469,#7470,#7475));
#7477=FACE_OUTER_BOUND('',#7476,.T.);
#7478=ADVANCED_FACE('',(#7477),#7467,.T.);
#7479=DIRECTION('',(0.751822,-0.659367,0));
#7480=DIRECTION('',(0,0,-1));
#7481=AXIS2_PLACEMENT_3D('',#1276,#7479,#7480);
#7482=PLANE('',#7481);
#7483=ORIENTED_EDGE('',*,*,#7474,.F.);
#7484=ORIENTED_EDGE('',*,*,#5439,.T.);
#7485=DIRECTION('',(0,0,1));
#7486=VECTOR('',#7485,5);
#7487=LINE('',#1230,#7486);
#7488=EDGE_CURVE('',#1231,#1279,#7487,.T.);
#7489=ORIENTED_EDGE('',*,*,#7488,.T.);
#7490=ORIENTED_EDGE('',*,*,#5961,.F.);
#7491=EDGE_LOOP('',(#7483,#7484,#7489,#7490));
#7492=FACE_OUTER_BOUND('',#7491,.T.);
#7493=ADVANCED_FACE('',(#7492),#7482,.T.);
#7494=DIRECTION('',(0.659382,-0.751808,0));
#7495=DIRECTION('',(0,0,-1));
#7496=AXIS2_PLACEMENT_3D('',#1278,#7494,#7495);
#7497=PLANE('',#7496);
#7498=ORIENTED_EDGE('',*,*,#7488,.F.);
#7499=ORIENTED_EDGE('',*,*,#5434,.T.);
#7500=DIRECTION('',(0,0,1));
#7501=VECTOR('',#7500,5);
#7502=LINE('',#1232,#7501);
#7503=EDGE_CURVE('',#1233,#1281,#7502,.T.);
#7504=ORIENTED_EDGE('',*,*,#7503,.T.);
#7505=ORIENTED_EDGE('',*,*,#5966,.F.);
#7506=EDGE_LOOP('',(#7498,#7499,#7504,#7505));
#7507=FACE_OUTER_BOUND('',#7506,.T.);
#7508=ADVANCED_FACE('',(#7507),#7497,.T.);
#7509=DIRECTION('',(0.555551,-0.831482,0));
#7510=DIRECTION('',(0,0,-1));
#7511=AXIS2_PLACEMENT_3D('',#1280,#7509,#7510);
#7512=PLANE('',#7511);
#7513=ORIENTED_EDGE('',*,*,#7503,.F.);
#7514=ORIENTED_EDGE('',*,*,#5429,.T.);
#7515=DIRECTION('',(0,0,1));
#7516=VECTOR('',#7515,5);
#7517=LINE('',#1234,#7516);
#7518=EDGE_CURVE('',#1235,#1283,#7517,.T.);
#7519=ORIENTED_EDGE('',*,*,#7518,.T.);
#7520=ORIENTED_EDGE('',*,*,#5971,.F.);
#7521=EDGE_LOOP('',(#7513,#7514,#7519,#7520));
#7522=FACE_OUTER_BOUND('',#7521,.T.);
#7523=ADVANCED_FACE('',(#7522),#7512,.T.);
#7524=DIRECTION('',(0.442258,-0.896888,0));
#7525=DIRECTION('',(0,0,-1));
#7526=AXIS2_PLACEMENT_3D('',#1282,#7524,#7525);
#7527=PLANE('',#7526);
#7528=ORIENTED_EDGE('',*,*,#7518,.F.);
#7529=ORIENTED_EDGE('',*,*,#5424,.T.);
#7530=DIRECTION('',(0,0,1));
#7531=VECTOR('',#7530,5);
#7532=LINE('',#1236,#7531);
#7533=EDGE_CURVE('',#1237,#1285,#7532,.T.);
#7534=ORIENTED_EDGE('',*,*,#7533,.T.);
#7535=ORIENTED_EDGE('',*,*,#5976,.F.);
#7536=EDGE_LOOP('',(#7528,#7529,#7534,#7535));
#7537=FACE_OUTER_BOUND('',#7536,.T.);
#7538=ADVANCED_FACE('',(#7537),#7527,.T.);
#7539=DIRECTION('',(0.321487,-0.946914,0));
#7540=DIRECTION('',(0,0,-1));
#7541=AXIS2_PLACEMENT_3D('',#1284,#7539,#7540);
#7542=PLANE('',#7541);
#7543=ORIENTED_EDGE('',*,*,#7533,.F.);
#7544=ORIENTED_EDGE('',*,*,#5419,.T.);
#7545=DIRECTION('',(0,0,1));
#7546=VECTOR('',#7545,5);
#7547=LINE('',#1238,#7546);
#7548=EDGE_CURVE('',#1239,#1287,#7547,.T.);
#7549=ORIENTED_EDGE('',*,*,#7548,.T.);
#7550=ORIENTED_EDGE('',*,*,#5981,.F.);
#7551=EDGE_LOOP('',(#7543,#7544,#7549,#7550));
#7552=FACE_OUTER_BOUND('',#7551,.T.);
#7553=ADVANCED_FACE('',(#7552),#7542,.T.);
#7554=DIRECTION('',(0.195044,-0.980795,0));
#7555=DIRECTION('',(0,0,-1));
#7556=AXIS2_PLACEMENT_3D('',#1288,#7554,#7555);
#7557=PLANE('',#7556);
#7558=ORIENTED_EDGE('',*,*,#5986,.F.);
#7559=ORIENTED_EDGE('',*,*,#7548,.F.);
#7560=ORIENTED_EDGE('',*,*,#5414,.T.);
#7561=DIRECTION('',(0,0,1));
#7562=VECTOR('',#7561,5);
#7563=LINE('',#1240,#7562);
#7564=EDGE_CURVE('',#1241,#1289,#7563,.T.);
#7565=ORIENTED_EDGE('',*,*,#7564,.T.);
#7566=EDGE_LOOP('',(#7558,#7559,#7560,#7565));
#7567=FACE_OUTER_BOUND('',#7566,.T.);
#7568=ADVANCED_FACE('',(#7567),#7557,.T.);
#7569=DIRECTION('',(0.065418,-0.997858,0));
#7570=DIRECTION('',(0,0,-1));
#7571=AXIS2_PLACEMENT_3D('',#2516,#7569,#7570);
#7572=PLANE('',#7571);
#7573=DIRECTION('',(0,0,1));
#7574=VECTOR('',#7573,5);
#7575=LINE('',#2516,#7574);
#7576=EDGE_CURVE('',#2517,#2573,#7575,.T.);
#7577=ORIENTED_EDGE('',*,*,#7576,.T.);
#7578=ORIENTED_EDGE('',*,*,#5991,.F.);
#7579=ORIENTED_EDGE('',*,*,#7564,.F.);
#7580=ORIENTED_EDGE('',*,*,#5409,.T.);
#7581=EDGE_LOOP('',(#7577,#7578,#7579,#7580));
#7582=FACE_OUTER_BOUND('',#7581,.T.);
#7583=ADVANCED_FACE('',(#7582),#7572,.T.);
#7584=DIRECTION('',(-0.065418,0.997858,0));
#7585=DIRECTION('',(0,-0,1));
#7586=AXIS2_PLACEMENT_3D('',#2476,#7584,#7585);
#7587=PLANE('',#7586);
#7588=ORIENTED_EDGE('',*,*,#5289,.F.);
#7589=ORIENTED_EDGE('',*,*,#7457,.T.);
#7590=ORIENTED_EDGE('',*,*,#6111,.T.);
#7591=DIRECTION('',(0,0,1));
#7592=VECTOR('',#7591,5);
#7593=LINE('',#2476,#7592);
#7594=EDGE_CURVE('',#2477,#2533,#7593,.T.);
#7595=ORIENTED_EDGE('',*,*,#7594,.F.);
#7596=EDGE_LOOP('',(#7588,#7589,#7590,#7595));
#7597=FACE_OUTER_BOUND('',#7596,.T.);
#7598=ADVANCED_FACE('',(#7597),#7587,.T.);
#7599=DIRECTION('',(-0.195044,0.980795,0));
#7600=DIRECTION('',(0,-0,1));
#7601=AXIS2_PLACEMENT_3D('',#2534,#7599,#7600);
#7602=PLANE('',#7601);
#7603=DIRECTION('',(0,0,1));
#7604=VECTOR('',#7603,5);
#7605=LINE('',#2478,#7604);
#7606=EDGE_CURVE('',#2479,#2535,#7605,.T.);
#7607=ORIENTED_EDGE('',*,*,#7606,.F.);
#7608=ORIENTED_EDGE('',*,*,#5294,.F.);
#7609=ORIENTED_EDGE('',*,*,#7594,.T.);
#7610=ORIENTED_EDGE('',*,*,#6106,.T.);
#7611=EDGE_LOOP('',(#7607,#7608,#7609,#7610));
#7612=FACE_OUTER_BOUND('',#7611,.T.);
#7613=ADVANCED_FACE('',(#7612),#7602,.T.);
#7614=DIRECTION('',(-0.321487,0.946914,0));
#7615=DIRECTION('',(0,-0,1));
#7616=AXIS2_PLACEMENT_3D('',#2534,#7614,#7615);
#7617=PLANE('',#7616);
#7618=ORIENTED_EDGE('',*,*,#6101,.T.);
#7619=DIRECTION('',(0,0,1));
#7620=VECTOR('',#7619,5);
#7621=LINE('',#2480,#7620);
#7622=EDGE_CURVE('',#2481,#2537,#7621,.T.);
#7623=ORIENTED_EDGE('',*,*,#7622,.F.);
#7624=ORIENTED_EDGE('',*,*,#5299,.F.);
#7625=ORIENTED_EDGE('',*,*,#7606,.T.);
#7626=EDGE_LOOP('',(#7618,#7623,#7624,#7625));
#7627=FACE_OUTER_BOUND('',#7626,.T.);
#7628=ADVANCED_FACE('',(#7627),#7617,.T.);
#7629=DIRECTION('',(-0.442258,0.896888,0));
#7630=DIRECTION('',(0,-0,1));
#7631=AXIS2_PLACEMENT_3D('',#2538,#7629,#7630);
#7632=PLANE('',#7631);
#7633=DIRECTION('',(0,0,1));
#7634=VECTOR('',#7633,5);
#7635=LINE('',#2482,#7634);
#7636=EDGE_CURVE('',#2483,#2539,#7635,.T.);
#7637=ORIENTED_EDGE('',*,*,#7636,.F.);
#7638=ORIENTED_EDGE('',*,*,#5304,.F.);
#7639=ORIENTED_EDGE('',*,*,#7622,.T.);
#7640=ORIENTED_EDGE('',*,*,#6096,.T.);
#7641=EDGE_LOOP('',(#7637,#7638,#7639,#7640));
#7642=FACE_OUTER_BOUND('',#7641,.T.);
#7643=ADVANCED_FACE('',(#7642),#7632,.T.);
#7644=DIRECTION('',(-0.555551,0.831482,0));
#7645=DIRECTION('',(0,-0,1));
#7646=AXIS2_PLACEMENT_3D('',#2482,#7644,#7645);
#7647=PLANE('',#7646);
#7648=ORIENTED_EDGE('',*,*,#7636,.T.);
#7649=ORIENTED_EDGE('',*,*,#6091,.T.);
#7650=DIRECTION('',(0,0,1));
#7651=VECTOR('',#7650,5);
#7652=LINE('',#2484,#7651);
#7653=EDGE_CURVE('',#2485,#2541,#7652,.T.);
#7654=ORIENTED_EDGE('',*,*,#7653,.F.);
#7655=ORIENTED_EDGE('',*,*,#5309,.F.);
#7656=EDGE_LOOP('',(#7648,#7649,#7654,#7655));
#7657=FACE_OUTER_BOUND('',#7656,.T.);
#7658=ADVANCED_FACE('',(#7657),#7647,.T.);
#7659=DIRECTION('',(-0.659382,0.751808,0));
#7660=DIRECTION('',(0,-0,1));
#7661=AXIS2_PLACEMENT_3D('',#2540,#7659,#7660);
#7662=PLANE('',#7661);
#7663=ORIENTED_EDGE('',*,*,#6086,.T.);
#7664=DIRECTION('',(0,0,1));
#7665=VECTOR('',#7664,5);
#7666=LINE('',#2486,#7665);
#7667=EDGE_CURVE('',#2487,#2543,#7666,.T.);
#7668=ORIENTED_EDGE('',*,*,#7667,.F.);
#7669=ORIENTED_EDGE('',*,*,#5314,.F.);
#7670=ORIENTED_EDGE('',*,*,#7653,.T.);
#7671=EDGE_LOOP('',(#7663,#7668,#7669,#7670));
#7672=FACE_OUTER_BOUND('',#7671,.T.);
#7673=ADVANCED_FACE('',(#7672),#7662,.T.);
#7674=DIRECTION('',(-0.751822,0.659367,0));
#7675=DIRECTION('',(0,-0,1));
#7676=AXIS2_PLACEMENT_3D('',#2486,#7674,#7675);
#7677=PLANE('',#7676);
#7678=ORIENTED_EDGE('',*,*,#7667,.T.);
#7679=ORIENTED_EDGE('',*,*,#6081,.T.);
#7680=DIRECTION('',(0,0,1));
#7681=VECTOR('',#7680,5);
#7682=LINE('',#2488,#7681);
#7683=EDGE_CURVE('',#2489,#2545,#7682,.T.);
#7684=ORIENTED_EDGE('',*,*,#7683,.F.);
#7685=ORIENTED_EDGE('',*,*,#5319,.F.);
#7686=EDGE_LOOP('',(#7678,#7679,#7684,#7685));
#7687=FACE_OUTER_BOUND('',#7686,.T.);
#7688=ADVANCED_FACE('',(#7687),#7677,.T.);
#7689=DIRECTION('',(-0.831477,0.555559,0));
#7690=DIRECTION('',(0,-0,1));
#7691=AXIS2_PLACEMENT_3D('',#2554,#7689,#7690);
#7692=PLANE('',#7691);
#7693=DIRECTION('',(0,0,1));
#7694=VECTOR('',#7693,5);
#7695=LINE('',#2498,#7694);
#7696=EDGE_CURVE('',#2499,#2555,#7695,.T.);
#7697=ORIENTED_EDGE('',*,*,#7696,.F.);
#7698=ORIENTED_EDGE('',*,*,#5324,.F.);
#7699=ORIENTED_EDGE('',*,*,#7683,.T.);
#7700=ORIENTED_EDGE('',*,*,#6076,.T.);
#7701=EDGE_LOOP('',(#7697,#7698,#7699,#7700));
#7702=FACE_OUTER_BOUND('',#7701,.T.);
#7703=ADVANCED_FACE('',(#7702),#7692,.T.);
#7704=DIRECTION('',(-0.442258,-0.896888,0));
#7705=DIRECTION('',(0,-0,-1));
#7706=AXIS2_PLACEMENT_3D('',#2522,#7704,#7705);
#7707=PLANE('',#7706);
#7708=ORIENTED_EDGE('',*,*,#5389,.F.);
#7709=DIRECTION('',(0,0,1));
#7710=VECTOR('',#7709,5);
#7711=LINE('',#2490,#7710);
#7712=EDGE_CURVE('',#2491,#2547,#7711,.T.);
#7713=ORIENTED_EDGE('',*,*,#7712,.T.);
#7714=ORIENTED_EDGE('',*,*,#6011,.T.);
#7715=DIRECTION('',(0,0,1));
#7716=VECTOR('',#7715,5);
#7717=LINE('',#2522,#7716);
#7718=EDGE_CURVE('',#2523,#2579,#7717,.T.);
#7719=ORIENTED_EDGE('',*,*,#7718,.F.);
#7720=EDGE_LOOP('',(#7708,#7713,#7714,#7719));
#7721=FACE_OUTER_BOUND('',#7720,.T.);
#7722=ADVANCED_FACE('',(#7721),#7707,.T.);
#7723=DIRECTION('',(-0.555551,-0.831482,0));
#7724=DIRECTION('',(0,-0,-1));
#7725=AXIS2_PLACEMENT_3D('',#2546,#7723,#7724);
#7726=PLANE('',#7725);
#7727=ORIENTED_EDGE('',*,*,#7712,.F.);
#7728=ORIENTED_EDGE('',*,*,#5384,.T.);
#7729=DIRECTION('',(0,0,1));
#7730=VECTOR('',#7729,5);
#7731=LINE('',#2492,#7730);
#7732=EDGE_CURVE('',#2493,#2549,#7731,.T.);
#7733=ORIENTED_EDGE('',*,*,#7732,.T.);
#7734=ORIENTED_EDGE('',*,*,#6016,.F.);
#7735=EDGE_LOOP('',(#7727,#7728,#7733,#7734));
#7736=FACE_OUTER_BOUND('',#7735,.T.);
#7737=ADVANCED_FACE('',(#7736),#7726,.T.);
#7738=DIRECTION('',(-0.831477,-0.555559,0));
#7739=DIRECTION('',(0,-0,-1));
#7740=AXIS2_PLACEMENT_3D('',#2570,#7738,#7739);
#7741=PLANE('',#7740);
#7742=ORIENTED_EDGE('',*,*,#6031,.F.);
#7743=DIRECTION('',(0,0,1));
#7744=VECTOR('',#7743,5);
#7745=LINE('',#2494,#7744);
#7746=EDGE_CURVE('',#2495,#2551,#7745,.T.);
#7747=ORIENTED_EDGE('',*,*,#7746,.F.);
#7748=ORIENTED_EDGE('',*,*,#5369,.T.);
#7749=DIRECTION('',(0,0,1));
#7750=VECTOR('',#7749,5);
#7751=LINE('',#2514,#7750);
#7752=EDGE_CURVE('',#2515,#2571,#7751,.T.);
#7753=ORIENTED_EDGE('',*,*,#7752,.T.);
#7754=EDGE_LOOP('',(#7742,#7747,#7748,#7753));
#7755=FACE_OUTER_BOUND('',#7754,.T.);
#7756=ADVANCED_FACE('',(#7755),#7741,.T.);
#7757=DIRECTION('',(-0.659382,-0.751808,0));
#7758=DIRECTION('',(0,-0,-1));
#7759=AXIS2_PLACEMENT_3D('',#2548,#7757,#7758);
#7760=PLANE('',#7759);
#7761=ORIENTED_EDGE('',*,*,#7732,.F.);
#7762=ORIENTED_EDGE('',*,*,#5379,.T.);
#7763=DIRECTION('',(0,0,1));
#7764=VECTOR('',#7763,5);
#7765=LINE('',#2496,#7764);
#7766=EDGE_CURVE('',#2497,#2553,#7765,.T.);
#7767=ORIENTED_EDGE('',*,*,#7766,.T.);
#7768=ORIENTED_EDGE('',*,*,#6021,.F.);
#7769=EDGE_LOOP('',(#7761,#7762,#7767,#7768));
#7770=FACE_OUTER_BOUND('',#7769,.T.);
#7771=ADVANCED_FACE('',(#7770),#7760,.T.);
#7772=DIRECTION('',(-0.751822,-0.659367,0));
#7773=DIRECTION('',(0,-0,-1));
#7774=AXIS2_PLACEMENT_3D('',#2552,#7772,#7773);
#7775=PLANE('',#7774);
#7776=ORIENTED_EDGE('',*,*,#7766,.F.);
#7777=ORIENTED_EDGE('',*,*,#5374,.F.);
#7778=ORIENTED_EDGE('',*,*,#7746,.T.);
#7779=ORIENTED_EDGE('',*,*,#6026,.T.);
#7780=EDGE_LOOP('',(#7776,#7777,#7778,#7779));
#7781=FACE_OUTER_BOUND('',#7780,.T.);
#7782=ADVANCED_FACE('',(#7781),#7775,.T.);
#7783=DIRECTION('',(-0.896881,0.442273,0));
#7784=DIRECTION('',(0,-0,1));
#7785=AXIS2_PLACEMENT_3D('',#2498,#7783,#7784);
#7786=PLANE('',#7785);
#7787=ORIENTED_EDGE('',*,*,#7696,.T.);
#7788=ORIENTED_EDGE('',*,*,#6071,.T.);
#7789=DIRECTION('',(0,0,1));
#7790=VECTOR('',#7789,5);
#7791=LINE('',#2500,#7790);
#7792=EDGE_CURVE('',#2501,#2557,#7791,.T.);
#7793=ORIENTED_EDGE('',*,*,#7792,.F.);
#7794=ORIENTED_EDGE('',*,*,#5329,.F.);
#7795=EDGE_LOOP('',(#7787,#7788,#7793,#7794));
#7796=FACE_OUTER_BOUND('',#7795,.T.);
#7797=ADVANCED_FACE('',(#7796),#7786,.T.);
#7798=DIRECTION('',(-0.94693,0.321438,0));
#7799=DIRECTION('',(0,-0,1));
#7800=AXIS2_PLACEMENT_3D('',#2502,#7798,#7799);
#7801=PLANE('',#7800);
#7802=ORIENTED_EDGE('',*,*,#5334,.F.);
#7803=ORIENTED_EDGE('',*,*,#7792,.T.);
#7804=ORIENTED_EDGE('',*,*,#6066,.T.);
#7805=DIRECTION('',(0,0,1));
#7806=VECTOR('',#7805,5);
#7807=LINE('',#2502,#7806);
#7808=EDGE_CURVE('',#2503,#2559,#7807,.T.);
#7809=ORIENTED_EDGE('',*,*,#7808,.F.);
#7810=EDGE_LOOP('',(#7802,#7803,#7804,#7809));
#7811=FACE_OUTER_BOUND('',#7810,.T.);
#7812=ADVANCED_FACE('',(#7811),#7801,.T.);
#7813=DIRECTION('',(-0.980783,0.195104,0));
#7814=DIRECTION('',(0,-0,1));
#7815=AXIS2_PLACEMENT_3D('',#2558,#7813,#7814);
#7816=PLANE('',#7815);
#7817=ORIENTED_EDGE('',*,*,#6061,.T.);
#7818=DIRECTION('',(0,0,1));
#7819=VECTOR('',#7818,5);
#7820=LINE('',#2504,#7819);
#7821=EDGE_CURVE('',#2505,#2561,#7820,.T.);
#7822=ORIENTED_EDGE('',*,*,#7821,.F.);
#7823=ORIENTED_EDGE('',*,*,#5339,.F.);
#7824=ORIENTED_EDGE('',*,*,#7808,.T.);
#7825=EDGE_LOOP('',(#7817,#7822,#7823,#7824));
#7826=FACE_OUTER_BOUND('',#7825,.T.);
#7827=ADVANCED_FACE('',(#7826),#7816,.T.);
#7828=DIRECTION('',(-0.997859,0.065401,0));
#7829=DIRECTION('',(0,-0,1));
#7830=AXIS2_PLACEMENT_3D('',#2562,#7828,#7829);
#7831=PLANE('',#7830);
#7832=DIRECTION('',(0,0,1));
#7833=VECTOR('',#7832,5);
#7834=LINE('',#2506,#7833);
#7835=EDGE_CURVE('',#2507,#2563,#7834,.T.);
#7836=ORIENTED_EDGE('',*,*,#7835,.F.);
#7837=ORIENTED_EDGE('',*,*,#5344,.F.);
#7838=ORIENTED_EDGE('',*,*,#7821,.T.);
#7839=ORIENTED_EDGE('',*,*,#6056,.T.);
#7840=EDGE_LOOP('',(#7836,#7837,#7838,#7839));
#7841=FACE_OUTER_BOUND('',#7840,.T.);
#7842=ADVANCED_FACE('',(#7841),#7831,.T.);
#7843=DIRECTION('',(-0.94693,-0.321438,0));
#7844=DIRECTION('',(0,-0,1));
#7845=AXIS2_PLACEMENT_3D('',#2512,#7843,#7844);
#7846=PLANE('',#7845);
#7847=ORIENTED_EDGE('',*,*,#5359,.F.);
#7848=DIRECTION('',(0,0,1));
#7849=VECTOR('',#7848,5);
#7850=LINE('',#2510,#7849);
#7851=EDGE_CURVE('',#2511,#2567,#7850,.T.);
#7852=ORIENTED_EDGE('',*,*,#7851,.T.);
#7853=ORIENTED_EDGE('',*,*,#6041,.T.);
#7854=DIRECTION('',(0,0,1));
#7855=VECTOR('',#7854,5);
#7856=LINE('',#2512,#7855);
#7857=EDGE_CURVE('',#2513,#2569,#7856,.T.);
#7858=ORIENTED_EDGE('',*,*,#7857,.F.);
#7859=EDGE_LOOP('',(#7847,#7852,#7853,#7858));
#7860=FACE_OUTER_BOUND('',#7859,.T.);
#7861=ADVANCED_FACE('',(#7860),#7846,.T.);
#7862=DIRECTION('',(-0.997859,-0.065401,0));
#7863=DIRECTION('',(0,-0,1));
#7864=AXIS2_PLACEMENT_3D('',#2564,#7862,#7863);
#7865=PLANE('',#7864);
#7866=DIRECTION('',(0,0,1));
#7867=VECTOR('',#7866,5);
#7868=LINE('',#2508,#7867);
#7869=EDGE_CURVE('',#2509,#2565,#7868,.T.);
#7870=ORIENTED_EDGE('',*,*,#7869,.F.);
#7871=ORIENTED_EDGE('',*,*,#5349,.F.);
#7872=ORIENTED_EDGE('',*,*,#7835,.T.);
#7873=ORIENTED_EDGE('',*,*,#6051,.T.);
#7874=EDGE_LOOP('',(#7870,#7871,#7872,#7873));
#7875=FACE_OUTER_BOUND('',#7874,.T.);
#7876=ADVANCED_FACE('',(#7875),#7865,.T.);
#7877=DIRECTION('',(-0.980783,-0.195104,0));
#7878=DIRECTION('',(0,-0,1));
#7879=AXIS2_PLACEMENT_3D('',#2566,#7877,#7878);
#7880=PLANE('',#7879);
#7881=ORIENTED_EDGE('',*,*,#7851,.F.);
#7882=ORIENTED_EDGE('',*,*,#5354,.F.);
#7883=ORIENTED_EDGE('',*,*,#7869,.T.);
#7884=ORIENTED_EDGE('',*,*,#6046,.T.);
#7885=EDGE_LOOP('',(#7881,#7882,#7883,#7884));
#7886=FACE_OUTER_BOUND('',#7885,.T.);
#7887=ADVANCED_FACE('',(#7886),#7880,.T.);
#7888=DIRECTION('',(-0.896881,-0.442273,0));
#7889=DIRECTION('',(0,-0,-1));
#7890=AXIS2_PLACEMENT_3D('',#2570,#7888,#7889);
#7891=PLANE('',#7890);
#7892=ORIENTED_EDGE('',*,*,#7752,.F.);
#7893=ORIENTED_EDGE('',*,*,#5364,.F.);
#7894=ORIENTED_EDGE('',*,*,#7857,.T.);
#7895=ORIENTED_EDGE('',*,*,#6036,.T.);
#7896=EDGE_LOOP('',(#7892,#7893,#7894,#7895));
#7897=FACE_OUTER_BOUND('',#7896,.T.);
#7898=ADVANCED_FACE('',(#7897),#7891,.T.);
#7899=DIRECTION('',(-0.065418,-0.997858,0));
#7900=DIRECTION('',(0,-0,-1));
#7901=AXIS2_PLACEMENT_3D('',#2574,#7899,#7900);
#7902=PLANE('',#7901);
#7903=ORIENTED_EDGE('',*,*,#5996,.F.);
#7904=ORIENTED_EDGE('',*,*,#7576,.F.);
#7905=ORIENTED_EDGE('',*,*,#5404,.T.);
#7906=DIRECTION('',(0,0,1));
#7907=VECTOR('',#7906,5);
#7908=LINE('',#2518,#7907);
#7909=EDGE_CURVE('',#2519,#2575,#7908,.T.);
#7910=ORIENTED_EDGE('',*,*,#7909,.T.);
#7911=EDGE_LOOP('',(#7903,#7904,#7905,#7910));
#7912=FACE_OUTER_BOUND('',#7911,.T.);
#7913=ADVANCED_FACE('',(#7912),#7902,.T.);
#7914=DIRECTION('',(-0.195044,-0.980795,0));
#7915=DIRECTION('',(0,-0,-1));
#7916=AXIS2_PLACEMENT_3D('',#2576,#7914,#7915);
#7917=PLANE('',#7916);
#7918=ORIENTED_EDGE('',*,*,#6001,.F.);
#7919=ORIENTED_EDGE('',*,*,#7909,.F.);
#7920=ORIENTED_EDGE('',*,*,#5399,.T.);
#7921=DIRECTION('',(0,0,1));
#7922=VECTOR('',#7921,5);
#7923=LINE('',#2520,#7922);
#7924=EDGE_CURVE('',#2521,#2577,#7923,.T.);
#7925=ORIENTED_EDGE('',*,*,#7924,.T.);
#7926=EDGE_LOOP('',(#7918,#7919,#7920,#7925));
#7927=FACE_OUTER_BOUND('',#7926,.T.);
#7928=ADVANCED_FACE('',(#7927),#7917,.T.);
#7929=DIRECTION('',(-0.321487,-0.946914,0));
#7930=DIRECTION('',(0,-0,-1));
#7931=AXIS2_PLACEMENT_3D('',#2578,#7929,#7930);
#7932=PLANE('',#7931);
#7933=ORIENTED_EDGE('',*,*,#6006,.F.);
#7934=ORIENTED_EDGE('',*,*,#7924,.F.);
#7935=ORIENTED_EDGE('',*,*,#5394,.T.);
#7936=ORIENTED_EDGE('',*,*,#7718,.T.);
#7937=EDGE_LOOP('',(#7933,#7934,#7935,#7936));
#7938=FACE_OUTER_BOUND('',#7937,.T.);
#7939=ADVANCED_FACE('',(#7938),#7932,.T.);
#7940=DIRECTION('',(0.817551,0.575856,-0));
#7941=DIRECTION('',(-0,0,1));
#7942=AXIS2_PLACEMENT_3D('',#20,#7940,#7941);
#7943=PLANE('',#7942);
#7944=ORIENTED_EDGE('',*,*,#4180,.F.);
#7945=DIRECTION('',(0,0,1));
#7946=VECTOR('',#7945,2);
#7947=LINE('',#16,#7946);
#7948=EDGE_CURVE('',#17,#275,#7947,.T.);
#7949=ORIENTED_EDGE('',*,*,#7948,.T.);
#7950=DIRECTION('',(0.575856,-0.817551,0));
#7951=VECTOR('',#7950,0.132514);
#7952=LINE('',#274,#7951);
#7953=EDGE_CURVE('',#275,#279,#7952,.T.);
#7954=ORIENTED_EDGE('',*,*,#7953,.T.);
#7955=DIRECTION('',(0,0,1));
#7956=VECTOR('',#7955,2);
#7957=LINE('',#20,#7956);
#7958=EDGE_CURVE('',#21,#279,#7957,.T.);
#7959=ORIENTED_EDGE('',*,*,#7958,.F.);
#7960=EDGE_LOOP('',(#7944,#7949,#7954,#7959));
#7961=FACE_OUTER_BOUND('',#7960,.T.);
#7962=ADVANCED_FACE('',(#7961),#7943,.T.);
#7963=DIRECTION('',(0.788358,0.615217,0));
#7964=DIRECTION('',(0,0,1));
#7965=AXIS2_PLACEMENT_3D('',#18,#7963,#7964);
#7966=PLANE('',#7965);
#7967=ORIENTED_EDGE('',*,*,#4185,.T.);
#7968=ORIENTED_EDGE('',*,*,#7958,.T.);
#7969=DIRECTION('',(-0.615217,0.788358,0));
#7970=VECTOR('',#7969,0.132525);
#7971=LINE('',#276,#7970);
#7972=EDGE_CURVE('',#277,#279,#7971,.T.);
#7973=ORIENTED_EDGE('',*,*,#7972,.F.);
#7974=DIRECTION('',(0,0,1));
#7975=VECTOR('',#7974,2);
#7976=LINE('',#18,#7975);
#7977=EDGE_CURVE('',#19,#277,#7976,.T.);
#7978=ORIENTED_EDGE('',*,*,#7977,.F.);
#7979=EDGE_LOOP('',(#7967,#7968,#7973,#7978));
#7980=FACE_OUTER_BOUND('',#7979,.T.);
#7981=ADVANCED_FACE('',(#7980),#7966,.T.);
#7982=DIRECTION('',(0.870099,0.492877,-0));
#7983=DIRECTION('',(-0,0,1));
#7984=AXIS2_PLACEMENT_3D('',#22,#7982,#7983);
#7985=PLANE('',#7984);
#7986=DIRECTION('',(0,0,1));
#7987=VECTOR('',#7986,2);
#7988=LINE('',#22,#7987);
#7989=EDGE_CURVE('',#23,#281,#7988,.T.);
#7990=ORIENTED_EDGE('',*,*,#7989,.T.);
#7991=DIRECTION('',(0.492877,-0.870099,0));
#7992=VECTOR('',#7991,0.132526);
#7993=LINE('',#280,#7992);
#7994=EDGE_CURVE('',#281,#291,#7993,.T.);
#7995=ORIENTED_EDGE('',*,*,#7994,.T.);
#7996=DIRECTION('',(0,0,1));
#7997=VECTOR('',#7996,2);
#7998=LINE('',#32,#7997);
#7999=EDGE_CURVE('',#33,#291,#7998,.T.);
#8000=ORIENTED_EDGE('',*,*,#7999,.F.);
#8001=ORIENTED_EDGE('',*,*,#4170,.F.);
#8002=EDGE_LOOP('',(#7990,#7995,#8000,#8001));
#8003=FACE_OUTER_BOUND('',#8002,.T.);
#8004=ADVANCED_FACE('',(#8003),#7985,.T.);
#8005=DIRECTION('',(0.893215,0.44963,0));
#8006=DIRECTION('',(0,0,1));
#8007=AXIS2_PLACEMENT_3D('',#280,#8005,#8006);
#8008=PLANE('',#8007);
#8009=ORIENTED_EDGE('',*,*,#7989,.F.);
#8010=ORIENTED_EDGE('',*,*,#4165,.T.);
#8011=DIRECTION('',(0,0,1));
#8012=VECTOR('',#8011,2);
#8013=LINE('',#24,#8012);
#8014=EDGE_CURVE('',#25,#283,#8013,.T.);
#8015=ORIENTED_EDGE('',*,*,#8014,.T.);
#8016=DIRECTION('',(-0.44963,0.893215,0));
#8017=VECTOR('',#8016,0.132513);
#8018=LINE('',#280,#8017);
#8019=EDGE_CURVE('',#281,#283,#8018,.T.);
#8020=ORIENTED_EDGE('',*,*,#8019,.F.);
#8021=EDGE_LOOP('',(#8009,#8010,#8015,#8020));
#8022=FACE_OUTER_BOUND('',#8021,.T.);
#8023=ADVANCED_FACE('',(#8022),#8008,.T.);
#8024=DIRECTION('',(0.932999,0.359878,0));
#8025=DIRECTION('',(0,0,-1));
#8026=AXIS2_PLACEMENT_3D('',#288,#8024,#8025);
#8027=PLANE('',#8026);
#8028=DIRECTION('',(-0.359878,0.932999,0));
#8029=VECTOR('',#8028,0.132521);
#8030=LINE('',#284,#8029);
#8031=EDGE_CURVE('',#285,#289,#8030,.T.);
#8032=ORIENTED_EDGE('',*,*,#8031,.F.);
#8033=DIRECTION('',(0,0,1));
#8034=VECTOR('',#8033,2);
#8035=LINE('',#26,#8034);
#8036=EDGE_CURVE('',#27,#285,#8035,.T.);
#8037=ORIENTED_EDGE('',*,*,#8036,.F.);
#8038=ORIENTED_EDGE('',*,*,#4155,.T.);
#8039=DIRECTION('',(0,0,1));
#8040=VECTOR('',#8039,2);
#8041=LINE('',#28,#8040);
#8042=EDGE_CURVE('',#29,#289,#8041,.T.);
#8043=ORIENTED_EDGE('',*,*,#8042,.T.);
#8044=EDGE_LOOP('',(#8032,#8037,#8038,#8043));
#8045=FACE_OUTER_BOUND('',#8044,.T.);
#8046=ADVANCED_FACE('',(#8045),#8027,.T.);
#8047=DIRECTION('',(0.914202,0.40526,0));
#8048=DIRECTION('',(0,0,-1));
#8049=AXIS2_PLACEMENT_3D('',#282,#8047,#8048);
#8050=PLANE('',#8049);
#8051=ORIENTED_EDGE('',*,*,#8014,.F.);
#8052=ORIENTED_EDGE('',*,*,#4160,.T.);
#8053=ORIENTED_EDGE('',*,*,#8036,.T.);
#8054=DIRECTION('',(-0.40526,0.914202,0));
#8055=VECTOR('',#8054,0.132525);
#8056=LINE('',#282,#8055);
#8057=EDGE_CURVE('',#283,#285,#8056,.T.);
#8058=ORIENTED_EDGE('',*,*,#8057,.F.);
#8059=EDGE_LOOP('',(#8051,#8052,#8053,#8058));
#8060=FACE_OUTER_BOUND('',#8059,.T.);
#8061=ADVANCED_FACE('',(#8060),#8050,.T.);
#8062=DIRECTION('',(0.949526,0.313688,0));
#8063=DIRECTION('',(0,0,-1));
#8064=AXIS2_PLACEMENT_3D('',#286,#8062,#8063);
#8065=PLANE('',#8064);
#8066=DIRECTION('',(0.313688,-0.949526,0));
#8067=VECTOR('',#8066,0.132528);
#8068=LINE('',#286,#8067);
#8069=EDGE_CURVE('',#287,#289,#8068,.T.);
#8070=ORIENTED_EDGE('',*,*,#8069,.T.);
#8071=ORIENTED_EDGE('',*,*,#8042,.F.);
#8072=ORIENTED_EDGE('',*,*,#4150,.T.);
#8073=DIRECTION('',(0,0,1));
#8074=VECTOR('',#8073,2);
#8075=LINE('',#30,#8074);
#8076=EDGE_CURVE('',#31,#287,#8075,.T.);
#8077=ORIENTED_EDGE('',*,*,#8076,.T.);
#8078=EDGE_LOOP('',(#8070,#8071,#8072,#8077));
#8079=FACE_OUTER_BOUND('',#8078,.T.);
#8080=ADVANCED_FACE('',(#8079),#8065,.T.);
#8081=DIRECTION('',(0.844866,0.534978,0));
#8082=DIRECTION('',(0,0,1));
#8083=AXIS2_PLACEMENT_3D('',#32,#8081,#8082);
#8084=PLANE('',#8083);
#8085=ORIENTED_EDGE('',*,*,#7999,.T.);
#8086=DIRECTION('',(-0.534978,0.844866,0));
#8087=VECTOR('',#8086,0.132529);
#8088=LINE('',#274,#8087);
#8089=EDGE_CURVE('',#275,#291,#8088,.T.);
#8090=ORIENTED_EDGE('',*,*,#8089,.F.);
#8091=ORIENTED_EDGE('',*,*,#7948,.F.);
#8092=ORIENTED_EDGE('',*,*,#4175,.T.);
#8093=EDGE_LOOP('',(#8085,#8090,#8091,#8092));
#8094=FACE_OUTER_BOUND('',#8093,.T.);
#8095=ADVANCED_FACE('',(#8094),#8084,.T.);
#8096=DIRECTION('',(0.575815,0.81758,0));
#8097=DIRECTION('',(0,0,1));
#8098=AXIS2_PLACEMENT_3D('',#292,#8096,#8097);
#8099=PLANE('',#8098);
#8100=DIRECTION('',(0,0,1));
#8101=VECTOR('',#8100,2);
#8102=LINE('',#34,#8101);
#8103=EDGE_CURVE('',#35,#293,#8102,.T.);
#8104=ORIENTED_EDGE('',*,*,#8103,.F.);
#8105=ORIENTED_EDGE('',*,*,#4215,.T.);
#8106=DIRECTION('',(0,0,1));
#8107=VECTOR('',#8106,2);
#8108=LINE('',#52,#8107);
#8109=EDGE_CURVE('',#53,#311,#8108,.T.);
#8110=ORIENTED_EDGE('',*,*,#8109,.T.);
#8111=DIRECTION('',(-0.81758,0.575815,0));
#8112=VECTOR('',#8111,0.132524);
#8113=LINE('',#292,#8112);
#8114=EDGE_CURVE('',#293,#311,#8113,.T.);
#8115=ORIENTED_EDGE('',*,*,#8114,.F.);
#8116=EDGE_LOOP('',(#8104,#8105,#8110,#8115));
#8117=FACE_OUTER_BOUND('',#8116,.T.);
#8118=ADVANCED_FACE('',(#8117),#8099,.T.);
#8119=DIRECTION('',(0.535045,0.844823,-0));
#8120=DIRECTION('',(-0,0,1));
#8121=AXIS2_PLACEMENT_3D('',#292,#8119,#8120);
#8122=PLANE('',#8121);
#8123=DIRECTION('',(0.844823,-0.535045,0));
#8124=VECTOR('',#8123,0.132526);
#8125=LINE('',#292,#8124);
#8126=EDGE_CURVE('',#293,#297,#8125,.T.);
#8127=ORIENTED_EDGE('',*,*,#8126,.T.);
#8128=DIRECTION('',(0,0,1));
#8129=VECTOR('',#8128,2);
#8130=LINE('',#38,#8129);
#8131=EDGE_CURVE('',#39,#297,#8130,.T.);
#8132=ORIENTED_EDGE('',*,*,#8131,.F.);
#8133=ORIENTED_EDGE('',*,*,#4220,.F.);
#8134=ORIENTED_EDGE('',*,*,#8103,.T.);
#8135=EDGE_LOOP('',(#8127,#8132,#8133,#8134));
#8136=FACE_OUTER_BOUND('',#8135,.T.);
#8137=ADVANCED_FACE('',(#8136),#8122,.T.);
#8138=DIRECTION('',(0.492912,0.870079,0));
#8139=DIRECTION('',(0,0,1));
#8140=AXIS2_PLACEMENT_3D('',#36,#8138,#8139);
#8141=PLANE('',#8140);
#8142=ORIENTED_EDGE('',*,*,#4225,.T.);
#8143=ORIENTED_EDGE('',*,*,#8131,.T.);
#8144=DIRECTION('',(-0.870079,0.492912,0));
#8145=VECTOR('',#8144,0.132525);
#8146=LINE('',#294,#8145);
#8147=EDGE_CURVE('',#295,#297,#8146,.T.);
#8148=ORIENTED_EDGE('',*,*,#8147,.F.);
#8149=DIRECTION('',(0,0,1));
#8150=VECTOR('',#8149,2);
#8151=LINE('',#36,#8150);
#8152=EDGE_CURVE('',#37,#295,#8151,.T.);
#8153=ORIENTED_EDGE('',*,*,#8152,.F.);
#8154=EDGE_LOOP('',(#8142,#8143,#8148,#8153));
#8155=FACE_OUTER_BOUND('',#8154,.T.);
#8156=ADVANCED_FACE('',(#8155),#8141,.T.);
#8157=DIRECTION('',(0.449538,0.893261,-0));
#8158=DIRECTION('',(-0,0,1));
#8159=AXIS2_PLACEMENT_3D('',#298,#8157,#8158);
#8160=PLANE('',#8159);
#8161=DIRECTION('',(0,0,1));
#8162=VECTOR('',#8161,2);
#8163=LINE('',#40,#8162);
#8164=EDGE_CURVE('',#41,#299,#8163,.T.);
#8165=ORIENTED_EDGE('',*,*,#8164,.F.);
#8166=ORIENTED_EDGE('',*,*,#4230,.F.);
#8167=ORIENTED_EDGE('',*,*,#8152,.T.);
#8168=DIRECTION('',(0.893261,-0.449538,0));
#8169=VECTOR('',#8168,0.132514);
#8170=LINE('',#294,#8169);
#8171=EDGE_CURVE('',#295,#299,#8170,.T.);
#8172=ORIENTED_EDGE('',*,*,#8171,.T.);
#8173=EDGE_LOOP('',(#8165,#8166,#8167,#8172));
#8174=FACE_OUTER_BOUND('',#8173,.T.);
#8175=ADVANCED_FACE('',(#8174),#8160,.T.);
#8176=DIRECTION('',(0.405284,0.914191,-0));
#8177=DIRECTION('',(-0,0,1));
#8178=AXIS2_PLACEMENT_3D('',#42,#8176,#8177);
#8179=PLANE('',#8178);
#8180=ORIENTED_EDGE('',*,*,#4235,.F.);
#8181=ORIENTED_EDGE('',*,*,#8164,.T.);
#8182=DIRECTION('',(0.914191,-0.405284,0));
#8183=VECTOR('',#8182,0.132527);
#8184=LINE('',#298,#8183);
#8185=EDGE_CURVE('',#299,#301,#8184,.T.);
#8186=ORIENTED_EDGE('',*,*,#8185,.T.);
#8187=DIRECTION('',(0,0,1));
#8188=VECTOR('',#8187,2);
#8189=LINE('',#42,#8188);
#8190=EDGE_CURVE('',#43,#301,#8189,.T.);
#8191=ORIENTED_EDGE('',*,*,#8190,.F.);
#8192=EDGE_LOOP('',(#8180,#8181,#8186,#8191));
#8193=FACE_OUTER_BOUND('',#8192,.T.);
#8194=ADVANCED_FACE('',(#8193),#8179,.T.);
#8195=DIRECTION('',(0.724237,0.689551,0));
#8196=DIRECTION('',(0,0,1));
#8197=AXIS2_PLACEMENT_3D('',#306,#8195,#8196);
#8198=PLANE('',#8197);
#8199=DIRECTION('',(-0.689551,0.724237,0));
#8200=VECTOR('',#8199,0.132523);
#8201=LINE('',#304,#8200);
#8202=EDGE_CURVE('',#305,#307,#8201,.T.);
#8203=ORIENTED_EDGE('',*,*,#8202,.F.);
#8204=DIRECTION('',(0,0,1));
#8205=VECTOR('',#8204,2);
#8206=LINE('',#46,#8205);
#8207=EDGE_CURVE('',#47,#305,#8206,.T.);
#8208=ORIENTED_EDGE('',*,*,#8207,.F.);
#8209=ORIENTED_EDGE('',*,*,#4195,.T.);
#8210=DIRECTION('',(0,0,1));
#8211=VECTOR('',#8210,2);
#8212=LINE('',#48,#8211);
#8213=EDGE_CURVE('',#49,#307,#8212,.T.);
#8214=ORIENTED_EDGE('',*,*,#8213,.T.);
#8215=EDGE_LOOP('',(#8203,#8208,#8209,#8214));
#8216=FACE_OUTER_BOUND('',#8215,.T.);
#8217=ADVANCED_FACE('',(#8216),#8198,.T.);
#8218=DIRECTION('',(0.689506,0.72428,0));
#8219=DIRECTION('',(0,0,1));
#8220=AXIS2_PLACEMENT_3D('',#46,#8218,#8219);
#8221=PLANE('',#8220);
#8222=ORIENTED_EDGE('',*,*,#8207,.T.);
#8223=DIRECTION('',(-0.72428,0.689506,0));
#8224=VECTOR('',#8223,0.132515);
#8225=LINE('',#302,#8224);
#8226=EDGE_CURVE('',#303,#305,#8225,.T.);
#8227=ORIENTED_EDGE('',*,*,#8226,.F.);
#8228=DIRECTION('',(0,0,1));
#8229=VECTOR('',#8228,2);
#8230=LINE('',#44,#8229);
#8231=EDGE_CURVE('',#45,#303,#8230,.T.);
#8232=ORIENTED_EDGE('',*,*,#8231,.F.);
#8233=ORIENTED_EDGE('',*,*,#4200,.T.);
#8234=EDGE_LOOP('',(#8222,#8227,#8232,#8233));
#8235=FACE_OUTER_BOUND('',#8234,.T.);
#8236=ADVANCED_FACE('',(#8235),#8221,.T.);
#8237=DIRECTION('',(0.757244,0.653133,-0));
#8238=DIRECTION('',(-0,0,1));
#8239=AXIS2_PLACEMENT_3D('',#276,#8237,#8238);
#8240=PLANE('',#8239);
#8241=DIRECTION('',(0.653133,-0.757244,0));
#8242=VECTOR('',#8241,0.132529);
#8243=LINE('',#276,#8242);
#8244=EDGE_CURVE('',#277,#307,#8243,.T.);
#8245=ORIENTED_EDGE('',*,*,#8244,.T.);
#8246=ORIENTED_EDGE('',*,*,#8213,.F.);
#8247=ORIENTED_EDGE('',*,*,#4190,.F.);
#8248=ORIENTED_EDGE('',*,*,#7977,.T.);
#8249=EDGE_LOOP('',(#8245,#8246,#8247,#8248));
#8250=FACE_OUTER_BOUND('',#8249,.T.);
#8251=ADVANCED_FACE('',(#8250),#8240,.T.);
#8252=DIRECTION('',(0.653178,0.757205,-0));
#8253=DIRECTION('',(-0,0,1));
#8254=AXIS2_PLACEMENT_3D('',#308,#8252,#8253);
#8255=PLANE('',#8254);
#8256=DIRECTION('',(0,0,1));
#8257=VECTOR('',#8256,2);
#8258=LINE('',#50,#8257);
#8259=EDGE_CURVE('',#51,#309,#8258,.T.);
#8260=ORIENTED_EDGE('',*,*,#8259,.F.);
#8261=ORIENTED_EDGE('',*,*,#4205,.F.);
#8262=ORIENTED_EDGE('',*,*,#8231,.T.);
#8263=DIRECTION('',(0.757205,-0.653178,0));
#8264=VECTOR('',#8263,0.132526);
#8265=LINE('',#302,#8264);
#8266=EDGE_CURVE('',#303,#309,#8265,.T.);
#8267=ORIENTED_EDGE('',*,*,#8266,.T.);
#8268=EDGE_LOOP('',(#8260,#8261,#8262,#8267));
#8269=FACE_OUTER_BOUND('',#8268,.T.);
#8270=ADVANCED_FACE('',(#8269),#8255,.T.);
#8271=DIRECTION('',(0.615213,0.788361,-0));
#8272=DIRECTION('',(-0,0,1));
#8273=AXIS2_PLACEMENT_3D('',#308,#8271,#8272);
#8274=PLANE('',#8273);
#8275=DIRECTION('',(0.788361,-0.615213,0));
#8276=VECTOR('',#8275,0.132519);
#8277=LINE('',#308,#8276);
#8278=EDGE_CURVE('',#309,#311,#8277,.T.);
#8279=ORIENTED_EDGE('',*,*,#8278,.T.);
#8280=ORIENTED_EDGE('',*,*,#8109,.F.);
#8281=ORIENTED_EDGE('',*,*,#4210,.F.);
#8282=ORIENTED_EDGE('',*,*,#8259,.T.);
#8283=EDGE_LOOP('',(#8279,#8280,#8281,#8282));
#8284=FACE_OUTER_BOUND('',#8283,.T.);
#8285=ADVANCED_FACE('',(#8284),#8274,.T.);
#8286=DIRECTION('',(0.963777,0.266708,0));
#8287=DIRECTION('',(0,0,-1));
#8288=AXIS2_PLACEMENT_3D('',#30,#8286,#8287);
#8289=PLANE('',#8288);
#8290=ORIENTED_EDGE('',*,*,#4145,.T.);
#8291=DIRECTION('',(0,0,1));
#8292=VECTOR('',#8291,2);
#8293=LINE('',#54,#8292);
#8294=EDGE_CURVE('',#55,#315,#8293,.T.);
#8295=ORIENTED_EDGE('',*,*,#8294,.T.);
#8296=DIRECTION('',(-0.266708,0.963777,0));
#8297=VECTOR('',#8296,0.132516);
#8298=LINE('',#286,#8297);
#8299=EDGE_CURVE('',#287,#315,#8298,.T.);
#8300=ORIENTED_EDGE('',*,*,#8299,.F.);
#8301=ORIENTED_EDGE('',*,*,#8076,.F.);
#8302=EDGE_LOOP('',(#8290,#8295,#8300,#8301));
#8303=FACE_OUTER_BOUND('',#8302,.T.);
#8304=ADVANCED_FACE('',(#8303),#8289,.T.);
#8305=DIRECTION('',(0.9757,0.219112,0));
#8306=DIRECTION('',(0,0,-1));
#8307=AXIS2_PLACEMENT_3D('',#56,#8305,#8306);
#8308=PLANE('',#8307);
#8309=DIRECTION('',(0,0,1));
#8310=VECTOR('',#8309,2);
#8311=LINE('',#56,#8310);
#8312=EDGE_CURVE('',#57,#317,#8311,.T.);
#8313=ORIENTED_EDGE('',*,*,#8312,.T.);
#8314=DIRECTION('',(-0.219112,0.9757,0));
#8315=VECTOR('',#8314,0.132523);
#8316=LINE('',#314,#8315);
#8317=EDGE_CURVE('',#315,#317,#8316,.T.);
#8318=ORIENTED_EDGE('',*,*,#8317,.F.);
#8319=ORIENTED_EDGE('',*,*,#8294,.F.);
#8320=ORIENTED_EDGE('',*,*,#4140,.T.);
#8321=EDGE_LOOP('',(#8313,#8318,#8319,#8320));
#8322=FACE_OUTER_BOUND('',#8321,.T.);
#8323=ADVANCED_FACE('',(#8322),#8308,.T.);
#8324=DIRECTION('',(0.985278,0.170958,0));
#8325=DIRECTION('',(0,0,-1));
#8326=AXIS2_PLACEMENT_3D('',#316,#8324,#8325);
#8327=PLANE('',#8326);
#8328=ORIENTED_EDGE('',*,*,#8312,.F.);
#8329=ORIENTED_EDGE('',*,*,#4135,.T.);
#8330=DIRECTION('',(0,0,1));
#8331=VECTOR('',#8330,2);
#8332=LINE('',#58,#8331);
#8333=EDGE_CURVE('',#59,#319,#8332,.T.);
#8334=ORIENTED_EDGE('',*,*,#8333,.T.);
#8335=DIRECTION('',(-0.170958,0.985278,0));
#8336=VECTOR('',#8335,0.13252);
#8337=LINE('',#316,#8336);
#8338=EDGE_CURVE('',#317,#319,#8337,.T.);
#8339=ORIENTED_EDGE('',*,*,#8338,.F.);
#8340=EDGE_LOOP('',(#8328,#8329,#8334,#8339));
#8341=FACE_OUTER_BOUND('',#8340,.T.);
#8342=ADVANCED_FACE('',(#8341),#8327,.T.);
#8343=DIRECTION('',(0.992478,0.122419,0));
#8344=DIRECTION('',(0,0,-1));
#8345=AXIS2_PLACEMENT_3D('',#58,#8343,#8344);
#8346=PLANE('',#8345);
#8347=ORIENTED_EDGE('',*,*,#4130,.T.);
#8348=DIRECTION('',(0,0,1));
#8349=VECTOR('',#8348,2);
#8350=LINE('',#60,#8349);
#8351=EDGE_CURVE('',#61,#321,#8350,.T.);
#8352=ORIENTED_EDGE('',*,*,#8351,.T.);
#8353=DIRECTION('',(-0.122419,0.992478,0));
#8354=VECTOR('',#8353,0.132528);
#8355=LINE('',#318,#8354);
#8356=EDGE_CURVE('',#319,#321,#8355,.T.);
#8357=ORIENTED_EDGE('',*,*,#8356,.F.);
#8358=ORIENTED_EDGE('',*,*,#8333,.F.);
#8359=EDGE_LOOP('',(#8347,#8352,#8357,#8358));
#8360=FACE_OUTER_BOUND('',#8359,.T.);
#8361=ADVANCED_FACE('',(#8360),#8346,.T.);
#8362=DIRECTION('',(0.997292,0.073542,0));
#8363=DIRECTION('',(0,0,-1));
#8364=AXIS2_PLACEMENT_3D('',#320,#8362,#8363);
#8365=PLANE('',#8364);
#8366=ORIENTED_EDGE('',*,*,#8351,.F.);
#8367=ORIENTED_EDGE('',*,*,#4125,.T.);
#8368=DIRECTION('',(0,0,1));
#8369=VECTOR('',#8368,2);
#8370=LINE('',#62,#8369);
#8371=EDGE_CURVE('',#63,#323,#8370,.T.);
#8372=ORIENTED_EDGE('',*,*,#8371,.T.);
#8373=DIRECTION('',(-0.073542,0.997292,0));
#8374=VECTOR('',#8373,0.132531);
#8375=LINE('',#320,#8374);
#8376=EDGE_CURVE('',#321,#323,#8375,.T.);
#8377=ORIENTED_EDGE('',*,*,#8376,.F.);
#8378=EDGE_LOOP('',(#8366,#8367,#8372,#8377));
#8379=FACE_OUTER_BOUND('',#8378,.T.);
#8380=ADVANCED_FACE('',(#8379),#8365,.T.);
#8381=DIRECTION('',(0.999698,0.024555,0));
#8382=DIRECTION('',(0,0,-1));
#8383=AXIS2_PLACEMENT_3D('',#62,#8381,#8382);
#8384=PLANE('',#8383);
#8385=ORIENTED_EDGE('',*,*,#4120,.T.);
#8386=DIRECTION('',(0,0,1));
#8387=VECTOR('',#8386,2);
#8388=LINE('',#64,#8387);
#8389=EDGE_CURVE('',#65,#325,#8388,.T.);
#8390=ORIENTED_EDGE('',*,*,#8389,.T.);
#8391=DIRECTION('',(-0.024555,0.999698,0));
#8392=VECTOR('',#8391,0.132517);
#8393=LINE('',#322,#8392);
#8394=EDGE_CURVE('',#323,#325,#8393,.T.);
#8395=ORIENTED_EDGE('',*,*,#8394,.F.);
#8396=ORIENTED_EDGE('',*,*,#8371,.F.);
#8397=EDGE_LOOP('',(#8385,#8390,#8395,#8396));
#8398=FACE_OUTER_BOUND('',#8397,.T.);
#8399=ADVANCED_FACE('',(#8398),#8384,.T.);
#8400=DIRECTION('',(0.999698,-0.024555,0));
#8401=DIRECTION('',(0,0,-1));
#8402=AXIS2_PLACEMENT_3D('',#66,#8400,#8401);
#8403=PLANE('',#8402);
#8404=DIRECTION('',(0,0,1));
#8405=VECTOR('',#8404,2);
#8406=LINE('',#66,#8405);
#8407=EDGE_CURVE('',#67,#327,#8406,.T.);
#8408=ORIENTED_EDGE('',*,*,#8407,.T.);
#8409=DIRECTION('',(0.024555,0.999698,0));
#8410=VECTOR('',#8409,0.132517);
#8411=LINE('',#324,#8410);
#8412=EDGE_CURVE('',#325,#327,#8411,.T.);
#8413=ORIENTED_EDGE('',*,*,#8412,.F.);
#8414=ORIENTED_EDGE('',*,*,#8389,.F.);
#8415=ORIENTED_EDGE('',*,*,#4115,.T.);
#8416=EDGE_LOOP('',(#8408,#8413,#8414,#8415));
#8417=FACE_OUTER_BOUND('',#8416,.T.);
#8418=ADVANCED_FACE('',(#8417),#8403,.T.);
#8419=DIRECTION('',(0.997292,-0.073542,0));
#8420=DIRECTION('',(0,0,-1));
#8421=AXIS2_PLACEMENT_3D('',#328,#8419,#8420);
#8422=PLANE('',#8421);
#8423=DIRECTION('',(0.073542,0.997292,0));
#8424=VECTOR('',#8423,0.132531);
#8425=LINE('',#326,#8424);
#8426=EDGE_CURVE('',#327,#329,#8425,.T.);
#8427=ORIENTED_EDGE('',*,*,#8426,.F.);
#8428=ORIENTED_EDGE('',*,*,#8407,.F.);
#8429=ORIENTED_EDGE('',*,*,#4110,.T.);
#8430=DIRECTION('',(0,0,1));
#8431=VECTOR('',#8430,2);
#8432=LINE('',#68,#8431);
#8433=EDGE_CURVE('',#69,#329,#8432,.T.);
#8434=ORIENTED_EDGE('',*,*,#8433,.T.);
#8435=EDGE_LOOP('',(#8427,#8428,#8429,#8434));
#8436=FACE_OUTER_BOUND('',#8435,.T.);
#8437=ADVANCED_FACE('',(#8436),#8422,.T.);
#8438=DIRECTION('',(0.992477,-0.122433,0));
#8439=DIRECTION('',(0,0,-1));
#8440=AXIS2_PLACEMENT_3D('',#70,#8438,#8439);
#8441=PLANE('',#8440);
#8442=DIRECTION('',(0,0,1));
#8443=VECTOR('',#8442,2);
#8444=LINE('',#70,#8443);
#8445=EDGE_CURVE('',#71,#331,#8444,.T.);
#8446=ORIENTED_EDGE('',*,*,#8445,.T.);
#8447=DIRECTION('',(0.122433,0.992477,0));
#8448=VECTOR('',#8447,0.132512);
#8449=LINE('',#328,#8448);
#8450=EDGE_CURVE('',#329,#331,#8449,.T.);
#8451=ORIENTED_EDGE('',*,*,#8450,.F.);
#8452=ORIENTED_EDGE('',*,*,#8433,.F.);
#8453=ORIENTED_EDGE('',*,*,#4105,.T.);
#8454=EDGE_LOOP('',(#8446,#8451,#8452,#8453));
#8455=FACE_OUTER_BOUND('',#8454,.T.);
#8456=ADVANCED_FACE('',(#8455),#8441,.T.);
#8457=DIRECTION('',(0.985282,-0.170939,0));
#8458=DIRECTION('',(0,0,-1));
#8459=AXIS2_PLACEMENT_3D('',#332,#8457,#8458);
#8460=PLANE('',#8459);
#8461=DIRECTION('',(0.170939,0.985282,0));
#8462=VECTOR('',#8461,0.132535);
#8463=LINE('',#330,#8462);
#8464=EDGE_CURVE('',#331,#333,#8463,.T.);
#8465=ORIENTED_EDGE('',*,*,#8464,.F.);
#8466=ORIENTED_EDGE('',*,*,#8445,.F.);
#8467=ORIENTED_EDGE('',*,*,#4100,.T.);
#8468=DIRECTION('',(0,0,1));
#8469=VECTOR('',#8468,2);
#8470=LINE('',#72,#8469);
#8471=EDGE_CURVE('',#73,#333,#8470,.T.);
#8472=ORIENTED_EDGE('',*,*,#8471,.T.);
#8473=EDGE_LOOP('',(#8465,#8466,#8467,#8472));
#8474=FACE_OUTER_BOUND('',#8473,.T.);
#8475=ADVANCED_FACE('',(#8474),#8460,.T.);
#8476=DIRECTION('',(0.9757,-0.219112,0));
#8477=DIRECTION('',(0,0,-1));
#8478=AXIS2_PLACEMENT_3D('',#334,#8476,#8477);
#8479=PLANE('',#8478);
#8480=DIRECTION('',(0.219112,0.9757,0));
#8481=VECTOR('',#8480,0.132523);
#8482=LINE('',#332,#8481);
#8483=EDGE_CURVE('',#333,#335,#8482,.T.);
#8484=ORIENTED_EDGE('',*,*,#8483,.F.);
#8485=ORIENTED_EDGE('',*,*,#8471,.F.);
#8486=ORIENTED_EDGE('',*,*,#4095,.T.);
#8487=DIRECTION('',(0,0,1));
#8488=VECTOR('',#8487,2);
#8489=LINE('',#74,#8488);
#8490=EDGE_CURVE('',#75,#335,#8489,.T.);
#8491=ORIENTED_EDGE('',*,*,#8490,.T.);
#8492=EDGE_LOOP('',(#8484,#8485,#8486,#8491));
#8493=FACE_OUTER_BOUND('',#8492,.T.);
#8494=ADVANCED_FACE('',(#8493),#8479,.T.);
#8495=DIRECTION('',(0.963777,-0.266708,0));
#8496=DIRECTION('',(0,0,-1));
#8497=AXIS2_PLACEMENT_3D('',#334,#8495,#8496);
#8498=PLANE('',#8497);
#8499=ORIENTED_EDGE('',*,*,#8490,.F.);
#8500=ORIENTED_EDGE('',*,*,#4090,.T.);
#8501=DIRECTION('',(0,0,1));
#8502=VECTOR('',#8501,2);
#8503=LINE('',#76,#8502);
#8504=EDGE_CURVE('',#77,#337,#8503,.T.);
#8505=ORIENTED_EDGE('',*,*,#8504,.T.);
#8506=DIRECTION('',(0.266708,0.963777,0));
#8507=VECTOR('',#8506,0.132516);
#8508=LINE('',#334,#8507);
#8509=EDGE_CURVE('',#335,#337,#8508,.T.);
#8510=ORIENTED_EDGE('',*,*,#8509,.F.);
#8511=EDGE_LOOP('',(#8499,#8500,#8505,#8510));
#8512=FACE_OUTER_BOUND('',#8511,.T.);
#8513=ADVANCED_FACE('',(#8512),#8498,.T.);
#8514=DIRECTION('',(0.949526,-0.313688,0));
#8515=DIRECTION('',(0,0,-1));
#8516=AXIS2_PLACEMENT_3D('',#338,#8514,#8515);
#8517=PLANE('',#8516);
#8518=DIRECTION('',(0.313688,0.949526,0));
#8519=VECTOR('',#8518,0.132528);
#8520=LINE('',#336,#8519);
#8521=EDGE_CURVE('',#337,#339,#8520,.T.);
#8522=ORIENTED_EDGE('',*,*,#8521,.F.);
#8523=ORIENTED_EDGE('',*,*,#8504,.F.);
#8524=ORIENTED_EDGE('',*,*,#4085,.T.);
#8525=DIRECTION('',(0,0,1));
#8526=VECTOR('',#8525,2);
#8527=LINE('',#78,#8526);
#8528=EDGE_CURVE('',#79,#339,#8527,.T.);
#8529=ORIENTED_EDGE('',*,*,#8528,.T.);
#8530=EDGE_LOOP('',(#8522,#8523,#8524,#8529));
#8531=FACE_OUTER_BOUND('',#8530,.T.);
#8532=ADVANCED_FACE('',(#8531),#8517,.T.);
#8533=DIRECTION('',(0.932999,-0.359878,0));
#8534=DIRECTION('',(0,0,-1));
#8535=AXIS2_PLACEMENT_3D('',#78,#8533,#8534);
#8536=PLANE('',#8535);
#8537=ORIENTED_EDGE('',*,*,#4080,.T.);
#8538=DIRECTION('',(0,0,1));
#8539=VECTOR('',#8538,2);
#8540=LINE('',#80,#8539);
#8541=EDGE_CURVE('',#81,#341,#8540,.T.);
#8542=ORIENTED_EDGE('',*,*,#8541,.T.);
#8543=DIRECTION('',(0.359878,0.932999,0));
#8544=VECTOR('',#8543,0.132521);
#8545=LINE('',#338,#8544);
#8546=EDGE_CURVE('',#339,#341,#8545,.T.);
#8547=ORIENTED_EDGE('',*,*,#8546,.F.);
#8548=ORIENTED_EDGE('',*,*,#8528,.F.);
#8549=EDGE_LOOP('',(#8537,#8542,#8547,#8548));
#8550=FACE_OUTER_BOUND('',#8549,.T.);
#8551=ADVANCED_FACE('',(#8550),#8536,.T.);
#8552=DIRECTION('',(0.914202,-0.40526,0));
#8553=DIRECTION('',(0,0,-1));
#8554=AXIS2_PLACEMENT_3D('',#342,#8552,#8553);
#8555=PLANE('',#8554);
#8556=DIRECTION('',(0.40526,0.914202,0));
#8557=VECTOR('',#8556,0.132525);
#8558=LINE('',#340,#8557);
#8559=EDGE_CURVE('',#341,#343,#8558,.T.);
#8560=ORIENTED_EDGE('',*,*,#8559,.F.);
#8561=ORIENTED_EDGE('',*,*,#8541,.F.);
#8562=ORIENTED_EDGE('',*,*,#4075,.T.);
#8563=DIRECTION('',(0,0,1));
#8564=VECTOR('',#8563,2);
#8565=LINE('',#82,#8564);
#8566=EDGE_CURVE('',#83,#343,#8565,.T.);
#8567=ORIENTED_EDGE('',*,*,#8566,.T.);
#8568=EDGE_LOOP('',(#8560,#8561,#8562,#8567));
#8569=FACE_OUTER_BOUND('',#8568,.T.);
#8570=ADVANCED_FACE('',(#8569),#8555,.T.);
#8571=DIRECTION('',(0.893215,-0.44963,0));
#8572=DIRECTION('',(0,0,-1));
#8573=AXIS2_PLACEMENT_3D('',#84,#8571,#8572);
#8574=PLANE('',#8573);
#8575=DIRECTION('',(0,0,1));
#8576=VECTOR('',#8575,2);
#8577=LINE('',#84,#8576);
#8578=EDGE_CURVE('',#85,#345,#8577,.T.);
#8579=ORIENTED_EDGE('',*,*,#8578,.T.);
#8580=DIRECTION('',(0.44963,0.893215,0));
#8581=VECTOR('',#8580,0.132513);
#8582=LINE('',#342,#8581);
#8583=EDGE_CURVE('',#343,#345,#8582,.T.);
#8584=ORIENTED_EDGE('',*,*,#8583,.F.);
#8585=ORIENTED_EDGE('',*,*,#8566,.F.);
#8586=ORIENTED_EDGE('',*,*,#4070,.T.);
#8587=EDGE_LOOP('',(#8579,#8584,#8585,#8586));
#8588=FACE_OUTER_BOUND('',#8587,.T.);
#8589=ADVANCED_FACE('',(#8588),#8574,.T.);
#8590=DIRECTION('',(0.870099,-0.492877,0));
#8591=DIRECTION('',(0,0,-1));
#8592=AXIS2_PLACEMENT_3D('',#346,#8590,#8591);
#8593=PLANE('',#8592);
#8594=DIRECTION('',(0.492877,0.870099,0));
#8595=VECTOR('',#8594,0.132526);
#8596=LINE('',#344,#8595);
#8597=EDGE_CURVE('',#345,#347,#8596,.T.);
#8598=ORIENTED_EDGE('',*,*,#8597,.F.);
#8599=ORIENTED_EDGE('',*,*,#8578,.F.);
#8600=ORIENTED_EDGE('',*,*,#4065,.T.);
#8601=DIRECTION('',(0,0,1));
#8602=VECTOR('',#8601,2);
#8603=LINE('',#86,#8602);
#8604=EDGE_CURVE('',#87,#347,#8603,.T.);
#8605=ORIENTED_EDGE('',*,*,#8604,.T.);
#8606=EDGE_LOOP('',(#8598,#8599,#8600,#8605));
#8607=FACE_OUTER_BOUND('',#8606,.T.);
#8608=ADVANCED_FACE('',(#8607),#8593,.T.);
#8609=DIRECTION('',(0.844833,-0.53503,0));
#8610=DIRECTION('',(0,0,-1));
#8611=AXIS2_PLACEMENT_3D('',#346,#8609,#8610);
#8612=PLANE('',#8611);
#8613=ORIENTED_EDGE('',*,*,#8604,.F.);
#8614=ORIENTED_EDGE('',*,*,#4060,.T.);
#8615=DIRECTION('',(0,0,1));
#8616=VECTOR('',#8615,2);
#8617=LINE('',#88,#8616);
#8618=EDGE_CURVE('',#89,#349,#8617,.T.);
#8619=ORIENTED_EDGE('',*,*,#8618,.T.);
#8620=DIRECTION('',(0.53503,0.844833,0));
#8621=VECTOR('',#8620,0.132516);
#8622=LINE('',#346,#8621);
#8623=EDGE_CURVE('',#347,#349,#8622,.T.);
#8624=ORIENTED_EDGE('',*,*,#8623,.F.);
#8625=EDGE_LOOP('',(#8613,#8614,#8619,#8624));
#8626=FACE_OUTER_BOUND('',#8625,.T.);
#8627=ADVANCED_FACE('',(#8626),#8612,.T.);
#8628=DIRECTION('',(0.81759,-0.575801,0));
#8629=DIRECTION('',(0,0,-1));
#8630=AXIS2_PLACEMENT_3D('',#350,#8628,#8629);
#8631=PLANE('',#8630);
#8632=DIRECTION('',(0.575801,0.81759,0));
#8633=VECTOR('',#8632,0.132527);
#8634=LINE('',#348,#8633);
#8635=EDGE_CURVE('',#349,#351,#8634,.T.);
#8636=ORIENTED_EDGE('',*,*,#8635,.F.);
#8637=ORIENTED_EDGE('',*,*,#8618,.F.);
#8638=ORIENTED_EDGE('',*,*,#4055,.T.);
#8639=DIRECTION('',(0,0,1));
#8640=VECTOR('',#8639,2);
#8641=LINE('',#90,#8640);
#8642=EDGE_CURVE('',#91,#351,#8641,.T.);
#8643=ORIENTED_EDGE('',*,*,#8642,.T.);
#8644=EDGE_LOOP('',(#8636,#8637,#8638,#8643));
#8645=FACE_OUTER_BOUND('',#8644,.T.);
#8646=ADVANCED_FACE('',(#8645),#8631,.T.);
#8647=DIRECTION('',(0.788358,-0.615217,0));
#8648=DIRECTION('',(0,0,-1));
#8649=AXIS2_PLACEMENT_3D('',#92,#8647,#8648);
#8650=PLANE('',#8649);
#8651=DIRECTION('',(0,0,1));
#8652=VECTOR('',#8651,2);
#8653=LINE('',#92,#8652);
#8654=EDGE_CURVE('',#93,#353,#8653,.T.);
#8655=ORIENTED_EDGE('',*,*,#8654,.T.);
#8656=DIRECTION('',(0.615217,0.788358,0));
#8657=VECTOR('',#8656,0.132525);
#8658=LINE('',#350,#8657);
#8659=EDGE_CURVE('',#351,#353,#8658,.T.);
#8660=ORIENTED_EDGE('',*,*,#8659,.F.);
#8661=ORIENTED_EDGE('',*,*,#8642,.F.);
#8662=ORIENTED_EDGE('',*,*,#4050,.T.);
#8663=EDGE_LOOP('',(#8655,#8660,#8661,#8662));
#8664=FACE_OUTER_BOUND('',#8663,.T.);
#8665=ADVANCED_FACE('',(#8664),#8650,.T.);
#8666=DIRECTION('',(0.757194,-0.65319,0));
#8667=DIRECTION('',(0,0,-1));
#8668=AXIS2_PLACEMENT_3D('',#92,#8666,#8667);
#8669=PLANE('',#8668);
#8670=ORIENTED_EDGE('',*,*,#4045,.T.);
#8671=DIRECTION('',(0,0,1));
#8672=VECTOR('',#8671,2);
#8673=LINE('',#94,#8672);
#8674=EDGE_CURVE('',#95,#355,#8673,.T.);
#8675=ORIENTED_EDGE('',*,*,#8674,.T.);
#8676=DIRECTION('',(0.65319,0.757194,0));
#8677=VECTOR('',#8676,0.132518);
#8678=LINE('',#352,#8677);
#8679=EDGE_CURVE('',#353,#355,#8678,.T.);
#8680=ORIENTED_EDGE('',*,*,#8679,.F.);
#8681=ORIENTED_EDGE('',*,*,#8654,.F.);
#8682=EDGE_LOOP('',(#8670,#8675,#8680,#8681));
#8683=FACE_OUTER_BOUND('',#8682,.T.);
#8684=ADVANCED_FACE('',(#8683),#8669,.T.);
#8685=DIRECTION('',(0.724237,-0.689551,0));
#8686=DIRECTION('',(0,0,-1));
#8687=AXIS2_PLACEMENT_3D('',#96,#8685,#8686);
#8688=PLANE('',#8687);
#8689=DIRECTION('',(0,0,1));
#8690=VECTOR('',#8689,2);
#8691=LINE('',#96,#8690);
#8692=EDGE_CURVE('',#97,#357,#8691,.T.);
#8693=ORIENTED_EDGE('',*,*,#8692,.T.);
#8694=DIRECTION('',(0.689551,0.724237,0));
#8695=VECTOR('',#8694,0.132523);
#8696=LINE('',#354,#8695);
#8697=EDGE_CURVE('',#355,#357,#8696,.T.);
#8698=ORIENTED_EDGE('',*,*,#8697,.F.);
#8699=ORIENTED_EDGE('',*,*,#8674,.F.);
#8700=ORIENTED_EDGE('',*,*,#4040,.T.);
#8701=EDGE_LOOP('',(#8693,#8698,#8699,#8700));
#8702=FACE_OUTER_BOUND('',#8701,.T.);
#8703=ADVANCED_FACE('',(#8702),#8688,.T.);
#8704=DIRECTION('',(0.689566,-0.724223,0));
#8705=DIRECTION('',(0,0,-1));
#8706=AXIS2_PLACEMENT_3D('',#356,#8704,#8705);
#8707=PLANE('',#8706);
#8708=ORIENTED_EDGE('',*,*,#8692,.F.);
#8709=ORIENTED_EDGE('',*,*,#4035,.T.);
#8710=DIRECTION('',(0,0,1));
#8711=VECTOR('',#8710,2);
#8712=LINE('',#98,#8711);
#8713=EDGE_CURVE('',#99,#359,#8712,.T.);
#8714=ORIENTED_EDGE('',*,*,#8713,.T.);
#8715=DIRECTION('',(0.724223,0.689566,0));
#8716=VECTOR('',#8715,0.132525);
#8717=LINE('',#356,#8716);
#8718=EDGE_CURVE('',#357,#359,#8717,.T.);
#8719=ORIENTED_EDGE('',*,*,#8718,.F.);
#8720=EDGE_LOOP('',(#8708,#8709,#8714,#8719));
#8721=FACE_OUTER_BOUND('',#8720,.T.);
#8722=ADVANCED_FACE('',(#8721),#8707,.T.);
#8723=DIRECTION('',(0.653178,-0.757205,0));
#8724=DIRECTION('',(0,0,-1));
#8725=AXIS2_PLACEMENT_3D('',#360,#8723,#8724);
#8726=PLANE('',#8725);
#8727=DIRECTION('',(0.757205,0.653178,0));
#8728=VECTOR('',#8727,0.132526);
#8729=LINE('',#358,#8728);
#8730=EDGE_CURVE('',#359,#361,#8729,.T.);
#8731=ORIENTED_EDGE('',*,*,#8730,.F.);
#8732=ORIENTED_EDGE('',*,*,#8713,.F.);
#8733=ORIENTED_EDGE('',*,*,#4030,.T.);
#8734=DIRECTION('',(0,0,1));
#8735=VECTOR('',#8734,2);
#8736=LINE('',#100,#8735);
#8737=EDGE_CURVE('',#101,#361,#8736,.T.);
#8738=ORIENTED_EDGE('',*,*,#8737,.T.);
#8739=EDGE_LOOP('',(#8731,#8732,#8733,#8738));
#8740=FACE_OUTER_BOUND('',#8739,.T.);
#8741=ADVANCED_FACE('',(#8740),#8726,.T.);
#8742=DIRECTION('',(0.615213,-0.788361,0));
#8743=DIRECTION('',(0,0,-1));
#8744=AXIS2_PLACEMENT_3D('',#360,#8742,#8743);
#8745=PLANE('',#8744);
#8746=ORIENTED_EDGE('',*,*,#8737,.F.);
#8747=ORIENTED_EDGE('',*,*,#4025,.T.);
#8748=DIRECTION('',(0,0,1));
#8749=VECTOR('',#8748,2);
#8750=LINE('',#102,#8749);
#8751=EDGE_CURVE('',#103,#363,#8750,.T.);
#8752=ORIENTED_EDGE('',*,*,#8751,.T.);
#8753=DIRECTION('',(0.788361,0.615213,0));
#8754=VECTOR('',#8753,0.132519);
#8755=LINE('',#360,#8754);
#8756=EDGE_CURVE('',#361,#363,#8755,.T.);
#8757=ORIENTED_EDGE('',*,*,#8756,.F.);
#8758=EDGE_LOOP('',(#8746,#8747,#8752,#8757));
#8759=FACE_OUTER_BOUND('',#8758,.T.);
#8760=ADVANCED_FACE('',(#8759),#8745,.T.);
#8761=DIRECTION('',(0.575815,-0.81758,0));
#8762=DIRECTION('',(0,0,-1));
#8763=AXIS2_PLACEMENT_3D('',#364,#8761,#8762);
#8764=PLANE('',#8763);
#8765=DIRECTION('',(0.81758,0.575815,0));
#8766=VECTOR('',#8765,0.132524);
#8767=LINE('',#362,#8766);
#8768=EDGE_CURVE('',#363,#365,#8767,.T.);
#8769=ORIENTED_EDGE('',*,*,#8768,.F.);
#8770=ORIENTED_EDGE('',*,*,#8751,.F.);
#8771=ORIENTED_EDGE('',*,*,#4020,.T.);
#8772=DIRECTION('',(0,0,1));
#8773=VECTOR('',#8772,2);
#8774=LINE('',#104,#8773);
#8775=EDGE_CURVE('',#105,#365,#8774,.T.);
#8776=ORIENTED_EDGE('',*,*,#8775,.T.);
#8777=EDGE_LOOP('',(#8769,#8770,#8771,#8776));
#8778=FACE_OUTER_BOUND('',#8777,.T.);
#8779=ADVANCED_FACE('',(#8778),#8764,.T.);
#8780=DIRECTION('',(0.535045,-0.844823,0));
#8781=DIRECTION('',(0,0,-1));
#8782=AXIS2_PLACEMENT_3D('',#104,#8780,#8781);
#8783=PLANE('',#8782);
#8784=ORIENTED_EDGE('',*,*,#4015,.T.);
#8785=DIRECTION('',(0,0,1));
#8786=VECTOR('',#8785,2);
#8787=LINE('',#106,#8786);
#8788=EDGE_CURVE('',#107,#367,#8787,.T.);
#8789=ORIENTED_EDGE('',*,*,#8788,.T.);
#8790=DIRECTION('',(0.844823,0.535045,0));
#8791=VECTOR('',#8790,0.132526);
#8792=LINE('',#364,#8791);
#8793=EDGE_CURVE('',#365,#367,#8792,.T.);
#8794=ORIENTED_EDGE('',*,*,#8793,.F.);
#8795=ORIENTED_EDGE('',*,*,#8775,.F.);
#8796=EDGE_LOOP('',(#8784,#8789,#8794,#8795));
#8797=FACE_OUTER_BOUND('',#8796,.T.);
#8798=ADVANCED_FACE('',(#8797),#8783,.T.);
#8799=DIRECTION('',(0.492824,-0.870129,0));
#8800=DIRECTION('',(0,0,-1));
#8801=AXIS2_PLACEMENT_3D('',#106,#8799,#8800);
#8802=PLANE('',#8801);
#8803=ORIENTED_EDGE('',*,*,#4010,.T.);
#8804=DIRECTION('',(0,0,1));
#8805=VECTOR('',#8804,2);
#8806=LINE('',#108,#8805);
#8807=EDGE_CURVE('',#109,#369,#8806,.T.);
#8808=ORIENTED_EDGE('',*,*,#8807,.T.);
#8809=DIRECTION('',(0.870129,0.492824,0));
#8810=VECTOR('',#8809,0.132517);
#8811=LINE('',#366,#8810);
#8812=EDGE_CURVE('',#367,#369,#8811,.T.);
#8813=ORIENTED_EDGE('',*,*,#8812,.F.);
#8814=ORIENTED_EDGE('',*,*,#8788,.F.);
#8815=EDGE_LOOP('',(#8803,#8808,#8813,#8814));
#8816=FACE_OUTER_BOUND('',#8815,.T.);
#8817=ADVANCED_FACE('',(#8816),#8802,.T.);
#8818=DIRECTION('',(0.44963,-0.893215,0));
#8819=DIRECTION('',(0,0,-1));
#8820=AXIS2_PLACEMENT_3D('',#110,#8818,#8819);
#8821=PLANE('',#8820);
#8822=DIRECTION('',(0,0,1));
#8823=VECTOR('',#8822,2);
#8824=LINE('',#110,#8823);
#8825=EDGE_CURVE('',#111,#371,#8824,.T.);
#8826=ORIENTED_EDGE('',*,*,#8825,.T.);
#8827=DIRECTION('',(0.893215,0.44963,0));
#8828=VECTOR('',#8827,0.132521);
#8829=LINE('',#368,#8828);
#8830=EDGE_CURVE('',#369,#371,#8829,.T.);
#8831=ORIENTED_EDGE('',*,*,#8830,.F.);
#8832=ORIENTED_EDGE('',*,*,#8807,.F.);
#8833=ORIENTED_EDGE('',*,*,#4005,.T.);
#8834=EDGE_LOOP('',(#8826,#8831,#8832,#8833));
#8835=FACE_OUTER_BOUND('',#8834,.T.);
#8836=ADVANCED_FACE('',(#8835),#8821,.T.);
#8837=DIRECTION('',(0.405284,-0.914191,0));
#8838=DIRECTION('',(0,0,-1));
#8839=AXIS2_PLACEMENT_3D('',#110,#8837,#8838);
#8840=PLANE('',#8839);
#8841=ORIENTED_EDGE('',*,*,#4000,.T.);
#8842=DIRECTION('',(0,0,1));
#8843=VECTOR('',#8842,2);
#8844=LINE('',#112,#8843);
#8845=EDGE_CURVE('',#113,#373,#8844,.T.);
#8846=ORIENTED_EDGE('',*,*,#8845,.T.);
#8847=DIRECTION('',(0.914191,0.405284,0));
#8848=VECTOR('',#8847,0.132527);
#8849=LINE('',#370,#8848);
#8850=EDGE_CURVE('',#371,#373,#8849,.T.);
#8851=ORIENTED_EDGE('',*,*,#8850,.F.);
#8852=ORIENTED_EDGE('',*,*,#8825,.F.);
#8853=EDGE_LOOP('',(#8841,#8846,#8851,#8852));
#8854=FACE_OUTER_BOUND('',#8853,.T.);
#8855=ADVANCED_FACE('',(#8854),#8840,.T.);
#8856=DIRECTION('',(0.313645,0.94954,-0));
#8857=DIRECTION('',(-0,0,1));
#8858=AXIS2_PLACEMENT_3D('',#116,#8856,#8857);
#8859=PLANE('',#8858);
#8860=ORIENTED_EDGE('',*,*,#4245,.F.);
#8861=DIRECTION('',(0,0,1));
#8862=VECTOR('',#8861,2);
#8863=LINE('',#114,#8862);
#8864=EDGE_CURVE('',#115,#377,#8863,.T.);
#8865=ORIENTED_EDGE('',*,*,#8864,.T.);
#8866=DIRECTION('',(0.94954,-0.313645,0));
#8867=VECTOR('',#8866,0.132522);
#8868=LINE('',#376,#8867);
#8869=EDGE_CURVE('',#377,#379,#8868,.T.);
#8870=ORIENTED_EDGE('',*,*,#8869,.T.);
#8871=DIRECTION('',(0,0,1));
#8872=VECTOR('',#8871,2);
#8873=LINE('',#116,#8872);
#8874=EDGE_CURVE('',#117,#379,#8873,.T.);
#8875=ORIENTED_EDGE('',*,*,#8874,.F.);
#8876=EDGE_LOOP('',(#8860,#8865,#8870,#8875));
#8877=FACE_OUTER_BOUND('',#8876,.T.);
#8878=ADVANCED_FACE('',(#8877),#8859,.T.);
#8879=DIRECTION('',(0.266674,0.963787,-0));
#8880=DIRECTION('',(-0,0,1));
#8881=AXIS2_PLACEMENT_3D('',#380,#8879,#8880);
#8882=PLANE('',#8881);
#8883=DIRECTION('',(0,0,1));
#8884=VECTOR('',#8883,2);
#8885=LINE('',#118,#8884);
#8886=EDGE_CURVE('',#119,#381,#8885,.T.);
#8887=ORIENTED_EDGE('',*,*,#8886,.F.);
#8888=ORIENTED_EDGE('',*,*,#4250,.F.);
#8889=ORIENTED_EDGE('',*,*,#8874,.T.);
#8890=DIRECTION('',(0.963787,-0.266674,0));
#8891=VECTOR('',#8890,0.132519);
#8892=LINE('',#378,#8891);
#8893=EDGE_CURVE('',#379,#381,#8892,.T.);
#8894=ORIENTED_EDGE('',*,*,#8893,.T.);
#8895=EDGE_LOOP('',(#8887,#8888,#8889,#8894));
#8896=FACE_OUTER_BOUND('',#8895,.T.);
#8897=ADVANCED_FACE('',(#8896),#8882,.T.);
#8898=DIRECTION('',(0.359928,0.93298,-0));
#8899=DIRECTION('',(-0,0,1));
#8900=AXIS2_PLACEMENT_3D('',#42,#8898,#8899);
#8901=PLANE('',#8900);
#8902=ORIENTED_EDGE('',*,*,#8190,.T.);
#8903=DIRECTION('',(0.93298,-0.359928,0));
#8904=VECTOR('',#8903,0.132524);
#8905=LINE('',#300,#8904);
#8906=EDGE_CURVE('',#301,#377,#8905,.T.);
#8907=ORIENTED_EDGE('',*,*,#8906,.T.);
#8908=ORIENTED_EDGE('',*,*,#8864,.F.);
#8909=ORIENTED_EDGE('',*,*,#4240,.F.);
#8910=EDGE_LOOP('',(#8902,#8907,#8908,#8909));
#8911=FACE_OUTER_BOUND('',#8910,.T.);
#8912=ADVANCED_FACE('',(#8911),#8901,.T.);
#8913=DIRECTION('',(0.219112,0.9757,-0));
#8914=DIRECTION('',(-0,0,1));
#8915=AXIS2_PLACEMENT_3D('',#380,#8913,#8914);
#8916=PLANE('',#8915);
#8917=DIRECTION('',(0.9757,-0.219112,0));
#8918=VECTOR('',#8917,0.132523);
#8919=LINE('',#380,#8918);
#8920=EDGE_CURVE('',#381,#383,#8919,.T.);
#8921=ORIENTED_EDGE('',*,*,#8920,.T.);
#8922=DIRECTION('',(0,0,1));
#8923=VECTOR('',#8922,2);
#8924=LINE('',#120,#8923);
#8925=EDGE_CURVE('',#121,#383,#8924,.T.);
#8926=ORIENTED_EDGE('',*,*,#8925,.F.);
#8927=ORIENTED_EDGE('',*,*,#4255,.F.);
#8928=ORIENTED_EDGE('',*,*,#8886,.T.);
#8929=EDGE_LOOP('',(#8921,#8926,#8927,#8928));
#8930=FACE_OUTER_BOUND('',#8929,.T.);
#8931=ADVANCED_FACE('',(#8930),#8916,.T.);
#8932=DIRECTION('',(0.170982,0.985274,-0));
#8933=DIRECTION('',(-0,0,1));
#8934=AXIS2_PLACEMENT_3D('',#120,#8932,#8933);
#8935=PLANE('',#8934);
#8936=ORIENTED_EDGE('',*,*,#8925,.T.);
#8937=DIRECTION('',(0.985274,-0.170982,0));
#8938=VECTOR('',#8937,0.132525);
#8939=LINE('',#382,#8938);
#8940=EDGE_CURVE('',#383,#385,#8939,.T.);
#8941=ORIENTED_EDGE('',*,*,#8940,.T.);
#8942=DIRECTION('',(0,0,1));
#8943=VECTOR('',#8942,2);
#8944=LINE('',#122,#8943);
#8945=EDGE_CURVE('',#123,#385,#8944,.T.);
#8946=ORIENTED_EDGE('',*,*,#8945,.F.);
#8947=ORIENTED_EDGE('',*,*,#4260,.F.);
#8948=EDGE_LOOP('',(#8936,#8941,#8946,#8947));
#8949=FACE_OUTER_BOUND('',#8948,.T.);
#8950=ADVANCED_FACE('',(#8949),#8935,.T.);
#8951=DIRECTION('',(0.122394,0.992482,-0));
#8952=DIRECTION('',(-0,0,1));
#8953=AXIS2_PLACEMENT_3D('',#386,#8951,#8952);
#8954=PLANE('',#8953);
#8955=DIRECTION('',(0,0,1));
#8956=VECTOR('',#8955,2);
#8957=LINE('',#124,#8956);
#8958=EDGE_CURVE('',#125,#387,#8957,.T.);
#8959=ORIENTED_EDGE('',*,*,#8958,.F.);
#8960=ORIENTED_EDGE('',*,*,#4265,.F.);
#8961=ORIENTED_EDGE('',*,*,#8945,.T.);
#8962=DIRECTION('',(0.992482,-0.122394,0));
#8963=VECTOR('',#8962,0.132523);
#8964=LINE('',#384,#8963);
#8965=EDGE_CURVE('',#385,#387,#8964,.T.);
#8966=ORIENTED_EDGE('',*,*,#8965,.T.);
#8967=EDGE_LOOP('',(#8959,#8960,#8961,#8966));
#8968=FACE_OUTER_BOUND('',#8967,.T.);
#8969=ADVANCED_FACE('',(#8968),#8954,.T.);
#8970=DIRECTION('',(0.073577,0.99729,-0));
#8971=DIRECTION('',(-0,0,1));
#8972=AXIS2_PLACEMENT_3D('',#126,#8970,#8971);
#8973=PLANE('',#8972);
#8974=ORIENTED_EDGE('',*,*,#4270,.F.);
#8975=ORIENTED_EDGE('',*,*,#8958,.T.);
#8976=DIRECTION('',(0.99729,-0.073577,0));
#8977=VECTOR('',#8976,0.132519);
#8978=LINE('',#386,#8977);
#8979=EDGE_CURVE('',#387,#389,#8978,.T.);
#8980=ORIENTED_EDGE('',*,*,#8979,.T.);
#8981=DIRECTION('',(0,0,1));
#8982=VECTOR('',#8981,2);
#8983=LINE('',#126,#8982);
#8984=EDGE_CURVE('',#127,#389,#8983,.T.);
#8985=ORIENTED_EDGE('',*,*,#8984,.F.);
#8986=EDGE_LOOP('',(#8974,#8975,#8980,#8985));
#8987=FACE_OUTER_BOUND('',#8986,.T.);
#8988=ADVANCED_FACE('',(#8987),#8973,.T.);
#8989=DIRECTION('',(0.024525,0.999699,-0));
#8990=DIRECTION('',(-0,0,1));
#8991=AXIS2_PLACEMENT_3D('',#126,#8989,#8990);
#8992=PLANE('',#8991);
#8993=ORIENTED_EDGE('',*,*,#8984,.T.);
#8994=DIRECTION('',(0.999699,-0.024525,0));
#8995=VECTOR('',#8994,0.132524);
#8996=LINE('',#388,#8995);
#8997=EDGE_CURVE('',#389,#391,#8996,.T.);
#8998=ORIENTED_EDGE('',*,*,#8997,.T.);
#8999=DIRECTION('',(0,0,1));
#9000=VECTOR('',#8999,2);
#9001=LINE('',#128,#9000);
#9002=EDGE_CURVE('',#129,#391,#9001,.T.);
#9003=ORIENTED_EDGE('',*,*,#9002,.F.);
#9004=ORIENTED_EDGE('',*,*,#4275,.F.);
#9005=EDGE_LOOP('',(#8993,#8998,#9003,#9004));
#9006=FACE_OUTER_BOUND('',#9005,.T.);
#9007=ADVANCED_FACE('',(#9006),#8992,.T.);
#9008=DIRECTION('',(-0.024525,0.999699,0));
#9009=DIRECTION('',(0,-0,1));
#9010=AXIS2_PLACEMENT_3D('',#128,#9008,#9009);
#9011=PLANE('',#9010);
#9012=ORIENTED_EDGE('',*,*,#9002,.T.);
#9013=DIRECTION('',(0.999699,0.024525,0));
#9014=VECTOR('',#9013,0.132524);
#9015=LINE('',#390,#9014);
#9016=EDGE_CURVE('',#391,#393,#9015,.T.);
#9017=ORIENTED_EDGE('',*,*,#9016,.T.);
#9018=DIRECTION('',(0,0,1));
#9019=VECTOR('',#9018,2);
#9020=LINE('',#130,#9019);
#9021=EDGE_CURVE('',#131,#393,#9020,.T.);
#9022=ORIENTED_EDGE('',*,*,#9021,.F.);
#9023=ORIENTED_EDGE('',*,*,#4280,.F.);
#9024=EDGE_LOOP('',(#9012,#9017,#9022,#9023));
#9025=FACE_OUTER_BOUND('',#9024,.T.);
#9026=ADVANCED_FACE('',(#9025),#9011,.T.);
#9027=DIRECTION('',(-0.073577,0.99729,0));
#9028=DIRECTION('',(0,-0,1));
#9029=AXIS2_PLACEMENT_3D('',#394,#9027,#9028);
#9030=PLANE('',#9029);
#9031=DIRECTION('',(0,0,1));
#9032=VECTOR('',#9031,2);
#9033=LINE('',#132,#9032);
#9034=EDGE_CURVE('',#133,#395,#9033,.T.);
#9035=ORIENTED_EDGE('',*,*,#9034,.F.);
#9036=ORIENTED_EDGE('',*,*,#4285,.F.);
#9037=ORIENTED_EDGE('',*,*,#9021,.T.);
#9038=DIRECTION('',(0.99729,0.073577,0));
#9039=VECTOR('',#9038,0.132519);
#9040=LINE('',#392,#9039);
#9041=EDGE_CURVE('',#393,#395,#9040,.T.);
#9042=ORIENTED_EDGE('',*,*,#9041,.T.);
#9043=EDGE_LOOP('',(#9035,#9036,#9037,#9042));
#9044=FACE_OUTER_BOUND('',#9043,.T.);
#9045=ADVANCED_FACE('',(#9044),#9030,.T.);
#9046=DIRECTION('',(-0.122394,0.992482,0));
#9047=DIRECTION('',(0,-0,1));
#9048=AXIS2_PLACEMENT_3D('',#132,#9046,#9047);
#9049=PLANE('',#9048);
#9050=ORIENTED_EDGE('',*,*,#9034,.T.);
#9051=DIRECTION('',(0.992482,0.122394,0));
#9052=VECTOR('',#9051,0.132523);
#9053=LINE('',#394,#9052);
#9054=EDGE_CURVE('',#395,#397,#9053,.T.);
#9055=ORIENTED_EDGE('',*,*,#9054,.T.);
#9056=DIRECTION('',(0,0,1));
#9057=VECTOR('',#9056,2);
#9058=LINE('',#134,#9057);
#9059=EDGE_CURVE('',#135,#397,#9058,.T.);
#9060=ORIENTED_EDGE('',*,*,#9059,.F.);
#9061=ORIENTED_EDGE('',*,*,#4290,.F.);
#9062=EDGE_LOOP('',(#9050,#9055,#9060,#9061));
#9063=FACE_OUTER_BOUND('',#9062,.T.);
#9064=ADVANCED_FACE('',(#9063),#9049,.T.);
#9065=DIRECTION('',(-0.170982,0.985274,0));
#9066=DIRECTION('',(0,-0,1));
#9067=AXIS2_PLACEMENT_3D('',#134,#9065,#9066);
#9068=PLANE('',#9067);
#9069=ORIENTED_EDGE('',*,*,#9059,.T.);
#9070=DIRECTION('',(0.985274,0.170982,0));
#9071=VECTOR('',#9070,0.132525);
#9072=LINE('',#396,#9071);
#9073=EDGE_CURVE('',#397,#399,#9072,.T.);
#9074=ORIENTED_EDGE('',*,*,#9073,.T.);
#9075=DIRECTION('',(0,0,1));
#9076=VECTOR('',#9075,2);
#9077=LINE('',#136,#9076);
#9078=EDGE_CURVE('',#137,#399,#9077,.T.);
#9079=ORIENTED_EDGE('',*,*,#9078,.F.);
#9080=ORIENTED_EDGE('',*,*,#4295,.F.);
#9081=EDGE_LOOP('',(#9069,#9074,#9079,#9080));
#9082=FACE_OUTER_BOUND('',#9081,.T.);
#9083=ADVANCED_FACE('',(#9082),#9068,.T.);
#9084=DIRECTION('',(-0.219112,0.9757,0));
#9085=DIRECTION('',(0,-0,1));
#9086=AXIS2_PLACEMENT_3D('',#398,#9084,#9085);
#9087=PLANE('',#9086);
#9088=DIRECTION('',(0.9757,0.219112,0));
#9089=VECTOR('',#9088,0.132523);
#9090=LINE('',#398,#9089);
#9091=EDGE_CURVE('',#399,#401,#9090,.T.);
#9092=ORIENTED_EDGE('',*,*,#9091,.T.);
#9093=DIRECTION('',(0,0,1));
#9094=VECTOR('',#9093,2);
#9095=LINE('',#138,#9094);
#9096=EDGE_CURVE('',#139,#401,#9095,.T.);
#9097=ORIENTED_EDGE('',*,*,#9096,.F.);
#9098=ORIENTED_EDGE('',*,*,#4300,.F.);
#9099=ORIENTED_EDGE('',*,*,#9078,.T.);
#9100=EDGE_LOOP('',(#9092,#9097,#9098,#9099));
#9101=FACE_OUTER_BOUND('',#9100,.T.);
#9102=ADVANCED_FACE('',(#9101),#9087,.T.);
#9103=DIRECTION('',(-0.266674,0.963787,0));
#9104=DIRECTION('',(0,-0,1));
#9105=AXIS2_PLACEMENT_3D('',#138,#9103,#9104);
#9106=PLANE('',#9105);
#9107=ORIENTED_EDGE('',*,*,#9096,.T.);
#9108=DIRECTION('',(0.963787,0.266674,0));
#9109=VECTOR('',#9108,0.132519);
#9110=LINE('',#400,#9109);
#9111=EDGE_CURVE('',#401,#403,#9110,.T.);
#9112=ORIENTED_EDGE('',*,*,#9111,.T.);
#9113=DIRECTION('',(0,0,1));
#9114=VECTOR('',#9113,2);
#9115=LINE('',#140,#9114);
#9116=EDGE_CURVE('',#141,#403,#9115,.T.);
#9117=ORIENTED_EDGE('',*,*,#9116,.F.);
#9118=ORIENTED_EDGE('',*,*,#4305,.F.);
#9119=EDGE_LOOP('',(#9107,#9112,#9117,#9118));
#9120=FACE_OUTER_BOUND('',#9119,.T.);
#9121=ADVANCED_FACE('',(#9120),#9106,.T.);
#9122=DIRECTION('',(-0.313645,0.94954,0));
#9123=DIRECTION('',(0,-0,1));
#9124=AXIS2_PLACEMENT_3D('',#142,#9122,#9123);
#9125=PLANE('',#9124);
#9126=ORIENTED_EDGE('',*,*,#4310,.F.);
#9127=ORIENTED_EDGE('',*,*,#9116,.T.);
#9128=DIRECTION('',(0.94954,0.313645,0));
#9129=VECTOR('',#9128,0.132522);
#9130=LINE('',#402,#9129);
#9131=EDGE_CURVE('',#403,#405,#9130,.T.);
#9132=ORIENTED_EDGE('',*,*,#9131,.T.);
#9133=DIRECTION('',(0,0,1));
#9134=VECTOR('',#9133,2);
#9135=LINE('',#142,#9134);
#9136=EDGE_CURVE('',#143,#405,#9135,.T.);
#9137=ORIENTED_EDGE('',*,*,#9136,.F.);
#9138=EDGE_LOOP('',(#9126,#9127,#9132,#9137));
#9139=FACE_OUTER_BOUND('',#9138,.T.);
#9140=ADVANCED_FACE('',(#9139),#9125,.T.);
#9141=DIRECTION('',(-0.359928,0.93298,0));
#9142=DIRECTION('',(0,-0,1));
#9143=AXIS2_PLACEMENT_3D('',#144,#9141,#9142);
#9144=PLANE('',#9143);
#9145=ORIENTED_EDGE('',*,*,#4315,.F.);
#9146=ORIENTED_EDGE('',*,*,#9136,.T.);
#9147=DIRECTION('',(0.93298,0.359928,0));
#9148=VECTOR('',#9147,0.132524);
#9149=LINE('',#404,#9148);
#9150=EDGE_CURVE('',#405,#407,#9149,.T.);
#9151=ORIENTED_EDGE('',*,*,#9150,.T.);
#9152=DIRECTION('',(0,0,1));
#9153=VECTOR('',#9152,2);
#9154=LINE('',#144,#9153);
#9155=EDGE_CURVE('',#145,#407,#9154,.T.);
#9156=ORIENTED_EDGE('',*,*,#9155,.F.);
#9157=EDGE_LOOP('',(#9145,#9146,#9151,#9156));
#9158=FACE_OUTER_BOUND('',#9157,.T.);
#9159=ADVANCED_FACE('',(#9158),#9144,.T.);
#9160=DIRECTION('',(-0.405284,0.914191,0));
#9161=DIRECTION('',(0,-0,1));
#9162=AXIS2_PLACEMENT_3D('',#408,#9160,#9161);
#9163=PLANE('',#9162);
#9164=DIRECTION('',(0,0,1));
#9165=VECTOR('',#9164,2);
#9166=LINE('',#146,#9165);
#9167=EDGE_CURVE('',#147,#409,#9166,.T.);
#9168=ORIENTED_EDGE('',*,*,#9167,.F.);
#9169=ORIENTED_EDGE('',*,*,#4320,.F.);
#9170=ORIENTED_EDGE('',*,*,#9155,.T.);
#9171=DIRECTION('',(0.914191,0.405284,0));
#9172=VECTOR('',#9171,0.132527);
#9173=LINE('',#406,#9172);
#9174=EDGE_CURVE('',#407,#409,#9173,.T.);
#9175=ORIENTED_EDGE('',*,*,#9174,.T.);
#9176=EDGE_LOOP('',(#9168,#9169,#9170,#9175));
#9177=FACE_OUTER_BOUND('',#9176,.T.);
#9178=ADVANCED_FACE('',(#9177),#9163,.T.);
#9179=DIRECTION('',(-0.449538,0.893261,0));
#9180=DIRECTION('',(0,-0,1));
#9181=AXIS2_PLACEMENT_3D('',#146,#9179,#9180);
#9182=PLANE('',#9181);
#9183=ORIENTED_EDGE('',*,*,#9167,.T.);
#9184=DIRECTION('',(0.893261,0.449538,0));
#9185=VECTOR('',#9184,0.132514);
#9186=LINE('',#408,#9185);
#9187=EDGE_CURVE('',#409,#411,#9186,.T.);
#9188=ORIENTED_EDGE('',*,*,#9187,.T.);
#9189=DIRECTION('',(0,0,1));
#9190=VECTOR('',#9189,2);
#9191=LINE('',#148,#9190);
#9192=EDGE_CURVE('',#149,#411,#9191,.T.);
#9193=ORIENTED_EDGE('',*,*,#9192,.F.);
#9194=ORIENTED_EDGE('',*,*,#4325,.F.);
#9195=EDGE_LOOP('',(#9183,#9188,#9193,#9194));
#9196=FACE_OUTER_BOUND('',#9195,.T.);
#9197=ADVANCED_FACE('',(#9196),#9182,.T.);
#9198=DIRECTION('',(-0.492912,0.870079,0));
#9199=DIRECTION('',(0,-0,1));
#9200=AXIS2_PLACEMENT_3D('',#412,#9198,#9199);
#9201=PLANE('',#9200);
#9202=DIRECTION('',(0,0,1));
#9203=VECTOR('',#9202,2);
#9204=LINE('',#150,#9203);
#9205=EDGE_CURVE('',#151,#413,#9204,.T.);
#9206=ORIENTED_EDGE('',*,*,#9205,.F.);
#9207=ORIENTED_EDGE('',*,*,#4330,.F.);
#9208=ORIENTED_EDGE('',*,*,#9192,.T.);
#9209=DIRECTION('',(0.870079,0.492912,0));
#9210=VECTOR('',#9209,0.132525);
#9211=LINE('',#410,#9210);
#9212=EDGE_CURVE('',#411,#413,#9211,.T.);
#9213=ORIENTED_EDGE('',*,*,#9212,.T.);
#9214=EDGE_LOOP('',(#9206,#9207,#9208,#9213));
#9215=FACE_OUTER_BOUND('',#9214,.T.);
#9216=ADVANCED_FACE('',(#9215),#9201,.T.);
#9217=DIRECTION('',(-0.535045,0.844823,0));
#9218=DIRECTION('',(0,-0,1));
#9219=AXIS2_PLACEMENT_3D('',#412,#9217,#9218);
#9220=PLANE('',#9219);
#9221=DIRECTION('',(0.844823,0.535045,0));
#9222=VECTOR('',#9221,0.132526);
#9223=LINE('',#412,#9222);
#9224=EDGE_CURVE('',#413,#415,#9223,.T.);
#9225=ORIENTED_EDGE('',*,*,#9224,.T.);
#9226=DIRECTION('',(0,0,1));
#9227=VECTOR('',#9226,2);
#9228=LINE('',#152,#9227);
#9229=EDGE_CURVE('',#153,#415,#9228,.T.);
#9230=ORIENTED_EDGE('',*,*,#9229,.F.);
#9231=ORIENTED_EDGE('',*,*,#4335,.F.);
#9232=ORIENTED_EDGE('',*,*,#9205,.T.);
#9233=EDGE_LOOP('',(#9225,#9230,#9231,#9232));
#9234=FACE_OUTER_BOUND('',#9233,.T.);
#9235=ADVANCED_FACE('',(#9234),#9220,.T.);
#9236=DIRECTION('',(-0.575815,0.81758,0));
#9237=DIRECTION('',(0,-0,1));
#9238=AXIS2_PLACEMENT_3D('',#154,#9236,#9237);
#9239=PLANE('',#9238);
#9240=ORIENTED_EDGE('',*,*,#4340,.F.);
#9241=ORIENTED_EDGE('',*,*,#9229,.T.);
#9242=DIRECTION('',(0.81758,0.575815,0));
#9243=VECTOR('',#9242,0.132524);
#9244=LINE('',#414,#9243);
#9245=EDGE_CURVE('',#415,#417,#9244,.T.);
#9246=ORIENTED_EDGE('',*,*,#9245,.T.);
#9247=DIRECTION('',(0,0,1));
#9248=VECTOR('',#9247,2);
#9249=LINE('',#154,#9248);
#9250=EDGE_CURVE('',#155,#417,#9249,.T.);
#9251=ORIENTED_EDGE('',*,*,#9250,.F.);
#9252=EDGE_LOOP('',(#9240,#9241,#9246,#9251));
#9253=FACE_OUTER_BOUND('',#9252,.T.);
#9254=ADVANCED_FACE('',(#9253),#9239,.T.);
#9255=DIRECTION('',(-0.615213,0.788361,0));
#9256=DIRECTION('',(0,-0,1));
#9257=AXIS2_PLACEMENT_3D('',#416,#9255,#9256);
#9258=PLANE('',#9257);
#9259=DIRECTION('',(0.788361,0.615213,0));
#9260=VECTOR('',#9259,0.132519);
#9261=LINE('',#416,#9260);
#9262=EDGE_CURVE('',#417,#419,#9261,.T.);
#9263=ORIENTED_EDGE('',*,*,#9262,.T.);
#9264=DIRECTION('',(0,0,1));
#9265=VECTOR('',#9264,2);
#9266=LINE('',#156,#9265);
#9267=EDGE_CURVE('',#157,#419,#9266,.T.);
#9268=ORIENTED_EDGE('',*,*,#9267,.F.);
#9269=ORIENTED_EDGE('',*,*,#4345,.F.);
#9270=ORIENTED_EDGE('',*,*,#9250,.T.);
#9271=EDGE_LOOP('',(#9263,#9268,#9269,#9270));
#9272=FACE_OUTER_BOUND('',#9271,.T.);
#9273=ADVANCED_FACE('',(#9272),#9258,.T.);
#9274=DIRECTION('',(-0.653178,0.757205,0));
#9275=DIRECTION('',(0,-0,1));
#9276=AXIS2_PLACEMENT_3D('',#156,#9274,#9275);
#9277=PLANE('',#9276);
#9278=ORIENTED_EDGE('',*,*,#9267,.T.);
#9279=DIRECTION('',(0.757205,0.653178,0));
#9280=VECTOR('',#9279,0.132526);
#9281=LINE('',#418,#9280);
#9282=EDGE_CURVE('',#419,#421,#9281,.T.);
#9283=ORIENTED_EDGE('',*,*,#9282,.T.);
#9284=DIRECTION('',(0,0,1));
#9285=VECTOR('',#9284,2);
#9286=LINE('',#158,#9285);
#9287=EDGE_CURVE('',#159,#421,#9286,.T.);
#9288=ORIENTED_EDGE('',*,*,#9287,.F.);
#9289=ORIENTED_EDGE('',*,*,#4350,.F.);
#9290=EDGE_LOOP('',(#9278,#9283,#9288,#9289));
#9291=FACE_OUTER_BOUND('',#9290,.T.);
#9292=ADVANCED_FACE('',(#9291),#9277,.T.);
#9293=DIRECTION('',(-0.689506,0.72428,0));
#9294=DIRECTION('',(0,-0,1));
#9295=AXIS2_PLACEMENT_3D('',#158,#9293,#9294);
#9296=PLANE('',#9295);
#9297=ORIENTED_EDGE('',*,*,#9287,.T.);
#9298=DIRECTION('',(0.72428,0.689506,0));
#9299=VECTOR('',#9298,0.132515);
#9300=LINE('',#420,#9299);
#9301=EDGE_CURVE('',#421,#423,#9300,.T.);
#9302=ORIENTED_EDGE('',*,*,#9301,.T.);
#9303=DIRECTION('',(0,0,1));
#9304=VECTOR('',#9303,2);
#9305=LINE('',#160,#9304);
#9306=EDGE_CURVE('',#161,#423,#9305,.T.);
#9307=ORIENTED_EDGE('',*,*,#9306,.F.);
#9308=ORIENTED_EDGE('',*,*,#4355,.F.);
#9309=EDGE_LOOP('',(#9297,#9302,#9307,#9308));
#9310=FACE_OUTER_BOUND('',#9309,.T.);
#9311=ADVANCED_FACE('',(#9310),#9296,.T.);
#9312=DIRECTION('',(-0.724237,0.689551,0));
#9313=DIRECTION('',(0,-0,1));
#9314=AXIS2_PLACEMENT_3D('',#422,#9312,#9313);
#9315=PLANE('',#9314);
#9316=DIRECTION('',(0.689551,0.724237,0));
#9317=VECTOR('',#9316,0.132523);
#9318=LINE('',#422,#9317);
#9319=EDGE_CURVE('',#423,#425,#9318,.T.);
#9320=ORIENTED_EDGE('',*,*,#9319,.T.);
#9321=DIRECTION('',(0,0,1));
#9322=VECTOR('',#9321,2);
#9323=LINE('',#162,#9322);
#9324=EDGE_CURVE('',#163,#425,#9323,.T.);
#9325=ORIENTED_EDGE('',*,*,#9324,.F.);
#9326=ORIENTED_EDGE('',*,*,#4360,.F.);
#9327=ORIENTED_EDGE('',*,*,#9306,.T.);
#9328=EDGE_LOOP('',(#9320,#9325,#9326,#9327));
#9329=FACE_OUTER_BOUND('',#9328,.T.);
#9330=ADVANCED_FACE('',(#9329),#9315,.T.);
#9331=DIRECTION('',(-0.757244,0.653133,0));
#9332=DIRECTION('',(0,-0,1));
#9333=AXIS2_PLACEMENT_3D('',#424,#9331,#9332);
#9334=PLANE('',#9333);
#9335=DIRECTION('',(0.653133,0.757244,0));
#9336=VECTOR('',#9335,0.132529);
#9337=LINE('',#424,#9336);
#9338=EDGE_CURVE('',#425,#427,#9337,.T.);
#9339=ORIENTED_EDGE('',*,*,#9338,.T.);
#9340=DIRECTION('',(0,0,1));
#9341=VECTOR('',#9340,2);
#9342=LINE('',#164,#9341);
#9343=EDGE_CURVE('',#165,#427,#9342,.T.);
#9344=ORIENTED_EDGE('',*,*,#9343,.F.);
#9345=ORIENTED_EDGE('',*,*,#4365,.F.);
#9346=ORIENTED_EDGE('',*,*,#9324,.T.);
#9347=EDGE_LOOP('',(#9339,#9344,#9345,#9346));
#9348=FACE_OUTER_BOUND('',#9347,.T.);
#9349=ADVANCED_FACE('',(#9348),#9334,.T.);
#9350=DIRECTION('',(-0.788358,0.615217,0));
#9351=DIRECTION('',(0,-0,1));
#9352=AXIS2_PLACEMENT_3D('',#164,#9350,#9351);
#9353=PLANE('',#9352);
#9354=ORIENTED_EDGE('',*,*,#9343,.T.);
#9355=DIRECTION('',(0.615217,0.788358,0));
#9356=VECTOR('',#9355,0.132525);
#9357=LINE('',#426,#9356);
#9358=EDGE_CURVE('',#427,#429,#9357,.T.);
#9359=ORIENTED_EDGE('',*,*,#9358,.T.);
#9360=DIRECTION('',(0,0,1));
#9361=VECTOR('',#9360,2);
#9362=LINE('',#166,#9361);
#9363=EDGE_CURVE('',#167,#429,#9362,.T.);
#9364=ORIENTED_EDGE('',*,*,#9363,.F.);
#9365=ORIENTED_EDGE('',*,*,#4370,.F.);
#9366=EDGE_LOOP('',(#9354,#9359,#9364,#9365));
#9367=FACE_OUTER_BOUND('',#9366,.T.);
#9368=ADVANCED_FACE('',(#9367),#9353,.T.);
#9369=DIRECTION('',(-0.817551,0.575856,0));
#9370=DIRECTION('',(0,-0,1));
#9371=AXIS2_PLACEMENT_3D('',#168,#9369,#9370);
#9372=PLANE('',#9371);
#9373=ORIENTED_EDGE('',*,*,#4375,.F.);
#9374=ORIENTED_EDGE('',*,*,#9363,.T.);
#9375=DIRECTION('',(0.575856,0.817551,0));
#9376=VECTOR('',#9375,0.132514);
#9377=LINE('',#428,#9376);
#9378=EDGE_CURVE('',#429,#431,#9377,.T.);
#9379=ORIENTED_EDGE('',*,*,#9378,.T.);
#9380=DIRECTION('',(0,0,1));
#9381=VECTOR('',#9380,2);
#9382=LINE('',#168,#9381);
#9383=EDGE_CURVE('',#169,#431,#9382,.T.);
#9384=ORIENTED_EDGE('',*,*,#9383,.F.);
#9385=EDGE_LOOP('',(#9373,#9374,#9379,#9384));
#9386=FACE_OUTER_BOUND('',#9385,.T.);
#9387=ADVANCED_FACE('',(#9386),#9372,.T.);
#9388=DIRECTION('',(-0.844866,0.534978,0));
#9389=DIRECTION('',(0,-0,1));
#9390=AXIS2_PLACEMENT_3D('',#168,#9388,#9389);
#9391=PLANE('',#9390);
#9392=ORIENTED_EDGE('',*,*,#9383,.T.);
#9393=DIRECTION('',(0.534978,0.844866,0));
#9394=VECTOR('',#9393,0.132529);
#9395=LINE('',#430,#9394);
#9396=EDGE_CURVE('',#431,#433,#9395,.T.);
#9397=ORIENTED_EDGE('',*,*,#9396,.T.);
#9398=DIRECTION('',(0,0,1));
#9399=VECTOR('',#9398,2);
#9400=LINE('',#170,#9399);
#9401=EDGE_CURVE('',#171,#433,#9400,.T.);
#9402=ORIENTED_EDGE('',*,*,#9401,.F.);
#9403=ORIENTED_EDGE('',*,*,#4380,.F.);
#9404=EDGE_LOOP('',(#9392,#9397,#9402,#9403));
#9405=FACE_OUTER_BOUND('',#9404,.T.);
#9406=ADVANCED_FACE('',(#9405),#9391,.T.);
#9407=DIRECTION('',(-0.870099,0.492877,0));
#9408=DIRECTION('',(0,-0,1));
#9409=AXIS2_PLACEMENT_3D('',#432,#9407,#9408);
#9410=PLANE('',#9409);
#9411=DIRECTION('',(0.492877,0.870099,0));
#9412=VECTOR('',#9411,0.132526);
#9413=LINE('',#432,#9412);
#9414=EDGE_CURVE('',#433,#435,#9413,.T.);
#9415=ORIENTED_EDGE('',*,*,#9414,.T.);
#9416=DIRECTION('',(0,0,1));
#9417=VECTOR('',#9416,2);
#9418=LINE('',#172,#9417);
#9419=EDGE_CURVE('',#173,#435,#9418,.T.);
#9420=ORIENTED_EDGE('',*,*,#9419,.F.);
#9421=ORIENTED_EDGE('',*,*,#4385,.F.);
#9422=ORIENTED_EDGE('',*,*,#9401,.T.);
#9423=EDGE_LOOP('',(#9415,#9420,#9421,#9422));
#9424=FACE_OUTER_BOUND('',#9423,.T.);
#9425=ADVANCED_FACE('',(#9424),#9410,.T.);
#9426=DIRECTION('',(-0.893215,0.44963,0));
#9427=DIRECTION('',(0,-0,1));
#9428=AXIS2_PLACEMENT_3D('',#172,#9426,#9427);
#9429=PLANE('',#9428);
#9430=ORIENTED_EDGE('',*,*,#9419,.T.);
#9431=DIRECTION('',(0.44963,0.893215,0));
#9432=VECTOR('',#9431,0.132513);
#9433=LINE('',#434,#9432);
#9434=EDGE_CURVE('',#435,#437,#9433,.T.);
#9435=ORIENTED_EDGE('',*,*,#9434,.T.);
#9436=DIRECTION('',(0,0,1));
#9437=VECTOR('',#9436,2);
#9438=LINE('',#174,#9437);
#9439=EDGE_CURVE('',#175,#437,#9438,.T.);
#9440=ORIENTED_EDGE('',*,*,#9439,.F.);
#9441=ORIENTED_EDGE('',*,*,#4390,.F.);
#9442=EDGE_LOOP('',(#9430,#9435,#9440,#9441));
#9443=FACE_OUTER_BOUND('',#9442,.T.);
#9444=ADVANCED_FACE('',(#9443),#9429,.T.);
#9445=DIRECTION('',(-0.914202,0.40526,0));
#9446=DIRECTION('',(0,-0,1));
#9447=AXIS2_PLACEMENT_3D('',#438,#9445,#9446);
#9448=PLANE('',#9447);
#9449=DIRECTION('',(0,0,1));
#9450=VECTOR('',#9449,2);
#9451=LINE('',#176,#9450);
#9452=EDGE_CURVE('',#177,#439,#9451,.T.);
#9453=ORIENTED_EDGE('',*,*,#9452,.F.);
#9454=ORIENTED_EDGE('',*,*,#4395,.F.);
#9455=ORIENTED_EDGE('',*,*,#9439,.T.);
#9456=DIRECTION('',(0.40526,0.914202,0));
#9457=VECTOR('',#9456,0.132525);
#9458=LINE('',#436,#9457);
#9459=EDGE_CURVE('',#437,#439,#9458,.T.);
#9460=ORIENTED_EDGE('',*,*,#9459,.T.);
#9461=EDGE_LOOP('',(#9453,#9454,#9455,#9460));
#9462=FACE_OUTER_BOUND('',#9461,.T.);
#9463=ADVANCED_FACE('',(#9462),#9448,.T.);
#9464=DIRECTION('',(-0.932999,0.359878,0));
#9465=DIRECTION('',(0,-0,1));
#9466=AXIS2_PLACEMENT_3D('',#178,#9464,#9465);
#9467=PLANE('',#9466);
#9468=ORIENTED_EDGE('',*,*,#4400,.F.);
#9469=ORIENTED_EDGE('',*,*,#9452,.T.);
#9470=DIRECTION('',(0.359878,0.932999,0));
#9471=VECTOR('',#9470,0.132521);
#9472=LINE('',#438,#9471);
#9473=EDGE_CURVE('',#439,#441,#9472,.T.);
#9474=ORIENTED_EDGE('',*,*,#9473,.T.);
#9475=DIRECTION('',(0,0,1));
#9476=VECTOR('',#9475,2);
#9477=LINE('',#178,#9476);
#9478=EDGE_CURVE('',#179,#441,#9477,.T.);
#9479=ORIENTED_EDGE('',*,*,#9478,.F.);
#9480=EDGE_LOOP('',(#9468,#9469,#9474,#9479));
#9481=FACE_OUTER_BOUND('',#9480,.T.);
#9482=ADVANCED_FACE('',(#9481),#9467,.T.);
#9483=DIRECTION('',(-0.949526,0.313688,0));
#9484=DIRECTION('',(0,-0,1));
#9485=AXIS2_PLACEMENT_3D('',#440,#9483,#9484);
#9486=PLANE('',#9485);
#9487=DIRECTION('',(0.313688,0.949526,0));
#9488=VECTOR('',#9487,0.132528);
#9489=LINE('',#440,#9488);
#9490=EDGE_CURVE('',#441,#443,#9489,.T.);
#9491=ORIENTED_EDGE('',*,*,#9490,.T.);
#9492=DIRECTION('',(0,0,1));
#9493=VECTOR('',#9492,2);
#9494=LINE('',#180,#9493);
#9495=EDGE_CURVE('',#181,#443,#9494,.T.);
#9496=ORIENTED_EDGE('',*,*,#9495,.F.);
#9497=ORIENTED_EDGE('',*,*,#4405,.F.);
#9498=ORIENTED_EDGE('',*,*,#9478,.T.);
#9499=EDGE_LOOP('',(#9491,#9496,#9497,#9498));
#9500=FACE_OUTER_BOUND('',#9499,.T.);
#9501=ADVANCED_FACE('',(#9500),#9486,.T.);
#9502=DIRECTION('',(-0.963777,0.266708,0));
#9503=DIRECTION('',(0,-0,1));
#9504=AXIS2_PLACEMENT_3D('',#490,#9502,#9503);
#9505=PLANE('',#9504);
#9506=DIRECTION('',(0,0,1));
#9507=VECTOR('',#9506,2);
#9508=LINE('',#226,#9507);
#9509=EDGE_CURVE('',#227,#491,#9508,.T.);
#9510=ORIENTED_EDGE('',*,*,#9509,.F.);
#9511=ORIENTED_EDGE('',*,*,#4410,.F.);
#9512=ORIENTED_EDGE('',*,*,#9495,.T.);
#9513=DIRECTION('',(0.266708,0.963777,0));
#9514=VECTOR('',#9513,0.132516);
#9515=LINE('',#442,#9514);
#9516=EDGE_CURVE('',#443,#491,#9515,.T.);
#9517=ORIENTED_EDGE('',*,*,#9516,.T.);
#9518=EDGE_LOOP('',(#9510,#9511,#9512,#9517));
#9519=FACE_OUTER_BOUND('',#9518,.T.);
#9520=ADVANCED_FACE('',(#9519),#9505,.T.);
#9521=DIRECTION('',(0.359828,-0.933019,0));
#9522=DIRECTION('',(0,0,-1));
#9523=AXIS2_PLACEMENT_3D('',#112,#9521,#9522);
#9524=PLANE('',#9523);
#9525=ORIENTED_EDGE('',*,*,#3995,.T.);
#9526=DIRECTION('',(0,0,1));
#9527=VECTOR('',#9526,2);
#9528=LINE('',#182,#9527);
#9529=EDGE_CURVE('',#183,#445,#9528,.T.);
#9530=ORIENTED_EDGE('',*,*,#9529,.T.);
#9531=DIRECTION('',(0.933019,0.359828,0));
#9532=VECTOR('',#9531,0.132518);
#9533=LINE('',#372,#9532);
#9534=EDGE_CURVE('',#373,#445,#9533,.T.);
#9535=ORIENTED_EDGE('',*,*,#9534,.F.);
#9536=ORIENTED_EDGE('',*,*,#8845,.F.);
#9537=EDGE_LOOP('',(#9525,#9530,#9535,#9536));
#9538=FACE_OUTER_BOUND('',#9537,.T.);
#9539=ADVANCED_FACE('',(#9538),#9524,.T.);
#9540=DIRECTION('',(0.313748,-0.949506,0));
#9541=DIRECTION('',(0,0,-1));
#9542=AXIS2_PLACEMENT_3D('',#444,#9540,#9541);
#9543=PLANE('',#9542);
#9544=ORIENTED_EDGE('',*,*,#9529,.F.);
#9545=ORIENTED_EDGE('',*,*,#3990,.T.);
#9546=DIRECTION('',(0,0,1));
#9547=VECTOR('',#9546,2);
#9548=LINE('',#184,#9547);
#9549=EDGE_CURVE('',#185,#447,#9548,.T.);
#9550=ORIENTED_EDGE('',*,*,#9549,.T.);
#9551=DIRECTION('',(0.949506,0.313748,0));
#9552=VECTOR('',#9551,0.132527);
#9553=LINE('',#444,#9552);
#9554=EDGE_CURVE('',#445,#447,#9553,.T.);
#9555=ORIENTED_EDGE('',*,*,#9554,.F.);
#9556=EDGE_LOOP('',(#9544,#9545,#9550,#9555));
#9557=FACE_OUTER_BOUND('',#9556,.T.);
#9558=ADVANCED_FACE('',(#9557),#9543,.T.);
#9559=DIRECTION('',(0.266674,-0.963787,0));
#9560=DIRECTION('',(0,0,-1));
#9561=AXIS2_PLACEMENT_3D('',#186,#9559,#9560);
#9562=PLANE('',#9561);
#9563=DIRECTION('',(0,0,1));
#9564=VECTOR('',#9563,2);
#9565=LINE('',#186,#9564);
#9566=EDGE_CURVE('',#187,#449,#9565,.T.);
#9567=ORIENTED_EDGE('',*,*,#9566,.T.);
#9568=DIRECTION('',(0.963787,0.266674,0));
#9569=VECTOR('',#9568,0.132519);
#9570=LINE('',#446,#9569);
#9571=EDGE_CURVE('',#447,#449,#9570,.T.);
#9572=ORIENTED_EDGE('',*,*,#9571,.F.);
#9573=ORIENTED_EDGE('',*,*,#9549,.F.);
#9574=ORIENTED_EDGE('',*,*,#3985,.T.);
#9575=EDGE_LOOP('',(#9567,#9572,#9573,#9574));
#9576=FACE_OUTER_BOUND('',#9575,.T.);
#9577=ADVANCED_FACE('',(#9576),#9562,.T.);
#9578=DIRECTION('',(0.219112,-0.9757,0));
#9579=DIRECTION('',(0,0,-1));
#9580=AXIS2_PLACEMENT_3D('',#450,#9578,#9579);
#9581=PLANE('',#9580);
#9582=DIRECTION('',(0.9757,0.219112,0));
#9583=VECTOR('',#9582,0.132523);
#9584=LINE('',#448,#9583);
#9585=EDGE_CURVE('',#449,#451,#9584,.T.);
#9586=ORIENTED_EDGE('',*,*,#9585,.F.);
#9587=ORIENTED_EDGE('',*,*,#9566,.F.);
#9588=ORIENTED_EDGE('',*,*,#3980,.T.);
#9589=DIRECTION('',(0,0,1));
#9590=VECTOR('',#9589,2);
#9591=LINE('',#188,#9590);
#9592=EDGE_CURVE('',#189,#451,#9591,.T.);
#9593=ORIENTED_EDGE('',*,*,#9592,.T.);
#9594=EDGE_LOOP('',(#9586,#9587,#9588,#9593));
#9595=FACE_OUTER_BOUND('',#9594,.T.);
#9596=ADVANCED_FACE('',(#9595),#9581,.T.);
#9597=DIRECTION('',(0.170982,-0.985274,0));
#9598=DIRECTION('',(0,0,-1));
#9599=AXIS2_PLACEMENT_3D('',#190,#9597,#9598);
#9600=PLANE('',#9599);
#9601=DIRECTION('',(0,0,1));
#9602=VECTOR('',#9601,2);
#9603=LINE('',#190,#9602);
#9604=EDGE_CURVE('',#191,#453,#9603,.T.);
#9605=ORIENTED_EDGE('',*,*,#9604,.T.);
#9606=DIRECTION('',(0.985274,0.170982,0));
#9607=VECTOR('',#9606,0.132525);
#9608=LINE('',#450,#9607);
#9609=EDGE_CURVE('',#451,#453,#9608,.T.);
#9610=ORIENTED_EDGE('',*,*,#9609,.F.);
#9611=ORIENTED_EDGE('',*,*,#9592,.F.);
#9612=ORIENTED_EDGE('',*,*,#3975,.T.);
#9613=EDGE_LOOP('',(#9605,#9610,#9611,#9612));
#9614=FACE_OUTER_BOUND('',#9613,.T.);
#9615=ADVANCED_FACE('',(#9614),#9600,.T.);
#9616=DIRECTION('',(0.122394,-0.992482,0));
#9617=DIRECTION('',(0,0,-1));
#9618=AXIS2_PLACEMENT_3D('',#454,#9616,#9617);
#9619=PLANE('',#9618);
#9620=DIRECTION('',(0.992482,0.122394,0));
#9621=VECTOR('',#9620,0.132523);
#9622=LINE('',#452,#9621);
#9623=EDGE_CURVE('',#453,#455,#9622,.T.);
#9624=ORIENTED_EDGE('',*,*,#9623,.F.);
#9625=ORIENTED_EDGE('',*,*,#9604,.F.);
#9626=ORIENTED_EDGE('',*,*,#3970,.T.);
#9627=DIRECTION('',(0,0,1));
#9628=VECTOR('',#9627,2);
#9629=LINE('',#192,#9628);
#9630=EDGE_CURVE('',#193,#455,#9629,.T.);
#9631=ORIENTED_EDGE('',*,*,#9630,.T.);
#9632=EDGE_LOOP('',(#9624,#9625,#9626,#9631));
#9633=FACE_OUTER_BOUND('',#9632,.T.);
#9634=ADVANCED_FACE('',(#9633),#9619,.T.);
#9635=DIRECTION('',(0.073577,-0.99729,0));
#9636=DIRECTION('',(0,0,-1));
#9637=AXIS2_PLACEMENT_3D('',#192,#9635,#9636);
#9638=PLANE('',#9637);
#9639=ORIENTED_EDGE('',*,*,#3965,.T.);
#9640=DIRECTION('',(0,0,1));
#9641=VECTOR('',#9640,2);
#9642=LINE('',#194,#9641);
#9643=EDGE_CURVE('',#195,#457,#9642,.T.);
#9644=ORIENTED_EDGE('',*,*,#9643,.T.);
#9645=DIRECTION('',(0.99729,0.073577,0));
#9646=VECTOR('',#9645,0.132519);
#9647=LINE('',#454,#9646);
#9648=EDGE_CURVE('',#455,#457,#9647,.T.);
#9649=ORIENTED_EDGE('',*,*,#9648,.F.);
#9650=ORIENTED_EDGE('',*,*,#9630,.F.);
#9651=EDGE_LOOP('',(#9639,#9644,#9649,#9650));
#9652=FACE_OUTER_BOUND('',#9651,.T.);
#9653=ADVANCED_FACE('',(#9652),#9638,.T.);
#9654=DIRECTION('',(0.024525,-0.999699,0));
#9655=DIRECTION('',(0,0,-1));
#9656=AXIS2_PLACEMENT_3D('',#194,#9654,#9655);
#9657=PLANE('',#9656);
#9658=ORIENTED_EDGE('',*,*,#3960,.T.);
#9659=DIRECTION('',(0,0,1));
#9660=VECTOR('',#9659,2);
#9661=LINE('',#196,#9660);
#9662=EDGE_CURVE('',#197,#459,#9661,.T.);
#9663=ORIENTED_EDGE('',*,*,#9662,.T.);
#9664=DIRECTION('',(0.999699,0.024525,0));
#9665=VECTOR('',#9664,0.132524);
#9666=LINE('',#456,#9665);
#9667=EDGE_CURVE('',#457,#459,#9666,.T.);
#9668=ORIENTED_EDGE('',*,*,#9667,.F.);
#9669=ORIENTED_EDGE('',*,*,#9643,.F.);
#9670=EDGE_LOOP('',(#9658,#9663,#9668,#9669));
#9671=FACE_OUTER_BOUND('',#9670,.T.);
#9672=ADVANCED_FACE('',(#9671),#9657,.T.);
#9673=DIRECTION('',(-0.024525,-0.999699,0));
#9674=DIRECTION('',(0,-0,-1));
#9675=AXIS2_PLACEMENT_3D('',#458,#9673,#9674);
#9676=PLANE('',#9675);
#9677=ORIENTED_EDGE('',*,*,#9662,.F.);
#9678=ORIENTED_EDGE('',*,*,#3955,.T.);
#9679=DIRECTION('',(0,0,1));
#9680=VECTOR('',#9679,2);
#9681=LINE('',#198,#9680);
#9682=EDGE_CURVE('',#199,#463,#9681,.T.);
#9683=ORIENTED_EDGE('',*,*,#9682,.T.);
#9684=DIRECTION('',(0.999699,-0.024525,0));
#9685=VECTOR('',#9684,0.132524);
#9686=LINE('',#458,#9685);
#9687=EDGE_CURVE('',#459,#463,#9686,.T.);
#9688=ORIENTED_EDGE('',*,*,#9687,.F.);
#9689=EDGE_LOOP('',(#9677,#9678,#9683,#9688));
#9690=FACE_OUTER_BOUND('',#9689,.T.);
#9691=ADVANCED_FACE('',(#9690),#9676,.T.);
#9692=DIRECTION('',(-0.073577,-0.99729,0));
#9693=DIRECTION('',(0,-0,-1));
#9694=AXIS2_PLACEMENT_3D('',#198,#9692,#9693);
#9695=PLANE('',#9694);
#9696=ORIENTED_EDGE('',*,*,#3950,.T.);
#9697=DIRECTION('',(0,0,1));
#9698=VECTOR('',#9697,2);
#9699=LINE('',#200,#9698);
#9700=EDGE_CURVE('',#201,#465,#9699,.T.);
#9701=ORIENTED_EDGE('',*,*,#9700,.T.);
#9702=DIRECTION('',(0.99729,-0.073577,0));
#9703=VECTOR('',#9702,0.132519);
#9704=LINE('',#462,#9703);
#9705=EDGE_CURVE('',#463,#465,#9704,.T.);
#9706=ORIENTED_EDGE('',*,*,#9705,.F.);
#9707=ORIENTED_EDGE('',*,*,#9682,.F.);
#9708=EDGE_LOOP('',(#9696,#9701,#9706,#9707));
#9709=FACE_OUTER_BOUND('',#9708,.T.);
#9710=ADVANCED_FACE('',(#9709),#9695,.T.);
#9711=DIRECTION('',(-0.122394,-0.992482,0));
#9712=DIRECTION('',(0,-0,-1));
#9713=AXIS2_PLACEMENT_3D('',#466,#9711,#9712);
#9714=PLANE('',#9713);
#9715=DIRECTION('',(0.992482,-0.122394,0));
#9716=VECTOR('',#9715,0.132523);
#9717=LINE('',#464,#9716);
#9718=EDGE_CURVE('',#465,#467,#9717,.T.);
#9719=ORIENTED_EDGE('',*,*,#9718,.F.);
#9720=ORIENTED_EDGE('',*,*,#9700,.F.);
#9721=ORIENTED_EDGE('',*,*,#3945,.T.);
#9722=DIRECTION('',(0,0,1));
#9723=VECTOR('',#9722,2);
#9724=LINE('',#202,#9723);
#9725=EDGE_CURVE('',#203,#467,#9724,.T.);
#9726=ORIENTED_EDGE('',*,*,#9725,.T.);
#9727=EDGE_LOOP('',(#9719,#9720,#9721,#9726));
#9728=FACE_OUTER_BOUND('',#9727,.T.);
#9729=ADVANCED_FACE('',(#9728),#9714,.T.);
#9730=DIRECTION('',(-0.170982,-0.985274,0));
#9731=DIRECTION('',(0,-0,-1));
#9732=AXIS2_PLACEMENT_3D('',#468,#9730,#9731);
#9733=PLANE('',#9732);
#9734=DIRECTION('',(0.985274,-0.170982,0));
#9735=VECTOR('',#9734,0.132525);
#9736=LINE('',#466,#9735);
#9737=EDGE_CURVE('',#467,#469,#9736,.T.);
#9738=ORIENTED_EDGE('',*,*,#9737,.F.);
#9739=ORIENTED_EDGE('',*,*,#9725,.F.);
#9740=ORIENTED_EDGE('',*,*,#3940,.T.);
#9741=DIRECTION('',(0,0,1));
#9742=VECTOR('',#9741,2);
#9743=LINE('',#204,#9742);
#9744=EDGE_CURVE('',#205,#469,#9743,.T.);
#9745=ORIENTED_EDGE('',*,*,#9744,.T.);
#9746=EDGE_LOOP('',(#9738,#9739,#9740,#9745));
#9747=FACE_OUTER_BOUND('',#9746,.T.);
#9748=ADVANCED_FACE('',(#9747),#9733,.T.);
#9749=DIRECTION('',(-0.219112,-0.9757,0));
#9750=DIRECTION('',(0,-0,-1));
#9751=AXIS2_PLACEMENT_3D('',#206,#9749,#9750);
#9752=PLANE('',#9751);
#9753=DIRECTION('',(0,0,1));
#9754=VECTOR('',#9753,2);
#9755=LINE('',#206,#9754);
#9756=EDGE_CURVE('',#207,#471,#9755,.T.);
#9757=ORIENTED_EDGE('',*,*,#9756,.T.);
#9758=DIRECTION('',(0.9757,-0.219112,0));
#9759=VECTOR('',#9758,0.132523);
#9760=LINE('',#468,#9759);
#9761=EDGE_CURVE('',#469,#471,#9760,.T.);
#9762=ORIENTED_EDGE('',*,*,#9761,.F.);
#9763=ORIENTED_EDGE('',*,*,#9744,.F.);
#9764=ORIENTED_EDGE('',*,*,#3935,.T.);
#9765=EDGE_LOOP('',(#9757,#9762,#9763,#9764));
#9766=FACE_OUTER_BOUND('',#9765,.T.);
#9767=ADVANCED_FACE('',(#9766),#9752,.T.);
#9768=DIRECTION('',(-0.266674,-0.963787,0));
#9769=DIRECTION('',(0,-0,-1));
#9770=AXIS2_PLACEMENT_3D('',#472,#9768,#9769);
#9771=PLANE('',#9770);
#9772=DIRECTION('',(0.963787,-0.266674,0));
#9773=VECTOR('',#9772,0.132519);
#9774=LINE('',#470,#9773);
#9775=EDGE_CURVE('',#471,#473,#9774,.T.);
#9776=ORIENTED_EDGE('',*,*,#9775,.F.);
#9777=ORIENTED_EDGE('',*,*,#9756,.F.);
#9778=ORIENTED_EDGE('',*,*,#4570,.T.);
#9779=DIRECTION('',(0,0,1));
#9780=VECTOR('',#9779,2);
#9781=LINE('',#208,#9780);
#9782=EDGE_CURVE('',#209,#473,#9781,.T.);
#9783=ORIENTED_EDGE('',*,*,#9782,.T.);
#9784=EDGE_LOOP('',(#9776,#9777,#9778,#9783));
#9785=FACE_OUTER_BOUND('',#9784,.T.);
#9786=ADVANCED_FACE('',(#9785),#9771,.T.);
#9787=DIRECTION('',(-0.405284,-0.914191,0));
#9788=DIRECTION('',(0,-0,-1));
#9789=AXIS2_PLACEMENT_3D('',#262,#9787,#9788);
#9790=PLANE('',#9789);
#9791=DIRECTION('',(0,0,1));
#9792=VECTOR('',#9791,2);
#9793=LINE('',#262,#9792);
#9794=EDGE_CURVE('',#263,#527,#9793,.T.);
#9795=ORIENTED_EDGE('',*,*,#9794,.T.);
#9796=DIRECTION('',(0.914191,-0.405284,0));
#9797=VECTOR('',#9796,0.132527);
#9798=LINE('',#474,#9797);
#9799=EDGE_CURVE('',#475,#527,#9798,.T.);
#9800=ORIENTED_EDGE('',*,*,#9799,.F.);
#9801=DIRECTION('',(0,0,1));
#9802=VECTOR('',#9801,2);
#9803=LINE('',#210,#9802);
#9804=EDGE_CURVE('',#211,#475,#9803,.T.);
#9805=ORIENTED_EDGE('',*,*,#9804,.F.);
#9806=ORIENTED_EDGE('',*,*,#4555,.T.);
#9807=EDGE_LOOP('',(#9795,#9800,#9805,#9806));
#9808=FACE_OUTER_BOUND('',#9807,.T.);
#9809=ADVANCED_FACE('',(#9808),#9790,.T.);
#9810=DIRECTION('',(-0.313748,-0.949506,0));
#9811=DIRECTION('',(0,-0,-1));
#9812=AXIS2_PLACEMENT_3D('',#208,#9810,#9811);
#9813=PLANE('',#9812);
#9814=ORIENTED_EDGE('',*,*,#4565,.T.);
#9815=DIRECTION('',(0,0,1));
#9816=VECTOR('',#9815,2);
#9817=LINE('',#212,#9816);
#9818=EDGE_CURVE('',#213,#477,#9817,.T.);
#9819=ORIENTED_EDGE('',*,*,#9818,.T.);
#9820=DIRECTION('',(0.949506,-0.313748,0));
#9821=VECTOR('',#9820,0.132527);
#9822=LINE('',#472,#9821);
#9823=EDGE_CURVE('',#473,#477,#9822,.T.);
#9824=ORIENTED_EDGE('',*,*,#9823,.F.);
#9825=ORIENTED_EDGE('',*,*,#9782,.F.);
#9826=EDGE_LOOP('',(#9814,#9819,#9824,#9825));
#9827=FACE_OUTER_BOUND('',#9826,.T.);
#9828=ADVANCED_FACE('',(#9827),#9813,.T.);
#9829=DIRECTION('',(-0.359828,-0.933019,0));
#9830=DIRECTION('',(0,-0,-1));
#9831=AXIS2_PLACEMENT_3D('',#210,#9829,#9830);
#9832=PLANE('',#9831);
#9833=ORIENTED_EDGE('',*,*,#9804,.T.);
#9834=DIRECTION('',(-0.933019,0.359828,0));
#9835=VECTOR('',#9834,0.132518);
#9836=LINE('',#474,#9835);
#9837=EDGE_CURVE('',#475,#477,#9836,.T.);
#9838=ORIENTED_EDGE('',*,*,#9837,.T.);
#9839=ORIENTED_EDGE('',*,*,#9818,.F.);
#9840=ORIENTED_EDGE('',*,*,#4560,.F.);
#9841=EDGE_LOOP('',(#9833,#9838,#9839,#9840));
#9842=FACE_OUTER_BOUND('',#9841,.T.);
#9843=ADVANCED_FACE('',(#9842),#9832,.T.);
#9844=DIRECTION('',(-0.615213,-0.788361,0));
#9845=DIRECTION('',(0,-0,-1));
#9846=AXIS2_PLACEMENT_3D('',#270,#9844,#9845);
#9847=PLANE('',#9846);
#9848=ORIENTED_EDGE('',*,*,#4530,.F.);
#9849=DIRECTION('',(0,0,1));
#9850=VECTOR('',#9849,2);
#9851=LINE('',#214,#9850);
#9852=EDGE_CURVE('',#215,#479,#9851,.T.);
#9853=ORIENTED_EDGE('',*,*,#9852,.T.);
#9854=DIRECTION('',(-0.788361,0.615213,0));
#9855=VECTOR('',#9854,0.132519);
#9856=LINE('',#478,#9855);
#9857=EDGE_CURVE('',#479,#535,#9856,.T.);
#9858=ORIENTED_EDGE('',*,*,#9857,.T.);
#9859=DIRECTION('',(0,0,1));
#9860=VECTOR('',#9859,2);
#9861=LINE('',#270,#9860);
#9862=EDGE_CURVE('',#271,#535,#9861,.T.);
#9863=ORIENTED_EDGE('',*,*,#9862,.F.);
#9864=EDGE_LOOP('',(#9848,#9853,#9858,#9863));
#9865=FACE_OUTER_BOUND('',#9864,.T.);
#9866=ADVANCED_FACE('',(#9865),#9847,.T.);
#9867=DIRECTION('',(-0.653178,-0.757205,0));
#9868=DIRECTION('',(0,-0,-1));
#9869=AXIS2_PLACEMENT_3D('',#478,#9867,#9868);
#9870=PLANE('',#9869);
#9871=ORIENTED_EDGE('',*,*,#9852,.F.);
#9872=ORIENTED_EDGE('',*,*,#4525,.T.);
#9873=DIRECTION('',(0,0,1));
#9874=VECTOR('',#9873,2);
#9875=LINE('',#218,#9874);
#9876=EDGE_CURVE('',#219,#483,#9875,.T.);
#9877=ORIENTED_EDGE('',*,*,#9876,.T.);
#9878=DIRECTION('',(0.757205,-0.653178,0));
#9879=VECTOR('',#9878,0.132526);
#9880=LINE('',#478,#9879);
#9881=EDGE_CURVE('',#479,#483,#9880,.T.);
#9882=ORIENTED_EDGE('',*,*,#9881,.F.);
#9883=EDGE_LOOP('',(#9871,#9872,#9877,#9882));
#9884=FACE_OUTER_BOUND('',#9883,.T.);
#9885=ADVANCED_FACE('',(#9884),#9870,.T.);
#9886=DIRECTION('',(-0.689566,-0.724223,0));
#9887=DIRECTION('',(0,-0,-1));
#9888=AXIS2_PLACEMENT_3D('',#218,#9886,#9887);
#9889=PLANE('',#9888);
#9890=ORIENTED_EDGE('',*,*,#4520,.F.);
#9891=DIRECTION('',(0,0,1));
#9892=VECTOR('',#9891,2);
#9893=LINE('',#216,#9892);
#9894=EDGE_CURVE('',#217,#481,#9893,.T.);
#9895=ORIENTED_EDGE('',*,*,#9894,.T.);
#9896=DIRECTION('',(-0.724223,0.689566,0));
#9897=VECTOR('',#9896,0.132525);
#9898=LINE('',#480,#9897);
#9899=EDGE_CURVE('',#481,#483,#9898,.T.);
#9900=ORIENTED_EDGE('',*,*,#9899,.T.);
#9901=ORIENTED_EDGE('',*,*,#9876,.F.);
#9902=EDGE_LOOP('',(#9890,#9895,#9900,#9901));
#9903=FACE_OUTER_BOUND('',#9902,.T.);
#9904=ADVANCED_FACE('',(#9903),#9889,.T.);
#9905=DIRECTION('',(-0.757194,-0.65319,0));
#9906=DIRECTION('',(0,-0,-1));
#9907=AXIS2_PLACEMENT_3D('',#224,#9905,#9906);
#9908=PLANE('',#9907);
#9909=ORIENTED_EDGE('',*,*,#4510,.F.);
#9910=DIRECTION('',(0,0,1));
#9911=VECTOR('',#9910,2);
#9912=LINE('',#222,#9911);
#9913=EDGE_CURVE('',#223,#485,#9912,.T.);
#9914=ORIENTED_EDGE('',*,*,#9913,.T.);
#9915=DIRECTION('',(-0.65319,0.757194,0));
#9916=VECTOR('',#9915,0.132518);
#9917=LINE('',#484,#9916);
#9918=EDGE_CURVE('',#485,#489,#9917,.T.);
#9919=ORIENTED_EDGE('',*,*,#9918,.T.);
#9920=DIRECTION('',(0,0,1));
#9921=VECTOR('',#9920,2);
#9922=LINE('',#224,#9921);
#9923=EDGE_CURVE('',#225,#489,#9922,.T.);
#9924=ORIENTED_EDGE('',*,*,#9923,.F.);
#9925=EDGE_LOOP('',(#9909,#9914,#9919,#9924));
#9926=FACE_OUTER_BOUND('',#9925,.T.);
#9927=ADVANCED_FACE('',(#9926),#9908,.T.);
#9928=DIRECTION('',(-0.788358,-0.615217,0));
#9929=DIRECTION('',(0,-0,-1));
#9930=AXIS2_PLACEMENT_3D('',#222,#9928,#9929);
#9931=PLANE('',#9930);
#9932=ORIENTED_EDGE('',*,*,#4505,.F.);
#9933=DIRECTION('',(0,0,1));
#9934=VECTOR('',#9933,2);
#9935=LINE('',#220,#9934);
#9936=EDGE_CURVE('',#221,#487,#9935,.T.);
#9937=ORIENTED_EDGE('',*,*,#9936,.T.);
#9938=DIRECTION('',(0.615217,-0.788358,0));
#9939=VECTOR('',#9938,0.132525);
#9940=LINE('',#484,#9939);
#9941=EDGE_CURVE('',#485,#487,#9940,.T.);
#9942=ORIENTED_EDGE('',*,*,#9941,.F.);
#9943=ORIENTED_EDGE('',*,*,#9913,.F.);
#9944=EDGE_LOOP('',(#9932,#9937,#9942,#9943));
#9945=FACE_OUTER_BOUND('',#9944,.T.);
#9946=ADVANCED_FACE('',(#9945),#9931,.T.);
#9947=DIRECTION('',(-0.724237,-0.689551,0));
#9948=DIRECTION('',(0,-0,-1));
#9949=AXIS2_PLACEMENT_3D('',#480,#9947,#9948);
#9950=PLANE('',#9949);
#9951=ORIENTED_EDGE('',*,*,#9894,.F.);
#9952=ORIENTED_EDGE('',*,*,#4515,.T.);
#9953=ORIENTED_EDGE('',*,*,#9923,.T.);
#9954=DIRECTION('',(0.689551,-0.724237,0));
#9955=VECTOR('',#9954,0.132523);
#9956=LINE('',#480,#9955);
#9957=EDGE_CURVE('',#481,#489,#9956,.T.);
#9958=ORIENTED_EDGE('',*,*,#9957,.F.);
#9959=EDGE_LOOP('',(#9951,#9952,#9953,#9958));
#9960=FACE_OUTER_BOUND('',#9959,.T.);
#9961=ADVANCED_FACE('',(#9960),#9950,.T.);
#9962=DIRECTION('',(-0.9757,0.219112,0));
#9963=DIRECTION('',(0,-0,1));
#9964=AXIS2_PLACEMENT_3D('',#490,#9962,#9963);
#9965=PLANE('',#9964);
#9966=DIRECTION('',(0.219112,0.9757,0));
#9967=VECTOR('',#9966,0.132523);
#9968=LINE('',#490,#9967);
#9969=EDGE_CURVE('',#491,#493,#9968,.T.);
#9970=ORIENTED_EDGE('',*,*,#9969,.T.);
#9971=DIRECTION('',(0,0,1));
#9972=VECTOR('',#9971,2);
#9973=LINE('',#228,#9972);
#9974=EDGE_CURVE('',#229,#493,#9973,.T.);
#9975=ORIENTED_EDGE('',*,*,#9974,.F.);
#9976=ORIENTED_EDGE('',*,*,#4415,.F.);
#9977=ORIENTED_EDGE('',*,*,#9509,.T.);
#9978=EDGE_LOOP('',(#9970,#9975,#9976,#9977));
#9979=FACE_OUTER_BOUND('',#9978,.T.);
#9980=ADVANCED_FACE('',(#9979),#9965,.T.);
#9981=DIRECTION('',(-0.985278,0.170958,0));
#9982=DIRECTION('',(0,-0,1));
#9983=AXIS2_PLACEMENT_3D('',#494,#9981,#9982);
#9984=PLANE('',#9983);
#9985=DIRECTION('',(0,0,1));
#9986=VECTOR('',#9985,2);
#9987=LINE('',#230,#9986);
#9988=EDGE_CURVE('',#231,#495,#9987,.T.);
#9989=ORIENTED_EDGE('',*,*,#9988,.F.);
#9990=ORIENTED_EDGE('',*,*,#4420,.F.);
#9991=ORIENTED_EDGE('',*,*,#9974,.T.);
#9992=DIRECTION('',(0.170958,0.985278,0));
#9993=VECTOR('',#9992,0.13252);
#9994=LINE('',#492,#9993);
#9995=EDGE_CURVE('',#493,#495,#9994,.T.);
#9996=ORIENTED_EDGE('',*,*,#9995,.T.);
#9997=EDGE_LOOP('',(#9989,#9990,#9991,#9996));
#9998=FACE_OUTER_BOUND('',#9997,.T.);
#9999=ADVANCED_FACE('',(#9998),#9984,.T.);
#10000=DIRECTION('',(-0.992478,0.122419,0));
#10001=DIRECTION('',(0,-0,1));
#10002=AXIS2_PLACEMENT_3D('',#496,#10000,#10001);
#10003=PLANE('',#10002);
#10004=DIRECTION('',(0,0,1));
#10005=VECTOR('',#10004,2);
#10006=LINE('',#232,#10005);
#10007=EDGE_CURVE('',#233,#497,#10006,.T.);
#10008=ORIENTED_EDGE('',*,*,#10007,.F.);
#10009=ORIENTED_EDGE('',*,*,#4425,.F.);
#10010=ORIENTED_EDGE('',*,*,#9988,.T.);
#10011=DIRECTION('',(0.122419,0.992478,0));
#10012=VECTOR('',#10011,0.132528);
#10013=LINE('',#494,#10012);
#10014=EDGE_CURVE('',#495,#497,#10013,.T.);
#10015=ORIENTED_EDGE('',*,*,#10014,.T.);
#10016=EDGE_LOOP('',(#10008,#10009,#10010,#10015));
#10017=FACE_OUTER_BOUND('',#10016,.T.);
#10018=ADVANCED_FACE('',(#10017),#10003,.T.);
#10019=DIRECTION('',(-0.997292,0.073542,0));
#10020=DIRECTION('',(0,-0,1));
#10021=AXIS2_PLACEMENT_3D('',#498,#10019,#10020);
#10022=PLANE('',#10021);
#10023=DIRECTION('',(0,0,1));
#10024=VECTOR('',#10023,2);
#10025=LINE('',#234,#10024);
#10026=EDGE_CURVE('',#235,#499,#10025,.T.);
#10027=ORIENTED_EDGE('',*,*,#10026,.F.);
#10028=ORIENTED_EDGE('',*,*,#4430,.F.);
#10029=ORIENTED_EDGE('',*,*,#10007,.T.);
#10030=DIRECTION('',(0.073542,0.997292,0));
#10031=VECTOR('',#10030,0.132531);
#10032=LINE('',#496,#10031);
#10033=EDGE_CURVE('',#497,#499,#10032,.T.);
#10034=ORIENTED_EDGE('',*,*,#10033,.T.);
#10035=EDGE_LOOP('',(#10027,#10028,#10029,#10034));
#10036=FACE_OUTER_BOUND('',#10035,.T.);
#10037=ADVANCED_FACE('',(#10036),#10022,.T.);
#10038=DIRECTION('',(-0.999698,0.024555,0));
#10039=DIRECTION('',(0,-0,1));
#10040=AXIS2_PLACEMENT_3D('',#236,#10038,#10039);
#10041=PLANE('',#10040);
#10042=ORIENTED_EDGE('',*,*,#4435,.F.);
#10043=ORIENTED_EDGE('',*,*,#10026,.T.);
#10044=DIRECTION('',(0.024555,0.999698,0));
#10045=VECTOR('',#10044,0.132517);
#10046=LINE('',#498,#10045);
#10047=EDGE_CURVE('',#499,#501,#10046,.T.);
#10048=ORIENTED_EDGE('',*,*,#10047,.T.);
#10049=DIRECTION('',(0,0,1));
#10050=VECTOR('',#10049,2);
#10051=LINE('',#236,#10050);
#10052=EDGE_CURVE('',#237,#501,#10051,.T.);
#10053=ORIENTED_EDGE('',*,*,#10052,.F.);
#10054=EDGE_LOOP('',(#10042,#10043,#10048,#10053));
#10055=FACE_OUTER_BOUND('',#10054,.T.);
#10056=ADVANCED_FACE('',(#10055),#10041,.T.);
#10057=DIRECTION('',(-0.999698,-0.024555,0));
#10058=DIRECTION('',(0,-0,1));
#10059=AXIS2_PLACEMENT_3D('',#500,#10057,#10058);
#10060=PLANE('',#10059);
#10061=DIRECTION('',(-0.024555,0.999698,0));
#10062=VECTOR('',#10061,0.132517);
#10063=LINE('',#500,#10062);
#10064=EDGE_CURVE('',#501,#503,#10063,.T.);
#10065=ORIENTED_EDGE('',*,*,#10064,.T.);
#10066=DIRECTION('',(0,0,1));
#10067=VECTOR('',#10066,2);
#10068=LINE('',#238,#10067);
#10069=EDGE_CURVE('',#239,#503,#10068,.T.);
#10070=ORIENTED_EDGE('',*,*,#10069,.F.);
#10071=ORIENTED_EDGE('',*,*,#4440,.F.);
#10072=ORIENTED_EDGE('',*,*,#10052,.T.);
#10073=EDGE_LOOP('',(#10065,#10070,#10071,#10072));
#10074=FACE_OUTER_BOUND('',#10073,.T.);
#10075=ADVANCED_FACE('',(#10074),#10060,.T.);
#10076=DIRECTION('',(-0.997292,-0.073542,0));
#10077=DIRECTION('',(0,-0,1));
#10078=AXIS2_PLACEMENT_3D('',#504,#10076,#10077);
#10079=PLANE('',#10078);
#10080=DIRECTION('',(0,0,1));
#10081=VECTOR('',#10080,2);
#10082=LINE('',#240,#10081);
#10083=EDGE_CURVE('',#241,#505,#10082,.T.);
#10084=ORIENTED_EDGE('',*,*,#10083,.F.);
#10085=ORIENTED_EDGE('',*,*,#4445,.F.);
#10086=ORIENTED_EDGE('',*,*,#10069,.T.);
#10087=DIRECTION('',(-0.073542,0.997292,0));
#10088=VECTOR('',#10087,0.132531);
#10089=LINE('',#502,#10088);
#10090=EDGE_CURVE('',#503,#505,#10089,.T.);
#10091=ORIENTED_EDGE('',*,*,#10090,.T.);
#10092=EDGE_LOOP('',(#10084,#10085,#10086,#10091));
#10093=FACE_OUTER_BOUND('',#10092,.T.);
#10094=ADVANCED_FACE('',(#10093),#10079,.T.);
#10095=DIRECTION('',(-0.992477,-0.122433,0));
#10096=DIRECTION('',(0,-0,1));
#10097=AXIS2_PLACEMENT_3D('',#242,#10095,#10096);
#10098=PLANE('',#10097);
#10099=ORIENTED_EDGE('',*,*,#4450,.F.);
#10100=ORIENTED_EDGE('',*,*,#10083,.T.);
#10101=DIRECTION('',(-0.122433,0.992477,0));
#10102=VECTOR('',#10101,0.132512);
#10103=LINE('',#504,#10102);
#10104=EDGE_CURVE('',#505,#507,#10103,.T.);
#10105=ORIENTED_EDGE('',*,*,#10104,.T.);
#10106=DIRECTION('',(0,0,1));
#10107=VECTOR('',#10106,2);
#10108=LINE('',#242,#10107);
#10109=EDGE_CURVE('',#243,#507,#10108,.T.);
#10110=ORIENTED_EDGE('',*,*,#10109,.F.);
#10111=EDGE_LOOP('',(#10099,#10100,#10105,#10110));
#10112=FACE_OUTER_BOUND('',#10111,.T.);
#10113=ADVANCED_FACE('',(#10112),#10098,.T.);
#10114=DIRECTION('',(-0.985282,-0.170939,0));
#10115=DIRECTION('',(0,-0,1));
#10116=AXIS2_PLACEMENT_3D('',#242,#10114,#10115);
#10117=PLANE('',#10116);
#10118=ORIENTED_EDGE('',*,*,#10109,.T.);
#10119=DIRECTION('',(-0.170939,0.985282,0));
#10120=VECTOR('',#10119,0.132535);
#10121=LINE('',#506,#10120);
#10122=EDGE_CURVE('',#507,#511,#10121,.T.);
#10123=ORIENTED_EDGE('',*,*,#10122,.T.);
#10124=DIRECTION('',(0,0,1));
#10125=VECTOR('',#10124,2);
#10126=LINE('',#246,#10125);
#10127=EDGE_CURVE('',#247,#511,#10126,.T.);
#10128=ORIENTED_EDGE('',*,*,#10127,.F.);
#10129=ORIENTED_EDGE('',*,*,#4455,.F.);
#10130=EDGE_LOOP('',(#10118,#10123,#10128,#10129));
#10131=FACE_OUTER_BOUND('',#10130,.T.);
#10132=ADVANCED_FACE('',(#10131),#10117,.T.);
#10133=DIRECTION('',(-0.9757,-0.219112,0));
#10134=DIRECTION('',(0,-0,1));
#10135=AXIS2_PLACEMENT_3D('',#246,#10133,#10134);
#10136=PLANE('',#10135);
#10137=ORIENTED_EDGE('',*,*,#10127,.T.);
#10138=DIRECTION('',(0.219112,-0.9757,0));
#10139=VECTOR('',#10138,0.132523);
#10140=LINE('',#508,#10139);
#10141=EDGE_CURVE('',#509,#511,#10140,.T.);
#10142=ORIENTED_EDGE('',*,*,#10141,.F.);
#10143=DIRECTION('',(0,0,1));
#10144=VECTOR('',#10143,2);
#10145=LINE('',#244,#10144);
#10146=EDGE_CURVE('',#245,#509,#10145,.T.);
#10147=ORIENTED_EDGE('',*,*,#10146,.F.);
#10148=ORIENTED_EDGE('',*,*,#4460,.T.);
#10149=EDGE_LOOP('',(#10137,#10142,#10147,#10148));
#10150=FACE_OUTER_BOUND('',#10149,.T.);
#10151=ADVANCED_FACE('',(#10150),#10136,.T.);
#10152=DIRECTION('',(-0.963777,-0.266708,0));
#10153=DIRECTION('',(0,-0,1));
#10154=AXIS2_PLACEMENT_3D('',#518,#10152,#10153);
#10155=PLANE('',#10154);
#10156=DIRECTION('',(0,0,1));
#10157=VECTOR('',#10156,2);
#10158=LINE('',#254,#10157);
#10159=EDGE_CURVE('',#255,#519,#10158,.T.);
#10160=ORIENTED_EDGE('',*,*,#10159,.F.);
#10161=ORIENTED_EDGE('',*,*,#4465,.F.);
#10162=ORIENTED_EDGE('',*,*,#10146,.T.);
#10163=DIRECTION('',(-0.266708,0.963777,0));
#10164=VECTOR('',#10163,0.132516);
#10165=LINE('',#508,#10164);
#10166=EDGE_CURVE('',#509,#519,#10165,.T.);
#10167=ORIENTED_EDGE('',*,*,#10166,.T.);
#10168=EDGE_LOOP('',(#10160,#10161,#10162,#10167));
#10169=FACE_OUTER_BOUND('',#10168,.T.);
#10170=ADVANCED_FACE('',(#10169),#10155,.T.);
#10171=DIRECTION('',(-0.893215,-0.44963,0));
#10172=DIRECTION('',(0,-0,-1));
#10173=AXIS2_PLACEMENT_3D('',#516,#10171,#10172);
#10174=PLANE('',#10173);
#10175=DIRECTION('',(0,0,1));
#10176=VECTOR('',#10175,2);
#10177=LINE('',#252,#10176);
#10178=EDGE_CURVE('',#253,#517,#10177,.T.);
#10179=ORIENTED_EDGE('',*,*,#10178,.F.);
#10180=ORIENTED_EDGE('',*,*,#4485,.F.);
#10181=DIRECTION('',(0,0,1));
#10182=VECTOR('',#10181,2);
#10183=LINE('',#250,#10182);
#10184=EDGE_CURVE('',#251,#515,#10183,.T.);
#10185=ORIENTED_EDGE('',*,*,#10184,.T.);
#10186=DIRECTION('',(-0.44963,0.893215,0));
#10187=VECTOR('',#10186,0.132513);
#10188=LINE('',#514,#10187);
#10189=EDGE_CURVE('',#515,#517,#10188,.T.);
#10190=ORIENTED_EDGE('',*,*,#10189,.T.);
#10191=EDGE_LOOP('',(#10179,#10180,#10185,#10190));
#10192=FACE_OUTER_BOUND('',#10191,.T.);
#10193=ADVANCED_FACE('',(#10192),#10174,.T.);
#10194=DIRECTION('',(-0.870099,-0.492877,0));
#10195=DIRECTION('',(0,-0,-1));
#10196=AXIS2_PLACEMENT_3D('',#512,#10194,#10195);
#10197=PLANE('',#10196);
#10198=DIRECTION('',(0,0,1));
#10199=VECTOR('',#10198,2);
#10200=LINE('',#248,#10199);
#10201=EDGE_CURVE('',#249,#513,#10200,.T.);
#10202=ORIENTED_EDGE('',*,*,#10201,.F.);
#10203=ORIENTED_EDGE('',*,*,#4490,.T.);
#10204=ORIENTED_EDGE('',*,*,#10178,.T.);
#10205=DIRECTION('',(0.492877,-0.870099,0));
#10206=VECTOR('',#10205,0.132526);
#10207=LINE('',#512,#10206);
#10208=EDGE_CURVE('',#513,#517,#10207,.T.);
#10209=ORIENTED_EDGE('',*,*,#10208,.F.);
#10210=EDGE_LOOP('',(#10202,#10203,#10204,#10209));
#10211=FACE_OUTER_BOUND('',#10210,.T.);
#10212=ADVANCED_FACE('',(#10211),#10197,.T.);
#10213=DIRECTION('',(-0.949526,-0.313688,0));
#10214=DIRECTION('',(0,-0,1));
#10215=AXIS2_PLACEMENT_3D('',#520,#10213,#10214);
#10216=PLANE('',#10215);
#10217=DIRECTION('',(0,0,1));
#10218=VECTOR('',#10217,2);
#10219=LINE('',#256,#10218);
#10220=EDGE_CURVE('',#257,#521,#10219,.T.);
#10221=ORIENTED_EDGE('',*,*,#10220,.F.);
#10222=ORIENTED_EDGE('',*,*,#4470,.F.);
#10223=ORIENTED_EDGE('',*,*,#10159,.T.);
#10224=DIRECTION('',(-0.313688,0.949526,0));
#10225=VECTOR('',#10224,0.132528);
#10226=LINE('',#518,#10225);
#10227=EDGE_CURVE('',#519,#521,#10226,.T.);
#10228=ORIENTED_EDGE('',*,*,#10227,.T.);
#10229=EDGE_LOOP('',(#10221,#10222,#10223,#10228));
#10230=FACE_OUTER_BOUND('',#10229,.T.);
#10231=ADVANCED_FACE('',(#10230),#10216,.T.);
#10232=DIRECTION('',(-0.932999,-0.359878,0));
#10233=DIRECTION('',(0,-0,1));
#10234=AXIS2_PLACEMENT_3D('',#258,#10232,#10233);
#10235=PLANE('',#10234);
#10236=ORIENTED_EDGE('',*,*,#4475,.F.);
#10237=ORIENTED_EDGE('',*,*,#10220,.T.);
#10238=DIRECTION('',(-0.359878,0.932999,0));
#10239=VECTOR('',#10238,0.132521);
#10240=LINE('',#520,#10239);
#10241=EDGE_CURVE('',#521,#523,#10240,.T.);
#10242=ORIENTED_EDGE('',*,*,#10241,.T.);
#10243=DIRECTION('',(0,0,1));
#10244=VECTOR('',#10243,2);
#10245=LINE('',#258,#10244);
#10246=EDGE_CURVE('',#259,#523,#10245,.T.);
#10247=ORIENTED_EDGE('',*,*,#10246,.F.);
#10248=EDGE_LOOP('',(#10236,#10237,#10242,#10247));
#10249=FACE_OUTER_BOUND('',#10248,.T.);
#10250=ADVANCED_FACE('',(#10249),#10235,.T.);
#10251=DIRECTION('',(-0.914202,-0.40526,0));
#10252=DIRECTION('',(0,-0,1));
#10253=AXIS2_PLACEMENT_3D('',#514,#10251,#10252);
#10254=PLANE('',#10253);
#10255=ORIENTED_EDGE('',*,*,#10184,.F.);
#10256=ORIENTED_EDGE('',*,*,#4480,.T.);
#10257=ORIENTED_EDGE('',*,*,#10246,.T.);
#10258=DIRECTION('',(0.40526,-0.914202,0));
#10259=VECTOR('',#10258,0.132525);
#10260=LINE('',#514,#10259);
#10261=EDGE_CURVE('',#515,#523,#10260,.T.);
#10262=ORIENTED_EDGE('',*,*,#10261,.F.);
#10263=EDGE_LOOP('',(#10255,#10256,#10257,#10262));
#10264=FACE_OUTER_BOUND('',#10263,.T.);
#10265=ADVANCED_FACE('',(#10264),#10254,.T.);
#10266=DIRECTION('',(-0.844833,-0.53503,0));
#10267=DIRECTION('',(0,-0,-1));
#10268=AXIS2_PLACEMENT_3D('',#248,#10266,#10267);
#10269=PLANE('',#10268);
#10270=ORIENTED_EDGE('',*,*,#10201,.T.);
#10271=DIRECTION('',(-0.53503,0.844833,0));
#10272=VECTOR('',#10271,0.132516);
#10273=LINE('',#512,#10272);
#10274=EDGE_CURVE('',#513,#525,#10273,.T.);
#10275=ORIENTED_EDGE('',*,*,#10274,.T.);
#10276=DIRECTION('',(0,0,1));
#10277=VECTOR('',#10276,2);
#10278=LINE('',#260,#10277);
#10279=EDGE_CURVE('',#261,#525,#10278,.T.);
#10280=ORIENTED_EDGE('',*,*,#10279,.F.);
#10281=ORIENTED_EDGE('',*,*,#4495,.F.);
#10282=EDGE_LOOP('',(#10270,#10275,#10280,#10281));
#10283=FACE_OUTER_BOUND('',#10282,.T.);
#10284=ADVANCED_FACE('',(#10283),#10269,.T.);
#10285=DIRECTION('',(-0.81759,-0.575801,0));
#10286=DIRECTION('',(0,-0,-1));
#10287=AXIS2_PLACEMENT_3D('',#260,#10285,#10286);
#10288=PLANE('',#10287);
#10289=ORIENTED_EDGE('',*,*,#10279,.T.);
#10290=DIRECTION('',(0.575801,-0.81759,0));
#10291=VECTOR('',#10290,0.132527);
#10292=LINE('',#486,#10291);
#10293=EDGE_CURVE('',#487,#525,#10292,.T.);
#10294=ORIENTED_EDGE('',*,*,#10293,.F.);
#10295=ORIENTED_EDGE('',*,*,#9936,.F.);
#10296=ORIENTED_EDGE('',*,*,#4500,.T.);
#10297=EDGE_LOOP('',(#10289,#10294,#10295,#10296));
#10298=FACE_OUTER_BOUND('',#10297,.T.);
#10299=ADVANCED_FACE('',(#10298),#10288,.T.);
#10300=DIRECTION('',(-0.44963,-0.893215,0));
#10301=DIRECTION('',(0,-0,-1));
#10302=AXIS2_PLACEMENT_3D('',#526,#10300,#10301);
#10303=PLANE('',#10302);
#10304=ORIENTED_EDGE('',*,*,#9794,.F.);
#10305=ORIENTED_EDGE('',*,*,#4550,.T.);
#10306=DIRECTION('',(0,0,1));
#10307=VECTOR('',#10306,2);
#10308=LINE('',#266,#10307);
#10309=EDGE_CURVE('',#267,#531,#10308,.T.);
#10310=ORIENTED_EDGE('',*,*,#10309,.T.);
#10311=DIRECTION('',(0.893215,-0.44963,0));
#10312=VECTOR('',#10311,0.132521);
#10313=LINE('',#526,#10312);
#10314=EDGE_CURVE('',#527,#531,#10313,.T.);
#10315=ORIENTED_EDGE('',*,*,#10314,.F.);
#10316=EDGE_LOOP('',(#10304,#10305,#10310,#10315));
#10317=FACE_OUTER_BOUND('',#10316,.T.);
#10318=ADVANCED_FACE('',(#10317),#10303,.T.);
#10319=DIRECTION('',(-0.492824,-0.870129,0));
#10320=DIRECTION('',(0,-0,-1));
#10321=AXIS2_PLACEMENT_3D('',#530,#10319,#10320);
#10322=PLANE('',#10321);
#10323=ORIENTED_EDGE('',*,*,#10309,.F.);
#10324=ORIENTED_EDGE('',*,*,#4545,.F.);
#10325=DIRECTION('',(0,0,1));
#10326=VECTOR('',#10325,2);
#10327=LINE('',#264,#10326);
#10328=EDGE_CURVE('',#265,#529,#10327,.T.);
#10329=ORIENTED_EDGE('',*,*,#10328,.T.);
#10330=DIRECTION('',(-0.870129,0.492824,0));
#10331=VECTOR('',#10330,0.132517);
#10332=LINE('',#528,#10331);
#10333=EDGE_CURVE('',#529,#531,#10332,.T.);
#10334=ORIENTED_EDGE('',*,*,#10333,.T.);
#10335=EDGE_LOOP('',(#10323,#10324,#10329,#10334));
#10336=FACE_OUTER_BOUND('',#10335,.T.);
#10337=ADVANCED_FACE('',(#10336),#10322,.T.);
#10338=DIRECTION('',(-0.535045,-0.844823,0));
#10339=DIRECTION('',(0,-0,-1));
#10340=AXIS2_PLACEMENT_3D('',#532,#10338,#10339);
#10341=PLANE('',#10340);
#10342=DIRECTION('',(0.844823,-0.535045,0));
#10343=VECTOR('',#10342,0.132526);
#10344=LINE('',#528,#10343);
#10345=EDGE_CURVE('',#529,#533,#10344,.T.);
#10346=ORIENTED_EDGE('',*,*,#10345,.F.);
#10347=ORIENTED_EDGE('',*,*,#10328,.F.);
#10348=ORIENTED_EDGE('',*,*,#4540,.T.);
#10349=DIRECTION('',(0,0,1));
#10350=VECTOR('',#10349,2);
#10351=LINE('',#268,#10350);
#10352=EDGE_CURVE('',#269,#533,#10351,.T.);
#10353=ORIENTED_EDGE('',*,*,#10352,.T.);
#10354=EDGE_LOOP('',(#10346,#10347,#10348,#10353));
#10355=FACE_OUTER_BOUND('',#10354,.T.);
#10356=ADVANCED_FACE('',(#10355),#10341,.T.);
#10357=DIRECTION('',(-0.575815,-0.81758,0));
#10358=DIRECTION('',(0,-0,-1));
#10359=AXIS2_PLACEMENT_3D('',#270,#10357,#10358);
#10360=PLANE('',#10359);
#10361=ORIENTED_EDGE('',*,*,#9862,.T.);
#10362=DIRECTION('',(0.81758,-0.575815,0));
#10363=VECTOR('',#10362,0.132524);
#10364=LINE('',#532,#10363);
#10365=EDGE_CURVE('',#533,#535,#10364,.T.);
#10366=ORIENTED_EDGE('',*,*,#10365,.F.);
#10367=ORIENTED_EDGE('',*,*,#10352,.F.);
#10368=ORIENTED_EDGE('',*,*,#4535,.T.);
#10369=EDGE_LOOP('',(#10361,#10366,#10367,#10368));
#10370=FACE_OUTER_BOUND('',#10369,.T.);
#10371=ADVANCED_FACE('',(#10370),#10360,.T.);
#10372=DIRECTION('',(0,0,1));
#10373=DIRECTION('',(0,-1,0));
#10374=AXIS2_PLACEMENT_3D('',#536,#10372,#10373);
#10375=PLANE('',#10374);
#10376=DIRECTION('',(0,1,0));
#10377=VECTOR('',#10376,4.878601);
#10378=LINE('',#536,#10377);
#10379=EDGE_CURVE('',#537,#539,#10378,.T.);
#10380=ORIENTED_EDGE('',*,*,#10379,.T.);
#10381=DIRECTION('',(0.866026,-0.499999,0));
#10382=VECTOR('',#10381,4.878606);
#10383=LINE('',#460,#10382);
#10384=EDGE_CURVE('',#461,#539,#10383,.T.);
#10385=ORIENTED_EDGE('',*,*,#10384,.F.);
#10386=DIRECTION('',(0.866026,0.499999,0));
#10387=VECTOR('',#10386,4.878606);
#10388=LINE('',#312,#10387);
#10389=EDGE_CURVE('',#313,#461,#10388,.T.);
#10390=ORIENTED_EDGE('',*,*,#10389,.F.);
#10391=DIRECTION('',(0,1,0));
#10392=VECTOR('',#10391,4.878601);
#10393=LINE('',#272,#10392);
#10394=EDGE_CURVE('',#273,#313,#10393,.T.);
#10395=ORIENTED_EDGE('',*,*,#10394,.F.);
#10396=DIRECTION('',(0.866024,-0.500002,0));
#10397=VECTOR('',#10396,4.878614);
#10398=LINE('',#272,#10397);
#10399=EDGE_CURVE('',#273,#375,#10398,.T.);
#10400=ORIENTED_EDGE('',*,*,#10399,.T.);
#10401=DIRECTION('',(0.866024,0.500002,0));
#10402=VECTOR('',#10401,4.878614);
#10403=LINE('',#374,#10402);
#10404=EDGE_CURVE('',#375,#537,#10403,.T.);
#10405=ORIENTED_EDGE('',*,*,#10404,.T.);
#10406=EDGE_LOOP('',(#10380,#10385,#10390,#10395,#10400,#10405));
#10407=FACE_OUTER_BOUND('',#10406,.T.);
#10408=ORIENTED_EDGE('',*,*,#8559,.T.);
#10409=ORIENTED_EDGE('',*,*,#8583,.T.);
#10410=ORIENTED_EDGE('',*,*,#8597,.T.);
#10411=ORIENTED_EDGE('',*,*,#8623,.T.);
#10412=ORIENTED_EDGE('',*,*,#8635,.T.);
#10413=ORIENTED_EDGE('',*,*,#8659,.T.);
#10414=ORIENTED_EDGE('',*,*,#8679,.T.);
#10415=ORIENTED_EDGE('',*,*,#8697,.T.);
#10416=ORIENTED_EDGE('',*,*,#8718,.T.);
#10417=ORIENTED_EDGE('',*,*,#8730,.T.);
#10418=ORIENTED_EDGE('',*,*,#8756,.T.);
#10419=ORIENTED_EDGE('',*,*,#8768,.T.);
#10420=ORIENTED_EDGE('',*,*,#8793,.T.);
#10421=ORIENTED_EDGE('',*,*,#8812,.T.);
#10422=ORIENTED_EDGE('',*,*,#8830,.T.);
#10423=ORIENTED_EDGE('',*,*,#8850,.T.);
#10424=ORIENTED_EDGE('',*,*,#9534,.T.);
#10425=ORIENTED_EDGE('',*,*,#9554,.T.);
#10426=ORIENTED_EDGE('',*,*,#9571,.T.);
#10427=ORIENTED_EDGE('',*,*,#9585,.T.);
#10428=ORIENTED_EDGE('',*,*,#9609,.T.);
#10429=ORIENTED_EDGE('',*,*,#9623,.T.);
#10430=ORIENTED_EDGE('',*,*,#9648,.T.);
#10431=ORIENTED_EDGE('',*,*,#9667,.T.);
#10432=ORIENTED_EDGE('',*,*,#9687,.T.);
#10433=ORIENTED_EDGE('',*,*,#9705,.T.);
#10434=ORIENTED_EDGE('',*,*,#9718,.T.);
#10435=ORIENTED_EDGE('',*,*,#9737,.T.);
#10436=ORIENTED_EDGE('',*,*,#9761,.T.);
#10437=ORIENTED_EDGE('',*,*,#9775,.T.);
#10438=ORIENTED_EDGE('',*,*,#9823,.T.);
#10439=ORIENTED_EDGE('',*,*,#9837,.F.);
#10440=ORIENTED_EDGE('',*,*,#9799,.T.);
#10441=ORIENTED_EDGE('',*,*,#10314,.T.);
#10442=ORIENTED_EDGE('',*,*,#10333,.F.);
#10443=ORIENTED_EDGE('',*,*,#10345,.T.);
#10444=ORIENTED_EDGE('',*,*,#10365,.T.);
#10445=ORIENTED_EDGE('',*,*,#9857,.F.);
#10446=ORIENTED_EDGE('',*,*,#9881,.T.);
#10447=ORIENTED_EDGE('',*,*,#9899,.F.);
#10448=ORIENTED_EDGE('',*,*,#9957,.T.);
#10449=ORIENTED_EDGE('',*,*,#9918,.F.);
#10450=ORIENTED_EDGE('',*,*,#9941,.T.);
#10451=ORIENTED_EDGE('',*,*,#10293,.T.);
#10452=ORIENTED_EDGE('',*,*,#10274,.F.);
#10453=ORIENTED_EDGE('',*,*,#10208,.T.);
#10454=ORIENTED_EDGE('',*,*,#10189,.F.);
#10455=ORIENTED_EDGE('',*,*,#10261,.T.);
#10456=ORIENTED_EDGE('',*,*,#10241,.F.);
#10457=ORIENTED_EDGE('',*,*,#10227,.F.);
#10458=ORIENTED_EDGE('',*,*,#10166,.F.);
#10459=ORIENTED_EDGE('',*,*,#10141,.T.);
#10460=ORIENTED_EDGE('',*,*,#10122,.F.);
#10461=ORIENTED_EDGE('',*,*,#10104,.F.);
#10462=ORIENTED_EDGE('',*,*,#10090,.F.);
#10463=ORIENTED_EDGE('',*,*,#10064,.F.);
#10464=ORIENTED_EDGE('',*,*,#10047,.F.);
#10465=ORIENTED_EDGE('',*,*,#10033,.F.);
#10466=ORIENTED_EDGE('',*,*,#10014,.F.);
#10467=ORIENTED_EDGE('',*,*,#9995,.F.);
#10468=ORIENTED_EDGE('',*,*,#9969,.F.);
#10469=ORIENTED_EDGE('',*,*,#9516,.F.);
#10470=ORIENTED_EDGE('',*,*,#9490,.F.);
#10471=ORIENTED_EDGE('',*,*,#9473,.F.);
#10472=ORIENTED_EDGE('',*,*,#9459,.F.);
#10473=ORIENTED_EDGE('',*,*,#9434,.F.);
#10474=ORIENTED_EDGE('',*,*,#9414,.F.);
#10475=ORIENTED_EDGE('',*,*,#9396,.F.);
#10476=ORIENTED_EDGE('',*,*,#9378,.F.);
#10477=ORIENTED_EDGE('',*,*,#9358,.F.);
#10478=ORIENTED_EDGE('',*,*,#9338,.F.);
#10479=ORIENTED_EDGE('',*,*,#9319,.F.);
#10480=ORIENTED_EDGE('',*,*,#9301,.F.);
#10481=ORIENTED_EDGE('',*,*,#9282,.F.);
#10482=ORIENTED_EDGE('',*,*,#9262,.F.);
#10483=ORIENTED_EDGE('',*,*,#9245,.F.);
#10484=ORIENTED_EDGE('',*,*,#9224,.F.);
#10485=ORIENTED_EDGE('',*,*,#9212,.F.);
#10486=ORIENTED_EDGE('',*,*,#9187,.F.);
#10487=ORIENTED_EDGE('',*,*,#9174,.F.);
#10488=ORIENTED_EDGE('',*,*,#9150,.F.);
#10489=ORIENTED_EDGE('',*,*,#9131,.F.);
#10490=ORIENTED_EDGE('',*,*,#9111,.F.);
#10491=ORIENTED_EDGE('',*,*,#9091,.F.);
#10492=ORIENTED_EDGE('',*,*,#9073,.F.);
#10493=ORIENTED_EDGE('',*,*,#9054,.F.);
#10494=ORIENTED_EDGE('',*,*,#9041,.F.);
#10495=ORIENTED_EDGE('',*,*,#9016,.F.);
#10496=ORIENTED_EDGE('',*,*,#8997,.F.);
#10497=ORIENTED_EDGE('',*,*,#8979,.F.);
#10498=ORIENTED_EDGE('',*,*,#8965,.F.);
#10499=ORIENTED_EDGE('',*,*,#8940,.F.);
#10500=ORIENTED_EDGE('',*,*,#8920,.F.);
#10501=ORIENTED_EDGE('',*,*,#8893,.F.);
#10502=ORIENTED_EDGE('',*,*,#8869,.F.);
#10503=ORIENTED_EDGE('',*,*,#8906,.F.);
#10504=ORIENTED_EDGE('',*,*,#8185,.F.);
#10505=ORIENTED_EDGE('',*,*,#8171,.F.);
#10506=ORIENTED_EDGE('',*,*,#8147,.T.);
#10507=ORIENTED_EDGE('',*,*,#8126,.F.);
#10508=ORIENTED_EDGE('',*,*,#8114,.T.);
#10509=ORIENTED_EDGE('',*,*,#8278,.F.);
#10510=ORIENTED_EDGE('',*,*,#8266,.F.);
#10511=ORIENTED_EDGE('',*,*,#8226,.T.);
#10512=ORIENTED_EDGE('',*,*,#8202,.T.);
#10513=ORIENTED_EDGE('',*,*,#8244,.F.);
#10514=ORIENTED_EDGE('',*,*,#7972,.T.);
#10515=ORIENTED_EDGE('',*,*,#7953,.F.);
#10516=ORIENTED_EDGE('',*,*,#8089,.T.);
#10517=ORIENTED_EDGE('',*,*,#7994,.F.);
#10518=ORIENTED_EDGE('',*,*,#8019,.T.);
#10519=ORIENTED_EDGE('',*,*,#8057,.T.);
#10520=ORIENTED_EDGE('',*,*,#8031,.T.);
#10521=ORIENTED_EDGE('',*,*,#8069,.F.);
#10522=ORIENTED_EDGE('',*,*,#8299,.T.);
#10523=ORIENTED_EDGE('',*,*,#8317,.T.);
#10524=ORIENTED_EDGE('',*,*,#8338,.T.);
#10525=ORIENTED_EDGE('',*,*,#8356,.T.);
#10526=ORIENTED_EDGE('',*,*,#8376,.T.);
#10527=ORIENTED_EDGE('',*,*,#8394,.T.);
#10528=ORIENTED_EDGE('',*,*,#8412,.T.);
#10529=ORIENTED_EDGE('',*,*,#8426,.T.);
#10530=ORIENTED_EDGE('',*,*,#8450,.T.);
#10531=ORIENTED_EDGE('',*,*,#8464,.T.);
#10532=ORIENTED_EDGE('',*,*,#8483,.T.);
#10533=ORIENTED_EDGE('',*,*,#8509,.T.);
#10534=ORIENTED_EDGE('',*,*,#8521,.T.);
#10535=ORIENTED_EDGE('',*,*,#8546,.T.);
#10536=EDGE_LOOP('',(#10408,#10409,#10410,#10411,#10412,#10413,#10414,#10415,#10416,#10417,#10418,#10419,#10420,#10421,#10422,#10423,#10424,#10425,#10426,#10427,#10428,#10429,#10430,#10431,#10432,#10433,#10434,#10435,#10436,#10437,#10438,#10439,#10440,#10441,#10442,#10443,#10444,#10445,#10446,#10447,#10448,#10449,#10450,#10451,#10452,#10453,#10454,#10455,#10456,#10457,#10458,#10459,#10460,#10461,#10462,#10463,#10464,#10465,#10466,#10467,#10468,#10469,#10470,#10471,#10472,#10473,#10474,#10475,#10476,#10477,#10478,#10479,#10480,#10481,#10482,#10483,#10484,#10485,#10486,#10487,#10488,#10489,#10490,#10491,#10492,#10493,#10494,#10495,#10496,#10497,#10498,#10499,#10500,#10501,#10502,#10503,#10504,#10505,#10506,#10507,#10508,#10509,#10510,#10511,#10512,#10513,#10514,#10515,#10516,#10517,#10518,#10519,#10520,#10521,#10522,#10523,#10524,#10525,#10526,#10527,#10528,#10529,#10530,#10531,#10532,#10533,#10534,#10535));
#10537=FACE_BOUND('',#10536,.T.);
#10538=ADVANCED_FACE('',(#10407,#10537),#10375,.T.);
#10539=DIRECTION('',(0,0,1));
#10540=DIRECTION('',(0,-1,0));
#10541=AXIS2_PLACEMENT_3D('',#1644,#10539,#10540);
#10542=PLANE('',#10541);
#10543=DIRECTION('',(0.866024,0.500002,0));
#10544=VECTOR('',#10543,4.878614);
#10545=LINE('',#1644,#10544);
#10546=EDGE_CURVE('',#1645,#1809,#10545,.T.);
#10547=ORIENTED_EDGE('',*,*,#10546,.T.);
#10548=DIRECTION('',(0,1,0));
#10549=VECTOR('',#10548,4.878601);
#10550=LINE('',#1808,#10549);
#10551=EDGE_CURVE('',#1809,#1871,#10550,.T.);
#10552=ORIENTED_EDGE('',*,*,#10551,.T.);
#10553=DIRECTION('',(0.866026,-0.499999,0));
#10554=VECTOR('',#10553,4.878606);
#10555=LINE('',#1768,#10554);
#10556=EDGE_CURVE('',#1769,#1871,#10555,.T.);
#10557=ORIENTED_EDGE('',*,*,#10556,.F.);
#10558=DIRECTION('',(0.866026,0.499999,0));
#10559=VECTOR('',#10558,4.878606);
#10560=LINE('',#1606,#10559);
#10561=EDGE_CURVE('',#1607,#1769,#10560,.T.);
#10562=ORIENTED_EDGE('',*,*,#10561,.F.);
#10563=DIRECTION('',(0,1,0));
#10564=VECTOR('',#10563,4.878601);
#10565=LINE('',#1604,#10564);
#10566=EDGE_CURVE('',#1605,#1607,#10565,.T.);
#10567=ORIENTED_EDGE('',*,*,#10566,.F.);
#10568=DIRECTION('',(0.866024,-0.500002,0));
#10569=VECTOR('',#10568,4.878614);
#10570=LINE('',#1604,#10569);
#10571=EDGE_CURVE('',#1605,#1645,#10570,.T.);
#10572=ORIENTED_EDGE('',*,*,#10571,.T.);
#10573=EDGE_LOOP('',(#10547,#10552,#10557,#10562,#10567,#10572));
#10574=FACE_OUTER_BOUND('',#10573,.T.);
#10575=DIRECTION('',(-0.073542,0.997292,0));
#10576=VECTOR('',#10575,0.132531);
#10577=LINE('',#1684,#10576);
#10578=EDGE_CURVE('',#1685,#1687,#10577,.T.);
#10579=ORIENTED_EDGE('',*,*,#10578,.T.);
#10580=DIRECTION('',(-0.024555,0.999698,0));
#10581=VECTOR('',#10580,0.132517);
#10582=LINE('',#1686,#10581);
#10583=EDGE_CURVE('',#1687,#1689,#10582,.T.);
#10584=ORIENTED_EDGE('',*,*,#10583,.T.);
#10585=DIRECTION('',(0.024555,0.999698,0));
#10586=VECTOR('',#10585,0.132517);
#10587=LINE('',#1688,#10586);
#10588=EDGE_CURVE('',#1689,#1691,#10587,.T.);
#10589=ORIENTED_EDGE('',*,*,#10588,.T.);
#10590=DIRECTION('',(0.073542,0.997292,0));
#10591=VECTOR('',#10590,0.132531);
#10592=LINE('',#1690,#10591);
#10593=EDGE_CURVE('',#1691,#1693,#10592,.T.);
#10594=ORIENTED_EDGE('',*,*,#10593,.T.);
#10595=DIRECTION('',(0.122433,0.992477,0));
#10596=VECTOR('',#10595,0.132512);
#10597=LINE('',#1692,#10596);
#10598=EDGE_CURVE('',#1693,#1695,#10597,.T.);
#10599=ORIENTED_EDGE('',*,*,#10598,.T.);
#10600=DIRECTION('',(0.170939,0.985282,0));
#10601=VECTOR('',#10600,0.132535);
#10602=LINE('',#1694,#10601);
#10603=EDGE_CURVE('',#1695,#1697,#10602,.T.);
#10604=ORIENTED_EDGE('',*,*,#10603,.T.);
#10605=DIRECTION('',(0.219112,0.9757,0));
#10606=VECTOR('',#10605,0.132523);
#10607=LINE('',#1696,#10606);
#10608=EDGE_CURVE('',#1697,#1699,#10607,.T.);
#10609=ORIENTED_EDGE('',*,*,#10608,.T.);
#10610=DIRECTION('',(0.266708,0.963777,0));
#10611=VECTOR('',#10610,0.132516);
#10612=LINE('',#1698,#10611);
#10613=EDGE_CURVE('',#1699,#1701,#10612,.T.);
#10614=ORIENTED_EDGE('',*,*,#10613,.T.);
#10615=DIRECTION('',(0.313688,0.949526,0));
#10616=VECTOR('',#10615,0.132528);
#10617=LINE('',#1700,#10616);
#10618=EDGE_CURVE('',#1701,#1703,#10617,.T.);
#10619=ORIENTED_EDGE('',*,*,#10618,.T.);
#10620=DIRECTION('',(0.359878,0.932999,0));
#10621=VECTOR('',#10620,0.132521);
#10622=LINE('',#1702,#10621);
#10623=EDGE_CURVE('',#1703,#1705,#10622,.T.);
#10624=ORIENTED_EDGE('',*,*,#10623,.T.);
#10625=DIRECTION('',(0.40526,0.914202,0));
#10626=VECTOR('',#10625,0.132525);
#10627=LINE('',#1704,#10626);
#10628=EDGE_CURVE('',#1705,#1707,#10627,.T.);
#10629=ORIENTED_EDGE('',*,*,#10628,.T.);
#10630=DIRECTION('',(0.44963,0.893215,0));
#10631=VECTOR('',#10630,0.132513);
#10632=LINE('',#1706,#10631);
#10633=EDGE_CURVE('',#1707,#1709,#10632,.T.);
#10634=ORIENTED_EDGE('',*,*,#10633,.T.);
#10635=DIRECTION('',(0.492877,0.870099,0));
#10636=VECTOR('',#10635,0.132526);
#10637=LINE('',#1708,#10636);
#10638=EDGE_CURVE('',#1709,#1711,#10637,.T.);
#10639=ORIENTED_EDGE('',*,*,#10638,.T.);
#10640=DIRECTION('',(0.53503,0.844833,0));
#10641=VECTOR('',#10640,0.132516);
#10642=LINE('',#1710,#10641);
#10643=EDGE_CURVE('',#1711,#1713,#10642,.T.);
#10644=ORIENTED_EDGE('',*,*,#10643,.T.);
#10645=DIRECTION('',(0.575801,0.81759,0));
#10646=VECTOR('',#10645,0.132527);
#10647=LINE('',#1712,#10646);
#10648=EDGE_CURVE('',#1713,#1715,#10647,.T.);
#10649=ORIENTED_EDGE('',*,*,#10648,.T.);
#10650=DIRECTION('',(0.615217,0.788358,0));
#10651=VECTOR('',#10650,0.132525);
#10652=LINE('',#1714,#10651);
#10653=EDGE_CURVE('',#1715,#1717,#10652,.T.);
#10654=ORIENTED_EDGE('',*,*,#10653,.T.);
#10655=DIRECTION('',(0.65319,0.757194,0));
#10656=VECTOR('',#10655,0.132518);
#10657=LINE('',#1716,#10656);
#10658=EDGE_CURVE('',#1717,#1719,#10657,.T.);
#10659=ORIENTED_EDGE('',*,*,#10658,.T.);
#10660=DIRECTION('',(0.689551,0.724237,0));
#10661=VECTOR('',#10660,0.132523);
#10662=LINE('',#1718,#10661);
#10663=EDGE_CURVE('',#1719,#1721,#10662,.T.);
#10664=ORIENTED_EDGE('',*,*,#10663,.T.);
#10665=DIRECTION('',(0.724223,0.689566,0));
#10666=VECTOR('',#10665,0.132525);
#10667=LINE('',#1720,#10666);
#10668=EDGE_CURVE('',#1721,#1723,#10667,.T.);
#10669=ORIENTED_EDGE('',*,*,#10668,.T.);
#10670=DIRECTION('',(0.757205,0.653178,0));
#10671=VECTOR('',#10670,0.132526);
#10672=LINE('',#1722,#10671);
#10673=EDGE_CURVE('',#1723,#1725,#10672,.T.);
#10674=ORIENTED_EDGE('',*,*,#10673,.T.);
#10675=DIRECTION('',(0.788361,0.615213,0));
#10676=VECTOR('',#10675,0.132519);
#10677=LINE('',#1724,#10676);
#10678=EDGE_CURVE('',#1725,#1727,#10677,.T.);
#10679=ORIENTED_EDGE('',*,*,#10678,.T.);
#10680=DIRECTION('',(0.81758,0.575815,0));
#10681=VECTOR('',#10680,0.132524);
#10682=LINE('',#1726,#10681);
#10683=EDGE_CURVE('',#1727,#1729,#10682,.T.);
#10684=ORIENTED_EDGE('',*,*,#10683,.T.);
#10685=DIRECTION('',(0.844823,0.535045,0));
#10686=VECTOR('',#10685,0.132526);
#10687=LINE('',#1728,#10686);
#10688=EDGE_CURVE('',#1729,#1731,#10687,.T.);
#10689=ORIENTED_EDGE('',*,*,#10688,.T.);
#10690=DIRECTION('',(0.870129,0.492824,0));
#10691=VECTOR('',#10690,0.132517);
#10692=LINE('',#1730,#10691);
#10693=EDGE_CURVE('',#1731,#1733,#10692,.T.);
#10694=ORIENTED_EDGE('',*,*,#10693,.T.);
#10695=DIRECTION('',(0.893215,0.44963,0));
#10696=VECTOR('',#10695,0.132521);
#10697=LINE('',#1732,#10696);
#10698=EDGE_CURVE('',#1733,#1735,#10697,.T.);
#10699=ORIENTED_EDGE('',*,*,#10698,.T.);
#10700=DIRECTION('',(0.914191,0.405284,0));
#10701=VECTOR('',#10700,0.132527);
#10702=LINE('',#1734,#10701);
#10703=EDGE_CURVE('',#1735,#1737,#10702,.T.);
#10704=ORIENTED_EDGE('',*,*,#10703,.T.);
#10705=DIRECTION('',(0.933019,0.359828,0));
#10706=VECTOR('',#10705,0.132518);
#10707=LINE('',#1736,#10706);
#10708=EDGE_CURVE('',#1737,#1739,#10707,.T.);
#10709=ORIENTED_EDGE('',*,*,#10708,.T.);
#10710=DIRECTION('',(0.949506,0.313748,0));
#10711=VECTOR('',#10710,0.132527);
#10712=LINE('',#1738,#10711);
#10713=EDGE_CURVE('',#1739,#1741,#10712,.T.);
#10714=ORIENTED_EDGE('',*,*,#10713,.T.);
#10715=DIRECTION('',(0.963787,0.266674,0));
#10716=VECTOR('',#10715,0.132519);
#10717=LINE('',#1740,#10716);
#10718=EDGE_CURVE('',#1741,#1743,#10717,.T.);
#10719=ORIENTED_EDGE('',*,*,#10718,.T.);
#10720=DIRECTION('',(0.9757,0.219112,0));
#10721=VECTOR('',#10720,0.132523);
#10722=LINE('',#1742,#10721);
#10723=EDGE_CURVE('',#1743,#1745,#10722,.T.);
#10724=ORIENTED_EDGE('',*,*,#10723,.T.);
#10725=DIRECTION('',(0.985274,0.170982,0));
#10726=VECTOR('',#10725,0.132525);
#10727=LINE('',#1744,#10726);
#10728=EDGE_CURVE('',#1745,#1747,#10727,.T.);
#10729=ORIENTED_EDGE('',*,*,#10728,.T.);
#10730=DIRECTION('',(0.992482,0.122394,0));
#10731=VECTOR('',#10730,0.132523);
#10732=LINE('',#1746,#10731);
#10733=EDGE_CURVE('',#1747,#1749,#10732,.T.);
#10734=ORIENTED_EDGE('',*,*,#10733,.T.);
#10735=DIRECTION('',(0.99729,0.073577,0));
#10736=VECTOR('',#10735,0.132519);
#10737=LINE('',#1748,#10736);
#10738=EDGE_CURVE('',#1749,#1751,#10737,.T.);
#10739=ORIENTED_EDGE('',*,*,#10738,.T.);
#10740=DIRECTION('',(0.999699,0.024525,0));
#10741=VECTOR('',#10740,0.132524);
#10742=LINE('',#1750,#10741);
#10743=EDGE_CURVE('',#1751,#1753,#10742,.T.);
#10744=ORIENTED_EDGE('',*,*,#10743,.T.);
#10745=DIRECTION('',(0.999699,-0.024525,0));
#10746=VECTOR('',#10745,0.132524);
#10747=LINE('',#1752,#10746);
#10748=EDGE_CURVE('',#1753,#1755,#10747,.T.);
#10749=ORIENTED_EDGE('',*,*,#10748,.T.);
#10750=DIRECTION('',(0.99729,-0.073577,0));
#10751=VECTOR('',#10750,0.132519);
#10752=LINE('',#1754,#10751);
#10753=EDGE_CURVE('',#1755,#1757,#10752,.T.);
#10754=ORIENTED_EDGE('',*,*,#10753,.T.);
#10755=DIRECTION('',(0.992482,-0.122394,0));
#10756=VECTOR('',#10755,0.132523);
#10757=LINE('',#1756,#10756);
#10758=EDGE_CURVE('',#1757,#1759,#10757,.T.);
#10759=ORIENTED_EDGE('',*,*,#10758,.T.);
#10760=DIRECTION('',(0.985274,-0.170982,0));
#10761=VECTOR('',#10760,0.132525);
#10762=LINE('',#1758,#10761);
#10763=EDGE_CURVE('',#1759,#1761,#10762,.T.);
#10764=ORIENTED_EDGE('',*,*,#10763,.T.);
#10765=DIRECTION('',(0.9757,-0.219112,0));
#10766=VECTOR('',#10765,0.132523);
#10767=LINE('',#1760,#10766);
#10768=EDGE_CURVE('',#1761,#1763,#10767,.T.);
#10769=ORIENTED_EDGE('',*,*,#10768,.T.);
#10770=DIRECTION('',(0.963787,-0.266674,0));
#10771=VECTOR('',#10770,0.132519);
#10772=LINE('',#1762,#10771);
#10773=EDGE_CURVE('',#1763,#1765,#10772,.T.);
#10774=ORIENTED_EDGE('',*,*,#10773,.T.);
#10775=DIRECTION('',(0.949506,-0.313748,0));
#10776=VECTOR('',#10775,0.132527);
#10777=LINE('',#1764,#10776);
#10778=EDGE_CURVE('',#1765,#1767,#10777,.T.);
#10779=ORIENTED_EDGE('',*,*,#10778,.T.);
#10780=DIRECTION('',(0.933019,-0.359828,0));
#10781=VECTOR('',#10780,0.132518);
#10782=LINE('',#1766,#10781);
#10783=EDGE_CURVE('',#1767,#1859,#10782,.T.);
#10784=ORIENTED_EDGE('',*,*,#10783,.T.);
#10785=DIRECTION('',(0.914191,-0.405284,0));
#10786=VECTOR('',#10785,0.132527);
#10787=LINE('',#1858,#10786);
#10788=EDGE_CURVE('',#1859,#1861,#10787,.T.);
#10789=ORIENTED_EDGE('',*,*,#10788,.T.);
#10790=DIRECTION('',(0.893215,-0.44963,0));
#10791=VECTOR('',#10790,0.132521);
#10792=LINE('',#1860,#10791);
#10793=EDGE_CURVE('',#1861,#1865,#10792,.T.);
#10794=ORIENTED_EDGE('',*,*,#10793,.T.);
#10795=DIRECTION('',(-0.870129,0.492824,0));
#10796=VECTOR('',#10795,0.132517);
#10797=LINE('',#1862,#10796);
#10798=EDGE_CURVE('',#1863,#1865,#10797,.T.);
#10799=ORIENTED_EDGE('',*,*,#10798,.F.);
#10800=DIRECTION('',(0.844823,-0.535045,0));
#10801=VECTOR('',#10800,0.132526);
#10802=LINE('',#1862,#10801);
#10803=EDGE_CURVE('',#1863,#1867,#10802,.T.);
#10804=ORIENTED_EDGE('',*,*,#10803,.T.);
#10805=DIRECTION('',(0.81758,-0.575815,0));
#10806=VECTOR('',#10805,0.132524);
#10807=LINE('',#1866,#10806);
#10808=EDGE_CURVE('',#1867,#1869,#10807,.T.);
#10809=ORIENTED_EDGE('',*,*,#10808,.T.);
#10810=DIRECTION('',(-0.788361,0.615213,0));
#10811=VECTOR('',#10810,0.132519);
#10812=LINE('',#1810,#10811);
#10813=EDGE_CURVE('',#1811,#1869,#10812,.T.);
#10814=ORIENTED_EDGE('',*,*,#10813,.F.);
#10815=DIRECTION('',(0.757205,-0.653178,0));
#10816=VECTOR('',#10815,0.132526);
#10817=LINE('',#1810,#10816);
#10818=EDGE_CURVE('',#1811,#1815,#10817,.T.);
#10819=ORIENTED_EDGE('',*,*,#10818,.T.);
#10820=DIRECTION('',(-0.724223,0.689566,0));
#10821=VECTOR('',#10820,0.132525);
#10822=LINE('',#1812,#10821);
#10823=EDGE_CURVE('',#1813,#1815,#10822,.T.);
#10824=ORIENTED_EDGE('',*,*,#10823,.F.);
#10825=DIRECTION('',(0.689551,-0.724237,0));
#10826=VECTOR('',#10825,0.132523);
#10827=LINE('',#1812,#10826);
#10828=EDGE_CURVE('',#1813,#1817,#10827,.T.);
#10829=ORIENTED_EDGE('',*,*,#10828,.T.);
#10830=DIRECTION('',(0.65319,-0.757194,0));
#10831=VECTOR('',#10830,0.132518);
#10832=LINE('',#1816,#10831);
#10833=EDGE_CURVE('',#1817,#1853,#10832,.T.);
#10834=ORIENTED_EDGE('',*,*,#10833,.T.);
#10835=DIRECTION('',(0.615217,-0.788358,0));
#10836=VECTOR('',#10835,0.132525);
#10837=LINE('',#1852,#10836);
#10838=EDGE_CURVE('',#1853,#1855,#10837,.T.);
#10839=ORIENTED_EDGE('',*,*,#10838,.T.);
#10840=DIRECTION('',(0.575801,-0.81759,0));
#10841=VECTOR('',#10840,0.132527);
#10842=LINE('',#1854,#10841);
#10843=EDGE_CURVE('',#1855,#1857,#10842,.T.);
#10844=ORIENTED_EDGE('',*,*,#10843,.T.);
#10845=DIRECTION('',(-0.53503,0.844833,0));
#10846=VECTOR('',#10845,0.132516);
#10847=LINE('',#1840,#10846);
#10848=EDGE_CURVE('',#1841,#1857,#10847,.T.);
#10849=ORIENTED_EDGE('',*,*,#10848,.F.);
#10850=DIRECTION('',(0.492877,-0.870099,0));
#10851=VECTOR('',#10850,0.132526);
#10852=LINE('',#1840,#10851);
#10853=EDGE_CURVE('',#1841,#1851,#10852,.T.);
#10854=ORIENTED_EDGE('',*,*,#10853,.T.);
#10855=DIRECTION('',(-0.44963,0.893215,0));
#10856=VECTOR('',#10855,0.132513);
#10857=LINE('',#1848,#10856);
#10858=EDGE_CURVE('',#1849,#1851,#10857,.T.);
#10859=ORIENTED_EDGE('',*,*,#10858,.F.);
#10860=DIRECTION('',(-0.40526,0.914202,0));
#10861=VECTOR('',#10860,0.132525);
#10862=LINE('',#1846,#10861);
#10863=EDGE_CURVE('',#1847,#1849,#10862,.T.);
#10864=ORIENTED_EDGE('',*,*,#10863,.F.);
#10865=DIRECTION('',(-0.359878,0.932999,0));
#10866=VECTOR('',#10865,0.132521);
#10867=LINE('',#1844,#10866);
#10868=EDGE_CURVE('',#1845,#1847,#10867,.T.);
#10869=ORIENTED_EDGE('',*,*,#10868,.F.);
#10870=DIRECTION('',(-0.313688,0.949526,0));
#10871=VECTOR('',#10870,0.132528);
#10872=LINE('',#1842,#10871);
#10873=EDGE_CURVE('',#1843,#1845,#10872,.T.);
#10874=ORIENTED_EDGE('',*,*,#10873,.F.);
#10875=DIRECTION('',(-0.266708,0.963777,0));
#10876=VECTOR('',#10875,0.132516);
#10877=LINE('',#1836,#10876);
#10878=EDGE_CURVE('',#1837,#1843,#10877,.T.);
#10879=ORIENTED_EDGE('',*,*,#10878,.F.);
#10880=DIRECTION('',(0.219112,-0.9757,0));
#10881=VECTOR('',#10880,0.132523);
#10882=LINE('',#1836,#10881);
#10883=EDGE_CURVE('',#1837,#1839,#10882,.T.);
#10884=ORIENTED_EDGE('',*,*,#10883,.T.);
#10885=DIRECTION('',(-0.170939,0.985282,0));
#10886=VECTOR('',#10885,0.132535);
#10887=LINE('',#1834,#10886);
#10888=EDGE_CURVE('',#1835,#1839,#10887,.T.);
#10889=ORIENTED_EDGE('',*,*,#10888,.F.);
#10890=DIRECTION('',(-0.122433,0.992477,0));
#10891=VECTOR('',#10890,0.132512);
#10892=LINE('',#1832,#10891);
#10893=EDGE_CURVE('',#1833,#1835,#10892,.T.);
#10894=ORIENTED_EDGE('',*,*,#10893,.F.);
#10895=DIRECTION('',(-0.073542,0.997292,0));
#10896=VECTOR('',#10895,0.132531);
#10897=LINE('',#1830,#10896);
#10898=EDGE_CURVE('',#1831,#1833,#10897,.T.);
#10899=ORIENTED_EDGE('',*,*,#10898,.F.);
#10900=DIRECTION('',(-0.024555,0.999698,0));
#10901=VECTOR('',#10900,0.132517);
#10902=LINE('',#1828,#10901);
#10903=EDGE_CURVE('',#1829,#1831,#10902,.T.);
#10904=ORIENTED_EDGE('',*,*,#10903,.F.);
#10905=DIRECTION('',(0.024555,0.999698,0));
#10906=VECTOR('',#10905,0.132517);
#10907=LINE('',#1826,#10906);
#10908=EDGE_CURVE('',#1827,#1829,#10907,.T.);
#10909=ORIENTED_EDGE('',*,*,#10908,.F.);
#10910=DIRECTION('',(0.073542,0.997292,0));
#10911=VECTOR('',#10910,0.132531);
#10912=LINE('',#1824,#10911);
#10913=EDGE_CURVE('',#1825,#1827,#10912,.T.);
#10914=ORIENTED_EDGE('',*,*,#10913,.F.);
#10915=DIRECTION('',(0.122419,0.992478,0));
#10916=VECTOR('',#10915,0.132528);
#10917=LINE('',#1822,#10916);
#10918=EDGE_CURVE('',#1823,#1825,#10917,.T.);
#10919=ORIENTED_EDGE('',*,*,#10918,.F.);
#10920=DIRECTION('',(0.170958,0.985278,0));
#10921=VECTOR('',#10920,0.13252);
#10922=LINE('',#1820,#10921);
#10923=EDGE_CURVE('',#1821,#1823,#10922,.T.);
#10924=ORIENTED_EDGE('',*,*,#10923,.F.);
#10925=DIRECTION('',(0.219112,0.9757,0));
#10926=VECTOR('',#10925,0.132523);
#10927=LINE('',#1818,#10926);
#10928=EDGE_CURVE('',#1819,#1821,#10927,.T.);
#10929=ORIENTED_EDGE('',*,*,#10928,.F.);
#10930=DIRECTION('',(0.266708,0.963777,0));
#10931=VECTOR('',#10930,0.132516);
#10932=LINE('',#1806,#10931);
#10933=EDGE_CURVE('',#1807,#1819,#10932,.T.);
#10934=ORIENTED_EDGE('',*,*,#10933,.F.);
#10935=DIRECTION('',(0.313688,0.949526,0));
#10936=VECTOR('',#10935,0.132528);
#10937=LINE('',#1804,#10936);
#10938=EDGE_CURVE('',#1805,#1807,#10937,.T.);
#10939=ORIENTED_EDGE('',*,*,#10938,.F.);
#10940=DIRECTION('',(0.359878,0.932999,0));
#10941=VECTOR('',#10940,0.132521);
#10942=LINE('',#1802,#10941);
#10943=EDGE_CURVE('',#1803,#1805,#10942,.T.);
#10944=ORIENTED_EDGE('',*,*,#10943,.F.);
#10945=DIRECTION('',(0.40526,0.914202,0));
#10946=VECTOR('',#10945,0.132525);
#10947=LINE('',#1800,#10946);
#10948=EDGE_CURVE('',#1801,#1803,#10947,.T.);
#10949=ORIENTED_EDGE('',*,*,#10948,.F.);
#10950=DIRECTION('',(0.44963,0.893215,0));
#10951=VECTOR('',#10950,0.132513);
#10952=LINE('',#1798,#10951);
#10953=EDGE_CURVE('',#1799,#1801,#10952,.T.);
#10954=ORIENTED_EDGE('',*,*,#10953,.F.);
#10955=DIRECTION('',(0.492877,0.870099,0));
#10956=VECTOR('',#10955,0.132526);
#10957=LINE('',#1796,#10956);
#10958=EDGE_CURVE('',#1797,#1799,#10957,.T.);
#10959=ORIENTED_EDGE('',*,*,#10958,.F.);
#10960=DIRECTION('',(0.534978,0.844866,0));
#10961=VECTOR('',#10960,0.132529);
#10962=LINE('',#1794,#10961);
#10963=EDGE_CURVE('',#1795,#1797,#10962,.T.);
#10964=ORIENTED_EDGE('',*,*,#10963,.F.);
#10965=DIRECTION('',(0.575856,0.817551,0));
#10966=VECTOR('',#10965,0.132514);
#10967=LINE('',#1792,#10966);
#10968=EDGE_CURVE('',#1793,#1795,#10967,.T.);
#10969=ORIENTED_EDGE('',*,*,#10968,.F.);
#10970=DIRECTION('',(0.615217,0.788358,0));
#10971=VECTOR('',#10970,0.132525);
#10972=LINE('',#1790,#10971);
#10973=EDGE_CURVE('',#1791,#1793,#10972,.T.);
#10974=ORIENTED_EDGE('',*,*,#10973,.F.);
#10975=DIRECTION('',(0.653133,0.757244,0));
#10976=VECTOR('',#10975,0.132529);
#10977=LINE('',#1788,#10976);
#10978=EDGE_CURVE('',#1789,#1791,#10977,.T.);
#10979=ORIENTED_EDGE('',*,*,#10978,.F.);
#10980=DIRECTION('',(0.689551,0.724237,0));
#10981=VECTOR('',#10980,0.132523);
#10982=LINE('',#1786,#10981);
#10983=EDGE_CURVE('',#1787,#1789,#10982,.T.);
#10984=ORIENTED_EDGE('',*,*,#10983,.F.);
#10985=DIRECTION('',(0.72428,0.689506,0));
#10986=VECTOR('',#10985,0.132515);
#10987=LINE('',#1784,#10986);
#10988=EDGE_CURVE('',#1785,#1787,#10987,.T.);
#10989=ORIENTED_EDGE('',*,*,#10988,.F.);
#10990=DIRECTION('',(0.757205,0.653178,0));
#10991=VECTOR('',#10990,0.132526);
#10992=LINE('',#1782,#10991);
#10993=EDGE_CURVE('',#1783,#1785,#10992,.T.);
#10994=ORIENTED_EDGE('',*,*,#10993,.F.);
#10995=DIRECTION('',(0.788361,0.615213,0));
#10996=VECTOR('',#10995,0.132519);
#10997=LINE('',#1780,#10996);
#10998=EDGE_CURVE('',#1781,#1783,#10997,.T.);
#10999=ORIENTED_EDGE('',*,*,#10998,.F.);
#11000=DIRECTION('',(0.81758,0.575815,0));
#11001=VECTOR('',#11000,0.132524);
#11002=LINE('',#1778,#11001);
#11003=EDGE_CURVE('',#1779,#1781,#11002,.T.);
#11004=ORIENTED_EDGE('',*,*,#11003,.F.);
#11005=DIRECTION('',(0.844823,0.535045,0));
#11006=VECTOR('',#11005,0.132526);
#11007=LINE('',#1776,#11006);
#11008=EDGE_CURVE('',#1777,#1779,#11007,.T.);
#11009=ORIENTED_EDGE('',*,*,#11008,.F.);
#11010=DIRECTION('',(0.870079,0.492912,0));
#11011=VECTOR('',#11010,0.132525);
#11012=LINE('',#1774,#11011);
#11013=EDGE_CURVE('',#1775,#1777,#11012,.T.);
#11014=ORIENTED_EDGE('',*,*,#11013,.F.);
#11015=DIRECTION('',(0.893261,0.449538,0));
#11016=VECTOR('',#11015,0.132514);
#11017=LINE('',#1772,#11016);
#11018=EDGE_CURVE('',#1773,#1775,#11017,.T.);
#11019=ORIENTED_EDGE('',*,*,#11018,.F.);
#11020=DIRECTION('',(0.914191,0.405284,0));
#11021=VECTOR('',#11020,0.132527);
#11022=LINE('',#1770,#11021);
#11023=EDGE_CURVE('',#1771,#1773,#11022,.T.);
#11024=ORIENTED_EDGE('',*,*,#11023,.F.);
#11025=DIRECTION('',(0.93298,0.359928,0));
#11026=VECTOR('',#11025,0.132524);
#11027=LINE('',#1676,#11026);
#11028=EDGE_CURVE('',#1677,#1771,#11027,.T.);
#11029=ORIENTED_EDGE('',*,*,#11028,.F.);
#11030=DIRECTION('',(0.94954,0.313645,0));
#11031=VECTOR('',#11030,0.132522);
#11032=LINE('',#1674,#11031);
#11033=EDGE_CURVE('',#1675,#1677,#11032,.T.);
#11034=ORIENTED_EDGE('',*,*,#11033,.F.);
#11035=DIRECTION('',(0.963787,0.266674,0));
#11036=VECTOR('',#11035,0.132519);
#11037=LINE('',#1672,#11036);
#11038=EDGE_CURVE('',#1673,#1675,#11037,.T.);
#11039=ORIENTED_EDGE('',*,*,#11038,.F.);
#11040=DIRECTION('',(0.9757,0.219112,0));
#11041=VECTOR('',#11040,0.132523);
#11042=LINE('',#1670,#11041);
#11043=EDGE_CURVE('',#1671,#1673,#11042,.T.);
#11044=ORIENTED_EDGE('',*,*,#11043,.F.);
#11045=DIRECTION('',(0.985274,0.170982,0));
#11046=VECTOR('',#11045,0.132525);
#11047=LINE('',#1668,#11046);
#11048=EDGE_CURVE('',#1669,#1671,#11047,.T.);
#11049=ORIENTED_EDGE('',*,*,#11048,.F.);
#11050=DIRECTION('',(0.992482,0.122394,0));
#11051=VECTOR('',#11050,0.132523);
#11052=LINE('',#1666,#11051);
#11053=EDGE_CURVE('',#1667,#1669,#11052,.T.);
#11054=ORIENTED_EDGE('',*,*,#11053,.F.);
#11055=DIRECTION('',(0.99729,0.073577,0));
#11056=VECTOR('',#11055,0.132519);
#11057=LINE('',#1664,#11056);
#11058=EDGE_CURVE('',#1665,#1667,#11057,.T.);
#11059=ORIENTED_EDGE('',*,*,#11058,.F.);
#11060=DIRECTION('',(0.999699,0.024525,0));
#11061=VECTOR('',#11060,0.132524);
#11062=LINE('',#1662,#11061);
#11063=EDGE_CURVE('',#1663,#1665,#11062,.T.);
#11064=ORIENTED_EDGE('',*,*,#11063,.F.);
#11065=DIRECTION('',(0.999699,-0.024525,0));
#11066=VECTOR('',#11065,0.132524);
#11067=LINE('',#1660,#11066);
#11068=EDGE_CURVE('',#1661,#1663,#11067,.T.);
#11069=ORIENTED_EDGE('',*,*,#11068,.F.);
#11070=DIRECTION('',(0.99729,-0.073577,0));
#11071=VECTOR('',#11070,0.132519);
#11072=LINE('',#1658,#11071);
#11073=EDGE_CURVE('',#1659,#1661,#11072,.T.);
#11074=ORIENTED_EDGE('',*,*,#11073,.F.);
#11075=DIRECTION('',(0.992482,-0.122394,0));
#11076=VECTOR('',#11075,0.132523);
#11077=LINE('',#1656,#11076);
#11078=EDGE_CURVE('',#1657,#1659,#11077,.T.);
#11079=ORIENTED_EDGE('',*,*,#11078,.F.);
#11080=DIRECTION('',(0.985274,-0.170982,0));
#11081=VECTOR('',#11080,0.132525);
#11082=LINE('',#1654,#11081);
#11083=EDGE_CURVE('',#1655,#1657,#11082,.T.);
#11084=ORIENTED_EDGE('',*,*,#11083,.F.);
#11085=DIRECTION('',(0.9757,-0.219112,0));
#11086=VECTOR('',#11085,0.132523);
#11087=LINE('',#1652,#11086);
#11088=EDGE_CURVE('',#1653,#1655,#11087,.T.);
#11089=ORIENTED_EDGE('',*,*,#11088,.F.);
#11090=DIRECTION('',(0.963787,-0.266674,0));
#11091=VECTOR('',#11090,0.132519);
#11092=LINE('',#1650,#11091);
#11093=EDGE_CURVE('',#1651,#1653,#11092,.T.);
#11094=ORIENTED_EDGE('',*,*,#11093,.F.);
#11095=DIRECTION('',(0.94954,-0.313645,0));
#11096=VECTOR('',#11095,0.132522);
#11097=LINE('',#1646,#11096);
#11098=EDGE_CURVE('',#1647,#1651,#11097,.T.);
#11099=ORIENTED_EDGE('',*,*,#11098,.F.);
#11100=DIRECTION('',(-0.93298,0.359928,0));
#11101=VECTOR('',#11100,0.132524);
#11102=LINE('',#1646,#11101);
#11103=EDGE_CURVE('',#1647,#1649,#11102,.T.);
#11104=ORIENTED_EDGE('',*,*,#11103,.T.);
#11105=DIRECTION('',(0.914191,-0.405284,0));
#11106=VECTOR('',#11105,0.132527);
#11107=LINE('',#1628,#11106);
#11108=EDGE_CURVE('',#1629,#1649,#11107,.T.);
#11109=ORIENTED_EDGE('',*,*,#11108,.F.);
#11110=DIRECTION('',(0.893261,-0.449538,0));
#11111=VECTOR('',#11110,0.132514);
#11112=LINE('',#1624,#11111);
#11113=EDGE_CURVE('',#1625,#1629,#11112,.T.);
#11114=ORIENTED_EDGE('',*,*,#11113,.F.);
#11115=DIRECTION('',(-0.870079,0.492912,0));
#11116=VECTOR('',#11115,0.132525);
#11117=LINE('',#1624,#11116);
#11118=EDGE_CURVE('',#1625,#1627,#11117,.T.);
#11119=ORIENTED_EDGE('',*,*,#11118,.T.);
#11120=DIRECTION('',(0.844823,-0.535045,0));
#11121=VECTOR('',#11120,0.132526);
#11122=LINE('',#1622,#11121);
#11123=EDGE_CURVE('',#1623,#1627,#11122,.T.);
#11124=ORIENTED_EDGE('',*,*,#11123,.F.);
#11125=DIRECTION('',(-0.81758,0.575815,0));
#11126=VECTOR('',#11125,0.132524);
#11127=LINE('',#1622,#11126);
#11128=EDGE_CURVE('',#1623,#1643,#11127,.T.);
#11129=ORIENTED_EDGE('',*,*,#11128,.T.);
#11130=DIRECTION('',(0.788361,-0.615213,0));
#11131=VECTOR('',#11130,0.132519);
#11132=LINE('',#1640,#11131);
#11133=EDGE_CURVE('',#1641,#1643,#11132,.T.);
#11134=ORIENTED_EDGE('',*,*,#11133,.F.);
#11135=DIRECTION('',(0.757205,-0.653178,0));
#11136=VECTOR('',#11135,0.132526);
#11137=LINE('',#1636,#11136);
#11138=EDGE_CURVE('',#1637,#1641,#11137,.T.);
#11139=ORIENTED_EDGE('',*,*,#11138,.F.);
#11140=DIRECTION('',(-0.72428,0.689506,0));
#11141=VECTOR('',#11140,0.132515);
#11142=LINE('',#1636,#11141);
#11143=EDGE_CURVE('',#1637,#1639,#11142,.T.);
#11144=ORIENTED_EDGE('',*,*,#11143,.T.);
#11145=DIRECTION('',(0.689551,-0.724237,0));
#11146=VECTOR('',#11145,0.132523);
#11147=LINE('',#1634,#11146);
#11148=EDGE_CURVE('',#1635,#1639,#11147,.T.);
#11149=ORIENTED_EDGE('',*,*,#11148,.F.);
#11150=DIRECTION('',(0.653133,-0.757244,0));
#11151=VECTOR('',#11150,0.132529);
#11152=LINE('',#1630,#11151);
#11153=EDGE_CURVE('',#1631,#1635,#11152,.T.);
#11154=ORIENTED_EDGE('',*,*,#11153,.F.);
#11155=DIRECTION('',(-0.615217,0.788358,0));
#11156=VECTOR('',#11155,0.132525);
#11157=LINE('',#1630,#11156);
#11158=EDGE_CURVE('',#1631,#1633,#11157,.T.);
#11159=ORIENTED_EDGE('',*,*,#11158,.T.);
#11160=DIRECTION('',(0.575856,-0.817551,0));
#11161=VECTOR('',#11160,0.132514);
#11162=LINE('',#1608,#11161);
#11163=EDGE_CURVE('',#1609,#1633,#11162,.T.);
#11164=ORIENTED_EDGE('',*,*,#11163,.F.);
#11165=DIRECTION('',(-0.534978,0.844866,0));
#11166=VECTOR('',#11165,0.132529);
#11167=LINE('',#1608,#11166);
#11168=EDGE_CURVE('',#1609,#1621,#11167,.T.);
#11169=ORIENTED_EDGE('',*,*,#11168,.T.);
#11170=DIRECTION('',(0.492877,-0.870099,0));
#11171=VECTOR('',#11170,0.132526);
#11172=LINE('',#1616,#11171);
#11173=EDGE_CURVE('',#1617,#1621,#11172,.T.);
#11174=ORIENTED_EDGE('',*,*,#11173,.F.);
#11175=DIRECTION('',(-0.44963,0.893215,0));
#11176=VECTOR('',#11175,0.132513);
#11177=LINE('',#1616,#11176);
#11178=EDGE_CURVE('',#1617,#1619,#11177,.T.);
#11179=ORIENTED_EDGE('',*,*,#11178,.T.);
#11180=DIRECTION('',(0.40526,-0.914202,0));
#11181=VECTOR('',#11180,0.132525);
#11182=LINE('',#1610,#11181);
#11183=EDGE_CURVE('',#1611,#1619,#11182,.T.);
#11184=ORIENTED_EDGE('',*,*,#11183,.F.);
#11185=DIRECTION('',(-0.359878,0.932999,0));
#11186=VECTOR('',#11185,0.132521);
#11187=LINE('',#1610,#11186);
#11188=EDGE_CURVE('',#1611,#1615,#11187,.T.);
#11189=ORIENTED_EDGE('',*,*,#11188,.T.);
#11190=DIRECTION('',(0.313688,-0.949526,0));
#11191=VECTOR('',#11190,0.132528);
#11192=LINE('',#1612,#11191);
#11193=EDGE_CURVE('',#1613,#1615,#11192,.T.);
#11194=ORIENTED_EDGE('',*,*,#11193,.F.);
#11195=DIRECTION('',(-0.266708,0.963777,0));
#11196=VECTOR('',#11195,0.132516);
#11197=LINE('',#1612,#11196);
#11198=EDGE_CURVE('',#1613,#1679,#11197,.T.);
#11199=ORIENTED_EDGE('',*,*,#11198,.T.);
#11200=DIRECTION('',(-0.219112,0.9757,0));
#11201=VECTOR('',#11200,0.132523);
#11202=LINE('',#1678,#11201);
#11203=EDGE_CURVE('',#1679,#1681,#11202,.T.);
#11204=ORIENTED_EDGE('',*,*,#11203,.T.);
#11205=DIRECTION('',(-0.170958,0.985278,0));
#11206=VECTOR('',#11205,0.13252);
#11207=LINE('',#1680,#11206);
#11208=EDGE_CURVE('',#1681,#1683,#11207,.T.);
#11209=ORIENTED_EDGE('',*,*,#11208,.T.);
#11210=DIRECTION('',(-0.122419,0.992478,0));
#11211=VECTOR('',#11210,0.132528);
#11212=LINE('',#1682,#11211);
#11213=EDGE_CURVE('',#1683,#1685,#11212,.T.);
#11214=ORIENTED_EDGE('',*,*,#11213,.T.);
#11215=EDGE_LOOP('',(#10579,#10584,#10589,#10594,#10599,#10604,#10609,#10614,#10619,#10624,#10629,#10634,#10639,#10644,#10649,#10654,#10659,#10664,#10669,#10674,#10679,#10684,#10689,#10694,#10699,#10704,#10709,#10714,#10719,#10724,#10729,#10734,#10739,#10744,#10749,#10754,#10759,#10764,#10769,#10774,#10779,#10784,#10789,#10794,#10799,#10804,#10809,#10814,#10819,#10824,#10829,#10834,#10839,#10844,#10849,#10854,#10859,#10864,#10869,#10874,#10879,#10884,#10889,#10894,#10899,#10904,#10909,#10914,#10919,#10924,#10929,#10934,#10939,#10944,#10949,#10954,#10959,#10964,#10969,#10974,#10979,#10984,#10989,#10994,#10999,#11004,#11009,#11014,#11019,#11024,#11029,#11034,#11039,#11044,#11049,#11054,#11059,#11064,#11069,#11074,#11079,#11084,#11089,#11094,#11099,#11104,#11109,#11114,#11119,#11124,#11129,#11134,#11139,#11144,#11149,#11154,#11159,#11164,#11169,#11174,#11179,#11184,#11189,#11194,#11199,#11204,#11209,#11214));
#11216=FACE_BOUND('',#11215,.T.);
#11217=ADVANCED_FACE('',(#10574,#11216),#10542,.T.);
#11218=DIRECTION('',(0.500002,0.866024,-0));
#11219=DIRECTION('',(-0,0,1));
#11220=AXIS2_PLACEMENT_3D('',#374,#11218,#11219);
#11221=PLANE('',#11220);
#11222=ORIENTED_EDGE('',*,*,#10399,.F.);
#11223=DIRECTION('',(0,0,1));
#11224=VECTOR('',#11223,3);
#11225=LINE('',#272,#11224);
#11226=EDGE_CURVE('',#273,#597,#11225,.T.);
#11227=ORIENTED_EDGE('',*,*,#11226,.T.);
#11228=ORIENTED_EDGE('',*,*,#5897,.T.);
#11229=DIRECTION('',(0,0,1));
#11230=VECTOR('',#11229,3);
#11231=LINE('',#374,#11230);
#11232=EDGE_CURVE('',#375,#609,#11231,.T.);
#11233=ORIENTED_EDGE('',*,*,#11232,.F.);
#11234=EDGE_LOOP('',(#11222,#11227,#11228,#11233));
#11235=FACE_OUTER_BOUND('',#11234,.T.);
#11236=ADVANCED_FACE('',(#11235),#11221,.T.);
#11237=DIRECTION('',(1,0,0));
#11238=DIRECTION('',(0,0,-1));
#11239=AXIS2_PLACEMENT_3D('',#596,#11237,#11238);
#11240=PLANE('',#11239);
#11241=ORIENTED_EDGE('',*,*,#11226,.F.);
#11242=ORIENTED_EDGE('',*,*,#10394,.T.);
#11243=DIRECTION('',(0,0,1));
#11244=VECTOR('',#11243,3);
#11245=LINE('',#312,#11244);
#11246=EDGE_CURVE('',#313,#599,#11245,.T.);
#11247=ORIENTED_EDGE('',*,*,#11246,.T.);
#11248=ORIENTED_EDGE('',*,*,#5902,.F.);
#11249=EDGE_LOOP('',(#11241,#11242,#11247,#11248));
#11250=FACE_OUTER_BOUND('',#11249,.T.);
#11251=ADVANCED_FACE('',(#11250),#11240,.T.);
#11252=DIRECTION('',(0.499999,-0.866026,0));
#11253=DIRECTION('',(0,0,-1));
#11254=AXIS2_PLACEMENT_3D('',#460,#11252,#11253);
#11255=PLANE('',#11254);
#11256=DIRECTION('',(0,0,1));
#11257=VECTOR('',#11256,3);
#11258=LINE('',#460,#11257);
#11259=EDGE_CURVE('',#461,#611,#11258,.T.);
#11260=ORIENTED_EDGE('',*,*,#11259,.T.);
#11261=ORIENTED_EDGE('',*,*,#5907,.F.);
#11262=ORIENTED_EDGE('',*,*,#11246,.F.);
#11263=ORIENTED_EDGE('',*,*,#10389,.T.);
#11264=EDGE_LOOP('',(#11260,#11261,#11262,#11263));
#11265=FACE_OUTER_BOUND('',#11264,.T.);
#11266=ADVANCED_FACE('',(#11265),#11255,.T.);
#11267=DIRECTION('',(-0.500002,0.866024,0));
#11268=DIRECTION('',(0,-0,1));
#11269=AXIS2_PLACEMENT_3D('',#374,#11267,#11268);
#11270=PLANE('',#11269);
#11271=ORIENTED_EDGE('',*,*,#11232,.T.);
#11272=ORIENTED_EDGE('',*,*,#5892,.T.);
#11273=DIRECTION('',(0,0,1));
#11274=VECTOR('',#11273,3);
#11275=LINE('',#536,#11274);
#11276=EDGE_CURVE('',#537,#613,#11275,.T.);
#11277=ORIENTED_EDGE('',*,*,#11276,.F.);
#11278=ORIENTED_EDGE('',*,*,#10404,.F.);
#11279=EDGE_LOOP('',(#11271,#11272,#11277,#11278));
#11280=FACE_OUTER_BOUND('',#11279,.T.);
#11281=ADVANCED_FACE('',(#11280),#11270,.T.);
#11282=DIRECTION('',(-0.499999,-0.866026,0));
#11283=DIRECTION('',(0,-0,-1));
#11284=AXIS2_PLACEMENT_3D('',#460,#11282,#11283);
#11285=PLANE('',#11284);
#11286=ORIENTED_EDGE('',*,*,#10384,.T.);
#11287=DIRECTION('',(0,0,1));
#11288=VECTOR('',#11287,3);
#11289=LINE('',#538,#11288);
#11290=EDGE_CURVE('',#539,#615,#11289,.T.);
#11291=ORIENTED_EDGE('',*,*,#11290,.T.);
#11292=ORIENTED_EDGE('',*,*,#5882,.F.);
#11293=ORIENTED_EDGE('',*,*,#11259,.F.);
#11294=EDGE_LOOP('',(#11286,#11291,#11292,#11293));
#11295=FACE_OUTER_BOUND('',#11294,.T.);
#11296=ADVANCED_FACE('',(#11295),#11285,.T.);
#11297=DIRECTION('',(-1,0,0));
#11298=DIRECTION('',(0,-0,1));
#11299=AXIS2_PLACEMENT_3D('',#536,#11297,#11298);
#11300=PLANE('',#11299);
#11301=ORIENTED_EDGE('',*,*,#11276,.T.);
#11302=ORIENTED_EDGE('',*,*,#5887,.T.);
#11303=ORIENTED_EDGE('',*,*,#11290,.F.);
#11304=ORIENTED_EDGE('',*,*,#10379,.F.);
#11305=EDGE_LOOP('',(#11301,#11302,#11303,#11304));
#11306=FACE_OUTER_BOUND('',#11305,.T.);
#11307=ADVANCED_FACE('',(#11306),#11300,.T.);
#11308=DIRECTION('',(-1,0,0));
#11309=DIRECTION('',(0,-0,1));
#11310=AXIS2_PLACEMENT_3D('',#606,#11308,#11309);
#11311=PLANE('',#11310);
#11312=DIRECTION('',(0,0,1));
#11313=VECTOR('',#11312,0.5);
#11314=LINE('',#604,#11313);
#11315=EDGE_CURVE('',#605,#607,#11314,.T.);
#11316=ORIENTED_EDGE('',*,*,#11315,.F.);
#11317=ORIENTED_EDGE('',*,*,#5853,.F.);
#11318=DIRECTION('',(0,0,1));
#11319=VECTOR('',#11318,0.5);
#11320=LINE('',#600,#11319);
#11321=EDGE_CURVE('',#601,#603,#11320,.T.);
#11322=ORIENTED_EDGE('',*,*,#11321,.T.);
#11323=DIRECTION('',(0,1,0));
#11324=VECTOR('',#11323,10);
#11325=LINE('',#602,#11324);
#11326=EDGE_CURVE('',#603,#607,#11325,.T.);
#11327=ORIENTED_EDGE('',*,*,#11326,.T.);
#11328=EDGE_LOOP('',(#11316,#11317,#11322,#11327));
#11329=FACE_OUTER_BOUND('',#11328,.T.);
#11330=ADVANCED_FACE('',(#11329),#11311,.T.);
#11331=DIRECTION('',(0,-1,0));
#11332=DIRECTION('',(0,0,-1));
#11333=AXIS2_PLACEMENT_3D('',#600,#11331,#11332);
#11334=PLANE('',#11333);
#11335=ORIENTED_EDGE('',*,*,#5848,.T.);
#11336=DIRECTION('',(0,0,1));
#11337=VECTOR('',#11336,0.5);
#11338=LINE('',#616,#11337);
#11339=EDGE_CURVE('',#617,#619,#11338,.T.);
#11340=ORIENTED_EDGE('',*,*,#11339,.T.);
#11341=DIRECTION('',(1,0,0));
#11342=VECTOR('',#11341,12);
#11343=LINE('',#602,#11342);
#11344=EDGE_CURVE('',#603,#619,#11343,.T.);
#11345=ORIENTED_EDGE('',*,*,#11344,.F.);
#11346=ORIENTED_EDGE('',*,*,#11321,.F.);
#11347=EDGE_LOOP('',(#11335,#11340,#11345,#11346));
#11348=FACE_OUTER_BOUND('',#11347,.T.);
#11349=ADVANCED_FACE('',(#11348),#11334,.T.);
#11350=DIRECTION('',(0,-1,0));
#11351=DIRECTION('',(0,0,-1));
#11352=AXIS2_PLACEMENT_3D('',#1950,#11350,#11351);
#11353=PLANE('',#11352);
#11354=DIRECTION('',(1,0,0));
#11355=VECTOR('',#11354,12);
#11356=LINE('',#1936,#11355);
#11357=EDGE_CURVE('',#1937,#1951,#11356,.T.);
#11358=ORIENTED_EDGE('',*,*,#11357,.F.);
#11359=DIRECTION('',(0,0,1));
#11360=VECTOR('',#11359,0.5);
#11361=LINE('',#1934,#11360);
#11362=EDGE_CURVE('',#1935,#1937,#11361,.T.);
#11363=ORIENTED_EDGE('',*,*,#11362,.F.);
#11364=ORIENTED_EDGE('',*,*,#5870,.T.);
#11365=DIRECTION('',(0,0,1));
#11366=VECTOR('',#11365,0.5);
#11367=LINE('',#1948,#11366);
#11368=EDGE_CURVE('',#1949,#1951,#11367,.T.);
#11369=ORIENTED_EDGE('',*,*,#11368,.T.);
#11370=EDGE_LOOP('',(#11358,#11363,#11364,#11369));
#11371=FACE_OUTER_BOUND('',#11370,.T.);
#11372=ADVANCED_FACE('',(#11371),#11353,.T.);
#11373=DIRECTION('',(0,0,1));
#11374=DIRECTION('',(0,-1,0));
#11375=AXIS2_PLACEMENT_3D('',#618,#11373,#11374);
#11376=PLANE('',#11375);
#11377=DIRECTION('',(0,1,0));
#11378=VECTOR('',#11377,10);
#11379=LINE('',#618,#11378);
#11380=EDGE_CURVE('',#619,#623,#11379,.T.);
#11381=ORIENTED_EDGE('',*,*,#11380,.T.);
#11382=DIRECTION('',(1,0,0));
#11383=VECTOR('',#11382,12);
#11384=LINE('',#606,#11383);
#11385=EDGE_CURVE('',#607,#623,#11384,.T.);
#11386=ORIENTED_EDGE('',*,*,#11385,.F.);
#11387=ORIENTED_EDGE('',*,*,#11326,.F.);
#11388=ORIENTED_EDGE('',*,*,#11344,.T.);
#11389=EDGE_LOOP('',(#11381,#11386,#11387,#11388));
#11390=FACE_OUTER_BOUND('',#11389,.T.);
#11391=ADVANCED_FACE('',(#11390),#11376,.T.);
#11392=DIRECTION('',(0,0,1));
#11393=DIRECTION('',(0,-1,0));
#11394=AXIS2_PLACEMENT_3D('',#1940,#11392,#11393);
#11395=PLANE('',#11394);
#11396=DIRECTION('',(0,1,0));
#11397=VECTOR('',#11396,10);
#11398=LINE('',#1936,#11397);
#11399=EDGE_CURVE('',#1937,#1941,#11398,.T.);
#11400=ORIENTED_EDGE('',*,*,#11399,.F.);
#11401=ORIENTED_EDGE('',*,*,#11357,.T.);
#11402=DIRECTION('',(0,1,0));
#11403=VECTOR('',#11402,10);
#11404=LINE('',#1950,#11403);
#11405=EDGE_CURVE('',#1951,#1955,#11404,.T.);
#11406=ORIENTED_EDGE('',*,*,#11405,.T.);
#11407=DIRECTION('',(1,0,0));
#11408=VECTOR('',#11407,12);
#11409=LINE('',#1940,#11408);
#11410=EDGE_CURVE('',#1941,#1955,#11409,.T.);
#11411=ORIENTED_EDGE('',*,*,#11410,.F.);
#11412=EDGE_LOOP('',(#11400,#11401,#11406,#11411));
#11413=FACE_OUTER_BOUND('',#11412,.T.);
#11414=ADVANCED_FACE('',(#11413),#11395,.T.);
#11415=DIRECTION('',(0,1,0));
#11416=DIRECTION('',(0,0,1));
#11417=AXIS2_PLACEMENT_3D('',#620,#11415,#11416);
#11418=PLANE('',#11417);
#11419=ORIENTED_EDGE('',*,*,#5838,.F.);
#11420=ORIENTED_EDGE('',*,*,#11315,.T.);
#11421=ORIENTED_EDGE('',*,*,#11385,.T.);
#11422=DIRECTION('',(0,0,1));
#11423=VECTOR('',#11422,0.5);
#11424=LINE('',#620,#11423);
#11425=EDGE_CURVE('',#621,#623,#11424,.T.);
#11426=ORIENTED_EDGE('',*,*,#11425,.F.);
#11427=EDGE_LOOP('',(#11419,#11420,#11421,#11426));
#11428=FACE_OUTER_BOUND('',#11427,.T.);
#11429=ADVANCED_FACE('',(#11428),#11418,.T.);
#11430=DIRECTION('',(0,1,0));
#11431=DIRECTION('',(0,0,1));
#11432=AXIS2_PLACEMENT_3D('',#1940,#11430,#11431);
#11433=PLANE('',#11432);
#11434=ORIENTED_EDGE('',*,*,#11410,.T.);
#11435=DIRECTION('',(0,0,1));
#11436=VECTOR('',#11435,0.5);
#11437=LINE('',#1952,#11436);
#11438=EDGE_CURVE('',#1953,#1955,#11437,.T.);
#11439=ORIENTED_EDGE('',*,*,#11438,.F.);
#11440=ORIENTED_EDGE('',*,*,#5860,.F.);
#11441=DIRECTION('',(0,0,1));
#11442=VECTOR('',#11441,0.5);
#11443=LINE('',#1938,#11442);
#11444=EDGE_CURVE('',#1939,#1941,#11443,.T.);
#11445=ORIENTED_EDGE('',*,*,#11444,.T.);
#11446=EDGE_LOOP('',(#11434,#11439,#11440,#11445));
#11447=FACE_OUTER_BOUND('',#11446,.T.);
#11448=ADVANCED_FACE('',(#11447),#11433,.T.);
#11449=DIRECTION('',(1,0,0));
#11450=DIRECTION('',(0,0,-1));
#11451=AXIS2_PLACEMENT_3D('',#616,#11449,#11450);
#11452=PLANE('',#11451);
#11453=ORIENTED_EDGE('',*,*,#5843,.T.);
#11454=ORIENTED_EDGE('',*,*,#11425,.T.);
#11455=ORIENTED_EDGE('',*,*,#11380,.F.);
#11456=ORIENTED_EDGE('',*,*,#11339,.F.);
#11457=EDGE_LOOP('',(#11453,#11454,#11455,#11456));
#11458=FACE_OUTER_BOUND('',#11457,.T.);
#11459=ADVANCED_FACE('',(#11458),#11452,.T.);
#11460=DIRECTION('',(0.817551,0.575856,-0));
#11461=DIRECTION('',(-0,0,1));
#11462=AXIS2_PLACEMENT_3D('',#1370,#11460,#11461);
#11463=PLANE('',#11462);
#11464=ORIENTED_EDGE('',*,*,#4677,.F.);
#11465=DIRECTION('',(0,0,1));
#11466=VECTOR('',#11465,2);
#11467=LINE('',#1346,#11466);
#11468=EDGE_CURVE('',#1347,#1609,#11467,.T.);
#11469=ORIENTED_EDGE('',*,*,#11468,.T.);
#11470=ORIENTED_EDGE('',*,*,#11163,.T.);
#11471=DIRECTION('',(0,0,1));
#11472=VECTOR('',#11471,2);
#11473=LINE('',#1370,#11472);
#11474=EDGE_CURVE('',#1371,#1633,#11473,.T.);
#11475=ORIENTED_EDGE('',*,*,#11474,.F.);
#11476=EDGE_LOOP('',(#11464,#11469,#11470,#11475));
#11477=FACE_OUTER_BOUND('',#11476,.T.);
#11478=ADVANCED_FACE('',(#11477),#11463,.T.);
#11479=DIRECTION('',(0.932999,0.359878,0));
#11480=DIRECTION('',(0,0,-1));
#11481=AXIS2_PLACEMENT_3D('',#1614,#11479,#11480);
#11482=PLANE('',#11481);
#11483=ORIENTED_EDGE('',*,*,#11188,.F.);
#11484=DIRECTION('',(0,0,1));
#11485=VECTOR('',#11484,2);
#11486=LINE('',#1348,#11485);
#11487=EDGE_CURVE('',#1349,#1611,#11486,.T.);
#11488=ORIENTED_EDGE('',*,*,#11487,.F.);
#11489=ORIENTED_EDGE('',*,*,#4652,.T.);
#11490=DIRECTION('',(0,0,1));
#11491=VECTOR('',#11490,2);
#11492=LINE('',#1350,#11491);
#11493=EDGE_CURVE('',#1351,#1615,#11492,.T.);
#11494=ORIENTED_EDGE('',*,*,#11493,.T.);
#11495=EDGE_LOOP('',(#11483,#11488,#11489,#11494));
#11496=FACE_OUTER_BOUND('',#11495,.T.);
#11497=ADVANCED_FACE('',(#11496),#11482,.T.);
#11498=DIRECTION('',(0.914202,0.40526,-0));
#11499=DIRECTION('',(-0,0,-1));
#11500=AXIS2_PLACEMENT_3D('',#1348,#11498,#11499);
#11501=PLANE('',#11500);
#11502=ORIENTED_EDGE('',*,*,#11487,.T.);
#11503=ORIENTED_EDGE('',*,*,#11183,.T.);
#11504=DIRECTION('',(0,0,1));
#11505=VECTOR('',#11504,2);
#11506=LINE('',#1356,#11505);
#11507=EDGE_CURVE('',#1357,#1619,#11506,.T.);
#11508=ORIENTED_EDGE('',*,*,#11507,.F.);
#11509=ORIENTED_EDGE('',*,*,#4657,.F.);
#11510=EDGE_LOOP('',(#11502,#11503,#11508,#11509));
#11511=FACE_OUTER_BOUND('',#11510,.T.);
#11512=ADVANCED_FACE('',(#11511),#11501,.T.);
#11513=DIRECTION('',(0.949526,0.313688,0));
#11514=DIRECTION('',(0,0,-1));
#11515=AXIS2_PLACEMENT_3D('',#1612,#11513,#11514);
#11516=PLANE('',#11515);
#11517=ORIENTED_EDGE('',*,*,#11193,.T.);
#11518=ORIENTED_EDGE('',*,*,#11493,.F.);
#11519=ORIENTED_EDGE('',*,*,#4647,.T.);
#11520=DIRECTION('',(0,0,1));
#11521=VECTOR('',#11520,2);
#11522=LINE('',#1352,#11521);
#11523=EDGE_CURVE('',#1353,#1613,#11522,.T.);
#11524=ORIENTED_EDGE('',*,*,#11523,.T.);
#11525=EDGE_LOOP('',(#11517,#11518,#11519,#11524));
#11526=FACE_OUTER_BOUND('',#11525,.T.);
#11527=ADVANCED_FACE('',(#11526),#11516,.T.);
#11528=DIRECTION('',(0.870099,0.492877,-0));
#11529=DIRECTION('',(-0,0,1));
#11530=AXIS2_PLACEMENT_3D('',#1358,#11528,#11529);
#11531=PLANE('',#11530);
#11532=ORIENTED_EDGE('',*,*,#4667,.F.);
#11533=DIRECTION('',(0,0,1));
#11534=VECTOR('',#11533,2);
#11535=LINE('',#1354,#11534);
#11536=EDGE_CURVE('',#1355,#1617,#11535,.T.);
#11537=ORIENTED_EDGE('',*,*,#11536,.T.);
#11538=ORIENTED_EDGE('',*,*,#11173,.T.);
#11539=DIRECTION('',(0,0,1));
#11540=VECTOR('',#11539,2);
#11541=LINE('',#1358,#11540);
#11542=EDGE_CURVE('',#1359,#1621,#11541,.T.);
#11543=ORIENTED_EDGE('',*,*,#11542,.F.);
#11544=EDGE_LOOP('',(#11532,#11537,#11538,#11543));
#11545=FACE_OUTER_BOUND('',#11544,.T.);
#11546=ADVANCED_FACE('',(#11545),#11531,.T.);
#11547=DIRECTION('',(0.893215,0.44963,0));
#11548=DIRECTION('',(0,0,1));
#11549=AXIS2_PLACEMENT_3D('',#1618,#11547,#11548);
#11550=PLANE('',#11549);
#11551=ORIENTED_EDGE('',*,*,#11178,.F.);
#11552=ORIENTED_EDGE('',*,*,#11536,.F.);
#11553=ORIENTED_EDGE('',*,*,#4662,.T.);
#11554=ORIENTED_EDGE('',*,*,#11507,.T.);
#11555=EDGE_LOOP('',(#11551,#11552,#11553,#11554));
#11556=FACE_OUTER_BOUND('',#11555,.T.);
#11557=ADVANCED_FACE('',(#11556),#11550,.T.);
#11558=DIRECTION('',(0.844866,0.534978,0));
#11559=DIRECTION('',(0,0,1));
#11560=AXIS2_PLACEMENT_3D('',#1608,#11558,#11559);
#11561=PLANE('',#11560);
#11562=ORIENTED_EDGE('',*,*,#11468,.F.);
#11563=ORIENTED_EDGE('',*,*,#4672,.T.);
#11564=ORIENTED_EDGE('',*,*,#11542,.T.);
#11565=ORIENTED_EDGE('',*,*,#11168,.F.);
#11566=EDGE_LOOP('',(#11562,#11563,#11564,#11565));
#11567=FACE_OUTER_BOUND('',#11566,.T.);
#11568=ADVANCED_FACE('',(#11567),#11561,.T.);
#11569=DIRECTION('',(0.575815,0.81758,0));
#11570=DIRECTION('',(0,0,1));
#11571=AXIS2_PLACEMENT_3D('',#1622,#11569,#11570);
#11572=PLANE('',#11571);
#11573=DIRECTION('',(0,0,1));
#11574=VECTOR('',#11573,2);
#11575=LINE('',#1360,#11574);
#11576=EDGE_CURVE('',#1361,#1623,#11575,.T.);
#11577=ORIENTED_EDGE('',*,*,#11576,.F.);
#11578=ORIENTED_EDGE('',*,*,#4712,.T.);
#11579=DIRECTION('',(0,0,1));
#11580=VECTOR('',#11579,2);
#11581=LINE('',#1380,#11580);
#11582=EDGE_CURVE('',#1381,#1643,#11581,.T.);
#11583=ORIENTED_EDGE('',*,*,#11582,.T.);
#11584=ORIENTED_EDGE('',*,*,#11128,.F.);
#11585=EDGE_LOOP('',(#11577,#11578,#11583,#11584));
#11586=FACE_OUTER_BOUND('',#11585,.T.);
#11587=ADVANCED_FACE('',(#11586),#11572,.T.);
#11588=DIRECTION('',(0.535045,0.844823,-0));
#11589=DIRECTION('',(-0,0,1));
#11590=AXIS2_PLACEMENT_3D('',#1626,#11588,#11589);
#11591=PLANE('',#11590);
#11592=DIRECTION('',(0,0,1));
#11593=VECTOR('',#11592,2);
#11594=LINE('',#1364,#11593);
#11595=EDGE_CURVE('',#1365,#1627,#11594,.T.);
#11596=ORIENTED_EDGE('',*,*,#11595,.F.);
#11597=ORIENTED_EDGE('',*,*,#4717,.F.);
#11598=ORIENTED_EDGE('',*,*,#11576,.T.);
#11599=ORIENTED_EDGE('',*,*,#11123,.T.);
#11600=EDGE_LOOP('',(#11596,#11597,#11598,#11599));
#11601=FACE_OUTER_BOUND('',#11600,.T.);
#11602=ADVANCED_FACE('',(#11601),#11591,.T.);
#11603=DIRECTION('',(0.492912,0.870079,0));
#11604=DIRECTION('',(0,0,1));
#11605=AXIS2_PLACEMENT_3D('',#1624,#11603,#11604);
#11606=PLANE('',#11605);
#11607=DIRECTION('',(0,0,1));
#11608=VECTOR('',#11607,2);
#11609=LINE('',#1362,#11608);
#11610=EDGE_CURVE('',#1363,#1625,#11609,.T.);
#11611=ORIENTED_EDGE('',*,*,#11610,.F.);
#11612=ORIENTED_EDGE('',*,*,#4722,.T.);
#11613=ORIENTED_EDGE('',*,*,#11595,.T.);
#11614=ORIENTED_EDGE('',*,*,#11118,.F.);
#11615=EDGE_LOOP('',(#11611,#11612,#11613,#11614));
#11616=FACE_OUTER_BOUND('',#11615,.T.);
#11617=ADVANCED_FACE('',(#11616),#11606,.T.);
#11618=DIRECTION('',(0.449538,0.893261,-0));
#11619=DIRECTION('',(-0,0,1));
#11620=AXIS2_PLACEMENT_3D('',#1624,#11618,#11619);
#11621=PLANE('',#11620);
#11622=ORIENTED_EDGE('',*,*,#11113,.T.);
#11623=DIRECTION('',(0,0,1));
#11624=VECTOR('',#11623,2);
#11625=LINE('',#1366,#11624);
#11626=EDGE_CURVE('',#1367,#1629,#11625,.T.);
#11627=ORIENTED_EDGE('',*,*,#11626,.F.);
#11628=ORIENTED_EDGE('',*,*,#4727,.F.);
#11629=ORIENTED_EDGE('',*,*,#11610,.T.);
#11630=EDGE_LOOP('',(#11622,#11627,#11628,#11629));
#11631=FACE_OUTER_BOUND('',#11630,.T.);
#11632=ADVANCED_FACE('',(#11631),#11621,.T.);
#11633=DIRECTION('',(0.724237,0.689551,-0));
#11634=DIRECTION('',(-0,0,1));
#11635=AXIS2_PLACEMENT_3D('',#1376,#11633,#11634);
#11636=PLANE('',#11635);
#11637=ORIENTED_EDGE('',*,*,#4692,.F.);
#11638=DIRECTION('',(0,0,1));
#11639=VECTOR('',#11638,2);
#11640=LINE('',#1372,#11639);
#11641=EDGE_CURVE('',#1373,#1635,#11640,.T.);
#11642=ORIENTED_EDGE('',*,*,#11641,.T.);
#11643=ORIENTED_EDGE('',*,*,#11148,.T.);
#11644=DIRECTION('',(0,0,1));
#11645=VECTOR('',#11644,2);
#11646=LINE('',#1376,#11645);
#11647=EDGE_CURVE('',#1377,#1639,#11646,.T.);
#11648=ORIENTED_EDGE('',*,*,#11647,.F.);
#11649=EDGE_LOOP('',(#11637,#11642,#11643,#11648));
#11650=FACE_OUTER_BOUND('',#11649,.T.);
#11651=ADVANCED_FACE('',(#11650),#11636,.T.);
#11652=DIRECTION('',(0.788358,0.615217,0));
#11653=DIRECTION('',(0,0,1));
#11654=AXIS2_PLACEMENT_3D('',#1632,#11652,#11653);
#11655=PLANE('',#11654);
#11656=ORIENTED_EDGE('',*,*,#11158,.F.);
#11657=DIRECTION('',(0,0,1));
#11658=VECTOR('',#11657,2);
#11659=LINE('',#1368,#11658);
#11660=EDGE_CURVE('',#1369,#1631,#11659,.T.);
#11661=ORIENTED_EDGE('',*,*,#11660,.F.);
#11662=ORIENTED_EDGE('',*,*,#4682,.T.);
#11663=ORIENTED_EDGE('',*,*,#11474,.T.);
#11664=EDGE_LOOP('',(#11656,#11661,#11662,#11663));
#11665=FACE_OUTER_BOUND('',#11664,.T.);
#11666=ADVANCED_FACE('',(#11665),#11655,.T.);
#11667=DIRECTION('',(0.757244,0.653133,-0));
#11668=DIRECTION('',(-0,0,1));
#11669=AXIS2_PLACEMENT_3D('',#1634,#11667,#11668);
#11670=PLANE('',#11669);
#11671=ORIENTED_EDGE('',*,*,#11641,.F.);
#11672=ORIENTED_EDGE('',*,*,#4687,.F.);
#11673=ORIENTED_EDGE('',*,*,#11660,.T.);
#11674=ORIENTED_EDGE('',*,*,#11153,.T.);
#11675=EDGE_LOOP('',(#11671,#11672,#11673,#11674));
#11676=FACE_OUTER_BOUND('',#11675,.T.);
#11677=ADVANCED_FACE('',(#11676),#11670,.T.);
#11678=DIRECTION('',(0.689506,0.72428,0));
#11679=DIRECTION('',(0,0,1));
#11680=AXIS2_PLACEMENT_3D('',#1638,#11678,#11679);
#11681=PLANE('',#11680);
#11682=ORIENTED_EDGE('',*,*,#11143,.F.);
#11683=DIRECTION('',(0,0,1));
#11684=VECTOR('',#11683,2);
#11685=LINE('',#1374,#11684);
#11686=EDGE_CURVE('',#1375,#1637,#11685,.T.);
#11687=ORIENTED_EDGE('',*,*,#11686,.F.);
#11688=ORIENTED_EDGE('',*,*,#4697,.T.);
#11689=ORIENTED_EDGE('',*,*,#11647,.T.);
#11690=EDGE_LOOP('',(#11682,#11687,#11688,#11689));
#11691=FACE_OUTER_BOUND('',#11690,.T.);
#11692=ADVANCED_FACE('',(#11691),#11681,.T.);
#11693=DIRECTION('',(0.653178,0.757205,-0));
#11694=DIRECTION('',(-0,0,1));
#11695=AXIS2_PLACEMENT_3D('',#1636,#11693,#11694);
#11696=PLANE('',#11695);
#11697=ORIENTED_EDGE('',*,*,#11138,.T.);
#11698=DIRECTION('',(0,0,1));
#11699=VECTOR('',#11698,2);
#11700=LINE('',#1378,#11699);
#11701=EDGE_CURVE('',#1379,#1641,#11700,.T.);
#11702=ORIENTED_EDGE('',*,*,#11701,.F.);
#11703=ORIENTED_EDGE('',*,*,#4702,.F.);
#11704=ORIENTED_EDGE('',*,*,#11686,.T.);
#11705=EDGE_LOOP('',(#11697,#11702,#11703,#11704));
#11706=FACE_OUTER_BOUND('',#11705,.T.);
#11707=ADVANCED_FACE('',(#11706),#11696,.T.);
#11708=DIRECTION('',(0.615213,0.788361,-0));
#11709=DIRECTION('',(-0,0,1));
#11710=AXIS2_PLACEMENT_3D('',#1380,#11708,#11709);
#11711=PLANE('',#11710);
#11712=ORIENTED_EDGE('',*,*,#4707,.F.);
#11713=ORIENTED_EDGE('',*,*,#11701,.T.);
#11714=ORIENTED_EDGE('',*,*,#11133,.T.);
#11715=ORIENTED_EDGE('',*,*,#11582,.F.);
#11716=EDGE_LOOP('',(#11712,#11713,#11714,#11715));
#11717=FACE_OUTER_BOUND('',#11716,.T.);
#11718=ADVANCED_FACE('',(#11717),#11711,.T.);
#11719=DIRECTION('',(0.313645,0.94954,-0));
#11720=DIRECTION('',(-0,0,1));
#11721=AXIS2_PLACEMENT_3D('',#1650,#11719,#11720);
#11722=PLANE('',#11721);
#11723=DIRECTION('',(0,0,1));
#11724=VECTOR('',#11723,2);
#11725=LINE('',#1386,#11724);
#11726=EDGE_CURVE('',#1387,#1651,#11725,.T.);
#11727=ORIENTED_EDGE('',*,*,#11726,.F.);
#11728=ORIENTED_EDGE('',*,*,#4742,.F.);
#11729=DIRECTION('',(0,0,1));
#11730=VECTOR('',#11729,2);
#11731=LINE('',#1382,#11730);
#11732=EDGE_CURVE('',#1383,#1647,#11731,.T.);
#11733=ORIENTED_EDGE('',*,*,#11732,.T.);
#11734=ORIENTED_EDGE('',*,*,#11098,.T.);
#11735=EDGE_LOOP('',(#11727,#11728,#11733,#11734));
#11736=FACE_OUTER_BOUND('',#11735,.T.);
#11737=ADVANCED_FACE('',(#11736),#11722,.T.);
#11738=DIRECTION('',(0.405284,0.914191,-0));
#11739=DIRECTION('',(-0,0,1));
#11740=AXIS2_PLACEMENT_3D('',#1628,#11738,#11739);
#11741=PLANE('',#11740);
#11742=ORIENTED_EDGE('',*,*,#11108,.T.);
#11743=DIRECTION('',(0,0,1));
#11744=VECTOR('',#11743,2);
#11745=LINE('',#1384,#11744);
#11746=EDGE_CURVE('',#1385,#1649,#11745,.T.);
#11747=ORIENTED_EDGE('',*,*,#11746,.F.);
#11748=ORIENTED_EDGE('',*,*,#4732,.F.);
#11749=ORIENTED_EDGE('',*,*,#11626,.T.);
#11750=EDGE_LOOP('',(#11742,#11747,#11748,#11749));
#11751=FACE_OUTER_BOUND('',#11750,.T.);
#11752=ADVANCED_FACE('',(#11751),#11741,.T.);
#11753=DIRECTION('',(0.359928,0.93298,0));
#11754=DIRECTION('',(0,0,1));
#11755=AXIS2_PLACEMENT_3D('',#1646,#11753,#11754);
#11756=PLANE('',#11755);
#11757=ORIENTED_EDGE('',*,*,#11732,.F.);
#11758=ORIENTED_EDGE('',*,*,#4737,.T.);
#11759=ORIENTED_EDGE('',*,*,#11746,.T.);
#11760=ORIENTED_EDGE('',*,*,#11103,.F.);
#11761=EDGE_LOOP('',(#11757,#11758,#11759,#11760));
#11762=FACE_OUTER_BOUND('',#11761,.T.);
#11763=ADVANCED_FACE('',(#11762),#11756,.T.);
#11764=DIRECTION('',(0.266674,0.963787,-0));
#11765=DIRECTION('',(-0,0,1));
#11766=AXIS2_PLACEMENT_3D('',#1388,#11764,#11765);
#11767=PLANE('',#11766);
#11768=ORIENTED_EDGE('',*,*,#4747,.F.);
#11769=ORIENTED_EDGE('',*,*,#11726,.T.);
#11770=ORIENTED_EDGE('',*,*,#11093,.T.);
#11771=DIRECTION('',(0,0,1));
#11772=VECTOR('',#11771,2);
#11773=LINE('',#1388,#11772);
#11774=EDGE_CURVE('',#1389,#1653,#11773,.T.);
#11775=ORIENTED_EDGE('',*,*,#11774,.F.);
#11776=EDGE_LOOP('',(#11768,#11769,#11770,#11775));
#11777=FACE_OUTER_BOUND('',#11776,.T.);
#11778=ADVANCED_FACE('',(#11777),#11767,.T.);
#11779=DIRECTION('',(0.219112,0.9757,-0));
#11780=DIRECTION('',(-0,0,1));
#11781=AXIS2_PLACEMENT_3D('',#1654,#11779,#11780);
#11782=PLANE('',#11781);
#11783=DIRECTION('',(0,0,1));
#11784=VECTOR('',#11783,2);
#11785=LINE('',#1390,#11784);
#11786=EDGE_CURVE('',#1391,#1655,#11785,.T.);
#11787=ORIENTED_EDGE('',*,*,#11786,.F.);
#11788=ORIENTED_EDGE('',*,*,#4752,.F.);
#11789=ORIENTED_EDGE('',*,*,#11774,.T.);
#11790=ORIENTED_EDGE('',*,*,#11088,.T.);
#11791=EDGE_LOOP('',(#11787,#11788,#11789,#11790));
#11792=FACE_OUTER_BOUND('',#11791,.T.);
#11793=ADVANCED_FACE('',(#11792),#11782,.T.);
#11794=DIRECTION('',(0.170982,0.985274,-0));
#11795=DIRECTION('',(-0,0,1));
#11796=AXIS2_PLACEMENT_3D('',#1656,#11794,#11795);
#11797=PLANE('',#11796);
#11798=DIRECTION('',(0,0,1));
#11799=VECTOR('',#11798,2);
#11800=LINE('',#1392,#11799);
#11801=EDGE_CURVE('',#1393,#1657,#11800,.T.);
#11802=ORIENTED_EDGE('',*,*,#11801,.F.);
#11803=ORIENTED_EDGE('',*,*,#4757,.F.);
#11804=ORIENTED_EDGE('',*,*,#11786,.T.);
#11805=ORIENTED_EDGE('',*,*,#11083,.T.);
#11806=EDGE_LOOP('',(#11802,#11803,#11804,#11805));
#11807=FACE_OUTER_BOUND('',#11806,.T.);
#11808=ADVANCED_FACE('',(#11807),#11797,.T.);
#11809=DIRECTION('',(0.122394,0.992482,-0));
#11810=DIRECTION('',(-0,0,1));
#11811=AXIS2_PLACEMENT_3D('',#1392,#11809,#11810);
#11812=PLANE('',#11811);
#11813=ORIENTED_EDGE('',*,*,#11801,.T.);
#11814=ORIENTED_EDGE('',*,*,#11078,.T.);
#11815=DIRECTION('',(0,0,1));
#11816=VECTOR('',#11815,2);
#11817=LINE('',#1394,#11816);
#11818=EDGE_CURVE('',#1395,#1659,#11817,.T.);
#11819=ORIENTED_EDGE('',*,*,#11818,.F.);
#11820=ORIENTED_EDGE('',*,*,#4762,.F.);
#11821=EDGE_LOOP('',(#11813,#11814,#11819,#11820));
#11822=FACE_OUTER_BOUND('',#11821,.T.);
#11823=ADVANCED_FACE('',(#11822),#11812,.T.);
#11824=DIRECTION('',(0.073577,0.99729,-0));
#11825=DIRECTION('',(-0,0,1));
#11826=AXIS2_PLACEMENT_3D('',#1660,#11824,#11825);
#11827=PLANE('',#11826);
#11828=DIRECTION('',(0,0,1));
#11829=VECTOR('',#11828,2);
#11830=LINE('',#1396,#11829);
#11831=EDGE_CURVE('',#1397,#1661,#11830,.T.);
#11832=ORIENTED_EDGE('',*,*,#11831,.F.);
#11833=ORIENTED_EDGE('',*,*,#4767,.F.);
#11834=ORIENTED_EDGE('',*,*,#11818,.T.);
#11835=ORIENTED_EDGE('',*,*,#11073,.T.);
#11836=EDGE_LOOP('',(#11832,#11833,#11834,#11835));
#11837=FACE_OUTER_BOUND('',#11836,.T.);
#11838=ADVANCED_FACE('',(#11837),#11827,.T.);
#11839=DIRECTION('',(0.024525,0.999699,-0));
#11840=DIRECTION('',(-0,0,1));
#11841=AXIS2_PLACEMENT_3D('',#1662,#11839,#11840);
#11842=PLANE('',#11841);
#11843=DIRECTION('',(0,0,1));
#11844=VECTOR('',#11843,2);
#11845=LINE('',#1398,#11844);
#11846=EDGE_CURVE('',#1399,#1663,#11845,.T.);
#11847=ORIENTED_EDGE('',*,*,#11846,.F.);
#11848=ORIENTED_EDGE('',*,*,#4772,.F.);
#11849=ORIENTED_EDGE('',*,*,#11831,.T.);
#11850=ORIENTED_EDGE('',*,*,#11068,.T.);
#11851=EDGE_LOOP('',(#11847,#11848,#11849,#11850));
#11852=FACE_OUTER_BOUND('',#11851,.T.);
#11853=ADVANCED_FACE('',(#11852),#11842,.T.);
#11854=DIRECTION('',(-0.024525,0.999699,0));
#11855=DIRECTION('',(0,-0,1));
#11856=AXIS2_PLACEMENT_3D('',#1398,#11854,#11855);
#11857=PLANE('',#11856);
#11858=ORIENTED_EDGE('',*,*,#11846,.T.);
#11859=ORIENTED_EDGE('',*,*,#11063,.T.);
#11860=DIRECTION('',(0,0,1));
#11861=VECTOR('',#11860,2);
#11862=LINE('',#1400,#11861);
#11863=EDGE_CURVE('',#1401,#1665,#11862,.T.);
#11864=ORIENTED_EDGE('',*,*,#11863,.F.);
#11865=ORIENTED_EDGE('',*,*,#4777,.F.);
#11866=EDGE_LOOP('',(#11858,#11859,#11864,#11865));
#11867=FACE_OUTER_BOUND('',#11866,.T.);
#11868=ADVANCED_FACE('',(#11867),#11857,.T.);
#11869=DIRECTION('',(-0.073577,0.99729,0));
#11870=DIRECTION('',(0,-0,1));
#11871=AXIS2_PLACEMENT_3D('',#1664,#11869,#11870);
#11872=PLANE('',#11871);
#11873=ORIENTED_EDGE('',*,*,#11058,.T.);
#11874=DIRECTION('',(0,0,1));
#11875=VECTOR('',#11874,2);
#11876=LINE('',#1402,#11875);
#11877=EDGE_CURVE('',#1403,#1667,#11876,.T.);
#11878=ORIENTED_EDGE('',*,*,#11877,.F.);
#11879=ORIENTED_EDGE('',*,*,#4782,.F.);
#11880=ORIENTED_EDGE('',*,*,#11863,.T.);
#11881=EDGE_LOOP('',(#11873,#11878,#11879,#11880));
#11882=FACE_OUTER_BOUND('',#11881,.T.);
#11883=ADVANCED_FACE('',(#11882),#11872,.T.);
#11884=DIRECTION('',(-0.122394,0.992482,0));
#11885=DIRECTION('',(0,-0,1));
#11886=AXIS2_PLACEMENT_3D('',#1668,#11884,#11885);
#11887=PLANE('',#11886);
#11888=DIRECTION('',(0,0,1));
#11889=VECTOR('',#11888,2);
#11890=LINE('',#1404,#11889);
#11891=EDGE_CURVE('',#1405,#1669,#11890,.T.);
#11892=ORIENTED_EDGE('',*,*,#11891,.F.);
#11893=ORIENTED_EDGE('',*,*,#4787,.F.);
#11894=ORIENTED_EDGE('',*,*,#11877,.T.);
#11895=ORIENTED_EDGE('',*,*,#11053,.T.);
#11896=EDGE_LOOP('',(#11892,#11893,#11894,#11895));
#11897=FACE_OUTER_BOUND('',#11896,.T.);
#11898=ADVANCED_FACE('',(#11897),#11887,.T.);
#11899=DIRECTION('',(-0.170982,0.985274,0));
#11900=DIRECTION('',(0,-0,1));
#11901=AXIS2_PLACEMENT_3D('',#1406,#11899,#11900);
#11902=PLANE('',#11901);
#11903=ORIENTED_EDGE('',*,*,#4792,.F.);
#11904=ORIENTED_EDGE('',*,*,#11891,.T.);
#11905=ORIENTED_EDGE('',*,*,#11048,.T.);
#11906=DIRECTION('',(0,0,1));
#11907=VECTOR('',#11906,2);
#11908=LINE('',#1406,#11907);
#11909=EDGE_CURVE('',#1407,#1671,#11908,.T.);
#11910=ORIENTED_EDGE('',*,*,#11909,.F.);
#11911=EDGE_LOOP('',(#11903,#11904,#11905,#11910));
#11912=FACE_OUTER_BOUND('',#11911,.T.);
#11913=ADVANCED_FACE('',(#11912),#11902,.T.);
#11914=DIRECTION('',(-0.219112,0.9757,0));
#11915=DIRECTION('',(0,-0,1));
#11916=AXIS2_PLACEMENT_3D('',#1670,#11914,#11915);
#11917=PLANE('',#11916);
#11918=ORIENTED_EDGE('',*,*,#11043,.T.);
#11919=DIRECTION('',(0,0,1));
#11920=VECTOR('',#11919,2);
#11921=LINE('',#1408,#11920);
#11922=EDGE_CURVE('',#1409,#1673,#11921,.T.);
#11923=ORIENTED_EDGE('',*,*,#11922,.F.);
#11924=ORIENTED_EDGE('',*,*,#4797,.F.);
#11925=ORIENTED_EDGE('',*,*,#11909,.T.);
#11926=EDGE_LOOP('',(#11918,#11923,#11924,#11925));
#11927=FACE_OUTER_BOUND('',#11926,.T.);
#11928=ADVANCED_FACE('',(#11927),#11917,.T.);
#11929=DIRECTION('',(-0.266674,0.963787,0));
#11930=DIRECTION('',(0,-0,1));
#11931=AXIS2_PLACEMENT_3D('',#1674,#11929,#11930);
#11932=PLANE('',#11931);
#11933=DIRECTION('',(0,0,1));
#11934=VECTOR('',#11933,2);
#11935=LINE('',#1410,#11934);
#11936=EDGE_CURVE('',#1411,#1675,#11935,.T.);
#11937=ORIENTED_EDGE('',*,*,#11936,.F.);
#11938=ORIENTED_EDGE('',*,*,#4802,.F.);
#11939=ORIENTED_EDGE('',*,*,#11922,.T.);
#11940=ORIENTED_EDGE('',*,*,#11038,.T.);
#11941=EDGE_LOOP('',(#11937,#11938,#11939,#11940));
#11942=FACE_OUTER_BOUND('',#11941,.T.);
#11943=ADVANCED_FACE('',(#11942),#11932,.T.);
#11944=DIRECTION('',(-0.313645,0.94954,0));
#11945=DIRECTION('',(0,-0,1));
#11946=AXIS2_PLACEMENT_3D('',#1410,#11944,#11945);
#11947=PLANE('',#11946);
#11948=ORIENTED_EDGE('',*,*,#11936,.T.);
#11949=ORIENTED_EDGE('',*,*,#11033,.T.);
#11950=DIRECTION('',(0,0,1));
#11951=VECTOR('',#11950,2);
#11952=LINE('',#1412,#11951);
#11953=EDGE_CURVE('',#1413,#1677,#11952,.T.);
#11954=ORIENTED_EDGE('',*,*,#11953,.F.);
#11955=ORIENTED_EDGE('',*,*,#4807,.F.);
#11956=EDGE_LOOP('',(#11948,#11949,#11954,#11955));
#11957=FACE_OUTER_BOUND('',#11956,.T.);
#11958=ADVANCED_FACE('',(#11957),#11947,.T.);
#11959=DIRECTION('',(-0.359928,0.93298,0));
#11960=DIRECTION('',(0,-0,1));
#11961=AXIS2_PLACEMENT_3D('',#1676,#11959,#11960);
#11962=PLANE('',#11961);
#11963=ORIENTED_EDGE('',*,*,#11028,.T.);
#11964=DIRECTION('',(0,0,1));
#11965=VECTOR('',#11964,2);
#11966=LINE('',#1504,#11965);
#11967=EDGE_CURVE('',#1505,#1771,#11966,.T.);
#11968=ORIENTED_EDGE('',*,*,#11967,.F.);
#11969=ORIENTED_EDGE('',*,*,#4812,.F.);
#11970=ORIENTED_EDGE('',*,*,#11953,.T.);
#11971=EDGE_LOOP('',(#11963,#11968,#11969,#11970));
#11972=FACE_OUTER_BOUND('',#11971,.T.);
#11973=ADVANCED_FACE('',(#11972),#11962,.T.);
#11974=DIRECTION('',(0.963777,0.266708,0));
#11975=DIRECTION('',(0,0,-1));
#11976=AXIS2_PLACEMENT_3D('',#1414,#11974,#11975);
#11977=PLANE('',#11976);
#11978=DIRECTION('',(0,0,1));
#11979=VECTOR('',#11978,2);
#11980=LINE('',#1414,#11979);
#11981=EDGE_CURVE('',#1415,#1679,#11980,.T.);
#11982=ORIENTED_EDGE('',*,*,#11981,.T.);
#11983=ORIENTED_EDGE('',*,*,#11198,.F.);
#11984=ORIENTED_EDGE('',*,*,#11523,.F.);
#11985=ORIENTED_EDGE('',*,*,#4642,.T.);
#11986=EDGE_LOOP('',(#11982,#11983,#11984,#11985));
#11987=FACE_OUTER_BOUND('',#11986,.T.);
#11988=ADVANCED_FACE('',(#11987),#11977,.T.);
#11989=DIRECTION('',(0.9757,0.219112,0));
#11990=DIRECTION('',(0,0,-1));
#11991=AXIS2_PLACEMENT_3D('',#1414,#11989,#11990);
#11992=PLANE('',#11991);
#11993=ORIENTED_EDGE('',*,*,#4637,.T.);
#11994=DIRECTION('',(0,0,1));
#11995=VECTOR('',#11994,2);
#11996=LINE('',#1416,#11995);
#11997=EDGE_CURVE('',#1417,#1681,#11996,.T.);
#11998=ORIENTED_EDGE('',*,*,#11997,.T.);
#11999=ORIENTED_EDGE('',*,*,#11203,.F.);
#12000=ORIENTED_EDGE('',*,*,#11981,.F.);
#12001=EDGE_LOOP('',(#11993,#11998,#11999,#12000));
#12002=FACE_OUTER_BOUND('',#12001,.T.);
#12003=ADVANCED_FACE('',(#12002),#11992,.T.);
#12004=DIRECTION('',(0.985278,0.170958,0));
#12005=DIRECTION('',(0,0,-1));
#12006=AXIS2_PLACEMENT_3D('',#1416,#12004,#12005);
#12007=PLANE('',#12006);
#12008=ORIENTED_EDGE('',*,*,#4632,.T.);
#12009=DIRECTION('',(0,0,1));
#12010=VECTOR('',#12009,2);
#12011=LINE('',#1418,#12010);
#12012=EDGE_CURVE('',#1419,#1683,#12011,.T.);
#12013=ORIENTED_EDGE('',*,*,#12012,.T.);
#12014=ORIENTED_EDGE('',*,*,#11208,.F.);
#12015=ORIENTED_EDGE('',*,*,#11997,.F.);
#12016=EDGE_LOOP('',(#12008,#12013,#12014,#12015));
#12017=FACE_OUTER_BOUND('',#12016,.T.);
#12018=ADVANCED_FACE('',(#12017),#12007,.T.);
#12019=DIRECTION('',(0.992478,0.122419,0));
#12020=DIRECTION('',(0,0,-1));
#12021=AXIS2_PLACEMENT_3D('',#1682,#12019,#12020);
#12022=PLANE('',#12021);
#12023=ORIENTED_EDGE('',*,*,#12012,.F.);
#12024=ORIENTED_EDGE('',*,*,#4627,.T.);
#12025=DIRECTION('',(0,0,1));
#12026=VECTOR('',#12025,2);
#12027=LINE('',#1420,#12026);
#12028=EDGE_CURVE('',#1421,#1685,#12027,.T.);
#12029=ORIENTED_EDGE('',*,*,#12028,.T.);
#12030=ORIENTED_EDGE('',*,*,#11213,.F.);
#12031=EDGE_LOOP('',(#12023,#12024,#12029,#12030));
#12032=FACE_OUTER_BOUND('',#12031,.T.);
#12033=ADVANCED_FACE('',(#12032),#12022,.T.);
#12034=DIRECTION('',(0.997292,0.073542,0));
#12035=DIRECTION('',(0,0,-1));
#12036=AXIS2_PLACEMENT_3D('',#1420,#12034,#12035);
#12037=PLANE('',#12036);
#12038=ORIENTED_EDGE('',*,*,#4622,.T.);
#12039=DIRECTION('',(0,0,1));
#12040=VECTOR('',#12039,2);
#12041=LINE('',#1422,#12040);
#12042=EDGE_CURVE('',#1423,#1687,#12041,.T.);
#12043=ORIENTED_EDGE('',*,*,#12042,.T.);
#12044=ORIENTED_EDGE('',*,*,#10578,.F.);
#12045=ORIENTED_EDGE('',*,*,#12028,.F.);
#12046=EDGE_LOOP('',(#12038,#12043,#12044,#12045));
#12047=FACE_OUTER_BOUND('',#12046,.T.);
#12048=ADVANCED_FACE('',(#12047),#12037,.T.);
#12049=DIRECTION('',(0.999698,0.024555,0));
#12050=DIRECTION('',(0,0,-1));
#12051=AXIS2_PLACEMENT_3D('',#1686,#12049,#12050);
#12052=PLANE('',#12051);
#12053=ORIENTED_EDGE('',*,*,#12042,.F.);
#12054=ORIENTED_EDGE('',*,*,#4617,.T.);
#12055=DIRECTION('',(0,0,1));
#12056=VECTOR('',#12055,2);
#12057=LINE('',#1424,#12056);
#12058=EDGE_CURVE('',#1425,#1689,#12057,.T.);
#12059=ORIENTED_EDGE('',*,*,#12058,.T.);
#12060=ORIENTED_EDGE('',*,*,#10583,.F.);
#12061=EDGE_LOOP('',(#12053,#12054,#12059,#12060));
#12062=FACE_OUTER_BOUND('',#12061,.T.);
#12063=ADVANCED_FACE('',(#12062),#12052,.T.);
#12064=DIRECTION('',(0.999698,-0.024555,0));
#12065=DIRECTION('',(0,0,-1));
#12066=AXIS2_PLACEMENT_3D('',#1688,#12064,#12065);
#12067=PLANE('',#12066);
#12068=ORIENTED_EDGE('',*,*,#12058,.F.);
#12069=ORIENTED_EDGE('',*,*,#4612,.T.);
#12070=DIRECTION('',(0,0,1));
#12071=VECTOR('',#12070,2);
#12072=LINE('',#1426,#12071);
#12073=EDGE_CURVE('',#1427,#1691,#12072,.T.);
#12074=ORIENTED_EDGE('',*,*,#12073,.T.);
#12075=ORIENTED_EDGE('',*,*,#10588,.F.);
#12076=EDGE_LOOP('',(#12068,#12069,#12074,#12075));
#12077=FACE_OUTER_BOUND('',#12076,.T.);
#12078=ADVANCED_FACE('',(#12077),#12067,.T.);
#12079=DIRECTION('',(0.997292,-0.073542,0));
#12080=DIRECTION('',(0,0,-1));
#12081=AXIS2_PLACEMENT_3D('',#1428,#12079,#12080);
#12082=PLANE('',#12081);
#12083=DIRECTION('',(0,0,1));
#12084=VECTOR('',#12083,2);
#12085=LINE('',#1428,#12084);
#12086=EDGE_CURVE('',#1429,#1693,#12085,.T.);
#12087=ORIENTED_EDGE('',*,*,#12086,.T.);
#12088=ORIENTED_EDGE('',*,*,#10593,.F.);
#12089=ORIENTED_EDGE('',*,*,#12073,.F.);
#12090=ORIENTED_EDGE('',*,*,#4607,.T.);
#12091=EDGE_LOOP('',(#12087,#12088,#12089,#12090));
#12092=FACE_OUTER_BOUND('',#12091,.T.);
#12093=ADVANCED_FACE('',(#12092),#12082,.T.);
#12094=DIRECTION('',(0.992477,-0.122433,0));
#12095=DIRECTION('',(0,0,-1));
#12096=AXIS2_PLACEMENT_3D('',#1694,#12094,#12095);
#12097=PLANE('',#12096);
#12098=ORIENTED_EDGE('',*,*,#10598,.F.);
#12099=ORIENTED_EDGE('',*,*,#12086,.F.);
#12100=ORIENTED_EDGE('',*,*,#4602,.T.);
#12101=DIRECTION('',(0,0,1));
#12102=VECTOR('',#12101,2);
#12103=LINE('',#1430,#12102);
#12104=EDGE_CURVE('',#1431,#1695,#12103,.T.);
#12105=ORIENTED_EDGE('',*,*,#12104,.T.);
#12106=EDGE_LOOP('',(#12098,#12099,#12100,#12105));
#12107=FACE_OUTER_BOUND('',#12106,.T.);
#12108=ADVANCED_FACE('',(#12107),#12097,.T.);
#12109=DIRECTION('',(0.985282,-0.170939,0));
#12110=DIRECTION('',(0,0,-1));
#12111=AXIS2_PLACEMENT_3D('',#1430,#12109,#12110);
#12112=PLANE('',#12111);
#12113=ORIENTED_EDGE('',*,*,#4597,.T.);
#12114=DIRECTION('',(0,0,1));
#12115=VECTOR('',#12114,2);
#12116=LINE('',#1432,#12115);
#12117=EDGE_CURVE('',#1433,#1697,#12116,.T.);
#12118=ORIENTED_EDGE('',*,*,#12117,.T.);
#12119=ORIENTED_EDGE('',*,*,#10603,.F.);
#12120=ORIENTED_EDGE('',*,*,#12104,.F.);
#12121=EDGE_LOOP('',(#12113,#12118,#12119,#12120));
#12122=FACE_OUTER_BOUND('',#12121,.T.);
#12123=ADVANCED_FACE('',(#12122),#12112,.T.);
#12124=DIRECTION('',(0.9757,-0.219112,0));
#12125=DIRECTION('',(0,0,-1));
#12126=AXIS2_PLACEMENT_3D('',#1434,#12124,#12125);
#12127=PLANE('',#12126);
#12128=DIRECTION('',(0,0,1));
#12129=VECTOR('',#12128,2);
#12130=LINE('',#1434,#12129);
#12131=EDGE_CURVE('',#1435,#1699,#12130,.T.);
#12132=ORIENTED_EDGE('',*,*,#12131,.T.);
#12133=ORIENTED_EDGE('',*,*,#10608,.F.);
#12134=ORIENTED_EDGE('',*,*,#12117,.F.);
#12135=ORIENTED_EDGE('',*,*,#4592,.T.);
#12136=EDGE_LOOP('',(#12132,#12133,#12134,#12135));
#12137=FACE_OUTER_BOUND('',#12136,.T.);
#12138=ADVANCED_FACE('',(#12137),#12127,.T.);
#12139=DIRECTION('',(0.963777,-0.266708,0));
#12140=DIRECTION('',(0,0,-1));
#12141=AXIS2_PLACEMENT_3D('',#1436,#12139,#12140);
#12142=PLANE('',#12141);
#12143=DIRECTION('',(0,0,1));
#12144=VECTOR('',#12143,2);
#12145=LINE('',#1436,#12144);
#12146=EDGE_CURVE('',#1437,#1701,#12145,.T.);
#12147=ORIENTED_EDGE('',*,*,#12146,.T.);
#12148=ORIENTED_EDGE('',*,*,#10613,.F.);
#12149=ORIENTED_EDGE('',*,*,#12131,.F.);
#12150=ORIENTED_EDGE('',*,*,#4587,.T.);
#12151=EDGE_LOOP('',(#12147,#12148,#12149,#12150));
#12152=FACE_OUTER_BOUND('',#12151,.T.);
#12153=ADVANCED_FACE('',(#12152),#12142,.T.);
#12154=DIRECTION('',(0.949526,-0.313688,0));
#12155=DIRECTION('',(0,0,-1));
#12156=AXIS2_PLACEMENT_3D('',#1700,#12154,#12155);
#12157=PLANE('',#12156);
#12158=ORIENTED_EDGE('',*,*,#12146,.F.);
#12159=ORIENTED_EDGE('',*,*,#4582,.T.);
#12160=DIRECTION('',(0,0,1));
#12161=VECTOR('',#12160,2);
#12162=LINE('',#1438,#12161);
#12163=EDGE_CURVE('',#1439,#1703,#12162,.T.);
#12164=ORIENTED_EDGE('',*,*,#12163,.T.);
#12165=ORIENTED_EDGE('',*,*,#10618,.F.);
#12166=EDGE_LOOP('',(#12158,#12159,#12164,#12165));
#12167=FACE_OUTER_BOUND('',#12166,.T.);
#12168=ADVANCED_FACE('',(#12167),#12157,.T.);
#12169=DIRECTION('',(0.932999,-0.359878,0));
#12170=DIRECTION('',(0,0,-1));
#12171=AXIS2_PLACEMENT_3D('',#1702,#12169,#12170);
#12172=PLANE('',#12171);
#12173=ORIENTED_EDGE('',*,*,#12163,.F.);
#12174=ORIENTED_EDGE('',*,*,#4577,.T.);
#12175=DIRECTION('',(0,0,1));
#12176=VECTOR('',#12175,2);
#12177=LINE('',#1440,#12176);
#12178=EDGE_CURVE('',#1441,#1705,#12177,.T.);
#12179=ORIENTED_EDGE('',*,*,#12178,.T.);
#12180=ORIENTED_EDGE('',*,*,#10623,.F.);
#12181=EDGE_LOOP('',(#12173,#12174,#12179,#12180));
#12182=FACE_OUTER_BOUND('',#12181,.T.);
#12183=ADVANCED_FACE('',(#12182),#12172,.T.);
#12184=DIRECTION('',(0.914202,-0.40526,0));
#12185=DIRECTION('',(0,0,-1));
#12186=AXIS2_PLACEMENT_3D('',#1704,#12184,#12185);
#12187=PLANE('',#12186);
#12188=ORIENTED_EDGE('',*,*,#12178,.F.);
#12189=ORIENTED_EDGE('',*,*,#5212,.T.);
#12190=DIRECTION('',(0,0,1));
#12191=VECTOR('',#12190,2);
#12192=LINE('',#1442,#12191);
#12193=EDGE_CURVE('',#1443,#1707,#12192,.T.);
#12194=ORIENTED_EDGE('',*,*,#12193,.T.);
#12195=ORIENTED_EDGE('',*,*,#10628,.F.);
#12196=EDGE_LOOP('',(#12188,#12189,#12194,#12195));
#12197=FACE_OUTER_BOUND('',#12196,.T.);
#12198=ADVANCED_FACE('',(#12197),#12187,.T.);
#12199=DIRECTION('',(0.893215,-0.44963,0));
#12200=DIRECTION('',(0,0,-1));
#12201=AXIS2_PLACEMENT_3D('',#1444,#12199,#12200);
#12202=PLANE('',#12201);
#12203=DIRECTION('',(0,0,1));
#12204=VECTOR('',#12203,2);
#12205=LINE('',#1444,#12204);
#12206=EDGE_CURVE('',#1445,#1709,#12205,.T.);
#12207=ORIENTED_EDGE('',*,*,#12206,.T.);
#12208=ORIENTED_EDGE('',*,*,#10633,.F.);
#12209=ORIENTED_EDGE('',*,*,#12193,.F.);
#12210=ORIENTED_EDGE('',*,*,#5207,.T.);
#12211=EDGE_LOOP('',(#12207,#12208,#12209,#12210));
#12212=FACE_OUTER_BOUND('',#12211,.T.);
#12213=ADVANCED_FACE('',(#12212),#12202,.T.);
#12214=DIRECTION('',(0.870099,-0.492877,0));
#12215=DIRECTION('',(0,0,-1));
#12216=AXIS2_PLACEMENT_3D('',#1446,#12214,#12215);
#12217=PLANE('',#12216);
#12218=DIRECTION('',(0,0,1));
#12219=VECTOR('',#12218,2);
#12220=LINE('',#1446,#12219);
#12221=EDGE_CURVE('',#1447,#1711,#12220,.T.);
#12222=ORIENTED_EDGE('',*,*,#12221,.T.);
#12223=ORIENTED_EDGE('',*,*,#10638,.F.);
#12224=ORIENTED_EDGE('',*,*,#12206,.F.);
#12225=ORIENTED_EDGE('',*,*,#5202,.T.);
#12226=EDGE_LOOP('',(#12222,#12223,#12224,#12225));
#12227=FACE_OUTER_BOUND('',#12226,.T.);
#12228=ADVANCED_FACE('',(#12227),#12217,.T.);
#12229=DIRECTION('',(0.844833,-0.53503,0));
#12230=DIRECTION('',(0,0,-1));
#12231=AXIS2_PLACEMENT_3D('',#1712,#12229,#12230);
#12232=PLANE('',#12231);
#12233=ORIENTED_EDGE('',*,*,#10643,.F.);
#12234=ORIENTED_EDGE('',*,*,#12221,.F.);
#12235=ORIENTED_EDGE('',*,*,#5197,.T.);
#12236=DIRECTION('',(0,0,1));
#12237=VECTOR('',#12236,2);
#12238=LINE('',#1448,#12237);
#12239=EDGE_CURVE('',#1449,#1713,#12238,.T.);
#12240=ORIENTED_EDGE('',*,*,#12239,.T.);
#12241=EDGE_LOOP('',(#12233,#12234,#12235,#12240));
#12242=FACE_OUTER_BOUND('',#12241,.T.);
#12243=ADVANCED_FACE('',(#12242),#12232,.T.);
#12244=DIRECTION('',(0.81759,-0.575801,0));
#12245=DIRECTION('',(0,0,-1));
#12246=AXIS2_PLACEMENT_3D('',#1450,#12244,#12245);
#12247=PLANE('',#12246);
#12248=DIRECTION('',(0,0,1));
#12249=VECTOR('',#12248,2);
#12250=LINE('',#1450,#12249);
#12251=EDGE_CURVE('',#1451,#1715,#12250,.T.);
#12252=ORIENTED_EDGE('',*,*,#12251,.T.);
#12253=ORIENTED_EDGE('',*,*,#10648,.F.);
#12254=ORIENTED_EDGE('',*,*,#12239,.F.);
#12255=ORIENTED_EDGE('',*,*,#5192,.T.);
#12256=EDGE_LOOP('',(#12252,#12253,#12254,#12255));
#12257=FACE_OUTER_BOUND('',#12256,.T.);
#12258=ADVANCED_FACE('',(#12257),#12247,.T.);
#12259=DIRECTION('',(0.788358,-0.615217,0));
#12260=DIRECTION('',(0,0,-1));
#12261=AXIS2_PLACEMENT_3D('',#1716,#12259,#12260);
#12262=PLANE('',#12261);
#12263=ORIENTED_EDGE('',*,*,#10653,.F.);
#12264=ORIENTED_EDGE('',*,*,#12251,.F.);
#12265=ORIENTED_EDGE('',*,*,#5187,.T.);
#12266=DIRECTION('',(0,0,1));
#12267=VECTOR('',#12266,2);
#12268=LINE('',#1452,#12267);
#12269=EDGE_CURVE('',#1453,#1717,#12268,.T.);
#12270=ORIENTED_EDGE('',*,*,#12269,.T.);
#12271=EDGE_LOOP('',(#12263,#12264,#12265,#12270));
#12272=FACE_OUTER_BOUND('',#12271,.T.);
#12273=ADVANCED_FACE('',(#12272),#12262,.T.);
#12274=DIRECTION('',(0.757194,-0.65319,0));
#12275=DIRECTION('',(0,0,-1));
#12276=AXIS2_PLACEMENT_3D('',#1452,#12274,#12275);
#12277=PLANE('',#12276);
#12278=ORIENTED_EDGE('',*,*,#5182,.T.);
#12279=DIRECTION('',(0,0,1));
#12280=VECTOR('',#12279,2);
#12281=LINE('',#1454,#12280);
#12282=EDGE_CURVE('',#1455,#1719,#12281,.T.);
#12283=ORIENTED_EDGE('',*,*,#12282,.T.);
#12284=ORIENTED_EDGE('',*,*,#10658,.F.);
#12285=ORIENTED_EDGE('',*,*,#12269,.F.);
#12286=EDGE_LOOP('',(#12278,#12283,#12284,#12285));
#12287=FACE_OUTER_BOUND('',#12286,.T.);
#12288=ADVANCED_FACE('',(#12287),#12277,.T.);
#12289=DIRECTION('',(0.724237,-0.689551,0));
#12290=DIRECTION('',(0,0,-1));
#12291=AXIS2_PLACEMENT_3D('',#1720,#12289,#12290);
#12292=PLANE('',#12291);
#12293=ORIENTED_EDGE('',*,*,#10663,.F.);
#12294=ORIENTED_EDGE('',*,*,#12282,.F.);
#12295=ORIENTED_EDGE('',*,*,#5177,.T.);
#12296=DIRECTION('',(0,0,1));
#12297=VECTOR('',#12296,2);
#12298=LINE('',#1456,#12297);
#12299=EDGE_CURVE('',#1457,#1721,#12298,.T.);
#12300=ORIENTED_EDGE('',*,*,#12299,.T.);
#12301=EDGE_LOOP('',(#12293,#12294,#12295,#12300));
#12302=FACE_OUTER_BOUND('',#12301,.T.);
#12303=ADVANCED_FACE('',(#12302),#12292,.T.);
#12304=DIRECTION('',(0.689566,-0.724223,0));
#12305=DIRECTION('',(0,0,-1));
#12306=AXIS2_PLACEMENT_3D('',#1722,#12304,#12305);
#12307=PLANE('',#12306);
#12308=ORIENTED_EDGE('',*,*,#10668,.F.);
#12309=ORIENTED_EDGE('',*,*,#12299,.F.);
#12310=ORIENTED_EDGE('',*,*,#5172,.T.);
#12311=DIRECTION('',(0,0,1));
#12312=VECTOR('',#12311,2);
#12313=LINE('',#1458,#12312);
#12314=EDGE_CURVE('',#1459,#1723,#12313,.T.);
#12315=ORIENTED_EDGE('',*,*,#12314,.T.);
#12316=EDGE_LOOP('',(#12308,#12309,#12310,#12315));
#12317=FACE_OUTER_BOUND('',#12316,.T.);
#12318=ADVANCED_FACE('',(#12317),#12307,.T.);
#12319=DIRECTION('',(0.653178,-0.757205,0));
#12320=DIRECTION('',(0,0,-1));
#12321=AXIS2_PLACEMENT_3D('',#1460,#12319,#12320);
#12322=PLANE('',#12321);
#12323=DIRECTION('',(0,0,1));
#12324=VECTOR('',#12323,2);
#12325=LINE('',#1460,#12324);
#12326=EDGE_CURVE('',#1461,#1725,#12325,.T.);
#12327=ORIENTED_EDGE('',*,*,#12326,.T.);
#12328=ORIENTED_EDGE('',*,*,#10673,.F.);
#12329=ORIENTED_EDGE('',*,*,#12314,.F.);
#12330=ORIENTED_EDGE('',*,*,#5167,.T.);
#12331=EDGE_LOOP('',(#12327,#12328,#12329,#12330));
#12332=FACE_OUTER_BOUND('',#12331,.T.);
#12333=ADVANCED_FACE('',(#12332),#12322,.T.);
#12334=DIRECTION('',(0.615213,-0.788361,0));
#12335=DIRECTION('',(0,0,-1));
#12336=AXIS2_PLACEMENT_3D('',#1726,#12334,#12335);
#12337=PLANE('',#12336);
#12338=ORIENTED_EDGE('',*,*,#10678,.F.);
#12339=ORIENTED_EDGE('',*,*,#12326,.F.);
#12340=ORIENTED_EDGE('',*,*,#5162,.T.);
#12341=DIRECTION('',(0,0,1));
#12342=VECTOR('',#12341,2);
#12343=LINE('',#1462,#12342);
#12344=EDGE_CURVE('',#1463,#1727,#12343,.T.);
#12345=ORIENTED_EDGE('',*,*,#12344,.T.);
#12346=EDGE_LOOP('',(#12338,#12339,#12340,#12345));
#12347=FACE_OUTER_BOUND('',#12346,.T.);
#12348=ADVANCED_FACE('',(#12347),#12337,.T.);
#12349=DIRECTION('',(0.575815,-0.81758,0));
#12350=DIRECTION('',(0,0,-1));
#12351=AXIS2_PLACEMENT_3D('',#1462,#12349,#12350);
#12352=PLANE('',#12351);
#12353=ORIENTED_EDGE('',*,*,#5157,.T.);
#12354=DIRECTION('',(0,0,1));
#12355=VECTOR('',#12354,2);
#12356=LINE('',#1464,#12355);
#12357=EDGE_CURVE('',#1465,#1729,#12356,.T.);
#12358=ORIENTED_EDGE('',*,*,#12357,.T.);
#12359=ORIENTED_EDGE('',*,*,#10683,.F.);
#12360=ORIENTED_EDGE('',*,*,#12344,.F.);
#12361=EDGE_LOOP('',(#12353,#12358,#12359,#12360));
#12362=FACE_OUTER_BOUND('',#12361,.T.);
#12363=ADVANCED_FACE('',(#12362),#12352,.T.);
#12364=DIRECTION('',(0.535045,-0.844823,0));
#12365=DIRECTION('',(0,0,-1));
#12366=AXIS2_PLACEMENT_3D('',#1730,#12364,#12365);
#12367=PLANE('',#12366);
#12368=ORIENTED_EDGE('',*,*,#10688,.F.);
#12369=ORIENTED_EDGE('',*,*,#12357,.F.);
#12370=ORIENTED_EDGE('',*,*,#5152,.T.);
#12371=DIRECTION('',(0,0,1));
#12372=VECTOR('',#12371,2);
#12373=LINE('',#1466,#12372);
#12374=EDGE_CURVE('',#1467,#1731,#12373,.T.);
#12375=ORIENTED_EDGE('',*,*,#12374,.T.);
#12376=EDGE_LOOP('',(#12368,#12369,#12370,#12375));
#12377=FACE_OUTER_BOUND('',#12376,.T.);
#12378=ADVANCED_FACE('',(#12377),#12367,.T.);
#12379=DIRECTION('',(0.492824,-0.870129,0));
#12380=DIRECTION('',(0,0,-1));
#12381=AXIS2_PLACEMENT_3D('',#1466,#12379,#12380);
#12382=PLANE('',#12381);
#12383=ORIENTED_EDGE('',*,*,#5147,.T.);
#12384=DIRECTION('',(0,0,1));
#12385=VECTOR('',#12384,2);
#12386=LINE('',#1468,#12385);
#12387=EDGE_CURVE('',#1469,#1733,#12386,.T.);
#12388=ORIENTED_EDGE('',*,*,#12387,.T.);
#12389=ORIENTED_EDGE('',*,*,#10693,.F.);
#12390=ORIENTED_EDGE('',*,*,#12374,.F.);
#12391=EDGE_LOOP('',(#12383,#12388,#12389,#12390));
#12392=FACE_OUTER_BOUND('',#12391,.T.);
#12393=ADVANCED_FACE('',(#12392),#12382,.T.);
#12394=DIRECTION('',(0.44963,-0.893215,0));
#12395=DIRECTION('',(0,0,-1));
#12396=AXIS2_PLACEMENT_3D('',#1734,#12394,#12395);
#12397=PLANE('',#12396);
#12398=ORIENTED_EDGE('',*,*,#10698,.F.);
#12399=ORIENTED_EDGE('',*,*,#12387,.F.);
#12400=ORIENTED_EDGE('',*,*,#5142,.T.);
#12401=DIRECTION('',(0,0,1));
#12402=VECTOR('',#12401,2);
#12403=LINE('',#1470,#12402);
#12404=EDGE_CURVE('',#1471,#1735,#12403,.T.);
#12405=ORIENTED_EDGE('',*,*,#12404,.T.);
#12406=EDGE_LOOP('',(#12398,#12399,#12400,#12405));
#12407=FACE_OUTER_BOUND('',#12406,.T.);
#12408=ADVANCED_FACE('',(#12407),#12397,.T.);
#12409=DIRECTION('',(0.405284,-0.914191,0));
#12410=DIRECTION('',(0,0,-1));
#12411=AXIS2_PLACEMENT_3D('',#1470,#12409,#12410);
#12412=PLANE('',#12411);
#12413=ORIENTED_EDGE('',*,*,#5137,.T.);
#12414=DIRECTION('',(0,0,1));
#12415=VECTOR('',#12414,2);
#12416=LINE('',#1472,#12415);
#12417=EDGE_CURVE('',#1473,#1737,#12416,.T.);
#12418=ORIENTED_EDGE('',*,*,#12417,.T.);
#12419=ORIENTED_EDGE('',*,*,#10703,.F.);
#12420=ORIENTED_EDGE('',*,*,#12404,.F.);
#12421=EDGE_LOOP('',(#12413,#12418,#12419,#12420));
#12422=FACE_OUTER_BOUND('',#12421,.T.);
#12423=ADVANCED_FACE('',(#12422),#12412,.T.);
#12424=DIRECTION('',(0.359828,-0.933019,0));
#12425=DIRECTION('',(0,0,-1));
#12426=AXIS2_PLACEMENT_3D('',#1738,#12424,#12425);
#12427=PLANE('',#12426);
#12428=ORIENTED_EDGE('',*,*,#10708,.F.);
#12429=ORIENTED_EDGE('',*,*,#12417,.F.);
#12430=ORIENTED_EDGE('',*,*,#5132,.T.);
#12431=DIRECTION('',(0,0,1));
#12432=VECTOR('',#12431,2);
#12433=LINE('',#1474,#12432);
#12434=EDGE_CURVE('',#1475,#1739,#12433,.T.);
#12435=ORIENTED_EDGE('',*,*,#12434,.T.);
#12436=EDGE_LOOP('',(#12428,#12429,#12430,#12435));
#12437=FACE_OUTER_BOUND('',#12436,.T.);
#12438=ADVANCED_FACE('',(#12437),#12427,.T.);
#12439=DIRECTION('',(0.313748,-0.949506,0));
#12440=DIRECTION('',(0,0,-1));
#12441=AXIS2_PLACEMENT_3D('',#1740,#12439,#12440);
#12442=PLANE('',#12441);
#12443=ORIENTED_EDGE('',*,*,#10713,.F.);
#12444=ORIENTED_EDGE('',*,*,#12434,.F.);
#12445=ORIENTED_EDGE('',*,*,#5127,.T.);
#12446=DIRECTION('',(0,0,1));
#12447=VECTOR('',#12446,2);
#12448=LINE('',#1476,#12447);
#12449=EDGE_CURVE('',#1477,#1741,#12448,.T.);
#12450=ORIENTED_EDGE('',*,*,#12449,.T.);
#12451=EDGE_LOOP('',(#12443,#12444,#12445,#12450));
#12452=FACE_OUTER_BOUND('',#12451,.T.);
#12453=ADVANCED_FACE('',(#12452),#12442,.T.);
#12454=DIRECTION('',(0.266674,-0.963787,0));
#12455=DIRECTION('',(0,0,-1));
#12456=AXIS2_PLACEMENT_3D('',#1478,#12454,#12455);
#12457=PLANE('',#12456);
#12458=DIRECTION('',(0,0,1));
#12459=VECTOR('',#12458,2);
#12460=LINE('',#1478,#12459);
#12461=EDGE_CURVE('',#1479,#1743,#12460,.T.);
#12462=ORIENTED_EDGE('',*,*,#12461,.T.);
#12463=ORIENTED_EDGE('',*,*,#10718,.F.);
#12464=ORIENTED_EDGE('',*,*,#12449,.F.);
#12465=ORIENTED_EDGE('',*,*,#5122,.T.);
#12466=EDGE_LOOP('',(#12462,#12463,#12464,#12465));
#12467=FACE_OUTER_BOUND('',#12466,.T.);
#12468=ADVANCED_FACE('',(#12467),#12457,.T.);
#12469=DIRECTION('',(0.219112,-0.9757,0));
#12470=DIRECTION('',(0,0,-1));
#12471=AXIS2_PLACEMENT_3D('',#1480,#12469,#12470);
#12472=PLANE('',#12471);
#12473=DIRECTION('',(0,0,1));
#12474=VECTOR('',#12473,2);
#12475=LINE('',#1480,#12474);
#12476=EDGE_CURVE('',#1481,#1745,#12475,.T.);
#12477=ORIENTED_EDGE('',*,*,#12476,.T.);
#12478=ORIENTED_EDGE('',*,*,#10723,.F.);
#12479=ORIENTED_EDGE('',*,*,#12461,.F.);
#12480=ORIENTED_EDGE('',*,*,#5117,.T.);
#12481=EDGE_LOOP('',(#12477,#12478,#12479,#12480));
#12482=FACE_OUTER_BOUND('',#12481,.T.);
#12483=ADVANCED_FACE('',(#12482),#12472,.T.);
#12484=DIRECTION('',(0.170982,-0.985274,0));
#12485=DIRECTION('',(0,0,-1));
#12486=AXIS2_PLACEMENT_3D('',#1746,#12484,#12485);
#12487=PLANE('',#12486);
#12488=ORIENTED_EDGE('',*,*,#10728,.F.);
#12489=ORIENTED_EDGE('',*,*,#12476,.F.);
#12490=ORIENTED_EDGE('',*,*,#5112,.T.);
#12491=DIRECTION('',(0,0,1));
#12492=VECTOR('',#12491,2);
#12493=LINE('',#1482,#12492);
#12494=EDGE_CURVE('',#1483,#1747,#12493,.T.);
#12495=ORIENTED_EDGE('',*,*,#12494,.T.);
#12496=EDGE_LOOP('',(#12488,#12489,#12490,#12495));
#12497=FACE_OUTER_BOUND('',#12496,.T.);
#12498=ADVANCED_FACE('',(#12497),#12487,.T.);
#12499=DIRECTION('',(0.122394,-0.992482,0));
#12500=DIRECTION('',(0,0,-1));
#12501=AXIS2_PLACEMENT_3D('',#1748,#12499,#12500);
#12502=PLANE('',#12501);
#12503=ORIENTED_EDGE('',*,*,#10733,.F.);
#12504=ORIENTED_EDGE('',*,*,#12494,.F.);
#12505=ORIENTED_EDGE('',*,*,#5107,.T.);
#12506=DIRECTION('',(0,0,1));
#12507=VECTOR('',#12506,2);
#12508=LINE('',#1484,#12507);
#12509=EDGE_CURVE('',#1485,#1749,#12508,.T.);
#12510=ORIENTED_EDGE('',*,*,#12509,.T.);
#12511=EDGE_LOOP('',(#12503,#12504,#12505,#12510));
#12512=FACE_OUTER_BOUND('',#12511,.T.);
#12513=ADVANCED_FACE('',(#12512),#12502,.T.);
#12514=DIRECTION('',(0.073577,-0.99729,0));
#12515=DIRECTION('',(0,0,-1));
#12516=AXIS2_PLACEMENT_3D('',#1486,#12514,#12515);
#12517=PLANE('',#12516);
#12518=DIRECTION('',(0,0,1));
#12519=VECTOR('',#12518,2);
#12520=LINE('',#1486,#12519);
#12521=EDGE_CURVE('',#1487,#1751,#12520,.T.);
#12522=ORIENTED_EDGE('',*,*,#12521,.T.);
#12523=ORIENTED_EDGE('',*,*,#10738,.F.);
#12524=ORIENTED_EDGE('',*,*,#12509,.F.);
#12525=ORIENTED_EDGE('',*,*,#5102,.T.);
#12526=EDGE_LOOP('',(#12522,#12523,#12524,#12525));
#12527=FACE_OUTER_BOUND('',#12526,.T.);
#12528=ADVANCED_FACE('',(#12527),#12517,.T.);
#12529=DIRECTION('',(0.024525,-0.999699,0));
#12530=DIRECTION('',(0,0,-1));
#12531=AXIS2_PLACEMENT_3D('',#1752,#12529,#12530);
#12532=PLANE('',#12531);
#12533=ORIENTED_EDGE('',*,*,#10743,.F.);
#12534=ORIENTED_EDGE('',*,*,#12521,.F.);
#12535=ORIENTED_EDGE('',*,*,#5097,.T.);
#12536=DIRECTION('',(0,0,1));
#12537=VECTOR('',#12536,2);
#12538=LINE('',#1488,#12537);
#12539=EDGE_CURVE('',#1489,#1753,#12538,.T.);
#12540=ORIENTED_EDGE('',*,*,#12539,.T.);
#12541=EDGE_LOOP('',(#12533,#12534,#12535,#12540));
#12542=FACE_OUTER_BOUND('',#12541,.T.);
#12543=ADVANCED_FACE('',(#12542),#12532,.T.);
#12544=DIRECTION('',(-0.024525,-0.999699,0));
#12545=DIRECTION('',(0,-0,-1));
#12546=AXIS2_PLACEMENT_3D('',#1488,#12544,#12545);
#12547=PLANE('',#12546);
#12548=ORIENTED_EDGE('',*,*,#5092,.T.);
#12549=DIRECTION('',(0,0,1));
#12550=VECTOR('',#12549,2);
#12551=LINE('',#1490,#12550);
#12552=EDGE_CURVE('',#1491,#1755,#12551,.T.);
#12553=ORIENTED_EDGE('',*,*,#12552,.T.);
#12554=ORIENTED_EDGE('',*,*,#10748,.F.);
#12555=ORIENTED_EDGE('',*,*,#12539,.F.);
#12556=EDGE_LOOP('',(#12548,#12553,#12554,#12555));
#12557=FACE_OUTER_BOUND('',#12556,.T.);
#12558=ADVANCED_FACE('',(#12557),#12547,.T.);
#12559=DIRECTION('',(-0.073577,-0.99729,0));
#12560=DIRECTION('',(0,-0,-1));
#12561=AXIS2_PLACEMENT_3D('',#1754,#12559,#12560);
#12562=PLANE('',#12561);
#12563=ORIENTED_EDGE('',*,*,#12552,.F.);
#12564=ORIENTED_EDGE('',*,*,#5087,.T.);
#12565=DIRECTION('',(0,0,1));
#12566=VECTOR('',#12565,2);
#12567=LINE('',#1492,#12566);
#12568=EDGE_CURVE('',#1493,#1757,#12567,.T.);
#12569=ORIENTED_EDGE('',*,*,#12568,.T.);
#12570=ORIENTED_EDGE('',*,*,#10753,.F.);
#12571=EDGE_LOOP('',(#12563,#12564,#12569,#12570));
#12572=FACE_OUTER_BOUND('',#12571,.T.);
#12573=ADVANCED_FACE('',(#12572),#12562,.T.);
#12574=DIRECTION('',(-0.122394,-0.992482,0));
#12575=DIRECTION('',(0,-0,-1));
#12576=AXIS2_PLACEMENT_3D('',#1492,#12574,#12575);
#12577=PLANE('',#12576);
#12578=ORIENTED_EDGE('',*,*,#5082,.T.);
#12579=DIRECTION('',(0,0,1));
#12580=VECTOR('',#12579,2);
#12581=LINE('',#1494,#12580);
#12582=EDGE_CURVE('',#1495,#1759,#12581,.T.);
#12583=ORIENTED_EDGE('',*,*,#12582,.T.);
#12584=ORIENTED_EDGE('',*,*,#10758,.F.);
#12585=ORIENTED_EDGE('',*,*,#12568,.F.);
#12586=EDGE_LOOP('',(#12578,#12583,#12584,#12585));
#12587=FACE_OUTER_BOUND('',#12586,.T.);
#12588=ADVANCED_FACE('',(#12587),#12577,.T.);
#12589=DIRECTION('',(-0.170982,-0.985274,0));
#12590=DIRECTION('',(0,-0,-1));
#12591=AXIS2_PLACEMENT_3D('',#1760,#12589,#12590);
#12592=PLANE('',#12591);
#12593=ORIENTED_EDGE('',*,*,#10763,.F.);
#12594=ORIENTED_EDGE('',*,*,#12582,.F.);
#12595=ORIENTED_EDGE('',*,*,#5077,.T.);
#12596=DIRECTION('',(0,0,1));
#12597=VECTOR('',#12596,2);
#12598=LINE('',#1496,#12597);
#12599=EDGE_CURVE('',#1497,#1761,#12598,.T.);
#12600=ORIENTED_EDGE('',*,*,#12599,.T.);
#12601=EDGE_LOOP('',(#12593,#12594,#12595,#12600));
#12602=FACE_OUTER_BOUND('',#12601,.T.);
#12603=ADVANCED_FACE('',(#12602),#12592,.T.);
#12604=DIRECTION('',(-0.219112,-0.9757,0));
#12605=DIRECTION('',(0,-0,-1));
#12606=AXIS2_PLACEMENT_3D('',#1762,#12604,#12605);
#12607=PLANE('',#12606);
#12608=ORIENTED_EDGE('',*,*,#10768,.F.);
#12609=ORIENTED_EDGE('',*,*,#12599,.F.);
#12610=ORIENTED_EDGE('',*,*,#5072,.T.);
#12611=DIRECTION('',(0,0,1));
#12612=VECTOR('',#12611,2);
#12613=LINE('',#1498,#12612);
#12614=EDGE_CURVE('',#1499,#1763,#12613,.T.);
#12615=ORIENTED_EDGE('',*,*,#12614,.T.);
#12616=EDGE_LOOP('',(#12608,#12609,#12610,#12615));
#12617=FACE_OUTER_BOUND('',#12616,.T.);
#12618=ADVANCED_FACE('',(#12617),#12607,.T.);
#12619=DIRECTION('',(-0.266674,-0.963787,0));
#12620=DIRECTION('',(0,-0,-1));
#12621=AXIS2_PLACEMENT_3D('',#1500,#12619,#12620);
#12622=PLANE('',#12621);
#12623=DIRECTION('',(0,0,1));
#12624=VECTOR('',#12623,2);
#12625=LINE('',#1500,#12624);
#12626=EDGE_CURVE('',#1501,#1765,#12625,.T.);
#12627=ORIENTED_EDGE('',*,*,#12626,.T.);
#12628=ORIENTED_EDGE('',*,*,#10773,.F.);
#12629=ORIENTED_EDGE('',*,*,#12614,.F.);
#12630=ORIENTED_EDGE('',*,*,#5067,.T.);
#12631=EDGE_LOOP('',(#12627,#12628,#12629,#12630));
#12632=FACE_OUTER_BOUND('',#12631,.T.);
#12633=ADVANCED_FACE('',(#12632),#12622,.T.);
#12634=DIRECTION('',(-0.313748,-0.949506,0));
#12635=DIRECTION('',(0,-0,-1));
#12636=AXIS2_PLACEMENT_3D('',#1766,#12634,#12635);
#12637=PLANE('',#12636);
#12638=ORIENTED_EDGE('',*,*,#10778,.F.);
#12639=ORIENTED_EDGE('',*,*,#12626,.F.);
#12640=ORIENTED_EDGE('',*,*,#5062,.T.);
#12641=DIRECTION('',(0,0,1));
#12642=VECTOR('',#12641,2);
#12643=LINE('',#1502,#12642);
#12644=EDGE_CURVE('',#1503,#1767,#12643,.T.);
#12645=ORIENTED_EDGE('',*,*,#12644,.T.);
#12646=EDGE_LOOP('',(#12638,#12639,#12640,#12645));
#12647=FACE_OUTER_BOUND('',#12646,.T.);
#12648=ADVANCED_FACE('',(#12647),#12637,.T.);
#12649=DIRECTION('',(-0.359828,-0.933019,0));
#12650=DIRECTION('',(0,-0,-1));
#12651=AXIS2_PLACEMENT_3D('',#1766,#12649,#12650);
#12652=PLANE('',#12651);
#12653=ORIENTED_EDGE('',*,*,#12644,.F.);
#12654=ORIENTED_EDGE('',*,*,#5057,.T.);
#12655=DIRECTION('',(0,0,1));
#12656=VECTOR('',#12655,2);
#12657=LINE('',#1590,#12656);
#12658=EDGE_CURVE('',#1591,#1859,#12657,.T.);
#12659=ORIENTED_EDGE('',*,*,#12658,.T.);
#12660=ORIENTED_EDGE('',*,*,#10783,.F.);
#12661=EDGE_LOOP('',(#12653,#12654,#12659,#12660));
#12662=FACE_OUTER_BOUND('',#12661,.T.);
#12663=ADVANCED_FACE('',(#12662),#12652,.T.);
#12664=DIRECTION('',(-0.405284,0.914191,0));
#12665=DIRECTION('',(0,-0,1));
#12666=AXIS2_PLACEMENT_3D('',#1504,#12664,#12665);
#12667=PLANE('',#12666);
#12668=ORIENTED_EDGE('',*,*,#11967,.T.);
#12669=ORIENTED_EDGE('',*,*,#11023,.T.);
#12670=DIRECTION('',(0,0,1));
#12671=VECTOR('',#12670,2);
#12672=LINE('',#1506,#12671);
#12673=EDGE_CURVE('',#1507,#1773,#12672,.T.);
#12674=ORIENTED_EDGE('',*,*,#12673,.F.);
#12675=ORIENTED_EDGE('',*,*,#4817,.F.);
#12676=EDGE_LOOP('',(#12668,#12669,#12674,#12675));
#12677=FACE_OUTER_BOUND('',#12676,.T.);
#12678=ADVANCED_FACE('',(#12677),#12667,.T.);
#12679=DIRECTION('',(-0.449538,0.893261,0));
#12680=DIRECTION('',(0,-0,1));
#12681=AXIS2_PLACEMENT_3D('',#1508,#12679,#12680);
#12682=PLANE('',#12681);
#12683=ORIENTED_EDGE('',*,*,#4822,.F.);
#12684=ORIENTED_EDGE('',*,*,#12673,.T.);
#12685=ORIENTED_EDGE('',*,*,#11018,.T.);
#12686=DIRECTION('',(0,0,1));
#12687=VECTOR('',#12686,2);
#12688=LINE('',#1508,#12687);
#12689=EDGE_CURVE('',#1509,#1775,#12688,.T.);
#12690=ORIENTED_EDGE('',*,*,#12689,.F.);
#12691=EDGE_LOOP('',(#12683,#12684,#12685,#12690));
#12692=FACE_OUTER_BOUND('',#12691,.T.);
#12693=ADVANCED_FACE('',(#12692),#12682,.T.);
#12694=DIRECTION('',(-0.492912,0.870079,0));
#12695=DIRECTION('',(0,-0,1));
#12696=AXIS2_PLACEMENT_3D('',#1774,#12694,#12695);
#12697=PLANE('',#12696);
#12698=ORIENTED_EDGE('',*,*,#11013,.T.);
#12699=DIRECTION('',(0,0,1));
#12700=VECTOR('',#12699,2);
#12701=LINE('',#1510,#12700);
#12702=EDGE_CURVE('',#1511,#1777,#12701,.T.);
#12703=ORIENTED_EDGE('',*,*,#12702,.F.);
#12704=ORIENTED_EDGE('',*,*,#4827,.F.);
#12705=ORIENTED_EDGE('',*,*,#12689,.T.);
#12706=EDGE_LOOP('',(#12698,#12703,#12704,#12705));
#12707=FACE_OUTER_BOUND('',#12706,.T.);
#12708=ADVANCED_FACE('',(#12707),#12697,.T.);
#12709=DIRECTION('',(-0.535045,0.844823,0));
#12710=DIRECTION('',(0,-0,1));
#12711=AXIS2_PLACEMENT_3D('',#1778,#12709,#12710);
#12712=PLANE('',#12711);
#12713=DIRECTION('',(0,0,1));
#12714=VECTOR('',#12713,2);
#12715=LINE('',#1512,#12714);
#12716=EDGE_CURVE('',#1513,#1779,#12715,.T.);
#12717=ORIENTED_EDGE('',*,*,#12716,.F.);
#12718=ORIENTED_EDGE('',*,*,#4832,.F.);
#12719=ORIENTED_EDGE('',*,*,#12702,.T.);
#12720=ORIENTED_EDGE('',*,*,#11008,.T.);
#12721=EDGE_LOOP('',(#12717,#12718,#12719,#12720));
#12722=FACE_OUTER_BOUND('',#12721,.T.);
#12723=ADVANCED_FACE('',(#12722),#12712,.T.);
#12724=DIRECTION('',(-0.575815,0.81758,0));
#12725=DIRECTION('',(0,-0,1));
#12726=AXIS2_PLACEMENT_3D('',#1512,#12724,#12725);
#12727=PLANE('',#12726);
#12728=ORIENTED_EDGE('',*,*,#12716,.T.);
#12729=ORIENTED_EDGE('',*,*,#11003,.T.);
#12730=DIRECTION('',(0,0,1));
#12731=VECTOR('',#12730,2);
#12732=LINE('',#1514,#12731);
#12733=EDGE_CURVE('',#1515,#1781,#12732,.T.);
#12734=ORIENTED_EDGE('',*,*,#12733,.F.);
#12735=ORIENTED_EDGE('',*,*,#4837,.F.);
#12736=EDGE_LOOP('',(#12728,#12729,#12734,#12735));
#12737=FACE_OUTER_BOUND('',#12736,.T.);
#12738=ADVANCED_FACE('',(#12737),#12727,.T.);
#12739=DIRECTION('',(-0.615213,0.788361,0));
#12740=DIRECTION('',(0,-0,1));
#12741=AXIS2_PLACEMENT_3D('',#1516,#12739,#12740);
#12742=PLANE('',#12741);
#12743=ORIENTED_EDGE('',*,*,#4842,.F.);
#12744=ORIENTED_EDGE('',*,*,#12733,.T.);
#12745=ORIENTED_EDGE('',*,*,#10998,.T.);
#12746=DIRECTION('',(0,0,1));
#12747=VECTOR('',#12746,2);
#12748=LINE('',#1516,#12747);
#12749=EDGE_CURVE('',#1517,#1783,#12748,.T.);
#12750=ORIENTED_EDGE('',*,*,#12749,.F.);
#12751=EDGE_LOOP('',(#12743,#12744,#12745,#12750));
#12752=FACE_OUTER_BOUND('',#12751,.T.);
#12753=ADVANCED_FACE('',(#12752),#12742,.T.);
#12754=DIRECTION('',(-0.653178,0.757205,0));
#12755=DIRECTION('',(0,-0,1));
#12756=AXIS2_PLACEMENT_3D('',#1784,#12754,#12755);
#12757=PLANE('',#12756);
#12758=DIRECTION('',(0,0,1));
#12759=VECTOR('',#12758,2);
#12760=LINE('',#1518,#12759);
#12761=EDGE_CURVE('',#1519,#1785,#12760,.T.);
#12762=ORIENTED_EDGE('',*,*,#12761,.F.);
#12763=ORIENTED_EDGE('',*,*,#4847,.F.);
#12764=ORIENTED_EDGE('',*,*,#12749,.T.);
#12765=ORIENTED_EDGE('',*,*,#10993,.T.);
#12766=EDGE_LOOP('',(#12762,#12763,#12764,#12765));
#12767=FACE_OUTER_BOUND('',#12766,.T.);
#12768=ADVANCED_FACE('',(#12767),#12757,.T.);
#12769=DIRECTION('',(-0.689506,0.72428,0));
#12770=DIRECTION('',(0,-0,1));
#12771=AXIS2_PLACEMENT_3D('',#1786,#12769,#12770);
#12772=PLANE('',#12771);
#12773=DIRECTION('',(0,0,1));
#12774=VECTOR('',#12773,2);
#12775=LINE('',#1520,#12774);
#12776=EDGE_CURVE('',#1521,#1787,#12775,.T.);
#12777=ORIENTED_EDGE('',*,*,#12776,.F.);
#12778=ORIENTED_EDGE('',*,*,#4852,.F.);
#12779=ORIENTED_EDGE('',*,*,#12761,.T.);
#12780=ORIENTED_EDGE('',*,*,#10988,.T.);
#12781=EDGE_LOOP('',(#12777,#12778,#12779,#12780));
#12782=FACE_OUTER_BOUND('',#12781,.T.);
#12783=ADVANCED_FACE('',(#12782),#12772,.T.);
#12784=DIRECTION('',(-0.724237,0.689551,0));
#12785=DIRECTION('',(0,-0,1));
#12786=AXIS2_PLACEMENT_3D('',#1522,#12784,#12785);
#12787=PLANE('',#12786);
#12788=ORIENTED_EDGE('',*,*,#4857,.F.);
#12789=ORIENTED_EDGE('',*,*,#12776,.T.);
#12790=ORIENTED_EDGE('',*,*,#10983,.T.);
#12791=DIRECTION('',(0,0,1));
#12792=VECTOR('',#12791,2);
#12793=LINE('',#1522,#12792);
#12794=EDGE_CURVE('',#1523,#1789,#12793,.T.);
#12795=ORIENTED_EDGE('',*,*,#12794,.F.);
#12796=EDGE_LOOP('',(#12788,#12789,#12790,#12795));
#12797=FACE_OUTER_BOUND('',#12796,.T.);
#12798=ADVANCED_FACE('',(#12797),#12787,.T.);
#12799=DIRECTION('',(-0.757244,0.653133,0));
#12800=DIRECTION('',(0,-0,1));
#12801=AXIS2_PLACEMENT_3D('',#1522,#12799,#12800);
#12802=PLANE('',#12801);
#12803=ORIENTED_EDGE('',*,*,#12794,.T.);
#12804=ORIENTED_EDGE('',*,*,#10978,.T.);
#12805=DIRECTION('',(0,0,1));
#12806=VECTOR('',#12805,2);
#12807=LINE('',#1524,#12806);
#12808=EDGE_CURVE('',#1525,#1791,#12807,.T.);
#12809=ORIENTED_EDGE('',*,*,#12808,.F.);
#12810=ORIENTED_EDGE('',*,*,#4862,.F.);
#12811=EDGE_LOOP('',(#12803,#12804,#12809,#12810));
#12812=FACE_OUTER_BOUND('',#12811,.T.);
#12813=ADVANCED_FACE('',(#12812),#12802,.T.);
#12814=DIRECTION('',(-0.788358,0.615217,0));
#12815=DIRECTION('',(0,-0,1));
#12816=AXIS2_PLACEMENT_3D('',#1792,#12814,#12815);
#12817=PLANE('',#12816);
#12818=DIRECTION('',(0,0,1));
#12819=VECTOR('',#12818,2);
#12820=LINE('',#1526,#12819);
#12821=EDGE_CURVE('',#1527,#1793,#12820,.T.);
#12822=ORIENTED_EDGE('',*,*,#12821,.F.);
#12823=ORIENTED_EDGE('',*,*,#4867,.F.);
#12824=ORIENTED_EDGE('',*,*,#12808,.T.);
#12825=ORIENTED_EDGE('',*,*,#10973,.T.);
#12826=EDGE_LOOP('',(#12822,#12823,#12824,#12825));
#12827=FACE_OUTER_BOUND('',#12826,.T.);
#12828=ADVANCED_FACE('',(#12827),#12817,.T.);
#12829=DIRECTION('',(-0.817551,0.575856,0));
#12830=DIRECTION('',(0,-0,1));
#12831=AXIS2_PLACEMENT_3D('',#1792,#12829,#12830);
#12832=PLANE('',#12831);
#12833=ORIENTED_EDGE('',*,*,#10968,.T.);
#12834=DIRECTION('',(0,0,1));
#12835=VECTOR('',#12834,2);
#12836=LINE('',#1528,#12835);
#12837=EDGE_CURVE('',#1529,#1795,#12836,.T.);
#12838=ORIENTED_EDGE('',*,*,#12837,.F.);
#12839=ORIENTED_EDGE('',*,*,#4872,.F.);
#12840=ORIENTED_EDGE('',*,*,#12821,.T.);
#12841=EDGE_LOOP('',(#12833,#12838,#12839,#12840));
#12842=FACE_OUTER_BOUND('',#12841,.T.);
#12843=ADVANCED_FACE('',(#12842),#12832,.T.);
#12844=DIRECTION('',(-0.844866,0.534978,0));
#12845=DIRECTION('',(0,-0,1));
#12846=AXIS2_PLACEMENT_3D('',#1530,#12844,#12845);
#12847=PLANE('',#12846);
#12848=ORIENTED_EDGE('',*,*,#4877,.F.);
#12849=ORIENTED_EDGE('',*,*,#12837,.T.);
#12850=ORIENTED_EDGE('',*,*,#10963,.T.);
#12851=DIRECTION('',(0,0,1));
#12852=VECTOR('',#12851,2);
#12853=LINE('',#1530,#12852);
#12854=EDGE_CURVE('',#1531,#1797,#12853,.T.);
#12855=ORIENTED_EDGE('',*,*,#12854,.F.);
#12856=EDGE_LOOP('',(#12848,#12849,#12850,#12855));
#12857=FACE_OUTER_BOUND('',#12856,.T.);
#12858=ADVANCED_FACE('',(#12857),#12847,.T.);
#12859=DIRECTION('',(-0.870099,0.492877,0));
#12860=DIRECTION('',(0,-0,1));
#12861=AXIS2_PLACEMENT_3D('',#1798,#12859,#12860);
#12862=PLANE('',#12861);
#12863=DIRECTION('',(0,0,1));
#12864=VECTOR('',#12863,2);
#12865=LINE('',#1532,#12864);
#12866=EDGE_CURVE('',#1533,#1799,#12865,.T.);
#12867=ORIENTED_EDGE('',*,*,#12866,.F.);
#12868=ORIENTED_EDGE('',*,*,#4882,.F.);
#12869=ORIENTED_EDGE('',*,*,#12854,.T.);
#12870=ORIENTED_EDGE('',*,*,#10958,.T.);
#12871=EDGE_LOOP('',(#12867,#12868,#12869,#12870));
#12872=FACE_OUTER_BOUND('',#12871,.T.);
#12873=ADVANCED_FACE('',(#12872),#12862,.T.);
#12874=DIRECTION('',(-0.893215,0.44963,0));
#12875=DIRECTION('',(0,-0,1));
#12876=AXIS2_PLACEMENT_3D('',#1800,#12874,#12875);
#12877=PLANE('',#12876);
#12878=DIRECTION('',(0,0,1));
#12879=VECTOR('',#12878,2);
#12880=LINE('',#1534,#12879);
#12881=EDGE_CURVE('',#1535,#1801,#12880,.T.);
#12882=ORIENTED_EDGE('',*,*,#12881,.F.);
#12883=ORIENTED_EDGE('',*,*,#4887,.F.);
#12884=ORIENTED_EDGE('',*,*,#12866,.T.);
#12885=ORIENTED_EDGE('',*,*,#10953,.T.);
#12886=EDGE_LOOP('',(#12882,#12883,#12884,#12885));
#12887=FACE_OUTER_BOUND('',#12886,.T.);
#12888=ADVANCED_FACE('',(#12887),#12877,.T.);
#12889=DIRECTION('',(-0.914202,0.40526,0));
#12890=DIRECTION('',(0,-0,1));
#12891=AXIS2_PLACEMENT_3D('',#1800,#12889,#12890);
#12892=PLANE('',#12891);
#12893=ORIENTED_EDGE('',*,*,#10948,.T.);
#12894=DIRECTION('',(0,0,1));
#12895=VECTOR('',#12894,2);
#12896=LINE('',#1536,#12895);
#12897=EDGE_CURVE('',#1537,#1803,#12896,.T.);
#12898=ORIENTED_EDGE('',*,*,#12897,.F.);
#12899=ORIENTED_EDGE('',*,*,#4892,.F.);
#12900=ORIENTED_EDGE('',*,*,#12881,.T.);
#12901=EDGE_LOOP('',(#12893,#12898,#12899,#12900));
#12902=FACE_OUTER_BOUND('',#12901,.T.);
#12903=ADVANCED_FACE('',(#12902),#12892,.T.);
#12904=DIRECTION('',(-0.932999,0.359878,0));
#12905=DIRECTION('',(0,-0,1));
#12906=AXIS2_PLACEMENT_3D('',#1804,#12904,#12905);
#12907=PLANE('',#12906);
#12908=DIRECTION('',(0,0,1));
#12909=VECTOR('',#12908,2);
#12910=LINE('',#1538,#12909);
#12911=EDGE_CURVE('',#1539,#1805,#12910,.T.);
#12912=ORIENTED_EDGE('',*,*,#12911,.F.);
#12913=ORIENTED_EDGE('',*,*,#4897,.F.);
#12914=ORIENTED_EDGE('',*,*,#12897,.T.);
#12915=ORIENTED_EDGE('',*,*,#10943,.T.);
#12916=EDGE_LOOP('',(#12912,#12913,#12914,#12915));
#12917=FACE_OUTER_BOUND('',#12916,.T.);
#12918=ADVANCED_FACE('',(#12917),#12907,.T.);
#12919=DIRECTION('',(-0.949526,0.313688,0));
#12920=DIRECTION('',(0,-0,1));
#12921=AXIS2_PLACEMENT_3D('',#1806,#12919,#12920);
#12922=PLANE('',#12921);
#12923=DIRECTION('',(0,0,1));
#12924=VECTOR('',#12923,2);
#12925=LINE('',#1540,#12924);
#12926=EDGE_CURVE('',#1541,#1807,#12925,.T.);
#12927=ORIENTED_EDGE('',*,*,#12926,.F.);
#12928=ORIENTED_EDGE('',*,*,#4902,.F.);
#12929=ORIENTED_EDGE('',*,*,#12911,.T.);
#12930=ORIENTED_EDGE('',*,*,#10938,.T.);
#12931=EDGE_LOOP('',(#12927,#12928,#12929,#12930));
#12932=FACE_OUTER_BOUND('',#12931,.T.);
#12933=ADVANCED_FACE('',(#12932),#12922,.T.);
#12934=DIRECTION('',(-0.963777,0.266708,0));
#12935=DIRECTION('',(0,-0,1));
#12936=AXIS2_PLACEMENT_3D('',#1550,#12934,#12935);
#12937=PLANE('',#12936);
#12938=ORIENTED_EDGE('',*,*,#4907,.F.);
#12939=ORIENTED_EDGE('',*,*,#12926,.T.);
#12940=ORIENTED_EDGE('',*,*,#10933,.T.);
#12941=DIRECTION('',(0,0,1));
#12942=VECTOR('',#12941,2);
#12943=LINE('',#1550,#12942);
#12944=EDGE_CURVE('',#1551,#1819,#12943,.T.);
#12945=ORIENTED_EDGE('',*,*,#12944,.F.);
#12946=EDGE_LOOP('',(#12938,#12939,#12940,#12945));
#12947=FACE_OUTER_BOUND('',#12946,.T.);
#12948=ADVANCED_FACE('',(#12947),#12937,.T.);
#12949=DIRECTION('',(-0.615213,-0.788361,0));
#12950=DIRECTION('',(0,-0,-1));
#12951=AXIS2_PLACEMENT_3D('',#1810,#12949,#12950);
#12952=PLANE('',#12951);
#12953=ORIENTED_EDGE('',*,*,#10813,.T.);
#12954=DIRECTION('',(0,0,1));
#12955=VECTOR('',#12954,2);
#12956=LINE('',#1600,#12955);
#12957=EDGE_CURVE('',#1601,#1869,#12956,.T.);
#12958=ORIENTED_EDGE('',*,*,#12957,.F.);
#12959=ORIENTED_EDGE('',*,*,#5027,.F.);
#12960=DIRECTION('',(0,0,1));
#12961=VECTOR('',#12960,2);
#12962=LINE('',#1542,#12961);
#12963=EDGE_CURVE('',#1543,#1811,#12962,.T.);
#12964=ORIENTED_EDGE('',*,*,#12963,.T.);
#12965=EDGE_LOOP('',(#12953,#12958,#12959,#12964));
#12966=FACE_OUTER_BOUND('',#12965,.T.);
#12967=ADVANCED_FACE('',(#12966),#12952,.T.);
#12968=DIRECTION('',(-0.653178,-0.757205,0));
#12969=DIRECTION('',(0,-0,-1));
#12970=AXIS2_PLACEMENT_3D('',#1542,#12968,#12969);
#12971=PLANE('',#12970);
#12972=ORIENTED_EDGE('',*,*,#5022,.T.);
#12973=DIRECTION('',(0,0,1));
#12974=VECTOR('',#12973,2);
#12975=LINE('',#1546,#12974);
#12976=EDGE_CURVE('',#1547,#1815,#12975,.T.);
#12977=ORIENTED_EDGE('',*,*,#12976,.T.);
#12978=ORIENTED_EDGE('',*,*,#10818,.F.);
#12979=ORIENTED_EDGE('',*,*,#12963,.F.);
#12980=EDGE_LOOP('',(#12972,#12977,#12978,#12979));
#12981=FACE_OUTER_BOUND('',#12980,.T.);
#12982=ADVANCED_FACE('',(#12981),#12971,.T.);
#12983=DIRECTION('',(-0.757194,-0.65319,0));
#12984=DIRECTION('',(0,-0,-1));
#12985=AXIS2_PLACEMENT_3D('',#1852,#12983,#12984);
#12986=PLANE('',#12985);
#12987=ORIENTED_EDGE('',*,*,#10833,.F.);
#12988=DIRECTION('',(0,0,1));
#12989=VECTOR('',#12988,2);
#12990=LINE('',#1548,#12989);
#12991=EDGE_CURVE('',#1549,#1817,#12990,.T.);
#12992=ORIENTED_EDGE('',*,*,#12991,.F.);
#12993=ORIENTED_EDGE('',*,*,#5007,.T.);
#12994=DIRECTION('',(0,0,1));
#12995=VECTOR('',#12994,2);
#12996=LINE('',#1586,#12995);
#12997=EDGE_CURVE('',#1587,#1853,#12996,.T.);
#12998=ORIENTED_EDGE('',*,*,#12997,.T.);
#12999=EDGE_LOOP('',(#12987,#12992,#12993,#12998));
#13000=FACE_OUTER_BOUND('',#12999,.T.);
#13001=ADVANCED_FACE('',(#13000),#12986,.T.);
#13002=DIRECTION('',(-0.689566,-0.724223,0));
#13003=DIRECTION('',(0,-0,-1));
#13004=AXIS2_PLACEMENT_3D('',#1812,#13002,#13003);
#13005=PLANE('',#13004);
#13006=ORIENTED_EDGE('',*,*,#10823,.T.);
#13007=ORIENTED_EDGE('',*,*,#12976,.F.);
#13008=ORIENTED_EDGE('',*,*,#5017,.F.);
#13009=DIRECTION('',(0,0,1));
#13010=VECTOR('',#13009,2);
#13011=LINE('',#1544,#13010);
#13012=EDGE_CURVE('',#1545,#1813,#13011,.T.);
#13013=ORIENTED_EDGE('',*,*,#13012,.T.);
#13014=EDGE_LOOP('',(#13006,#13007,#13008,#13013));
#13015=FACE_OUTER_BOUND('',#13014,.T.);
#13016=ADVANCED_FACE('',(#13015),#13005,.T.);
#13017=DIRECTION('',(-0.724237,-0.689551,0));
#13018=DIRECTION('',(0,-0,-1));
#13019=AXIS2_PLACEMENT_3D('',#1812,#13017,#13018);
#13020=PLANE('',#13019);
#13021=ORIENTED_EDGE('',*,*,#13012,.F.);
#13022=ORIENTED_EDGE('',*,*,#5012,.T.);
#13023=ORIENTED_EDGE('',*,*,#12991,.T.);
#13024=ORIENTED_EDGE('',*,*,#10828,.F.);
#13025=EDGE_LOOP('',(#13021,#13022,#13023,#13024));
#13026=FACE_OUTER_BOUND('',#13025,.T.);
#13027=ADVANCED_FACE('',(#13026),#13020,.T.);
#13028=DIRECTION('',(-0.9757,0.219112,0));
#13029=DIRECTION('',(0,-0,1));
#13030=AXIS2_PLACEMENT_3D('',#1820,#13028,#13029);
#13031=PLANE('',#13030);
#13032=DIRECTION('',(0,0,1));
#13033=VECTOR('',#13032,2);
#13034=LINE('',#1552,#13033);
#13035=EDGE_CURVE('',#1553,#1821,#13034,.T.);
#13036=ORIENTED_EDGE('',*,*,#13035,.F.);
#13037=ORIENTED_EDGE('',*,*,#4912,.F.);
#13038=ORIENTED_EDGE('',*,*,#12944,.T.);
#13039=ORIENTED_EDGE('',*,*,#10928,.T.);
#13040=EDGE_LOOP('',(#13036,#13037,#13038,#13039));
#13041=FACE_OUTER_BOUND('',#13040,.T.);
#13042=ADVANCED_FACE('',(#13041),#13031,.T.);
#13043=DIRECTION('',(-0.985278,0.170958,0));
#13044=DIRECTION('',(0,-0,1));
#13045=AXIS2_PLACEMENT_3D('',#1820,#13043,#13044);
#13046=PLANE('',#13045);
#13047=ORIENTED_EDGE('',*,*,#10923,.T.);
#13048=DIRECTION('',(0,0,1));
#13049=VECTOR('',#13048,2);
#13050=LINE('',#1554,#13049);
#13051=EDGE_CURVE('',#1555,#1823,#13050,.T.);
#13052=ORIENTED_EDGE('',*,*,#13051,.F.);
#13053=ORIENTED_EDGE('',*,*,#4917,.F.);
#13054=ORIENTED_EDGE('',*,*,#13035,.T.);
#13055=EDGE_LOOP('',(#13047,#13052,#13053,#13054));
#13056=FACE_OUTER_BOUND('',#13055,.T.);
#13057=ADVANCED_FACE('',(#13056),#13046,.T.);
#13058=DIRECTION('',(-0.992478,0.122419,0));
#13059=DIRECTION('',(0,-0,1));
#13060=AXIS2_PLACEMENT_3D('',#1556,#13058,#13059);
#13061=PLANE('',#13060);
#13062=ORIENTED_EDGE('',*,*,#4922,.F.);
#13063=ORIENTED_EDGE('',*,*,#13051,.T.);
#13064=ORIENTED_EDGE('',*,*,#10918,.T.);
#13065=DIRECTION('',(0,0,1));
#13066=VECTOR('',#13065,2);
#13067=LINE('',#1556,#13066);
#13068=EDGE_CURVE('',#1557,#1825,#13067,.T.);
#13069=ORIENTED_EDGE('',*,*,#13068,.F.);
#13070=EDGE_LOOP('',(#13062,#13063,#13064,#13069));
#13071=FACE_OUTER_BOUND('',#13070,.T.);
#13072=ADVANCED_FACE('',(#13071),#13061,.T.);
#13073=DIRECTION('',(-0.997292,0.073542,0));
#13074=DIRECTION('',(0,-0,1));
#13075=AXIS2_PLACEMENT_3D('',#1556,#13073,#13074);
#13076=PLANE('',#13075);
#13077=ORIENTED_EDGE('',*,*,#13068,.T.);
#13078=ORIENTED_EDGE('',*,*,#10913,.T.);
#13079=DIRECTION('',(0,0,1));
#13080=VECTOR('',#13079,2);
#13081=LINE('',#1558,#13080);
#13082=EDGE_CURVE('',#1559,#1827,#13081,.T.);
#13083=ORIENTED_EDGE('',*,*,#13082,.F.);
#13084=ORIENTED_EDGE('',*,*,#4927,.F.);
#13085=EDGE_LOOP('',(#13077,#13078,#13083,#13084));
#13086=FACE_OUTER_BOUND('',#13085,.T.);
#13087=ADVANCED_FACE('',(#13086),#13076,.T.);
#13088=DIRECTION('',(-0.999698,0.024555,0));
#13089=DIRECTION('',(0,-0,1));
#13090=AXIS2_PLACEMENT_3D('',#1826,#13088,#13089);
#13091=PLANE('',#13090);
#13092=ORIENTED_EDGE('',*,*,#10908,.T.);
#13093=DIRECTION('',(0,0,1));
#13094=VECTOR('',#13093,2);
#13095=LINE('',#1560,#13094);
#13096=EDGE_CURVE('',#1561,#1829,#13095,.T.);
#13097=ORIENTED_EDGE('',*,*,#13096,.F.);
#13098=ORIENTED_EDGE('',*,*,#4932,.F.);
#13099=ORIENTED_EDGE('',*,*,#13082,.T.);
#13100=EDGE_LOOP('',(#13092,#13097,#13098,#13099));
#13101=FACE_OUTER_BOUND('',#13100,.T.);
#13102=ADVANCED_FACE('',(#13101),#13091,.T.);
#13103=DIRECTION('',(-0.999698,-0.024555,0));
#13104=DIRECTION('',(0,-0,1));
#13105=AXIS2_PLACEMENT_3D('',#1830,#13103,#13104);
#13106=PLANE('',#13105);
#13107=DIRECTION('',(0,0,1));
#13108=VECTOR('',#13107,2);
#13109=LINE('',#1562,#13108);
#13110=EDGE_CURVE('',#1563,#1831,#13109,.T.);
#13111=ORIENTED_EDGE('',*,*,#13110,.F.);
#13112=ORIENTED_EDGE('',*,*,#4937,.F.);
#13113=ORIENTED_EDGE('',*,*,#13096,.T.);
#13114=ORIENTED_EDGE('',*,*,#10903,.T.);
#13115=EDGE_LOOP('',(#13111,#13112,#13113,#13114));
#13116=FACE_OUTER_BOUND('',#13115,.T.);
#13117=ADVANCED_FACE('',(#13116),#13106,.T.);
#13118=DIRECTION('',(-0.997292,-0.073542,0));
#13119=DIRECTION('',(0,-0,1));
#13120=AXIS2_PLACEMENT_3D('',#1562,#13118,#13119);
#13121=PLANE('',#13120);
#13122=ORIENTED_EDGE('',*,*,#13110,.T.);
#13123=ORIENTED_EDGE('',*,*,#10898,.T.);
#13124=DIRECTION('',(0,0,1));
#13125=VECTOR('',#13124,2);
#13126=LINE('',#1564,#13125);
#13127=EDGE_CURVE('',#1565,#1833,#13126,.T.);
#13128=ORIENTED_EDGE('',*,*,#13127,.F.);
#13129=ORIENTED_EDGE('',*,*,#4942,.F.);
#13130=EDGE_LOOP('',(#13122,#13123,#13128,#13129));
#13131=FACE_OUTER_BOUND('',#13130,.T.);
#13132=ADVANCED_FACE('',(#13131),#13121,.T.);
#13133=DIRECTION('',(-0.992477,-0.122433,0));
#13134=DIRECTION('',(0,-0,1));
#13135=AXIS2_PLACEMENT_3D('',#1834,#13133,#13134);
#13136=PLANE('',#13135);
#13137=DIRECTION('',(0,0,1));
#13138=VECTOR('',#13137,2);
#13139=LINE('',#1566,#13138);
#13140=EDGE_CURVE('',#1567,#1835,#13139,.T.);
#13141=ORIENTED_EDGE('',*,*,#13140,.F.);
#13142=ORIENTED_EDGE('',*,*,#4947,.F.);
#13143=ORIENTED_EDGE('',*,*,#13127,.T.);
#13144=ORIENTED_EDGE('',*,*,#10893,.T.);
#13145=EDGE_LOOP('',(#13141,#13142,#13143,#13144));
#13146=FACE_OUTER_BOUND('',#13145,.T.);
#13147=ADVANCED_FACE('',(#13146),#13136,.T.);
#13148=DIRECTION('',(-0.985282,-0.170939,0));
#13149=DIRECTION('',(0,-0,1));
#13150=AXIS2_PLACEMENT_3D('',#1838,#13148,#13149);
#13151=PLANE('',#13150);
#13152=DIRECTION('',(0,0,1));
#13153=VECTOR('',#13152,2);
#13154=LINE('',#1570,#13153);
#13155=EDGE_CURVE('',#1571,#1839,#13154,.T.);
#13156=ORIENTED_EDGE('',*,*,#13155,.F.);
#13157=ORIENTED_EDGE('',*,*,#4952,.F.);
#13158=ORIENTED_EDGE('',*,*,#13140,.T.);
#13159=ORIENTED_EDGE('',*,*,#10888,.T.);
#13160=EDGE_LOOP('',(#13156,#13157,#13158,#13159));
#13161=FACE_OUTER_BOUND('',#13160,.T.);
#13162=ADVANCED_FACE('',(#13161),#13151,.T.);
#13163=DIRECTION('',(-0.9757,-0.219112,0));
#13164=DIRECTION('',(0,-0,1));
#13165=AXIS2_PLACEMENT_3D('',#1570,#13163,#13164);
#13166=PLANE('',#13165);
#13167=ORIENTED_EDGE('',*,*,#13155,.T.);
#13168=ORIENTED_EDGE('',*,*,#10883,.F.);
#13169=DIRECTION('',(0,0,1));
#13170=VECTOR('',#13169,2);
#13171=LINE('',#1568,#13170);
#13172=EDGE_CURVE('',#1569,#1837,#13171,.T.);
#13173=ORIENTED_EDGE('',*,*,#13172,.F.);
#13174=ORIENTED_EDGE('',*,*,#4957,.T.);
#13175=EDGE_LOOP('',(#13167,#13168,#13173,#13174));
#13176=FACE_OUTER_BOUND('',#13175,.T.);
#13177=ADVANCED_FACE('',(#13176),#13166,.T.);
#13178=DIRECTION('',(-0.963777,-0.266708,0));
#13179=DIRECTION('',(0,-0,1));
#13180=AXIS2_PLACEMENT_3D('',#1836,#13178,#13179);
#13181=PLANE('',#13180);
#13182=ORIENTED_EDGE('',*,*,#10878,.T.);
#13183=DIRECTION('',(0,0,1));
#13184=VECTOR('',#13183,2);
#13185=LINE('',#1574,#13184);
#13186=EDGE_CURVE('',#1575,#1843,#13185,.T.);
#13187=ORIENTED_EDGE('',*,*,#13186,.F.);
#13188=ORIENTED_EDGE('',*,*,#4962,.F.);
#13189=ORIENTED_EDGE('',*,*,#13172,.T.);
#13190=EDGE_LOOP('',(#13182,#13187,#13188,#13189));
#13191=FACE_OUTER_BOUND('',#13190,.T.);
#13192=ADVANCED_FACE('',(#13191),#13181,.T.);
#13193=DIRECTION('',(-0.949526,-0.313688,0));
#13194=DIRECTION('',(0,-0,1));
#13195=AXIS2_PLACEMENT_3D('',#1574,#13193,#13194);
#13196=PLANE('',#13195);
#13197=ORIENTED_EDGE('',*,*,#13186,.T.);
#13198=ORIENTED_EDGE('',*,*,#10873,.T.);
#13199=DIRECTION('',(0,0,1));
#13200=VECTOR('',#13199,2);
#13201=LINE('',#1576,#13200);
#13202=EDGE_CURVE('',#1577,#1845,#13201,.T.);
#13203=ORIENTED_EDGE('',*,*,#13202,.F.);
#13204=ORIENTED_EDGE('',*,*,#4967,.F.);
#13205=EDGE_LOOP('',(#13197,#13198,#13203,#13204));
#13206=FACE_OUTER_BOUND('',#13205,.T.);
#13207=ADVANCED_FACE('',(#13206),#13196,.T.);
#13208=DIRECTION('',(-0.932999,-0.359878,0));
#13209=DIRECTION('',(0,-0,1));
#13210=AXIS2_PLACEMENT_3D('',#1844,#13208,#13209);
#13211=PLANE('',#13210);
#13212=ORIENTED_EDGE('',*,*,#10868,.T.);
#13213=DIRECTION('',(0,0,1));
#13214=VECTOR('',#13213,2);
#13215=LINE('',#1578,#13214);
#13216=EDGE_CURVE('',#1579,#1847,#13215,.T.);
#13217=ORIENTED_EDGE('',*,*,#13216,.F.);
#13218=ORIENTED_EDGE('',*,*,#4972,.F.);
#13219=ORIENTED_EDGE('',*,*,#13202,.T.);
#13220=EDGE_LOOP('',(#13212,#13217,#13218,#13219));
#13221=FACE_OUTER_BOUND('',#13220,.T.);
#13222=ADVANCED_FACE('',(#13221),#13211,.T.);
#13223=DIRECTION('',(-0.893215,-0.44963,0));
#13224=DIRECTION('',(0,-0,-1));
#13225=AXIS2_PLACEMENT_3D('',#1848,#13223,#13224);
#13226=PLANE('',#13225);
#13227=ORIENTED_EDGE('',*,*,#10858,.T.);
#13228=DIRECTION('',(0,0,1));
#13229=VECTOR('',#13228,2);
#13230=LINE('',#1582,#13229);
#13231=EDGE_CURVE('',#1583,#1851,#13230,.T.);
#13232=ORIENTED_EDGE('',*,*,#13231,.F.);
#13233=ORIENTED_EDGE('',*,*,#4982,.F.);
#13234=DIRECTION('',(0,0,1));
#13235=VECTOR('',#13234,2);
#13236=LINE('',#1580,#13235);
#13237=EDGE_CURVE('',#1581,#1849,#13236,.T.);
#13238=ORIENTED_EDGE('',*,*,#13237,.T.);
#13239=EDGE_LOOP('',(#13227,#13232,#13233,#13238));
#13240=FACE_OUTER_BOUND('',#13239,.T.);
#13241=ADVANCED_FACE('',(#13240),#13226,.T.);
#13242=DIRECTION('',(-0.870099,-0.492877,0));
#13243=DIRECTION('',(0,-0,-1));
#13244=AXIS2_PLACEMENT_3D('',#1840,#13242,#13243);
#13245=PLANE('',#13244);
#13246=DIRECTION('',(0,0,1));
#13247=VECTOR('',#13246,2);
#13248=LINE('',#1572,#13247);
#13249=EDGE_CURVE('',#1573,#1841,#13248,.T.);
#13250=ORIENTED_EDGE('',*,*,#13249,.F.);
#13251=ORIENTED_EDGE('',*,*,#4987,.T.);
#13252=ORIENTED_EDGE('',*,*,#13231,.T.);
#13253=ORIENTED_EDGE('',*,*,#10853,.F.);
#13254=EDGE_LOOP('',(#13250,#13251,#13252,#13253));
#13255=FACE_OUTER_BOUND('',#13254,.T.);
#13256=ADVANCED_FACE('',(#13255),#13245,.T.);
#13257=DIRECTION('',(-0.914202,-0.40526,0));
#13258=DIRECTION('',(0,-0,1));
#13259=AXIS2_PLACEMENT_3D('',#1848,#13257,#13258);
#13260=PLANE('',#13259);
#13261=ORIENTED_EDGE('',*,*,#13237,.F.);
#13262=ORIENTED_EDGE('',*,*,#4977,.F.);
#13263=ORIENTED_EDGE('',*,*,#13216,.T.);
#13264=ORIENTED_EDGE('',*,*,#10863,.T.);
#13265=EDGE_LOOP('',(#13261,#13262,#13263,#13264));
#13266=FACE_OUTER_BOUND('',#13265,.T.);
#13267=ADVANCED_FACE('',(#13266),#13260,.T.);
#13268=DIRECTION('',(-0.788358,-0.615217,0));
#13269=DIRECTION('',(0,-0,-1));
#13270=AXIS2_PLACEMENT_3D('',#1584,#13268,#13269);
#13271=PLANE('',#13270);
#13272=DIRECTION('',(0,0,1));
#13273=VECTOR('',#13272,2);
#13274=LINE('',#1584,#13273);
#13275=EDGE_CURVE('',#1585,#1855,#13274,.T.);
#13276=ORIENTED_EDGE('',*,*,#13275,.T.);
#13277=ORIENTED_EDGE('',*,*,#10838,.F.);
#13278=ORIENTED_EDGE('',*,*,#12997,.F.);
#13279=ORIENTED_EDGE('',*,*,#5002,.F.);
#13280=EDGE_LOOP('',(#13276,#13277,#13278,#13279));
#13281=FACE_OUTER_BOUND('',#13280,.T.);
#13282=ADVANCED_FACE('',(#13281),#13271,.T.);
#13283=DIRECTION('',(-0.844833,-0.53503,0));
#13284=DIRECTION('',(0,-0,-1));
#13285=AXIS2_PLACEMENT_3D('',#1572,#13283,#13284);
#13286=PLANE('',#13285);
#13287=ORIENTED_EDGE('',*,*,#13249,.T.);
#13288=ORIENTED_EDGE('',*,*,#10848,.T.);
#13289=DIRECTION('',(0,0,1));
#13290=VECTOR('',#13289,2);
#13291=LINE('',#1588,#13290);
#13292=EDGE_CURVE('',#1589,#1857,#13291,.T.);
#13293=ORIENTED_EDGE('',*,*,#13292,.F.);
#13294=ORIENTED_EDGE('',*,*,#4992,.F.);
#13295=EDGE_LOOP('',(#13287,#13288,#13293,#13294));
#13296=FACE_OUTER_BOUND('',#13295,.T.);
#13297=ADVANCED_FACE('',(#13296),#13286,.T.);
#13298=DIRECTION('',(-0.81759,-0.575801,0));
#13299=DIRECTION('',(0,-0,-1));
#13300=AXIS2_PLACEMENT_3D('',#1854,#13298,#13299);
#13301=PLANE('',#13300);
#13302=ORIENTED_EDGE('',*,*,#13275,.F.);
#13303=ORIENTED_EDGE('',*,*,#4997,.T.);
#13304=ORIENTED_EDGE('',*,*,#13292,.T.);
#13305=ORIENTED_EDGE('',*,*,#10843,.F.);
#13306=EDGE_LOOP('',(#13302,#13303,#13304,#13305));
#13307=FACE_OUTER_BOUND('',#13306,.T.);
#13308=ADVANCED_FACE('',(#13307),#13301,.T.);
#13309=DIRECTION('',(-0.405284,-0.914191,0));
#13310=DIRECTION('',(0,-0,-1));
#13311=AXIS2_PLACEMENT_3D('',#1592,#13309,#13310);
#13312=PLANE('',#13311);
#13313=DIRECTION('',(0,0,1));
#13314=VECTOR('',#13313,2);
#13315=LINE('',#1592,#13314);
#13316=EDGE_CURVE('',#1593,#1861,#13315,.T.);
#13317=ORIENTED_EDGE('',*,*,#13316,.T.);
#13318=ORIENTED_EDGE('',*,*,#10788,.F.);
#13319=ORIENTED_EDGE('',*,*,#12658,.F.);
#13320=ORIENTED_EDGE('',*,*,#5052,.T.);
#13321=EDGE_LOOP('',(#13317,#13318,#13319,#13320));
#13322=FACE_OUTER_BOUND('',#13321,.T.);
#13323=ADVANCED_FACE('',(#13322),#13312,.T.);
#13324=DIRECTION('',(-0.44963,-0.893215,0));
#13325=DIRECTION('',(0,-0,-1));
#13326=AXIS2_PLACEMENT_3D('',#1864,#13324,#13325);
#13327=PLANE('',#13326);
#13328=ORIENTED_EDGE('',*,*,#10793,.F.);
#13329=ORIENTED_EDGE('',*,*,#13316,.F.);
#13330=ORIENTED_EDGE('',*,*,#5047,.T.);
#13331=DIRECTION('',(0,0,1));
#13332=VECTOR('',#13331,2);
#13333=LINE('',#1596,#13332);
#13334=EDGE_CURVE('',#1597,#1865,#13333,.T.);
#13335=ORIENTED_EDGE('',*,*,#13334,.T.);
#13336=EDGE_LOOP('',(#13328,#13329,#13330,#13335));
#13337=FACE_OUTER_BOUND('',#13336,.T.);
#13338=ADVANCED_FACE('',(#13337),#13327,.T.);
#13339=DIRECTION('',(-0.492824,-0.870129,0));
#13340=DIRECTION('',(0,-0,-1));
#13341=AXIS2_PLACEMENT_3D('',#1864,#13339,#13340);
#13342=PLANE('',#13341);
#13343=ORIENTED_EDGE('',*,*,#13334,.F.);
#13344=ORIENTED_EDGE('',*,*,#5042,.F.);
#13345=DIRECTION('',(0,0,1));
#13346=VECTOR('',#13345,2);
#13347=LINE('',#1594,#13346);
#13348=EDGE_CURVE('',#1595,#1863,#13347,.T.);
#13349=ORIENTED_EDGE('',*,*,#13348,.T.);
#13350=ORIENTED_EDGE('',*,*,#10798,.T.);
#13351=EDGE_LOOP('',(#13343,#13344,#13349,#13350));
#13352=FACE_OUTER_BOUND('',#13351,.T.);
#13353=ADVANCED_FACE('',(#13352),#13342,.T.);
#13354=DIRECTION('',(-0.535045,-0.844823,0));
#13355=DIRECTION('',(0,-0,-1));
#13356=AXIS2_PLACEMENT_3D('',#1598,#13354,#13355);
#13357=PLANE('',#13356);
#13358=DIRECTION('',(0,0,1));
#13359=VECTOR('',#13358,2);
#13360=LINE('',#1598,#13359);
#13361=EDGE_CURVE('',#1599,#1867,#13360,.T.);
#13362=ORIENTED_EDGE('',*,*,#13361,.T.);
#13363=ORIENTED_EDGE('',*,*,#10803,.F.);
#13364=ORIENTED_EDGE('',*,*,#13348,.F.);
#13365=ORIENTED_EDGE('',*,*,#5037,.T.);
#13366=EDGE_LOOP('',(#13362,#13363,#13364,#13365));
#13367=FACE_OUTER_BOUND('',#13366,.T.);
#13368=ADVANCED_FACE('',(#13367),#13357,.T.);
#13369=DIRECTION('',(-0.575815,-0.81758,0));
#13370=DIRECTION('',(0,-0,-1));
#13371=AXIS2_PLACEMENT_3D('',#1600,#13369,#13370);
#13372=PLANE('',#13371);
#13373=ORIENTED_EDGE('',*,*,#12957,.T.);
#13374=ORIENTED_EDGE('',*,*,#10808,.F.);
#13375=ORIENTED_EDGE('',*,*,#13361,.F.);
#13376=ORIENTED_EDGE('',*,*,#5032,.T.);
#13377=EDGE_LOOP('',(#13373,#13374,#13375,#13376));
#13378=FACE_OUTER_BOUND('',#13377,.T.);
#13379=ADVANCED_FACE('',(#13378),#13372,.T.);
#13380=DIRECTION('',(1,0,0));
#13381=DIRECTION('',(0,0,-1));
#13382=AXIS2_PLACEMENT_3D('',#1926,#13380,#13381);
#13383=PLANE('',#13382);
#13384=DIRECTION('',(0,0,1));
#13385=VECTOR('',#13384,3);
#13386=LINE('',#1604,#13385);
#13387=EDGE_CURVE('',#1605,#1927,#13386,.T.);
#13388=ORIENTED_EDGE('',*,*,#13387,.F.);
#13389=ORIENTED_EDGE('',*,*,#10566,.T.);
#13390=DIRECTION('',(0,0,1));
#13391=VECTOR('',#13390,3);
#13392=LINE('',#1606,#13391);
#13393=EDGE_CURVE('',#1607,#1929,#13392,.T.);
#13394=ORIENTED_EDGE('',*,*,#13393,.T.);
#13395=ORIENTED_EDGE('',*,*,#5914,.F.);
#13396=EDGE_LOOP('',(#13388,#13389,#13394,#13395));
#13397=FACE_OUTER_BOUND('',#13396,.T.);
#13398=ADVANCED_FACE('',(#13397),#13383,.T.);
#13399=DIRECTION('',(0.500002,0.866024,-0));
#13400=DIRECTION('',(-0,0,1));
#13401=AXIS2_PLACEMENT_3D('',#1644,#13399,#13400);
#13402=PLANE('',#13401);
#13403=ORIENTED_EDGE('',*,*,#10571,.F.);
#13404=ORIENTED_EDGE('',*,*,#13387,.T.);
#13405=ORIENTED_EDGE('',*,*,#5939,.T.);
#13406=DIRECTION('',(0,0,1));
#13407=VECTOR('',#13406,3);
#13408=LINE('',#1644,#13407);
#13409=EDGE_CURVE('',#1645,#1931,#13408,.T.);
#13410=ORIENTED_EDGE('',*,*,#13409,.F.);
#13411=EDGE_LOOP('',(#13403,#13404,#13405,#13410));
#13412=FACE_OUTER_BOUND('',#13411,.T.);
#13413=ADVANCED_FACE('',(#13412),#13402,.T.);
#13414=DIRECTION('',(0.499999,-0.866026,0));
#13415=DIRECTION('',(0,0,-1));
#13416=AXIS2_PLACEMENT_3D('',#1768,#13414,#13415);
#13417=PLANE('',#13416);
#13418=DIRECTION('',(0,0,1));
#13419=VECTOR('',#13418,3);
#13420=LINE('',#1768,#13419);
#13421=EDGE_CURVE('',#1769,#1933,#13420,.T.);
#13422=ORIENTED_EDGE('',*,*,#13421,.T.);
#13423=ORIENTED_EDGE('',*,*,#5919,.F.);
#13424=ORIENTED_EDGE('',*,*,#13393,.F.);
#13425=ORIENTED_EDGE('',*,*,#10561,.T.);
#13426=EDGE_LOOP('',(#13422,#13423,#13424,#13425));
#13427=FACE_OUTER_BOUND('',#13426,.T.);
#13428=ADVANCED_FACE('',(#13427),#13417,.T.);
#13429=DIRECTION('',(-0.500002,0.866024,0));
#13430=DIRECTION('',(0,-0,1));
#13431=AXIS2_PLACEMENT_3D('',#1942,#13429,#13430);
#13432=PLANE('',#13431);
#13433=DIRECTION('',(0,0,1));
#13434=VECTOR('',#13433,3);
#13435=LINE('',#1808,#13434);
#13436=EDGE_CURVE('',#1809,#1943,#13435,.T.);
#13437=ORIENTED_EDGE('',*,*,#13436,.F.);
#13438=ORIENTED_EDGE('',*,*,#10546,.F.);
#13439=ORIENTED_EDGE('',*,*,#13409,.T.);
#13440=ORIENTED_EDGE('',*,*,#5934,.T.);
#13441=EDGE_LOOP('',(#13437,#13438,#13439,#13440));
#13442=FACE_OUTER_BOUND('',#13441,.T.);
#13443=ADVANCED_FACE('',(#13442),#13432,.T.);
#13444=DIRECTION('',(-1,0,0));
#13445=DIRECTION('',(0,-0,1));
#13446=AXIS2_PLACEMENT_3D('',#1808,#13444,#13445);
#13447=PLANE('',#13446);
#13448=ORIENTED_EDGE('',*,*,#13436,.T.);
#13449=ORIENTED_EDGE('',*,*,#5929,.T.);
#13450=DIRECTION('',(0,0,1));
#13451=VECTOR('',#13450,3);
#13452=LINE('',#1870,#13451);
#13453=EDGE_CURVE('',#1871,#1945,#13452,.T.);
#13454=ORIENTED_EDGE('',*,*,#13453,.F.);
#13455=ORIENTED_EDGE('',*,*,#10551,.F.);
#13456=EDGE_LOOP('',(#13448,#13449,#13454,#13455));
#13457=FACE_OUTER_BOUND('',#13456,.T.);
#13458=ADVANCED_FACE('',(#13457),#13447,.T.);
#13459=DIRECTION('',(-0.499999,-0.866026,0));
#13460=DIRECTION('',(0,-0,-1));
#13461=AXIS2_PLACEMENT_3D('',#1932,#13459,#13460);
#13462=PLANE('',#13461);
#13463=ORIENTED_EDGE('',*,*,#13421,.F.);
#13464=ORIENTED_EDGE('',*,*,#10556,.T.);
#13465=ORIENTED_EDGE('',*,*,#13453,.T.);
#13466=ORIENTED_EDGE('',*,*,#5924,.F.);
#13467=EDGE_LOOP('',(#13463,#13464,#13465,#13466));
#13468=FACE_OUTER_BOUND('',#13467,.T.);
#13469=ADVANCED_FACE('',(#13468),#13462,.T.);
#13470=DIRECTION('',(-1,0,0));
#13471=DIRECTION('',(0,-0,1));
#13472=AXIS2_PLACEMENT_3D('',#1936,#13470,#13471);
#13473=PLANE('',#13472);
#13474=ORIENTED_EDGE('',*,*,#11399,.T.);
#13475=ORIENTED_EDGE('',*,*,#11444,.F.);
#13476=ORIENTED_EDGE('',*,*,#5875,.F.);
#13477=ORIENTED_EDGE('',*,*,#11362,.T.);
#13478=EDGE_LOOP('',(#13474,#13475,#13476,#13477));
#13479=FACE_OUTER_BOUND('',#13478,.T.);
#13480=ADVANCED_FACE('',(#13479),#13473,.T.);
#13481=DIRECTION('',(1,0,0));
#13482=DIRECTION('',(0,0,-1));
#13483=AXIS2_PLACEMENT_3D('',#1954,#13481,#13482);
#13484=PLANE('',#13483);
#13485=ORIENTED_EDGE('',*,*,#11405,.F.);
#13486=ORIENTED_EDGE('',*,*,#11368,.F.);
#13487=ORIENTED_EDGE('',*,*,#5865,.T.);
#13488=ORIENTED_EDGE('',*,*,#11438,.T.);
#13489=EDGE_LOOP('',(#13485,#13486,#13487,#13488));
#13490=FACE_OUTER_BOUND('',#13489,.T.);
#13491=ADVANCED_FACE('',(#13490),#13484,.T.);
#13492=DIRECTION('',(-1,0,0));
#13493=DIRECTION('',(0,-0,1));
#13494=AXIS2_PLACEMENT_3D('',#1186,#13492,#13493);
#13495=PLANE('',#13494);
#13496=ORIENTED_EDGE('',*,*,#2589,.F.);
#13497=ORIENTED_EDGE('',*,*,#5723,.T.);
#13498=DIRECTION('',(0,1,0));
#13499=VECTOR('',#13498,67);
#13500=LINE('',#590,#13499);
#13501=EDGE_CURVE('',#591,#1189,#13500,.T.);
#13502=ORIENTED_EDGE('',*,*,#13501,.T.);
#13503=DIRECTION('',(0,0,1));
#13504=VECTOR('',#13503,0.75);
#13505=LINE('',#1186,#13504);
#13506=EDGE_CURVE('',#1187,#1189,#13505,.T.);
#13507=ORIENTED_EDGE('',*,*,#13506,.F.);
#13508=EDGE_LOOP('',(#13496,#13497,#13502,#13507));
#13509=FACE_OUTER_BOUND('',#13508,.T.);
#13510=ADVANCED_FACE('',(#13509),#13495,.T.);
#13511=DIRECTION('',(0,0,1));
#13512=DIRECTION('',(0,-1,0));
#13513=AXIS2_PLACEMENT_3D('',#1192,#13511,#13512);
#13514=PLANE('',#13513);
#13515=DIRECTION('',(1,0,0));
#13516=VECTOR('',#13515,17);
#13517=LINE('',#1188,#13516);
#13518=EDGE_CURVE('',#1189,#1193,#13517,.T.);
#13519=ORIENTED_EDGE('',*,*,#13518,.F.);
#13520=ORIENTED_EDGE('',*,*,#13501,.F.);
#13521=ORIENTED_EDGE('',*,*,#5718,.T.);
#13522=ORIENTED_EDGE('',*,*,#6459,.T.);
#13523=EDGE_LOOP('',(#13519,#13520,#13521,#13522));
#13524=FACE_OUTER_BOUND('',#13523,.T.);
#13525=DIRECTION('',(-0.932995,0.35989,0));
#13526=VECTOR('',#13525,0.166881);
#13527=LINE('',#976,#13526);
#13528=EDGE_CURVE('',#977,#981,#13527,.T.);
#13529=ORIENTED_EDGE('',*,*,#13528,.T.);
#13530=DIRECTION('',(0.914209,-0.405243,0));
#13531=VECTOR('',#13530,0.16688);
#13532=LINE('',#978,#13531);
#13533=EDGE_CURVE('',#979,#981,#13532,.T.);
#13534=ORIENTED_EDGE('',*,*,#13533,.F.);
#13535=DIRECTION('',(0.893196,-0.449667,0));
#13536=VECTOR('',#13535,0.166885);
#13537=LINE('',#974,#13536);
#13538=EDGE_CURVE('',#975,#979,#13537,.T.);
#13539=ORIENTED_EDGE('',*,*,#13538,.F.);
#13540=DIRECTION('',(0.870114,-0.492851,0));
#13541=VECTOR('',#13540,0.166876);
#13542=LINE('',#972,#13541);
#13543=EDGE_CURVE('',#973,#975,#13542,.T.);
#13544=ORIENTED_EDGE('',*,*,#13543,.F.);
#13545=DIRECTION('',(0.844816,-0.535057,0));
#13546=VECTOR('',#13545,0.166888);
#13547=LINE('',#968,#13546);
#13548=EDGE_CURVE('',#969,#973,#13547,.T.);
#13549=ORIENTED_EDGE('',*,*,#13548,.F.);
#13550=DIRECTION('',(-0.817559,0.575845,0));
#13551=VECTOR('',#13550,0.166885);
#13552=LINE('',#968,#13551);
#13553=EDGE_CURVE('',#969,#971,#13552,.T.);
#13554=ORIENTED_EDGE('',*,*,#13553,.T.);
#13555=DIRECTION('',(0.788372,-0.615199,0));
#13556=VECTOR('',#13555,0.166875);
#13557=LINE('',#966,#13556);
#13558=EDGE_CURVE('',#967,#971,#13557,.T.);
#13559=ORIENTED_EDGE('',*,*,#13558,.F.);
#13560=DIRECTION('',(0.757189,-0.653196,0));
#13561=VECTOR('',#13560,0.166885);
#13562=LINE('',#964,#13561);
#13563=EDGE_CURVE('',#965,#967,#13562,.T.);
#13564=ORIENTED_EDGE('',*,*,#13563,.F.);
#13565=DIRECTION('',(-0.724306,0.689478,0));
#13566=VECTOR('',#13565,0.166867);
#13567=LINE('',#964,#13566);
#13568=EDGE_CURVE('',#965,#991,#13567,.T.);
#13569=ORIENTED_EDGE('',*,*,#13568,.T.);
#13570=DIRECTION('',(0.689487,-0.724298,0));
#13571=VECTOR('',#13570,0.166893);
#13572=LINE('',#988,#13571);
#13573=EDGE_CURVE('',#989,#991,#13572,.T.);
#13574=ORIENTED_EDGE('',*,*,#13573,.F.);
#13575=DIRECTION('',(0.653232,-0.757158,0));
#13576=VECTOR('',#13575,0.166864);
#13577=LINE('',#934,#13576);
#13578=EDGE_CURVE('',#935,#989,#13577,.T.);
#13579=ORIENTED_EDGE('',*,*,#13578,.F.);
#13580=DIRECTION('',(-0.615229,0.788349,0));
#13581=VECTOR('',#13580,0.166882);
#13582=LINE('',#934,#13581);
#13583=EDGE_CURVE('',#935,#939,#13582,.T.);
#13584=ORIENTED_EDGE('',*,*,#13583,.T.);
#13585=DIRECTION('',(0.57579,-0.817597,0));
#13586=VECTOR('',#13585,0.166884);
#13587=LINE('',#936,#13586);
#13588=EDGE_CURVE('',#937,#939,#13587,.T.);
#13589=ORIENTED_EDGE('',*,*,#13588,.F.);
#13590=DIRECTION('',(0.534995,-0.844855,0));
#13591=VECTOR('',#13590,0.166882);
#13592=LINE('',#932,#13591);
#13593=EDGE_CURVE('',#933,#937,#13592,.T.);
#13594=ORIENTED_EDGE('',*,*,#13593,.F.);
#13595=DIRECTION('',(-0.492898,0.870087,0));
#13596=VECTOR('',#13595,0.166883);
#13597=LINE('',#932,#13596);
#13598=EDGE_CURVE('',#933,#943,#13597,.T.);
#13599=ORIENTED_EDGE('',*,*,#13598,.T.);
#13600=DIRECTION('',(0.449571,-0.893245,0));
#13601=VECTOR('',#13600,0.166895);
#13602=LINE('',#940,#13601);
#13603=EDGE_CURVE('',#941,#943,#13602,.T.);
#13604=ORIENTED_EDGE('',*,*,#13603,.F.);
#13605=DIRECTION('',(-0.405246,0.914208,0));
#13606=VECTOR('',#13605,0.166874);
#13607=LINE('',#940,#13606);
#13608=EDGE_CURVE('',#941,#945,#13607,.T.);
#13609=ORIENTED_EDGE('',*,*,#13608,.T.);
#13610=DIRECTION('',(0.359896,-0.932993,0));
#13611=VECTOR('',#13610,0.166883);
#13612=LINE('',#930,#13611);
#13613=EDGE_CURVE('',#931,#945,#13612,.T.);
#13614=ORIENTED_EDGE('',*,*,#13613,.F.);
#13615=DIRECTION('',(-0.313699,0.949522,0));
#13616=VECTOR('',#13615,0.16687);
#13617=LINE('',#930,#13616);
#13618=EDGE_CURVE('',#931,#951,#13617,.T.);
#13619=ORIENTED_EDGE('',*,*,#13618,.T.);
#13620=DIRECTION('',(0.266729,-0.963772,0));
#13621=VECTOR('',#13620,0.166873);
#13622=LINE('',#946,#13621);
#13623=EDGE_CURVE('',#947,#951,#13622,.T.);
#13624=ORIENTED_EDGE('',*,*,#13623,.F.);
#13625=DIRECTION('',(-0.219071,0.975709,0));
#13626=VECTOR('',#13625,0.166896);
#13627=LINE('',#946,#13626);
#13628=EDGE_CURVE('',#947,#949,#13627,.T.);
#13629=ORIENTED_EDGE('',*,*,#13628,.T.);
#13630=DIRECTION('',(-0.170956,0.985279,0));
#13631=VECTOR('',#13630,0.166885);
#13632=LINE('',#948,#13631);
#13633=EDGE_CURVE('',#949,#953,#13632,.T.);
#13634=ORIENTED_EDGE('',*,*,#13633,.T.);
#13635=DIRECTION('',(-0.122425,0.992478,0));
#13636=VECTOR('',#13635,0.166874);
#13637=LINE('',#952,#13636);
#13638=EDGE_CURVE('',#953,#955,#13637,.T.);
#13639=ORIENTED_EDGE('',*,*,#13638,.T.);
#13640=DIRECTION('',(-0.073567,0.99729,0));
#13641=VECTOR('',#13640,0.166865);
#13642=LINE('',#954,#13641);
#13643=EDGE_CURVE('',#955,#957,#13642,.T.);
#13644=ORIENTED_EDGE('',*,*,#13643,.T.);
#13645=DIRECTION('',(-0.024538,0.999699,0));
#13646=VECTOR('',#13645,0.16689);
#13647=LINE('',#956,#13646);
#13648=EDGE_CURVE('',#957,#959,#13647,.T.);
#13649=ORIENTED_EDGE('',*,*,#13648,.T.);
#13650=DIRECTION('',(0.024538,0.999699,0));
#13651=VECTOR('',#13650,0.16689);
#13652=LINE('',#958,#13651);
#13653=EDGE_CURVE('',#959,#961,#13652,.T.);
#13654=ORIENTED_EDGE('',*,*,#13653,.T.);
#13655=DIRECTION('',(0.073567,0.99729,0));
#13656=VECTOR('',#13655,0.166865);
#13657=LINE('',#960,#13656);
#13658=EDGE_CURVE('',#961,#963,#13657,.T.);
#13659=ORIENTED_EDGE('',*,*,#13658,.T.);
#13660=DIRECTION('',(0.122425,0.992478,0));
#13661=VECTOR('',#13660,0.166874);
#13662=LINE('',#962,#13661);
#13663=EDGE_CURVE('',#963,#993,#13662,.T.);
#13664=ORIENTED_EDGE('',*,*,#13663,.T.);
#13665=DIRECTION('',(0.170956,0.985279,0));
#13666=VECTOR('',#13665,0.166885);
#13667=LINE('',#992,#13666);
#13668=EDGE_CURVE('',#993,#995,#13667,.T.);
#13669=ORIENTED_EDGE('',*,*,#13668,.T.);
#13670=DIRECTION('',(0.219071,0.975709,0));
#13671=VECTOR('',#13670,0.166896);
#13672=LINE('',#994,#13671);
#13673=EDGE_CURVE('',#995,#997,#13672,.T.);
#13674=ORIENTED_EDGE('',*,*,#13673,.T.);
#13675=DIRECTION('',(0.266729,0.963772,0));
#13676=VECTOR('',#13675,0.166873);
#13677=LINE('',#996,#13676);
#13678=EDGE_CURVE('',#997,#999,#13677,.T.);
#13679=ORIENTED_EDGE('',*,*,#13678,.T.);
#13680=DIRECTION('',(0.313699,0.949522,0));
#13681=VECTOR('',#13680,0.16687);
#13682=LINE('',#998,#13681);
#13683=EDGE_CURVE('',#999,#1001,#13682,.T.);
#13684=ORIENTED_EDGE('',*,*,#13683,.T.);
#13685=DIRECTION('',(0.359896,0.932993,0));
#13686=VECTOR('',#13685,0.166883);
#13687=LINE('',#1000,#13686);
#13688=EDGE_CURVE('',#1001,#1003,#13687,.T.);
#13689=ORIENTED_EDGE('',*,*,#13688,.T.);
#13690=DIRECTION('',(0.405246,0.914208,0));
#13691=VECTOR('',#13690,0.166874);
#13692=LINE('',#1002,#13691);
#13693=EDGE_CURVE('',#1003,#1005,#13692,.T.);
#13694=ORIENTED_EDGE('',*,*,#13693,.T.);
#13695=DIRECTION('',(0.449571,0.893245,0));
#13696=VECTOR('',#13695,0.166895);
#13697=LINE('',#1004,#13696);
#13698=EDGE_CURVE('',#1005,#1007,#13697,.T.);
#13699=ORIENTED_EDGE('',*,*,#13698,.T.);
#13700=DIRECTION('',(0.492898,0.870087,0));
#13701=VECTOR('',#13700,0.166883);
#13702=LINE('',#1006,#13701);
#13703=EDGE_CURVE('',#1007,#1009,#13702,.T.);
#13704=ORIENTED_EDGE('',*,*,#13703,.T.);
#13705=DIRECTION('',(0.534995,0.844855,0));
#13706=VECTOR('',#13705,0.166882);
#13707=LINE('',#1008,#13706);
#13708=EDGE_CURVE('',#1009,#1011,#13707,.T.);
#13709=ORIENTED_EDGE('',*,*,#13708,.T.);
#13710=DIRECTION('',(0.57579,0.817597,0));
#13711=VECTOR('',#13710,0.166884);
#13712=LINE('',#1010,#13711);
#13713=EDGE_CURVE('',#1011,#1013,#13712,.T.);
#13714=ORIENTED_EDGE('',*,*,#13713,.T.);
#13715=DIRECTION('',(0.615229,0.788349,0));
#13716=VECTOR('',#13715,0.166882);
#13717=LINE('',#1012,#13716);
#13718=EDGE_CURVE('',#1013,#1015,#13717,.T.);
#13719=ORIENTED_EDGE('',*,*,#13718,.T.);
#13720=DIRECTION('',(0.653232,0.757158,0));
#13721=VECTOR('',#13720,0.166864);
#13722=LINE('',#1014,#13721);
#13723=EDGE_CURVE('',#1015,#1017,#13722,.T.);
#13724=ORIENTED_EDGE('',*,*,#13723,.T.);
#13725=DIRECTION('',(0.689487,0.724298,0));
#13726=VECTOR('',#13725,0.166893);
#13727=LINE('',#1016,#13726);
#13728=EDGE_CURVE('',#1017,#1019,#13727,.T.);
#13729=ORIENTED_EDGE('',*,*,#13728,.T.);
#13730=DIRECTION('',(0.724306,0.689478,0));
#13731=VECTOR('',#13730,0.166867);
#13732=LINE('',#1018,#13731);
#13733=EDGE_CURVE('',#1019,#1021,#13732,.T.);
#13734=ORIENTED_EDGE('',*,*,#13733,.T.);
#13735=DIRECTION('',(0.757189,0.653196,0));
#13736=VECTOR('',#13735,0.166885);
#13737=LINE('',#1020,#13736);
#13738=EDGE_CURVE('',#1021,#1023,#13737,.T.);
#13739=ORIENTED_EDGE('',*,*,#13738,.T.);
#13740=DIRECTION('',(0.788372,0.615199,0));
#13741=VECTOR('',#13740,0.166875);
#13742=LINE('',#1022,#13741);
#13743=EDGE_CURVE('',#1023,#1025,#13742,.T.);
#13744=ORIENTED_EDGE('',*,*,#13743,.T.);
#13745=DIRECTION('',(0.817559,0.575845,0));
#13746=VECTOR('',#13745,0.166885);
#13747=LINE('',#1024,#13746);
#13748=EDGE_CURVE('',#1025,#1027,#13747,.T.);
#13749=ORIENTED_EDGE('',*,*,#13748,.T.);
#13750=DIRECTION('',(0.844816,0.535057,0));
#13751=VECTOR('',#13750,0.166888);
#13752=LINE('',#1026,#13751);
#13753=EDGE_CURVE('',#1027,#1029,#13752,.T.);
#13754=ORIENTED_EDGE('',*,*,#13753,.T.);
#13755=DIRECTION('',(0.870114,0.492851,0));
#13756=VECTOR('',#13755,0.166876);
#13757=LINE('',#1028,#13756);
#13758=EDGE_CURVE('',#1029,#1031,#13757,.T.);
#13759=ORIENTED_EDGE('',*,*,#13758,.T.);
#13760=DIRECTION('',(0.893196,0.449667,0));
#13761=VECTOR('',#13760,0.166885);
#13762=LINE('',#1030,#13761);
#13763=EDGE_CURVE('',#1031,#1033,#13762,.T.);
#13764=ORIENTED_EDGE('',*,*,#13763,.T.);
#13765=DIRECTION('',(0.914209,0.405243,0));
#13766=VECTOR('',#13765,0.16688);
#13767=LINE('',#1032,#13766);
#13768=EDGE_CURVE('',#1033,#1035,#13767,.T.);
#13769=ORIENTED_EDGE('',*,*,#13768,.T.);
#13770=DIRECTION('',(0.932995,0.35989,0));
#13771=VECTOR('',#13770,0.166881);
#13772=LINE('',#1034,#13771);
#13773=EDGE_CURVE('',#1035,#1037,#13772,.T.);
#13774=ORIENTED_EDGE('',*,*,#13773,.T.);
#13775=DIRECTION('',(0.949546,0.313627,0));
#13776=VECTOR('',#13775,0.166878);
#13777=LINE('',#1036,#13776);
#13778=EDGE_CURVE('',#1037,#1039,#13777,.T.);
#13779=ORIENTED_EDGE('',*,*,#13778,.T.);
#13780=DIRECTION('',(0.963798,0.266632,0));
#13781=VECTOR('',#13780,0.166876);
#13782=LINE('',#1038,#13781);
#13783=EDGE_CURVE('',#1039,#1041,#13782,.T.);
#13784=ORIENTED_EDGE('',*,*,#13783,.T.);
#13785=DIRECTION('',(0.975707,0.219082,0));
#13786=VECTOR('',#13785,0.166879);
#13787=LINE('',#1040,#13786);
#13788=EDGE_CURVE('',#1041,#1043,#13787,.T.);
#13789=ORIENTED_EDGE('',*,*,#13788,.T.);
#13790=DIRECTION('',(0.985274,0.170984,0));
#13791=VECTOR('',#13790,0.166881);
#13792=LINE('',#1042,#13791);
#13793=EDGE_CURVE('',#1043,#1133,#13792,.T.);
#13794=ORIENTED_EDGE('',*,*,#13793,.T.);
#13795=DIRECTION('',(0.992466,0.122521,0));
#13796=VECTOR('',#13795,0.166884);
#13797=LINE('',#1132,#13796);
#13798=EDGE_CURVE('',#1133,#1135,#13797,.T.);
#13799=ORIENTED_EDGE('',*,*,#13798,.T.);
#13800=DIRECTION('',(0.997294,0.073515,0));
#13801=VECTOR('',#13800,0.166879);
#13802=LINE('',#1134,#13801);
#13803=EDGE_CURVE('',#1135,#1137,#13802,.T.);
#13804=ORIENTED_EDGE('',*,*,#13803,.T.);
#13805=DIRECTION('',(0.9997,0.024505,0));
#13806=VECTOR('',#13805,0.16688);
#13807=LINE('',#1136,#13806);
#13808=EDGE_CURVE('',#1137,#1139,#13807,.T.);
#13809=ORIENTED_EDGE('',*,*,#13808,.T.);
#13810=DIRECTION('',(0.9997,-0.024505,0));
#13811=VECTOR('',#13810,0.16688);
#13812=LINE('',#1138,#13811);
#13813=EDGE_CURVE('',#1139,#1141,#13812,.T.);
#13814=ORIENTED_EDGE('',*,*,#13813,.T.);
#13815=DIRECTION('',(0.997294,-0.073515,0));
#13816=VECTOR('',#13815,0.166879);
#13817=LINE('',#1140,#13816);
#13818=EDGE_CURVE('',#1141,#1143,#13817,.T.);
#13819=ORIENTED_EDGE('',*,*,#13818,.T.);
#13820=DIRECTION('',(0.992466,-0.122521,0));
#13821=VECTOR('',#13820,0.166884);
#13822=LINE('',#1142,#13821);
#13823=EDGE_CURVE('',#1143,#1145,#13822,.T.);
#13824=ORIENTED_EDGE('',*,*,#13823,.T.);
#13825=DIRECTION('',(0.985274,-0.170984,0));
#13826=VECTOR('',#13825,0.166881);
#13827=LINE('',#1144,#13826);
#13828=EDGE_CURVE('',#1145,#1147,#13827,.T.);
#13829=ORIENTED_EDGE('',*,*,#13828,.T.);
#13830=DIRECTION('',(-0.975707,0.219082,0));
#13831=VECTOR('',#13830,0.166879);
#13832=LINE('',#1120,#13831);
#13833=EDGE_CURVE('',#1121,#1147,#13832,.T.);
#13834=ORIENTED_EDGE('',*,*,#13833,.F.);
#13835=DIRECTION('',(0.963798,-0.266632,0));
#13836=VECTOR('',#13835,0.166876);
#13837=LINE('',#1120,#13836);
#13838=EDGE_CURVE('',#1121,#1123,#13837,.T.);
#13839=ORIENTED_EDGE('',*,*,#13838,.T.);
#13840=DIRECTION('',(0.949546,-0.313627,0));
#13841=VECTOR('',#13840,0.166878);
#13842=LINE('',#1122,#13841);
#13843=EDGE_CURVE('',#1123,#1125,#13842,.T.);
#13844=ORIENTED_EDGE('',*,*,#13843,.T.);
#13845=DIRECTION('',(0.932995,-0.35989,0));
#13846=VECTOR('',#13845,0.166881);
#13847=LINE('',#1124,#13846);
#13848=EDGE_CURVE('',#1125,#1127,#13847,.T.);
#13849=ORIENTED_EDGE('',*,*,#13848,.T.);
#13850=DIRECTION('',(0.914209,-0.405243,0));
#13851=VECTOR('',#13850,0.16688);
#13852=LINE('',#1126,#13851);
#13853=EDGE_CURVE('',#1127,#1129,#13852,.T.);
#13854=ORIENTED_EDGE('',*,*,#13853,.T.);
#13855=DIRECTION('',(0.893196,-0.449667,0));
#13856=VECTOR('',#13855,0.166885);
#13857=LINE('',#1128,#13856);
#13858=EDGE_CURVE('',#1129,#1131,#13857,.T.);
#13859=ORIENTED_EDGE('',*,*,#13858,.T.);
#13860=DIRECTION('',(0.870114,-0.492851,0));
#13861=VECTOR('',#13860,0.166876);
#13862=LINE('',#1130,#13861);
#13863=EDGE_CURVE('',#1131,#1149,#13862,.T.);
#13864=ORIENTED_EDGE('',*,*,#13863,.T.);
#13865=DIRECTION('',(0.844816,-0.535057,0));
#13866=VECTOR('',#13865,0.166888);
#13867=LINE('',#1148,#13866);
#13868=EDGE_CURVE('',#1149,#1151,#13867,.T.);
#13869=ORIENTED_EDGE('',*,*,#13868,.T.);
#13870=DIRECTION('',(0.817559,-0.575845,0));
#13871=VECTOR('',#13870,0.166885);
#13872=LINE('',#1150,#13871);
#13873=EDGE_CURVE('',#1151,#1153,#13872,.T.);
#13874=ORIENTED_EDGE('',*,*,#13873,.T.);
#13875=DIRECTION('',(0.788372,-0.615199,0));
#13876=VECTOR('',#13875,0.166875);
#13877=LINE('',#1152,#13876);
#13878=EDGE_CURVE('',#1153,#1163,#13877,.T.);
#13879=ORIENTED_EDGE('',*,*,#13878,.T.);
#13880=DIRECTION('',(-0.757189,0.653196,0));
#13881=VECTOR('',#13880,0.166885);
#13882=LINE('',#1154,#13881);
#13883=EDGE_CURVE('',#1155,#1163,#13882,.T.);
#13884=ORIENTED_EDGE('',*,*,#13883,.F.);
#13885=DIRECTION('',(0.724306,-0.689478,0));
#13886=VECTOR('',#13885,0.166867);
#13887=LINE('',#1154,#13886);
#13888=EDGE_CURVE('',#1155,#1157,#13887,.T.);
#13889=ORIENTED_EDGE('',*,*,#13888,.T.);
#13890=DIRECTION('',(0.689487,-0.724298,0));
#13891=VECTOR('',#13890,0.166893);
#13892=LINE('',#1156,#13891);
#13893=EDGE_CURVE('',#1157,#1161,#13892,.T.);
#13894=ORIENTED_EDGE('',*,*,#13893,.T.);
#13895=DIRECTION('',(-0.653232,0.757158,0));
#13896=VECTOR('',#13895,0.166864);
#13897=LINE('',#1158,#13896);
#13898=EDGE_CURVE('',#1159,#1161,#13897,.T.);
#13899=ORIENTED_EDGE('',*,*,#13898,.F.);
#13900=DIRECTION('',(0.615229,-0.788349,0));
#13901=VECTOR('',#13900,0.166882);
#13902=LINE('',#1158,#13901);
#13903=EDGE_CURVE('',#1159,#1183,#13902,.T.);
#13904=ORIENTED_EDGE('',*,*,#13903,.T.);
#13905=DIRECTION('',(0.57579,-0.817597,0));
#13906=VECTOR('',#13905,0.166884);
#13907=LINE('',#1182,#13906);
#13908=EDGE_CURVE('',#1183,#1185,#13907,.T.);
#13909=ORIENTED_EDGE('',*,*,#13908,.T.);
#13910=DIRECTION('',(-0.534995,0.844855,0));
#13911=VECTOR('',#13910,0.166882);
#13912=LINE('',#1166,#13911);
#13913=EDGE_CURVE('',#1167,#1185,#13912,.T.);
#13914=ORIENTED_EDGE('',*,*,#13913,.F.);
#13915=DIRECTION('',(0.492898,-0.870087,0));
#13916=VECTOR('',#13915,0.166883);
#13917=LINE('',#1166,#13916);
#13918=EDGE_CURVE('',#1167,#1173,#13917,.T.);
#13919=ORIENTED_EDGE('',*,*,#13918,.T.);
#13920=DIRECTION('',(-0.449571,0.893245,0));
#13921=VECTOR('',#13920,0.166895);
#13922=LINE('',#1168,#13921);
#13923=EDGE_CURVE('',#1169,#1173,#13922,.T.);
#13924=ORIENTED_EDGE('',*,*,#13923,.F.);
#13925=DIRECTION('',(0.405246,-0.914208,0));
#13926=VECTOR('',#13925,0.166874);
#13927=LINE('',#1168,#13926);
#13928=EDGE_CURVE('',#1169,#1171,#13927,.T.);
#13929=ORIENTED_EDGE('',*,*,#13928,.T.);
#13930=DIRECTION('',(-0.359896,0.932993,0));
#13931=VECTOR('',#13930,0.166883);
#13932=LINE('',#1164,#13931);
#13933=EDGE_CURVE('',#1165,#1171,#13932,.T.);
#13934=ORIENTED_EDGE('',*,*,#13933,.F.);
#13935=DIRECTION('',(0.313699,-0.949522,0));
#13936=VECTOR('',#13935,0.16687);
#13937=LINE('',#1164,#13936);
#13938=EDGE_CURVE('',#1165,#1179,#13937,.T.);
#13939=ORIENTED_EDGE('',*,*,#13938,.T.);
#13940=DIRECTION('',(0.266729,-0.963772,0));
#13941=VECTOR('',#13940,0.166873);
#13942=LINE('',#1178,#13941);
#13943=EDGE_CURVE('',#1179,#1181,#13942,.T.);
#13944=ORIENTED_EDGE('',*,*,#13943,.T.);
#13945=DIRECTION('',(-0.219071,0.975709,0));
#13946=VECTOR('',#13945,0.166896);
#13947=LINE('',#1174,#13946);
#13948=EDGE_CURVE('',#1175,#1181,#13947,.T.);
#13949=ORIENTED_EDGE('',*,*,#13948,.F.);
#13950=DIRECTION('',(0.170956,-0.985279,0));
#13951=VECTOR('',#13950,0.166885);
#13952=LINE('',#1174,#13951);
#13953=EDGE_CURVE('',#1175,#1177,#13952,.T.);
#13954=ORIENTED_EDGE('',*,*,#13953,.T.);
#13955=DIRECTION('',(-0.122425,0.992478,0));
#13956=VECTOR('',#13955,0.166874);
#13957=LINE('',#1118,#13956);
#13958=EDGE_CURVE('',#1119,#1177,#13957,.T.);
#13959=ORIENTED_EDGE('',*,*,#13958,.F.);
#13960=DIRECTION('',(-0.073567,0.99729,0));
#13961=VECTOR('',#13960,0.166865);
#13962=LINE('',#1116,#13961);
#13963=EDGE_CURVE('',#1117,#1119,#13962,.T.);
#13964=ORIENTED_EDGE('',*,*,#13963,.F.);
#13965=DIRECTION('',(-0.024538,0.999699,0));
#13966=VECTOR('',#13965,0.16689);
#13967=LINE('',#1114,#13966);
#13968=EDGE_CURVE('',#1115,#1117,#13967,.T.);
#13969=ORIENTED_EDGE('',*,*,#13968,.F.);
#13970=DIRECTION('',(0.024538,0.999699,0));
#13971=VECTOR('',#13970,0.16689);
#13972=LINE('',#1112,#13971);
#13973=EDGE_CURVE('',#1113,#1115,#13972,.T.);
#13974=ORIENTED_EDGE('',*,*,#13973,.F.);
#13975=DIRECTION('',(0.073567,0.99729,0));
#13976=VECTOR('',#13975,0.166865);
#13977=LINE('',#1110,#13976);
#13978=EDGE_CURVE('',#1111,#1113,#13977,.T.);
#13979=ORIENTED_EDGE('',*,*,#13978,.F.);
#13980=DIRECTION('',(0.122425,0.992478,0));
#13981=VECTOR('',#13980,0.166874);
#13982=LINE('',#1108,#13981);
#13983=EDGE_CURVE('',#1109,#1111,#13982,.T.);
#13984=ORIENTED_EDGE('',*,*,#13983,.F.);
#13985=DIRECTION('',(0.170956,0.985279,0));
#13986=VECTOR('',#13985,0.166885);
#13987=LINE('',#1106,#13986);
#13988=EDGE_CURVE('',#1107,#1109,#13987,.T.);
#13989=ORIENTED_EDGE('',*,*,#13988,.F.);
#13990=DIRECTION('',(0.219071,0.975709,0));
#13991=VECTOR('',#13990,0.166896);
#13992=LINE('',#1104,#13991);
#13993=EDGE_CURVE('',#1105,#1107,#13992,.T.);
#13994=ORIENTED_EDGE('',*,*,#13993,.F.);
#13995=DIRECTION('',(0.266729,0.963772,0));
#13996=VECTOR('',#13995,0.166873);
#13997=LINE('',#1102,#13996);
#13998=EDGE_CURVE('',#1103,#1105,#13997,.T.);
#13999=ORIENTED_EDGE('',*,*,#13998,.F.);
#14000=DIRECTION('',(0.313699,0.949522,0));
#14001=VECTOR('',#14000,0.16687);
#14002=LINE('',#1100,#14001);
#14003=EDGE_CURVE('',#1101,#1103,#14002,.T.);
#14004=ORIENTED_EDGE('',*,*,#14003,.F.);
#14005=DIRECTION('',(0.359896,0.932993,0));
#14006=VECTOR('',#14005,0.166883);
#14007=LINE('',#1098,#14006);
#14008=EDGE_CURVE('',#1099,#1101,#14007,.T.);
#14009=ORIENTED_EDGE('',*,*,#14008,.F.);
#14010=DIRECTION('',(0.405246,0.914208,0));
#14011=VECTOR('',#14010,0.166874);
#14012=LINE('',#1096,#14011);
#14013=EDGE_CURVE('',#1097,#1099,#14012,.T.);
#14014=ORIENTED_EDGE('',*,*,#14013,.F.);
#14015=DIRECTION('',(0.449571,0.893245,0));
#14016=VECTOR('',#14015,0.166895);
#14017=LINE('',#1094,#14016);
#14018=EDGE_CURVE('',#1095,#1097,#14017,.T.);
#14019=ORIENTED_EDGE('',*,*,#14018,.F.);
#14020=DIRECTION('',(0.492898,0.870087,0));
#14021=VECTOR('',#14020,0.166883);
#14022=LINE('',#1092,#14021);
#14023=EDGE_CURVE('',#1093,#1095,#14022,.T.);
#14024=ORIENTED_EDGE('',*,*,#14023,.F.);
#14025=DIRECTION('',(0.534995,0.844855,0));
#14026=VECTOR('',#14025,0.166882);
#14027=LINE('',#1090,#14026);
#14028=EDGE_CURVE('',#1091,#1093,#14027,.T.);
#14029=ORIENTED_EDGE('',*,*,#14028,.F.);
#14030=DIRECTION('',(0.57579,0.817597,0));
#14031=VECTOR('',#14030,0.166884);
#14032=LINE('',#1088,#14031);
#14033=EDGE_CURVE('',#1089,#1091,#14032,.T.);
#14034=ORIENTED_EDGE('',*,*,#14033,.F.);
#14035=DIRECTION('',(0.615229,0.788349,0));
#14036=VECTOR('',#14035,0.166882);
#14037=LINE('',#1086,#14036);
#14038=EDGE_CURVE('',#1087,#1089,#14037,.T.);
#14039=ORIENTED_EDGE('',*,*,#14038,.F.);
#14040=DIRECTION('',(0.653232,0.757158,0));
#14041=VECTOR('',#14040,0.166864);
#14042=LINE('',#1084,#14041);
#14043=EDGE_CURVE('',#1085,#1087,#14042,.T.);
#14044=ORIENTED_EDGE('',*,*,#14043,.F.);
#14045=DIRECTION('',(0.689487,0.724298,0));
#14046=VECTOR('',#14045,0.166893);
#14047=LINE('',#1082,#14046);
#14048=EDGE_CURVE('',#1083,#1085,#14047,.T.);
#14049=ORIENTED_EDGE('',*,*,#14048,.F.);
#14050=DIRECTION('',(0.724306,0.689478,0));
#14051=VECTOR('',#14050,0.166867);
#14052=LINE('',#1080,#14051);
#14053=EDGE_CURVE('',#1081,#1083,#14052,.T.);
#14054=ORIENTED_EDGE('',*,*,#14053,.F.);
#14055=DIRECTION('',(0.757189,0.653196,0));
#14056=VECTOR('',#14055,0.166885);
#14057=LINE('',#1078,#14056);
#14058=EDGE_CURVE('',#1079,#1081,#14057,.T.);
#14059=ORIENTED_EDGE('',*,*,#14058,.F.);
#14060=DIRECTION('',(0.788372,0.615199,0));
#14061=VECTOR('',#14060,0.166875);
#14062=LINE('',#1076,#14061);
#14063=EDGE_CURVE('',#1077,#1079,#14062,.T.);
#14064=ORIENTED_EDGE('',*,*,#14063,.F.);
#14065=DIRECTION('',(0.817559,0.575845,0));
#14066=VECTOR('',#14065,0.166885);
#14067=LINE('',#1074,#14066);
#14068=EDGE_CURVE('',#1075,#1077,#14067,.T.);
#14069=ORIENTED_EDGE('',*,*,#14068,.F.);
#14070=DIRECTION('',(0.844816,0.535057,0));
#14071=VECTOR('',#14070,0.166888);
#14072=LINE('',#1072,#14071);
#14073=EDGE_CURVE('',#1073,#1075,#14072,.T.);
#14074=ORIENTED_EDGE('',*,*,#14073,.F.);
#14075=DIRECTION('',(0.870114,0.492851,0));
#14076=VECTOR('',#14075,0.166876);
#14077=LINE('',#1070,#14076);
#14078=EDGE_CURVE('',#1071,#1073,#14077,.T.);
#14079=ORIENTED_EDGE('',*,*,#14078,.F.);
#14080=DIRECTION('',(0.893196,0.449667,0));
#14081=VECTOR('',#14080,0.166885);
#14082=LINE('',#1068,#14081);
#14083=EDGE_CURVE('',#1069,#1071,#14082,.T.);
#14084=ORIENTED_EDGE('',*,*,#14083,.F.);
#14085=DIRECTION('',(0.914209,0.405243,0));
#14086=VECTOR('',#14085,0.16688);
#14087=LINE('',#1066,#14086);
#14088=EDGE_CURVE('',#1067,#1069,#14087,.T.);
#14089=ORIENTED_EDGE('',*,*,#14088,.F.);
#14090=DIRECTION('',(0.932995,0.35989,0));
#14091=VECTOR('',#14090,0.166881);
#14092=LINE('',#1064,#14091);
#14093=EDGE_CURVE('',#1065,#1067,#14092,.T.);
#14094=ORIENTED_EDGE('',*,*,#14093,.F.);
#14095=DIRECTION('',(0.949546,0.313627,0));
#14096=VECTOR('',#14095,0.166878);
#14097=LINE('',#1062,#14096);
#14098=EDGE_CURVE('',#1063,#1065,#14097,.T.);
#14099=ORIENTED_EDGE('',*,*,#14098,.F.);
#14100=DIRECTION('',(0.963798,0.266632,0));
#14101=VECTOR('',#14100,0.166876);
#14102=LINE('',#1060,#14101);
#14103=EDGE_CURVE('',#1061,#1063,#14102,.T.);
#14104=ORIENTED_EDGE('',*,*,#14103,.F.);
#14105=DIRECTION('',(0.975707,0.219082,0));
#14106=VECTOR('',#14105,0.166879);
#14107=LINE('',#1058,#14106);
#14108=EDGE_CURVE('',#1059,#1061,#14107,.T.);
#14109=ORIENTED_EDGE('',*,*,#14108,.F.);
#14110=DIRECTION('',(0.985274,0.170984,0));
#14111=VECTOR('',#14110,0.166881);
#14112=LINE('',#1056,#14111);
#14113=EDGE_CURVE('',#1057,#1059,#14112,.T.);
#14114=ORIENTED_EDGE('',*,*,#14113,.F.);
#14115=DIRECTION('',(0.992466,0.122521,0));
#14116=VECTOR('',#14115,0.166884);
#14117=LINE('',#1054,#14116);
#14118=EDGE_CURVE('',#1055,#1057,#14117,.T.);
#14119=ORIENTED_EDGE('',*,*,#14118,.F.);
#14120=DIRECTION('',(0.997294,0.073515,0));
#14121=VECTOR('',#14120,0.166879);
#14122=LINE('',#1052,#14121);
#14123=EDGE_CURVE('',#1053,#1055,#14122,.T.);
#14124=ORIENTED_EDGE('',*,*,#14123,.F.);
#14125=DIRECTION('',(0.9997,0.024505,0));
#14126=VECTOR('',#14125,0.16688);
#14127=LINE('',#1050,#14126);
#14128=EDGE_CURVE('',#1051,#1053,#14127,.T.);
#14129=ORIENTED_EDGE('',*,*,#14128,.F.);
#14130=DIRECTION('',(0.9997,-0.024505,0));
#14131=VECTOR('',#14130,0.16688);
#14132=LINE('',#1048,#14131);
#14133=EDGE_CURVE('',#1049,#1051,#14132,.T.);
#14134=ORIENTED_EDGE('',*,*,#14133,.F.);
#14135=DIRECTION('',(0.997294,-0.073515,0));
#14136=VECTOR('',#14135,0.166879);
#14137=LINE('',#1046,#14136);
#14138=EDGE_CURVE('',#1047,#1049,#14137,.T.);
#14139=ORIENTED_EDGE('',*,*,#14138,.F.);
#14140=DIRECTION('',(0.992466,-0.122521,0));
#14141=VECTOR('',#14140,0.166884);
#14142=LINE('',#1044,#14141);
#14143=EDGE_CURVE('',#1045,#1047,#14142,.T.);
#14144=ORIENTED_EDGE('',*,*,#14143,.F.);
#14145=DIRECTION('',(0.985274,-0.170984,0));
#14146=VECTOR('',#14145,0.166881);
#14147=LINE('',#986,#14146);
#14148=EDGE_CURVE('',#987,#1045,#14147,.T.);
#14149=ORIENTED_EDGE('',*,*,#14148,.F.);
#14150=DIRECTION('',(0.975707,-0.219082,0));
#14151=VECTOR('',#14150,0.166879);
#14152=LINE('',#984,#14151);
#14153=EDGE_CURVE('',#985,#987,#14152,.T.);
#14154=ORIENTED_EDGE('',*,*,#14153,.F.);
#14155=DIRECTION('',(0.963798,-0.266632,0));
#14156=VECTOR('',#14155,0.166876);
#14157=LINE('',#982,#14156);
#14158=EDGE_CURVE('',#983,#985,#14157,.T.);
#14159=ORIENTED_EDGE('',*,*,#14158,.F.);
#14160=DIRECTION('',(0.949546,-0.313627,0));
#14161=VECTOR('',#14160,0.166878);
#14162=LINE('',#976,#14161);
#14163=EDGE_CURVE('',#977,#983,#14162,.T.);
#14164=ORIENTED_EDGE('',*,*,#14163,.F.);
#14165=EDGE_LOOP('',(#13529,#13534,#13539,#13544,#13549,#13554,#13559,#13564,#13569,#13574,#13579,#13584,#13589,#13594,#13599,#13604,#13609,#13614,#13619,#13624,#13629,#13634,#13639,#13644,#13649,#13654,#13659,#13664,#13669,#13674,#13679,#13684,#13689,#13694,#13699,#13704,#13709,#13714,#13719,#13724,#13729,#13734,#13739,#13744,#13749,#13754,#13759,#13764,#13769,#13774,#13779,#13784,#13789,#13794,#13799,#13804,#13809,#13814,#13819,#13824,#13829,#13834,#13839,#13844,#13849,#13854,#13859,#13864,#13869,#13874,#13879,#13884,#13889,#13894,#13899,#13904,#13909,#13914,#13919,#13924,#13929,#13934,#13939,#13944,#13949,#13954,#13959,#13964,#13969,#13974,#13979,#13984,#13989,#13994,#13999,#14004,#14009,#14014,#14019,#14024,#14029,#14034,#14039,#14044,#14049,#14054,#14059,#14064,#14069,#14074,#14079,#14084,#14089,#14094,#14099,#14104,#14109,#14114,#14119,#14124,#14129,#14134,#14139,#14144,#14149,#14154,#14159,#14164));
#14166=FACE_BOUND('',#14165,.T.);
#14167=ADVANCED_FACE('',(#13524,#14166),#13514,.T.);
#14168=DIRECTION('',(0,0,1));
#14169=DIRECTION('',(0,-1,0));
#14170=AXIS2_PLACEMENT_3D('',#2472,#14168,#14169);
#14171=PLANE('',#14170);
#14172=ORIENTED_EDGE('',*,*,#6486,.F.);
#14173=ORIENTED_EDGE('',*,*,#5747,.T.);
#14174=DIRECTION('',(0,1,0));
#14175=VECTOR('',#14174,67);
#14176=LINE('',#1344,#14175);
#14177=EDGE_CURVE('',#1345,#2529,#14176,.T.);
#14178=ORIENTED_EDGE('',*,*,#14177,.T.);
#14179=DIRECTION('',(1,0,0));
#14180=VECTOR('',#14179,17);
#14181=LINE('',#2472,#14180);
#14182=EDGE_CURVE('',#2473,#2529,#14181,.T.);
#14183=ORIENTED_EDGE('',*,*,#14182,.F.);
#14184=EDGE_LOOP('',(#14172,#14173,#14178,#14183));
#14185=FACE_OUTER_BOUND('',#14184,.T.);
#14186=DIRECTION('',(0.870114,0.492851,0));
#14187=VECTOR('',#14186,0.166876);
#14188=LINE('',#2368,#14187);
#14189=EDGE_CURVE('',#2369,#2371,#14188,.T.);
#14190=ORIENTED_EDGE('',*,*,#14189,.F.);
#14191=DIRECTION('',(0.893196,0.449667,0));
#14192=VECTOR('',#14191,0.166885);
#14193=LINE('',#2366,#14192);
#14194=EDGE_CURVE('',#2367,#2369,#14193,.T.);
#14195=ORIENTED_EDGE('',*,*,#14194,.F.);
#14196=DIRECTION('',(0.914209,0.405243,0));
#14197=VECTOR('',#14196,0.16688);
#14198=LINE('',#2364,#14197);
#14199=EDGE_CURVE('',#2365,#2367,#14198,.T.);
#14200=ORIENTED_EDGE('',*,*,#14199,.F.);
#14201=DIRECTION('',(0.932995,0.35989,0));
#14202=VECTOR('',#14201,0.166881);
#14203=LINE('',#2362,#14202);
#14204=EDGE_CURVE('',#2363,#2365,#14203,.T.);
#14205=ORIENTED_EDGE('',*,*,#14204,.F.);
#14206=DIRECTION('',(0.949546,0.313627,0));
#14207=VECTOR('',#14206,0.166878);
#14208=LINE('',#2360,#14207);
#14209=EDGE_CURVE('',#2361,#2363,#14208,.T.);
#14210=ORIENTED_EDGE('',*,*,#14209,.F.);
#14211=DIRECTION('',(0.963798,0.266632,0));
#14212=VECTOR('',#14211,0.166876);
#14213=LINE('',#2358,#14212);
#14214=EDGE_CURVE('',#2359,#2361,#14213,.T.);
#14215=ORIENTED_EDGE('',*,*,#14214,.F.);
#14216=DIRECTION('',(0.975707,0.219082,0));
#14217=VECTOR('',#14216,0.166879);
#14218=LINE('',#2356,#14217);
#14219=EDGE_CURVE('',#2357,#2359,#14218,.T.);
#14220=ORIENTED_EDGE('',*,*,#14219,.F.);
#14221=DIRECTION('',(0.985274,0.170984,0));
#14222=VECTOR('',#14221,0.166881);
#14223=LINE('',#2288,#14222);
#14224=EDGE_CURVE('',#2289,#2357,#14223,.T.);
#14225=ORIENTED_EDGE('',*,*,#14224,.F.);
#14226=DIRECTION('',(0.992466,0.122521,0));
#14227=VECTOR('',#14226,0.166884);
#14228=LINE('',#2286,#14227);
#14229=EDGE_CURVE('',#2287,#2289,#14228,.T.);
#14230=ORIENTED_EDGE('',*,*,#14229,.F.);
#14231=DIRECTION('',(0.997294,0.073515,0));
#14232=VECTOR('',#14231,0.166879);
#14233=LINE('',#2284,#14232);
#14234=EDGE_CURVE('',#2285,#2287,#14233,.T.);
#14235=ORIENTED_EDGE('',*,*,#14234,.F.);
#14236=DIRECTION('',(0.9997,0.024505,0));
#14237=VECTOR('',#14236,0.16688);
#14238=LINE('',#2282,#14237);
#14239=EDGE_CURVE('',#2283,#2285,#14238,.T.);
#14240=ORIENTED_EDGE('',*,*,#14239,.F.);
#14241=DIRECTION('',(0.9997,-0.024505,0));
#14242=VECTOR('',#14241,0.16688);
#14243=LINE('',#2280,#14242);
#14244=EDGE_CURVE('',#2281,#2283,#14243,.T.);
#14245=ORIENTED_EDGE('',*,*,#14244,.F.);
#14246=DIRECTION('',(0.997294,-0.073515,0));
#14247=VECTOR('',#14246,0.166879);
#14248=LINE('',#2278,#14247);
#14249=EDGE_CURVE('',#2279,#2281,#14248,.T.);
#14250=ORIENTED_EDGE('',*,*,#14249,.F.);
#14251=DIRECTION('',(0.992466,-0.122521,0));
#14252=VECTOR('',#14251,0.166884);
#14253=LINE('',#2276,#14252);
#14254=EDGE_CURVE('',#2277,#2279,#14253,.T.);
#14255=ORIENTED_EDGE('',*,*,#14254,.F.);
#14256=DIRECTION('',(0.985274,-0.170984,0));
#14257=VECTOR('',#14256,0.166881);
#14258=LINE('',#2274,#14257);
#14259=EDGE_CURVE('',#2275,#2277,#14258,.T.);
#14260=ORIENTED_EDGE('',*,*,#14259,.F.);
#14261=DIRECTION('',(0.975707,-0.219082,0));
#14262=VECTOR('',#14261,0.166879);
#14263=LINE('',#2272,#14262);
#14264=EDGE_CURVE('',#2273,#2275,#14263,.T.);
#14265=ORIENTED_EDGE('',*,*,#14264,.F.);
#14266=DIRECTION('',(0.963798,-0.266632,0));
#14267=VECTOR('',#14266,0.166876);
#14268=LINE('',#2270,#14267);
#14269=EDGE_CURVE('',#2271,#2273,#14268,.T.);
#14270=ORIENTED_EDGE('',*,*,#14269,.F.);
#14271=DIRECTION('',(0.949546,-0.313627,0));
#14272=VECTOR('',#14271,0.166878);
#14273=LINE('',#2262,#14272);
#14274=EDGE_CURVE('',#2263,#2271,#14273,.T.);
#14275=ORIENTED_EDGE('',*,*,#14274,.F.);
#14276=DIRECTION('',(-0.932995,0.35989,0));
#14277=VECTOR('',#14276,0.166881);
#14278=LINE('',#2262,#14277);
#14279=EDGE_CURVE('',#2263,#2269,#14278,.T.);
#14280=ORIENTED_EDGE('',*,*,#14279,.T.);
#14281=DIRECTION('',(0.914209,-0.405243,0));
#14282=VECTOR('',#14281,0.16688);
#14283=LINE('',#2266,#14282);
#14284=EDGE_CURVE('',#2267,#2269,#14283,.T.);
#14285=ORIENTED_EDGE('',*,*,#14284,.F.);
#14286=DIRECTION('',(0.893196,-0.449667,0));
#14287=VECTOR('',#14286,0.166885);
#14288=LINE('',#2264,#14287);
#14289=EDGE_CURVE('',#2265,#2267,#14288,.T.);
#14290=ORIENTED_EDGE('',*,*,#14289,.F.);
#14291=DIRECTION('',(0.870114,-0.492851,0));
#14292=VECTOR('',#14291,0.166876);
#14293=LINE('',#2222,#14292);
#14294=EDGE_CURVE('',#2223,#2265,#14293,.T.);
#14295=ORIENTED_EDGE('',*,*,#14294,.F.);
#14296=DIRECTION('',(0.844816,-0.535057,0));
#14297=VECTOR('',#14296,0.166888);
#14298=LINE('',#2220,#14297);
#14299=EDGE_CURVE('',#2221,#2223,#14298,.T.);
#14300=ORIENTED_EDGE('',*,*,#14299,.F.);
#14301=DIRECTION('',(0.817559,-0.575845,0));
#14302=VECTOR('',#14301,0.166885);
#14303=LINE('',#2218,#14302);
#14304=EDGE_CURVE('',#2219,#2221,#14303,.T.);
#14305=ORIENTED_EDGE('',*,*,#14304,.F.);
#14306=DIRECTION('',(0.788372,-0.615199,0));
#14307=VECTOR('',#14306,0.166875);
#14308=LINE('',#2214,#14307);
#14309=EDGE_CURVE('',#2215,#2219,#14308,.T.);
#14310=ORIENTED_EDGE('',*,*,#14309,.F.);
#14311=DIRECTION('',(-0.757189,0.653196,0));
#14312=VECTOR('',#14311,0.166885);
#14313=LINE('',#2214,#14312);
#14314=EDGE_CURVE('',#2215,#2217,#14313,.T.);
#14315=ORIENTED_EDGE('',*,*,#14314,.T.);
#14316=DIRECTION('',(-0.724306,0.689478,0));
#14317=VECTOR('',#14316,0.166867);
#14318=LINE('',#2216,#14317);
#14319=EDGE_CURVE('',#2217,#2261,#14318,.T.);
#14320=ORIENTED_EDGE('',*,*,#14319,.T.);
#14321=DIRECTION('',(0.689487,-0.724298,0));
#14322=VECTOR('',#14321,0.166893);
#14323=LINE('',#2258,#14322);
#14324=EDGE_CURVE('',#2259,#2261,#14323,.T.);
#14325=ORIENTED_EDGE('',*,*,#14324,.F.);
#14326=DIRECTION('',(0.653232,-0.757158,0));
#14327=VECTOR('',#14326,0.166864);
#14328=LINE('',#2256,#14327);
#14329=EDGE_CURVE('',#2257,#2259,#14328,.T.);
#14330=ORIENTED_EDGE('',*,*,#14329,.F.);
#14331=DIRECTION('',(0.615229,-0.788349,0));
#14332=VECTOR('',#14331,0.166882);
#14333=LINE('',#2228,#14332);
#14334=EDGE_CURVE('',#2229,#2257,#14333,.T.);
#14335=ORIENTED_EDGE('',*,*,#14334,.F.);
#14336=DIRECTION('',(0.57579,-0.817597,0));
#14337=VECTOR('',#14336,0.166884);
#14338=LINE('',#2224,#14337);
#14339=EDGE_CURVE('',#2225,#2229,#14338,.T.);
#14340=ORIENTED_EDGE('',*,*,#14339,.F.);
#14341=DIRECTION('',(-0.534995,0.844855,0));
#14342=VECTOR('',#14341,0.166882);
#14343=LINE('',#2224,#14342);
#14344=EDGE_CURVE('',#2225,#2227,#14343,.T.);
#14345=ORIENTED_EDGE('',*,*,#14344,.T.);
#14346=DIRECTION('',(-0.492898,0.870087,0));
#14347=VECTOR('',#14346,0.166883);
#14348=LINE('',#2226,#14347);
#14349=EDGE_CURVE('',#2227,#2231,#14348,.T.);
#14350=ORIENTED_EDGE('',*,*,#14349,.T.);
#14351=DIRECTION('',(-0.449571,0.893245,0));
#14352=VECTOR('',#14351,0.166895);
#14353=LINE('',#2230,#14352);
#14354=EDGE_CURVE('',#2231,#2233,#14353,.T.);
#14355=ORIENTED_EDGE('',*,*,#14354,.T.);
#14356=DIRECTION('',(-0.405246,0.914208,0));
#14357=VECTOR('',#14356,0.166874);
#14358=LINE('',#2232,#14357);
#14359=EDGE_CURVE('',#2233,#2235,#14358,.T.);
#14360=ORIENTED_EDGE('',*,*,#14359,.T.);
#14361=DIRECTION('',(-0.359896,0.932993,0));
#14362=VECTOR('',#14361,0.166883);
#14363=LINE('',#2234,#14362);
#14364=EDGE_CURVE('',#2235,#2237,#14363,.T.);
#14365=ORIENTED_EDGE('',*,*,#14364,.T.);
#14366=DIRECTION('',(-0.313699,0.949522,0));
#14367=VECTOR('',#14366,0.16687);
#14368=LINE('',#2236,#14367);
#14369=EDGE_CURVE('',#2237,#2241,#14368,.T.);
#14370=ORIENTED_EDGE('',*,*,#14369,.T.);
#14371=DIRECTION('',(0.266729,-0.963772,0));
#14372=VECTOR('',#14371,0.166873);
#14373=LINE('',#2238,#14372);
#14374=EDGE_CURVE('',#2239,#2241,#14373,.T.);
#14375=ORIENTED_EDGE('',*,*,#14374,.F.);
#14376=DIRECTION('',(-0.219071,0.975709,0));
#14377=VECTOR('',#14376,0.166896);
#14378=LINE('',#2238,#14377);
#14379=EDGE_CURVE('',#2239,#2243,#14378,.T.);
#14380=ORIENTED_EDGE('',*,*,#14379,.T.);
#14381=DIRECTION('',(-0.170956,0.985279,0));
#14382=VECTOR('',#14381,0.166885);
#14383=LINE('',#2242,#14382);
#14384=EDGE_CURVE('',#2243,#2245,#14383,.T.);
#14385=ORIENTED_EDGE('',*,*,#14384,.T.);
#14386=DIRECTION('',(-0.122425,0.992478,0));
#14387=VECTOR('',#14386,0.166874);
#14388=LINE('',#2244,#14387);
#14389=EDGE_CURVE('',#2245,#2247,#14388,.T.);
#14390=ORIENTED_EDGE('',*,*,#14389,.T.);
#14391=DIRECTION('',(-0.073567,0.99729,0));
#14392=VECTOR('',#14391,0.166865);
#14393=LINE('',#2246,#14392);
#14394=EDGE_CURVE('',#2247,#2249,#14393,.T.);
#14395=ORIENTED_EDGE('',*,*,#14394,.T.);
#14396=DIRECTION('',(-0.024538,0.999699,0));
#14397=VECTOR('',#14396,0.16689);
#14398=LINE('',#2248,#14397);
#14399=EDGE_CURVE('',#2249,#2251,#14398,.T.);
#14400=ORIENTED_EDGE('',*,*,#14399,.T.);
#14401=DIRECTION('',(0.024538,0.999699,0));
#14402=VECTOR('',#14401,0.16689);
#14403=LINE('',#2250,#14402);
#14404=EDGE_CURVE('',#2251,#2253,#14403,.T.);
#14405=ORIENTED_EDGE('',*,*,#14404,.T.);
#14406=DIRECTION('',(0.073567,0.99729,0));
#14407=VECTOR('',#14406,0.166865);
#14408=LINE('',#2252,#14407);
#14409=EDGE_CURVE('',#2253,#2255,#14408,.T.);
#14410=ORIENTED_EDGE('',*,*,#14409,.T.);
#14411=DIRECTION('',(0.122425,0.992478,0));
#14412=VECTOR('',#14411,0.166874);
#14413=LINE('',#2254,#14412);
#14414=EDGE_CURVE('',#2255,#2291,#14413,.T.);
#14415=ORIENTED_EDGE('',*,*,#14414,.T.);
#14416=DIRECTION('',(0.170956,0.985279,0));
#14417=VECTOR('',#14416,0.166885);
#14418=LINE('',#2290,#14417);
#14419=EDGE_CURVE('',#2291,#2293,#14418,.T.);
#14420=ORIENTED_EDGE('',*,*,#14419,.T.);
#14421=DIRECTION('',(0.219071,0.975709,0));
#14422=VECTOR('',#14421,0.166896);
#14423=LINE('',#2292,#14422);
#14424=EDGE_CURVE('',#2293,#2295,#14423,.T.);
#14425=ORIENTED_EDGE('',*,*,#14424,.T.);
#14426=DIRECTION('',(0.266729,0.963772,0));
#14427=VECTOR('',#14426,0.166873);
#14428=LINE('',#2294,#14427);
#14429=EDGE_CURVE('',#2295,#2297,#14428,.T.);
#14430=ORIENTED_EDGE('',*,*,#14429,.T.);
#14431=DIRECTION('',(0.313699,0.949522,0));
#14432=VECTOR('',#14431,0.16687);
#14433=LINE('',#2296,#14432);
#14434=EDGE_CURVE('',#2297,#2299,#14433,.T.);
#14435=ORIENTED_EDGE('',*,*,#14434,.T.);
#14436=DIRECTION('',(0.359896,0.932993,0));
#14437=VECTOR('',#14436,0.166883);
#14438=LINE('',#2298,#14437);
#14439=EDGE_CURVE('',#2299,#2301,#14438,.T.);
#14440=ORIENTED_EDGE('',*,*,#14439,.T.);
#14441=DIRECTION('',(0.405246,0.914208,0));
#14442=VECTOR('',#14441,0.166874);
#14443=LINE('',#2300,#14442);
#14444=EDGE_CURVE('',#2301,#2303,#14443,.T.);
#14445=ORIENTED_EDGE('',*,*,#14444,.T.);
#14446=DIRECTION('',(0.449571,0.893245,0));
#14447=VECTOR('',#14446,0.166895);
#14448=LINE('',#2302,#14447);
#14449=EDGE_CURVE('',#2303,#2305,#14448,.T.);
#14450=ORIENTED_EDGE('',*,*,#14449,.T.);
#14451=DIRECTION('',(0.492898,0.870087,0));
#14452=VECTOR('',#14451,0.166883);
#14453=LINE('',#2304,#14452);
#14454=EDGE_CURVE('',#2305,#2307,#14453,.T.);
#14455=ORIENTED_EDGE('',*,*,#14454,.T.);
#14456=DIRECTION('',(0.534995,0.844855,0));
#14457=VECTOR('',#14456,0.166882);
#14458=LINE('',#2306,#14457);
#14459=EDGE_CURVE('',#2307,#2309,#14458,.T.);
#14460=ORIENTED_EDGE('',*,*,#14459,.T.);
#14461=DIRECTION('',(0.57579,0.817597,0));
#14462=VECTOR('',#14461,0.166884);
#14463=LINE('',#2308,#14462);
#14464=EDGE_CURVE('',#2309,#2311,#14463,.T.);
#14465=ORIENTED_EDGE('',*,*,#14464,.T.);
#14466=DIRECTION('',(0.615229,0.788349,0));
#14467=VECTOR('',#14466,0.166882);
#14468=LINE('',#2310,#14467);
#14469=EDGE_CURVE('',#2311,#2313,#14468,.T.);
#14470=ORIENTED_EDGE('',*,*,#14469,.T.);
#14471=DIRECTION('',(0.653232,0.757158,0));
#14472=VECTOR('',#14471,0.166864);
#14473=LINE('',#2312,#14472);
#14474=EDGE_CURVE('',#2313,#2315,#14473,.T.);
#14475=ORIENTED_EDGE('',*,*,#14474,.T.);
#14476=DIRECTION('',(0.689487,0.724298,0));
#14477=VECTOR('',#14476,0.166893);
#14478=LINE('',#2314,#14477);
#14479=EDGE_CURVE('',#2315,#2317,#14478,.T.);
#14480=ORIENTED_EDGE('',*,*,#14479,.T.);
#14481=DIRECTION('',(0.724306,0.689478,0));
#14482=VECTOR('',#14481,0.166867);
#14483=LINE('',#2316,#14482);
#14484=EDGE_CURVE('',#2317,#2319,#14483,.T.);
#14485=ORIENTED_EDGE('',*,*,#14484,.T.);
#14486=DIRECTION('',(0.757189,0.653196,0));
#14487=VECTOR('',#14486,0.166885);
#14488=LINE('',#2318,#14487);
#14489=EDGE_CURVE('',#2319,#2321,#14488,.T.);
#14490=ORIENTED_EDGE('',*,*,#14489,.T.);
#14491=DIRECTION('',(0.788372,0.615199,0));
#14492=VECTOR('',#14491,0.166875);
#14493=LINE('',#2320,#14492);
#14494=EDGE_CURVE('',#2321,#2323,#14493,.T.);
#14495=ORIENTED_EDGE('',*,*,#14494,.T.);
#14496=DIRECTION('',(0.817559,0.575845,0));
#14497=VECTOR('',#14496,0.166885);
#14498=LINE('',#2322,#14497);
#14499=EDGE_CURVE('',#2323,#2325,#14498,.T.);
#14500=ORIENTED_EDGE('',*,*,#14499,.T.);
#14501=DIRECTION('',(0.844816,0.535057,0));
#14502=VECTOR('',#14501,0.166888);
#14503=LINE('',#2324,#14502);
#14504=EDGE_CURVE('',#2325,#2327,#14503,.T.);
#14505=ORIENTED_EDGE('',*,*,#14504,.T.);
#14506=DIRECTION('',(0.870114,0.492851,0));
#14507=VECTOR('',#14506,0.166876);
#14508=LINE('',#2326,#14507);
#14509=EDGE_CURVE('',#2327,#2329,#14508,.T.);
#14510=ORIENTED_EDGE('',*,*,#14509,.T.);
#14511=DIRECTION('',(0.893196,0.449667,0));
#14512=VECTOR('',#14511,0.166885);
#14513=LINE('',#2328,#14512);
#14514=EDGE_CURVE('',#2329,#2331,#14513,.T.);
#14515=ORIENTED_EDGE('',*,*,#14514,.T.);
#14516=DIRECTION('',(0.914209,0.405243,0));
#14517=VECTOR('',#14516,0.16688);
#14518=LINE('',#2330,#14517);
#14519=EDGE_CURVE('',#2331,#2333,#14518,.T.);
#14520=ORIENTED_EDGE('',*,*,#14519,.T.);
#14521=DIRECTION('',(0.932995,0.35989,0));
#14522=VECTOR('',#14521,0.166881);
#14523=LINE('',#2332,#14522);
#14524=EDGE_CURVE('',#2333,#2335,#14523,.T.);
#14525=ORIENTED_EDGE('',*,*,#14524,.T.);
#14526=DIRECTION('',(0.949546,0.313627,0));
#14527=VECTOR('',#14526,0.166878);
#14528=LINE('',#2334,#14527);
#14529=EDGE_CURVE('',#2335,#2337,#14528,.T.);
#14530=ORIENTED_EDGE('',*,*,#14529,.T.);
#14531=DIRECTION('',(0.963798,0.266632,0));
#14532=VECTOR('',#14531,0.166876);
#14533=LINE('',#2336,#14532);
#14534=EDGE_CURVE('',#2337,#2339,#14533,.T.);
#14535=ORIENTED_EDGE('',*,*,#14534,.T.);
#14536=DIRECTION('',(0.975707,0.219082,0));
#14537=VECTOR('',#14536,0.166879);
#14538=LINE('',#2338,#14537);
#14539=EDGE_CURVE('',#2339,#2341,#14538,.T.);
#14540=ORIENTED_EDGE('',*,*,#14539,.T.);
#14541=DIRECTION('',(0.985274,0.170984,0));
#14542=VECTOR('',#14541,0.166881);
#14543=LINE('',#2340,#14542);
#14544=EDGE_CURVE('',#2341,#2343,#14543,.T.);
#14545=ORIENTED_EDGE('',*,*,#14544,.T.);
#14546=DIRECTION('',(0.992466,0.122521,0));
#14547=VECTOR('',#14546,0.166884);
#14548=LINE('',#2342,#14547);
#14549=EDGE_CURVE('',#2343,#2345,#14548,.T.);
#14550=ORIENTED_EDGE('',*,*,#14549,.T.);
#14551=DIRECTION('',(0.997294,0.073515,0));
#14552=VECTOR('',#14551,0.166879);
#14553=LINE('',#2344,#14552);
#14554=EDGE_CURVE('',#2345,#2347,#14553,.T.);
#14555=ORIENTED_EDGE('',*,*,#14554,.T.);
#14556=DIRECTION('',(0.9997,0.024505,0));
#14557=VECTOR('',#14556,0.16688);
#14558=LINE('',#2346,#14557);
#14559=EDGE_CURVE('',#2347,#2349,#14558,.T.);
#14560=ORIENTED_EDGE('',*,*,#14559,.T.);
#14561=DIRECTION('',(0.9997,-0.024505,0));
#14562=VECTOR('',#14561,0.16688);
#14563=LINE('',#2348,#14562);
#14564=EDGE_CURVE('',#2349,#2351,#14563,.T.);
#14565=ORIENTED_EDGE('',*,*,#14564,.T.);
#14566=DIRECTION('',(0.997294,-0.073515,0));
#14567=VECTOR('',#14566,0.166879);
#14568=LINE('',#2350,#14567);
#14569=EDGE_CURVE('',#2351,#2353,#14568,.T.);
#14570=ORIENTED_EDGE('',*,*,#14569,.T.);
#14571=DIRECTION('',(0.992466,-0.122521,0));
#14572=VECTOR('',#14571,0.166884);
#14573=LINE('',#2352,#14572);
#14574=EDGE_CURVE('',#2353,#2355,#14573,.T.);
#14575=ORIENTED_EDGE('',*,*,#14574,.T.);
#14576=DIRECTION('',(0.985274,-0.170984,0));
#14577=VECTOR('',#14576,0.166881);
#14578=LINE('',#2354,#14577);
#14579=EDGE_CURVE('',#2355,#2445,#14578,.T.);
#14580=ORIENTED_EDGE('',*,*,#14579,.T.);
#14581=DIRECTION('',(-0.975707,0.219082,0));
#14582=VECTOR('',#14581,0.166879);
#14583=LINE('',#2418,#14582);
#14584=EDGE_CURVE('',#2419,#2445,#14583,.T.);
#14585=ORIENTED_EDGE('',*,*,#14584,.F.);
#14586=DIRECTION('',(0.963798,-0.266632,0));
#14587=VECTOR('',#14586,0.166876);
#14588=LINE('',#2418,#14587);
#14589=EDGE_CURVE('',#2419,#2421,#14588,.T.);
#14590=ORIENTED_EDGE('',*,*,#14589,.T.);
#14591=DIRECTION('',(0.949546,-0.313627,0));
#14592=VECTOR('',#14591,0.166878);
#14593=LINE('',#2420,#14592);
#14594=EDGE_CURVE('',#2421,#2423,#14593,.T.);
#14595=ORIENTED_EDGE('',*,*,#14594,.T.);
#14596=DIRECTION('',(0.932995,-0.35989,0));
#14597=VECTOR('',#14596,0.166881);
#14598=LINE('',#2422,#14597);
#14599=EDGE_CURVE('',#2423,#2425,#14598,.T.);
#14600=ORIENTED_EDGE('',*,*,#14599,.T.);
#14601=DIRECTION('',(0.914209,-0.405243,0));
#14602=VECTOR('',#14601,0.16688);
#14603=LINE('',#2424,#14602);
#14604=EDGE_CURVE('',#2425,#2427,#14603,.T.);
#14605=ORIENTED_EDGE('',*,*,#14604,.T.);
#14606=DIRECTION('',(0.893196,-0.449667,0));
#14607=VECTOR('',#14606,0.166885);
#14608=LINE('',#2426,#14607);
#14609=EDGE_CURVE('',#2427,#2431,#14608,.T.);
#14610=ORIENTED_EDGE('',*,*,#14609,.T.);
#14611=DIRECTION('',(-0.870114,0.492851,0));
#14612=VECTOR('',#14611,0.166876);
#14613=LINE('',#2428,#14612);
#14614=EDGE_CURVE('',#2429,#2431,#14613,.T.);
#14615=ORIENTED_EDGE('',*,*,#14614,.F.);
#14616=DIRECTION('',(0.844816,-0.535057,0));
#14617=VECTOR('',#14616,0.166888);
#14618=LINE('',#2428,#14617);
#14619=EDGE_CURVE('',#2429,#2433,#14618,.T.);
#14620=ORIENTED_EDGE('',*,*,#14619,.T.);
#14621=DIRECTION('',(0.817559,-0.575845,0));
#14622=VECTOR('',#14621,0.166885);
#14623=LINE('',#2432,#14622);
#14624=EDGE_CURVE('',#2433,#2435,#14623,.T.);
#14625=ORIENTED_EDGE('',*,*,#14624,.T.);
#14626=DIRECTION('',(0.788372,-0.615199,0));
#14627=VECTOR('',#14626,0.166875);
#14628=LINE('',#2434,#14627);
#14629=EDGE_CURVE('',#2435,#2443,#14628,.T.);
#14630=ORIENTED_EDGE('',*,*,#14629,.T.);
#14631=DIRECTION('',(-0.757189,0.653196,0));
#14632=VECTOR('',#14631,0.166885);
#14633=LINE('',#2436,#14632);
#14634=EDGE_CURVE('',#2437,#2443,#14633,.T.);
#14635=ORIENTED_EDGE('',*,*,#14634,.F.);
#14636=DIRECTION('',(0.724306,-0.689478,0));
#14637=VECTOR('',#14636,0.166867);
#14638=LINE('',#2436,#14637);
#14639=EDGE_CURVE('',#2437,#2439,#14638,.T.);
#14640=ORIENTED_EDGE('',*,*,#14639,.T.);
#14641=DIRECTION('',(0.689487,-0.724298,0));
#14642=VECTOR('',#14641,0.166893);
#14643=LINE('',#2438,#14642);
#14644=EDGE_CURVE('',#2439,#2441,#14643,.T.);
#14645=ORIENTED_EDGE('',*,*,#14644,.T.);
#14646=DIRECTION('',(0.653232,-0.757158,0));
#14647=VECTOR('',#14646,0.166864);
#14648=LINE('',#2440,#14647);
#14649=EDGE_CURVE('',#2441,#2467,#14648,.T.);
#14650=ORIENTED_EDGE('',*,*,#14649,.T.);
#14651=DIRECTION('',(-0.615229,0.788349,0));
#14652=VECTOR('',#14651,0.166882);
#14653=LINE('',#2464,#14652);
#14654=EDGE_CURVE('',#2465,#2467,#14653,.T.);
#14655=ORIENTED_EDGE('',*,*,#14654,.F.);
#14656=DIRECTION('',(0.57579,-0.817597,0));
#14657=VECTOR('',#14656,0.166884);
#14658=LINE('',#2464,#14657);
#14659=EDGE_CURVE('',#2465,#2469,#14658,.T.);
#14660=ORIENTED_EDGE('',*,*,#14659,.T.);
#14661=DIRECTION('',(-0.534995,0.844855,0));
#14662=VECTOR('',#14661,0.166882);
#14663=LINE('',#2452,#14662);
#14664=EDGE_CURVE('',#2453,#2469,#14663,.T.);
#14665=ORIENTED_EDGE('',*,*,#14664,.F.);
#14666=DIRECTION('',(-0.492898,0.870087,0));
#14667=VECTOR('',#14666,0.166883);
#14668=LINE('',#2450,#14667);
#14669=EDGE_CURVE('',#2451,#2453,#14668,.T.);
#14670=ORIENTED_EDGE('',*,*,#14669,.F.);
#14671=DIRECTION('',(-0.449571,0.893245,0));
#14672=VECTOR('',#14671,0.166895);
#14673=LINE('',#2448,#14672);
#14674=EDGE_CURVE('',#2449,#2451,#14673,.T.);
#14675=ORIENTED_EDGE('',*,*,#14674,.F.);
#14676=DIRECTION('',(-0.405246,0.914208,0));
#14677=VECTOR('',#14676,0.166874);
#14678=LINE('',#2446,#14677);
#14679=EDGE_CURVE('',#2447,#2449,#14678,.T.);
#14680=ORIENTED_EDGE('',*,*,#14679,.F.);
#14681=DIRECTION('',(0.359896,-0.932993,0));
#14682=VECTOR('',#14681,0.166883);
#14683=LINE('',#2446,#14682);
#14684=EDGE_CURVE('',#2447,#2461,#14683,.T.);
#14685=ORIENTED_EDGE('',*,*,#14684,.T.);
#14686=DIRECTION('',(-0.313699,0.949522,0));
#14687=VECTOR('',#14686,0.16687);
#14688=LINE('',#2458,#14687);
#14689=EDGE_CURVE('',#2459,#2461,#14688,.T.);
#14690=ORIENTED_EDGE('',*,*,#14689,.F.);
#14691=DIRECTION('',(0.266729,-0.963772,0));
#14692=VECTOR('',#14691,0.166873);
#14693=LINE('',#2458,#14692);
#14694=EDGE_CURVE('',#2459,#2463,#14693,.T.);
#14695=ORIENTED_EDGE('',*,*,#14694,.T.);
#14696=DIRECTION('',(-0.219071,0.975709,0));
#14697=VECTOR('',#14696,0.166896);
#14698=LINE('',#2456,#14697);
#14699=EDGE_CURVE('',#2457,#2463,#14698,.T.);
#14700=ORIENTED_EDGE('',*,*,#14699,.F.);
#14701=DIRECTION('',(-0.170956,0.985279,0));
#14702=VECTOR('',#14701,0.166885);
#14703=LINE('',#2454,#14702);
#14704=EDGE_CURVE('',#2455,#2457,#14703,.T.);
#14705=ORIENTED_EDGE('',*,*,#14704,.F.);
#14706=DIRECTION('',(-0.122425,0.992478,0));
#14707=VECTOR('',#14706,0.166874);
#14708=LINE('',#2416,#14707);
#14709=EDGE_CURVE('',#2417,#2455,#14708,.T.);
#14710=ORIENTED_EDGE('',*,*,#14709,.F.);
#14711=DIRECTION('',(-0.073567,0.99729,0));
#14712=VECTOR('',#14711,0.166865);
#14713=LINE('',#2414,#14712);
#14714=EDGE_CURVE('',#2415,#2417,#14713,.T.);
#14715=ORIENTED_EDGE('',*,*,#14714,.F.);
#14716=DIRECTION('',(-0.024538,0.999699,0));
#14717=VECTOR('',#14716,0.16689);
#14718=LINE('',#2412,#14717);
#14719=EDGE_CURVE('',#2413,#2415,#14718,.T.);
#14720=ORIENTED_EDGE('',*,*,#14719,.F.);
#14721=DIRECTION('',(0.024538,0.999699,0));
#14722=VECTOR('',#14721,0.16689);
#14723=LINE('',#2410,#14722);
#14724=EDGE_CURVE('',#2411,#2413,#14723,.T.);
#14725=ORIENTED_EDGE('',*,*,#14724,.F.);
#14726=DIRECTION('',(0.073567,0.99729,0));
#14727=VECTOR('',#14726,0.166865);
#14728=LINE('',#2408,#14727);
#14729=EDGE_CURVE('',#2409,#2411,#14728,.T.);
#14730=ORIENTED_EDGE('',*,*,#14729,.F.);
#14731=DIRECTION('',(0.122425,0.992478,0));
#14732=VECTOR('',#14731,0.166874);
#14733=LINE('',#2406,#14732);
#14734=EDGE_CURVE('',#2407,#2409,#14733,.T.);
#14735=ORIENTED_EDGE('',*,*,#14734,.F.);
#14736=DIRECTION('',(0.170956,0.985279,0));
#14737=VECTOR('',#14736,0.166885);
#14738=LINE('',#2404,#14737);
#14739=EDGE_CURVE('',#2405,#2407,#14738,.T.);
#14740=ORIENTED_EDGE('',*,*,#14739,.F.);
#14741=DIRECTION('',(0.219071,0.975709,0));
#14742=VECTOR('',#14741,0.166896);
#14743=LINE('',#2402,#14742);
#14744=EDGE_CURVE('',#2403,#2405,#14743,.T.);
#14745=ORIENTED_EDGE('',*,*,#14744,.F.);
#14746=DIRECTION('',(0.266729,0.963772,0));
#14747=VECTOR('',#14746,0.166873);
#14748=LINE('',#2400,#14747);
#14749=EDGE_CURVE('',#2401,#2403,#14748,.T.);
#14750=ORIENTED_EDGE('',*,*,#14749,.F.);
#14751=DIRECTION('',(0.313699,0.949522,0));
#14752=VECTOR('',#14751,0.16687);
#14753=LINE('',#2398,#14752);
#14754=EDGE_CURVE('',#2399,#2401,#14753,.T.);
#14755=ORIENTED_EDGE('',*,*,#14754,.F.);
#14756=DIRECTION('',(0.359896,0.932993,0));
#14757=VECTOR('',#14756,0.166883);
#14758=LINE('',#2396,#14757);
#14759=EDGE_CURVE('',#2397,#2399,#14758,.T.);
#14760=ORIENTED_EDGE('',*,*,#14759,.F.);
#14761=DIRECTION('',(0.405246,0.914208,0));
#14762=VECTOR('',#14761,0.166874);
#14763=LINE('',#2394,#14762);
#14764=EDGE_CURVE('',#2395,#2397,#14763,.T.);
#14765=ORIENTED_EDGE('',*,*,#14764,.F.);
#14766=DIRECTION('',(0.449571,0.893245,0));
#14767=VECTOR('',#14766,0.166895);
#14768=LINE('',#2392,#14767);
#14769=EDGE_CURVE('',#2393,#2395,#14768,.T.);
#14770=ORIENTED_EDGE('',*,*,#14769,.F.);
#14771=DIRECTION('',(0.492898,0.870087,0));
#14772=VECTOR('',#14771,0.166883);
#14773=LINE('',#2390,#14772);
#14774=EDGE_CURVE('',#2391,#2393,#14773,.T.);
#14775=ORIENTED_EDGE('',*,*,#14774,.F.);
#14776=DIRECTION('',(0.534995,0.844855,0));
#14777=VECTOR('',#14776,0.166882);
#14778=LINE('',#2388,#14777);
#14779=EDGE_CURVE('',#2389,#2391,#14778,.T.);
#14780=ORIENTED_EDGE('',*,*,#14779,.F.);
#14781=DIRECTION('',(0.57579,0.817597,0));
#14782=VECTOR('',#14781,0.166884);
#14783=LINE('',#2386,#14782);
#14784=EDGE_CURVE('',#2387,#2389,#14783,.T.);
#14785=ORIENTED_EDGE('',*,*,#14784,.F.);
#14786=DIRECTION('',(0.615229,0.788349,0));
#14787=VECTOR('',#14786,0.166882);
#14788=LINE('',#2384,#14787);
#14789=EDGE_CURVE('',#2385,#2387,#14788,.T.);
#14790=ORIENTED_EDGE('',*,*,#14789,.F.);
#14791=DIRECTION('',(0.653232,0.757158,0));
#14792=VECTOR('',#14791,0.166864);
#14793=LINE('',#2382,#14792);
#14794=EDGE_CURVE('',#2383,#2385,#14793,.T.);
#14795=ORIENTED_EDGE('',*,*,#14794,.F.);
#14796=DIRECTION('',(0.689487,0.724298,0));
#14797=VECTOR('',#14796,0.166893);
#14798=LINE('',#2380,#14797);
#14799=EDGE_CURVE('',#2381,#2383,#14798,.T.);
#14800=ORIENTED_EDGE('',*,*,#14799,.F.);
#14801=DIRECTION('',(0.724306,0.689478,0));
#14802=VECTOR('',#14801,0.166867);
#14803=LINE('',#2378,#14802);
#14804=EDGE_CURVE('',#2379,#2381,#14803,.T.);
#14805=ORIENTED_EDGE('',*,*,#14804,.F.);
#14806=DIRECTION('',(0.757189,0.653196,0));
#14807=VECTOR('',#14806,0.166885);
#14808=LINE('',#2376,#14807);
#14809=EDGE_CURVE('',#2377,#2379,#14808,.T.);
#14810=ORIENTED_EDGE('',*,*,#14809,.F.);
#14811=DIRECTION('',(0.788372,0.615199,0));
#14812=VECTOR('',#14811,0.166875);
#14813=LINE('',#2374,#14812);
#14814=EDGE_CURVE('',#2375,#2377,#14813,.T.);
#14815=ORIENTED_EDGE('',*,*,#14814,.F.);
#14816=DIRECTION('',(0.817559,0.575845,0));
#14817=VECTOR('',#14816,0.166885);
#14818=LINE('',#2372,#14817);
#14819=EDGE_CURVE('',#2373,#2375,#14818,.T.);
#14820=ORIENTED_EDGE('',*,*,#14819,.F.);
#14821=DIRECTION('',(0.844816,0.535057,0));
#14822=VECTOR('',#14821,0.166888);
#14823=LINE('',#2370,#14822);
#14824=EDGE_CURVE('',#2371,#2373,#14823,.T.);
#14825=ORIENTED_EDGE('',*,*,#14824,.F.);
#14826=EDGE_LOOP('',(#14190,#14195,#14200,#14205,#14210,#14215,#14220,#14225,#14230,#14235,#14240,#14245,#14250,#14255,#14260,#14265,#14270,#14275,#14280,#14285,#14290,#14295,#14300,#14305,#14310,#14315,#14320,#14325,#14330,#14335,#14340,#14345,#14350,#14355,#14360,#14365,#14370,#14375,#14380,#14385,#14390,#14395,#14400,#14405,#14410,#14415,#14420,#14425,#14430,#14435,#14440,#14445,#14450,#14455,#14460,#14465,#14470,#14475,#14480,#14485,#14490,#14495,#14500,#14505,#14510,#14515,#14520,#14525,#14530,#14535,#14540,#14545,#14550,#14555,#14560,#14565,#14570,#14575,#14580,#14585,#14590,#14595,#14600,#14605,#14610,#14615,#14620,#14625,#14630,#14635,#14640,#14645,#14650,#14655,#14660,#14665,#14670,#14675,#14680,#14685,#14690,#14695,#14700,#14705,#14710,#14715,#14720,#14725,#14730,#14735,#14740,#14745,#14750,#14755,#14760,#14765,#14770,#14775,#14780,#14785,#14790,#14795,#14800,#14805,#14810,#14815,#14820,#14825));
#14827=FACE_BOUND('',#14826,.T.);
#14828=ADVANCED_FACE('',(#14185,#14827),#14171,.T.);
#14829=DIRECTION('',(0,1,0));
#14830=DIRECTION('',(0,0,1));
#14831=AXIS2_PLACEMENT_3D('',#1192,#14829,#14830);
#14832=PLANE('',#14831);
#14833=ORIENTED_EDGE('',*,*,#6454,.F.);
#14834=ORIENTED_EDGE('',*,*,#2594,.F.);
#14835=ORIENTED_EDGE('',*,*,#13506,.T.);
#14836=ORIENTED_EDGE('',*,*,#13518,.T.);
#14837=EDGE_LOOP('',(#14833,#14834,#14835,#14836));
#14838=FACE_OUTER_BOUND('',#14837,.T.);
#14839=ADVANCED_FACE('',(#14838),#14832,.T.);
#14840=DIRECTION('',(0,1,0));
#14841=DIRECTION('',(0,0,1));
#14842=AXIS2_PLACEMENT_3D('',#2472,#14840,#14841);
#14843=PLANE('',#14842);
#14844=ORIENTED_EDGE('',*,*,#14182,.T.);
#14845=DIRECTION('',(0,0,1));
#14846=VECTOR('',#14845,0.75);
#14847=LINE('',#2526,#14846);
#14848=EDGE_CURVE('',#2527,#2529,#14847,.T.);
#14849=ORIENTED_EDGE('',*,*,#14848,.F.);
#14850=ORIENTED_EDGE('',*,*,#2614,.F.);
#14851=ORIENTED_EDGE('',*,*,#6491,.T.);
#14852=EDGE_LOOP('',(#14844,#14849,#14850,#14851));
#14853=FACE_OUTER_BOUND('',#14852,.T.);
#14854=ADVANCED_FACE('',(#14853),#14843,.T.);
#14855=DIRECTION('',(1,0,0));
#14856=DIRECTION('',(0,0,-1));
#14857=AXIS2_PLACEMENT_3D('',#2526,#14855,#14856);
#14858=PLANE('',#14857);
#14859=ORIENTED_EDGE('',*,*,#14848,.T.);
#14860=ORIENTED_EDGE('',*,*,#14177,.F.);
#14861=ORIENTED_EDGE('',*,*,#5742,.F.);
#14862=ORIENTED_EDGE('',*,*,#2619,.T.);
#14863=EDGE_LOOP('',(#14859,#14860,#14861,#14862));
#14864=FACE_OUTER_BOUND('',#14863,.T.);
#14865=ADVANCED_FACE('',(#14864),#14858,.T.);
#14866=DIRECTION('',(0.689478,0.724306,-0));
#14867=DIRECTION('',(-0,0,1));
#14868=AXIS2_PLACEMENT_3D('',#1960,#14866,#14867);
#14869=PLANE('',#14868);
#14870=ORIENTED_EDGE('',*,*,#2991,.T.);
#14871=DIRECTION('',(0,0,1));
#14872=VECTOR('',#14871,0.75);
#14873=LINE('',#2004,#14872);
#14874=EDGE_CURVE('',#2005,#2261,#14873,.T.);
#14875=ORIENTED_EDGE('',*,*,#14874,.T.);
#14876=ORIENTED_EDGE('',*,*,#14319,.F.);
#14877=DIRECTION('',(0,0,1));
#14878=VECTOR('',#14877,0.75);
#14879=LINE('',#1960,#14878);
#14880=EDGE_CURVE('',#1961,#2217,#14879,.T.);
#14881=ORIENTED_EDGE('',*,*,#14880,.F.);
#14882=EDGE_LOOP('',(#14870,#14875,#14876,#14881));
#14883=FACE_OUTER_BOUND('',#14882,.T.);
#14884=ADVANCED_FACE('',(#14883),#14869,.T.);
#14885=DIRECTION('',(0.653196,0.757189,-0));
#14886=DIRECTION('',(-0,0,1));
#14887=AXIS2_PLACEMENT_3D('',#1960,#14885,#14886);
#14888=PLANE('',#14887);
#14889=ORIENTED_EDGE('',*,*,#14880,.T.);
#14890=ORIENTED_EDGE('',*,*,#14314,.F.);
#14891=DIRECTION('',(0,0,1));
#14892=VECTOR('',#14891,0.75);
#14893=LINE('',#1958,#14892);
#14894=EDGE_CURVE('',#1959,#2215,#14893,.T.);
#14895=ORIENTED_EDGE('',*,*,#14894,.F.);
#14896=ORIENTED_EDGE('',*,*,#2996,.T.);
#14897=EDGE_LOOP('',(#14889,#14890,#14895,#14896));
#14898=FACE_OUTER_BOUND('',#14897,.T.);
#14899=ADVANCED_FACE('',(#14898),#14888,.T.);
#14900=DIRECTION('',(0.615199,0.788372,0));
#14901=DIRECTION('',(0,0,1));
#14902=AXIS2_PLACEMENT_3D('',#2218,#14900,#14901);
#14903=PLANE('',#14902);
#14904=DIRECTION('',(0,0,1));
#14905=VECTOR('',#14904,0.75);
#14906=LINE('',#1962,#14905);
#14907=EDGE_CURVE('',#1963,#2219,#14906,.T.);
#14908=ORIENTED_EDGE('',*,*,#14907,.F.);
#14909=ORIENTED_EDGE('',*,*,#3001,.F.);
#14910=ORIENTED_EDGE('',*,*,#14894,.T.);
#14911=ORIENTED_EDGE('',*,*,#14309,.T.);
#14912=EDGE_LOOP('',(#14908,#14909,#14910,#14911));
#14913=FACE_OUTER_BOUND('',#14912,.T.);
#14914=ADVANCED_FACE('',(#14913),#14903,.T.);
#14915=DIRECTION('',(0.575845,0.817559,-0));
#14916=DIRECTION('',(-0,0,1));
#14917=AXIS2_PLACEMENT_3D('',#2220,#14915,#14916);
#14918=PLANE('',#14917);
#14919=DIRECTION('',(0,0,1));
#14920=VECTOR('',#14919,0.75);
#14921=LINE('',#1964,#14920);
#14922=EDGE_CURVE('',#1965,#2221,#14921,.T.);
#14923=ORIENTED_EDGE('',*,*,#14922,.F.);
#14924=ORIENTED_EDGE('',*,*,#3006,.F.);
#14925=ORIENTED_EDGE('',*,*,#14907,.T.);
#14926=ORIENTED_EDGE('',*,*,#14304,.T.);
#14927=EDGE_LOOP('',(#14923,#14924,#14925,#14926));
#14928=FACE_OUTER_BOUND('',#14927,.T.);
#14929=ADVANCED_FACE('',(#14928),#14918,.T.);
#14930=DIRECTION('',(0.535057,0.844816,-0));
#14931=DIRECTION('',(-0,0,1));
#14932=AXIS2_PLACEMENT_3D('',#1964,#14930,#14931);
#14933=PLANE('',#14932);
#14934=ORIENTED_EDGE('',*,*,#14922,.T.);
#14935=ORIENTED_EDGE('',*,*,#14299,.T.);
#14936=DIRECTION('',(0,0,1));
#14937=VECTOR('',#14936,0.75);
#14938=LINE('',#1966,#14937);
#14939=EDGE_CURVE('',#1967,#2223,#14938,.T.);
#14940=ORIENTED_EDGE('',*,*,#14939,.F.);
#14941=ORIENTED_EDGE('',*,*,#3011,.F.);
#14942=EDGE_LOOP('',(#14934,#14935,#14940,#14941));
#14943=FACE_OUTER_BOUND('',#14942,.T.);
#14944=ADVANCED_FACE('',(#14943),#14933,.T.);
#14945=DIRECTION('',(0.492851,0.870114,-0));
#14946=DIRECTION('',(-0,0,1));
#14947=AXIS2_PLACEMENT_3D('',#2008,#14945,#14946);
#14948=PLANE('',#14947);
#14949=ORIENTED_EDGE('',*,*,#3016,.F.);
#14950=ORIENTED_EDGE('',*,*,#14939,.T.);
#14951=ORIENTED_EDGE('',*,*,#14294,.T.);
#14952=DIRECTION('',(0,0,1));
#14953=VECTOR('',#14952,0.75);
#14954=LINE('',#2008,#14953);
#14955=EDGE_CURVE('',#2009,#2265,#14954,.T.);
#14956=ORIENTED_EDGE('',*,*,#14955,.F.);
#14957=EDGE_LOOP('',(#14949,#14950,#14951,#14956));
#14958=FACE_OUTER_BOUND('',#14957,.T.);
#14959=ADVANCED_FACE('',(#14958),#14948,.T.);
#14960=DIRECTION('',(0.949522,0.313699,0));
#14961=DIRECTION('',(0,0,-1));
#14962=AXIS2_PLACEMENT_3D('',#1984,#14960,#14961);
#14963=PLANE('',#14962);
#14964=DIRECTION('',(0,0,1));
#14965=VECTOR('',#14964,0.75);
#14966=LINE('',#1984,#14965);
#14967=EDGE_CURVE('',#1985,#2241,#14966,.T.);
#14968=ORIENTED_EDGE('',*,*,#14967,.T.);
#14969=ORIENTED_EDGE('',*,*,#14369,.F.);
#14970=DIRECTION('',(0,0,1));
#14971=VECTOR('',#14970,0.75);
#14972=LINE('',#1980,#14971);
#14973=EDGE_CURVE('',#1981,#2237,#14972,.T.);
#14974=ORIENTED_EDGE('',*,*,#14973,.F.);
#14975=ORIENTED_EDGE('',*,*,#2941,.T.);
#14976=EDGE_LOOP('',(#14968,#14969,#14974,#14975));
#14977=FACE_OUTER_BOUND('',#14976,.T.);
#14978=ADVANCED_FACE('',(#14977),#14963,.T.);
#14979=DIRECTION('',(0.844855,0.534995,0));
#14980=DIRECTION('',(0,0,1));
#14981=AXIS2_PLACEMENT_3D('',#2226,#14979,#14980);
#14982=PLANE('',#14981);
#14983=ORIENTED_EDGE('',*,*,#14344,.F.);
#14984=DIRECTION('',(0,0,1));
#14985=VECTOR('',#14984,0.75);
#14986=LINE('',#1968,#14985);
#14987=EDGE_CURVE('',#1969,#2225,#14986,.T.);
#14988=ORIENTED_EDGE('',*,*,#14987,.F.);
#14989=ORIENTED_EDGE('',*,*,#2966,.T.);
#14990=DIRECTION('',(0,0,1));
#14991=VECTOR('',#14990,0.75);
#14992=LINE('',#1970,#14991);
#14993=EDGE_CURVE('',#1971,#2227,#14992,.T.);
#14994=ORIENTED_EDGE('',*,*,#14993,.T.);
#14995=EDGE_LOOP('',(#14983,#14988,#14989,#14994));
#14996=FACE_OUTER_BOUND('',#14995,.T.);
#14997=ADVANCED_FACE('',(#14996),#14982,.T.);
#14998=DIRECTION('',(0.788349,0.615229,0));
#14999=DIRECTION('',(0,0,1));
#15000=AXIS2_PLACEMENT_3D('',#2256,#14998,#14999);
#15001=PLANE('',#15000);
#15002=DIRECTION('',(0,0,1));
#15003=VECTOR('',#15002,0.75);
#15004=LINE('',#2000,#15003);
#15005=EDGE_CURVE('',#2001,#2257,#15004,.T.);
#15006=ORIENTED_EDGE('',*,*,#15005,.F.);
#15007=ORIENTED_EDGE('',*,*,#2976,.F.);
#15008=DIRECTION('',(0,0,1));
#15009=VECTOR('',#15008,0.75);
#15010=LINE('',#1972,#15009);
#15011=EDGE_CURVE('',#1973,#2229,#15010,.T.);
#15012=ORIENTED_EDGE('',*,*,#15011,.T.);
#15013=ORIENTED_EDGE('',*,*,#14334,.T.);
#15014=EDGE_LOOP('',(#15006,#15007,#15012,#15013));
#15015=FACE_OUTER_BOUND('',#15014,.T.);
#15016=ADVANCED_FACE('',(#15015),#15001,.T.);
#15017=DIRECTION('',(0.817597,0.57579,0));
#15018=DIRECTION('',(0,0,1));
#15019=AXIS2_PLACEMENT_3D('',#1972,#15017,#15018);
#15020=PLANE('',#15019);
#15021=ORIENTED_EDGE('',*,*,#2971,.F.);
#15022=ORIENTED_EDGE('',*,*,#14987,.T.);
#15023=ORIENTED_EDGE('',*,*,#14339,.T.);
#15024=ORIENTED_EDGE('',*,*,#15011,.F.);
#15025=EDGE_LOOP('',(#15021,#15022,#15023,#15024));
#15026=FACE_OUTER_BOUND('',#15025,.T.);
#15027=ADVANCED_FACE('',(#15026),#15020,.T.);
#15028=DIRECTION('',(0.914208,0.405246,0));
#15029=DIRECTION('',(0,0,-1));
#15030=AXIS2_PLACEMENT_3D('',#2232,#15028,#15029);
#15031=PLANE('',#15030);
#15032=DIRECTION('',(0,0,1));
#15033=VECTOR('',#15032,0.75);
#15034=LINE('',#1976,#15033);
#15035=EDGE_CURVE('',#1977,#2233,#15034,.T.);
#15036=ORIENTED_EDGE('',*,*,#15035,.F.);
#15037=ORIENTED_EDGE('',*,*,#2951,.T.);
#15038=DIRECTION('',(0,0,1));
#15039=VECTOR('',#15038,0.75);
#15040=LINE('',#1978,#15039);
#15041=EDGE_CURVE('',#1979,#2235,#15040,.T.);
#15042=ORIENTED_EDGE('',*,*,#15041,.T.);
#15043=ORIENTED_EDGE('',*,*,#14359,.F.);
#15044=EDGE_LOOP('',(#15036,#15037,#15042,#15043));
#15045=FACE_OUTER_BOUND('',#15044,.T.);
#15046=ADVANCED_FACE('',(#15045),#15031,.T.);
#15047=DIRECTION('',(0.870087,0.492898,0));
#15048=DIRECTION('',(0,0,1));
#15049=AXIS2_PLACEMENT_3D('',#2230,#15047,#15048);
#15050=PLANE('',#15049);
#15051=ORIENTED_EDGE('',*,*,#14349,.F.);
#15052=ORIENTED_EDGE('',*,*,#14993,.F.);
#15053=ORIENTED_EDGE('',*,*,#2961,.T.);
#15054=DIRECTION('',(0,0,1));
#15055=VECTOR('',#15054,0.75);
#15056=LINE('',#1974,#15055);
#15057=EDGE_CURVE('',#1975,#2231,#15056,.T.);
#15058=ORIENTED_EDGE('',*,*,#15057,.T.);
#15059=EDGE_LOOP('',(#15051,#15052,#15053,#15058));
#15060=FACE_OUTER_BOUND('',#15059,.T.);
#15061=ADVANCED_FACE('',(#15060),#15050,.T.);
#15062=DIRECTION('',(0.893245,0.449571,0));
#15063=DIRECTION('',(0,0,1));
#15064=AXIS2_PLACEMENT_3D('',#1974,#15062,#15063);
#15065=PLANE('',#15064);
#15066=ORIENTED_EDGE('',*,*,#2956,.T.);
#15067=ORIENTED_EDGE('',*,*,#15035,.T.);
#15068=ORIENTED_EDGE('',*,*,#14354,.F.);
#15069=ORIENTED_EDGE('',*,*,#15057,.F.);
#15070=EDGE_LOOP('',(#15066,#15067,#15068,#15069));
#15071=FACE_OUTER_BOUND('',#15070,.T.);
#15072=ADVANCED_FACE('',(#15071),#15065,.T.);
#15073=DIRECTION('',(0.932993,0.359896,0));
#15074=DIRECTION('',(0,0,-1));
#15075=AXIS2_PLACEMENT_3D('',#2234,#15073,#15074);
#15076=PLANE('',#15075);
#15077=ORIENTED_EDGE('',*,*,#15041,.F.);
#15078=ORIENTED_EDGE('',*,*,#2946,.T.);
#15079=ORIENTED_EDGE('',*,*,#14973,.T.);
#15080=ORIENTED_EDGE('',*,*,#14364,.F.);
#15081=EDGE_LOOP('',(#15077,#15078,#15079,#15080));
#15082=FACE_OUTER_BOUND('',#15081,.T.);
#15083=ADVANCED_FACE('',(#15082),#15076,.T.);
#15084=DIRECTION('',(0.963772,0.266729,0));
#15085=DIRECTION('',(0,0,-1));
#15086=AXIS2_PLACEMENT_3D('',#2240,#15084,#15085);
#15087=PLANE('',#15086);
#15088=ORIENTED_EDGE('',*,*,#14967,.F.);
#15089=ORIENTED_EDGE('',*,*,#2936,.F.);
#15090=DIRECTION('',(0,0,1));
#15091=VECTOR('',#15090,0.75);
#15092=LINE('',#1982,#15091);
#15093=EDGE_CURVE('',#1983,#2239,#15092,.T.);
#15094=ORIENTED_EDGE('',*,*,#15093,.T.);
#15095=ORIENTED_EDGE('',*,*,#14374,.T.);
#15096=EDGE_LOOP('',(#15088,#15089,#15094,#15095));
#15097=FACE_OUTER_BOUND('',#15096,.T.);
#15098=ADVANCED_FACE('',(#15097),#15087,.T.);
#15099=DIRECTION('',(0.975709,0.219071,0));
#15100=DIRECTION('',(0,0,-1));
#15101=AXIS2_PLACEMENT_3D('',#2242,#15099,#15100);
#15102=PLANE('',#15101);
#15103=ORIENTED_EDGE('',*,*,#14379,.F.);
#15104=ORIENTED_EDGE('',*,*,#15093,.F.);
#15105=ORIENTED_EDGE('',*,*,#2931,.T.);
#15106=DIRECTION('',(0,0,1));
#15107=VECTOR('',#15106,0.75);
#15108=LINE('',#1986,#15107);
#15109=EDGE_CURVE('',#1987,#2243,#15108,.T.);
#15110=ORIENTED_EDGE('',*,*,#15109,.T.);
#15111=EDGE_LOOP('',(#15103,#15104,#15105,#15110));
#15112=FACE_OUTER_BOUND('',#15111,.T.);
#15113=ADVANCED_FACE('',(#15112),#15102,.T.);
#15114=DIRECTION('',(0.985279,0.170956,0));
#15115=DIRECTION('',(0,0,-1));
#15116=AXIS2_PLACEMENT_3D('',#2244,#15114,#15115);
#15117=PLANE('',#15116);
#15118=ORIENTED_EDGE('',*,*,#14384,.F.);
#15119=ORIENTED_EDGE('',*,*,#15109,.F.);
#15120=ORIENTED_EDGE('',*,*,#2926,.T.);
#15121=DIRECTION('',(0,0,1));
#15122=VECTOR('',#15121,0.75);
#15123=LINE('',#1988,#15122);
#15124=EDGE_CURVE('',#1989,#2245,#15123,.T.);
#15125=ORIENTED_EDGE('',*,*,#15124,.T.);
#15126=EDGE_LOOP('',(#15118,#15119,#15120,#15125));
#15127=FACE_OUTER_BOUND('',#15126,.T.);
#15128=ADVANCED_FACE('',(#15127),#15117,.T.);
#15129=DIRECTION('',(0.992478,0.122425,0));
#15130=DIRECTION('',(0,0,-1));
#15131=AXIS2_PLACEMENT_3D('',#1988,#15129,#15130);
#15132=PLANE('',#15131);
#15133=ORIENTED_EDGE('',*,*,#2921,.T.);
#15134=DIRECTION('',(0,0,1));
#15135=VECTOR('',#15134,0.75);
#15136=LINE('',#1990,#15135);
#15137=EDGE_CURVE('',#1991,#2247,#15136,.T.);
#15138=ORIENTED_EDGE('',*,*,#15137,.T.);
#15139=ORIENTED_EDGE('',*,*,#14389,.F.);
#15140=ORIENTED_EDGE('',*,*,#15124,.F.);
#15141=EDGE_LOOP('',(#15133,#15138,#15139,#15140));
#15142=FACE_OUTER_BOUND('',#15141,.T.);
#15143=ADVANCED_FACE('',(#15142),#15132,.T.);
#15144=DIRECTION('',(0.99729,0.073567,0));
#15145=DIRECTION('',(0,0,-1));
#15146=AXIS2_PLACEMENT_3D('',#2248,#15144,#15145);
#15147=PLANE('',#15146);
#15148=ORIENTED_EDGE('',*,*,#14394,.F.);
#15149=ORIENTED_EDGE('',*,*,#15137,.F.);
#15150=ORIENTED_EDGE('',*,*,#2916,.T.);
#15151=DIRECTION('',(0,0,1));
#15152=VECTOR('',#15151,0.75);
#15153=LINE('',#1992,#15152);
#15154=EDGE_CURVE('',#1993,#2249,#15153,.T.);
#15155=ORIENTED_EDGE('',*,*,#15154,.T.);
#15156=EDGE_LOOP('',(#15148,#15149,#15150,#15155));
#15157=FACE_OUTER_BOUND('',#15156,.T.);
#15158=ADVANCED_FACE('',(#15157),#15147,.T.);
#15159=DIRECTION('',(0.999699,0.024538,0));
#15160=DIRECTION('',(0,0,-1));
#15161=AXIS2_PLACEMENT_3D('',#2250,#15159,#15160);
#15162=PLANE('',#15161);
#15163=ORIENTED_EDGE('',*,*,#14399,.F.);
#15164=ORIENTED_EDGE('',*,*,#15154,.F.);
#15165=ORIENTED_EDGE('',*,*,#2911,.T.);
#15166=DIRECTION('',(0,0,1));
#15167=VECTOR('',#15166,0.75);
#15168=LINE('',#1994,#15167);
#15169=EDGE_CURVE('',#1995,#2251,#15168,.T.);
#15170=ORIENTED_EDGE('',*,*,#15169,.T.);
#15171=EDGE_LOOP('',(#15163,#15164,#15165,#15170));
#15172=FACE_OUTER_BOUND('',#15171,.T.);
#15173=ADVANCED_FACE('',(#15172),#15162,.T.);
#15174=DIRECTION('',(0.999699,-0.024538,0));
#15175=DIRECTION('',(0,0,-1));
#15176=AXIS2_PLACEMENT_3D('',#1996,#15174,#15175);
#15177=PLANE('',#15176);
#15178=DIRECTION('',(0,0,1));
#15179=VECTOR('',#15178,0.75);
#15180=LINE('',#1996,#15179);
#15181=EDGE_CURVE('',#1997,#2253,#15180,.T.);
#15182=ORIENTED_EDGE('',*,*,#15181,.T.);
#15183=ORIENTED_EDGE('',*,*,#14404,.F.);
#15184=ORIENTED_EDGE('',*,*,#15169,.F.);
#15185=ORIENTED_EDGE('',*,*,#2906,.T.);
#15186=EDGE_LOOP('',(#15182,#15183,#15184,#15185));
#15187=FACE_OUTER_BOUND('',#15186,.T.);
#15188=ADVANCED_FACE('',(#15187),#15177,.T.);
#15189=DIRECTION('',(0.99729,-0.073567,0));
#15190=DIRECTION('',(0,0,-1));
#15191=AXIS2_PLACEMENT_3D('',#2252,#15189,#15190);
#15192=PLANE('',#15191);
#15193=ORIENTED_EDGE('',*,*,#15181,.F.);
#15194=ORIENTED_EDGE('',*,*,#2901,.T.);
#15195=DIRECTION('',(0,0,1));
#15196=VECTOR('',#15195,0.75);
#15197=LINE('',#1998,#15196);
#15198=EDGE_CURVE('',#1999,#2255,#15197,.T.);
#15199=ORIENTED_EDGE('',*,*,#15198,.T.);
#15200=ORIENTED_EDGE('',*,*,#14409,.F.);
#15201=EDGE_LOOP('',(#15193,#15194,#15199,#15200));
#15202=FACE_OUTER_BOUND('',#15201,.T.);
#15203=ADVANCED_FACE('',(#15202),#15192,.T.);
#15204=DIRECTION('',(0.992478,-0.122425,0));
#15205=DIRECTION('',(0,0,-1));
#15206=AXIS2_PLACEMENT_3D('',#1998,#15204,#15205);
#15207=PLANE('',#15206);
#15208=ORIENTED_EDGE('',*,*,#2896,.T.);
#15209=DIRECTION('',(0,0,1));
#15210=VECTOR('',#15209,0.75);
#15211=LINE('',#2034,#15210);
#15212=EDGE_CURVE('',#2035,#2291,#15211,.T.);
#15213=ORIENTED_EDGE('',*,*,#15212,.T.);
#15214=ORIENTED_EDGE('',*,*,#14414,.F.);
#15215=ORIENTED_EDGE('',*,*,#15198,.F.);
#15216=EDGE_LOOP('',(#15208,#15213,#15214,#15215));
#15217=FACE_OUTER_BOUND('',#15216,.T.);
#15218=ADVANCED_FACE('',(#15217),#15207,.T.);
#15219=DIRECTION('',(0.757158,0.653232,0));
#15220=DIRECTION('',(0,0,1));
#15221=AXIS2_PLACEMENT_3D('',#2258,#15219,#15220);
#15222=PLANE('',#15221);
#15223=DIRECTION('',(0,0,1));
#15224=VECTOR('',#15223,0.75);
#15225=LINE('',#2002,#15224);
#15226=EDGE_CURVE('',#2003,#2259,#15225,.T.);
#15227=ORIENTED_EDGE('',*,*,#15226,.F.);
#15228=ORIENTED_EDGE('',*,*,#2981,.F.);
#15229=ORIENTED_EDGE('',*,*,#15005,.T.);
#15230=ORIENTED_EDGE('',*,*,#14329,.T.);
#15231=EDGE_LOOP('',(#15227,#15228,#15229,#15230));
#15232=FACE_OUTER_BOUND('',#15231,.T.);
#15233=ADVANCED_FACE('',(#15232),#15222,.T.);
#15234=DIRECTION('',(0.724298,0.689487,0));
#15235=DIRECTION('',(0,0,1));
#15236=AXIS2_PLACEMENT_3D('',#2258,#15234,#15235);
#15237=PLANE('',#15236);
#15238=ORIENTED_EDGE('',*,*,#14324,.T.);
#15239=ORIENTED_EDGE('',*,*,#14874,.F.);
#15240=ORIENTED_EDGE('',*,*,#2986,.F.);
#15241=ORIENTED_EDGE('',*,*,#15226,.T.);
#15242=EDGE_LOOP('',(#15238,#15239,#15240,#15241));
#15243=FACE_OUTER_BOUND('',#15242,.T.);
#15244=ADVANCED_FACE('',(#15243),#15237,.T.);
#15245=DIRECTION('',(0.35989,0.932995,-0));
#15246=DIRECTION('',(-0,0,1));
#15247=AXIS2_PLACEMENT_3D('',#2262,#15245,#15246);
#15248=PLANE('',#15247);
#15249=DIRECTION('',(0,0,1));
#15250=VECTOR('',#15249,0.75);
#15251=LINE('',#2006,#15250);
#15252=EDGE_CURVE('',#2007,#2263,#15251,.T.);
#15253=ORIENTED_EDGE('',*,*,#15252,.F.);
#15254=ORIENTED_EDGE('',*,*,#3031,.T.);
#15255=DIRECTION('',(0,0,1));
#15256=VECTOR('',#15255,0.75);
#15257=LINE('',#2012,#15256);
#15258=EDGE_CURVE('',#2013,#2269,#15257,.T.);
#15259=ORIENTED_EDGE('',*,*,#15258,.T.);
#15260=ORIENTED_EDGE('',*,*,#14279,.F.);
#15261=EDGE_LOOP('',(#15253,#15254,#15259,#15260));
#15262=FACE_OUTER_BOUND('',#15261,.T.);
#15263=ADVANCED_FACE('',(#15262),#15248,.T.);
#15264=DIRECTION('',(0.449667,0.893196,0));
#15265=DIRECTION('',(0,0,1));
#15266=AXIS2_PLACEMENT_3D('',#2264,#15264,#15265);
#15267=PLANE('',#15266);
#15268=ORIENTED_EDGE('',*,*,#14289,.T.);
#15269=DIRECTION('',(0,0,1));
#15270=VECTOR('',#15269,0.75);
#15271=LINE('',#2010,#15270);
#15272=EDGE_CURVE('',#2011,#2267,#15271,.T.);
#15273=ORIENTED_EDGE('',*,*,#15272,.F.);
#15274=ORIENTED_EDGE('',*,*,#3021,.F.);
#15275=ORIENTED_EDGE('',*,*,#14955,.T.);
#15276=EDGE_LOOP('',(#15268,#15273,#15274,#15275));
#15277=FACE_OUTER_BOUND('',#15276,.T.);
#15278=ADVANCED_FACE('',(#15277),#15267,.T.);
#15279=DIRECTION('',(0.405243,0.914209,-0));
#15280=DIRECTION('',(-0,0,1));
#15281=AXIS2_PLACEMENT_3D('',#2012,#15279,#15280);
#15282=PLANE('',#15281);
#15283=ORIENTED_EDGE('',*,*,#3026,.F.);
#15284=ORIENTED_EDGE('',*,*,#15272,.T.);
#15285=ORIENTED_EDGE('',*,*,#14284,.T.);
#15286=ORIENTED_EDGE('',*,*,#15258,.F.);
#15287=EDGE_LOOP('',(#15283,#15284,#15285,#15286));
#15288=FACE_OUTER_BOUND('',#15287,.T.);
#15289=ADVANCED_FACE('',(#15288),#15282,.T.);
#15290=DIRECTION('',(0.313627,0.949546,0));
#15291=DIRECTION('',(0,0,1));
#15292=AXIS2_PLACEMENT_3D('',#2270,#15290,#15291);
#15293=PLANE('',#15292);
#15294=DIRECTION('',(0,0,1));
#15295=VECTOR('',#15294,0.75);
#15296=LINE('',#2014,#15295);
#15297=EDGE_CURVE('',#2015,#2271,#15296,.T.);
#15298=ORIENTED_EDGE('',*,*,#15297,.F.);
#15299=ORIENTED_EDGE('',*,*,#3036,.F.);
#15300=ORIENTED_EDGE('',*,*,#15252,.T.);
#15301=ORIENTED_EDGE('',*,*,#14274,.T.);
#15302=EDGE_LOOP('',(#15298,#15299,#15300,#15301));
#15303=FACE_OUTER_BOUND('',#15302,.T.);
#15304=ADVANCED_FACE('',(#15303),#15293,.T.);
#15305=DIRECTION('',(0.266632,0.963798,0));
#15306=DIRECTION('',(0,0,1));
#15307=AXIS2_PLACEMENT_3D('',#2270,#15305,#15306);
#15308=PLANE('',#15307);
#15309=ORIENTED_EDGE('',*,*,#14269,.T.);
#15310=DIRECTION('',(0,0,1));
#15311=VECTOR('',#15310,0.75);
#15312=LINE('',#2016,#15311);
#15313=EDGE_CURVE('',#2017,#2273,#15312,.T.);
#15314=ORIENTED_EDGE('',*,*,#15313,.F.);
#15315=ORIENTED_EDGE('',*,*,#3041,.F.);
#15316=ORIENTED_EDGE('',*,*,#15297,.T.);
#15317=EDGE_LOOP('',(#15309,#15314,#15315,#15316));
#15318=FACE_OUTER_BOUND('',#15317,.T.);
#15319=ADVANCED_FACE('',(#15318),#15308,.T.);
#15320=DIRECTION('',(0.219082,0.975707,0));
#15321=DIRECTION('',(0,0,1));
#15322=AXIS2_PLACEMENT_3D('',#2274,#15320,#15321);
#15323=PLANE('',#15322);
#15324=DIRECTION('',(0,0,1));
#15325=VECTOR('',#15324,0.75);
#15326=LINE('',#2018,#15325);
#15327=EDGE_CURVE('',#2019,#2275,#15326,.T.);
#15328=ORIENTED_EDGE('',*,*,#15327,.F.);
#15329=ORIENTED_EDGE('',*,*,#3046,.F.);
#15330=ORIENTED_EDGE('',*,*,#15313,.T.);
#15331=ORIENTED_EDGE('',*,*,#14264,.T.);
#15332=EDGE_LOOP('',(#15328,#15329,#15330,#15331));
#15333=FACE_OUTER_BOUND('',#15332,.T.);
#15334=ADVANCED_FACE('',(#15333),#15323,.T.);
#15335=DIRECTION('',(0.170984,0.985274,0));
#15336=DIRECTION('',(0,0,1));
#15337=AXIS2_PLACEMENT_3D('',#2274,#15335,#15336);
#15338=PLANE('',#15337);
#15339=ORIENTED_EDGE('',*,*,#14259,.T.);
#15340=DIRECTION('',(0,0,1));
#15341=VECTOR('',#15340,0.75);
#15342=LINE('',#2020,#15341);
#15343=EDGE_CURVE('',#2021,#2277,#15342,.T.);
#15344=ORIENTED_EDGE('',*,*,#15343,.F.);
#15345=ORIENTED_EDGE('',*,*,#3051,.F.);
#15346=ORIENTED_EDGE('',*,*,#15327,.T.);
#15347=EDGE_LOOP('',(#15339,#15344,#15345,#15346));
#15348=FACE_OUTER_BOUND('',#15347,.T.);
#15349=ADVANCED_FACE('',(#15348),#15338,.T.);
#15350=DIRECTION('',(0.122521,0.992466,0));
#15351=DIRECTION('',(0,0,1));
#15352=AXIS2_PLACEMENT_3D('',#2278,#15350,#15351);
#15353=PLANE('',#15352);
#15354=DIRECTION('',(0,0,1));
#15355=VECTOR('',#15354,0.75);
#15356=LINE('',#2022,#15355);
#15357=EDGE_CURVE('',#2023,#2279,#15356,.T.);
#15358=ORIENTED_EDGE('',*,*,#15357,.F.);
#15359=ORIENTED_EDGE('',*,*,#3056,.F.);
#15360=ORIENTED_EDGE('',*,*,#15343,.T.);
#15361=ORIENTED_EDGE('',*,*,#14254,.T.);
#15362=EDGE_LOOP('',(#15358,#15359,#15360,#15361));
#15363=FACE_OUTER_BOUND('',#15362,.T.);
#15364=ADVANCED_FACE('',(#15363),#15353,.T.);
#15365=DIRECTION('',(0.073515,0.997294,0));
#15366=DIRECTION('',(0,0,1));
#15367=AXIS2_PLACEMENT_3D('',#2278,#15365,#15366);
#15368=PLANE('',#15367);
#15369=ORIENTED_EDGE('',*,*,#14249,.T.);
#15370=DIRECTION('',(0,0,1));
#15371=VECTOR('',#15370,0.75);
#15372=LINE('',#2024,#15371);
#15373=EDGE_CURVE('',#2025,#2281,#15372,.T.);
#15374=ORIENTED_EDGE('',*,*,#15373,.F.);
#15375=ORIENTED_EDGE('',*,*,#3061,.F.);
#15376=ORIENTED_EDGE('',*,*,#15357,.T.);
#15377=EDGE_LOOP('',(#15369,#15374,#15375,#15376));
#15378=FACE_OUTER_BOUND('',#15377,.T.);
#15379=ADVANCED_FACE('',(#15378),#15368,.T.);
#15380=DIRECTION('',(0.024505,0.9997,0));
#15381=DIRECTION('',(0,0,1));
#15382=AXIS2_PLACEMENT_3D('',#2026,#15380,#15381);
#15383=PLANE('',#15382);
#15384=ORIENTED_EDGE('',*,*,#3066,.F.);
#15385=ORIENTED_EDGE('',*,*,#15373,.T.);
#15386=ORIENTED_EDGE('',*,*,#14244,.T.);
#15387=DIRECTION('',(0,0,1));
#15388=VECTOR('',#15387,0.75);
#15389=LINE('',#2026,#15388);
#15390=EDGE_CURVE('',#2027,#2283,#15389,.T.);
#15391=ORIENTED_EDGE('',*,*,#15390,.F.);
#15392=EDGE_LOOP('',(#15384,#15385,#15386,#15391));
#15393=FACE_OUTER_BOUND('',#15392,.T.);
#15394=ADVANCED_FACE('',(#15393),#15383,.T.);
#15395=DIRECTION('',(-0.024505,0.9997,0));
#15396=DIRECTION('',(0,-0,1));
#15397=AXIS2_PLACEMENT_3D('',#2284,#15395,#15396);
#15398=PLANE('',#15397);
#15399=DIRECTION('',(0,0,1));
#15400=VECTOR('',#15399,0.75);
#15401=LINE('',#2028,#15400);
#15402=EDGE_CURVE('',#2029,#2285,#15401,.T.);
#15403=ORIENTED_EDGE('',*,*,#15402,.F.);
#15404=ORIENTED_EDGE('',*,*,#3071,.F.);
#15405=ORIENTED_EDGE('',*,*,#15390,.T.);
#15406=ORIENTED_EDGE('',*,*,#14239,.T.);
#15407=EDGE_LOOP('',(#15403,#15404,#15405,#15406));
#15408=FACE_OUTER_BOUND('',#15407,.T.);
#15409=ADVANCED_FACE('',(#15408),#15398,.T.);
#15410=DIRECTION('',(-0.073515,0.997294,0));
#15411=DIRECTION('',(0,-0,1));
#15412=AXIS2_PLACEMENT_3D('',#2284,#15410,#15411);
#15413=PLANE('',#15412);
#15414=ORIENTED_EDGE('',*,*,#14234,.T.);
#15415=DIRECTION('',(0,0,1));
#15416=VECTOR('',#15415,0.75);
#15417=LINE('',#2030,#15416);
#15418=EDGE_CURVE('',#2031,#2287,#15417,.T.);
#15419=ORIENTED_EDGE('',*,*,#15418,.F.);
#15420=ORIENTED_EDGE('',*,*,#3076,.F.);
#15421=ORIENTED_EDGE('',*,*,#15402,.T.);
#15422=EDGE_LOOP('',(#15414,#15419,#15420,#15421));
#15423=FACE_OUTER_BOUND('',#15422,.T.);
#15424=ADVANCED_FACE('',(#15423),#15413,.T.);
#15425=DIRECTION('',(-0.122521,0.992466,0));
#15426=DIRECTION('',(0,-0,1));
#15427=AXIS2_PLACEMENT_3D('',#2288,#15425,#15426);
#15428=PLANE('',#15427);
#15429=DIRECTION('',(0,0,1));
#15430=VECTOR('',#15429,0.75);
#15431=LINE('',#2032,#15430);
#15432=EDGE_CURVE('',#2033,#2289,#15431,.T.);
#15433=ORIENTED_EDGE('',*,*,#15432,.F.);
#15434=ORIENTED_EDGE('',*,*,#3081,.F.);
#15435=ORIENTED_EDGE('',*,*,#15418,.T.);
#15436=ORIENTED_EDGE('',*,*,#14229,.T.);
#15437=EDGE_LOOP('',(#15433,#15434,#15435,#15436));
#15438=FACE_OUTER_BOUND('',#15437,.T.);
#15439=ADVANCED_FACE('',(#15438),#15428,.T.);
#15440=DIRECTION('',(0.985279,-0.170956,0));
#15441=DIRECTION('',(0,0,-1));
#15442=AXIS2_PLACEMENT_3D('',#2036,#15440,#15441);
#15443=PLANE('',#15442);
#15444=DIRECTION('',(0,0,1));
#15445=VECTOR('',#15444,0.75);
#15446=LINE('',#2036,#15445);
#15447=EDGE_CURVE('',#2037,#2293,#15446,.T.);
#15448=ORIENTED_EDGE('',*,*,#15447,.T.);
#15449=ORIENTED_EDGE('',*,*,#14419,.F.);
#15450=ORIENTED_EDGE('',*,*,#15212,.F.);
#15451=ORIENTED_EDGE('',*,*,#2891,.T.);
#15452=EDGE_LOOP('',(#15448,#15449,#15450,#15451));
#15453=FACE_OUTER_BOUND('',#15452,.T.);
#15454=ADVANCED_FACE('',(#15453),#15443,.T.);
#15455=DIRECTION('',(0.975709,-0.219071,0));
#15456=DIRECTION('',(0,0,-1));
#15457=AXIS2_PLACEMENT_3D('',#2292,#15455,#15456);
#15458=PLANE('',#15457);
#15459=ORIENTED_EDGE('',*,*,#15447,.F.);
#15460=ORIENTED_EDGE('',*,*,#2886,.T.);
#15461=DIRECTION('',(0,0,1));
#15462=VECTOR('',#15461,0.75);
#15463=LINE('',#2038,#15462);
#15464=EDGE_CURVE('',#2039,#2295,#15463,.T.);
#15465=ORIENTED_EDGE('',*,*,#15464,.T.);
#15466=ORIENTED_EDGE('',*,*,#14424,.F.);
#15467=EDGE_LOOP('',(#15459,#15460,#15465,#15466));
#15468=FACE_OUTER_BOUND('',#15467,.T.);
#15469=ADVANCED_FACE('',(#15468),#15458,.T.);
#15470=DIRECTION('',(0.963772,-0.266729,0));
#15471=DIRECTION('',(0,0,-1));
#15472=AXIS2_PLACEMENT_3D('',#2038,#15470,#15471);
#15473=PLANE('',#15472);
#15474=ORIENTED_EDGE('',*,*,#2881,.T.);
#15475=DIRECTION('',(0,0,1));
#15476=VECTOR('',#15475,0.75);
#15477=LINE('',#2040,#15476);
#15478=EDGE_CURVE('',#2041,#2297,#15477,.T.);
#15479=ORIENTED_EDGE('',*,*,#15478,.T.);
#15480=ORIENTED_EDGE('',*,*,#14429,.F.);
#15481=ORIENTED_EDGE('',*,*,#15464,.F.);
#15482=EDGE_LOOP('',(#15474,#15479,#15480,#15481));
#15483=FACE_OUTER_BOUND('',#15482,.T.);
#15484=ADVANCED_FACE('',(#15483),#15473,.T.);
#15485=DIRECTION('',(0.949522,-0.313699,0));
#15486=DIRECTION('',(0,0,-1));
#15487=AXIS2_PLACEMENT_3D('',#2042,#15485,#15486);
#15488=PLANE('',#15487);
#15489=DIRECTION('',(0,0,1));
#15490=VECTOR('',#15489,0.75);
#15491=LINE('',#2042,#15490);
#15492=EDGE_CURVE('',#2043,#2299,#15491,.T.);
#15493=ORIENTED_EDGE('',*,*,#15492,.T.);
#15494=ORIENTED_EDGE('',*,*,#14434,.F.);
#15495=ORIENTED_EDGE('',*,*,#15478,.F.);
#15496=ORIENTED_EDGE('',*,*,#2876,.T.);
#15497=EDGE_LOOP('',(#15493,#15494,#15495,#15496));
#15498=FACE_OUTER_BOUND('',#15497,.T.);
#15499=ADVANCED_FACE('',(#15498),#15488,.T.);
#15500=DIRECTION('',(0.932993,-0.359896,0));
#15501=DIRECTION('',(0,0,-1));
#15502=AXIS2_PLACEMENT_3D('',#2042,#15500,#15501);
#15503=PLANE('',#15502);
#15504=ORIENTED_EDGE('',*,*,#2871,.T.);
#15505=DIRECTION('',(0,0,1));
#15506=VECTOR('',#15505,0.75);
#15507=LINE('',#2044,#15506);
#15508=EDGE_CURVE('',#2045,#2301,#15507,.T.);
#15509=ORIENTED_EDGE('',*,*,#15508,.T.);
#15510=ORIENTED_EDGE('',*,*,#14439,.F.);
#15511=ORIENTED_EDGE('',*,*,#15492,.F.);
#15512=EDGE_LOOP('',(#15504,#15509,#15510,#15511));
#15513=FACE_OUTER_BOUND('',#15512,.T.);
#15514=ADVANCED_FACE('',(#15513),#15503,.T.);
#15515=DIRECTION('',(0.914208,-0.405246,0));
#15516=DIRECTION('',(0,0,-1));
#15517=AXIS2_PLACEMENT_3D('',#2302,#15515,#15516);
#15518=PLANE('',#15517);
#15519=ORIENTED_EDGE('',*,*,#14444,.F.);
#15520=ORIENTED_EDGE('',*,*,#15508,.F.);
#15521=ORIENTED_EDGE('',*,*,#2866,.T.);
#15522=DIRECTION('',(0,0,1));
#15523=VECTOR('',#15522,0.75);
#15524=LINE('',#2046,#15523);
#15525=EDGE_CURVE('',#2047,#2303,#15524,.T.);
#15526=ORIENTED_EDGE('',*,*,#15525,.T.);
#15527=EDGE_LOOP('',(#15519,#15520,#15521,#15526));
#15528=FACE_OUTER_BOUND('',#15527,.T.);
#15529=ADVANCED_FACE('',(#15528),#15518,.T.);
#15530=DIRECTION('',(0.893245,-0.449571,0));
#15531=DIRECTION('',(0,0,-1));
#15532=AXIS2_PLACEMENT_3D('',#2046,#15530,#15531);
#15533=PLANE('',#15532);
#15534=ORIENTED_EDGE('',*,*,#2861,.T.);
#15535=DIRECTION('',(0,0,1));
#15536=VECTOR('',#15535,0.75);
#15537=LINE('',#2048,#15536);
#15538=EDGE_CURVE('',#2049,#2305,#15537,.T.);
#15539=ORIENTED_EDGE('',*,*,#15538,.T.);
#15540=ORIENTED_EDGE('',*,*,#14449,.F.);
#15541=ORIENTED_EDGE('',*,*,#15525,.F.);
#15542=EDGE_LOOP('',(#15534,#15539,#15540,#15541));
#15543=FACE_OUTER_BOUND('',#15542,.T.);
#15544=ADVANCED_FACE('',(#15543),#15533,.T.);
#15545=DIRECTION('',(0.870087,-0.492898,0));
#15546=DIRECTION('',(0,0,-1));
#15547=AXIS2_PLACEMENT_3D('',#2050,#15545,#15546);
#15548=PLANE('',#15547);
#15549=DIRECTION('',(0,0,1));
#15550=VECTOR('',#15549,0.75);
#15551=LINE('',#2050,#15550);
#15552=EDGE_CURVE('',#2051,#2307,#15551,.T.);
#15553=ORIENTED_EDGE('',*,*,#15552,.T.);
#15554=ORIENTED_EDGE('',*,*,#14454,.F.);
#15555=ORIENTED_EDGE('',*,*,#15538,.F.);
#15556=ORIENTED_EDGE('',*,*,#2856,.T.);
#15557=EDGE_LOOP('',(#15553,#15554,#15555,#15556));
#15558=FACE_OUTER_BOUND('',#15557,.T.);
#15559=ADVANCED_FACE('',(#15558),#15548,.T.);
#15560=DIRECTION('',(0.844855,-0.534995,0));
#15561=DIRECTION('',(0,0,-1));
#15562=AXIS2_PLACEMENT_3D('',#2052,#15560,#15561);
#15563=PLANE('',#15562);
#15564=DIRECTION('',(0,0,1));
#15565=VECTOR('',#15564,0.75);
#15566=LINE('',#2052,#15565);
#15567=EDGE_CURVE('',#2053,#2309,#15566,.T.);
#15568=ORIENTED_EDGE('',*,*,#15567,.T.);
#15569=ORIENTED_EDGE('',*,*,#14459,.F.);
#15570=ORIENTED_EDGE('',*,*,#15552,.F.);
#15571=ORIENTED_EDGE('',*,*,#2851,.T.);
#15572=EDGE_LOOP('',(#15568,#15569,#15570,#15571));
#15573=FACE_OUTER_BOUND('',#15572,.T.);
#15574=ADVANCED_FACE('',(#15573),#15563,.T.);
#15575=DIRECTION('',(0.817597,-0.57579,0));
#15576=DIRECTION('',(0,0,-1));
#15577=AXIS2_PLACEMENT_3D('',#2310,#15575,#15576);
#15578=PLANE('',#15577);
#15579=ORIENTED_EDGE('',*,*,#14464,.F.);
#15580=ORIENTED_EDGE('',*,*,#15567,.F.);
#15581=ORIENTED_EDGE('',*,*,#2846,.T.);
#15582=DIRECTION('',(0,0,1));
#15583=VECTOR('',#15582,0.75);
#15584=LINE('',#2054,#15583);
#15585=EDGE_CURVE('',#2055,#2311,#15584,.T.);
#15586=ORIENTED_EDGE('',*,*,#15585,.T.);
#15587=EDGE_LOOP('',(#15579,#15580,#15581,#15586));
#15588=FACE_OUTER_BOUND('',#15587,.T.);
#15589=ADVANCED_FACE('',(#15588),#15578,.T.);
#15590=DIRECTION('',(0.788349,-0.615229,0));
#15591=DIRECTION('',(0,0,-1));
#15592=AXIS2_PLACEMENT_3D('',#2312,#15590,#15591);
#15593=PLANE('',#15592);
#15594=ORIENTED_EDGE('',*,*,#14469,.F.);
#15595=ORIENTED_EDGE('',*,*,#15585,.F.);
#15596=ORIENTED_EDGE('',*,*,#2841,.T.);
#15597=DIRECTION('',(0,0,1));
#15598=VECTOR('',#15597,0.75);
#15599=LINE('',#2056,#15598);
#15600=EDGE_CURVE('',#2057,#2313,#15599,.T.);
#15601=ORIENTED_EDGE('',*,*,#15600,.T.);
#15602=EDGE_LOOP('',(#15594,#15595,#15596,#15601));
#15603=FACE_OUTER_BOUND('',#15602,.T.);
#15604=ADVANCED_FACE('',(#15603),#15593,.T.);
#15605=DIRECTION('',(0.757158,-0.653232,0));
#15606=DIRECTION('',(0,0,-1));
#15607=AXIS2_PLACEMENT_3D('',#2056,#15605,#15606);
#15608=PLANE('',#15607);
#15609=ORIENTED_EDGE('',*,*,#2836,.T.);
#15610=DIRECTION('',(0,0,1));
#15611=VECTOR('',#15610,0.75);
#15612=LINE('',#2058,#15611);
#15613=EDGE_CURVE('',#2059,#2315,#15612,.T.);
#15614=ORIENTED_EDGE('',*,*,#15613,.T.);
#15615=ORIENTED_EDGE('',*,*,#14474,.F.);
#15616=ORIENTED_EDGE('',*,*,#15600,.F.);
#15617=EDGE_LOOP('',(#15609,#15614,#15615,#15616));
#15618=FACE_OUTER_BOUND('',#15617,.T.);
#15619=ADVANCED_FACE('',(#15618),#15608,.T.);
#15620=DIRECTION('',(0.724298,-0.689487,0));
#15621=DIRECTION('',(0,0,-1));
#15622=AXIS2_PLACEMENT_3D('',#2058,#15620,#15621);
#15623=PLANE('',#15622);
#15624=ORIENTED_EDGE('',*,*,#2831,.T.);
#15625=DIRECTION('',(0,0,1));
#15626=VECTOR('',#15625,0.75);
#15627=LINE('',#2060,#15626);
#15628=EDGE_CURVE('',#2061,#2317,#15627,.T.);
#15629=ORIENTED_EDGE('',*,*,#15628,.T.);
#15630=ORIENTED_EDGE('',*,*,#14479,.F.);
#15631=ORIENTED_EDGE('',*,*,#15613,.F.);
#15632=EDGE_LOOP('',(#15624,#15629,#15630,#15631));
#15633=FACE_OUTER_BOUND('',#15632,.T.);
#15634=ADVANCED_FACE('',(#15633),#15623,.T.);
#15635=DIRECTION('',(0.689478,-0.724306,0));
#15636=DIRECTION('',(0,0,-1));
#15637=AXIS2_PLACEMENT_3D('',#2062,#15635,#15636);
#15638=PLANE('',#15637);
#15639=DIRECTION('',(0,0,1));
#15640=VECTOR('',#15639,0.75);
#15641=LINE('',#2062,#15640);
#15642=EDGE_CURVE('',#2063,#2319,#15641,.T.);
#15643=ORIENTED_EDGE('',*,*,#15642,.T.);
#15644=ORIENTED_EDGE('',*,*,#14484,.F.);
#15645=ORIENTED_EDGE('',*,*,#15628,.F.);
#15646=ORIENTED_EDGE('',*,*,#2826,.T.);
#15647=EDGE_LOOP('',(#15643,#15644,#15645,#15646));
#15648=FACE_OUTER_BOUND('',#15647,.T.);
#15649=ADVANCED_FACE('',(#15648),#15638,.T.);
#15650=DIRECTION('',(0.653196,-0.757189,0));
#15651=DIRECTION('',(0,0,-1));
#15652=AXIS2_PLACEMENT_3D('',#2318,#15650,#15651);
#15653=PLANE('',#15652);
#15654=ORIENTED_EDGE('',*,*,#15642,.F.);
#15655=ORIENTED_EDGE('',*,*,#2821,.T.);
#15656=DIRECTION('',(0,0,1));
#15657=VECTOR('',#15656,0.75);
#15658=LINE('',#2064,#15657);
#15659=EDGE_CURVE('',#2065,#2321,#15658,.T.);
#15660=ORIENTED_EDGE('',*,*,#15659,.T.);
#15661=ORIENTED_EDGE('',*,*,#14489,.F.);
#15662=EDGE_LOOP('',(#15654,#15655,#15660,#15661));
#15663=FACE_OUTER_BOUND('',#15662,.T.);
#15664=ADVANCED_FACE('',(#15663),#15653,.T.);
#15665=DIRECTION('',(0.615199,-0.788372,0));
#15666=DIRECTION('',(0,0,-1));
#15667=AXIS2_PLACEMENT_3D('',#2066,#15665,#15666);
#15668=PLANE('',#15667);
#15669=DIRECTION('',(0,0,1));
#15670=VECTOR('',#15669,0.75);
#15671=LINE('',#2066,#15670);
#15672=EDGE_CURVE('',#2067,#2323,#15671,.T.);
#15673=ORIENTED_EDGE('',*,*,#15672,.T.);
#15674=ORIENTED_EDGE('',*,*,#14494,.F.);
#15675=ORIENTED_EDGE('',*,*,#15659,.F.);
#15676=ORIENTED_EDGE('',*,*,#2816,.T.);
#15677=EDGE_LOOP('',(#15673,#15674,#15675,#15676));
#15678=FACE_OUTER_BOUND('',#15677,.T.);
#15679=ADVANCED_FACE('',(#15678),#15668,.T.);
#15680=DIRECTION('',(0.575845,-0.817559,0));
#15681=DIRECTION('',(0,0,-1));
#15682=AXIS2_PLACEMENT_3D('',#2324,#15680,#15681);
#15683=PLANE('',#15682);
#15684=ORIENTED_EDGE('',*,*,#14499,.F.);
#15685=ORIENTED_EDGE('',*,*,#15672,.F.);
#15686=ORIENTED_EDGE('',*,*,#2811,.T.);
#15687=DIRECTION('',(0,0,1));
#15688=VECTOR('',#15687,0.75);
#15689=LINE('',#2068,#15688);
#15690=EDGE_CURVE('',#2069,#2325,#15689,.T.);
#15691=ORIENTED_EDGE('',*,*,#15690,.T.);
#15692=EDGE_LOOP('',(#15684,#15685,#15686,#15691));
#15693=FACE_OUTER_BOUND('',#15692,.T.);
#15694=ADVANCED_FACE('',(#15693),#15683,.T.);
#15695=DIRECTION('',(0.535057,-0.844816,0));
#15696=DIRECTION('',(0,0,-1));
#15697=AXIS2_PLACEMENT_3D('',#2068,#15695,#15696);
#15698=PLANE('',#15697);
#15699=ORIENTED_EDGE('',*,*,#2806,.T.);
#15700=DIRECTION('',(0,0,1));
#15701=VECTOR('',#15700,0.75);
#15702=LINE('',#2070,#15701);
#15703=EDGE_CURVE('',#2071,#2327,#15702,.T.);
#15704=ORIENTED_EDGE('',*,*,#15703,.T.);
#15705=ORIENTED_EDGE('',*,*,#14504,.F.);
#15706=ORIENTED_EDGE('',*,*,#15690,.F.);
#15707=EDGE_LOOP('',(#15699,#15704,#15705,#15706));
#15708=FACE_OUTER_BOUND('',#15707,.T.);
#15709=ADVANCED_FACE('',(#15708),#15698,.T.);
#15710=DIRECTION('',(0.492851,-0.870114,0));
#15711=DIRECTION('',(0,0,-1));
#15712=AXIS2_PLACEMENT_3D('',#2070,#15710,#15711);
#15713=PLANE('',#15712);
#15714=ORIENTED_EDGE('',*,*,#2801,.T.);
#15715=DIRECTION('',(0,0,1));
#15716=VECTOR('',#15715,0.75);
#15717=LINE('',#2072,#15716);
#15718=EDGE_CURVE('',#2073,#2329,#15717,.T.);
#15719=ORIENTED_EDGE('',*,*,#15718,.T.);
#15720=ORIENTED_EDGE('',*,*,#14509,.F.);
#15721=ORIENTED_EDGE('',*,*,#15703,.F.);
#15722=EDGE_LOOP('',(#15714,#15719,#15720,#15721));
#15723=FACE_OUTER_BOUND('',#15722,.T.);
#15724=ADVANCED_FACE('',(#15723),#15713,.T.);
#15725=DIRECTION('',(0.449667,-0.893196,0));
#15726=DIRECTION('',(0,0,-1));
#15727=AXIS2_PLACEMENT_3D('',#2074,#15725,#15726);
#15728=PLANE('',#15727);
#15729=DIRECTION('',(0,0,1));
#15730=VECTOR('',#15729,0.75);
#15731=LINE('',#2074,#15730);
#15732=EDGE_CURVE('',#2075,#2331,#15731,.T.);
#15733=ORIENTED_EDGE('',*,*,#15732,.T.);
#15734=ORIENTED_EDGE('',*,*,#14514,.F.);
#15735=ORIENTED_EDGE('',*,*,#15718,.F.);
#15736=ORIENTED_EDGE('',*,*,#2796,.T.);
#15737=EDGE_LOOP('',(#15733,#15734,#15735,#15736));
#15738=FACE_OUTER_BOUND('',#15737,.T.);
#15739=ADVANCED_FACE('',(#15738),#15728,.T.);
#15740=DIRECTION('',(0.405243,-0.914209,0));
#15741=DIRECTION('',(0,0,-1));
#15742=AXIS2_PLACEMENT_3D('',#2330,#15740,#15741);
#15743=PLANE('',#15742);
#15744=ORIENTED_EDGE('',*,*,#15732,.F.);
#15745=ORIENTED_EDGE('',*,*,#2791,.T.);
#15746=DIRECTION('',(0,0,1));
#15747=VECTOR('',#15746,0.75);
#15748=LINE('',#2076,#15747);
#15749=EDGE_CURVE('',#2077,#2333,#15748,.T.);
#15750=ORIENTED_EDGE('',*,*,#15749,.T.);
#15751=ORIENTED_EDGE('',*,*,#14519,.F.);
#15752=EDGE_LOOP('',(#15744,#15745,#15750,#15751));
#15753=FACE_OUTER_BOUND('',#15752,.T.);
#15754=ADVANCED_FACE('',(#15753),#15743,.T.);
#15755=DIRECTION('',(0.35989,-0.932995,0));
#15756=DIRECTION('',(0,0,-1));
#15757=AXIS2_PLACEMENT_3D('',#2334,#15755,#15756);
#15758=PLANE('',#15757);
#15759=ORIENTED_EDGE('',*,*,#14524,.F.);
#15760=ORIENTED_EDGE('',*,*,#15749,.F.);
#15761=ORIENTED_EDGE('',*,*,#2786,.T.);
#15762=DIRECTION('',(0,0,1));
#15763=VECTOR('',#15762,0.75);
#15764=LINE('',#2078,#15763);
#15765=EDGE_CURVE('',#2079,#2335,#15764,.T.);
#15766=ORIENTED_EDGE('',*,*,#15765,.T.);
#15767=EDGE_LOOP('',(#15759,#15760,#15761,#15766));
#15768=FACE_OUTER_BOUND('',#15767,.T.);
#15769=ADVANCED_FACE('',(#15768),#15758,.T.);
#15770=DIRECTION('',(0.313627,-0.949546,0));
#15771=DIRECTION('',(0,0,-1));
#15772=AXIS2_PLACEMENT_3D('',#2080,#15770,#15771);
#15773=PLANE('',#15772);
#15774=DIRECTION('',(0,0,1));
#15775=VECTOR('',#15774,0.75);
#15776=LINE('',#2080,#15775);
#15777=EDGE_CURVE('',#2081,#2337,#15776,.T.);
#15778=ORIENTED_EDGE('',*,*,#15777,.T.);
#15779=ORIENTED_EDGE('',*,*,#14529,.F.);
#15780=ORIENTED_EDGE('',*,*,#15765,.F.);
#15781=ORIENTED_EDGE('',*,*,#2781,.T.);
#15782=EDGE_LOOP('',(#15778,#15779,#15780,#15781));
#15783=FACE_OUTER_BOUND('',#15782,.T.);
#15784=ADVANCED_FACE('',(#15783),#15773,.T.);
#15785=DIRECTION('',(0.266632,-0.963798,0));
#15786=DIRECTION('',(0,0,-1));
#15787=AXIS2_PLACEMENT_3D('',#2338,#15785,#15786);
#15788=PLANE('',#15787);
#15789=ORIENTED_EDGE('',*,*,#14534,.F.);
#15790=ORIENTED_EDGE('',*,*,#15777,.F.);
#15791=ORIENTED_EDGE('',*,*,#2776,.T.);
#15792=DIRECTION('',(0,0,1));
#15793=VECTOR('',#15792,0.75);
#15794=LINE('',#2082,#15793);
#15795=EDGE_CURVE('',#2083,#2339,#15794,.T.);
#15796=ORIENTED_EDGE('',*,*,#15795,.T.);
#15797=EDGE_LOOP('',(#15789,#15790,#15791,#15796));
#15798=FACE_OUTER_BOUND('',#15797,.T.);
#15799=ADVANCED_FACE('',(#15798),#15788,.T.);
#15800=DIRECTION('',(0.219082,-0.975707,0));
#15801=DIRECTION('',(0,0,-1));
#15802=AXIS2_PLACEMENT_3D('',#2082,#15800,#15801);
#15803=PLANE('',#15802);
#15804=ORIENTED_EDGE('',*,*,#2771,.T.);
#15805=DIRECTION('',(0,0,1));
#15806=VECTOR('',#15805,0.75);
#15807=LINE('',#2084,#15806);
#15808=EDGE_CURVE('',#2085,#2341,#15807,.T.);
#15809=ORIENTED_EDGE('',*,*,#15808,.T.);
#15810=ORIENTED_EDGE('',*,*,#14539,.F.);
#15811=ORIENTED_EDGE('',*,*,#15795,.F.);
#15812=EDGE_LOOP('',(#15804,#15809,#15810,#15811));
#15813=FACE_OUTER_BOUND('',#15812,.T.);
#15814=ADVANCED_FACE('',(#15813),#15803,.T.);
#15815=DIRECTION('',(0.170984,-0.985274,0));
#15816=DIRECTION('',(0,0,-1));
#15817=AXIS2_PLACEMENT_3D('',#2340,#15815,#15816);
#15818=PLANE('',#15817);
#15819=ORIENTED_EDGE('',*,*,#15808,.F.);
#15820=ORIENTED_EDGE('',*,*,#2766,.T.);
#15821=DIRECTION('',(0,0,1));
#15822=VECTOR('',#15821,0.75);
#15823=LINE('',#2086,#15822);
#15824=EDGE_CURVE('',#2087,#2343,#15823,.T.);
#15825=ORIENTED_EDGE('',*,*,#15824,.T.);
#15826=ORIENTED_EDGE('',*,*,#14544,.F.);
#15827=EDGE_LOOP('',(#15819,#15820,#15825,#15826));
#15828=FACE_OUTER_BOUND('',#15827,.T.);
#15829=ADVANCED_FACE('',(#15828),#15818,.T.);
#15830=DIRECTION('',(0.122521,-0.992466,0));
#15831=DIRECTION('',(0,0,-1));
#15832=AXIS2_PLACEMENT_3D('',#2088,#15830,#15831);
#15833=PLANE('',#15832);
#15834=DIRECTION('',(0,0,1));
#15835=VECTOR('',#15834,0.75);
#15836=LINE('',#2088,#15835);
#15837=EDGE_CURVE('',#2089,#2345,#15836,.T.);
#15838=ORIENTED_EDGE('',*,*,#15837,.T.);
#15839=ORIENTED_EDGE('',*,*,#14549,.F.);
#15840=ORIENTED_EDGE('',*,*,#15824,.F.);
#15841=ORIENTED_EDGE('',*,*,#2761,.T.);
#15842=EDGE_LOOP('',(#15838,#15839,#15840,#15841));
#15843=FACE_OUTER_BOUND('',#15842,.T.);
#15844=ADVANCED_FACE('',(#15843),#15833,.T.);
#15845=DIRECTION('',(0.073515,-0.997294,0));
#15846=DIRECTION('',(0,0,-1));
#15847=AXIS2_PLACEMENT_3D('',#2088,#15845,#15846);
#15848=PLANE('',#15847);
#15849=ORIENTED_EDGE('',*,*,#2756,.T.);
#15850=DIRECTION('',(0,0,1));
#15851=VECTOR('',#15850,0.75);
#15852=LINE('',#2090,#15851);
#15853=EDGE_CURVE('',#2091,#2347,#15852,.T.);
#15854=ORIENTED_EDGE('',*,*,#15853,.T.);
#15855=ORIENTED_EDGE('',*,*,#14554,.F.);
#15856=ORIENTED_EDGE('',*,*,#15837,.F.);
#15857=EDGE_LOOP('',(#15849,#15854,#15855,#15856));
#15858=FACE_OUTER_BOUND('',#15857,.T.);
#15859=ADVANCED_FACE('',(#15858),#15848,.T.);
#15860=DIRECTION('',(0.024505,-0.9997,0));
#15861=DIRECTION('',(0,0,-1));
#15862=AXIS2_PLACEMENT_3D('',#2346,#15860,#15861);
#15863=PLANE('',#15862);
#15864=ORIENTED_EDGE('',*,*,#15853,.F.);
#15865=ORIENTED_EDGE('',*,*,#2751,.T.);
#15866=DIRECTION('',(0,0,1));
#15867=VECTOR('',#15866,0.75);
#15868=LINE('',#2092,#15867);
#15869=EDGE_CURVE('',#2093,#2349,#15868,.T.);
#15870=ORIENTED_EDGE('',*,*,#15869,.T.);
#15871=ORIENTED_EDGE('',*,*,#14559,.F.);
#15872=EDGE_LOOP('',(#15864,#15865,#15870,#15871));
#15873=FACE_OUTER_BOUND('',#15872,.T.);
#15874=ADVANCED_FACE('',(#15873),#15863,.T.);
#15875=DIRECTION('',(-0.024505,-0.9997,0));
#15876=DIRECTION('',(0,-0,-1));
#15877=AXIS2_PLACEMENT_3D('',#2092,#15875,#15876);
#15878=PLANE('',#15877);
#15879=ORIENTED_EDGE('',*,*,#2746,.T.);
#15880=DIRECTION('',(0,0,1));
#15881=VECTOR('',#15880,0.75);
#15882=LINE('',#2094,#15881);
#15883=EDGE_CURVE('',#2095,#2351,#15882,.T.);
#15884=ORIENTED_EDGE('',*,*,#15883,.T.);
#15885=ORIENTED_EDGE('',*,*,#14564,.F.);
#15886=ORIENTED_EDGE('',*,*,#15869,.F.);
#15887=EDGE_LOOP('',(#15879,#15884,#15885,#15886));
#15888=FACE_OUTER_BOUND('',#15887,.T.);
#15889=ADVANCED_FACE('',(#15888),#15878,.T.);
#15890=DIRECTION('',(-0.073515,-0.997294,0));
#15891=DIRECTION('',(0,-0,-1));
#15892=AXIS2_PLACEMENT_3D('',#2352,#15890,#15891);
#15893=PLANE('',#15892);
#15894=ORIENTED_EDGE('',*,*,#14569,.F.);
#15895=ORIENTED_EDGE('',*,*,#15883,.F.);
#15896=ORIENTED_EDGE('',*,*,#2741,.T.);
#15897=DIRECTION('',(0,0,1));
#15898=VECTOR('',#15897,0.75);
#15899=LINE('',#2096,#15898);
#15900=EDGE_CURVE('',#2097,#2353,#15899,.T.);
#15901=ORIENTED_EDGE('',*,*,#15900,.T.);
#15902=EDGE_LOOP('',(#15894,#15895,#15896,#15901));
#15903=FACE_OUTER_BOUND('',#15902,.T.);
#15904=ADVANCED_FACE('',(#15903),#15893,.T.);
#15905=DIRECTION('',(-0.122521,-0.992466,0));
#15906=DIRECTION('',(0,-0,-1));
#15907=AXIS2_PLACEMENT_3D('',#2096,#15905,#15906);
#15908=PLANE('',#15907);
#15909=ORIENTED_EDGE('',*,*,#2736,.T.);
#15910=DIRECTION('',(0,0,1));
#15911=VECTOR('',#15910,0.75);
#15912=LINE('',#2098,#15911);
#15913=EDGE_CURVE('',#2099,#2355,#15912,.T.);
#15914=ORIENTED_EDGE('',*,*,#15913,.T.);
#15915=ORIENTED_EDGE('',*,*,#14574,.F.);
#15916=ORIENTED_EDGE('',*,*,#15900,.F.);
#15917=EDGE_LOOP('',(#15909,#15914,#15915,#15916));
#15918=FACE_OUTER_BOUND('',#15917,.T.);
#15919=ADVANCED_FACE('',(#15918),#15908,.T.);
#15920=DIRECTION('',(-0.170984,0.985274,0));
#15921=DIRECTION('',(0,-0,1));
#15922=AXIS2_PLACEMENT_3D('',#2100,#15920,#15921);
#15923=PLANE('',#15922);
#15924=ORIENTED_EDGE('',*,*,#3086,.F.);
#15925=ORIENTED_EDGE('',*,*,#15432,.T.);
#15926=ORIENTED_EDGE('',*,*,#14224,.T.);
#15927=DIRECTION('',(0,0,1));
#15928=VECTOR('',#15927,0.75);
#15929=LINE('',#2100,#15928);
#15930=EDGE_CURVE('',#2101,#2357,#15929,.T.);
#15931=ORIENTED_EDGE('',*,*,#15930,.F.);
#15932=EDGE_LOOP('',(#15924,#15925,#15926,#15931));
#15933=FACE_OUTER_BOUND('',#15932,.T.);
#15934=ADVANCED_FACE('',(#15933),#15923,.T.);
#15935=DIRECTION('',(-0.219082,0.975707,0));
#15936=DIRECTION('',(0,-0,1));
#15937=AXIS2_PLACEMENT_3D('',#2102,#15935,#15936);
#15938=PLANE('',#15937);
#15939=ORIENTED_EDGE('',*,*,#3091,.F.);
#15940=ORIENTED_EDGE('',*,*,#15930,.T.);
#15941=ORIENTED_EDGE('',*,*,#14219,.T.);
#15942=DIRECTION('',(0,0,1));
#15943=VECTOR('',#15942,0.75);
#15944=LINE('',#2102,#15943);
#15945=EDGE_CURVE('',#2103,#2359,#15944,.T.);
#15946=ORIENTED_EDGE('',*,*,#15945,.F.);
#15947=EDGE_LOOP('',(#15939,#15940,#15941,#15946));
#15948=FACE_OUTER_BOUND('',#15947,.T.);
#15949=ADVANCED_FACE('',(#15948),#15938,.T.);
#15950=DIRECTION('',(-0.266632,0.963798,0));
#15951=DIRECTION('',(0,-0,1));
#15952=AXIS2_PLACEMENT_3D('',#2360,#15950,#15951);
#15953=PLANE('',#15952);
#15954=DIRECTION('',(0,0,1));
#15955=VECTOR('',#15954,0.75);
#15956=LINE('',#2104,#15955);
#15957=EDGE_CURVE('',#2105,#2361,#15956,.T.);
#15958=ORIENTED_EDGE('',*,*,#15957,.F.);
#15959=ORIENTED_EDGE('',*,*,#3096,.F.);
#15960=ORIENTED_EDGE('',*,*,#15945,.T.);
#15961=ORIENTED_EDGE('',*,*,#14214,.T.);
#15962=EDGE_LOOP('',(#15958,#15959,#15960,#15961));
#15963=FACE_OUTER_BOUND('',#15962,.T.);
#15964=ADVANCED_FACE('',(#15963),#15953,.T.);
#15965=DIRECTION('',(-0.313627,0.949546,0));
#15966=DIRECTION('',(0,-0,1));
#15967=AXIS2_PLACEMENT_3D('',#2362,#15965,#15966);
#15968=PLANE('',#15967);
#15969=DIRECTION('',(0,0,1));
#15970=VECTOR('',#15969,0.75);
#15971=LINE('',#2106,#15970);
#15972=EDGE_CURVE('',#2107,#2363,#15971,.T.);
#15973=ORIENTED_EDGE('',*,*,#15972,.F.);
#15974=ORIENTED_EDGE('',*,*,#3101,.F.);
#15975=ORIENTED_EDGE('',*,*,#15957,.T.);
#15976=ORIENTED_EDGE('',*,*,#14209,.T.);
#15977=EDGE_LOOP('',(#15973,#15974,#15975,#15976));
#15978=FACE_OUTER_BOUND('',#15977,.T.);
#15979=ADVANCED_FACE('',(#15978),#15968,.T.);
#15980=DIRECTION('',(-0.35989,0.932995,0));
#15981=DIRECTION('',(0,-0,1));
#15982=AXIS2_PLACEMENT_3D('',#2106,#15980,#15981);
#15983=PLANE('',#15982);
#15984=ORIENTED_EDGE('',*,*,#15972,.T.);
#15985=ORIENTED_EDGE('',*,*,#14204,.T.);
#15986=DIRECTION('',(0,0,1));
#15987=VECTOR('',#15986,0.75);
#15988=LINE('',#2108,#15987);
#15989=EDGE_CURVE('',#2109,#2365,#15988,.T.);
#15990=ORIENTED_EDGE('',*,*,#15989,.F.);
#15991=ORIENTED_EDGE('',*,*,#3106,.F.);
#15992=EDGE_LOOP('',(#15984,#15985,#15990,#15991));
#15993=FACE_OUTER_BOUND('',#15992,.T.);
#15994=ADVANCED_FACE('',(#15993),#15983,.T.);
#15995=DIRECTION('',(-0.405243,0.914209,0));
#15996=DIRECTION('',(0,-0,1));
#15997=AXIS2_PLACEMENT_3D('',#2366,#15995,#15996);
#15998=PLANE('',#15997);
#15999=DIRECTION('',(0,0,1));
#16000=VECTOR('',#15999,0.75);
#16001=LINE('',#2110,#16000);
#16002=EDGE_CURVE('',#2111,#2367,#16001,.T.);
#16003=ORIENTED_EDGE('',*,*,#16002,.F.);
#16004=ORIENTED_EDGE('',*,*,#3111,.F.);
#16005=ORIENTED_EDGE('',*,*,#15989,.T.);
#16006=ORIENTED_EDGE('',*,*,#14199,.T.);
#16007=EDGE_LOOP('',(#16003,#16004,#16005,#16006));
#16008=FACE_OUTER_BOUND('',#16007,.T.);
#16009=ADVANCED_FACE('',(#16008),#15998,.T.);
#16010=DIRECTION('',(-0.449667,0.893196,0));
#16011=DIRECTION('',(0,-0,1));
#16012=AXIS2_PLACEMENT_3D('',#2366,#16010,#16011);
#16013=PLANE('',#16012);
#16014=ORIENTED_EDGE('',*,*,#14194,.T.);
#16015=DIRECTION('',(0,0,1));
#16016=VECTOR('',#16015,0.75);
#16017=LINE('',#2112,#16016);
#16018=EDGE_CURVE('',#2113,#2369,#16017,.T.);
#16019=ORIENTED_EDGE('',*,*,#16018,.F.);
#16020=ORIENTED_EDGE('',*,*,#3116,.F.);
#16021=ORIENTED_EDGE('',*,*,#16002,.T.);
#16022=EDGE_LOOP('',(#16014,#16019,#16020,#16021));
#16023=FACE_OUTER_BOUND('',#16022,.T.);
#16024=ADVANCED_FACE('',(#16023),#16013,.T.);
#16025=DIRECTION('',(-0.492851,0.870114,0));
#16026=DIRECTION('',(0,-0,1));
#16027=AXIS2_PLACEMENT_3D('',#2368,#16025,#16026);
#16028=PLANE('',#16027);
#16029=ORIENTED_EDGE('',*,*,#14189,.T.);
#16030=DIRECTION('',(0,0,1));
#16031=VECTOR('',#16030,0.75);
#16032=LINE('',#2114,#16031);
#16033=EDGE_CURVE('',#2115,#2371,#16032,.T.);
#16034=ORIENTED_EDGE('',*,*,#16033,.F.);
#16035=ORIENTED_EDGE('',*,*,#3121,.F.);
#16036=ORIENTED_EDGE('',*,*,#16018,.T.);
#16037=EDGE_LOOP('',(#16029,#16034,#16035,#16036));
#16038=FACE_OUTER_BOUND('',#16037,.T.);
#16039=ADVANCED_FACE('',(#16038),#16028,.T.);
#16040=DIRECTION('',(-0.535057,0.844816,0));
#16041=DIRECTION('',(0,-0,1));
#16042=AXIS2_PLACEMENT_3D('',#2372,#16040,#16041);
#16043=PLANE('',#16042);
#16044=DIRECTION('',(0,0,1));
#16045=VECTOR('',#16044,0.75);
#16046=LINE('',#2116,#16045);
#16047=EDGE_CURVE('',#2117,#2373,#16046,.T.);
#16048=ORIENTED_EDGE('',*,*,#16047,.F.);
#16049=ORIENTED_EDGE('',*,*,#3126,.F.);
#16050=ORIENTED_EDGE('',*,*,#16033,.T.);
#16051=ORIENTED_EDGE('',*,*,#14824,.T.);
#16052=EDGE_LOOP('',(#16048,#16049,#16050,#16051));
#16053=FACE_OUTER_BOUND('',#16052,.T.);
#16054=ADVANCED_FACE('',(#16053),#16043,.T.);
#16055=DIRECTION('',(-0.575845,0.817559,0));
#16056=DIRECTION('',(0,-0,1));
#16057=AXIS2_PLACEMENT_3D('',#2372,#16055,#16056);
#16058=PLANE('',#16057);
#16059=ORIENTED_EDGE('',*,*,#14819,.T.);
#16060=DIRECTION('',(0,0,1));
#16061=VECTOR('',#16060,0.75);
#16062=LINE('',#2118,#16061);
#16063=EDGE_CURVE('',#2119,#2375,#16062,.T.);
#16064=ORIENTED_EDGE('',*,*,#16063,.F.);
#16065=ORIENTED_EDGE('',*,*,#3131,.F.);
#16066=ORIENTED_EDGE('',*,*,#16047,.T.);
#16067=EDGE_LOOP('',(#16059,#16064,#16065,#16066));
#16068=FACE_OUTER_BOUND('',#16067,.T.);
#16069=ADVANCED_FACE('',(#16068),#16058,.T.);
#16070=DIRECTION('',(-0.615199,0.788372,0));
#16071=DIRECTION('',(0,-0,1));
#16072=AXIS2_PLACEMENT_3D('',#2376,#16070,#16071);
#16073=PLANE('',#16072);
#16074=DIRECTION('',(0,0,1));
#16075=VECTOR('',#16074,0.75);
#16076=LINE('',#2120,#16075);
#16077=EDGE_CURVE('',#2121,#2377,#16076,.T.);
#16078=ORIENTED_EDGE('',*,*,#16077,.F.);
#16079=ORIENTED_EDGE('',*,*,#3136,.F.);
#16080=ORIENTED_EDGE('',*,*,#16063,.T.);
#16081=ORIENTED_EDGE('',*,*,#14814,.T.);
#16082=EDGE_LOOP('',(#16078,#16079,#16080,#16081));
#16083=FACE_OUTER_BOUND('',#16082,.T.);
#16084=ADVANCED_FACE('',(#16083),#16073,.T.);
#16085=DIRECTION('',(-0.653196,0.757189,0));
#16086=DIRECTION('',(0,-0,1));
#16087=AXIS2_PLACEMENT_3D('',#2378,#16085,#16086);
#16088=PLANE('',#16087);
#16089=DIRECTION('',(0,0,1));
#16090=VECTOR('',#16089,0.75);
#16091=LINE('',#2122,#16090);
#16092=EDGE_CURVE('',#2123,#2379,#16091,.T.);
#16093=ORIENTED_EDGE('',*,*,#16092,.F.);
#16094=ORIENTED_EDGE('',*,*,#3141,.F.);
#16095=ORIENTED_EDGE('',*,*,#16077,.T.);
#16096=ORIENTED_EDGE('',*,*,#14809,.T.);
#16097=EDGE_LOOP('',(#16093,#16094,#16095,#16096));
#16098=FACE_OUTER_BOUND('',#16097,.T.);
#16099=ADVANCED_FACE('',(#16098),#16088,.T.);
#16100=DIRECTION('',(-0.689478,0.724306,0));
#16101=DIRECTION('',(0,-0,1));
#16102=AXIS2_PLACEMENT_3D('',#2380,#16100,#16101);
#16103=PLANE('',#16102);
#16104=DIRECTION('',(0,0,1));
#16105=VECTOR('',#16104,0.75);
#16106=LINE('',#2124,#16105);
#16107=EDGE_CURVE('',#2125,#2381,#16106,.T.);
#16108=ORIENTED_EDGE('',*,*,#16107,.F.);
#16109=ORIENTED_EDGE('',*,*,#3146,.F.);
#16110=ORIENTED_EDGE('',*,*,#16092,.T.);
#16111=ORIENTED_EDGE('',*,*,#14804,.T.);
#16112=EDGE_LOOP('',(#16108,#16109,#16110,#16111));
#16113=FACE_OUTER_BOUND('',#16112,.T.);
#16114=ADVANCED_FACE('',(#16113),#16103,.T.);
#16115=DIRECTION('',(-0.724298,0.689487,0));
#16116=DIRECTION('',(0,-0,1));
#16117=AXIS2_PLACEMENT_3D('',#2380,#16115,#16116);
#16118=PLANE('',#16117);
#16119=ORIENTED_EDGE('',*,*,#14799,.T.);
#16120=DIRECTION('',(0,0,1));
#16121=VECTOR('',#16120,0.75);
#16122=LINE('',#2126,#16121);
#16123=EDGE_CURVE('',#2127,#2383,#16122,.T.);
#16124=ORIENTED_EDGE('',*,*,#16123,.F.);
#16125=ORIENTED_EDGE('',*,*,#3151,.F.);
#16126=ORIENTED_EDGE('',*,*,#16107,.T.);
#16127=EDGE_LOOP('',(#16119,#16124,#16125,#16126));
#16128=FACE_OUTER_BOUND('',#16127,.T.);
#16129=ADVANCED_FACE('',(#16128),#16118,.T.);
#16130=DIRECTION('',(-0.757158,0.653232,0));
#16131=DIRECTION('',(0,-0,1));
#16132=AXIS2_PLACEMENT_3D('',#2126,#16130,#16131);
#16133=PLANE('',#16132);
#16134=ORIENTED_EDGE('',*,*,#16123,.T.);
#16135=ORIENTED_EDGE('',*,*,#14794,.T.);
#16136=DIRECTION('',(0,0,1));
#16137=VECTOR('',#16136,0.75);
#16138=LINE('',#2128,#16137);
#16139=EDGE_CURVE('',#2129,#2385,#16138,.T.);
#16140=ORIENTED_EDGE('',*,*,#16139,.F.);
#16141=ORIENTED_EDGE('',*,*,#3156,.F.);
#16142=EDGE_LOOP('',(#16134,#16135,#16140,#16141));
#16143=FACE_OUTER_BOUND('',#16142,.T.);
#16144=ADVANCED_FACE('',(#16143),#16133,.T.);
#16145=DIRECTION('',(-0.788349,0.615229,0));
#16146=DIRECTION('',(0,-0,1));
#16147=AXIS2_PLACEMENT_3D('',#2386,#16145,#16146);
#16148=PLANE('',#16147);
#16149=DIRECTION('',(0,0,1));
#16150=VECTOR('',#16149,0.75);
#16151=LINE('',#2130,#16150);
#16152=EDGE_CURVE('',#2131,#2387,#16151,.T.);
#16153=ORIENTED_EDGE('',*,*,#16152,.F.);
#16154=ORIENTED_EDGE('',*,*,#3161,.F.);
#16155=ORIENTED_EDGE('',*,*,#16139,.T.);
#16156=ORIENTED_EDGE('',*,*,#14789,.T.);
#16157=EDGE_LOOP('',(#16153,#16154,#16155,#16156));
#16158=FACE_OUTER_BOUND('',#16157,.T.);
#16159=ADVANCED_FACE('',(#16158),#16148,.T.);
#16160=DIRECTION('',(-0.817597,0.57579,0));
#16161=DIRECTION('',(0,-0,1));
#16162=AXIS2_PLACEMENT_3D('',#2386,#16160,#16161);
#16163=PLANE('',#16162);
#16164=ORIENTED_EDGE('',*,*,#14784,.T.);
#16165=DIRECTION('',(0,0,1));
#16166=VECTOR('',#16165,0.75);
#16167=LINE('',#2132,#16166);
#16168=EDGE_CURVE('',#2133,#2389,#16167,.T.);
#16169=ORIENTED_EDGE('',*,*,#16168,.F.);
#16170=ORIENTED_EDGE('',*,*,#3166,.F.);
#16171=ORIENTED_EDGE('',*,*,#16152,.T.);
#16172=EDGE_LOOP('',(#16164,#16169,#16170,#16171));
#16173=FACE_OUTER_BOUND('',#16172,.T.);
#16174=ADVANCED_FACE('',(#16173),#16163,.T.);
#16175=DIRECTION('',(-0.844855,0.534995,0));
#16176=DIRECTION('',(0,-0,1));
#16177=AXIS2_PLACEMENT_3D('',#2134,#16175,#16176);
#16178=PLANE('',#16177);
#16179=ORIENTED_EDGE('',*,*,#3171,.F.);
#16180=ORIENTED_EDGE('',*,*,#16168,.T.);
#16181=ORIENTED_EDGE('',*,*,#14779,.T.);
#16182=DIRECTION('',(0,0,1));
#16183=VECTOR('',#16182,0.75);
#16184=LINE('',#2134,#16183);
#16185=EDGE_CURVE('',#2135,#2391,#16184,.T.);
#16186=ORIENTED_EDGE('',*,*,#16185,.F.);
#16187=EDGE_LOOP('',(#16179,#16180,#16181,#16186));
#16188=FACE_OUTER_BOUND('',#16187,.T.);
#16189=ADVANCED_FACE('',(#16188),#16178,.T.);
#16190=DIRECTION('',(-0.870087,0.492898,0));
#16191=DIRECTION('',(0,-0,1));
#16192=AXIS2_PLACEMENT_3D('',#2390,#16190,#16191);
#16193=PLANE('',#16192);
#16194=ORIENTED_EDGE('',*,*,#14774,.T.);
#16195=DIRECTION('',(0,0,1));
#16196=VECTOR('',#16195,0.75);
#16197=LINE('',#2136,#16196);
#16198=EDGE_CURVE('',#2137,#2393,#16197,.T.);
#16199=ORIENTED_EDGE('',*,*,#16198,.F.);
#16200=ORIENTED_EDGE('',*,*,#3176,.F.);
#16201=ORIENTED_EDGE('',*,*,#16185,.T.);
#16202=EDGE_LOOP('',(#16194,#16199,#16200,#16201));
#16203=FACE_OUTER_BOUND('',#16202,.T.);
#16204=ADVANCED_FACE('',(#16203),#16193,.T.);
#16205=DIRECTION('',(-0.893245,0.449571,0));
#16206=DIRECTION('',(0,-0,1));
#16207=AXIS2_PLACEMENT_3D('',#2394,#16205,#16206);
#16208=PLANE('',#16207);
#16209=DIRECTION('',(0,0,1));
#16210=VECTOR('',#16209,0.75);
#16211=LINE('',#2138,#16210);
#16212=EDGE_CURVE('',#2139,#2395,#16211,.T.);
#16213=ORIENTED_EDGE('',*,*,#16212,.F.);
#16214=ORIENTED_EDGE('',*,*,#3181,.F.);
#16215=ORIENTED_EDGE('',*,*,#16198,.T.);
#16216=ORIENTED_EDGE('',*,*,#14769,.T.);
#16217=EDGE_LOOP('',(#16213,#16214,#16215,#16216));
#16218=FACE_OUTER_BOUND('',#16217,.T.);
#16219=ADVANCED_FACE('',(#16218),#16208,.T.);
#16220=DIRECTION('',(-0.914208,0.405246,0));
#16221=DIRECTION('',(0,-0,1));
#16222=AXIS2_PLACEMENT_3D('',#2396,#16220,#16221);
#16223=PLANE('',#16222);
#16224=DIRECTION('',(0,0,1));
#16225=VECTOR('',#16224,0.75);
#16226=LINE('',#2140,#16225);
#16227=EDGE_CURVE('',#2141,#2397,#16226,.T.);
#16228=ORIENTED_EDGE('',*,*,#16227,.F.);
#16229=ORIENTED_EDGE('',*,*,#3186,.F.);
#16230=ORIENTED_EDGE('',*,*,#16212,.T.);
#16231=ORIENTED_EDGE('',*,*,#14764,.T.);
#16232=EDGE_LOOP('',(#16228,#16229,#16230,#16231));
#16233=FACE_OUTER_BOUND('',#16232,.T.);
#16234=ADVANCED_FACE('',(#16233),#16223,.T.);
#16235=DIRECTION('',(-0.932993,0.359896,0));
#16236=DIRECTION('',(0,-0,1));
#16237=AXIS2_PLACEMENT_3D('',#2398,#16235,#16236);
#16238=PLANE('',#16237);
#16239=DIRECTION('',(0,0,1));
#16240=VECTOR('',#16239,0.75);
#16241=LINE('',#2142,#16240);
#16242=EDGE_CURVE('',#2143,#2399,#16241,.T.);
#16243=ORIENTED_EDGE('',*,*,#16242,.F.);
#16244=ORIENTED_EDGE('',*,*,#3191,.F.);
#16245=ORIENTED_EDGE('',*,*,#16227,.T.);
#16246=ORIENTED_EDGE('',*,*,#14759,.T.);
#16247=EDGE_LOOP('',(#16243,#16244,#16245,#16246));
#16248=FACE_OUTER_BOUND('',#16247,.T.);
#16249=ADVANCED_FACE('',(#16248),#16238,.T.);
#16250=DIRECTION('',(-0.949522,0.313699,0));
#16251=DIRECTION('',(0,-0,1));
#16252=AXIS2_PLACEMENT_3D('',#2398,#16250,#16251);
#16253=PLANE('',#16252);
#16254=ORIENTED_EDGE('',*,*,#14754,.T.);
#16255=DIRECTION('',(0,0,1));
#16256=VECTOR('',#16255,0.75);
#16257=LINE('',#2144,#16256);
#16258=EDGE_CURVE('',#2145,#2401,#16257,.T.);
#16259=ORIENTED_EDGE('',*,*,#16258,.F.);
#16260=ORIENTED_EDGE('',*,*,#3196,.F.);
#16261=ORIENTED_EDGE('',*,*,#16242,.T.);
#16262=EDGE_LOOP('',(#16254,#16259,#16260,#16261));
#16263=FACE_OUTER_BOUND('',#16262,.T.);
#16264=ADVANCED_FACE('',(#16263),#16253,.T.);
#16265=DIRECTION('',(-0.963772,0.266729,0));
#16266=DIRECTION('',(0,-0,1));
#16267=AXIS2_PLACEMENT_3D('',#2144,#16265,#16266);
#16268=PLANE('',#16267);
#16269=ORIENTED_EDGE('',*,*,#16258,.T.);
#16270=ORIENTED_EDGE('',*,*,#14749,.T.);
#16271=DIRECTION('',(0,0,1));
#16272=VECTOR('',#16271,0.75);
#16273=LINE('',#2146,#16272);
#16274=EDGE_CURVE('',#2147,#2403,#16273,.T.);
#16275=ORIENTED_EDGE('',*,*,#16274,.F.);
#16276=ORIENTED_EDGE('',*,*,#3201,.F.);
#16277=EDGE_LOOP('',(#16269,#16270,#16275,#16276));
#16278=FACE_OUTER_BOUND('',#16277,.T.);
#16279=ADVANCED_FACE('',(#16278),#16268,.T.);
#16280=DIRECTION('',(-0.975709,0.219071,0));
#16281=DIRECTION('',(0,-0,1));
#16282=AXIS2_PLACEMENT_3D('',#2404,#16280,#16281);
#16283=PLANE('',#16282);
#16284=DIRECTION('',(0,0,1));
#16285=VECTOR('',#16284,0.75);
#16286=LINE('',#2148,#16285);
#16287=EDGE_CURVE('',#2149,#2405,#16286,.T.);
#16288=ORIENTED_EDGE('',*,*,#16287,.F.);
#16289=ORIENTED_EDGE('',*,*,#3206,.F.);
#16290=ORIENTED_EDGE('',*,*,#16274,.T.);
#16291=ORIENTED_EDGE('',*,*,#14744,.T.);
#16292=EDGE_LOOP('',(#16288,#16289,#16290,#16291));
#16293=FACE_OUTER_BOUND('',#16292,.T.);
#16294=ADVANCED_FACE('',(#16293),#16283,.T.);
#16295=DIRECTION('',(-0.985279,0.170956,0));
#16296=DIRECTION('',(0,-0,1));
#16297=AXIS2_PLACEMENT_3D('',#2406,#16295,#16296);
#16298=PLANE('',#16297);
#16299=DIRECTION('',(0,0,1));
#16300=VECTOR('',#16299,0.75);
#16301=LINE('',#2150,#16300);
#16302=EDGE_CURVE('',#2151,#2407,#16301,.T.);
#16303=ORIENTED_EDGE('',*,*,#16302,.F.);
#16304=ORIENTED_EDGE('',*,*,#3211,.F.);
#16305=ORIENTED_EDGE('',*,*,#16287,.T.);
#16306=ORIENTED_EDGE('',*,*,#14739,.T.);
#16307=EDGE_LOOP('',(#16303,#16304,#16305,#16306));
#16308=FACE_OUTER_BOUND('',#16307,.T.);
#16309=ADVANCED_FACE('',(#16308),#16298,.T.);
#16310=DIRECTION('',(-0.992478,0.122425,0));
#16311=DIRECTION('',(0,-0,1));
#16312=AXIS2_PLACEMENT_3D('',#2406,#16310,#16311);
#16313=PLANE('',#16312);
#16314=ORIENTED_EDGE('',*,*,#14734,.T.);
#16315=DIRECTION('',(0,0,1));
#16316=VECTOR('',#16315,0.75);
#16317=LINE('',#2152,#16316);
#16318=EDGE_CURVE('',#2153,#2409,#16317,.T.);
#16319=ORIENTED_EDGE('',*,*,#16318,.F.);
#16320=ORIENTED_EDGE('',*,*,#3216,.F.);
#16321=ORIENTED_EDGE('',*,*,#16302,.T.);
#16322=EDGE_LOOP('',(#16314,#16319,#16320,#16321));
#16323=FACE_OUTER_BOUND('',#16322,.T.);
#16324=ADVANCED_FACE('',(#16323),#16313,.T.);
#16325=DIRECTION('',(-0.99729,0.073567,0));
#16326=DIRECTION('',(0,-0,1));
#16327=AXIS2_PLACEMENT_3D('',#2408,#16325,#16326);
#16328=PLANE('',#16327);
#16329=ORIENTED_EDGE('',*,*,#14729,.T.);
#16330=DIRECTION('',(0,0,1));
#16331=VECTOR('',#16330,0.75);
#16332=LINE('',#2154,#16331);
#16333=EDGE_CURVE('',#2155,#2411,#16332,.T.);
#16334=ORIENTED_EDGE('',*,*,#16333,.F.);
#16335=ORIENTED_EDGE('',*,*,#3221,.F.);
#16336=ORIENTED_EDGE('',*,*,#16318,.T.);
#16337=EDGE_LOOP('',(#16329,#16334,#16335,#16336));
#16338=FACE_OUTER_BOUND('',#16337,.T.);
#16339=ADVANCED_FACE('',(#16338),#16328,.T.);
#16340=DIRECTION('',(-0.999699,0.024538,0));
#16341=DIRECTION('',(0,-0,1));
#16342=AXIS2_PLACEMENT_3D('',#2412,#16340,#16341);
#16343=PLANE('',#16342);
#16344=DIRECTION('',(0,0,1));
#16345=VECTOR('',#16344,0.75);
#16346=LINE('',#2156,#16345);
#16347=EDGE_CURVE('',#2157,#2413,#16346,.T.);
#16348=ORIENTED_EDGE('',*,*,#16347,.F.);
#16349=ORIENTED_EDGE('',*,*,#3226,.F.);
#16350=ORIENTED_EDGE('',*,*,#16333,.T.);
#16351=ORIENTED_EDGE('',*,*,#14724,.T.);
#16352=EDGE_LOOP('',(#16348,#16349,#16350,#16351));
#16353=FACE_OUTER_BOUND('',#16352,.T.);
#16354=ADVANCED_FACE('',(#16353),#16343,.T.);
#16355=DIRECTION('',(-0.999699,-0.024538,-0));
#16356=DIRECTION('',(0,0,1));
#16357=AXIS2_PLACEMENT_3D('',#2412,#16355,#16356);
#16358=PLANE('',#16357);
#16359=ORIENTED_EDGE('',*,*,#14719,.T.);
#16360=DIRECTION('',(0,0,1));
#16361=VECTOR('',#16360,0.75);
#16362=LINE('',#2158,#16361);
#16363=EDGE_CURVE('',#2159,#2415,#16362,.T.);
#16364=ORIENTED_EDGE('',*,*,#16363,.F.);
#16365=ORIENTED_EDGE('',*,*,#3231,.F.);
#16366=ORIENTED_EDGE('',*,*,#16347,.T.);
#16367=EDGE_LOOP('',(#16359,#16364,#16365,#16366));
#16368=FACE_OUTER_BOUND('',#16367,.T.);
#16369=ADVANCED_FACE('',(#16368),#16358,.T.);
#16370=DIRECTION('',(-0.99729,-0.073567,-0));
#16371=DIRECTION('',(0,0,1));
#16372=AXIS2_PLACEMENT_3D('',#2416,#16370,#16371);
#16373=PLANE('',#16372);
#16374=DIRECTION('',(0,0,1));
#16375=VECTOR('',#16374,0.75);
#16376=LINE('',#2160,#16375);
#16377=EDGE_CURVE('',#2161,#2417,#16376,.T.);
#16378=ORIENTED_EDGE('',*,*,#16377,.F.);
#16379=ORIENTED_EDGE('',*,*,#3236,.F.);
#16380=ORIENTED_EDGE('',*,*,#16363,.T.);
#16381=ORIENTED_EDGE('',*,*,#14714,.T.);
#16382=EDGE_LOOP('',(#16378,#16379,#16380,#16381));
#16383=FACE_OUTER_BOUND('',#16382,.T.);
#16384=ADVANCED_FACE('',(#16383),#16373,.T.);
#16385=DIRECTION('',(-0.992478,-0.122425,-0));
#16386=DIRECTION('',(0,0,1));
#16387=AXIS2_PLACEMENT_3D('',#2198,#16385,#16386);
#16388=PLANE('',#16387);
#16389=ORIENTED_EDGE('',*,*,#3241,.F.);
#16390=ORIENTED_EDGE('',*,*,#16377,.T.);
#16391=ORIENTED_EDGE('',*,*,#14709,.T.);
#16392=DIRECTION('',(0,0,1));
#16393=VECTOR('',#16392,0.75);
#16394=LINE('',#2198,#16393);
#16395=EDGE_CURVE('',#2199,#2455,#16394,.T.);
#16396=ORIENTED_EDGE('',*,*,#16395,.F.);
#16397=EDGE_LOOP('',(#16389,#16390,#16391,#16396));
#16398=FACE_OUTER_BOUND('',#16397,.T.);
#16399=ADVANCED_FACE('',(#16398),#16388,.T.);
#16400=DIRECTION('',(-0.219082,-0.975707,-0));
#16401=DIRECTION('',(0,0,-1));
#16402=AXIS2_PLACEMENT_3D('',#2188,#16400,#16401);
#16403=PLANE('',#16402);
#16404=ORIENTED_EDGE('',*,*,#2726,.F.);
#16405=DIRECTION('',(0,0,1));
#16406=VECTOR('',#16405,0.75);
#16407=LINE('',#2162,#16406);
#16408=EDGE_CURVE('',#2163,#2419,#16407,.T.);
#16409=ORIENTED_EDGE('',*,*,#16408,.T.);
#16410=ORIENTED_EDGE('',*,*,#14584,.T.);
#16411=DIRECTION('',(0,0,1));
#16412=VECTOR('',#16411,0.75);
#16413=LINE('',#2188,#16412);
#16414=EDGE_CURVE('',#2189,#2445,#16413,.T.);
#16415=ORIENTED_EDGE('',*,*,#16414,.F.);
#16416=EDGE_LOOP('',(#16404,#16409,#16410,#16415));
#16417=FACE_OUTER_BOUND('',#16416,.T.);
#16418=ADVANCED_FACE('',(#16417),#16403,.T.);
#16419=DIRECTION('',(-0.266632,-0.963798,-0));
#16420=DIRECTION('',(0,0,-1));
#16421=AXIS2_PLACEMENT_3D('',#2420,#16419,#16420);
#16422=PLANE('',#16421);
#16423=ORIENTED_EDGE('',*,*,#14589,.F.);
#16424=ORIENTED_EDGE('',*,*,#16408,.F.);
#16425=ORIENTED_EDGE('',*,*,#2721,.T.);
#16426=DIRECTION('',(0,0,1));
#16427=VECTOR('',#16426,0.75);
#16428=LINE('',#2164,#16427);
#16429=EDGE_CURVE('',#2165,#2421,#16428,.T.);
#16430=ORIENTED_EDGE('',*,*,#16429,.T.);
#16431=EDGE_LOOP('',(#16423,#16424,#16425,#16430));
#16432=FACE_OUTER_BOUND('',#16431,.T.);
#16433=ADVANCED_FACE('',(#16432),#16422,.T.);
#16434=DIRECTION('',(-0.313627,-0.949546,-0));
#16435=DIRECTION('',(0,0,-1));
#16436=AXIS2_PLACEMENT_3D('',#2420,#16434,#16435);
#16437=PLANE('',#16436);
#16438=ORIENTED_EDGE('',*,*,#16429,.F.);
#16439=ORIENTED_EDGE('',*,*,#2716,.T.);
#16440=DIRECTION('',(0,0,1));
#16441=VECTOR('',#16440,0.75);
#16442=LINE('',#2166,#16441);
#16443=EDGE_CURVE('',#2167,#2423,#16442,.T.);
#16444=ORIENTED_EDGE('',*,*,#16443,.T.);
#16445=ORIENTED_EDGE('',*,*,#14594,.F.);
#16446=EDGE_LOOP('',(#16438,#16439,#16444,#16445));
#16447=FACE_OUTER_BOUND('',#16446,.T.);
#16448=ADVANCED_FACE('',(#16447),#16437,.T.);
#16449=DIRECTION('',(-0.35989,-0.932995,-0));
#16450=DIRECTION('',(0,0,-1));
#16451=AXIS2_PLACEMENT_3D('',#2166,#16449,#16450);
#16452=PLANE('',#16451);
#16453=ORIENTED_EDGE('',*,*,#2711,.T.);
#16454=DIRECTION('',(0,0,1));
#16455=VECTOR('',#16454,0.75);
#16456=LINE('',#2168,#16455);
#16457=EDGE_CURVE('',#2169,#2425,#16456,.T.);
#16458=ORIENTED_EDGE('',*,*,#16457,.T.);
#16459=ORIENTED_EDGE('',*,*,#14599,.F.);
#16460=ORIENTED_EDGE('',*,*,#16443,.F.);
#16461=EDGE_LOOP('',(#16453,#16458,#16459,#16460));
#16462=FACE_OUTER_BOUND('',#16461,.T.);
#16463=ADVANCED_FACE('',(#16462),#16452,.T.);
#16464=DIRECTION('',(-0.405243,-0.914209,0));
#16465=DIRECTION('',(0,-0,-1));
#16466=AXIS2_PLACEMENT_3D('',#2170,#16464,#16465);
#16467=PLANE('',#16466);
#16468=DIRECTION('',(0,0,1));
#16469=VECTOR('',#16468,0.75);
#16470=LINE('',#2170,#16469);
#16471=EDGE_CURVE('',#2171,#2427,#16470,.T.);
#16472=ORIENTED_EDGE('',*,*,#16471,.T.);
#16473=ORIENTED_EDGE('',*,*,#14604,.F.);
#16474=ORIENTED_EDGE('',*,*,#16457,.F.);
#16475=ORIENTED_EDGE('',*,*,#2706,.T.);
#16476=EDGE_LOOP('',(#16472,#16473,#16474,#16475));
#16477=FACE_OUTER_BOUND('',#16476,.T.);
#16478=ADVANCED_FACE('',(#16477),#16467,.T.);
#16479=DIRECTION('',(-0.449667,-0.893196,-0));
#16480=DIRECTION('',(0,0,-1));
#16481=AXIS2_PLACEMENT_3D('',#2170,#16479,#16480);
#16482=PLANE('',#16481);
#16483=ORIENTED_EDGE('',*,*,#2701,.T.);
#16484=DIRECTION('',(0,0,1));
#16485=VECTOR('',#16484,0.75);
#16486=LINE('',#2174,#16485);
#16487=EDGE_CURVE('',#2175,#2431,#16486,.T.);
#16488=ORIENTED_EDGE('',*,*,#16487,.T.);
#16489=ORIENTED_EDGE('',*,*,#14609,.F.);
#16490=ORIENTED_EDGE('',*,*,#16471,.F.);
#16491=EDGE_LOOP('',(#16483,#16488,#16489,#16490));
#16492=FACE_OUTER_BOUND('',#16491,.T.);
#16493=ADVANCED_FACE('',(#16492),#16482,.T.);
#16494=DIRECTION('',(-0.492851,-0.870114,-0));
#16495=DIRECTION('',(0,0,-1));
#16496=AXIS2_PLACEMENT_3D('',#2430,#16494,#16495);
#16497=PLANE('',#16496);
#16498=ORIENTED_EDGE('',*,*,#16487,.F.);
#16499=ORIENTED_EDGE('',*,*,#2696,.F.);
#16500=DIRECTION('',(0,0,1));
#16501=VECTOR('',#16500,0.75);
#16502=LINE('',#2172,#16501);
#16503=EDGE_CURVE('',#2173,#2429,#16502,.T.);
#16504=ORIENTED_EDGE('',*,*,#16503,.T.);
#16505=ORIENTED_EDGE('',*,*,#14614,.T.);
#16506=EDGE_LOOP('',(#16498,#16499,#16504,#16505));
#16507=FACE_OUTER_BOUND('',#16506,.T.);
#16508=ADVANCED_FACE('',(#16507),#16497,.T.);
#16509=DIRECTION('',(-0.535057,-0.844816,-0));
#16510=DIRECTION('',(0,0,-1));
#16511=AXIS2_PLACEMENT_3D('',#2176,#16509,#16510);
#16512=PLANE('',#16511);
#16513=DIRECTION('',(0,0,1));
#16514=VECTOR('',#16513,0.75);
#16515=LINE('',#2176,#16514);
#16516=EDGE_CURVE('',#2177,#2433,#16515,.T.);
#16517=ORIENTED_EDGE('',*,*,#16516,.T.);
#16518=ORIENTED_EDGE('',*,*,#14619,.F.);
#16519=ORIENTED_EDGE('',*,*,#16503,.F.);
#16520=ORIENTED_EDGE('',*,*,#2691,.T.);
#16521=EDGE_LOOP('',(#16517,#16518,#16519,#16520));
#16522=FACE_OUTER_BOUND('',#16521,.T.);
#16523=ADVANCED_FACE('',(#16522),#16512,.T.);
#16524=DIRECTION('',(-0.575845,-0.817559,-0));
#16525=DIRECTION('',(0,0,-1));
#16526=AXIS2_PLACEMENT_3D('',#2178,#16524,#16525);
#16527=PLANE('',#16526);
#16528=DIRECTION('',(0,0,1));
#16529=VECTOR('',#16528,0.75);
#16530=LINE('',#2178,#16529);
#16531=EDGE_CURVE('',#2179,#2435,#16530,.T.);
#16532=ORIENTED_EDGE('',*,*,#16531,.T.);
#16533=ORIENTED_EDGE('',*,*,#14624,.F.);
#16534=ORIENTED_EDGE('',*,*,#16516,.F.);
#16535=ORIENTED_EDGE('',*,*,#2686,.T.);
#16536=EDGE_LOOP('',(#16532,#16533,#16534,#16535));
#16537=FACE_OUTER_BOUND('',#16536,.T.);
#16538=ADVANCED_FACE('',(#16537),#16527,.T.);
#16539=DIRECTION('',(-0.653196,-0.757189,-0));
#16540=DIRECTION('',(0,0,-1));
#16541=AXIS2_PLACEMENT_3D('',#2442,#16539,#16540);
#16542=PLANE('',#16541);
#16543=DIRECTION('',(0,0,1));
#16544=VECTOR('',#16543,0.75);
#16545=LINE('',#2186,#16544);
#16546=EDGE_CURVE('',#2187,#2443,#16545,.T.);
#16547=ORIENTED_EDGE('',*,*,#16546,.F.);
#16548=ORIENTED_EDGE('',*,*,#2676,.F.);
#16549=DIRECTION('',(0,0,1));
#16550=VECTOR('',#16549,0.75);
#16551=LINE('',#2180,#16550);
#16552=EDGE_CURVE('',#2181,#2437,#16551,.T.);
#16553=ORIENTED_EDGE('',*,*,#16552,.T.);
#16554=ORIENTED_EDGE('',*,*,#14634,.T.);
#16555=EDGE_LOOP('',(#16547,#16548,#16553,#16554));
#16556=FACE_OUTER_BOUND('',#16555,.T.);
#16557=ADVANCED_FACE('',(#16556),#16542,.T.);
#16558=DIRECTION('',(-0.757158,-0.653232,-0));
#16559=DIRECTION('',(0,0,-1));
#16560=AXIS2_PLACEMENT_3D('',#2210,#16558,#16559);
#16561=PLANE('',#16560);
#16562=DIRECTION('',(0,0,1));
#16563=VECTOR('',#16562,0.75);
#16564=LINE('',#2210,#16563);
#16565=EDGE_CURVE('',#2211,#2467,#16564,.T.);
#16566=ORIENTED_EDGE('',*,*,#16565,.T.);
#16567=ORIENTED_EDGE('',*,*,#14649,.F.);
#16568=DIRECTION('',(0,0,1));
#16569=VECTOR('',#16568,0.75);
#16570=LINE('',#2184,#16569);
#16571=EDGE_CURVE('',#2185,#2441,#16570,.T.);
#16572=ORIENTED_EDGE('',*,*,#16571,.F.);
#16573=ORIENTED_EDGE('',*,*,#2661,.T.);
#16574=EDGE_LOOP('',(#16566,#16567,#16572,#16573));
#16575=FACE_OUTER_BOUND('',#16574,.T.);
#16576=ADVANCED_FACE('',(#16575),#16561,.T.);
#16577=DIRECTION('',(-0.724298,-0.689487,-0));
#16578=DIRECTION('',(0,0,-1));
#16579=AXIS2_PLACEMENT_3D('',#2184,#16577,#16578);
#16580=PLANE('',#16579);
#16581=ORIENTED_EDGE('',*,*,#16571,.T.);
#16582=ORIENTED_EDGE('',*,*,#14644,.F.);
#16583=DIRECTION('',(0,0,1));
#16584=VECTOR('',#16583,0.75);
#16585=LINE('',#2182,#16584);
#16586=EDGE_CURVE('',#2183,#2439,#16585,.T.);
#16587=ORIENTED_EDGE('',*,*,#16586,.F.);
#16588=ORIENTED_EDGE('',*,*,#2666,.T.);
#16589=EDGE_LOOP('',(#16581,#16582,#16587,#16588));
#16590=FACE_OUTER_BOUND('',#16589,.T.);
#16591=ADVANCED_FACE('',(#16590),#16580,.T.);
#16592=DIRECTION('',(-0.689478,-0.724306,-0));
#16593=DIRECTION('',(0,0,-1));
#16594=AXIS2_PLACEMENT_3D('',#2182,#16592,#16593);
#16595=PLANE('',#16594);
#16596=ORIENTED_EDGE('',*,*,#16586,.T.);
#16597=ORIENTED_EDGE('',*,*,#14639,.F.);
#16598=ORIENTED_EDGE('',*,*,#16552,.F.);
#16599=ORIENTED_EDGE('',*,*,#2671,.T.);
#16600=EDGE_LOOP('',(#16596,#16597,#16598,#16599));
#16601=FACE_OUTER_BOUND('',#16600,.T.);
#16602=ADVANCED_FACE('',(#16601),#16595,.T.);
#16603=DIRECTION('',(-0.615199,-0.788372,-0));
#16604=DIRECTION('',(0,0,-1));
#16605=AXIS2_PLACEMENT_3D('',#2434,#16603,#16604);
#16606=PLANE('',#16605);
#16607=ORIENTED_EDGE('',*,*,#16531,.F.);
#16608=ORIENTED_EDGE('',*,*,#2681,.T.);
#16609=ORIENTED_EDGE('',*,*,#16546,.T.);
#16610=ORIENTED_EDGE('',*,*,#14629,.F.);
#16611=EDGE_LOOP('',(#16607,#16608,#16609,#16610));
#16612=FACE_OUTER_BOUND('',#16611,.T.);
#16613=ADVANCED_FACE('',(#16612),#16606,.T.);
#16614=DIRECTION('',(-0.170984,-0.985274,-0));
#16615=DIRECTION('',(0,0,-1));
#16616=AXIS2_PLACEMENT_3D('',#2098,#16614,#16615);
#16617=PLANE('',#16616);
#16618=ORIENTED_EDGE('',*,*,#2731,.T.);
#16619=ORIENTED_EDGE('',*,*,#16414,.T.);
#16620=ORIENTED_EDGE('',*,*,#14579,.F.);
#16621=ORIENTED_EDGE('',*,*,#15913,.F.);
#16622=EDGE_LOOP('',(#16618,#16619,#16620,#16621));
#16623=FACE_OUTER_BOUND('',#16622,.T.);
#16624=ADVANCED_FACE('',(#16623),#16617,.T.);
#16625=DIRECTION('',(-0.844855,-0.534995,-0));
#16626=DIRECTION('',(0,0,-1));
#16627=AXIS2_PLACEMENT_3D('',#2196,#16625,#16626);
#16628=PLANE('',#16627);
#16629=DIRECTION('',(0,0,1));
#16630=VECTOR('',#16629,0.75);
#16631=LINE('',#2196,#16630);
#16632=EDGE_CURVE('',#2197,#2453,#16631,.T.);
#16633=ORIENTED_EDGE('',*,*,#16632,.T.);
#16634=ORIENTED_EDGE('',*,*,#14664,.T.);
#16635=DIRECTION('',(0,0,1));
#16636=VECTOR('',#16635,0.75);
#16637=LINE('',#2212,#16636);
#16638=EDGE_CURVE('',#2213,#2469,#16637,.T.);
#16639=ORIENTED_EDGE('',*,*,#16638,.F.);
#16640=ORIENTED_EDGE('',*,*,#3286,.F.);
#16641=EDGE_LOOP('',(#16633,#16634,#16639,#16640));
#16642=FACE_OUTER_BOUND('',#16641,.T.);
#16643=ADVANCED_FACE('',(#16642),#16628,.T.);
#16644=DIRECTION('',(-0.914208,-0.405246,-0));
#16645=DIRECTION('',(0,0,1));
#16646=AXIS2_PLACEMENT_3D('',#2192,#16644,#16645);
#16647=PLANE('',#16646);
#16648=ORIENTED_EDGE('',*,*,#3271,.F.);
#16649=DIRECTION('',(0,0,1));
#16650=VECTOR('',#16649,0.75);
#16651=LINE('',#2190,#16650);
#16652=EDGE_CURVE('',#2191,#2447,#16651,.T.);
#16653=ORIENTED_EDGE('',*,*,#16652,.T.);
#16654=ORIENTED_EDGE('',*,*,#14679,.T.);
#16655=DIRECTION('',(0,0,1));
#16656=VECTOR('',#16655,0.75);
#16657=LINE('',#2192,#16656);
#16658=EDGE_CURVE('',#2193,#2449,#16657,.T.);
#16659=ORIENTED_EDGE('',*,*,#16658,.F.);
#16660=EDGE_LOOP('',(#16648,#16653,#16654,#16659));
#16661=FACE_OUTER_BOUND('',#16660,.T.);
#16662=ADVANCED_FACE('',(#16661),#16647,.T.);
#16663=DIRECTION('',(-0.893245,-0.449571,-0));
#16664=DIRECTION('',(0,0,-1));
#16665=AXIS2_PLACEMENT_3D('',#2192,#16663,#16664);
#16666=PLANE('',#16665);
#16667=ORIENTED_EDGE('',*,*,#16658,.T.);
#16668=ORIENTED_EDGE('',*,*,#14674,.T.);
#16669=DIRECTION('',(0,0,1));
#16670=VECTOR('',#16669,0.75);
#16671=LINE('',#2194,#16670);
#16672=EDGE_CURVE('',#2195,#2451,#16671,.T.);
#16673=ORIENTED_EDGE('',*,*,#16672,.F.);
#16674=ORIENTED_EDGE('',*,*,#3276,.F.);
#16675=EDGE_LOOP('',(#16667,#16668,#16673,#16674));
#16676=FACE_OUTER_BOUND('',#16675,.T.);
#16677=ADVANCED_FACE('',(#16676),#16666,.T.);
#16678=DIRECTION('',(-0.870087,-0.492898,-0));
#16679=DIRECTION('',(0,0,-1));
#16680=AXIS2_PLACEMENT_3D('',#2452,#16678,#16679);
#16681=PLANE('',#16680);
#16682=ORIENTED_EDGE('',*,*,#16632,.F.);
#16683=ORIENTED_EDGE('',*,*,#3281,.F.);
#16684=ORIENTED_EDGE('',*,*,#16672,.T.);
#16685=ORIENTED_EDGE('',*,*,#14669,.T.);
#16686=EDGE_LOOP('',(#16682,#16683,#16684,#16685));
#16687=FACE_OUTER_BOUND('',#16686,.T.);
#16688=ADVANCED_FACE('',(#16687),#16681,.T.);
#16689=DIRECTION('',(-0.985279,-0.170956,-0));
#16690=DIRECTION('',(0,0,1));
#16691=AXIS2_PLACEMENT_3D('',#2456,#16689,#16690);
#16692=PLANE('',#16691);
#16693=DIRECTION('',(0,0,1));
#16694=VECTOR('',#16693,0.75);
#16695=LINE('',#2200,#16694);
#16696=EDGE_CURVE('',#2201,#2457,#16695,.T.);
#16697=ORIENTED_EDGE('',*,*,#16696,.F.);
#16698=ORIENTED_EDGE('',*,*,#3246,.F.);
#16699=ORIENTED_EDGE('',*,*,#16395,.T.);
#16700=ORIENTED_EDGE('',*,*,#14704,.T.);
#16701=EDGE_LOOP('',(#16697,#16698,#16699,#16700));
#16702=FACE_OUTER_BOUND('',#16701,.T.);
#16703=ADVANCED_FACE('',(#16702),#16692,.T.);
#16704=DIRECTION('',(-0.975709,-0.219071,0));
#16705=DIRECTION('',(0,-0,1));
#16706=AXIS2_PLACEMENT_3D('',#2206,#16704,#16705);
#16707=PLANE('',#16706);
#16708=ORIENTED_EDGE('',*,*,#3251,.F.);
#16709=ORIENTED_EDGE('',*,*,#16696,.T.);
#16710=ORIENTED_EDGE('',*,*,#14699,.T.);
#16711=DIRECTION('',(0,0,1));
#16712=VECTOR('',#16711,0.75);
#16713=LINE('',#2206,#16712);
#16714=EDGE_CURVE('',#2207,#2463,#16713,.T.);
#16715=ORIENTED_EDGE('',*,*,#16714,.F.);
#16716=EDGE_LOOP('',(#16708,#16709,#16710,#16715));
#16717=FACE_OUTER_BOUND('',#16716,.T.);
#16718=ADVANCED_FACE('',(#16717),#16707,.T.);
#16719=DIRECTION('',(-0.963772,-0.266729,-0));
#16720=DIRECTION('',(0,0,1));
#16721=AXIS2_PLACEMENT_3D('',#2462,#16719,#16720);
#16722=PLANE('',#16721);
#16723=ORIENTED_EDGE('',*,*,#14694,.F.);
#16724=DIRECTION('',(0,0,1));
#16725=VECTOR('',#16724,0.75);
#16726=LINE('',#2202,#16725);
#16727=EDGE_CURVE('',#2203,#2459,#16726,.T.);
#16728=ORIENTED_EDGE('',*,*,#16727,.F.);
#16729=ORIENTED_EDGE('',*,*,#3256,.T.);
#16730=ORIENTED_EDGE('',*,*,#16714,.T.);
#16731=EDGE_LOOP('',(#16723,#16728,#16729,#16730));
#16732=FACE_OUTER_BOUND('',#16731,.T.);
#16733=ADVANCED_FACE('',(#16732),#16722,.T.);
#16734=DIRECTION('',(-0.949522,-0.313699,-0));
#16735=DIRECTION('',(0,0,1));
#16736=AXIS2_PLACEMENT_3D('',#2202,#16734,#16735);
#16737=PLANE('',#16736);
#16738=ORIENTED_EDGE('',*,*,#16727,.T.);
#16739=ORIENTED_EDGE('',*,*,#14689,.T.);
#16740=DIRECTION('',(0,0,1));
#16741=VECTOR('',#16740,0.75);
#16742=LINE('',#2204,#16741);
#16743=EDGE_CURVE('',#2205,#2461,#16742,.T.);
#16744=ORIENTED_EDGE('',*,*,#16743,.F.);
#16745=ORIENTED_EDGE('',*,*,#3261,.F.);
#16746=EDGE_LOOP('',(#16738,#16739,#16744,#16745));
#16747=FACE_OUTER_BOUND('',#16746,.T.);
#16748=ADVANCED_FACE('',(#16747),#16737,.T.);
#16749=DIRECTION('',(-0.932993,-0.359896,-0));
#16750=DIRECTION('',(0,0,1));
#16751=AXIS2_PLACEMENT_3D('',#2460,#16749,#16750);
#16752=PLANE('',#16751);
#16753=ORIENTED_EDGE('',*,*,#14684,.F.);
#16754=ORIENTED_EDGE('',*,*,#16652,.F.);
#16755=ORIENTED_EDGE('',*,*,#3266,.T.);
#16756=ORIENTED_EDGE('',*,*,#16743,.T.);
#16757=EDGE_LOOP('',(#16753,#16754,#16755,#16756));
#16758=FACE_OUTER_BOUND('',#16757,.T.);
#16759=ADVANCED_FACE('',(#16758),#16752,.T.);
#16760=DIRECTION('',(-0.788349,-0.615229,-0));
#16761=DIRECTION('',(0,0,-1));
#16762=AXIS2_PLACEMENT_3D('',#2208,#16760,#16761);
#16763=PLANE('',#16762);
#16764=DIRECTION('',(0,0,1));
#16765=VECTOR('',#16764,0.75);
#16766=LINE('',#2208,#16765);
#16767=EDGE_CURVE('',#2209,#2465,#16766,.T.);
#16768=ORIENTED_EDGE('',*,*,#16767,.T.);
#16769=ORIENTED_EDGE('',*,*,#14654,.T.);
#16770=ORIENTED_EDGE('',*,*,#16565,.F.);
#16771=ORIENTED_EDGE('',*,*,#2656,.F.);
#16772=EDGE_LOOP('',(#16768,#16769,#16770,#16771));
#16773=FACE_OUTER_BOUND('',#16772,.T.);
#16774=ADVANCED_FACE('',(#16773),#16763,.T.);
#16775=DIRECTION('',(-0.817597,-0.57579,-0));
#16776=DIRECTION('',(0,0,-1));
#16777=AXIS2_PLACEMENT_3D('',#2208,#16775,#16776);
#16778=PLANE('',#16777);
#16779=ORIENTED_EDGE('',*,*,#2651,.T.);
#16780=ORIENTED_EDGE('',*,*,#16638,.T.);
#16781=ORIENTED_EDGE('',*,*,#14659,.F.);
#16782=ORIENTED_EDGE('',*,*,#16767,.F.);
#16783=EDGE_LOOP('',(#16779,#16780,#16781,#16782));
#16784=FACE_OUTER_BOUND('',#16783,.T.);
#16785=ADVANCED_FACE('',(#16784),#16778,.T.);
#16786=DIRECTION('',(0.932993,0.359896,0));
#16787=DIRECTION('',(0,0,-1));
#16788=AXIS2_PLACEMENT_3D('',#688,#16786,#16787);
#16789=PLANE('',#16788);
#16790=ORIENTED_EDGE('',*,*,#3603,.F.);
#16791=DIRECTION('',(0,0,1));
#16792=VECTOR('',#16791,0.75);
#16793=LINE('',#674,#16792);
#16794=EDGE_CURVE('',#675,#931,#16793,.T.);
#16795=ORIENTED_EDGE('',*,*,#16794,.T.);
#16796=ORIENTED_EDGE('',*,*,#13613,.T.);
#16797=DIRECTION('',(0,0,1));
#16798=VECTOR('',#16797,0.75);
#16799=LINE('',#688,#16798);
#16800=EDGE_CURVE('',#689,#945,#16799,.T.);
#16801=ORIENTED_EDGE('',*,*,#16800,.F.);
#16802=EDGE_LOOP('',(#16790,#16795,#16796,#16801));
#16803=FACE_OUTER_BOUND('',#16802,.T.);
#16804=ADVANCED_FACE('',(#16803),#16789,.T.);
#16805=DIRECTION('',(0.949522,0.313699,0));
#16806=DIRECTION('',(0,0,-1));
#16807=AXIS2_PLACEMENT_3D('',#930,#16805,#16806);
#16808=PLANE('',#16807);
#16809=ORIENTED_EDGE('',*,*,#16794,.F.);
#16810=ORIENTED_EDGE('',*,*,#3598,.T.);
#16811=DIRECTION('',(0,0,1));
#16812=VECTOR('',#16811,0.75);
#16813=LINE('',#694,#16812);
#16814=EDGE_CURVE('',#695,#951,#16813,.T.);
#16815=ORIENTED_EDGE('',*,*,#16814,.T.);
#16816=ORIENTED_EDGE('',*,*,#13618,.F.);
#16817=EDGE_LOOP('',(#16809,#16810,#16815,#16816));
#16818=FACE_OUTER_BOUND('',#16817,.T.);
#16819=ADVANCED_FACE('',(#16818),#16808,.T.);
#16820=DIRECTION('',(0.817597,0.57579,0));
#16821=DIRECTION('',(0,0,1));
#16822=AXIS2_PLACEMENT_3D('',#938,#16820,#16821);
#16823=PLANE('',#16822);
#16824=DIRECTION('',(0,0,1));
#16825=VECTOR('',#16824,0.75);
#16826=LINE('',#682,#16825);
#16827=EDGE_CURVE('',#683,#939,#16826,.T.);
#16828=ORIENTED_EDGE('',*,*,#16827,.F.);
#16829=ORIENTED_EDGE('',*,*,#3628,.F.);
#16830=DIRECTION('',(0,0,1));
#16831=VECTOR('',#16830,0.75);
#16832=LINE('',#680,#16831);
#16833=EDGE_CURVE('',#681,#937,#16832,.T.);
#16834=ORIENTED_EDGE('',*,*,#16833,.T.);
#16835=ORIENTED_EDGE('',*,*,#13588,.T.);
#16836=EDGE_LOOP('',(#16828,#16829,#16834,#16835));
#16837=FACE_OUTER_BOUND('',#16836,.T.);
#16838=ADVANCED_FACE('',(#16837),#16823,.T.);
#16839=DIRECTION('',(0.844855,0.534995,-0));
#16840=DIRECTION('',(-0,0,1));
#16841=AXIS2_PLACEMENT_3D('',#936,#16839,#16840);
#16842=PLANE('',#16841);
#16843=ORIENTED_EDGE('',*,*,#16833,.F.);
#16844=ORIENTED_EDGE('',*,*,#3623,.F.);
#16845=DIRECTION('',(0,0,1));
#16846=VECTOR('',#16845,0.75);
#16847=LINE('',#676,#16846);
#16848=EDGE_CURVE('',#677,#933,#16847,.T.);
#16849=ORIENTED_EDGE('',*,*,#16848,.T.);
#16850=ORIENTED_EDGE('',*,*,#13593,.T.);
#16851=EDGE_LOOP('',(#16843,#16844,#16849,#16850));
#16852=FACE_OUTER_BOUND('',#16851,.T.);
#16853=ADVANCED_FACE('',(#16852),#16842,.T.);
#16854=DIRECTION('',(0.788349,0.615229,-0));
#16855=DIRECTION('',(-0,0,1));
#16856=AXIS2_PLACEMENT_3D('',#678,#16854,#16855);
#16857=PLANE('',#16856);
#16858=ORIENTED_EDGE('',*,*,#3633,.T.);
#16859=ORIENTED_EDGE('',*,*,#16827,.T.);
#16860=ORIENTED_EDGE('',*,*,#13583,.F.);
#16861=DIRECTION('',(0,0,1));
#16862=VECTOR('',#16861,0.75);
#16863=LINE('',#678,#16862);
#16864=EDGE_CURVE('',#679,#935,#16863,.T.);
#16865=ORIENTED_EDGE('',*,*,#16864,.F.);
#16866=EDGE_LOOP('',(#16858,#16859,#16860,#16865));
#16867=FACE_OUTER_BOUND('',#16866,.T.);
#16868=ADVANCED_FACE('',(#16867),#16857,.T.);
#16869=DIRECTION('',(0.893245,0.449571,0));
#16870=DIRECTION('',(0,0,1));
#16871=AXIS2_PLACEMENT_3D('',#684,#16869,#16870);
#16872=PLANE('',#16871);
#16873=DIRECTION('',(0,0,1));
#16874=VECTOR('',#16873,0.75);
#16875=LINE('',#684,#16874);
#16876=EDGE_CURVE('',#685,#941,#16875,.T.);
#16877=ORIENTED_EDGE('',*,*,#16876,.T.);
#16878=ORIENTED_EDGE('',*,*,#13603,.T.);
#16879=DIRECTION('',(0,0,1));
#16880=VECTOR('',#16879,0.75);
#16881=LINE('',#686,#16880);
#16882=EDGE_CURVE('',#687,#943,#16881,.T.);
#16883=ORIENTED_EDGE('',*,*,#16882,.F.);
#16884=ORIENTED_EDGE('',*,*,#3613,.F.);
#16885=EDGE_LOOP('',(#16877,#16878,#16883,#16884));
#16886=FACE_OUTER_BOUND('',#16885,.T.);
#16887=ADVANCED_FACE('',(#16886),#16872,.T.);
#16888=DIRECTION('',(0.914208,0.405246,-0));
#16889=DIRECTION('',(-0,0,-1));
#16890=AXIS2_PLACEMENT_3D('',#688,#16888,#16889);
#16891=PLANE('',#16890);
#16892=ORIENTED_EDGE('',*,*,#16800,.T.);
#16893=ORIENTED_EDGE('',*,*,#13608,.F.);
#16894=ORIENTED_EDGE('',*,*,#16876,.F.);
#16895=ORIENTED_EDGE('',*,*,#3608,.T.);
#16896=EDGE_LOOP('',(#16892,#16893,#16894,#16895));
#16897=FACE_OUTER_BOUND('',#16896,.T.);
#16898=ADVANCED_FACE('',(#16897),#16891,.T.);
#16899=DIRECTION('',(0.870087,0.492898,-0));
#16900=DIRECTION('',(-0,0,1));
#16901=AXIS2_PLACEMENT_3D('',#942,#16899,#16900);
#16902=PLANE('',#16901);
#16903=ORIENTED_EDGE('',*,*,#13598,.F.);
#16904=ORIENTED_EDGE('',*,*,#16848,.F.);
#16905=ORIENTED_EDGE('',*,*,#3618,.T.);
#16906=ORIENTED_EDGE('',*,*,#16882,.T.);
#16907=EDGE_LOOP('',(#16903,#16904,#16905,#16906));
#16908=FACE_OUTER_BOUND('',#16907,.T.);
#16909=ADVANCED_FACE('',(#16908),#16902,.T.);
#16910=DIRECTION('',(0.975709,0.219071,0));
#16911=DIRECTION('',(0,0,-1));
#16912=AXIS2_PLACEMENT_3D('',#692,#16910,#16911);
#16913=PLANE('',#16912);
#16914=DIRECTION('',(0,0,1));
#16915=VECTOR('',#16914,0.75);
#16916=LINE('',#692,#16915);
#16917=EDGE_CURVE('',#693,#949,#16916,.T.);
#16918=ORIENTED_EDGE('',*,*,#16917,.T.);
#16919=ORIENTED_EDGE('',*,*,#13628,.F.);
#16920=DIRECTION('',(0,0,1));
#16921=VECTOR('',#16920,0.75);
#16922=LINE('',#690,#16921);
#16923=EDGE_CURVE('',#691,#947,#16922,.T.);
#16924=ORIENTED_EDGE('',*,*,#16923,.F.);
#16925=ORIENTED_EDGE('',*,*,#3588,.T.);
#16926=EDGE_LOOP('',(#16918,#16919,#16924,#16925));
#16927=FACE_OUTER_BOUND('',#16926,.T.);
#16928=ADVANCED_FACE('',(#16927),#16913,.T.);
#16929=DIRECTION('',(0.963772,0.266729,-0));
#16930=DIRECTION('',(-0,0,-1));
#16931=AXIS2_PLACEMENT_3D('',#950,#16929,#16930);
#16932=PLANE('',#16931);
#16933=ORIENTED_EDGE('',*,*,#16814,.F.);
#16934=ORIENTED_EDGE('',*,*,#3593,.F.);
#16935=ORIENTED_EDGE('',*,*,#16923,.T.);
#16936=ORIENTED_EDGE('',*,*,#13623,.T.);
#16937=EDGE_LOOP('',(#16933,#16934,#16935,#16936));
#16938=FACE_OUTER_BOUND('',#16937,.T.);
#16939=ADVANCED_FACE('',(#16938),#16932,.T.);
#16940=DIRECTION('',(0.985279,0.170956,-0));
#16941=DIRECTION('',(-0,0,-1));
#16942=AXIS2_PLACEMENT_3D('',#952,#16940,#16941);
#16943=PLANE('',#16942);
#16944=ORIENTED_EDGE('',*,*,#13633,.F.);
#16945=ORIENTED_EDGE('',*,*,#16917,.F.);
#16946=ORIENTED_EDGE('',*,*,#3583,.T.);
#16947=DIRECTION('',(0,0,1));
#16948=VECTOR('',#16947,0.75);
#16949=LINE('',#696,#16948);
#16950=EDGE_CURVE('',#697,#953,#16949,.T.);
#16951=ORIENTED_EDGE('',*,*,#16950,.T.);
#16952=EDGE_LOOP('',(#16944,#16945,#16946,#16951));
#16953=FACE_OUTER_BOUND('',#16952,.T.);
#16954=ADVANCED_FACE('',(#16953),#16943,.T.);
#16955=DIRECTION('',(0.992478,0.122425,0));
#16956=DIRECTION('',(0,0,-1));
#16957=AXIS2_PLACEMENT_3D('',#952,#16955,#16956);
#16958=PLANE('',#16957);
#16959=ORIENTED_EDGE('',*,*,#16950,.F.);
#16960=ORIENTED_EDGE('',*,*,#3578,.T.);
#16961=DIRECTION('',(0,0,1));
#16962=VECTOR('',#16961,0.75);
#16963=LINE('',#698,#16962);
#16964=EDGE_CURVE('',#699,#955,#16963,.T.);
#16965=ORIENTED_EDGE('',*,*,#16964,.T.);
#16966=ORIENTED_EDGE('',*,*,#13638,.F.);
#16967=EDGE_LOOP('',(#16959,#16960,#16965,#16966));
#16968=FACE_OUTER_BOUND('',#16967,.T.);
#16969=ADVANCED_FACE('',(#16968),#16958,.T.);
#16970=DIRECTION('',(0.99729,0.073567,-0));
#16971=DIRECTION('',(-0,0,-1));
#16972=AXIS2_PLACEMENT_3D('',#698,#16970,#16971);
#16973=PLANE('',#16972);
#16974=ORIENTED_EDGE('',*,*,#3573,.T.);
#16975=DIRECTION('',(0,0,1));
#16976=VECTOR('',#16975,0.75);
#16977=LINE('',#700,#16976);
#16978=EDGE_CURVE('',#701,#957,#16977,.T.);
#16979=ORIENTED_EDGE('',*,*,#16978,.T.);
#16980=ORIENTED_EDGE('',*,*,#13643,.F.);
#16981=ORIENTED_EDGE('',*,*,#16964,.F.);
#16982=EDGE_LOOP('',(#16974,#16979,#16980,#16981));
#16983=FACE_OUTER_BOUND('',#16982,.T.);
#16984=ADVANCED_FACE('',(#16983),#16973,.T.);
#16985=DIRECTION('',(0.999699,0.024538,0));
#16986=DIRECTION('',(0,0,-1));
#16987=AXIS2_PLACEMENT_3D('',#702,#16985,#16986);
#16988=PLANE('',#16987);
#16989=DIRECTION('',(0,0,1));
#16990=VECTOR('',#16989,0.75);
#16991=LINE('',#702,#16990);
#16992=EDGE_CURVE('',#703,#959,#16991,.T.);
#16993=ORIENTED_EDGE('',*,*,#16992,.T.);
#16994=ORIENTED_EDGE('',*,*,#13648,.F.);
#16995=ORIENTED_EDGE('',*,*,#16978,.F.);
#16996=ORIENTED_EDGE('',*,*,#3568,.T.);
#16997=EDGE_LOOP('',(#16993,#16994,#16995,#16996));
#16998=FACE_OUTER_BOUND('',#16997,.T.);
#16999=ADVANCED_FACE('',(#16998),#16988,.T.);
#17000=DIRECTION('',(0.999699,-0.024538,0));
#17001=DIRECTION('',(0,0,-1));
#17002=AXIS2_PLACEMENT_3D('',#958,#17000,#17001);
#17003=PLANE('',#17002);
#17004=ORIENTED_EDGE('',*,*,#16992,.F.);
#17005=ORIENTED_EDGE('',*,*,#3563,.T.);
#17006=DIRECTION('',(0,0,1));
#17007=VECTOR('',#17006,0.75);
#17008=LINE('',#704,#17007);
#17009=EDGE_CURVE('',#705,#961,#17008,.T.);
#17010=ORIENTED_EDGE('',*,*,#17009,.T.);
#17011=ORIENTED_EDGE('',*,*,#13653,.F.);
#17012=EDGE_LOOP('',(#17004,#17005,#17010,#17011));
#17013=FACE_OUTER_BOUND('',#17012,.T.);
#17014=ADVANCED_FACE('',(#17013),#17003,.T.);
#17015=DIRECTION('',(0.99729,-0.073567,0));
#17016=DIRECTION('',(0,0,-1));
#17017=AXIS2_PLACEMENT_3D('',#704,#17015,#17016);
#17018=PLANE('',#17017);
#17019=ORIENTED_EDGE('',*,*,#3558,.T.);
#17020=DIRECTION('',(0,0,1));
#17021=VECTOR('',#17020,0.75);
#17022=LINE('',#706,#17021);
#17023=EDGE_CURVE('',#707,#963,#17022,.T.);
#17024=ORIENTED_EDGE('',*,*,#17023,.T.);
#17025=ORIENTED_EDGE('',*,*,#13658,.F.);
#17026=ORIENTED_EDGE('',*,*,#17009,.F.);
#17027=EDGE_LOOP('',(#17019,#17024,#17025,#17026));
#17028=FACE_OUTER_BOUND('',#17027,.T.);
#17029=ADVANCED_FACE('',(#17028),#17018,.T.);
#17030=DIRECTION('',(0.992478,-0.122425,0));
#17031=DIRECTION('',(0,0,-1));
#17032=AXIS2_PLACEMENT_3D('',#962,#17030,#17031);
#17033=PLANE('',#17032);
#17034=ORIENTED_EDGE('',*,*,#17023,.F.);
#17035=ORIENTED_EDGE('',*,*,#3553,.T.);
#17036=DIRECTION('',(0,0,1));
#17037=VECTOR('',#17036,0.75);
#17038=LINE('',#736,#17037);
#17039=EDGE_CURVE('',#737,#993,#17038,.T.);
#17040=ORIENTED_EDGE('',*,*,#17039,.T.);
#17041=ORIENTED_EDGE('',*,*,#13663,.F.);
#17042=EDGE_LOOP('',(#17034,#17035,#17040,#17041));
#17043=FACE_OUTER_BOUND('',#17042,.T.);
#17044=ADVANCED_FACE('',(#17043),#17033,.T.);
#17045=DIRECTION('',(0.689478,0.724306,-0));
#17046=DIRECTION('',(-0,0,1));
#17047=AXIS2_PLACEMENT_3D('',#990,#17045,#17046);
#17048=PLANE('',#17047);
#17049=ORIENTED_EDGE('',*,*,#13568,.F.);
#17050=DIRECTION('',(0,0,1));
#17051=VECTOR('',#17050,0.75);
#17052=LINE('',#708,#17051);
#17053=EDGE_CURVE('',#709,#965,#17052,.T.);
#17054=ORIENTED_EDGE('',*,*,#17053,.F.);
#17055=ORIENTED_EDGE('',*,*,#3648,.T.);
#17056=DIRECTION('',(0,0,1));
#17057=VECTOR('',#17056,0.75);
#17058=LINE('',#734,#17057);
#17059=EDGE_CURVE('',#735,#991,#17058,.T.);
#17060=ORIENTED_EDGE('',*,*,#17059,.T.);
#17061=EDGE_LOOP('',(#17049,#17054,#17055,#17060));
#17062=FACE_OUTER_BOUND('',#17061,.T.);
#17063=ADVANCED_FACE('',(#17062),#17048,.T.);
#17064=DIRECTION('',(0.653196,0.757189,-0));
#17065=DIRECTION('',(-0,0,1));
#17066=AXIS2_PLACEMENT_3D('',#966,#17064,#17065);
#17067=PLANE('',#17066);
#17068=DIRECTION('',(0,0,1));
#17069=VECTOR('',#17068,0.75);
#17070=LINE('',#710,#17069);
#17071=EDGE_CURVE('',#711,#967,#17070,.T.);
#17072=ORIENTED_EDGE('',*,*,#17071,.F.);
#17073=ORIENTED_EDGE('',*,*,#3653,.F.);
#17074=ORIENTED_EDGE('',*,*,#17053,.T.);
#17075=ORIENTED_EDGE('',*,*,#13563,.T.);
#17076=EDGE_LOOP('',(#17072,#17073,#17074,#17075));
#17077=FACE_OUTER_BOUND('',#17076,.T.);
#17078=ADVANCED_FACE('',(#17077),#17067,.T.);
#17079=DIRECTION('',(0.615199,0.788372,0));
#17080=DIRECTION('',(0,0,1));
#17081=AXIS2_PLACEMENT_3D('',#714,#17079,#17080);
#17082=PLANE('',#17081);
#17083=ORIENTED_EDGE('',*,*,#3658,.F.);
#17084=ORIENTED_EDGE('',*,*,#17071,.T.);
#17085=ORIENTED_EDGE('',*,*,#13558,.T.);
#17086=DIRECTION('',(0,0,1));
#17087=VECTOR('',#17086,0.75);
#17088=LINE('',#714,#17087);
#17089=EDGE_CURVE('',#715,#971,#17088,.T.);
#17090=ORIENTED_EDGE('',*,*,#17089,.F.);
#17091=EDGE_LOOP('',(#17083,#17084,#17085,#17090));
#17092=FACE_OUTER_BOUND('',#17091,.T.);
#17093=ADVANCED_FACE('',(#17092),#17082,.T.);
#17094=DIRECTION('',(0.535057,0.844816,-0));
#17095=DIRECTION('',(-0,0,1));
#17096=AXIS2_PLACEMENT_3D('',#968,#17094,#17095);
#17097=PLANE('',#17096);
#17098=ORIENTED_EDGE('',*,*,#13548,.T.);
#17099=DIRECTION('',(0,0,1));
#17100=VECTOR('',#17099,0.75);
#17101=LINE('',#716,#17100);
#17102=EDGE_CURVE('',#717,#973,#17101,.T.);
#17103=ORIENTED_EDGE('',*,*,#17102,.F.);
#17104=ORIENTED_EDGE('',*,*,#3668,.F.);
#17105=DIRECTION('',(0,0,1));
#17106=VECTOR('',#17105,0.75);
#17107=LINE('',#712,#17106);
#17108=EDGE_CURVE('',#713,#969,#17107,.T.);
#17109=ORIENTED_EDGE('',*,*,#17108,.T.);
#17110=EDGE_LOOP('',(#17098,#17103,#17104,#17109));
#17111=FACE_OUTER_BOUND('',#17110,.T.);
#17112=ADVANCED_FACE('',(#17111),#17097,.T.);
#17113=DIRECTION('',(0.575845,0.817559,-0));
#17114=DIRECTION('',(-0,0,1));
#17115=AXIS2_PLACEMENT_3D('',#968,#17113,#17114);
#17116=PLANE('',#17115);
#17117=ORIENTED_EDGE('',*,*,#17108,.F.);
#17118=ORIENTED_EDGE('',*,*,#3663,.T.);
#17119=ORIENTED_EDGE('',*,*,#17089,.T.);
#17120=ORIENTED_EDGE('',*,*,#13553,.F.);
#17121=EDGE_LOOP('',(#17117,#17118,#17119,#17120));
#17122=FACE_OUTER_BOUND('',#17121,.T.);
#17123=ADVANCED_FACE('',(#17122),#17116,.T.);
#17124=DIRECTION('',(0.492851,0.870114,-0));
#17125=DIRECTION('',(-0,0,1));
#17126=AXIS2_PLACEMENT_3D('',#972,#17124,#17125);
#17127=PLANE('',#17126);
#17128=ORIENTED_EDGE('',*,*,#13543,.T.);
#17129=DIRECTION('',(0,0,1));
#17130=VECTOR('',#17129,0.75);
#17131=LINE('',#718,#17130);
#17132=EDGE_CURVE('',#719,#975,#17131,.T.);
#17133=ORIENTED_EDGE('',*,*,#17132,.F.);
#17134=ORIENTED_EDGE('',*,*,#3673,.F.);
#17135=ORIENTED_EDGE('',*,*,#17102,.T.);
#17136=EDGE_LOOP('',(#17128,#17133,#17134,#17135));
#17137=FACE_OUTER_BOUND('',#17136,.T.);
#17138=ADVANCED_FACE('',(#17137),#17127,.T.);
#17139=DIRECTION('',(0.35989,0.932995,-0));
#17140=DIRECTION('',(-0,0,1));
#17141=AXIS2_PLACEMENT_3D('',#980,#17139,#17140);
#17142=PLANE('',#17141);
#17143=ORIENTED_EDGE('',*,*,#13528,.F.);
#17144=DIRECTION('',(0,0,1));
#17145=VECTOR('',#17144,0.75);
#17146=LINE('',#720,#17145);
#17147=EDGE_CURVE('',#721,#977,#17146,.T.);
#17148=ORIENTED_EDGE('',*,*,#17147,.F.);
#17149=ORIENTED_EDGE('',*,*,#3688,.T.);
#17150=DIRECTION('',(0,0,1));
#17151=VECTOR('',#17150,0.75);
#17152=LINE('',#724,#17151);
#17153=EDGE_CURVE('',#725,#981,#17152,.T.);
#17154=ORIENTED_EDGE('',*,*,#17153,.T.);
#17155=EDGE_LOOP('',(#17143,#17148,#17149,#17154));
#17156=FACE_OUTER_BOUND('',#17155,.T.);
#17157=ADVANCED_FACE('',(#17156),#17142,.T.);
#17158=DIRECTION('',(0.313627,0.949546,-0));
#17159=DIRECTION('',(-0,0,1));
#17160=AXIS2_PLACEMENT_3D('',#982,#17158,#17159);
#17161=PLANE('',#17160);
#17162=DIRECTION('',(0,0,1));
#17163=VECTOR('',#17162,0.75);
#17164=LINE('',#726,#17163);
#17165=EDGE_CURVE('',#727,#983,#17164,.T.);
#17166=ORIENTED_EDGE('',*,*,#17165,.F.);
#17167=ORIENTED_EDGE('',*,*,#3693,.F.);
#17168=ORIENTED_EDGE('',*,*,#17147,.T.);
#17169=ORIENTED_EDGE('',*,*,#14163,.T.);
#17170=EDGE_LOOP('',(#17166,#17167,#17168,#17169));
#17171=FACE_OUTER_BOUND('',#17170,.T.);
#17172=ADVANCED_FACE('',(#17171),#17161,.T.);
#17173=DIRECTION('',(0.449667,0.893196,0));
#17174=DIRECTION('',(0,0,1));
#17175=AXIS2_PLACEMENT_3D('',#974,#17173,#17174);
#17176=PLANE('',#17175);
#17177=ORIENTED_EDGE('',*,*,#13538,.T.);
#17178=DIRECTION('',(0,0,1));
#17179=VECTOR('',#17178,0.75);
#17180=LINE('',#722,#17179);
#17181=EDGE_CURVE('',#723,#979,#17180,.T.);
#17182=ORIENTED_EDGE('',*,*,#17181,.F.);
#17183=ORIENTED_EDGE('',*,*,#3678,.F.);
#17184=ORIENTED_EDGE('',*,*,#17132,.T.);
#17185=EDGE_LOOP('',(#17177,#17182,#17183,#17184));
#17186=FACE_OUTER_BOUND('',#17185,.T.);
#17187=ADVANCED_FACE('',(#17186),#17176,.T.);
#17188=DIRECTION('',(0.405243,0.914209,-0));
#17189=DIRECTION('',(-0,0,1));
#17190=AXIS2_PLACEMENT_3D('',#724,#17188,#17189);
#17191=PLANE('',#17190);
#17192=ORIENTED_EDGE('',*,*,#3683,.F.);
#17193=ORIENTED_EDGE('',*,*,#17181,.T.);
#17194=ORIENTED_EDGE('',*,*,#13533,.T.);
#17195=ORIENTED_EDGE('',*,*,#17153,.F.);
#17196=EDGE_LOOP('',(#17192,#17193,#17194,#17195));
#17197=FACE_OUTER_BOUND('',#17196,.T.);
#17198=ADVANCED_FACE('',(#17197),#17191,.T.);
#17199=DIRECTION('',(0.266632,0.963798,-0));
#17200=DIRECTION('',(-0,0,1));
#17201=AXIS2_PLACEMENT_3D('',#984,#17199,#17200);
#17202=PLANE('',#17201);
#17203=DIRECTION('',(0,0,1));
#17204=VECTOR('',#17203,0.75);
#17205=LINE('',#728,#17204);
#17206=EDGE_CURVE('',#729,#985,#17205,.T.);
#17207=ORIENTED_EDGE('',*,*,#17206,.F.);
#17208=ORIENTED_EDGE('',*,*,#3698,.F.);
#17209=ORIENTED_EDGE('',*,*,#17165,.T.);
#17210=ORIENTED_EDGE('',*,*,#14158,.T.);
#17211=EDGE_LOOP('',(#17207,#17208,#17209,#17210));
#17212=FACE_OUTER_BOUND('',#17211,.T.);
#17213=ADVANCED_FACE('',(#17212),#17202,.T.);
#17214=DIRECTION('',(0.219082,0.975707,-0));
#17215=DIRECTION('',(-0,0,1));
#17216=AXIS2_PLACEMENT_3D('',#984,#17214,#17215);
#17217=PLANE('',#17216);
#17218=ORIENTED_EDGE('',*,*,#14153,.T.);
#17219=DIRECTION('',(0,0,1));
#17220=VECTOR('',#17219,0.75);
#17221=LINE('',#730,#17220);
#17222=EDGE_CURVE('',#731,#987,#17221,.T.);
#17223=ORIENTED_EDGE('',*,*,#17222,.F.);
#17224=ORIENTED_EDGE('',*,*,#3703,.F.);
#17225=ORIENTED_EDGE('',*,*,#17206,.T.);
#17226=EDGE_LOOP('',(#17218,#17223,#17224,#17225));
#17227=FACE_OUTER_BOUND('',#17226,.T.);
#17228=ADVANCED_FACE('',(#17227),#17217,.T.);
#17229=DIRECTION('',(0.170984,0.985274,-0));
#17230=DIRECTION('',(-0,0,1));
#17231=AXIS2_PLACEMENT_3D('',#788,#17229,#17230);
#17232=PLANE('',#17231);
#17233=ORIENTED_EDGE('',*,*,#3708,.F.);
#17234=ORIENTED_EDGE('',*,*,#17222,.T.);
#17235=ORIENTED_EDGE('',*,*,#14148,.T.);
#17236=DIRECTION('',(0,0,1));
#17237=VECTOR('',#17236,0.75);
#17238=LINE('',#788,#17237);
#17239=EDGE_CURVE('',#789,#1045,#17238,.T.);
#17240=ORIENTED_EDGE('',*,*,#17239,.F.);
#17241=EDGE_LOOP('',(#17233,#17234,#17235,#17240));
#17242=FACE_OUTER_BOUND('',#17241,.T.);
#17243=ADVANCED_FACE('',(#17242),#17232,.T.);
#17244=DIRECTION('',(0.757158,0.653232,0));
#17245=DIRECTION('',(0,0,1));
#17246=AXIS2_PLACEMENT_3D('',#988,#17244,#17245);
#17247=PLANE('',#17246);
#17248=DIRECTION('',(0,0,1));
#17249=VECTOR('',#17248,0.75);
#17250=LINE('',#732,#17249);
#17251=EDGE_CURVE('',#733,#989,#17250,.T.);
#17252=ORIENTED_EDGE('',*,*,#17251,.F.);
#17253=ORIENTED_EDGE('',*,*,#3638,.F.);
#17254=ORIENTED_EDGE('',*,*,#16864,.T.);
#17255=ORIENTED_EDGE('',*,*,#13578,.T.);
#17256=EDGE_LOOP('',(#17252,#17253,#17254,#17255));
#17257=FACE_OUTER_BOUND('',#17256,.T.);
#17258=ADVANCED_FACE('',(#17257),#17247,.T.);
#17259=DIRECTION('',(0.724298,0.689487,0));
#17260=DIRECTION('',(0,0,1));
#17261=AXIS2_PLACEMENT_3D('',#990,#17259,#17260);
#17262=PLANE('',#17261);
#17263=ORIENTED_EDGE('',*,*,#17059,.F.);
#17264=ORIENTED_EDGE('',*,*,#3643,.F.);
#17265=ORIENTED_EDGE('',*,*,#17251,.T.);
#17266=ORIENTED_EDGE('',*,*,#13573,.T.);
#17267=EDGE_LOOP('',(#17263,#17264,#17265,#17266));
#17268=FACE_OUTER_BOUND('',#17267,.T.);
#17269=ADVANCED_FACE('',(#17268),#17262,.T.);
#17270=DIRECTION('',(0.985279,-0.170956,0));
#17271=DIRECTION('',(0,0,-1));
#17272=AXIS2_PLACEMENT_3D('',#736,#17270,#17271);
#17273=PLANE('',#17272);
#17274=ORIENTED_EDGE('',*,*,#3548,.T.);
#17275=DIRECTION('',(0,0,1));
#17276=VECTOR('',#17275,0.75);
#17277=LINE('',#738,#17276);
#17278=EDGE_CURVE('',#739,#995,#17277,.T.);
#17279=ORIENTED_EDGE('',*,*,#17278,.T.);
#17280=ORIENTED_EDGE('',*,*,#13668,.F.);
#17281=ORIENTED_EDGE('',*,*,#17039,.F.);
#17282=EDGE_LOOP('',(#17274,#17279,#17280,#17281));
#17283=FACE_OUTER_BOUND('',#17282,.T.);
#17284=ADVANCED_FACE('',(#17283),#17273,.T.);
#17285=DIRECTION('',(0.975709,-0.219071,0));
#17286=DIRECTION('',(0,0,-1));
#17287=AXIS2_PLACEMENT_3D('',#738,#17285,#17286);
#17288=PLANE('',#17287);
#17289=ORIENTED_EDGE('',*,*,#3543,.T.);
#17290=DIRECTION('',(0,0,1));
#17291=VECTOR('',#17290,0.75);
#17292=LINE('',#740,#17291);
#17293=EDGE_CURVE('',#741,#997,#17292,.T.);
#17294=ORIENTED_EDGE('',*,*,#17293,.T.);
#17295=ORIENTED_EDGE('',*,*,#13673,.F.);
#17296=ORIENTED_EDGE('',*,*,#17278,.F.);
#17297=EDGE_LOOP('',(#17289,#17294,#17295,#17296));
#17298=FACE_OUTER_BOUND('',#17297,.T.);
#17299=ADVANCED_FACE('',(#17298),#17288,.T.);
#17300=DIRECTION('',(0.963772,-0.266729,0));
#17301=DIRECTION('',(0,0,-1));
#17302=AXIS2_PLACEMENT_3D('',#742,#17300,#17301);
#17303=PLANE('',#17302);
#17304=DIRECTION('',(0,0,1));
#17305=VECTOR('',#17304,0.75);
#17306=LINE('',#742,#17305);
#17307=EDGE_CURVE('',#743,#999,#17306,.T.);
#17308=ORIENTED_EDGE('',*,*,#17307,.T.);
#17309=ORIENTED_EDGE('',*,*,#13678,.F.);
#17310=ORIENTED_EDGE('',*,*,#17293,.F.);
#17311=ORIENTED_EDGE('',*,*,#3538,.T.);
#17312=EDGE_LOOP('',(#17308,#17309,#17310,#17311));
#17313=FACE_OUTER_BOUND('',#17312,.T.);
#17314=ADVANCED_FACE('',(#17313),#17303,.T.);
#17315=DIRECTION('',(0.949522,-0.313699,0));
#17316=DIRECTION('',(0,0,-1));
#17317=AXIS2_PLACEMENT_3D('',#1000,#17315,#17316);
#17318=PLANE('',#17317);
#17319=ORIENTED_EDGE('',*,*,#13683,.F.);
#17320=ORIENTED_EDGE('',*,*,#17307,.F.);
#17321=ORIENTED_EDGE('',*,*,#3533,.T.);
#17322=DIRECTION('',(0,0,1));
#17323=VECTOR('',#17322,0.75);
#17324=LINE('',#744,#17323);
#17325=EDGE_CURVE('',#745,#1001,#17324,.T.);
#17326=ORIENTED_EDGE('',*,*,#17325,.T.);
#17327=EDGE_LOOP('',(#17319,#17320,#17321,#17326));
#17328=FACE_OUTER_BOUND('',#17327,.T.);
#17329=ADVANCED_FACE('',(#17328),#17318,.T.);
#17330=DIRECTION('',(0.932993,-0.359896,0));
#17331=DIRECTION('',(0,0,-1));
#17332=AXIS2_PLACEMENT_3D('',#746,#17330,#17331);
#17333=PLANE('',#17332);
#17334=DIRECTION('',(0,0,1));
#17335=VECTOR('',#17334,0.75);
#17336=LINE('',#746,#17335);
#17337=EDGE_CURVE('',#747,#1003,#17336,.T.);
#17338=ORIENTED_EDGE('',*,*,#17337,.T.);
#17339=ORIENTED_EDGE('',*,*,#13688,.F.);
#17340=ORIENTED_EDGE('',*,*,#17325,.F.);
#17341=ORIENTED_EDGE('',*,*,#3528,.T.);
#17342=EDGE_LOOP('',(#17338,#17339,#17340,#17341));
#17343=FACE_OUTER_BOUND('',#17342,.T.);
#17344=ADVANCED_FACE('',(#17343),#17333,.T.);
#17345=DIRECTION('',(0.914208,-0.405246,0));
#17346=DIRECTION('',(0,0,-1));
#17347=AXIS2_PLACEMENT_3D('',#1002,#17345,#17346);
#17348=PLANE('',#17347);
#17349=ORIENTED_EDGE('',*,*,#17337,.F.);
#17350=ORIENTED_EDGE('',*,*,#3523,.T.);
#17351=DIRECTION('',(0,0,1));
#17352=VECTOR('',#17351,0.75);
#17353=LINE('',#748,#17352);
#17354=EDGE_CURVE('',#749,#1005,#17353,.T.);
#17355=ORIENTED_EDGE('',*,*,#17354,.T.);
#17356=ORIENTED_EDGE('',*,*,#13693,.F.);
#17357=EDGE_LOOP('',(#17349,#17350,#17355,#17356));
#17358=FACE_OUTER_BOUND('',#17357,.T.);
#17359=ADVANCED_FACE('',(#17358),#17348,.T.);
#17360=DIRECTION('',(0.893245,-0.449571,0));
#17361=DIRECTION('',(0,0,-1));
#17362=AXIS2_PLACEMENT_3D('',#748,#17360,#17361);
#17363=PLANE('',#17362);
#17364=ORIENTED_EDGE('',*,*,#3518,.T.);
#17365=DIRECTION('',(0,0,1));
#17366=VECTOR('',#17365,0.75);
#17367=LINE('',#750,#17366);
#17368=EDGE_CURVE('',#751,#1007,#17367,.T.);
#17369=ORIENTED_EDGE('',*,*,#17368,.T.);
#17370=ORIENTED_EDGE('',*,*,#13698,.F.);
#17371=ORIENTED_EDGE('',*,*,#17354,.F.);
#17372=EDGE_LOOP('',(#17364,#17369,#17370,#17371));
#17373=FACE_OUTER_BOUND('',#17372,.T.);
#17374=ADVANCED_FACE('',(#17373),#17363,.T.);
#17375=DIRECTION('',(0.870087,-0.492898,0));
#17376=DIRECTION('',(0,0,-1));
#17377=AXIS2_PLACEMENT_3D('',#750,#17375,#17376);
#17378=PLANE('',#17377);
#17379=ORIENTED_EDGE('',*,*,#3513,.T.);
#17380=DIRECTION('',(0,0,1));
#17381=VECTOR('',#17380,0.75);
#17382=LINE('',#752,#17381);
#17383=EDGE_CURVE('',#753,#1009,#17382,.T.);
#17384=ORIENTED_EDGE('',*,*,#17383,.T.);
#17385=ORIENTED_EDGE('',*,*,#13703,.F.);
#17386=ORIENTED_EDGE('',*,*,#17368,.F.);
#17387=EDGE_LOOP('',(#17379,#17384,#17385,#17386));
#17388=FACE_OUTER_BOUND('',#17387,.T.);
#17389=ADVANCED_FACE('',(#17388),#17378,.T.);
#17390=DIRECTION('',(0.844855,-0.534995,0));
#17391=DIRECTION('',(0,0,-1));
#17392=AXIS2_PLACEMENT_3D('',#752,#17390,#17391);
#17393=PLANE('',#17392);
#17394=ORIENTED_EDGE('',*,*,#3508,.T.);
#17395=DIRECTION('',(0,0,1));
#17396=VECTOR('',#17395,0.75);
#17397=LINE('',#754,#17396);
#17398=EDGE_CURVE('',#755,#1011,#17397,.T.);
#17399=ORIENTED_EDGE('',*,*,#17398,.T.);
#17400=ORIENTED_EDGE('',*,*,#13708,.F.);
#17401=ORIENTED_EDGE('',*,*,#17383,.F.);
#17402=EDGE_LOOP('',(#17394,#17399,#17400,#17401));
#17403=FACE_OUTER_BOUND('',#17402,.T.);
#17404=ADVANCED_FACE('',(#17403),#17393,.T.);
#17405=DIRECTION('',(0.817597,-0.57579,0));
#17406=DIRECTION('',(0,0,-1));
#17407=AXIS2_PLACEMENT_3D('',#1012,#17405,#17406);
#17408=PLANE('',#17407);
#17409=ORIENTED_EDGE('',*,*,#13713,.F.);
#17410=ORIENTED_EDGE('',*,*,#17398,.F.);
#17411=ORIENTED_EDGE('',*,*,#3503,.T.);
#17412=DIRECTION('',(0,0,1));
#17413=VECTOR('',#17412,0.75);
#17414=LINE('',#756,#17413);
#17415=EDGE_CURVE('',#757,#1013,#17414,.T.);
#17416=ORIENTED_EDGE('',*,*,#17415,.T.);
#17417=EDGE_LOOP('',(#17409,#17410,#17411,#17416));
#17418=FACE_OUTER_BOUND('',#17417,.T.);
#17419=ADVANCED_FACE('',(#17418),#17408,.T.);
#17420=DIRECTION('',(0.788349,-0.615229,0));
#17421=DIRECTION('',(0,0,-1));
#17422=AXIS2_PLACEMENT_3D('',#758,#17420,#17421);
#17423=PLANE('',#17422);
#17424=DIRECTION('',(0,0,1));
#17425=VECTOR('',#17424,0.75);
#17426=LINE('',#758,#17425);
#17427=EDGE_CURVE('',#759,#1015,#17426,.T.);
#17428=ORIENTED_EDGE('',*,*,#17427,.T.);
#17429=ORIENTED_EDGE('',*,*,#13718,.F.);
#17430=ORIENTED_EDGE('',*,*,#17415,.F.);
#17431=ORIENTED_EDGE('',*,*,#3498,.T.);
#17432=EDGE_LOOP('',(#17428,#17429,#17430,#17431));
#17433=FACE_OUTER_BOUND('',#17432,.T.);
#17434=ADVANCED_FACE('',(#17433),#17423,.T.);
#17435=DIRECTION('',(0.757158,-0.653232,0));
#17436=DIRECTION('',(0,0,-1));
#17437=AXIS2_PLACEMENT_3D('',#760,#17435,#17436);
#17438=PLANE('',#17437);
#17439=DIRECTION('',(0,0,1));
#17440=VECTOR('',#17439,0.75);
#17441=LINE('',#760,#17440);
#17442=EDGE_CURVE('',#761,#1017,#17441,.T.);
#17443=ORIENTED_EDGE('',*,*,#17442,.T.);
#17444=ORIENTED_EDGE('',*,*,#13723,.F.);
#17445=ORIENTED_EDGE('',*,*,#17427,.F.);
#17446=ORIENTED_EDGE('',*,*,#3493,.T.);
#17447=EDGE_LOOP('',(#17443,#17444,#17445,#17446));
#17448=FACE_OUTER_BOUND('',#17447,.T.);
#17449=ADVANCED_FACE('',(#17448),#17438,.T.);
#17450=DIRECTION('',(0.724298,-0.689487,0));
#17451=DIRECTION('',(0,0,-1));
#17452=AXIS2_PLACEMENT_3D('',#1018,#17450,#17451);
#17453=PLANE('',#17452);
#17454=ORIENTED_EDGE('',*,*,#13728,.F.);
#17455=ORIENTED_EDGE('',*,*,#17442,.F.);
#17456=ORIENTED_EDGE('',*,*,#3488,.T.);
#17457=DIRECTION('',(0,0,1));
#17458=VECTOR('',#17457,0.75);
#17459=LINE('',#762,#17458);
#17460=EDGE_CURVE('',#763,#1019,#17459,.T.);
#17461=ORIENTED_EDGE('',*,*,#17460,.T.);
#17462=EDGE_LOOP('',(#17454,#17455,#17456,#17461));
#17463=FACE_OUTER_BOUND('',#17462,.T.);
#17464=ADVANCED_FACE('',(#17463),#17453,.T.);
#17465=DIRECTION('',(0.689478,-0.724306,0));
#17466=DIRECTION('',(0,0,-1));
#17467=AXIS2_PLACEMENT_3D('',#764,#17465,#17466);
#17468=PLANE('',#17467);
#17469=DIRECTION('',(0,0,1));
#17470=VECTOR('',#17469,0.75);
#17471=LINE('',#764,#17470);
#17472=EDGE_CURVE('',#765,#1021,#17471,.T.);
#17473=ORIENTED_EDGE('',*,*,#17472,.T.);
#17474=ORIENTED_EDGE('',*,*,#13733,.F.);
#17475=ORIENTED_EDGE('',*,*,#17460,.F.);
#17476=ORIENTED_EDGE('',*,*,#3483,.T.);
#17477=EDGE_LOOP('',(#17473,#17474,#17475,#17476));
#17478=FACE_OUTER_BOUND('',#17477,.T.);
#17479=ADVANCED_FACE('',(#17478),#17468,.T.);
#17480=DIRECTION('',(0.653196,-0.757189,0));
#17481=DIRECTION('',(0,0,-1));
#17482=AXIS2_PLACEMENT_3D('',#1020,#17480,#17481);
#17483=PLANE('',#17482);
#17484=ORIENTED_EDGE('',*,*,#17472,.F.);
#17485=ORIENTED_EDGE('',*,*,#3478,.T.);
#17486=DIRECTION('',(0,0,1));
#17487=VECTOR('',#17486,0.75);
#17488=LINE('',#766,#17487);
#17489=EDGE_CURVE('',#767,#1023,#17488,.T.);
#17490=ORIENTED_EDGE('',*,*,#17489,.T.);
#17491=ORIENTED_EDGE('',*,*,#13738,.F.);
#17492=EDGE_LOOP('',(#17484,#17485,#17490,#17491));
#17493=FACE_OUTER_BOUND('',#17492,.T.);
#17494=ADVANCED_FACE('',(#17493),#17483,.T.);
#17495=DIRECTION('',(0.615199,-0.788372,0));
#17496=DIRECTION('',(0,0,-1));
#17497=AXIS2_PLACEMENT_3D('',#768,#17495,#17496);
#17498=PLANE('',#17497);
#17499=DIRECTION('',(0,0,1));
#17500=VECTOR('',#17499,0.75);
#17501=LINE('',#768,#17500);
#17502=EDGE_CURVE('',#769,#1025,#17501,.T.);
#17503=ORIENTED_EDGE('',*,*,#17502,.T.);
#17504=ORIENTED_EDGE('',*,*,#13743,.F.);
#17505=ORIENTED_EDGE('',*,*,#17489,.F.);
#17506=ORIENTED_EDGE('',*,*,#3473,.T.);
#17507=EDGE_LOOP('',(#17503,#17504,#17505,#17506));
#17508=FACE_OUTER_BOUND('',#17507,.T.);
#17509=ADVANCED_FACE('',(#17508),#17498,.T.);
#17510=DIRECTION('',(0.575845,-0.817559,0));
#17511=DIRECTION('',(0,0,-1));
#17512=AXIS2_PLACEMENT_3D('',#1026,#17510,#17511);
#17513=PLANE('',#17512);
#17514=ORIENTED_EDGE('',*,*,#13748,.F.);
#17515=ORIENTED_EDGE('',*,*,#17502,.F.);
#17516=ORIENTED_EDGE('',*,*,#3468,.T.);
#17517=DIRECTION('',(0,0,1));
#17518=VECTOR('',#17517,0.75);
#17519=LINE('',#770,#17518);
#17520=EDGE_CURVE('',#771,#1027,#17519,.T.);
#17521=ORIENTED_EDGE('',*,*,#17520,.T.);
#17522=EDGE_LOOP('',(#17514,#17515,#17516,#17521));
#17523=FACE_OUTER_BOUND('',#17522,.T.);
#17524=ADVANCED_FACE('',(#17523),#17513,.T.);
#17525=DIRECTION('',(0.535057,-0.844816,0));
#17526=DIRECTION('',(0,0,-1));
#17527=AXIS2_PLACEMENT_3D('',#770,#17525,#17526);
#17528=PLANE('',#17527);
#17529=ORIENTED_EDGE('',*,*,#3463,.T.);
#17530=DIRECTION('',(0,0,1));
#17531=VECTOR('',#17530,0.75);
#17532=LINE('',#772,#17531);
#17533=EDGE_CURVE('',#773,#1029,#17532,.T.);
#17534=ORIENTED_EDGE('',*,*,#17533,.T.);
#17535=ORIENTED_EDGE('',*,*,#13753,.F.);
#17536=ORIENTED_EDGE('',*,*,#17520,.F.);
#17537=EDGE_LOOP('',(#17529,#17534,#17535,#17536));
#17538=FACE_OUTER_BOUND('',#17537,.T.);
#17539=ADVANCED_FACE('',(#17538),#17528,.T.);
#17540=DIRECTION('',(0.492851,-0.870114,0));
#17541=DIRECTION('',(0,0,-1));
#17542=AXIS2_PLACEMENT_3D('',#774,#17540,#17541);
#17543=PLANE('',#17542);
#17544=DIRECTION('',(0,0,1));
#17545=VECTOR('',#17544,0.75);
#17546=LINE('',#774,#17545);
#17547=EDGE_CURVE('',#775,#1031,#17546,.T.);
#17548=ORIENTED_EDGE('',*,*,#17547,.T.);
#17549=ORIENTED_EDGE('',*,*,#13758,.F.);
#17550=ORIENTED_EDGE('',*,*,#17533,.F.);
#17551=ORIENTED_EDGE('',*,*,#3458,.T.);
#17552=EDGE_LOOP('',(#17548,#17549,#17550,#17551));
#17553=FACE_OUTER_BOUND('',#17552,.T.);
#17554=ADVANCED_FACE('',(#17553),#17543,.T.);
#17555=DIRECTION('',(0.449667,-0.893196,0));
#17556=DIRECTION('',(0,0,-1));
#17557=AXIS2_PLACEMENT_3D('',#774,#17555,#17556);
#17558=PLANE('',#17557);
#17559=ORIENTED_EDGE('',*,*,#3453,.T.);
#17560=DIRECTION('',(0,0,1));
#17561=VECTOR('',#17560,0.75);
#17562=LINE('',#776,#17561);
#17563=EDGE_CURVE('',#777,#1033,#17562,.T.);
#17564=ORIENTED_EDGE('',*,*,#17563,.T.);
#17565=ORIENTED_EDGE('',*,*,#13763,.F.);
#17566=ORIENTED_EDGE('',*,*,#17547,.F.);
#17567=EDGE_LOOP('',(#17559,#17564,#17565,#17566));
#17568=FACE_OUTER_BOUND('',#17567,.T.);
#17569=ADVANCED_FACE('',(#17568),#17558,.T.);
#17570=DIRECTION('',(0.405243,-0.914209,0));
#17571=DIRECTION('',(0,0,-1));
#17572=AXIS2_PLACEMENT_3D('',#778,#17570,#17571);
#17573=PLANE('',#17572);
#17574=DIRECTION('',(0,0,1));
#17575=VECTOR('',#17574,0.75);
#17576=LINE('',#778,#17575);
#17577=EDGE_CURVE('',#779,#1035,#17576,.T.);
#17578=ORIENTED_EDGE('',*,*,#17577,.T.);
#17579=ORIENTED_EDGE('',*,*,#13768,.F.);
#17580=ORIENTED_EDGE('',*,*,#17563,.F.);
#17581=ORIENTED_EDGE('',*,*,#3448,.T.);
#17582=EDGE_LOOP('',(#17578,#17579,#17580,#17581));
#17583=FACE_OUTER_BOUND('',#17582,.T.);
#17584=ADVANCED_FACE('',(#17583),#17573,.T.);
#17585=DIRECTION('',(0.35989,-0.932995,0));
#17586=DIRECTION('',(0,0,-1));
#17587=AXIS2_PLACEMENT_3D('',#780,#17585,#17586);
#17588=PLANE('',#17587);
#17589=DIRECTION('',(0,0,1));
#17590=VECTOR('',#17589,0.75);
#17591=LINE('',#780,#17590);
#17592=EDGE_CURVE('',#781,#1037,#17591,.T.);
#17593=ORIENTED_EDGE('',*,*,#17592,.T.);
#17594=ORIENTED_EDGE('',*,*,#13773,.F.);
#17595=ORIENTED_EDGE('',*,*,#17577,.F.);
#17596=ORIENTED_EDGE('',*,*,#3443,.T.);
#17597=EDGE_LOOP('',(#17593,#17594,#17595,#17596));
#17598=FACE_OUTER_BOUND('',#17597,.T.);
#17599=ADVANCED_FACE('',(#17598),#17588,.T.);
#17600=DIRECTION('',(0.313627,-0.949546,0));
#17601=DIRECTION('',(0,0,-1));
#17602=AXIS2_PLACEMENT_3D('',#780,#17600,#17601);
#17603=PLANE('',#17602);
#17604=ORIENTED_EDGE('',*,*,#3438,.T.);
#17605=DIRECTION('',(0,0,1));
#17606=VECTOR('',#17605,0.75);
#17607=LINE('',#782,#17606);
#17608=EDGE_CURVE('',#783,#1039,#17607,.T.);
#17609=ORIENTED_EDGE('',*,*,#17608,.T.);
#17610=ORIENTED_EDGE('',*,*,#13778,.F.);
#17611=ORIENTED_EDGE('',*,*,#17592,.F.);
#17612=EDGE_LOOP('',(#17604,#17609,#17610,#17611));
#17613=FACE_OUTER_BOUND('',#17612,.T.);
#17614=ADVANCED_FACE('',(#17613),#17603,.T.);
#17615=DIRECTION('',(0.266632,-0.963798,0));
#17616=DIRECTION('',(0,0,-1));
#17617=AXIS2_PLACEMENT_3D('',#782,#17615,#17616);
#17618=PLANE('',#17617);
#17619=ORIENTED_EDGE('',*,*,#3433,.T.);
#17620=DIRECTION('',(0,0,1));
#17621=VECTOR('',#17620,0.75);
#17622=LINE('',#784,#17621);
#17623=EDGE_CURVE('',#785,#1041,#17622,.T.);
#17624=ORIENTED_EDGE('',*,*,#17623,.T.);
#17625=ORIENTED_EDGE('',*,*,#13783,.F.);
#17626=ORIENTED_EDGE('',*,*,#17608,.F.);
#17627=EDGE_LOOP('',(#17619,#17624,#17625,#17626));
#17628=FACE_OUTER_BOUND('',#17627,.T.);
#17629=ADVANCED_FACE('',(#17628),#17618,.T.);
#17630=DIRECTION('',(0.219082,-0.975707,0));
#17631=DIRECTION('',(0,0,-1));
#17632=AXIS2_PLACEMENT_3D('',#786,#17630,#17631);
#17633=PLANE('',#17632);
#17634=DIRECTION('',(0,0,1));
#17635=VECTOR('',#17634,0.75);
#17636=LINE('',#786,#17635);
#17637=EDGE_CURVE('',#787,#1043,#17636,.T.);
#17638=ORIENTED_EDGE('',*,*,#17637,.T.);
#17639=ORIENTED_EDGE('',*,*,#13788,.F.);
#17640=ORIENTED_EDGE('',*,*,#17623,.F.);
#17641=ORIENTED_EDGE('',*,*,#3428,.T.);
#17642=EDGE_LOOP('',(#17638,#17639,#17640,#17641));
#17643=FACE_OUTER_BOUND('',#17642,.T.);
#17644=ADVANCED_FACE('',(#17643),#17633,.T.);
#17645=DIRECTION('',(0.170984,-0.985274,0));
#17646=DIRECTION('',(0,0,-1));
#17647=AXIS2_PLACEMENT_3D('',#786,#17645,#17646);
#17648=PLANE('',#17647);
#17649=ORIENTED_EDGE('',*,*,#3423,.T.);
#17650=DIRECTION('',(0,0,1));
#17651=VECTOR('',#17650,0.75);
#17652=LINE('',#876,#17651);
#17653=EDGE_CURVE('',#877,#1133,#17652,.T.);
#17654=ORIENTED_EDGE('',*,*,#17653,.T.);
#17655=ORIENTED_EDGE('',*,*,#13793,.F.);
#17656=ORIENTED_EDGE('',*,*,#17637,.F.);
#17657=EDGE_LOOP('',(#17649,#17654,#17655,#17656));
#17658=FACE_OUTER_BOUND('',#17657,.T.);
#17659=ADVANCED_FACE('',(#17658),#17648,.T.);
#17660=DIRECTION('',(0.122521,0.992466,-0));
#17661=DIRECTION('',(-0,0,1));
#17662=AXIS2_PLACEMENT_3D('',#1046,#17660,#17661);
#17663=PLANE('',#17662);
#17664=DIRECTION('',(0,0,1));
#17665=VECTOR('',#17664,0.75);
#17666=LINE('',#790,#17665);
#17667=EDGE_CURVE('',#791,#1047,#17666,.T.);
#17668=ORIENTED_EDGE('',*,*,#17667,.F.);
#17669=ORIENTED_EDGE('',*,*,#3713,.F.);
#17670=ORIENTED_EDGE('',*,*,#17239,.T.);
#17671=ORIENTED_EDGE('',*,*,#14143,.T.);
#17672=EDGE_LOOP('',(#17668,#17669,#17670,#17671));
#17673=FACE_OUTER_BOUND('',#17672,.T.);
#17674=ADVANCED_FACE('',(#17673),#17663,.T.);
#17675=DIRECTION('',(0.073515,0.997294,-0));
#17676=DIRECTION('',(-0,0,1));
#17677=AXIS2_PLACEMENT_3D('',#1046,#17675,#17676);
#17678=PLANE('',#17677);
#17679=ORIENTED_EDGE('',*,*,#14138,.T.);
#17680=DIRECTION('',(0,0,1));
#17681=VECTOR('',#17680,0.75);
#17682=LINE('',#792,#17681);
#17683=EDGE_CURVE('',#793,#1049,#17682,.T.);
#17684=ORIENTED_EDGE('',*,*,#17683,.F.);
#17685=ORIENTED_EDGE('',*,*,#3718,.F.);
#17686=ORIENTED_EDGE('',*,*,#17667,.T.);
#17687=EDGE_LOOP('',(#17679,#17684,#17685,#17686));
#17688=FACE_OUTER_BOUND('',#17687,.T.);
#17689=ADVANCED_FACE('',(#17688),#17678,.T.);
#17690=DIRECTION('',(0.024505,0.9997,0));
#17691=DIRECTION('',(0,0,1));
#17692=AXIS2_PLACEMENT_3D('',#794,#17690,#17691);
#17693=PLANE('',#17692);
#17694=ORIENTED_EDGE('',*,*,#3723,.F.);
#17695=ORIENTED_EDGE('',*,*,#17683,.T.);
#17696=ORIENTED_EDGE('',*,*,#14133,.T.);
#17697=DIRECTION('',(0,0,1));
#17698=VECTOR('',#17697,0.75);
#17699=LINE('',#794,#17698);
#17700=EDGE_CURVE('',#795,#1051,#17699,.T.);
#17701=ORIENTED_EDGE('',*,*,#17700,.F.);
#17702=EDGE_LOOP('',(#17694,#17695,#17696,#17701));
#17703=FACE_OUTER_BOUND('',#17702,.T.);
#17704=ADVANCED_FACE('',(#17703),#17693,.T.);
#17705=DIRECTION('',(-0.024505,0.9997,0));
#17706=DIRECTION('',(0,-0,1));
#17707=AXIS2_PLACEMENT_3D('',#794,#17705,#17706);
#17708=PLANE('',#17707);
#17709=ORIENTED_EDGE('',*,*,#17700,.T.);
#17710=ORIENTED_EDGE('',*,*,#14128,.T.);
#17711=DIRECTION('',(0,0,1));
#17712=VECTOR('',#17711,0.75);
#17713=LINE('',#796,#17712);
#17714=EDGE_CURVE('',#797,#1053,#17713,.T.);
#17715=ORIENTED_EDGE('',*,*,#17714,.F.);
#17716=ORIENTED_EDGE('',*,*,#3728,.F.);
#17717=EDGE_LOOP('',(#17709,#17710,#17715,#17716));
#17718=FACE_OUTER_BOUND('',#17717,.T.);
#17719=ADVANCED_FACE('',(#17718),#17708,.T.);
#17720=DIRECTION('',(-0.073515,0.997294,0));
#17721=DIRECTION('',(0,-0,1));
#17722=AXIS2_PLACEMENT_3D('',#1052,#17720,#17721);
#17723=PLANE('',#17722);
#17724=ORIENTED_EDGE('',*,*,#14123,.T.);
#17725=DIRECTION('',(0,0,1));
#17726=VECTOR('',#17725,0.75);
#17727=LINE('',#798,#17726);
#17728=EDGE_CURVE('',#799,#1055,#17727,.T.);
#17729=ORIENTED_EDGE('',*,*,#17728,.F.);
#17730=ORIENTED_EDGE('',*,*,#3733,.F.);
#17731=ORIENTED_EDGE('',*,*,#17714,.T.);
#17732=EDGE_LOOP('',(#17724,#17729,#17730,#17731));
#17733=FACE_OUTER_BOUND('',#17732,.T.);
#17734=ADVANCED_FACE('',(#17733),#17723,.T.);
#17735=DIRECTION('',(-0.122521,0.992466,0));
#17736=DIRECTION('',(0,-0,1));
#17737=AXIS2_PLACEMENT_3D('',#798,#17735,#17736);
#17738=PLANE('',#17737);
#17739=ORIENTED_EDGE('',*,*,#17728,.T.);
#17740=ORIENTED_EDGE('',*,*,#14118,.T.);
#17741=DIRECTION('',(0,0,1));
#17742=VECTOR('',#17741,0.75);
#17743=LINE('',#800,#17742);
#17744=EDGE_CURVE('',#801,#1057,#17743,.T.);
#17745=ORIENTED_EDGE('',*,*,#17744,.F.);
#17746=ORIENTED_EDGE('',*,*,#3738,.F.);
#17747=EDGE_LOOP('',(#17739,#17740,#17745,#17746));
#17748=FACE_OUTER_BOUND('',#17747,.T.);
#17749=ADVANCED_FACE('',(#17748),#17738,.T.);
#17750=DIRECTION('',(-0.170984,0.985274,0));
#17751=DIRECTION('',(0,-0,1));
#17752=AXIS2_PLACEMENT_3D('',#800,#17750,#17751);
#17753=PLANE('',#17752);
#17754=ORIENTED_EDGE('',*,*,#17744,.T.);
#17755=ORIENTED_EDGE('',*,*,#14113,.T.);
#17756=DIRECTION('',(0,0,1));
#17757=VECTOR('',#17756,0.75);
#17758=LINE('',#802,#17757);
#17759=EDGE_CURVE('',#803,#1059,#17758,.T.);
#17760=ORIENTED_EDGE('',*,*,#17759,.F.);
#17761=ORIENTED_EDGE('',*,*,#3743,.F.);
#17762=EDGE_LOOP('',(#17754,#17755,#17760,#17761));
#17763=FACE_OUTER_BOUND('',#17762,.T.);
#17764=ADVANCED_FACE('',(#17763),#17753,.T.);
#17765=DIRECTION('',(-0.219082,0.975707,0));
#17766=DIRECTION('',(0,-0,1));
#17767=AXIS2_PLACEMENT_3D('',#1060,#17765,#17766);
#17768=PLANE('',#17767);
#17769=DIRECTION('',(0,0,1));
#17770=VECTOR('',#17769,0.75);
#17771=LINE('',#804,#17770);
#17772=EDGE_CURVE('',#805,#1061,#17771,.T.);
#17773=ORIENTED_EDGE('',*,*,#17772,.F.);
#17774=ORIENTED_EDGE('',*,*,#3748,.F.);
#17775=ORIENTED_EDGE('',*,*,#17759,.T.);
#17776=ORIENTED_EDGE('',*,*,#14108,.T.);
#17777=EDGE_LOOP('',(#17773,#17774,#17775,#17776));
#17778=FACE_OUTER_BOUND('',#17777,.T.);
#17779=ADVANCED_FACE('',(#17778),#17768,.T.);
#17780=DIRECTION('',(-0.266632,0.963798,0));
#17781=DIRECTION('',(0,-0,1));
#17782=AXIS2_PLACEMENT_3D('',#804,#17780,#17781);
#17783=PLANE('',#17782);
#17784=ORIENTED_EDGE('',*,*,#17772,.T.);
#17785=ORIENTED_EDGE('',*,*,#14103,.T.);
#17786=DIRECTION('',(0,0,1));
#17787=VECTOR('',#17786,0.75);
#17788=LINE('',#806,#17787);
#17789=EDGE_CURVE('',#807,#1063,#17788,.T.);
#17790=ORIENTED_EDGE('',*,*,#17789,.F.);
#17791=ORIENTED_EDGE('',*,*,#3753,.F.);
#17792=EDGE_LOOP('',(#17784,#17785,#17790,#17791));
#17793=FACE_OUTER_BOUND('',#17792,.T.);
#17794=ADVANCED_FACE('',(#17793),#17783,.T.);
#17795=DIRECTION('',(-0.313627,0.949546,0));
#17796=DIRECTION('',(0,-0,1));
#17797=AXIS2_PLACEMENT_3D('',#1064,#17795,#17796);
#17798=PLANE('',#17797);
#17799=DIRECTION('',(0,0,1));
#17800=VECTOR('',#17799,0.75);
#17801=LINE('',#808,#17800);
#17802=EDGE_CURVE('',#809,#1065,#17801,.T.);
#17803=ORIENTED_EDGE('',*,*,#17802,.F.);
#17804=ORIENTED_EDGE('',*,*,#3758,.F.);
#17805=ORIENTED_EDGE('',*,*,#17789,.T.);
#17806=ORIENTED_EDGE('',*,*,#14098,.T.);
#17807=EDGE_LOOP('',(#17803,#17804,#17805,#17806));
#17808=FACE_OUTER_BOUND('',#17807,.T.);
#17809=ADVANCED_FACE('',(#17808),#17798,.T.);
#17810=DIRECTION('',(-0.35989,0.932995,0));
#17811=DIRECTION('',(0,-0,1));
#17812=AXIS2_PLACEMENT_3D('',#1064,#17810,#17811);
#17813=PLANE('',#17812);
#17814=ORIENTED_EDGE('',*,*,#14093,.T.);
#17815=DIRECTION('',(0,0,1));
#17816=VECTOR('',#17815,0.75);
#17817=LINE('',#810,#17816);
#17818=EDGE_CURVE('',#811,#1067,#17817,.T.);
#17819=ORIENTED_EDGE('',*,*,#17818,.F.);
#17820=ORIENTED_EDGE('',*,*,#3763,.F.);
#17821=ORIENTED_EDGE('',*,*,#17802,.T.);
#17822=EDGE_LOOP('',(#17814,#17819,#17820,#17821));
#17823=FACE_OUTER_BOUND('',#17822,.T.);
#17824=ADVANCED_FACE('',(#17823),#17813,.T.);
#17825=DIRECTION('',(-0.405243,0.914209,0));
#17826=DIRECTION('',(0,-0,1));
#17827=AXIS2_PLACEMENT_3D('',#812,#17825,#17826);
#17828=PLANE('',#17827);
#17829=ORIENTED_EDGE('',*,*,#3768,.F.);
#17830=ORIENTED_EDGE('',*,*,#17818,.T.);
#17831=ORIENTED_EDGE('',*,*,#14088,.T.);
#17832=DIRECTION('',(0,0,1));
#17833=VECTOR('',#17832,0.75);
#17834=LINE('',#812,#17833);
#17835=EDGE_CURVE('',#813,#1069,#17834,.T.);
#17836=ORIENTED_EDGE('',*,*,#17835,.F.);
#17837=EDGE_LOOP('',(#17829,#17830,#17831,#17836));
#17838=FACE_OUTER_BOUND('',#17837,.T.);
#17839=ADVANCED_FACE('',(#17838),#17828,.T.);
#17840=DIRECTION('',(-0.449667,0.893196,0));
#17841=DIRECTION('',(0,-0,1));
#17842=AXIS2_PLACEMENT_3D('',#812,#17840,#17841);
#17843=PLANE('',#17842);
#17844=ORIENTED_EDGE('',*,*,#17835,.T.);
#17845=ORIENTED_EDGE('',*,*,#14083,.T.);
#17846=DIRECTION('',(0,0,1));
#17847=VECTOR('',#17846,0.75);
#17848=LINE('',#814,#17847);
#17849=EDGE_CURVE('',#815,#1071,#17848,.T.);
#17850=ORIENTED_EDGE('',*,*,#17849,.F.);
#17851=ORIENTED_EDGE('',*,*,#3773,.F.);
#17852=EDGE_LOOP('',(#17844,#17845,#17850,#17851));
#17853=FACE_OUTER_BOUND('',#17852,.T.);
#17854=ADVANCED_FACE('',(#17853),#17843,.T.);
#17855=DIRECTION('',(-0.492851,0.870114,0));
#17856=DIRECTION('',(0,-0,1));
#17857=AXIS2_PLACEMENT_3D('',#1072,#17855,#17856);
#17858=PLANE('',#17857);
#17859=DIRECTION('',(0,0,1));
#17860=VECTOR('',#17859,0.75);
#17861=LINE('',#816,#17860);
#17862=EDGE_CURVE('',#817,#1073,#17861,.T.);
#17863=ORIENTED_EDGE('',*,*,#17862,.F.);
#17864=ORIENTED_EDGE('',*,*,#3778,.F.);
#17865=ORIENTED_EDGE('',*,*,#17849,.T.);
#17866=ORIENTED_EDGE('',*,*,#14078,.T.);
#17867=EDGE_LOOP('',(#17863,#17864,#17865,#17866));
#17868=FACE_OUTER_BOUND('',#17867,.T.);
#17869=ADVANCED_FACE('',(#17868),#17858,.T.);
#17870=DIRECTION('',(-0.535057,0.844816,0));
#17871=DIRECTION('',(0,-0,1));
#17872=AXIS2_PLACEMENT_3D('',#818,#17870,#17871);
#17873=PLANE('',#17872);
#17874=ORIENTED_EDGE('',*,*,#3783,.F.);
#17875=ORIENTED_EDGE('',*,*,#17862,.T.);
#17876=ORIENTED_EDGE('',*,*,#14073,.T.);
#17877=DIRECTION('',(0,0,1));
#17878=VECTOR('',#17877,0.75);
#17879=LINE('',#818,#17878);
#17880=EDGE_CURVE('',#819,#1075,#17879,.T.);
#17881=ORIENTED_EDGE('',*,*,#17880,.F.);
#17882=EDGE_LOOP('',(#17874,#17875,#17876,#17881));
#17883=FACE_OUTER_BOUND('',#17882,.T.);
#17884=ADVANCED_FACE('',(#17883),#17873,.T.);
#17885=DIRECTION('',(-0.575845,0.817559,0));
#17886=DIRECTION('',(0,-0,1));
#17887=AXIS2_PLACEMENT_3D('',#818,#17885,#17886);
#17888=PLANE('',#17887);
#17889=ORIENTED_EDGE('',*,*,#17880,.T.);
#17890=ORIENTED_EDGE('',*,*,#14068,.T.);
#17891=DIRECTION('',(0,0,1));
#17892=VECTOR('',#17891,0.75);
#17893=LINE('',#820,#17892);
#17894=EDGE_CURVE('',#821,#1077,#17893,.T.);
#17895=ORIENTED_EDGE('',*,*,#17894,.F.);
#17896=ORIENTED_EDGE('',*,*,#3788,.F.);
#17897=EDGE_LOOP('',(#17889,#17890,#17895,#17896));
#17898=FACE_OUTER_BOUND('',#17897,.T.);
#17899=ADVANCED_FACE('',(#17898),#17888,.T.);
#17900=DIRECTION('',(-0.615199,0.788372,0));
#17901=DIRECTION('',(0,-0,1));
#17902=AXIS2_PLACEMENT_3D('',#1078,#17900,#17901);
#17903=PLANE('',#17902);
#17904=DIRECTION('',(0,0,1));
#17905=VECTOR('',#17904,0.75);
#17906=LINE('',#822,#17905);
#17907=EDGE_CURVE('',#823,#1079,#17906,.T.);
#17908=ORIENTED_EDGE('',*,*,#17907,.F.);
#17909=ORIENTED_EDGE('',*,*,#3793,.F.);
#17910=ORIENTED_EDGE('',*,*,#17894,.T.);
#17911=ORIENTED_EDGE('',*,*,#14063,.T.);
#17912=EDGE_LOOP('',(#17908,#17909,#17910,#17911));
#17913=FACE_OUTER_BOUND('',#17912,.T.);
#17914=ADVANCED_FACE('',(#17913),#17903,.T.);
#17915=DIRECTION('',(-0.653196,0.757189,0));
#17916=DIRECTION('',(0,-0,1));
#17917=AXIS2_PLACEMENT_3D('',#1080,#17915,#17916);
#17918=PLANE('',#17917);
#17919=DIRECTION('',(0,0,1));
#17920=VECTOR('',#17919,0.75);
#17921=LINE('',#824,#17920);
#17922=EDGE_CURVE('',#825,#1081,#17921,.T.);
#17923=ORIENTED_EDGE('',*,*,#17922,.F.);
#17924=ORIENTED_EDGE('',*,*,#3798,.F.);
#17925=ORIENTED_EDGE('',*,*,#17907,.T.);
#17926=ORIENTED_EDGE('',*,*,#14058,.T.);
#17927=EDGE_LOOP('',(#17923,#17924,#17925,#17926));
#17928=FACE_OUTER_BOUND('',#17927,.T.);
#17929=ADVANCED_FACE('',(#17928),#17918,.T.);
#17930=DIRECTION('',(-0.689478,0.724306,0));
#17931=DIRECTION('',(0,-0,1));
#17932=AXIS2_PLACEMENT_3D('',#824,#17930,#17931);
#17933=PLANE('',#17932);
#17934=ORIENTED_EDGE('',*,*,#17922,.T.);
#17935=ORIENTED_EDGE('',*,*,#14053,.T.);
#17936=DIRECTION('',(0,0,1));
#17937=VECTOR('',#17936,0.75);
#17938=LINE('',#826,#17937);
#17939=EDGE_CURVE('',#827,#1083,#17938,.T.);
#17940=ORIENTED_EDGE('',*,*,#17939,.F.);
#17941=ORIENTED_EDGE('',*,*,#3803,.F.);
#17942=EDGE_LOOP('',(#17934,#17935,#17940,#17941));
#17943=FACE_OUTER_BOUND('',#17942,.T.);
#17944=ADVANCED_FACE('',(#17943),#17933,.T.);
#17945=DIRECTION('',(-0.724298,0.689487,0));
#17946=DIRECTION('',(0,-0,1));
#17947=AXIS2_PLACEMENT_3D('',#1082,#17945,#17946);
#17948=PLANE('',#17947);
#17949=ORIENTED_EDGE('',*,*,#14048,.T.);
#17950=DIRECTION('',(0,0,1));
#17951=VECTOR('',#17950,0.75);
#17952=LINE('',#828,#17951);
#17953=EDGE_CURVE('',#829,#1085,#17952,.T.);
#17954=ORIENTED_EDGE('',*,*,#17953,.F.);
#17955=ORIENTED_EDGE('',*,*,#3808,.F.);
#17956=ORIENTED_EDGE('',*,*,#17939,.T.);
#17957=EDGE_LOOP('',(#17949,#17954,#17955,#17956));
#17958=FACE_OUTER_BOUND('',#17957,.T.);
#17959=ADVANCED_FACE('',(#17958),#17948,.T.);
#17960=DIRECTION('',(-0.757158,0.653232,0));
#17961=DIRECTION('',(0,-0,1));
#17962=AXIS2_PLACEMENT_3D('',#1086,#17960,#17961);
#17963=PLANE('',#17962);
#17964=DIRECTION('',(0,0,1));
#17965=VECTOR('',#17964,0.75);
#17966=LINE('',#830,#17965);
#17967=EDGE_CURVE('',#831,#1087,#17966,.T.);
#17968=ORIENTED_EDGE('',*,*,#17967,.F.);
#17969=ORIENTED_EDGE('',*,*,#3813,.F.);
#17970=ORIENTED_EDGE('',*,*,#17953,.T.);
#17971=ORIENTED_EDGE('',*,*,#14043,.T.);
#17972=EDGE_LOOP('',(#17968,#17969,#17970,#17971));
#17973=FACE_OUTER_BOUND('',#17972,.T.);
#17974=ADVANCED_FACE('',(#17973),#17963,.T.);
#17975=DIRECTION('',(-0.788349,0.615229,0));
#17976=DIRECTION('',(0,-0,1));
#17977=AXIS2_PLACEMENT_3D('',#830,#17975,#17976);
#17978=PLANE('',#17977);
#17979=ORIENTED_EDGE('',*,*,#17967,.T.);
#17980=ORIENTED_EDGE('',*,*,#14038,.T.);
#17981=DIRECTION('',(0,0,1));
#17982=VECTOR('',#17981,0.75);
#17983=LINE('',#832,#17982);
#17984=EDGE_CURVE('',#833,#1089,#17983,.T.);
#17985=ORIENTED_EDGE('',*,*,#17984,.F.);
#17986=ORIENTED_EDGE('',*,*,#3818,.F.);
#17987=EDGE_LOOP('',(#17979,#17980,#17985,#17986));
#17988=FACE_OUTER_BOUND('',#17987,.T.);
#17989=ADVANCED_FACE('',(#17988),#17978,.T.);
#17990=DIRECTION('',(-0.817597,0.57579,0));
#17991=DIRECTION('',(0,-0,1));
#17992=AXIS2_PLACEMENT_3D('',#834,#17990,#17991);
#17993=PLANE('',#17992);
#17994=ORIENTED_EDGE('',*,*,#3823,.F.);
#17995=ORIENTED_EDGE('',*,*,#17984,.T.);
#17996=ORIENTED_EDGE('',*,*,#14033,.T.);
#17997=DIRECTION('',(0,0,1));
#17998=VECTOR('',#17997,0.75);
#17999=LINE('',#834,#17998);
#18000=EDGE_CURVE('',#835,#1091,#17999,.T.);
#18001=ORIENTED_EDGE('',*,*,#18000,.F.);
#18002=EDGE_LOOP('',(#17994,#17995,#17996,#18001));
#18003=FACE_OUTER_BOUND('',#18002,.T.);
#18004=ADVANCED_FACE('',(#18003),#17993,.T.);
#18005=DIRECTION('',(-0.844855,0.534995,0));
#18006=DIRECTION('',(0,-0,1));
#18007=AXIS2_PLACEMENT_3D('',#1092,#18005,#18006);
#18008=PLANE('',#18007);
#18009=DIRECTION('',(0,0,1));
#18010=VECTOR('',#18009,0.75);
#18011=LINE('',#836,#18010);
#18012=EDGE_CURVE('',#837,#1093,#18011,.T.);
#18013=ORIENTED_EDGE('',*,*,#18012,.F.);
#18014=ORIENTED_EDGE('',*,*,#3828,.F.);
#18015=ORIENTED_EDGE('',*,*,#18000,.T.);
#18016=ORIENTED_EDGE('',*,*,#14028,.T.);
#18017=EDGE_LOOP('',(#18013,#18014,#18015,#18016));
#18018=FACE_OUTER_BOUND('',#18017,.T.);
#18019=ADVANCED_FACE('',(#18018),#18008,.T.);
#18020=DIRECTION('',(-0.870087,0.492898,0));
#18021=DIRECTION('',(0,-0,1));
#18022=AXIS2_PLACEMENT_3D('',#1094,#18020,#18021);
#18023=PLANE('',#18022);
#18024=DIRECTION('',(0,0,1));
#18025=VECTOR('',#18024,0.75);
#18026=LINE('',#838,#18025);
#18027=EDGE_CURVE('',#839,#1095,#18026,.T.);
#18028=ORIENTED_EDGE('',*,*,#18027,.F.);
#18029=ORIENTED_EDGE('',*,*,#3833,.F.);
#18030=ORIENTED_EDGE('',*,*,#18012,.T.);
#18031=ORIENTED_EDGE('',*,*,#14023,.T.);
#18032=EDGE_LOOP('',(#18028,#18029,#18030,#18031));
#18033=FACE_OUTER_BOUND('',#18032,.T.);
#18034=ADVANCED_FACE('',(#18033),#18023,.T.);
#18035=DIRECTION('',(-0.893245,0.449571,0));
#18036=DIRECTION('',(0,-0,1));
#18037=AXIS2_PLACEMENT_3D('',#838,#18035,#18036);
#18038=PLANE('',#18037);
#18039=ORIENTED_EDGE('',*,*,#18027,.T.);
#18040=ORIENTED_EDGE('',*,*,#14018,.T.);
#18041=DIRECTION('',(0,0,1));
#18042=VECTOR('',#18041,0.75);
#18043=LINE('',#840,#18042);
#18044=EDGE_CURVE('',#841,#1097,#18043,.T.);
#18045=ORIENTED_EDGE('',*,*,#18044,.F.);
#18046=ORIENTED_EDGE('',*,*,#3838,.F.);
#18047=EDGE_LOOP('',(#18039,#18040,#18045,#18046));
#18048=FACE_OUTER_BOUND('',#18047,.T.);
#18049=ADVANCED_FACE('',(#18048),#18038,.T.);
#18050=DIRECTION('',(-0.914208,0.405246,0));
#18051=DIRECTION('',(0,-0,1));
#18052=AXIS2_PLACEMENT_3D('',#1098,#18050,#18051);
#18053=PLANE('',#18052);
#18054=DIRECTION('',(0,0,1));
#18055=VECTOR('',#18054,0.75);
#18056=LINE('',#842,#18055);
#18057=EDGE_CURVE('',#843,#1099,#18056,.T.);
#18058=ORIENTED_EDGE('',*,*,#18057,.F.);
#18059=ORIENTED_EDGE('',*,*,#3843,.F.);
#18060=ORIENTED_EDGE('',*,*,#18044,.T.);
#18061=ORIENTED_EDGE('',*,*,#14013,.T.);
#18062=EDGE_LOOP('',(#18058,#18059,#18060,#18061));
#18063=FACE_OUTER_BOUND('',#18062,.T.);
#18064=ADVANCED_FACE('',(#18063),#18053,.T.);
#18065=DIRECTION('',(-0.932993,0.359896,0));
#18066=DIRECTION('',(0,-0,1));
#18067=AXIS2_PLACEMENT_3D('',#1100,#18065,#18066);
#18068=PLANE('',#18067);
#18069=DIRECTION('',(0,0,1));
#18070=VECTOR('',#18069,0.75);
#18071=LINE('',#844,#18070);
#18072=EDGE_CURVE('',#845,#1101,#18071,.T.);
#18073=ORIENTED_EDGE('',*,*,#18072,.F.);
#18074=ORIENTED_EDGE('',*,*,#3848,.F.);
#18075=ORIENTED_EDGE('',*,*,#18057,.T.);
#18076=ORIENTED_EDGE('',*,*,#14008,.T.);
#18077=EDGE_LOOP('',(#18073,#18074,#18075,#18076));
#18078=FACE_OUTER_BOUND('',#18077,.T.);
#18079=ADVANCED_FACE('',(#18078),#18068,.T.);
#18080=DIRECTION('',(-0.949522,0.313699,0));
#18081=DIRECTION('',(0,-0,1));
#18082=AXIS2_PLACEMENT_3D('',#1102,#18080,#18081);
#18083=PLANE('',#18082);
#18084=DIRECTION('',(0,0,1));
#18085=VECTOR('',#18084,0.75);
#18086=LINE('',#846,#18085);
#18087=EDGE_CURVE('',#847,#1103,#18086,.T.);
#18088=ORIENTED_EDGE('',*,*,#18087,.F.);
#18089=ORIENTED_EDGE('',*,*,#3853,.F.);
#18090=ORIENTED_EDGE('',*,*,#18072,.T.);
#18091=ORIENTED_EDGE('',*,*,#14003,.T.);
#18092=EDGE_LOOP('',(#18088,#18089,#18090,#18091));
#18093=FACE_OUTER_BOUND('',#18092,.T.);
#18094=ADVANCED_FACE('',(#18093),#18083,.T.);
#18095=DIRECTION('',(-0.963772,0.266729,0));
#18096=DIRECTION('',(0,-0,1));
#18097=AXIS2_PLACEMENT_3D('',#1104,#18095,#18096);
#18098=PLANE('',#18097);
#18099=DIRECTION('',(0,0,1));
#18100=VECTOR('',#18099,0.75);
#18101=LINE('',#848,#18100);
#18102=EDGE_CURVE('',#849,#1105,#18101,.T.);
#18103=ORIENTED_EDGE('',*,*,#18102,.F.);
#18104=ORIENTED_EDGE('',*,*,#3858,.F.);
#18105=ORIENTED_EDGE('',*,*,#18087,.T.);
#18106=ORIENTED_EDGE('',*,*,#13998,.T.);
#18107=EDGE_LOOP('',(#18103,#18104,#18105,#18106));
#18108=FACE_OUTER_BOUND('',#18107,.T.);
#18109=ADVANCED_FACE('',(#18108),#18098,.T.);
#18110=DIRECTION('',(-0.975709,0.219071,0));
#18111=DIRECTION('',(0,-0,1));
#18112=AXIS2_PLACEMENT_3D('',#1104,#18110,#18111);
#18113=PLANE('',#18112);
#18114=ORIENTED_EDGE('',*,*,#13993,.T.);
#18115=DIRECTION('',(0,0,1));
#18116=VECTOR('',#18115,0.75);
#18117=LINE('',#850,#18116);
#18118=EDGE_CURVE('',#851,#1107,#18117,.T.);
#18119=ORIENTED_EDGE('',*,*,#18118,.F.);
#18120=ORIENTED_EDGE('',*,*,#3863,.F.);
#18121=ORIENTED_EDGE('',*,*,#18102,.T.);
#18122=EDGE_LOOP('',(#18114,#18119,#18120,#18121));
#18123=FACE_OUTER_BOUND('',#18122,.T.);
#18124=ADVANCED_FACE('',(#18123),#18113,.T.);
#18125=DIRECTION('',(-0.985279,0.170956,0));
#18126=DIRECTION('',(0,-0,1));
#18127=AXIS2_PLACEMENT_3D('',#1108,#18125,#18126);
#18128=PLANE('',#18127);
#18129=DIRECTION('',(0,0,1));
#18130=VECTOR('',#18129,0.75);
#18131=LINE('',#852,#18130);
#18132=EDGE_CURVE('',#853,#1109,#18131,.T.);
#18133=ORIENTED_EDGE('',*,*,#18132,.F.);
#18134=ORIENTED_EDGE('',*,*,#3868,.F.);
#18135=ORIENTED_EDGE('',*,*,#18118,.T.);
#18136=ORIENTED_EDGE('',*,*,#13988,.T.);
#18137=EDGE_LOOP('',(#18133,#18134,#18135,#18136));
#18138=FACE_OUTER_BOUND('',#18137,.T.);
#18139=ADVANCED_FACE('',(#18138),#18128,.T.);
#18140=DIRECTION('',(-0.992478,0.122425,0));
#18141=DIRECTION('',(0,-0,1));
#18142=AXIS2_PLACEMENT_3D('',#1110,#18140,#18141);
#18143=PLANE('',#18142);
#18144=DIRECTION('',(0,0,1));
#18145=VECTOR('',#18144,0.75);
#18146=LINE('',#854,#18145);
#18147=EDGE_CURVE('',#855,#1111,#18146,.T.);
#18148=ORIENTED_EDGE('',*,*,#18147,.F.);
#18149=ORIENTED_EDGE('',*,*,#3873,.F.);
#18150=ORIENTED_EDGE('',*,*,#18132,.T.);
#18151=ORIENTED_EDGE('',*,*,#13983,.T.);
#18152=EDGE_LOOP('',(#18148,#18149,#18150,#18151));
#18153=FACE_OUTER_BOUND('',#18152,.T.);
#18154=ADVANCED_FACE('',(#18153),#18143,.T.);
#18155=DIRECTION('',(-0.99729,0.073567,0));
#18156=DIRECTION('',(0,-0,1));
#18157=AXIS2_PLACEMENT_3D('',#1112,#18155,#18156);
#18158=PLANE('',#18157);
#18159=DIRECTION('',(0,0,1));
#18160=VECTOR('',#18159,0.75);
#18161=LINE('',#856,#18160);
#18162=EDGE_CURVE('',#857,#1113,#18161,.T.);
#18163=ORIENTED_EDGE('',*,*,#18162,.F.);
#18164=ORIENTED_EDGE('',*,*,#3878,.F.);
#18165=ORIENTED_EDGE('',*,*,#18147,.T.);
#18166=ORIENTED_EDGE('',*,*,#13978,.T.);
#18167=EDGE_LOOP('',(#18163,#18164,#18165,#18166));
#18168=FACE_OUTER_BOUND('',#18167,.T.);
#18169=ADVANCED_FACE('',(#18168),#18158,.T.);
#18170=DIRECTION('',(-0.999699,0.024538,0));
#18171=DIRECTION('',(0,-0,1));
#18172=AXIS2_PLACEMENT_3D('',#856,#18170,#18171);
#18173=PLANE('',#18172);
#18174=ORIENTED_EDGE('',*,*,#18162,.T.);
#18175=ORIENTED_EDGE('',*,*,#13973,.T.);
#18176=DIRECTION('',(0,0,1));
#18177=VECTOR('',#18176,0.75);
#18178=LINE('',#858,#18177);
#18179=EDGE_CURVE('',#859,#1115,#18178,.T.);
#18180=ORIENTED_EDGE('',*,*,#18179,.F.);
#18181=ORIENTED_EDGE('',*,*,#3883,.F.);
#18182=EDGE_LOOP('',(#18174,#18175,#18180,#18181));
#18183=FACE_OUTER_BOUND('',#18182,.T.);
#18184=ADVANCED_FACE('',(#18183),#18173,.T.);
#18185=DIRECTION('',(-0.999699,-0.024538,-0));
#18186=DIRECTION('',(0,0,1));
#18187=AXIS2_PLACEMENT_3D('',#1114,#18185,#18186);
#18188=PLANE('',#18187);
#18189=ORIENTED_EDGE('',*,*,#13968,.T.);
#18190=DIRECTION('',(0,0,1));
#18191=VECTOR('',#18190,0.75);
#18192=LINE('',#860,#18191);
#18193=EDGE_CURVE('',#861,#1117,#18192,.T.);
#18194=ORIENTED_EDGE('',*,*,#18193,.F.);
#18195=ORIENTED_EDGE('',*,*,#3888,.F.);
#18196=ORIENTED_EDGE('',*,*,#18179,.T.);
#18197=EDGE_LOOP('',(#18189,#18194,#18195,#18196));
#18198=FACE_OUTER_BOUND('',#18197,.T.);
#18199=ADVANCED_FACE('',(#18198),#18188,.T.);
#18200=DIRECTION('',(-0.99729,-0.073567,-0));
#18201=DIRECTION('',(0,0,1));
#18202=AXIS2_PLACEMENT_3D('',#1118,#18200,#18201);
#18203=PLANE('',#18202);
#18204=DIRECTION('',(0,0,1));
#18205=VECTOR('',#18204,0.75);
#18206=LINE('',#862,#18205);
#18207=EDGE_CURVE('',#863,#1119,#18206,.T.);
#18208=ORIENTED_EDGE('',*,*,#18207,.F.);
#18209=ORIENTED_EDGE('',*,*,#3893,.F.);
#18210=ORIENTED_EDGE('',*,*,#18193,.T.);
#18211=ORIENTED_EDGE('',*,*,#13963,.T.);
#18212=EDGE_LOOP('',(#18208,#18209,#18210,#18211));
#18213=FACE_OUTER_BOUND('',#18212,.T.);
#18214=ADVANCED_FACE('',(#18213),#18203,.T.);
#18215=DIRECTION('',(-0.992478,-0.122425,-0));
#18216=DIRECTION('',(0,0,1));
#18217=AXIS2_PLACEMENT_3D('',#862,#18215,#18216);
#18218=PLANE('',#18217);
#18219=ORIENTED_EDGE('',*,*,#18207,.T.);
#18220=ORIENTED_EDGE('',*,*,#13958,.T.);
#18221=DIRECTION('',(0,0,1));
#18222=VECTOR('',#18221,0.75);
#18223=LINE('',#920,#18222);
#18224=EDGE_CURVE('',#921,#1177,#18223,.T.);
#18225=ORIENTED_EDGE('',*,*,#18224,.F.);
#18226=ORIENTED_EDGE('',*,*,#3898,.F.);
#18227=EDGE_LOOP('',(#18219,#18220,#18225,#18226));
#18228=FACE_OUTER_BOUND('',#18227,.T.);
#18229=ADVANCED_FACE('',(#18228),#18218,.T.);
#18230=DIRECTION('',(-0.219082,-0.975707,0));
#18231=DIRECTION('',(0,-0,-1));
#18232=AXIS2_PLACEMENT_3D('',#864,#18230,#18231);
#18233=PLANE('',#18232);
#18234=DIRECTION('',(0,0,1));
#18235=VECTOR('',#18234,0.75);
#18236=LINE('',#864,#18235);
#18237=EDGE_CURVE('',#865,#1121,#18236,.T.);
#18238=ORIENTED_EDGE('',*,*,#18237,.T.);
#18239=ORIENTED_EDGE('',*,*,#13833,.T.);
#18240=DIRECTION('',(0,0,1));
#18241=VECTOR('',#18240,0.75);
#18242=LINE('',#890,#18241);
#18243=EDGE_CURVE('',#891,#1147,#18242,.T.);
#18244=ORIENTED_EDGE('',*,*,#18243,.F.);
#18245=ORIENTED_EDGE('',*,*,#3383,.F.);
#18246=EDGE_LOOP('',(#18238,#18239,#18244,#18245));
#18247=FACE_OUTER_BOUND('',#18246,.T.);
#18248=ADVANCED_FACE('',(#18247),#18233,.T.);
#18249=DIRECTION('',(-0.266632,-0.963798,0));
#18250=DIRECTION('',(0,-0,-1));
#18251=AXIS2_PLACEMENT_3D('',#864,#18249,#18250);
#18252=PLANE('',#18251);
#18253=ORIENTED_EDGE('',*,*,#3378,.T.);
#18254=DIRECTION('',(0,0,1));
#18255=VECTOR('',#18254,0.75);
#18256=LINE('',#866,#18255);
#18257=EDGE_CURVE('',#867,#1123,#18256,.T.);
#18258=ORIENTED_EDGE('',*,*,#18257,.T.);
#18259=ORIENTED_EDGE('',*,*,#13838,.F.);
#18260=ORIENTED_EDGE('',*,*,#18237,.F.);
#18261=EDGE_LOOP('',(#18253,#18258,#18259,#18260));
#18262=FACE_OUTER_BOUND('',#18261,.T.);
#18263=ADVANCED_FACE('',(#18262),#18252,.T.);
#18264=DIRECTION('',(-0.313627,-0.949546,0));
#18265=DIRECTION('',(0,-0,-1));
#18266=AXIS2_PLACEMENT_3D('',#868,#18264,#18265);
#18267=PLANE('',#18266);
#18268=DIRECTION('',(0,0,1));
#18269=VECTOR('',#18268,0.75);
#18270=LINE('',#868,#18269);
#18271=EDGE_CURVE('',#869,#1125,#18270,.T.);
#18272=ORIENTED_EDGE('',*,*,#18271,.T.);
#18273=ORIENTED_EDGE('',*,*,#13843,.F.);
#18274=ORIENTED_EDGE('',*,*,#18257,.F.);
#18275=ORIENTED_EDGE('',*,*,#3373,.T.);
#18276=EDGE_LOOP('',(#18272,#18273,#18274,#18275));
#18277=FACE_OUTER_BOUND('',#18276,.T.);
#18278=ADVANCED_FACE('',(#18277),#18267,.T.);
#18279=DIRECTION('',(-0.35989,-0.932995,0));
#18280=DIRECTION('',(0,-0,-1));
#18281=AXIS2_PLACEMENT_3D('',#1124,#18279,#18280);
#18282=PLANE('',#18281);
#18283=ORIENTED_EDGE('',*,*,#18271,.F.);
#18284=ORIENTED_EDGE('',*,*,#3368,.T.);
#18285=DIRECTION('',(0,0,1));
#18286=VECTOR('',#18285,0.75);
#18287=LINE('',#870,#18286);
#18288=EDGE_CURVE('',#871,#1127,#18287,.T.);
#18289=ORIENTED_EDGE('',*,*,#18288,.T.);
#18290=ORIENTED_EDGE('',*,*,#13848,.F.);
#18291=EDGE_LOOP('',(#18283,#18284,#18289,#18290));
#18292=FACE_OUTER_BOUND('',#18291,.T.);
#18293=ADVANCED_FACE('',(#18292),#18282,.T.);
#18294=DIRECTION('',(-0.405243,-0.914209,0));
#18295=DIRECTION('',(0,-0,-1));
#18296=AXIS2_PLACEMENT_3D('',#1126,#18294,#18295);
#18297=PLANE('',#18296);
#18298=ORIENTED_EDGE('',*,*,#18288,.F.);
#18299=ORIENTED_EDGE('',*,*,#3363,.T.);
#18300=DIRECTION('',(0,0,1));
#18301=VECTOR('',#18300,0.75);
#18302=LINE('',#872,#18301);
#18303=EDGE_CURVE('',#873,#1129,#18302,.T.);
#18304=ORIENTED_EDGE('',*,*,#18303,.T.);
#18305=ORIENTED_EDGE('',*,*,#13853,.F.);
#18306=EDGE_LOOP('',(#18298,#18299,#18304,#18305));
#18307=FACE_OUTER_BOUND('',#18306,.T.);
#18308=ADVANCED_FACE('',(#18307),#18297,.T.);
#18309=DIRECTION('',(-0.449667,-0.893196,0));
#18310=DIRECTION('',(0,-0,-1));
#18311=AXIS2_PLACEMENT_3D('',#1128,#18309,#18310);
#18312=PLANE('',#18311);
#18313=ORIENTED_EDGE('',*,*,#18303,.F.);
#18314=ORIENTED_EDGE('',*,*,#3358,.T.);
#18315=DIRECTION('',(0,0,1));
#18316=VECTOR('',#18315,0.75);
#18317=LINE('',#874,#18316);
#18318=EDGE_CURVE('',#875,#1131,#18317,.T.);
#18319=ORIENTED_EDGE('',*,*,#18318,.T.);
#18320=ORIENTED_EDGE('',*,*,#13858,.F.);
#18321=EDGE_LOOP('',(#18313,#18314,#18319,#18320));
#18322=FACE_OUTER_BOUND('',#18321,.T.);
#18323=ADVANCED_FACE('',(#18322),#18312,.T.);
#18324=DIRECTION('',(0.122521,-0.992466,0));
#18325=DIRECTION('',(0,0,-1));
#18326=AXIS2_PLACEMENT_3D('',#1134,#18324,#18325);
#18327=PLANE('',#18326);
#18328=ORIENTED_EDGE('',*,*,#13798,.F.);
#18329=ORIENTED_EDGE('',*,*,#17653,.F.);
#18330=ORIENTED_EDGE('',*,*,#3418,.T.);
#18331=DIRECTION('',(0,0,1));
#18332=VECTOR('',#18331,0.75);
#18333=LINE('',#878,#18332);
#18334=EDGE_CURVE('',#879,#1135,#18333,.T.);
#18335=ORIENTED_EDGE('',*,*,#18334,.T.);
#18336=EDGE_LOOP('',(#18328,#18329,#18330,#18335));
#18337=FACE_OUTER_BOUND('',#18336,.T.);
#18338=ADVANCED_FACE('',(#18337),#18327,.T.);
#18339=DIRECTION('',(0.073515,-0.997294,0));
#18340=DIRECTION('',(0,0,-1));
#18341=AXIS2_PLACEMENT_3D('',#878,#18339,#18340);
#18342=PLANE('',#18341);
#18343=ORIENTED_EDGE('',*,*,#3413,.T.);
#18344=DIRECTION('',(0,0,1));
#18345=VECTOR('',#18344,0.75);
#18346=LINE('',#880,#18345);
#18347=EDGE_CURVE('',#881,#1137,#18346,.T.);
#18348=ORIENTED_EDGE('',*,*,#18347,.T.);
#18349=ORIENTED_EDGE('',*,*,#13803,.F.);
#18350=ORIENTED_EDGE('',*,*,#18334,.F.);
#18351=EDGE_LOOP('',(#18343,#18348,#18349,#18350));
#18352=FACE_OUTER_BOUND('',#18351,.T.);
#18353=ADVANCED_FACE('',(#18352),#18342,.T.);
#18354=DIRECTION('',(0.024505,-0.9997,0));
#18355=DIRECTION('',(0,0,-1));
#18356=AXIS2_PLACEMENT_3D('',#880,#18354,#18355);
#18357=PLANE('',#18356);
#18358=ORIENTED_EDGE('',*,*,#3408,.T.);
#18359=DIRECTION('',(0,0,1));
#18360=VECTOR('',#18359,0.75);
#18361=LINE('',#882,#18360);
#18362=EDGE_CURVE('',#883,#1139,#18361,.T.);
#18363=ORIENTED_EDGE('',*,*,#18362,.T.);
#18364=ORIENTED_EDGE('',*,*,#13808,.F.);
#18365=ORIENTED_EDGE('',*,*,#18347,.F.);
#18366=EDGE_LOOP('',(#18358,#18363,#18364,#18365));
#18367=FACE_OUTER_BOUND('',#18366,.T.);
#18368=ADVANCED_FACE('',(#18367),#18357,.T.);
#18369=DIRECTION('',(-0.024505,-0.9997,0));
#18370=DIRECTION('',(0,-0,-1));
#18371=AXIS2_PLACEMENT_3D('',#882,#18369,#18370);
#18372=PLANE('',#18371);
#18373=ORIENTED_EDGE('',*,*,#3403,.T.);
#18374=DIRECTION('',(0,0,1));
#18375=VECTOR('',#18374,0.75);
#18376=LINE('',#884,#18375);
#18377=EDGE_CURVE('',#885,#1141,#18376,.T.);
#18378=ORIENTED_EDGE('',*,*,#18377,.T.);
#18379=ORIENTED_EDGE('',*,*,#13813,.F.);
#18380=ORIENTED_EDGE('',*,*,#18362,.F.);
#18381=EDGE_LOOP('',(#18373,#18378,#18379,#18380));
#18382=FACE_OUTER_BOUND('',#18381,.T.);
#18383=ADVANCED_FACE('',(#18382),#18372,.T.);
#18384=DIRECTION('',(-0.073515,-0.997294,0));
#18385=DIRECTION('',(0,-0,-1));
#18386=AXIS2_PLACEMENT_3D('',#884,#18384,#18385);
#18387=PLANE('',#18386);
#18388=ORIENTED_EDGE('',*,*,#3398,.T.);
#18389=DIRECTION('',(0,0,1));
#18390=VECTOR('',#18389,0.75);
#18391=LINE('',#886,#18390);
#18392=EDGE_CURVE('',#887,#1143,#18391,.T.);
#18393=ORIENTED_EDGE('',*,*,#18392,.T.);
#18394=ORIENTED_EDGE('',*,*,#13818,.F.);
#18395=ORIENTED_EDGE('',*,*,#18377,.F.);
#18396=EDGE_LOOP('',(#18388,#18393,#18394,#18395));
#18397=FACE_OUTER_BOUND('',#18396,.T.);
#18398=ADVANCED_FACE('',(#18397),#18387,.T.);
#18399=DIRECTION('',(-0.122521,-0.992466,0));
#18400=DIRECTION('',(0,-0,-1));
#18401=AXIS2_PLACEMENT_3D('',#888,#18399,#18400);
#18402=PLANE('',#18401);
#18403=DIRECTION('',(0,0,1));
#18404=VECTOR('',#18403,0.75);
#18405=LINE('',#888,#18404);
#18406=EDGE_CURVE('',#889,#1145,#18405,.T.);
#18407=ORIENTED_EDGE('',*,*,#18406,.T.);
#18408=ORIENTED_EDGE('',*,*,#13823,.F.);
#18409=ORIENTED_EDGE('',*,*,#18392,.F.);
#18410=ORIENTED_EDGE('',*,*,#3393,.T.);
#18411=EDGE_LOOP('',(#18407,#18408,#18409,#18410));
#18412=FACE_OUTER_BOUND('',#18411,.T.);
#18413=ADVANCED_FACE('',(#18412),#18402,.T.);
#18414=DIRECTION('',(-0.170984,-0.985274,0));
#18415=DIRECTION('',(0,-0,-1));
#18416=AXIS2_PLACEMENT_3D('',#1144,#18414,#18415);
#18417=PLANE('',#18416);
#18418=ORIENTED_EDGE('',*,*,#18406,.F.);
#18419=ORIENTED_EDGE('',*,*,#3388,.T.);
#18420=ORIENTED_EDGE('',*,*,#18243,.T.);
#18421=ORIENTED_EDGE('',*,*,#13828,.F.);
#18422=EDGE_LOOP('',(#18418,#18419,#18420,#18421));
#18423=FACE_OUTER_BOUND('',#18422,.T.);
#18424=ADVANCED_FACE('',(#18423),#18417,.T.);
#18425=DIRECTION('',(-0.492851,-0.870114,0));
#18426=DIRECTION('',(0,-0,-1));
#18427=AXIS2_PLACEMENT_3D('',#1130,#18425,#18426);
#18428=PLANE('',#18427);
#18429=ORIENTED_EDGE('',*,*,#18318,.F.);
#18430=ORIENTED_EDGE('',*,*,#3353,.T.);
#18431=DIRECTION('',(0,0,1));
#18432=VECTOR('',#18431,0.75);
#18433=LINE('',#892,#18432);
#18434=EDGE_CURVE('',#893,#1149,#18433,.T.);
#18435=ORIENTED_EDGE('',*,*,#18434,.T.);
#18436=ORIENTED_EDGE('',*,*,#13863,.F.);
#18437=EDGE_LOOP('',(#18429,#18430,#18435,#18436));
#18438=FACE_OUTER_BOUND('',#18437,.T.);
#18439=ADVANCED_FACE('',(#18438),#18428,.T.);
#18440=DIRECTION('',(-0.535057,-0.844816,-0));
#18441=DIRECTION('',(0,0,-1));
#18442=AXIS2_PLACEMENT_3D('',#1150,#18440,#18441);
#18443=PLANE('',#18442);
#18444=ORIENTED_EDGE('',*,*,#13868,.F.);
#18445=ORIENTED_EDGE('',*,*,#18434,.F.);
#18446=ORIENTED_EDGE('',*,*,#3348,.T.);
#18447=DIRECTION('',(0,0,1));
#18448=VECTOR('',#18447,0.75);
#18449=LINE('',#894,#18448);
#18450=EDGE_CURVE('',#895,#1151,#18449,.T.);
#18451=ORIENTED_EDGE('',*,*,#18450,.T.);
#18452=EDGE_LOOP('',(#18444,#18445,#18446,#18451));
#18453=FACE_OUTER_BOUND('',#18452,.T.);
#18454=ADVANCED_FACE('',(#18453),#18443,.T.);
#18455=DIRECTION('',(-0.575845,-0.817559,-0));
#18456=DIRECTION('',(0,0,-1));
#18457=AXIS2_PLACEMENT_3D('',#1152,#18455,#18456);
#18458=PLANE('',#18457);
#18459=ORIENTED_EDGE('',*,*,#13873,.F.);
#18460=ORIENTED_EDGE('',*,*,#18450,.F.);
#18461=ORIENTED_EDGE('',*,*,#3343,.T.);
#18462=DIRECTION('',(0,0,1));
#18463=VECTOR('',#18462,0.75);
#18464=LINE('',#896,#18463);
#18465=EDGE_CURVE('',#897,#1153,#18464,.T.);
#18466=ORIENTED_EDGE('',*,*,#18465,.T.);
#18467=EDGE_LOOP('',(#18459,#18460,#18461,#18466));
#18468=FACE_OUTER_BOUND('',#18467,.T.);
#18469=ADVANCED_FACE('',(#18468),#18458,.T.);
#18470=DIRECTION('',(-0.615199,-0.788372,-0));
#18471=DIRECTION('',(0,0,-1));
#18472=AXIS2_PLACEMENT_3D('',#896,#18470,#18471);
#18473=PLANE('',#18472);
#18474=ORIENTED_EDGE('',*,*,#3338,.T.);
#18475=DIRECTION('',(0,0,1));
#18476=VECTOR('',#18475,0.75);
#18477=LINE('',#906,#18476);
#18478=EDGE_CURVE('',#907,#1163,#18477,.T.);
#18479=ORIENTED_EDGE('',*,*,#18478,.T.);
#18480=ORIENTED_EDGE('',*,*,#13878,.F.);
#18481=ORIENTED_EDGE('',*,*,#18465,.F.);
#18482=EDGE_LOOP('',(#18474,#18479,#18480,#18481));
#18483=FACE_OUTER_BOUND('',#18482,.T.);
#18484=ADVANCED_FACE('',(#18483),#18473,.T.);
#18485=DIRECTION('',(-0.653196,-0.757189,-0));
#18486=DIRECTION('',(0,0,-1));
#18487=AXIS2_PLACEMENT_3D('',#1162,#18485,#18486);
#18488=PLANE('',#18487);
#18489=ORIENTED_EDGE('',*,*,#18478,.F.);
#18490=ORIENTED_EDGE('',*,*,#3333,.F.);
#18491=DIRECTION('',(0,0,1));
#18492=VECTOR('',#18491,0.75);
#18493=LINE('',#898,#18492);
#18494=EDGE_CURVE('',#899,#1155,#18493,.T.);
#18495=ORIENTED_EDGE('',*,*,#18494,.T.);
#18496=ORIENTED_EDGE('',*,*,#13883,.T.);
#18497=EDGE_LOOP('',(#18489,#18490,#18495,#18496));
#18498=FACE_OUTER_BOUND('',#18497,.T.);
#18499=ADVANCED_FACE('',(#18498),#18488,.T.);
#18500=DIRECTION('',(-0.689478,-0.724306,0));
#18501=DIRECTION('',(0,-0,-1));
#18502=AXIS2_PLACEMENT_3D('',#898,#18500,#18501);
#18503=PLANE('',#18502);
#18504=ORIENTED_EDGE('',*,*,#3328,.T.);
#18505=DIRECTION('',(0,0,1));
#18506=VECTOR('',#18505,0.75);
#18507=LINE('',#900,#18506);
#18508=EDGE_CURVE('',#901,#1157,#18507,.T.);
#18509=ORIENTED_EDGE('',*,*,#18508,.T.);
#18510=ORIENTED_EDGE('',*,*,#13888,.F.);
#18511=ORIENTED_EDGE('',*,*,#18494,.F.);
#18512=EDGE_LOOP('',(#18504,#18509,#18510,#18511));
#18513=FACE_OUTER_BOUND('',#18512,.T.);
#18514=ADVANCED_FACE('',(#18513),#18503,.T.);
#18515=DIRECTION('',(-0.757158,-0.653232,-0));
#18516=DIRECTION('',(0,0,-1));
#18517=AXIS2_PLACEMENT_3D('',#904,#18515,#18516);
#18518=PLANE('',#18517);
#18519=ORIENTED_EDGE('',*,*,#3318,.F.);
#18520=DIRECTION('',(0,0,1));
#18521=VECTOR('',#18520,0.75);
#18522=LINE('',#902,#18521);
#18523=EDGE_CURVE('',#903,#1159,#18522,.T.);
#18524=ORIENTED_EDGE('',*,*,#18523,.T.);
#18525=ORIENTED_EDGE('',*,*,#13898,.T.);
#18526=DIRECTION('',(0,0,1));
#18527=VECTOR('',#18526,0.75);
#18528=LINE('',#904,#18527);
#18529=EDGE_CURVE('',#905,#1161,#18528,.T.);
#18530=ORIENTED_EDGE('',*,*,#18529,.F.);
#18531=EDGE_LOOP('',(#18519,#18524,#18525,#18530));
#18532=FACE_OUTER_BOUND('',#18531,.T.);
#18533=ADVANCED_FACE('',(#18532),#18518,.T.);
#18534=DIRECTION('',(-0.724298,-0.689487,-0));
#18535=DIRECTION('',(0,0,-1));
#18536=AXIS2_PLACEMENT_3D('',#1156,#18534,#18535);
#18537=PLANE('',#18536);
#18538=ORIENTED_EDGE('',*,*,#18508,.F.);
#18539=ORIENTED_EDGE('',*,*,#3323,.T.);
#18540=ORIENTED_EDGE('',*,*,#18529,.T.);
#18541=ORIENTED_EDGE('',*,*,#13893,.F.);
#18542=EDGE_LOOP('',(#18538,#18539,#18540,#18541));
#18543=FACE_OUTER_BOUND('',#18542,.T.);
#18544=ADVANCED_FACE('',(#18543),#18537,.T.);
#18545=DIRECTION('',(-0.844855,-0.534995,-0));
#18546=DIRECTION('',(0,0,-1));
#18547=AXIS2_PLACEMENT_3D('',#1166,#18545,#18546);
#18548=PLANE('',#18547);
#18549=ORIENTED_EDGE('',*,*,#13913,.T.);
#18550=DIRECTION('',(0,0,1));
#18551=VECTOR('',#18550,0.75);
#18552=LINE('',#928,#18551);
#18553=EDGE_CURVE('',#929,#1185,#18552,.T.);
#18554=ORIENTED_EDGE('',*,*,#18553,.F.);
#18555=ORIENTED_EDGE('',*,*,#3303,.F.);
#18556=DIRECTION('',(0,0,1));
#18557=VECTOR('',#18556,0.75);
#18558=LINE('',#910,#18557);
#18559=EDGE_CURVE('',#911,#1167,#18558,.T.);
#18560=ORIENTED_EDGE('',*,*,#18559,.T.);
#18561=EDGE_LOOP('',(#18549,#18554,#18555,#18560));
#18562=FACE_OUTER_BOUND('',#18561,.T.);
#18563=ADVANCED_FACE('',(#18562),#18548,.T.);
#18564=DIRECTION('',(-0.893245,-0.449571,-0));
#18565=DIRECTION('',(0,0,-1));
#18566=AXIS2_PLACEMENT_3D('',#916,#18564,#18565);
#18567=PLANE('',#18566);
#18568=ORIENTED_EDGE('',*,*,#3293,.F.);
#18569=DIRECTION('',(0,0,1));
#18570=VECTOR('',#18569,0.75);
#18571=LINE('',#912,#18570);
#18572=EDGE_CURVE('',#913,#1169,#18571,.T.);
#18573=ORIENTED_EDGE('',*,*,#18572,.T.);
#18574=ORIENTED_EDGE('',*,*,#13923,.T.);
#18575=DIRECTION('',(0,0,1));
#18576=VECTOR('',#18575,0.75);
#18577=LINE('',#916,#18576);
#18578=EDGE_CURVE('',#917,#1173,#18577,.T.);
#18579=ORIENTED_EDGE('',*,*,#18578,.F.);
#18580=EDGE_LOOP('',(#18568,#18573,#18574,#18579));
#18581=FACE_OUTER_BOUND('',#18580,.T.);
#18582=ADVANCED_FACE('',(#18581),#18567,.T.);
#18583=DIRECTION('',(-0.932993,-0.359896,-0));
#18584=DIRECTION('',(0,0,1));
#18585=AXIS2_PLACEMENT_3D('',#1170,#18583,#18584);
#18586=PLANE('',#18585);
#18587=DIRECTION('',(0,0,1));
#18588=VECTOR('',#18587,0.75);
#18589=LINE('',#914,#18588);
#18590=EDGE_CURVE('',#915,#1171,#18589,.T.);
#18591=ORIENTED_EDGE('',*,*,#18590,.F.);
#18592=ORIENTED_EDGE('',*,*,#3923,.F.);
#18593=DIRECTION('',(0,0,1));
#18594=VECTOR('',#18593,0.75);
#18595=LINE('',#908,#18594);
#18596=EDGE_CURVE('',#909,#1165,#18595,.T.);
#18597=ORIENTED_EDGE('',*,*,#18596,.T.);
#18598=ORIENTED_EDGE('',*,*,#13933,.T.);
#18599=EDGE_LOOP('',(#18591,#18592,#18597,#18598));
#18600=FACE_OUTER_BOUND('',#18599,.T.);
#18601=ADVANCED_FACE('',(#18600),#18586,.T.);
#18602=DIRECTION('',(-0.914208,-0.405246,-0));
#18603=DIRECTION('',(0,0,1));
#18604=AXIS2_PLACEMENT_3D('',#914,#18602,#18603);
#18605=PLANE('',#18604);
#18606=ORIENTED_EDGE('',*,*,#18590,.T.);
#18607=ORIENTED_EDGE('',*,*,#13928,.F.);
#18608=ORIENTED_EDGE('',*,*,#18572,.F.);
#18609=ORIENTED_EDGE('',*,*,#3928,.T.);
#18610=EDGE_LOOP('',(#18606,#18607,#18608,#18609));
#18611=FACE_OUTER_BOUND('',#18610,.T.);
#18612=ADVANCED_FACE('',(#18611),#18605,.T.);
#18613=DIRECTION('',(-0.870087,-0.492898,-0));
#18614=DIRECTION('',(0,0,-1));
#18615=AXIS2_PLACEMENT_3D('',#916,#18613,#18614);
#18616=PLANE('',#18615);
#18617=ORIENTED_EDGE('',*,*,#18578,.T.);
#18618=ORIENTED_EDGE('',*,*,#13918,.F.);
#18619=ORIENTED_EDGE('',*,*,#18559,.F.);
#18620=ORIENTED_EDGE('',*,*,#3298,.T.);
#18621=EDGE_LOOP('',(#18617,#18618,#18619,#18620));
#18622=FACE_OUTER_BOUND('',#18621,.T.);
#18623=ADVANCED_FACE('',(#18622),#18616,.T.);
#18624=DIRECTION('',(-0.975709,-0.219071,-0));
#18625=DIRECTION('',(0,0,1));
#18626=AXIS2_PLACEMENT_3D('',#1180,#18624,#18625);
#18627=PLANE('',#18626);
#18628=DIRECTION('',(0,0,1));
#18629=VECTOR('',#18628,0.75);
#18630=LINE('',#924,#18629);
#18631=EDGE_CURVE('',#925,#1181,#18630,.T.);
#18632=ORIENTED_EDGE('',*,*,#18631,.F.);
#18633=ORIENTED_EDGE('',*,*,#3908,.F.);
#18634=DIRECTION('',(0,0,1));
#18635=VECTOR('',#18634,0.75);
#18636=LINE('',#918,#18635);
#18637=EDGE_CURVE('',#919,#1175,#18636,.T.);
#18638=ORIENTED_EDGE('',*,*,#18637,.T.);
#18639=ORIENTED_EDGE('',*,*,#13948,.T.);
#18640=EDGE_LOOP('',(#18632,#18633,#18638,#18639));
#18641=FACE_OUTER_BOUND('',#18640,.T.);
#18642=ADVANCED_FACE('',(#18641),#18627,.T.);
#18643=DIRECTION('',(-0.985279,-0.170956,-0));
#18644=DIRECTION('',(0,0,1));
#18645=AXIS2_PLACEMENT_3D('',#920,#18643,#18644);
#18646=PLANE('',#18645);
#18647=ORIENTED_EDGE('',*,*,#18224,.T.);
#18648=ORIENTED_EDGE('',*,*,#13953,.F.);
#18649=ORIENTED_EDGE('',*,*,#18637,.F.);
#18650=ORIENTED_EDGE('',*,*,#3903,.T.);
#18651=EDGE_LOOP('',(#18647,#18648,#18649,#18650));
#18652=FACE_OUTER_BOUND('',#18651,.T.);
#18653=ADVANCED_FACE('',(#18652),#18646,.T.);
#18654=DIRECTION('',(-0.963772,-0.266729,-0));
#18655=DIRECTION('',(0,0,1));
#18656=AXIS2_PLACEMENT_3D('',#924,#18654,#18655);
#18657=PLANE('',#18656);
#18658=ORIENTED_EDGE('',*,*,#18631,.T.);
#18659=ORIENTED_EDGE('',*,*,#13943,.F.);
#18660=DIRECTION('',(0,0,1));
#18661=VECTOR('',#18660,0.75);
#18662=LINE('',#922,#18661);
#18663=EDGE_CURVE('',#923,#1179,#18662,.T.);
#18664=ORIENTED_EDGE('',*,*,#18663,.F.);
#18665=ORIENTED_EDGE('',*,*,#3913,.T.);
#18666=EDGE_LOOP('',(#18658,#18659,#18664,#18665));
#18667=FACE_OUTER_BOUND('',#18666,.T.);
#18668=ADVANCED_FACE('',(#18667),#18657,.T.);
#18669=DIRECTION('',(-0.949522,-0.313699,-0));
#18670=DIRECTION('',(0,0,1));
#18671=AXIS2_PLACEMENT_3D('',#1178,#18669,#18670);
#18672=PLANE('',#18671);
#18673=ORIENTED_EDGE('',*,*,#13938,.F.);
#18674=ORIENTED_EDGE('',*,*,#18596,.F.);
#18675=ORIENTED_EDGE('',*,*,#3918,.T.);
#18676=ORIENTED_EDGE('',*,*,#18663,.T.);
#18677=EDGE_LOOP('',(#18673,#18674,#18675,#18676));
#18678=FACE_OUTER_BOUND('',#18677,.T.);
#18679=ADVANCED_FACE('',(#18678),#18672,.T.);
#18680=DIRECTION('',(-0.817597,-0.57579,-0));
#18681=DIRECTION('',(0,0,-1));
#18682=AXIS2_PLACEMENT_3D('',#928,#18680,#18681);
#18683=PLANE('',#18682);
#18684=ORIENTED_EDGE('',*,*,#18553,.T.);
#18685=ORIENTED_EDGE('',*,*,#13908,.F.);
#18686=DIRECTION('',(0,0,1));
#18687=VECTOR('',#18686,0.75);
#18688=LINE('',#926,#18687);
#18689=EDGE_CURVE('',#927,#1183,#18688,.T.);
#18690=ORIENTED_EDGE('',*,*,#18689,.F.);
#18691=ORIENTED_EDGE('',*,*,#3308,.T.);
#18692=EDGE_LOOP('',(#18684,#18685,#18690,#18691));
#18693=FACE_OUTER_BOUND('',#18692,.T.);
#18694=ADVANCED_FACE('',(#18693),#18683,.T.);
#18695=DIRECTION('',(-0.788349,-0.615229,-0));
#18696=DIRECTION('',(0,0,-1));
#18697=AXIS2_PLACEMENT_3D('',#902,#18695,#18696);
#18698=PLANE('',#18697);
#18699=ORIENTED_EDGE('',*,*,#3313,.T.);
#18700=ORIENTED_EDGE('',*,*,#18689,.T.);
#18701=ORIENTED_EDGE('',*,*,#13903,.F.);
#18702=ORIENTED_EDGE('',*,*,#18523,.F.);
#18703=EDGE_LOOP('',(#18699,#18700,#18701,#18702));
#18704=FACE_OUTER_BOUND('',#18703,.T.);
#18705=ADVANCED_FACE('',(#18704),#18698,.T.);
#18706=CLOSED_SHELL('',(#5700,#5733,#5766,#5785,#5804,#6427,#6438,#6463,#6478,#6499,#6518,#6537,#6548,#6563,#6578,#6593,#6608,#6623,#6642,#6657,#6672,#6687,#6698,#6717,#6728,#6743,#6758,#6773,#6788,#6803,#6818,#6833,#6848,#6863,#6878,#6893,#6908,#6923,#6938,#6953,#6968,#6983,#6998,#7013,#7028,#7043,#7058,#7073,#7092,#7103,#7118,#7133,#7148,#7163,#7178,#7193,#7208,#7219,#7238,#7253,#7268,#7283,#7298,#7313,#7328,#7343,#7362,#7381,#7396,#7407,#7418,#7433,#7448,#7463,#7478,#7493,#7508,#7523,#7538,#7553,#7568,#7583,#7598,#7613,#7628,#7643,#7658,#7673,#7688,#7703,#7722,#7737,#7756,#7771,#7782,#7797,#7812,#7827,#7842,#7861,#7876,#7887,#7898,#7913,#7928,#7939,#7962,#7981,#8004,#8023,#8046,#8061,#8080,#8095,#8118,#8137,#8156,#8175,#8194,#8217,#8236,#8251,#8270,#8285,#8304,#8323,#8342,#8361,#8380,#8399,#8418,#8437,#8456,#8475,#8494,#8513,#8532,#8551,#8570,#8589,#8608,#8627,#8646,#8665,#8684,#8703,#8722,#8741,#8760,#8779,#8798,#8817,#8836,#8855,#8878,#8897,#8912,#8931,#8950,#8969,#8988,#9007,#9026,#9045,#9064,#9083,#9102,#9121,#9140,#9159,#9178,#9197,#9216,#9235,#9254,#9273,#9292,#9311,#9330,#9349,#9368,#9387,#9406,#9425,#9444,#9463,#9482,#9501,#9520,#9539,#9558,#9577,#9596,#9615,#9634,#9653,#9672,#9691,#9710,#9729,#9748,#9767,#9786,#9809,#9828,#9843,#9866,#9885,#9904,#9927,#9946,#9961,#9980,#9999,#10018,#10037,#10056,#10075,#10094,#10113,#10132,#10151,#10170,#10193,#10212,#10231,#10250,#10265,#10284,#10299,#10318,#10337,#10356,#10371,#10538,#11217,#11236,#11251,#11266,#11281,#11296,#11307,#11330,#11349,#11372,#11391,#11414,#11429,#11448,#11459,#11478,#11497,#11512,#11527,#11546,#11557,#11568,#11587,#11602,#11617,#11632,#11651,#11666,#11677,#11692,#11707,#11718,#11737,#11752,#11763,#11778,#11793,#11808,#11823,#11838,#11853,#11868,#11883,#11898,#11913,#11928,#11943,#11958,#11973,#11988,#12003,#12018,#12033,#12048,#12063,#12078,#12093,#12108,#12123,#12138,#12153,#12168,#12183,#12198,#12213,#12228,#12243,#12258,#12273,#12288,#12303,#12318,#12333,#12348,#12363,#12378,#12393,#12408,#12423,#12438,#12453,#12468,#12483,#12498,#12513,#12528,#12543,#12558,#12573,#12588,#12603,#12618,#12633,#12648,#12663,#12678,#12693,#12708,#12723,#12738,#12753,#12768,#12783,#12798,#12813,#12828,#12843,#12858,#12873,#12888,#12903,#12918,#12933,#12948,#12967,#12982,#13001,#13016,#13027,#13042,#13057,#13072,#13087,#13102,#13117,#13132,#13147,#13162,#13177,#13192,#13207,#13222,#13241,#13256,#13267,#13282,#13297,#13308,#13323,#13338,#13353,#13368,#13379,#13398,#13413,#13428,#13443,#13458,#13469,#13480,#13491,#13510,#14167,#14828,#14839,#14854,#14865,#14884,#14899,#14914,#14929,#14944,#14959,#14978,#14997,#15016,#15027,#15046,#15061,#15072,#15083,#15098,#15113,#15128,#15143,#15158,#15173,#15188,#15203,#15218,#15233,#15244,#15263,#15278,#15289,#15304,#15319,#15334,#15349,#15364,#15379,#15394,#15409,#15424,#15439,#15454,#15469,#15484,#15499,#15514,#15529,#15544,#15559,#15574,#15589,#15604,#15619,#15634,#15649,#15664,#15679,#15694,#15709,#15724,#15739,#15754,#15769,#15784,#15799,#15814,#15829,#15844,#15859,#15874,#15889,#15904,#15919,#15934,#15949,#15964,#15979,#15994,#16009,#16024,#16039,#16054,#16069,#16084,#16099,#16114,#16129,#16144,#16159,#16174,#16189,#16204,#16219,#16234,#16249,#16264,#16279,#16294,#16309,#16324,#16339,#16354,#16369,#16384,#16399,#16418,#16433,#16448,#16463,#16478,#16493,#16508,#16523,#16538,#16557,#16576,#16591,#16602,#16613,#16624,#16643,#16662,#16677,#16688,#16703,#16718,#16733,#16748,#16759,#16774,#16785,#16804,#16819,#16838,#16853,#16868,#16887,#16898,#16909,#16928,#16939,#16954,#16969,#16984,#16999,#17014,#17029,#17044,#17063,#17078,#17093,#17112,#17123,#17138,#17157,#17172,#17187,#17198,#17213,#17228,#17243,#17258,#17269,#17284,#17299,#17314,#17329,#17344,#17359,#17374,#17389,#17404,#17419,#17434,#17449,#17464,#17479,#17494,#17509,#17524,#17539,#17554,#17569,#17584,#17599,#17614,#17629,#17644,#17659,#17674,#17689,#17704,#17719,#17734,#17749,#17764,#17779,#17794,#17809,#17824,#17839,#17854,#17869,#17884,#17899,#17914,#17929,#17944,#17959,#17974,#17989,#18004,#18019,#18034,#18049,#18064,#18079,#18094,#18109,#18124,#18139,#18154,#18169,#18184,#18199,#18214,#18229,#18248,#18263,#18278,#18293,#18308,#18323,#18338,#18353,#18368,#18383,#18398,#18413,#18424,#18439,#18454,#18469,#18484,#18499,#18514,#18533,#18544,#18563,#18582,#18601,#18612,#18623,#18642,#18653,#18668,#18679,#18694,#18705));
#18707=MANIFOLD_SOLID_BREP('bracket_top',#18706);
#18708=CARTESIAN_POINT('',(0.,0.,0.));
#18709=DIRECTION('',(0.,0.,1.));
#18710=DIRECTION('',(1.,0.,0.));
#18711=AXIS2_PLACEMENT_3D('',#18708,#18709,#18710);
#18712=ADVANCED_BREP_SHAPE_REPRESENTATION('bracket_top',(#18707,#18711),#13);
#18713=SHAPE_DEFINITION_REPRESENTATION(#8,#18712);
ENDSEC;
END-ISO-10303-21;
