ISO-10303-21;
HEADER;
FILE_DESCRIPTION(('Wafer Halo'),'2;1');
FILE_NAME('bracket_saddle','2026-07-22T00:00:00',('wafer-flower'),('scripts/step_export.py'),'','','');
FILE_SCHEMA(('AUTOMOTIVE_DESIGN { 1 0 10303 214 1 1 1 1 }'));
ENDSEC;
DATA;
#1=APPLICATION_CONTEXT('automotive design');
#2=APPLICATION_PROTOCOL_DEFINITION('international standard','automotive_design',2010,#1);
#3=PRODUCT_CONTEXT('',#1,'mechanical');
#4=PRODUCT('bracket_saddle','bracket_saddle','',(#3));
#5=PRODUCT_DEFINITION_FORMATION('','',#4);
#6=PRODUCT_DEFINITION_CONTEXT('part definition',#1,'design');
#7=PRODUCT_DEFINITION('design','',#5,#6);
#8=PRODUCT_DEFINITION_SHAPE('','',#7);
#9=(LENGTH_UNIT()NAMED_UNIT(*)SI_UNIT(.MILLI.,.METRE.));
#10=(NAMED_UNIT(*)PLANE_ANGLE_UNIT()SI_UNIT($,.RADIAN.));
#11=(NAMED_UNIT(*)SI_UNIT($,.STERADIAN.)SOLID_ANGLE_UNIT());
#12=UNCERTAINTY_MEASURE_WITH_UNIT(LENGTH_MEASURE(1.E-03),#9,'distance_accuracy_value','');
#13=(GEOMETRIC_REPRESENTATION_CONTEXT(3)GLOBAL_UNCERTAINTY_ASSIGNED_CONTEXT((#12))GLOBAL_UNIT_ASSIGNED_CONTEXT((#9,#10,#11))REPRESENTATION_CONTEXT('',''));
#14=CARTESIAN_POINT('',(263,-32,-26.015522));
#15=VERTEX_POINT('',#14);
#16=CARTESIAN_POINT('',(263,-32,-20.015522));
#17=VERTEX_POINT('',#16);
#18=CARTESIAN_POINT('',(283.345795,-32,-20.015522));
#19=VERTEX_POINT('',#18);
#20=CARTESIAN_POINT('',(283.412567,-31.429863,-20.015522));
#21=VERTEX_POINT('',#20);
#22=CARTESIAN_POINT('',(283.776917,-27.949587,-20.015522));
#23=VERTEX_POINT('',#22);
#24=CARTESIAN_POINT('',(284.098541,-24.465103,-20.015522));
#25=VERTEX_POINT('',#24);
#26=CARTESIAN_POINT('',(284.37738,-20.976934,-20.015522));
#27=VERTEX_POINT('',#26);
#28=CARTESIAN_POINT('',(284.613373,-17.485607,-20.015522));
#29=VERTEX_POINT('',#28);
#30=CARTESIAN_POINT('',(282.399994,-32,-17.215523));
#31=VERTEX_POINT('',#30);
#32=CARTESIAN_POINT('',(283.345795,-32,-17.215523));
#33=VERTEX_POINT('',#32);
#34=CARTESIAN_POINT('',(283.412567,-31.429863,-17.215523));
#35=VERTEX_POINT('',#34);
#36=CARTESIAN_POINT('',(283.776917,-27.949587,-17.215523));
#37=VERTEX_POINT('',#36);
#38=CARTESIAN_POINT('',(282.399994,-32,-16.165522));
#39=VERTEX_POINT('',#38);
#40=CARTESIAN_POINT('',(283.345795,-32,-16.165522));
#41=VERTEX_POINT('',#40);
#42=CARTESIAN_POINT('',(283.412567,-31.429863,-16.165522));
#43=VERTEX_POINT('',#42);
#44=CARTESIAN_POINT('',(283.345795,-32,-14.815522));
#45=VERTEX_POINT('',#44);
#46=CARTESIAN_POINT('',(283.412567,-31.429863,-14.815522));
#47=VERTEX_POINT('',#46);
#48=CARTESIAN_POINT('',(283.776917,-27.949587,-16.165522));
#49=VERTEX_POINT('',#48);
#50=CARTESIAN_POINT('',(283.776917,-27.949587,-14.815522));
#51=VERTEX_POINT('',#50);
#52=CARTESIAN_POINT('',(282.399994,-23.751942,-17.215523));
#53=VERTEX_POINT('',#52);
#54=CARTESIAN_POINT('',(282.632111,-20.848198,-17.215523));
#55=VERTEX_POINT('',#54);
#56=CARTESIAN_POINT('',(282.866669,-17.378296,-17.215523));
#57=VERTEX_POINT('',#56);
#58=CARTESIAN_POINT('',(282.399994,-23.751942,-16.165522));
#59=VERTEX_POINT('',#58);
#60=CARTESIAN_POINT('',(282.632111,-20.848198,-16.165522));
#61=VERTEX_POINT('',#60);
#62=CARTESIAN_POINT('',(282.866669,-17.378296,-16.165522));
#63=VERTEX_POINT('',#62);
#64=CARTESIAN_POINT('',(284.098541,-24.465103,-17.215523));
#65=VERTEX_POINT('',#64);
#66=CARTESIAN_POINT('',(284.098541,-24.465103,-16.165522));
#67=VERTEX_POINT('',#66);
#68=CARTESIAN_POINT('',(284.098541,-24.465103,-14.815522));
#69=VERTEX_POINT('',#68);
#70=CARTESIAN_POINT('',(284.37738,-20.976934,-17.215523));
#71=VERTEX_POINT('',#70);
#72=CARTESIAN_POINT('',(284.613373,-17.485607,-17.215523));
#73=VERTEX_POINT('',#72);
#74=CARTESIAN_POINT('',(284.37738,-20.976934,-16.165522));
#75=VERTEX_POINT('',#74);
#76=CARTESIAN_POINT('',(284.37738,-20.976934,-14.815522));
#77=VERTEX_POINT('',#76);
#78=CARTESIAN_POINT('',(284.613373,-17.485607,-16.165522));
#79=VERTEX_POINT('',#78);
#80=CARTESIAN_POINT('',(284.613373,-17.485607,-14.815522));
#81=VERTEX_POINT('',#80);
#82=CARTESIAN_POINT('',(284.806519,-13.991648,-20.015522));
#83=VERTEX_POINT('',#82);
#84=CARTESIAN_POINT('',(284.956787,-10.49558,-20.015522));
#85=VERTEX_POINT('',#84);
#86=CARTESIAN_POINT('',(285.064117,-6.997931,-20.015522));
#87=VERTEX_POINT('',#86);
#88=CARTESIAN_POINT('',(285.12854,-3.499229,-20.015522));
#89=VERTEX_POINT('',#88);
#90=CARTESIAN_POINT('',(283.058624,-13.905779,-17.215523));
#91=VERTEX_POINT('',#90);
#92=CARTESIAN_POINT('',(283.207977,-10.431167,-17.215523));
#93=VERTEX_POINT('',#92);
#94=CARTESIAN_POINT('',(283.058624,-13.905779,-16.165522));
#95=VERTEX_POINT('',#94);
#96=CARTESIAN_POINT('',(283.207977,-10.431167,-16.165522));
#97=VERTEX_POINT('',#96);
#98=CARTESIAN_POINT('',(283.314636,-6.954984,-17.215523));
#99=VERTEX_POINT('',#98);
#100=CARTESIAN_POINT('',(283.378662,-3.477754,-17.215523));
#101=VERTEX_POINT('',#100);
#102=CARTESIAN_POINT('',(283.314636,-6.954984,-16.165522));
#103=VERTEX_POINT('',#102);
#104=CARTESIAN_POINT('',(283.378662,-3.477754,-16.165522));
#105=VERTEX_POINT('',#104);
#106=CARTESIAN_POINT('',(284.806519,-13.991648,-17.215523));
#107=VERTEX_POINT('',#106);
#108=CARTESIAN_POINT('',(284.956787,-10.49558,-17.215523));
#109=VERTEX_POINT('',#108);
#110=CARTESIAN_POINT('',(284.806519,-13.991648,-16.165522));
#111=VERTEX_POINT('',#110);
#112=CARTESIAN_POINT('',(284.806519,-13.991648,-14.815522));
#113=VERTEX_POINT('',#112);
#114=CARTESIAN_POINT('',(284.956787,-10.49558,-16.165522));
#115=VERTEX_POINT('',#114);
#116=CARTESIAN_POINT('',(284.956787,-10.49558,-14.815522));
#117=VERTEX_POINT('',#116);
#118=CARTESIAN_POINT('',(285.064117,-6.997931,-17.215523));
#119=VERTEX_POINT('',#118);
#120=CARTESIAN_POINT('',(285.12854,-3.499229,-17.215523));
#121=VERTEX_POINT('',#120);
#122=CARTESIAN_POINT('',(285.064117,-6.997931,-16.165522));
#123=VERTEX_POINT('',#122);
#124=CARTESIAN_POINT('',(285.064117,-6.997931,-14.815522));
#125=VERTEX_POINT('',#124);
#126=CARTESIAN_POINT('',(285.12854,-3.499229,-16.165522));
#127=VERTEX_POINT('',#126);
#128=CARTESIAN_POINT('',(285.12854,-3.499229,-14.815522));
#129=VERTEX_POINT('',#128);
#130=CARTESIAN_POINT('',(263,32,-26.015522));
#131=VERTEX_POINT('',#130);
#132=CARTESIAN_POINT('',(263,32,-20.015522));
#133=VERTEX_POINT('',#132);
#134=CARTESIAN_POINT('',(285.149994,0,-20.015522));
#135=VERTEX_POINT('',#134);
#136=CARTESIAN_POINT('',(285.12854,3.499229,-20.015522));
#137=VERTEX_POINT('',#136);
#138=CARTESIAN_POINT('',(285.064117,6.997931,-20.015522));
#139=VERTEX_POINT('',#138);
#140=CARTESIAN_POINT('',(284.956787,10.49558,-20.015522));
#141=VERTEX_POINT('',#140);
#142=CARTESIAN_POINT('',(284.806519,13.991648,-20.015522));
#143=VERTEX_POINT('',#142);
#144=CARTESIAN_POINT('',(283.399994,0,-17.215523));
#145=VERTEX_POINT('',#144);
#146=CARTESIAN_POINT('',(283.378662,3.477754,-17.215523));
#147=VERTEX_POINT('',#146);
#148=CARTESIAN_POINT('',(283.314636,6.954984,-17.215523));
#149=VERTEX_POINT('',#148);
#150=CARTESIAN_POINT('',(283.399994,0,-16.165522));
#151=VERTEX_POINT('',#150);
#152=CARTESIAN_POINT('',(283.378662,3.477754,-16.165522));
#153=VERTEX_POINT('',#152);
#154=CARTESIAN_POINT('',(283.314636,6.954984,-16.165522));
#155=VERTEX_POINT('',#154);
#156=CARTESIAN_POINT('',(283.207977,10.431167,-17.215523));
#157=VERTEX_POINT('',#156);
#158=CARTESIAN_POINT('',(283.058624,13.905779,-17.215523));
#159=VERTEX_POINT('',#158);
#160=CARTESIAN_POINT('',(283.207977,10.431167,-16.165522));
#161=VERTEX_POINT('',#160);
#162=CARTESIAN_POINT('',(283.058624,13.905779,-16.165522));
#163=VERTEX_POINT('',#162);
#164=CARTESIAN_POINT('',(285.149994,0,-17.215523));
#165=VERTEX_POINT('',#164);
#166=CARTESIAN_POINT('',(285.12854,3.499229,-17.215523));
#167=VERTEX_POINT('',#166);
#168=CARTESIAN_POINT('',(285.064117,6.997931,-17.215523));
#169=VERTEX_POINT('',#168);
#170=CARTESIAN_POINT('',(285.149994,0,-16.165522));
#171=VERTEX_POINT('',#170);
#172=CARTESIAN_POINT('',(285.12854,3.499229,-16.165522));
#173=VERTEX_POINT('',#172);
#174=CARTESIAN_POINT('',(285.149994,0,-14.815522));
#175=VERTEX_POINT('',#174);
#176=CARTESIAN_POINT('',(285.12854,3.499229,-14.815522));
#177=VERTEX_POINT('',#176);
#178=CARTESIAN_POINT('',(285.064117,6.997931,-16.165522));
#179=VERTEX_POINT('',#178);
#180=CARTESIAN_POINT('',(285.064117,6.997931,-14.815522));
#181=VERTEX_POINT('',#180);
#182=CARTESIAN_POINT('',(284.956787,10.49558,-17.215523));
#183=VERTEX_POINT('',#182);
#184=CARTESIAN_POINT('',(284.806519,13.991648,-17.215523));
#185=VERTEX_POINT('',#184);
#186=CARTESIAN_POINT('',(284.956787,10.49558,-16.165522));
#187=VERTEX_POINT('',#186);
#188=CARTESIAN_POINT('',(284.956787,10.49558,-14.815522));
#189=VERTEX_POINT('',#188);
#190=CARTESIAN_POINT('',(284.806519,13.991648,-16.165522));
#191=VERTEX_POINT('',#190);
#192=CARTESIAN_POINT('',(284.806519,13.991648,-14.815522));
#193=VERTEX_POINT('',#192);
#194=CARTESIAN_POINT('',(283.776917,27.949587,-20.015522));
#195=VERTEX_POINT('',#194);
#196=CARTESIAN_POINT('',(283.412567,31.429863,-20.015522));
#197=VERTEX_POINT('',#196);
#198=CARTESIAN_POINT('',(283.345795,32,-20.015522));
#199=VERTEX_POINT('',#198);
#200=CARTESIAN_POINT('',(284.613373,17.485607,-20.015522));
#201=VERTEX_POINT('',#200);
#202=CARTESIAN_POINT('',(284.37738,20.976934,-20.015522));
#203=VERTEX_POINT('',#202);
#204=CARTESIAN_POINT('',(284.098541,24.465103,-20.015522));
#205=VERTEX_POINT('',#204);
#206=CARTESIAN_POINT('',(282.866669,17.378296,-17.215523));
#207=VERTEX_POINT('',#206);
#208=CARTESIAN_POINT('',(282.632111,20.848198,-17.215523));
#209=VERTEX_POINT('',#208);
#210=CARTESIAN_POINT('',(282.399994,23.751942,-17.215523));
#211=VERTEX_POINT('',#210);
#212=CARTESIAN_POINT('',(282.866669,17.378296,-16.165522));
#213=VERTEX_POINT('',#212);
#214=CARTESIAN_POINT('',(282.632111,20.848198,-16.165522));
#215=VERTEX_POINT('',#214);
#216=CARTESIAN_POINT('',(282.399994,23.751942,-16.165522));
#217=VERTEX_POINT('',#216);
#218=CARTESIAN_POINT('',(283.776917,27.949587,-17.215523));
#219=VERTEX_POINT('',#218);
#220=CARTESIAN_POINT('',(282.399994,32,-17.215523));
#221=VERTEX_POINT('',#220);
#222=CARTESIAN_POINT('',(283.412567,31.429863,-17.215523));
#223=VERTEX_POINT('',#222);
#224=CARTESIAN_POINT('',(283.345795,32,-17.215523));
#225=VERTEX_POINT('',#224);
#226=CARTESIAN_POINT('',(283.776917,27.949587,-16.165522));
#227=VERTEX_POINT('',#226);
#228=CARTESIAN_POINT('',(283.776917,27.949587,-14.815522));
#229=VERTEX_POINT('',#228);
#230=CARTESIAN_POINT('',(282.399994,32,-16.165522));
#231=VERTEX_POINT('',#230);
#232=CARTESIAN_POINT('',(283.412567,31.429863,-16.165522));
#233=VERTEX_POINT('',#232);
#234=CARTESIAN_POINT('',(283.345795,32,-16.165522));
#235=VERTEX_POINT('',#234);
#236=CARTESIAN_POINT('',(283.412567,31.429863,-14.815522));
#237=VERTEX_POINT('',#236);
#238=CARTESIAN_POINT('',(283.345795,32,-14.815522));
#239=VERTEX_POINT('',#238);
#240=CARTESIAN_POINT('',(284.613373,17.485607,-17.215523));
#241=VERTEX_POINT('',#240);
#242=CARTESIAN_POINT('',(284.37738,20.976934,-17.215523));
#243=VERTEX_POINT('',#242);
#244=CARTESIAN_POINT('',(284.613373,17.485607,-16.165522));
#245=VERTEX_POINT('',#244);
#246=CARTESIAN_POINT('',(284.613373,17.485607,-14.815522));
#247=VERTEX_POINT('',#246);
#248=CARTESIAN_POINT('',(284.37738,20.976934,-16.165522));
#249=VERTEX_POINT('',#248);
#250=CARTESIAN_POINT('',(284.37738,20.976934,-14.815522));
#251=VERTEX_POINT('',#250);
#252=CARTESIAN_POINT('',(284.098541,24.465103,-17.215523));
#253=VERTEX_POINT('',#252);
#254=CARTESIAN_POINT('',(284.098541,24.465103,-16.165522));
#255=VERTEX_POINT('',#254);
#256=CARTESIAN_POINT('',(284.098541,24.465103,-14.815522));
#257=VERTEX_POINT('',#256);
#258=CARTESIAN_POINT('',(294.918671,-24.104759,-26.015522));
#259=VERTEX_POINT('',#258);
#260=CARTESIAN_POINT('',(295.149445,-24.592682,-26.015522));
#261=VERTEX_POINT('',#260);
#262=CARTESIAN_POINT('',(295.42691,-25.055635,-26.015522));
#263=VERTEX_POINT('',#262);
#264=CARTESIAN_POINT('',(295.748444,-25.489162,-26.015522));
#265=VERTEX_POINT('',#264);
#266=CARTESIAN_POINT('',(296.110901,-25.889088,-26.015522));
#267=VERTEX_POINT('',#266);
#268=CARTESIAN_POINT('',(296.510834,-26.251558,-26.015522));
#269=VERTEX_POINT('',#268);
#270=CARTESIAN_POINT('',(296.944366,-26.573082,-26.015522));
#271=VERTEX_POINT('',#270);
#272=CARTESIAN_POINT('',(297.895233,-27.081337,-26.015522));
#273=VERTEX_POINT('',#272);
#274=CARTESIAN_POINT('',(297.407318,-26.850567,-26.015522));
#275=VERTEX_POINT('',#274);
#276=CARTESIAN_POINT('',(294.736816,-23.596565,-26.015522));
#277=VERTEX_POINT('',#276);
#278=CARTESIAN_POINT('',(294.605682,-23.072996,-26.015522));
#279=VERTEX_POINT('',#278);
#280=CARTESIAN_POINT('',(294.526489,-22.539095,-26.015522));
#281=VERTEX_POINT('',#280);
#282=CARTESIAN_POINT('',(294.5,-22,-26.015522));
#283=VERTEX_POINT('',#282);
#284=CARTESIAN_POINT('',(294.526489,-21.460905,-26.015522));
#285=VERTEX_POINT('',#284);
#286=CARTESIAN_POINT('',(294.605682,-20.927004,-26.015522));
#287=VERTEX_POINT('',#286);
#288=CARTESIAN_POINT('',(294.736816,-20.403435,-26.015522));
#289=VERTEX_POINT('',#288);
#290=CARTESIAN_POINT('',(294.918671,-19.895241,-26.015522));
#291=VERTEX_POINT('',#290);
#292=CARTESIAN_POINT('',(295.149445,-19.407318,-26.015522));
#293=VERTEX_POINT('',#292);
#294=CARTESIAN_POINT('',(295.42691,-18.944365,-26.015522));
#295=VERTEX_POINT('',#294);
#296=CARTESIAN_POINT('',(295.748444,-18.510838,-26.015522));
#297=VERTEX_POINT('',#296);
#298=CARTESIAN_POINT('',(296.110901,-18.110912,-26.015522));
#299=VERTEX_POINT('',#298);
#300=CARTESIAN_POINT('',(296.510834,-17.748442,-26.015522));
#301=VERTEX_POINT('',#300);
#302=CARTESIAN_POINT('',(296.944366,-17.426918,-26.015522));
#303=VERTEX_POINT('',#302);
#304=CARTESIAN_POINT('',(297.407318,-17.149433,-26.015522));
#305=VERTEX_POINT('',#304);
#306=CARTESIAN_POINT('',(297.895233,-16.918663,-26.015522));
#307=VERTEX_POINT('',#306);
#308=CARTESIAN_POINT('',(298.403442,-27.263172,-26.015522));
#309=VERTEX_POINT('',#308);
#310=CARTESIAN_POINT('',(298.927002,-27.39432,-26.015522));
#311=VERTEX_POINT('',#310);
#312=CARTESIAN_POINT('',(299.460907,-27.473516,-26.015522));
#313=VERTEX_POINT('',#312);
#314=CARTESIAN_POINT('',(300,-27.5,-26.015522));
#315=VERTEX_POINT('',#314);
#316=CARTESIAN_POINT('',(300.539093,-27.473516,-26.015522));
#317=VERTEX_POINT('',#316);
#318=CARTESIAN_POINT('',(301.072998,-27.39432,-26.015522));
#319=VERTEX_POINT('',#318);
#320=CARTESIAN_POINT('',(301.596558,-27.263172,-26.015522));
#321=VERTEX_POINT('',#320);
#322=CARTESIAN_POINT('',(302.104767,-27.081337,-26.015522));
#323=VERTEX_POINT('',#322);
#324=CARTESIAN_POINT('',(302.592682,-26.850567,-26.015522));
#325=VERTEX_POINT('',#324);
#326=CARTESIAN_POINT('',(303.055634,-26.573082,-26.015522));
#327=VERTEX_POINT('',#326);
#328=CARTESIAN_POINT('',(303.489166,-26.251558,-26.015522));
#329=VERTEX_POINT('',#328);
#330=CARTESIAN_POINT('',(303.889099,-25.889088,-26.015522));
#331=VERTEX_POINT('',#330);
#332=CARTESIAN_POINT('',(304.251556,-25.489162,-26.015522));
#333=VERTEX_POINT('',#332);
#334=CARTESIAN_POINT('',(304.57309,-25.055635,-26.015522));
#335=VERTEX_POINT('',#334);
#336=CARTESIAN_POINT('',(304.756287,-24.75,-26.015522));
#337=VERTEX_POINT('',#336);
#338=CARTESIAN_POINT('',(300,-27.5,-23.515522));
#339=VERTEX_POINT('',#338);
#340=CARTESIAN_POINT('',(300.539093,-27.473516,-23.515522));
#341=VERTEX_POINT('',#340);
#342=CARTESIAN_POINT('',(301.072998,-27.39432,-23.515522));
#343=VERTEX_POINT('',#342);
#344=CARTESIAN_POINT('',(301.596558,-27.263172,-23.515522));
#345=VERTEX_POINT('',#344);
#346=CARTESIAN_POINT('',(302.104767,-27.081337,-23.515522));
#347=VERTEX_POINT('',#346);
#348=CARTESIAN_POINT('',(302.592682,-26.850567,-23.515522));
#349=VERTEX_POINT('',#348);
#350=CARTESIAN_POINT('',(303.055634,-26.573082,-23.515522));
#351=VERTEX_POINT('',#350);
#352=CARTESIAN_POINT('',(303.489166,-26.251558,-23.515522));
#353=VERTEX_POINT('',#352);
#354=CARTESIAN_POINT('',(303.889099,-25.889088,-23.515522));
#355=VERTEX_POINT('',#354);
#356=CARTESIAN_POINT('',(304.251556,-25.489162,-23.515522));
#357=VERTEX_POINT('',#356);
#358=CARTESIAN_POINT('',(304.57309,-25.055635,-23.515522));
#359=VERTEX_POINT('',#358);
#360=CARTESIAN_POINT('',(304.756287,-24.75,-23.515522));
#361=VERTEX_POINT('',#360);
#362=CARTESIAN_POINT('',(298.403442,-16.736828,-26.015522));
#363=VERTEX_POINT('',#362);
#364=CARTESIAN_POINT('',(298.927002,-16.60568,-26.015522));
#365=VERTEX_POINT('',#364);
#366=CARTESIAN_POINT('',(299.460907,-16.526484,-26.015522));
#367=VERTEX_POINT('',#366);
#368=CARTESIAN_POINT('',(300,-16.5,-26.015522));
#369=VERTEX_POINT('',#368);
#370=CARTESIAN_POINT('',(300.539093,-16.526484,-26.015522));
#371=VERTEX_POINT('',#370);
#372=CARTESIAN_POINT('',(301.072998,-16.60568,-26.015522));
#373=VERTEX_POINT('',#372);
#374=CARTESIAN_POINT('',(301.596558,-16.736828,-26.015522));
#375=VERTEX_POINT('',#374);
#376=CARTESIAN_POINT('',(302.104767,-16.918663,-26.015522));
#377=VERTEX_POINT('',#376);
#378=CARTESIAN_POINT('',(302.592682,-17.149433,-26.015522));
#379=VERTEX_POINT('',#378);
#380=CARTESIAN_POINT('',(303.055634,-17.426918,-26.015522));
#381=VERTEX_POINT('',#380);
#382=CARTESIAN_POINT('',(303.889099,-18.110912,-26.015522));
#383=VERTEX_POINT('',#382);
#384=CARTESIAN_POINT('',(304.756287,-19.25,-26.015522));
#385=VERTEX_POINT('',#384);
#386=CARTESIAN_POINT('',(304.251556,-18.510838,-26.015522));
#387=VERTEX_POINT('',#386);
#388=CARTESIAN_POINT('',(304.57309,-18.944365,-26.015522));
#389=VERTEX_POINT('',#388);
#390=CARTESIAN_POINT('',(303.489166,-17.748442,-26.015522));
#391=VERTEX_POINT('',#390);
#392=CARTESIAN_POINT('',(300,-16.5,-23.515522));
#393=VERTEX_POINT('',#392);
#394=CARTESIAN_POINT('',(300.539093,-16.526484,-23.515522));
#395=VERTEX_POINT('',#394);
#396=CARTESIAN_POINT('',(301.072998,-16.60568,-23.515522));
#397=VERTEX_POINT('',#396);
#398=CARTESIAN_POINT('',(301.596558,-16.736828,-23.515522));
#399=VERTEX_POINT('',#398);
#400=CARTESIAN_POINT('',(302.104767,-16.918663,-23.515522));
#401=VERTEX_POINT('',#400);
#402=CARTESIAN_POINT('',(302.592682,-17.149433,-23.515522));
#403=VERTEX_POINT('',#402);
#404=CARTESIAN_POINT('',(303.055634,-17.426918,-23.515522));
#405=VERTEX_POINT('',#404);
#406=CARTESIAN_POINT('',(303.889099,-18.110912,-23.515522));
#407=VERTEX_POINT('',#406);
#408=CARTESIAN_POINT('',(304.756287,-19.25,-23.515522));
#409=VERTEX_POINT('',#408);
#410=CARTESIAN_POINT('',(304.251556,-18.510838,-23.515522));
#411=VERTEX_POINT('',#410);
#412=CARTESIAN_POINT('',(304.57309,-18.944365,-23.515522));
#413=VERTEX_POINT('',#412);
#414=CARTESIAN_POINT('',(303.489166,-17.748442,-23.515522));
#415=VERTEX_POINT('',#414);
#416=CARTESIAN_POINT('',(307.111633,-19.25,-26.015522));
#417=VERTEX_POINT('',#416);
#418=CARTESIAN_POINT('',(313,-24.75,-26.015522));
#419=VERTEX_POINT('',#418);
#420=CARTESIAN_POINT('',(319,-32,-26.015522));
#421=VERTEX_POINT('',#420);
#422=CARTESIAN_POINT('',(313,-27.5,-23.515522));
#423=VERTEX_POINT('',#422);
#424=CARTESIAN_POINT('',(313,-24.75,-23.515522));
#425=VERTEX_POINT('',#424);
#426=CARTESIAN_POINT('',(313,-19.25,-26.015522));
#427=VERTEX_POINT('',#426);
#428=CARTESIAN_POINT('',(313,-19.25,-23.515522));
#429=VERTEX_POINT('',#428);
#430=CARTESIAN_POINT('',(313,-16.5,-23.515522));
#431=VERTEX_POINT('',#430);
#432=CARTESIAN_POINT('',(294.918671,-24.104759,-19.015522));
#433=VERTEX_POINT('',#432);
#434=CARTESIAN_POINT('',(295.149445,-24.592682,-19.015522));
#435=VERTEX_POINT('',#434);
#436=CARTESIAN_POINT('',(295.42691,-25.055635,-19.015522));
#437=VERTEX_POINT('',#436);
#438=CARTESIAN_POINT('',(295.748444,-25.489162,-19.015522));
#439=VERTEX_POINT('',#438);
#440=CARTESIAN_POINT('',(296.110901,-25.889088,-19.015522));
#441=VERTEX_POINT('',#440);
#442=CARTESIAN_POINT('',(296.510834,-26.251558,-19.015522));
#443=VERTEX_POINT('',#442);
#444=CARTESIAN_POINT('',(296.944366,-26.573082,-19.015522));
#445=VERTEX_POINT('',#444);
#446=CARTESIAN_POINT('',(297.895233,-27.081337,-19.015522));
#447=VERTEX_POINT('',#446);
#448=CARTESIAN_POINT('',(297.407318,-26.850567,-19.015522));
#449=VERTEX_POINT('',#448);
#450=CARTESIAN_POINT('',(294.736816,-23.596565,-19.015522));
#451=VERTEX_POINT('',#450);
#452=CARTESIAN_POINT('',(294.605682,-23.072996,-19.015522));
#453=VERTEX_POINT('',#452);
#454=CARTESIAN_POINT('',(294.526489,-22.539095,-19.015522));
#455=VERTEX_POINT('',#454);
#456=CARTESIAN_POINT('',(294.5,-22,-19.015522));
#457=VERTEX_POINT('',#456);
#458=CARTESIAN_POINT('',(294.526489,-21.460905,-19.015522));
#459=VERTEX_POINT('',#458);
#460=CARTESIAN_POINT('',(294.605682,-20.927004,-19.015522));
#461=VERTEX_POINT('',#460);
#462=CARTESIAN_POINT('',(294.736816,-20.403435,-19.015522));
#463=VERTEX_POINT('',#462);
#464=CARTESIAN_POINT('',(294.918671,-19.895241,-19.015522));
#465=VERTEX_POINT('',#464);
#466=CARTESIAN_POINT('',(295.149445,-19.407318,-19.015522));
#467=VERTEX_POINT('',#466);
#468=CARTESIAN_POINT('',(295.42691,-18.944365,-19.015522));
#469=VERTEX_POINT('',#468);
#470=CARTESIAN_POINT('',(295.748444,-18.510838,-19.015522));
#471=VERTEX_POINT('',#470);
#472=CARTESIAN_POINT('',(296.110901,-18.110912,-19.015522));
#473=VERTEX_POINT('',#472);
#474=CARTESIAN_POINT('',(296.510834,-17.748442,-19.015522));
#475=VERTEX_POINT('',#474);
#476=CARTESIAN_POINT('',(296.944366,-17.426918,-19.015522));
#477=VERTEX_POINT('',#476);
#478=CARTESIAN_POINT('',(297.407318,-17.149433,-19.015522));
#479=VERTEX_POINT('',#478);
#480=CARTESIAN_POINT('',(297.895233,-16.918663,-19.015522));
#481=VERTEX_POINT('',#480);
#482=CARTESIAN_POINT('',(298.403442,-27.263172,-19.015522));
#483=VERTEX_POINT('',#482);
#484=CARTESIAN_POINT('',(298.927002,-27.39432,-19.015522));
#485=VERTEX_POINT('',#484);
#486=CARTESIAN_POINT('',(299.460907,-27.473516,-19.015522));
#487=VERTEX_POINT('',#486);
#488=CARTESIAN_POINT('',(300,-27.5,-19.015522));
#489=VERTEX_POINT('',#488);
#490=CARTESIAN_POINT('',(298.403442,-16.736828,-19.015522));
#491=VERTEX_POINT('',#490);
#492=CARTESIAN_POINT('',(298.927002,-16.60568,-19.015522));
#493=VERTEX_POINT('',#492);
#494=CARTESIAN_POINT('',(299.460907,-16.526484,-19.015522));
#495=VERTEX_POINT('',#494);
#496=CARTESIAN_POINT('',(300,-16.5,-19.015522));
#497=VERTEX_POINT('',#496);
#498=CARTESIAN_POINT('',(319,-32,-20.015522));
#499=VERTEX_POINT('',#498);
#500=CARTESIAN_POINT('',(313,-27.5,-19.015522));
#501=VERTEX_POINT('',#500);
#502=CARTESIAN_POINT('',(313,-24.75,-19.015522));
#503=VERTEX_POINT('',#502);
#504=CARTESIAN_POINT('',(313,-16.5,-19.015522));
#505=VERTEX_POINT('',#504);
#506=CARTESIAN_POINT('',(319,-32,-14.815522));
#507=VERTEX_POINT('',#506);
#508=CARTESIAN_POINT('',(294.918671,19.895241,-26.015522));
#509=VERTEX_POINT('',#508);
#510=CARTESIAN_POINT('',(295.149445,19.407318,-26.015522));
#511=VERTEX_POINT('',#510);
#512=CARTESIAN_POINT('',(295.42691,18.944365,-26.015522));
#513=VERTEX_POINT('',#512);
#514=CARTESIAN_POINT('',(295.748444,18.510838,-26.015522));
#515=VERTEX_POINT('',#514);
#516=CARTESIAN_POINT('',(296.110901,18.110912,-26.015522));
#517=VERTEX_POINT('',#516);
#518=CARTESIAN_POINT('',(296.510834,17.748442,-26.015522));
#519=VERTEX_POINT('',#518);
#520=CARTESIAN_POINT('',(296.944366,17.426918,-26.015522));
#521=VERTEX_POINT('',#520);
#522=CARTESIAN_POINT('',(297.895233,16.918663,-26.015522));
#523=VERTEX_POINT('',#522);
#524=CARTESIAN_POINT('',(297.407318,17.149433,-26.015522));
#525=VERTEX_POINT('',#524);
#526=CARTESIAN_POINT('',(294.736816,20.403435,-26.015522));
#527=VERTEX_POINT('',#526);
#528=CARTESIAN_POINT('',(294.605682,20.927004,-26.015522));
#529=VERTEX_POINT('',#528);
#530=CARTESIAN_POINT('',(294.526489,21.460905,-26.015522));
#531=VERTEX_POINT('',#530);
#532=CARTESIAN_POINT('',(294.5,22,-26.015522));
#533=VERTEX_POINT('',#532);
#534=CARTESIAN_POINT('',(294.526489,22.539095,-26.015522));
#535=VERTEX_POINT('',#534);
#536=CARTESIAN_POINT('',(294.605682,23.072996,-26.015522));
#537=VERTEX_POINT('',#536);
#538=CARTESIAN_POINT('',(294.736816,23.596565,-26.015522));
#539=VERTEX_POINT('',#538);
#540=CARTESIAN_POINT('',(294.918671,24.104759,-26.015522));
#541=VERTEX_POINT('',#540);
#542=CARTESIAN_POINT('',(295.149445,24.592682,-26.015522));
#543=VERTEX_POINT('',#542);
#544=CARTESIAN_POINT('',(295.42691,25.055635,-26.015522));
#545=VERTEX_POINT('',#544);
#546=CARTESIAN_POINT('',(295.748444,25.489162,-26.015522));
#547=VERTEX_POINT('',#546);
#548=CARTESIAN_POINT('',(296.110901,25.889088,-26.015522));
#549=VERTEX_POINT('',#548);
#550=CARTESIAN_POINT('',(296.510834,26.251558,-26.015522));
#551=VERTEX_POINT('',#550);
#552=CARTESIAN_POINT('',(296.944366,26.573082,-26.015522));
#553=VERTEX_POINT('',#552);
#554=CARTESIAN_POINT('',(297.407318,26.850567,-26.015522));
#555=VERTEX_POINT('',#554);
#556=CARTESIAN_POINT('',(297.895233,27.081337,-26.015522));
#557=VERTEX_POINT('',#556);
#558=CARTESIAN_POINT('',(298.403442,16.736828,-26.015522));
#559=VERTEX_POINT('',#558);
#560=CARTESIAN_POINT('',(298.927002,16.60568,-26.015522));
#561=VERTEX_POINT('',#560);
#562=CARTESIAN_POINT('',(299.460907,16.526484,-26.015522));
#563=VERTEX_POINT('',#562);
#564=CARTESIAN_POINT('',(300,16.5,-26.015522));
#565=VERTEX_POINT('',#564);
#566=CARTESIAN_POINT('',(300.539093,16.526484,-26.015522));
#567=VERTEX_POINT('',#566);
#568=CARTESIAN_POINT('',(301.072998,16.60568,-26.015522));
#569=VERTEX_POINT('',#568);
#570=CARTESIAN_POINT('',(301.596558,16.736828,-26.015522));
#571=VERTEX_POINT('',#570);
#572=CARTESIAN_POINT('',(302.104767,16.918663,-26.015522));
#573=VERTEX_POINT('',#572);
#574=CARTESIAN_POINT('',(302.592682,17.149433,-26.015522));
#575=VERTEX_POINT('',#574);
#576=CARTESIAN_POINT('',(303.055634,17.426918,-26.015522));
#577=VERTEX_POINT('',#576);
#578=CARTESIAN_POINT('',(303.489166,17.748442,-26.015522));
#579=VERTEX_POINT('',#578);
#580=CARTESIAN_POINT('',(303.889099,18.110912,-26.015522));
#581=VERTEX_POINT('',#580);
#582=CARTESIAN_POINT('',(304.251556,18.510838,-26.015522));
#583=VERTEX_POINT('',#582);
#584=CARTESIAN_POINT('',(304.57309,18.944365,-26.015522));
#585=VERTEX_POINT('',#584);
#586=CARTESIAN_POINT('',(304.756287,19.25,-26.015522));
#587=VERTEX_POINT('',#586);
#588=CARTESIAN_POINT('',(300,16.5,-23.515522));
#589=VERTEX_POINT('',#588);
#590=CARTESIAN_POINT('',(300.539093,16.526484,-23.515522));
#591=VERTEX_POINT('',#590);
#592=CARTESIAN_POINT('',(301.072998,16.60568,-23.515522));
#593=VERTEX_POINT('',#592);
#594=CARTESIAN_POINT('',(301.596558,16.736828,-23.515522));
#595=VERTEX_POINT('',#594);
#596=CARTESIAN_POINT('',(302.104767,16.918663,-23.515522));
#597=VERTEX_POINT('',#596);
#598=CARTESIAN_POINT('',(302.592682,17.149433,-23.515522));
#599=VERTEX_POINT('',#598);
#600=CARTESIAN_POINT('',(303.055634,17.426918,-23.515522));
#601=VERTEX_POINT('',#600);
#602=CARTESIAN_POINT('',(303.489166,17.748442,-23.515522));
#603=VERTEX_POINT('',#602);
#604=CARTESIAN_POINT('',(303.889099,18.110912,-23.515522));
#605=VERTEX_POINT('',#604);
#606=CARTESIAN_POINT('',(304.251556,18.510838,-23.515522));
#607=VERTEX_POINT('',#606);
#608=CARTESIAN_POINT('',(304.57309,18.944365,-23.515522));
#609=VERTEX_POINT('',#608);
#610=CARTESIAN_POINT('',(304.756287,19.25,-23.515522));
#611=VERTEX_POINT('',#610);
#612=CARTESIAN_POINT('',(298.403442,27.263172,-26.015522));
#613=VERTEX_POINT('',#612);
#614=CARTESIAN_POINT('',(298.927002,27.39432,-26.015522));
#615=VERTEX_POINT('',#614);
#616=CARTESIAN_POINT('',(299.460907,27.473516,-26.015522));
#617=VERTEX_POINT('',#616);
#618=CARTESIAN_POINT('',(300,27.5,-26.015522));
#619=VERTEX_POINT('',#618);
#620=CARTESIAN_POINT('',(300.539093,27.473516,-26.015522));
#621=VERTEX_POINT('',#620);
#622=CARTESIAN_POINT('',(301.072998,27.39432,-26.015522));
#623=VERTEX_POINT('',#622);
#624=CARTESIAN_POINT('',(301.596558,27.263172,-26.015522));
#625=VERTEX_POINT('',#624);
#626=CARTESIAN_POINT('',(302.104767,27.081337,-26.015522));
#627=VERTEX_POINT('',#626);
#628=CARTESIAN_POINT('',(302.592682,26.850567,-26.015522));
#629=VERTEX_POINT('',#628);
#630=CARTESIAN_POINT('',(303.055634,26.573082,-26.015522));
#631=VERTEX_POINT('',#630);
#632=CARTESIAN_POINT('',(303.889099,25.889088,-26.015522));
#633=VERTEX_POINT('',#632);
#634=CARTESIAN_POINT('',(304.756287,24.75,-26.015522));
#635=VERTEX_POINT('',#634);
#636=CARTESIAN_POINT('',(304.251556,25.489162,-26.015522));
#637=VERTEX_POINT('',#636);
#638=CARTESIAN_POINT('',(304.57309,25.055635,-26.015522));
#639=VERTEX_POINT('',#638);
#640=CARTESIAN_POINT('',(303.489166,26.251558,-26.015522));
#641=VERTEX_POINT('',#640);
#642=CARTESIAN_POINT('',(300,27.5,-23.515522));
#643=VERTEX_POINT('',#642);
#644=CARTESIAN_POINT('',(300.539093,27.473516,-23.515522));
#645=VERTEX_POINT('',#644);
#646=CARTESIAN_POINT('',(301.072998,27.39432,-23.515522));
#647=VERTEX_POINT('',#646);
#648=CARTESIAN_POINT('',(301.596558,27.263172,-23.515522));
#649=VERTEX_POINT('',#648);
#650=CARTESIAN_POINT('',(302.104767,27.081337,-23.515522));
#651=VERTEX_POINT('',#650);
#652=CARTESIAN_POINT('',(302.592682,26.850567,-23.515522));
#653=VERTEX_POINT('',#652);
#654=CARTESIAN_POINT('',(303.055634,26.573082,-23.515522));
#655=VERTEX_POINT('',#654);
#656=CARTESIAN_POINT('',(303.889099,25.889088,-23.515522));
#657=VERTEX_POINT('',#656);
#658=CARTESIAN_POINT('',(304.756287,24.75,-23.515522));
#659=VERTEX_POINT('',#658);
#660=CARTESIAN_POINT('',(304.251556,25.489162,-23.515522));
#661=VERTEX_POINT('',#660);
#662=CARTESIAN_POINT('',(304.57309,25.055635,-23.515522));
#663=VERTEX_POINT('',#662);
#664=CARTESIAN_POINT('',(303.489166,26.251558,-23.515522));
#665=VERTEX_POINT('',#664);
#666=CARTESIAN_POINT('',(313,19.25,-26.015522));
#667=VERTEX_POINT('',#666);
#668=CARTESIAN_POINT('',(313,16.5,-23.515522));
#669=VERTEX_POINT('',#668);
#670=CARTESIAN_POINT('',(313,19.25,-23.515522));
#671=VERTEX_POINT('',#670);
#672=CARTESIAN_POINT('',(313,24.75,-26.015522));
#673=VERTEX_POINT('',#672);
#674=CARTESIAN_POINT('',(319,32,-26.015522));
#675=VERTEX_POINT('',#674);
#676=CARTESIAN_POINT('',(313,24.75,-23.515522));
#677=VERTEX_POINT('',#676);
#678=CARTESIAN_POINT('',(313,27.5,-23.515522));
#679=VERTEX_POINT('',#678);
#680=CARTESIAN_POINT('',(294.918671,19.895241,-19.015522));
#681=VERTEX_POINT('',#680);
#682=CARTESIAN_POINT('',(295.149445,19.407318,-19.015522));
#683=VERTEX_POINT('',#682);
#684=CARTESIAN_POINT('',(295.42691,18.944365,-19.015522));
#685=VERTEX_POINT('',#684);
#686=CARTESIAN_POINT('',(295.748444,18.510838,-19.015522));
#687=VERTEX_POINT('',#686);
#688=CARTESIAN_POINT('',(296.110901,18.110912,-19.015522));
#689=VERTEX_POINT('',#688);
#690=CARTESIAN_POINT('',(296.510834,17.748442,-19.015522));
#691=VERTEX_POINT('',#690);
#692=CARTESIAN_POINT('',(296.944366,17.426918,-19.015522));
#693=VERTEX_POINT('',#692);
#694=CARTESIAN_POINT('',(297.895233,16.918663,-19.015522));
#695=VERTEX_POINT('',#694);
#696=CARTESIAN_POINT('',(297.407318,17.149433,-19.015522));
#697=VERTEX_POINT('',#696);
#698=CARTESIAN_POINT('',(294.736816,20.403435,-19.015522));
#699=VERTEX_POINT('',#698);
#700=CARTESIAN_POINT('',(294.605682,20.927004,-19.015522));
#701=VERTEX_POINT('',#700);
#702=CARTESIAN_POINT('',(294.526489,21.460905,-19.015522));
#703=VERTEX_POINT('',#702);
#704=CARTESIAN_POINT('',(294.5,22,-19.015522));
#705=VERTEX_POINT('',#704);
#706=CARTESIAN_POINT('',(294.526489,22.539095,-19.015522));
#707=VERTEX_POINT('',#706);
#708=CARTESIAN_POINT('',(294.605682,23.072996,-19.015522));
#709=VERTEX_POINT('',#708);
#710=CARTESIAN_POINT('',(294.736816,23.596565,-19.015522));
#711=VERTEX_POINT('',#710);
#712=CARTESIAN_POINT('',(294.918671,24.104759,-19.015522));
#713=VERTEX_POINT('',#712);
#714=CARTESIAN_POINT('',(295.149445,24.592682,-19.015522));
#715=VERTEX_POINT('',#714);
#716=CARTESIAN_POINT('',(295.42691,25.055635,-19.015522));
#717=VERTEX_POINT('',#716);
#718=CARTESIAN_POINT('',(295.748444,25.489162,-19.015522));
#719=VERTEX_POINT('',#718);
#720=CARTESIAN_POINT('',(296.110901,25.889088,-19.015522));
#721=VERTEX_POINT('',#720);
#722=CARTESIAN_POINT('',(296.510834,26.251558,-19.015522));
#723=VERTEX_POINT('',#722);
#724=CARTESIAN_POINT('',(296.944366,26.573082,-19.015522));
#725=VERTEX_POINT('',#724);
#726=CARTESIAN_POINT('',(297.407318,26.850567,-19.015522));
#727=VERTEX_POINT('',#726);
#728=CARTESIAN_POINT('',(297.895233,27.081337,-19.015522));
#729=VERTEX_POINT('',#728);
#730=CARTESIAN_POINT('',(298.403442,16.736828,-19.015522));
#731=VERTEX_POINT('',#730);
#732=CARTESIAN_POINT('',(298.927002,16.60568,-19.015522));
#733=VERTEX_POINT('',#732);
#734=CARTESIAN_POINT('',(299.460907,16.526484,-19.015522));
#735=VERTEX_POINT('',#734);
#736=CARTESIAN_POINT('',(300,16.5,-19.015522));
#737=VERTEX_POINT('',#736);
#738=CARTESIAN_POINT('',(298.403442,27.263172,-19.015522));
#739=VERTEX_POINT('',#738);
#740=CARTESIAN_POINT('',(298.927002,27.39432,-19.015522));
#741=VERTEX_POINT('',#740);
#742=CARTESIAN_POINT('',(299.460907,27.473516,-19.015522));
#743=VERTEX_POINT('',#742);
#744=CARTESIAN_POINT('',(300,27.5,-19.015522));
#745=VERTEX_POINT('',#744);
#746=CARTESIAN_POINT('',(313,16.5,-19.015522));
#747=VERTEX_POINT('',#746);
#748=CARTESIAN_POINT('',(313,19.25,-19.015522));
#749=VERTEX_POINT('',#748);
#750=CARTESIAN_POINT('',(319,32,-20.015522));
#751=VERTEX_POINT('',#750);
#752=CARTESIAN_POINT('',(313,27.5,-19.015522));
#753=VERTEX_POINT('',#752);
#754=CARTESIAN_POINT('',(319,32,-14.815522));
#755=VERTEX_POINT('',#754);
#756=DIRECTION('',(0,0,-1));
#757=DIRECTION('',(-0,1,0));
#758=AXIS2_PLACEMENT_3D('',#674,#756,#757);
#759=PLANE('',#758);
#760=DIRECTION('',(0,1,0));
#761=VECTOR('',#760,64);
#762=LINE('',#420,#761);
#763=EDGE_CURVE('',#421,#675,#762,.T.);
#764=ORIENTED_EDGE('',*,*,#763,.F.);
#765=DIRECTION('',(1,0,0));
#766=VECTOR('',#765,56);
#767=LINE('',#14,#766);
#768=EDGE_CURVE('',#15,#421,#767,.T.);
#769=ORIENTED_EDGE('',*,*,#768,.F.);
#770=DIRECTION('',(0,1,0));
#771=VECTOR('',#770,64);
#772=LINE('',#14,#771);
#773=EDGE_CURVE('',#15,#131,#772,.T.);
#774=ORIENTED_EDGE('',*,*,#773,.T.);
#775=DIRECTION('',(1,0,0));
#776=VECTOR('',#775,56);
#777=LINE('',#130,#776);
#778=EDGE_CURVE('',#131,#675,#777,.T.);
#779=ORIENTED_EDGE('',*,*,#778,.T.);
#780=EDGE_LOOP('',(#764,#769,#774,#779));
#781=FACE_OUTER_BOUND('',#780,.T.);
#782=DIRECTION('',(0.740958,0.671551,0));
#783=VECTOR('',#782,0.539751);
#784=LINE('',#578,#783);
#785=EDGE_CURVE('',#579,#581,#784,.T.);
#786=ORIENTED_EDGE('',*,*,#785,.T.);
#787=DIRECTION('',(0.671545,0.740964,0));
#788=VECTOR('',#787,0.539736);
#789=LINE('',#580,#788);
#790=EDGE_CURVE('',#581,#583,#789,.T.);
#791=ORIENTED_EDGE('',*,*,#790,.T.);
#792=DIRECTION('',(0.595708,0.803201,0));
#793=VECTOR('',#792,0.539749);
#794=LINE('',#582,#793);
#795=EDGE_CURVE('',#583,#585,#794,.T.);
#796=ORIENTED_EDGE('',*,*,#795,.T.);
#797=DIRECTION('',(0.514116,0.857721,0));
#798=VECTOR('',#797,0.356334);
#799=LINE('',#584,#798);
#800=EDGE_CURVE('',#585,#587,#799,.T.);
#801=ORIENTED_EDGE('',*,*,#800,.T.);
#802=DIRECTION('',(1,0,0));
#803=VECTOR('',#802,8.243713);
#804=LINE('',#586,#803);
#805=EDGE_CURVE('',#587,#667,#804,.T.);
#806=ORIENTED_EDGE('',*,*,#805,.T.);
#807=DIRECTION('',(0,1,0));
#808=VECTOR('',#807,5.5);
#809=LINE('',#666,#808);
#810=EDGE_CURVE('',#667,#673,#809,.T.);
#811=ORIENTED_EDGE('',*,*,#810,.T.);
#812=DIRECTION('',(1,0,0));
#813=VECTOR('',#812,8.243713);
#814=LINE('',#634,#813);
#815=EDGE_CURVE('',#635,#673,#814,.T.);
#816=ORIENTED_EDGE('',*,*,#815,.F.);
#817=DIRECTION('',(-0.514116,0.857721,0));
#818=VECTOR('',#817,0.356334);
#819=LINE('',#634,#818);
#820=EDGE_CURVE('',#635,#639,#819,.T.);
#821=ORIENTED_EDGE('',*,*,#820,.T.);
#822=DIRECTION('',(0.595708,-0.803201,0));
#823=VECTOR('',#822,0.539749);
#824=LINE('',#636,#823);
#825=EDGE_CURVE('',#637,#639,#824,.T.);
#826=ORIENTED_EDGE('',*,*,#825,.F.);
#827=DIRECTION('',(0.671545,-0.740964,0));
#828=VECTOR('',#827,0.539736);
#829=LINE('',#632,#828);
#830=EDGE_CURVE('',#633,#637,#829,.T.);
#831=ORIENTED_EDGE('',*,*,#830,.F.);
#832=DIRECTION('',(-0.740958,0.671551,0));
#833=VECTOR('',#832,0.539751);
#834=LINE('',#632,#833);
#835=EDGE_CURVE('',#633,#641,#834,.T.);
#836=ORIENTED_EDGE('',*,*,#835,.T.);
#837=DIRECTION('',(0.803213,-0.595692,0));
#838=VECTOR('',#837,0.539748);
#839=LINE('',#630,#838);
#840=EDGE_CURVE('',#631,#641,#839,.T.);
#841=ORIENTED_EDGE('',*,*,#840,.F.);
#842=DIRECTION('',(0.857727,-0.514106,0));
#843=VECTOR('',#842,0.539743);
#844=LINE('',#628,#843);
#845=EDGE_CURVE('',#629,#631,#844,.T.);
#846=ORIENTED_EDGE('',*,*,#845,.F.);
#847=DIRECTION('',(0.903987,-0.42756,0));
#848=VECTOR('',#847,0.539737);
#849=LINE('',#626,#848);
#850=EDGE_CURVE('',#627,#629,#849,.T.);
#851=ORIENTED_EDGE('',*,*,#850,.F.);
#852=DIRECTION('',(0.941547,-0.336882,0));
#853=VECTOR('',#852,0.53976);
#854=LINE('',#624,#853);
#855=EDGE_CURVE('',#625,#627,#854,.T.);
#856=ORIENTED_EDGE('',*,*,#855,.F.);
#857=DIRECTION('',(0.97003,-0.242985,0));
#858=VECTOR('',#857,0.539735);
#859=LINE('',#622,#858);
#860=EDGE_CURVE('',#623,#625,#859,.T.);
#861=ORIENTED_EDGE('',*,*,#860,.F.);
#862=DIRECTION('',(0.989177,-0.14673,0));
#863=VECTOR('',#862,0.539747);
#864=LINE('',#620,#863);
#865=EDGE_CURVE('',#621,#623,#864,.T.);
#866=ORIENTED_EDGE('',*,*,#865,.F.);
#867=DIRECTION('',(0.998795,-0.049067,0));
#868=VECTOR('',#867,0.539743);
#869=LINE('',#618,#868);
#870=EDGE_CURVE('',#619,#621,#869,.T.);
#871=ORIENTED_EDGE('',*,*,#870,.F.);
#872=DIRECTION('',(0.998795,0.049067,0));
#873=VECTOR('',#872,0.539743);
#874=LINE('',#616,#873);
#875=EDGE_CURVE('',#617,#619,#874,.T.);
#876=ORIENTED_EDGE('',*,*,#875,.F.);
#877=DIRECTION('',(0.989177,0.14673,0));
#878=VECTOR('',#877,0.539747);
#879=LINE('',#614,#878);
#880=EDGE_CURVE('',#615,#617,#879,.T.);
#881=ORIENTED_EDGE('',*,*,#880,.F.);
#882=DIRECTION('',(0.97003,0.242985,0));
#883=VECTOR('',#882,0.539735);
#884=LINE('',#612,#883);
#885=EDGE_CURVE('',#613,#615,#884,.T.);
#886=ORIENTED_EDGE('',*,*,#885,.F.);
#887=DIRECTION('',(0.941547,0.336882,0));
#888=VECTOR('',#887,0.53976);
#889=LINE('',#556,#888);
#890=EDGE_CURVE('',#557,#613,#889,.T.);
#891=ORIENTED_EDGE('',*,*,#890,.F.);
#892=DIRECTION('',(0.903987,0.42756,0));
#893=VECTOR('',#892,0.539737);
#894=LINE('',#554,#893);
#895=EDGE_CURVE('',#555,#557,#894,.T.);
#896=ORIENTED_EDGE('',*,*,#895,.F.);
#897=DIRECTION('',(0.857727,0.514106,0));
#898=VECTOR('',#897,0.539743);
#899=LINE('',#552,#898);
#900=EDGE_CURVE('',#553,#555,#899,.T.);
#901=ORIENTED_EDGE('',*,*,#900,.F.);
#902=DIRECTION('',(0.803213,0.595692,0));
#903=VECTOR('',#902,0.539748);
#904=LINE('',#550,#903);
#905=EDGE_CURVE('',#551,#553,#904,.T.);
#906=ORIENTED_EDGE('',*,*,#905,.F.);
#907=DIRECTION('',(0.740958,0.671551,0));
#908=VECTOR('',#907,0.539751);
#909=LINE('',#548,#908);
#910=EDGE_CURVE('',#549,#551,#909,.T.);
#911=ORIENTED_EDGE('',*,*,#910,.F.);
#912=DIRECTION('',(0.671545,0.740964,0));
#913=VECTOR('',#912,0.539736);
#914=LINE('',#546,#913);
#915=EDGE_CURVE('',#547,#549,#914,.T.);
#916=ORIENTED_EDGE('',*,*,#915,.F.);
#917=DIRECTION('',(0.595708,0.803201,0));
#918=VECTOR('',#917,0.539749);
#919=LINE('',#544,#918);
#920=EDGE_CURVE('',#545,#547,#919,.T.);
#921=ORIENTED_EDGE('',*,*,#920,.F.);
#922=DIRECTION('',(0.514078,0.857743,0));
#923=VECTOR('',#922,0.539734);
#924=LINE('',#542,#923);
#925=EDGE_CURVE('',#543,#545,#924,.T.);
#926=ORIENTED_EDGE('',*,*,#925,.F.);
#927=DIRECTION('',(0.427561,0.903987,0));
#928=VECTOR('',#927,0.539745);
#929=LINE('',#540,#928);
#930=EDGE_CURVE('',#541,#543,#929,.T.);
#931=ORIENTED_EDGE('',*,*,#930,.F.);
#932=DIRECTION('',(0.336922,0.941533,0));
#933=VECTOR('',#932,0.539752);
#934=LINE('',#538,#933);
#935=EDGE_CURVE('',#539,#541,#934,.T.);
#936=ORIENTED_EDGE('',*,*,#935,.F.);
#937=DIRECTION('',(0.242957,0.970037,0));
#938=VECTOR('',#937,0.539741);
#939=LINE('',#536,#938);
#940=EDGE_CURVE('',#537,#539,#939,.T.);
#941=ORIENTED_EDGE('',*,*,#940,.F.);
#942=DIRECTION('',(0.146724,0.989177,0));
#943=VECTOR('',#942,0.539743);
#944=LINE('',#534,#943);
#945=EDGE_CURVE('',#535,#537,#944,.T.);
#946=ORIENTED_EDGE('',*,*,#945,.F.);
#947=DIRECTION('',(0.049077,0.998795,0));
#948=VECTOR('',#947,0.539745);
#949=LINE('',#532,#948);
#950=EDGE_CURVE('',#533,#535,#949,.T.);
#951=ORIENTED_EDGE('',*,*,#950,.F.);
#952=DIRECTION('',(-0.049077,0.998795,0));
#953=VECTOR('',#952,0.539745);
#954=LINE('',#530,#953);
#955=EDGE_CURVE('',#531,#533,#954,.T.);
#956=ORIENTED_EDGE('',*,*,#955,.F.);
#957=DIRECTION('',(-0.146724,0.989177,0));
#958=VECTOR('',#957,0.539743);
#959=LINE('',#528,#958);
#960=EDGE_CURVE('',#529,#531,#959,.T.);
#961=ORIENTED_EDGE('',*,*,#960,.F.);
#962=DIRECTION('',(-0.242957,0.970037,0));
#963=VECTOR('',#962,0.539741);
#964=LINE('',#526,#963);
#965=EDGE_CURVE('',#527,#529,#964,.T.);
#966=ORIENTED_EDGE('',*,*,#965,.F.);
#967=DIRECTION('',(-0.336922,0.941533,0));
#968=VECTOR('',#967,0.539752);
#969=LINE('',#508,#968);
#970=EDGE_CURVE('',#509,#527,#969,.T.);
#971=ORIENTED_EDGE('',*,*,#970,.F.);
#972=DIRECTION('',(0.427561,-0.903987,0));
#973=VECTOR('',#972,0.539745);
#974=LINE('',#508,#973);
#975=EDGE_CURVE('',#509,#511,#974,.T.);
#976=ORIENTED_EDGE('',*,*,#975,.T.);
#977=DIRECTION('',(0.514078,-0.857743,0));
#978=VECTOR('',#977,0.539734);
#979=LINE('',#510,#978);
#980=EDGE_CURVE('',#511,#513,#979,.T.);
#981=ORIENTED_EDGE('',*,*,#980,.T.);
#982=DIRECTION('',(0.595708,-0.803201,0));
#983=VECTOR('',#982,0.539749);
#984=LINE('',#512,#983);
#985=EDGE_CURVE('',#513,#515,#984,.T.);
#986=ORIENTED_EDGE('',*,*,#985,.T.);
#987=DIRECTION('',(0.671545,-0.740964,0));
#988=VECTOR('',#987,0.539736);
#989=LINE('',#514,#988);
#990=EDGE_CURVE('',#515,#517,#989,.T.);
#991=ORIENTED_EDGE('',*,*,#990,.T.);
#992=DIRECTION('',(0.740958,-0.671551,0));
#993=VECTOR('',#992,0.539751);
#994=LINE('',#516,#993);
#995=EDGE_CURVE('',#517,#519,#994,.T.);
#996=ORIENTED_EDGE('',*,*,#995,.T.);
#997=DIRECTION('',(0.803213,-0.595692,0));
#998=VECTOR('',#997,0.539748);
#999=LINE('',#518,#998);
#1000=EDGE_CURVE('',#519,#521,#999,.T.);
#1001=ORIENTED_EDGE('',*,*,#1000,.T.);
#1002=DIRECTION('',(0.857727,-0.514106,0));
#1003=VECTOR('',#1002,0.539743);
#1004=LINE('',#520,#1003);
#1005=EDGE_CURVE('',#521,#525,#1004,.T.);
#1006=ORIENTED_EDGE('',*,*,#1005,.T.);
#1007=DIRECTION('',(-0.903987,0.42756,0));
#1008=VECTOR('',#1007,0.539737);
#1009=LINE('',#522,#1008);
#1010=EDGE_CURVE('',#523,#525,#1009,.T.);
#1011=ORIENTED_EDGE('',*,*,#1010,.F.);
#1012=DIRECTION('',(0.941547,-0.336882,0));
#1013=VECTOR('',#1012,0.53976);
#1014=LINE('',#522,#1013);
#1015=EDGE_CURVE('',#523,#559,#1014,.T.);
#1016=ORIENTED_EDGE('',*,*,#1015,.T.);
#1017=DIRECTION('',(0.97003,-0.242985,0));
#1018=VECTOR('',#1017,0.539735);
#1019=LINE('',#558,#1018);
#1020=EDGE_CURVE('',#559,#561,#1019,.T.);
#1021=ORIENTED_EDGE('',*,*,#1020,.T.);
#1022=DIRECTION('',(0.989177,-0.14673,0));
#1023=VECTOR('',#1022,0.539747);
#1024=LINE('',#560,#1023);
#1025=EDGE_CURVE('',#561,#563,#1024,.T.);
#1026=ORIENTED_EDGE('',*,*,#1025,.T.);
#1027=DIRECTION('',(0.998795,-0.049067,0));
#1028=VECTOR('',#1027,0.539743);
#1029=LINE('',#562,#1028);
#1030=EDGE_CURVE('',#563,#565,#1029,.T.);
#1031=ORIENTED_EDGE('',*,*,#1030,.T.);
#1032=DIRECTION('',(0.998795,0.049067,0));
#1033=VECTOR('',#1032,0.539743);
#1034=LINE('',#564,#1033);
#1035=EDGE_CURVE('',#565,#567,#1034,.T.);
#1036=ORIENTED_EDGE('',*,*,#1035,.T.);
#1037=DIRECTION('',(0.989177,0.14673,0));
#1038=VECTOR('',#1037,0.539747);
#1039=LINE('',#566,#1038);
#1040=EDGE_CURVE('',#567,#569,#1039,.T.);
#1041=ORIENTED_EDGE('',*,*,#1040,.T.);
#1042=DIRECTION('',(0.97003,0.242985,0));
#1043=VECTOR('',#1042,0.539735);
#1044=LINE('',#568,#1043);
#1045=EDGE_CURVE('',#569,#571,#1044,.T.);
#1046=ORIENTED_EDGE('',*,*,#1045,.T.);
#1047=DIRECTION('',(0.941547,0.336882,0));
#1048=VECTOR('',#1047,0.53976);
#1049=LINE('',#570,#1048);
#1050=EDGE_CURVE('',#571,#573,#1049,.T.);
#1051=ORIENTED_EDGE('',*,*,#1050,.T.);
#1052=DIRECTION('',(0.903987,0.42756,0));
#1053=VECTOR('',#1052,0.539737);
#1054=LINE('',#572,#1053);
#1055=EDGE_CURVE('',#573,#575,#1054,.T.);
#1056=ORIENTED_EDGE('',*,*,#1055,.T.);
#1057=DIRECTION('',(0.857727,0.514106,0));
#1058=VECTOR('',#1057,0.539743);
#1059=LINE('',#574,#1058);
#1060=EDGE_CURVE('',#575,#577,#1059,.T.);
#1061=ORIENTED_EDGE('',*,*,#1060,.T.);
#1062=DIRECTION('',(0.803213,0.595692,0));
#1063=VECTOR('',#1062,0.539748);
#1064=LINE('',#576,#1063);
#1065=EDGE_CURVE('',#577,#579,#1064,.T.);
#1066=ORIENTED_EDGE('',*,*,#1065,.T.);
#1067=EDGE_LOOP('',(#786,#791,#796,#801,#806,#811,#816,#821,#826,#831,#836,#841,#846,#851,#856,#861,#866,#871,#876,#881,#886,#891,#896,#901,#906,#911,#916,#921,#926,#931,#936,#941,#946,#951,#956,#961,#966,#971,#976,#981,#986,#991,#996,#1001,#1006,#1011,#1016,#1021,#1026,#1031,#1036,#1041,#1046,#1051,#1056,#1061,#1066));
#1068=FACE_BOUND('',#1067,.T.);
#1069=DIRECTION('',(-0.146724,0.989177,0));
#1070=VECTOR('',#1069,0.539743);
#1071=LINE('',#278,#1070);
#1072=EDGE_CURVE('',#279,#281,#1071,.T.);
#1073=ORIENTED_EDGE('',*,*,#1072,.F.);
#1074=DIRECTION('',(-0.242957,0.970037,0));
#1075=VECTOR('',#1074,0.539741);
#1076=LINE('',#276,#1075);
#1077=EDGE_CURVE('',#277,#279,#1076,.T.);
#1078=ORIENTED_EDGE('',*,*,#1077,.F.);
#1079=DIRECTION('',(-0.336922,0.941533,0));
#1080=VECTOR('',#1079,0.539752);
#1081=LINE('',#258,#1080);
#1082=EDGE_CURVE('',#259,#277,#1081,.T.);
#1083=ORIENTED_EDGE('',*,*,#1082,.F.);
#1084=DIRECTION('',(0.427561,-0.903987,0));
#1085=VECTOR('',#1084,0.539745);
#1086=LINE('',#258,#1085);
#1087=EDGE_CURVE('',#259,#261,#1086,.T.);
#1088=ORIENTED_EDGE('',*,*,#1087,.T.);
#1089=DIRECTION('',(0.514078,-0.857743,0));
#1090=VECTOR('',#1089,0.539734);
#1091=LINE('',#260,#1090);
#1092=EDGE_CURVE('',#261,#263,#1091,.T.);
#1093=ORIENTED_EDGE('',*,*,#1092,.T.);
#1094=DIRECTION('',(0.595708,-0.803201,0));
#1095=VECTOR('',#1094,0.539749);
#1096=LINE('',#262,#1095);
#1097=EDGE_CURVE('',#263,#265,#1096,.T.);
#1098=ORIENTED_EDGE('',*,*,#1097,.T.);
#1099=DIRECTION('',(0.671545,-0.740964,0));
#1100=VECTOR('',#1099,0.539736);
#1101=LINE('',#264,#1100);
#1102=EDGE_CURVE('',#265,#267,#1101,.T.);
#1103=ORIENTED_EDGE('',*,*,#1102,.T.);
#1104=DIRECTION('',(0.740958,-0.671551,0));
#1105=VECTOR('',#1104,0.539751);
#1106=LINE('',#266,#1105);
#1107=EDGE_CURVE('',#267,#269,#1106,.T.);
#1108=ORIENTED_EDGE('',*,*,#1107,.T.);
#1109=DIRECTION('',(0.803213,-0.595692,0));
#1110=VECTOR('',#1109,0.539748);
#1111=LINE('',#268,#1110);
#1112=EDGE_CURVE('',#269,#271,#1111,.T.);
#1113=ORIENTED_EDGE('',*,*,#1112,.T.);
#1114=DIRECTION('',(0.857727,-0.514106,0));
#1115=VECTOR('',#1114,0.539743);
#1116=LINE('',#270,#1115);
#1117=EDGE_CURVE('',#271,#275,#1116,.T.);
#1118=ORIENTED_EDGE('',*,*,#1117,.T.);
#1119=DIRECTION('',(-0.903987,0.42756,0));
#1120=VECTOR('',#1119,0.539737);
#1121=LINE('',#272,#1120);
#1122=EDGE_CURVE('',#273,#275,#1121,.T.);
#1123=ORIENTED_EDGE('',*,*,#1122,.F.);
#1124=DIRECTION('',(0.941547,-0.336882,0));
#1125=VECTOR('',#1124,0.53976);
#1126=LINE('',#272,#1125);
#1127=EDGE_CURVE('',#273,#309,#1126,.T.);
#1128=ORIENTED_EDGE('',*,*,#1127,.T.);
#1129=DIRECTION('',(0.97003,-0.242985,0));
#1130=VECTOR('',#1129,0.539735);
#1131=LINE('',#308,#1130);
#1132=EDGE_CURVE('',#309,#311,#1131,.T.);
#1133=ORIENTED_EDGE('',*,*,#1132,.T.);
#1134=DIRECTION('',(0.989177,-0.14673,0));
#1135=VECTOR('',#1134,0.539747);
#1136=LINE('',#310,#1135);
#1137=EDGE_CURVE('',#311,#313,#1136,.T.);
#1138=ORIENTED_EDGE('',*,*,#1137,.T.);
#1139=DIRECTION('',(0.998795,-0.049067,0));
#1140=VECTOR('',#1139,0.539743);
#1141=LINE('',#312,#1140);
#1142=EDGE_CURVE('',#313,#315,#1141,.T.);
#1143=ORIENTED_EDGE('',*,*,#1142,.T.);
#1144=DIRECTION('',(0.998795,0.049067,0));
#1145=VECTOR('',#1144,0.539743);
#1146=LINE('',#314,#1145);
#1147=EDGE_CURVE('',#315,#317,#1146,.T.);
#1148=ORIENTED_EDGE('',*,*,#1147,.T.);
#1149=DIRECTION('',(0.989177,0.14673,0));
#1150=VECTOR('',#1149,0.539747);
#1151=LINE('',#316,#1150);
#1152=EDGE_CURVE('',#317,#319,#1151,.T.);
#1153=ORIENTED_EDGE('',*,*,#1152,.T.);
#1154=DIRECTION('',(0.97003,0.242985,0));
#1155=VECTOR('',#1154,0.539735);
#1156=LINE('',#318,#1155);
#1157=EDGE_CURVE('',#319,#321,#1156,.T.);
#1158=ORIENTED_EDGE('',*,*,#1157,.T.);
#1159=DIRECTION('',(0.941547,0.336882,0));
#1160=VECTOR('',#1159,0.53976);
#1161=LINE('',#320,#1160);
#1162=EDGE_CURVE('',#321,#323,#1161,.T.);
#1163=ORIENTED_EDGE('',*,*,#1162,.T.);
#1164=DIRECTION('',(0.903987,0.42756,0));
#1165=VECTOR('',#1164,0.539737);
#1166=LINE('',#322,#1165);
#1167=EDGE_CURVE('',#323,#325,#1166,.T.);
#1168=ORIENTED_EDGE('',*,*,#1167,.T.);
#1169=DIRECTION('',(0.857727,0.514106,0));
#1170=VECTOR('',#1169,0.539743);
#1171=LINE('',#324,#1170);
#1172=EDGE_CURVE('',#325,#327,#1171,.T.);
#1173=ORIENTED_EDGE('',*,*,#1172,.T.);
#1174=DIRECTION('',(0.803213,0.595692,0));
#1175=VECTOR('',#1174,0.539748);
#1176=LINE('',#326,#1175);
#1177=EDGE_CURVE('',#327,#329,#1176,.T.);
#1178=ORIENTED_EDGE('',*,*,#1177,.T.);
#1179=DIRECTION('',(0.740958,0.671551,0));
#1180=VECTOR('',#1179,0.539751);
#1181=LINE('',#328,#1180);
#1182=EDGE_CURVE('',#329,#331,#1181,.T.);
#1183=ORIENTED_EDGE('',*,*,#1182,.T.);
#1184=DIRECTION('',(0.671545,0.740964,0));
#1185=VECTOR('',#1184,0.539736);
#1186=LINE('',#330,#1185);
#1187=EDGE_CURVE('',#331,#333,#1186,.T.);
#1188=ORIENTED_EDGE('',*,*,#1187,.T.);
#1189=DIRECTION('',(0.595708,0.803201,0));
#1190=VECTOR('',#1189,0.539749);
#1191=LINE('',#332,#1190);
#1192=EDGE_CURVE('',#333,#335,#1191,.T.);
#1193=ORIENTED_EDGE('',*,*,#1192,.T.);
#1194=DIRECTION('',(0.514116,0.857721,0));
#1195=VECTOR('',#1194,0.356334);
#1196=LINE('',#334,#1195);
#1197=EDGE_CURVE('',#335,#337,#1196,.T.);
#1198=ORIENTED_EDGE('',*,*,#1197,.T.);
#1199=DIRECTION('',(1,0,0));
#1200=VECTOR('',#1199,8.243713);
#1201=LINE('',#336,#1200);
#1202=EDGE_CURVE('',#337,#419,#1201,.T.);
#1203=ORIENTED_EDGE('',*,*,#1202,.T.);
#1204=DIRECTION('',(0,1,0));
#1205=VECTOR('',#1204,5.5);
#1206=LINE('',#418,#1205);
#1207=EDGE_CURVE('',#419,#427,#1206,.T.);
#1208=ORIENTED_EDGE('',*,*,#1207,.T.);
#1209=DIRECTION('',(1,0,0));
#1210=VECTOR('',#1209,5.888367);
#1211=LINE('',#416,#1210);
#1212=EDGE_CURVE('',#417,#427,#1211,.T.);
#1213=ORIENTED_EDGE('',*,*,#1212,.F.);
#1214=DIRECTION('',(1,0,0));
#1215=VECTOR('',#1214,2.355347);
#1216=LINE('',#384,#1215);
#1217=EDGE_CURVE('',#385,#417,#1216,.T.);
#1218=ORIENTED_EDGE('',*,*,#1217,.F.);
#1219=DIRECTION('',(-0.514116,0.857721,0));
#1220=VECTOR('',#1219,0.356334);
#1221=LINE('',#384,#1220);
#1222=EDGE_CURVE('',#385,#389,#1221,.T.);
#1223=ORIENTED_EDGE('',*,*,#1222,.T.);
#1224=DIRECTION('',(0.595708,-0.803201,0));
#1225=VECTOR('',#1224,0.539749);
#1226=LINE('',#386,#1225);
#1227=EDGE_CURVE('',#387,#389,#1226,.T.);
#1228=ORIENTED_EDGE('',*,*,#1227,.F.);
#1229=DIRECTION('',(0.671545,-0.740964,0));
#1230=VECTOR('',#1229,0.539736);
#1231=LINE('',#382,#1230);
#1232=EDGE_CURVE('',#383,#387,#1231,.T.);
#1233=ORIENTED_EDGE('',*,*,#1232,.F.);
#1234=DIRECTION('',(-0.740958,0.671551,0));
#1235=VECTOR('',#1234,0.539751);
#1236=LINE('',#382,#1235);
#1237=EDGE_CURVE('',#383,#391,#1236,.T.);
#1238=ORIENTED_EDGE('',*,*,#1237,.T.);
#1239=DIRECTION('',(0.803213,-0.595692,0));
#1240=VECTOR('',#1239,0.539748);
#1241=LINE('',#380,#1240);
#1242=EDGE_CURVE('',#381,#391,#1241,.T.);
#1243=ORIENTED_EDGE('',*,*,#1242,.F.);
#1244=DIRECTION('',(0.857727,-0.514106,0));
#1245=VECTOR('',#1244,0.539743);
#1246=LINE('',#378,#1245);
#1247=EDGE_CURVE('',#379,#381,#1246,.T.);
#1248=ORIENTED_EDGE('',*,*,#1247,.F.);
#1249=DIRECTION('',(0.903987,-0.42756,0));
#1250=VECTOR('',#1249,0.539737);
#1251=LINE('',#376,#1250);
#1252=EDGE_CURVE('',#377,#379,#1251,.T.);
#1253=ORIENTED_EDGE('',*,*,#1252,.F.);
#1254=DIRECTION('',(0.941547,-0.336882,0));
#1255=VECTOR('',#1254,0.53976);
#1256=LINE('',#374,#1255);
#1257=EDGE_CURVE('',#375,#377,#1256,.T.);
#1258=ORIENTED_EDGE('',*,*,#1257,.F.);
#1259=DIRECTION('',(0.97003,-0.242985,0));
#1260=VECTOR('',#1259,0.539735);
#1261=LINE('',#372,#1260);
#1262=EDGE_CURVE('',#373,#375,#1261,.T.);
#1263=ORIENTED_EDGE('',*,*,#1262,.F.);
#1264=DIRECTION('',(0.989177,-0.14673,0));
#1265=VECTOR('',#1264,0.539747);
#1266=LINE('',#370,#1265);
#1267=EDGE_CURVE('',#371,#373,#1266,.T.);
#1268=ORIENTED_EDGE('',*,*,#1267,.F.);
#1269=DIRECTION('',(0.998795,-0.049067,0));
#1270=VECTOR('',#1269,0.539743);
#1271=LINE('',#368,#1270);
#1272=EDGE_CURVE('',#369,#371,#1271,.T.);
#1273=ORIENTED_EDGE('',*,*,#1272,.F.);
#1274=DIRECTION('',(0.998795,0.049067,0));
#1275=VECTOR('',#1274,0.539743);
#1276=LINE('',#366,#1275);
#1277=EDGE_CURVE('',#367,#369,#1276,.T.);
#1278=ORIENTED_EDGE('',*,*,#1277,.F.);
#1279=DIRECTION('',(0.989177,0.14673,0));
#1280=VECTOR('',#1279,0.539747);
#1281=LINE('',#364,#1280);
#1282=EDGE_CURVE('',#365,#367,#1281,.T.);
#1283=ORIENTED_EDGE('',*,*,#1282,.F.);
#1284=DIRECTION('',(0.97003,0.242985,0));
#1285=VECTOR('',#1284,0.539735);
#1286=LINE('',#362,#1285);
#1287=EDGE_CURVE('',#363,#365,#1286,.T.);
#1288=ORIENTED_EDGE('',*,*,#1287,.F.);
#1289=DIRECTION('',(0.941547,0.336882,0));
#1290=VECTOR('',#1289,0.53976);
#1291=LINE('',#306,#1290);
#1292=EDGE_CURVE('',#307,#363,#1291,.T.);
#1293=ORIENTED_EDGE('',*,*,#1292,.F.);
#1294=DIRECTION('',(0.903987,0.42756,0));
#1295=VECTOR('',#1294,0.539737);
#1296=LINE('',#304,#1295);
#1297=EDGE_CURVE('',#305,#307,#1296,.T.);
#1298=ORIENTED_EDGE('',*,*,#1297,.F.);
#1299=DIRECTION('',(0.857727,0.514106,0));
#1300=VECTOR('',#1299,0.539743);
#1301=LINE('',#302,#1300);
#1302=EDGE_CURVE('',#303,#305,#1301,.T.);
#1303=ORIENTED_EDGE('',*,*,#1302,.F.);
#1304=DIRECTION('',(0.803213,0.595692,0));
#1305=VECTOR('',#1304,0.539748);
#1306=LINE('',#300,#1305);
#1307=EDGE_CURVE('',#301,#303,#1306,.T.);
#1308=ORIENTED_EDGE('',*,*,#1307,.F.);
#1309=DIRECTION('',(0.740958,0.671551,0));
#1310=VECTOR('',#1309,0.539751);
#1311=LINE('',#298,#1310);
#1312=EDGE_CURVE('',#299,#301,#1311,.T.);
#1313=ORIENTED_EDGE('',*,*,#1312,.F.);
#1314=DIRECTION('',(0.671545,0.740964,0));
#1315=VECTOR('',#1314,0.539736);
#1316=LINE('',#296,#1315);
#1317=EDGE_CURVE('',#297,#299,#1316,.T.);
#1318=ORIENTED_EDGE('',*,*,#1317,.F.);
#1319=DIRECTION('',(0.595708,0.803201,0));
#1320=VECTOR('',#1319,0.539749);
#1321=LINE('',#294,#1320);
#1322=EDGE_CURVE('',#295,#297,#1321,.T.);
#1323=ORIENTED_EDGE('',*,*,#1322,.F.);
#1324=DIRECTION('',(0.514078,0.857743,0));
#1325=VECTOR('',#1324,0.539734);
#1326=LINE('',#292,#1325);
#1327=EDGE_CURVE('',#293,#295,#1326,.T.);
#1328=ORIENTED_EDGE('',*,*,#1327,.F.);
#1329=DIRECTION('',(0.427561,0.903987,0));
#1330=VECTOR('',#1329,0.539745);
#1331=LINE('',#290,#1330);
#1332=EDGE_CURVE('',#291,#293,#1331,.T.);
#1333=ORIENTED_EDGE('',*,*,#1332,.F.);
#1334=DIRECTION('',(0.336922,0.941533,0));
#1335=VECTOR('',#1334,0.539752);
#1336=LINE('',#288,#1335);
#1337=EDGE_CURVE('',#289,#291,#1336,.T.);
#1338=ORIENTED_EDGE('',*,*,#1337,.F.);
#1339=DIRECTION('',(0.242957,0.970037,0));
#1340=VECTOR('',#1339,0.539741);
#1341=LINE('',#286,#1340);
#1342=EDGE_CURVE('',#287,#289,#1341,.T.);
#1343=ORIENTED_EDGE('',*,*,#1342,.F.);
#1344=DIRECTION('',(0.146724,0.989177,0));
#1345=VECTOR('',#1344,0.539743);
#1346=LINE('',#284,#1345);
#1347=EDGE_CURVE('',#285,#287,#1346,.T.);
#1348=ORIENTED_EDGE('',*,*,#1347,.F.);
#1349=DIRECTION('',(0.049077,0.998795,0));
#1350=VECTOR('',#1349,0.539745);
#1351=LINE('',#282,#1350);
#1352=EDGE_CURVE('',#283,#285,#1351,.T.);
#1353=ORIENTED_EDGE('',*,*,#1352,.F.);
#1354=DIRECTION('',(-0.049077,0.998795,0));
#1355=VECTOR('',#1354,0.539745);
#1356=LINE('',#280,#1355);
#1357=EDGE_CURVE('',#281,#283,#1356,.T.);
#1358=ORIENTED_EDGE('',*,*,#1357,.F.);
#1359=EDGE_LOOP('',(#1073,#1078,#1083,#1088,#1093,#1098,#1103,#1108,#1113,#1118,#1123,#1128,#1133,#1138,#1143,#1148,#1153,#1158,#1163,#1168,#1173,#1178,#1183,#1188,#1193,#1198,#1203,#1208,#1213,#1218,#1223,#1228,#1233,#1238,#1243,#1248,#1253,#1258,#1263,#1268,#1273,#1278,#1283,#1288,#1293,#1298,#1303,#1308,#1313,#1318,#1323,#1328,#1333,#1338,#1343,#1348,#1353,#1358));
#1360=FACE_BOUND('',#1359,.T.);
#1361=ADVANCED_FACE('',(#781,#1068,#1360),#759,.T.);
#1362=DIRECTION('',(-1,0,0));
#1363=DIRECTION('',(0,-0,1));
#1364=AXIS2_PLACEMENT_3D('',#14,#1362,#1363);
#1365=PLANE('',#1364);
#1366=DIRECTION('',(0,0,1));
#1367=VECTOR('',#1366,6);
#1368=LINE('',#14,#1367);
#1369=EDGE_CURVE('',#15,#17,#1368,.T.);
#1370=ORIENTED_EDGE('',*,*,#1369,.T.);
#1371=DIRECTION('',(0,1,0));
#1372=VECTOR('',#1371,64);
#1373=LINE('',#16,#1372);
#1374=EDGE_CURVE('',#17,#133,#1373,.T.);
#1375=ORIENTED_EDGE('',*,*,#1374,.T.);
#1376=DIRECTION('',(0,0,1));
#1377=VECTOR('',#1376,6);
#1378=LINE('',#130,#1377);
#1379=EDGE_CURVE('',#131,#133,#1378,.T.);
#1380=ORIENTED_EDGE('',*,*,#1379,.F.);
#1381=ORIENTED_EDGE('',*,*,#773,.F.);
#1382=EDGE_LOOP('',(#1370,#1375,#1380,#1381));
#1383=FACE_OUTER_BOUND('',#1382,.T.);
#1384=ADVANCED_FACE('',(#1383),#1365,.T.);
#1385=DIRECTION('',(0,-1,0));
#1386=DIRECTION('',(0,0,-1));
#1387=AXIS2_PLACEMENT_3D('',#14,#1385,#1386);
#1388=PLANE('',#1387);
#1389=ORIENTED_EDGE('',*,*,#768,.T.);
#1390=DIRECTION('',(0,0,1));
#1391=VECTOR('',#1390,6);
#1392=LINE('',#420,#1391);
#1393=EDGE_CURVE('',#421,#499,#1392,.T.);
#1394=ORIENTED_EDGE('',*,*,#1393,.T.);
#1395=DIRECTION('',(0,0,1));
#1396=VECTOR('',#1395,5.2);
#1397=LINE('',#498,#1396);
#1398=EDGE_CURVE('',#499,#507,#1397,.T.);
#1399=ORIENTED_EDGE('',*,*,#1398,.T.);
#1400=DIRECTION('',(1,0,0));
#1401=VECTOR('',#1400,35.654205);
#1402=LINE('',#44,#1401);
#1403=EDGE_CURVE('',#45,#507,#1402,.T.);
#1404=ORIENTED_EDGE('',*,*,#1403,.F.);
#1405=DIRECTION('',(0,0,1));
#1406=VECTOR('',#1405,1.349999);
#1407=LINE('',#40,#1406);
#1408=EDGE_CURVE('',#41,#45,#1407,.T.);
#1409=ORIENTED_EDGE('',*,*,#1408,.F.);
#1410=DIRECTION('',(1,0,0));
#1411=VECTOR('',#1410,0.945801);
#1412=LINE('',#38,#1411);
#1413=EDGE_CURVE('',#39,#41,#1412,.T.);
#1414=ORIENTED_EDGE('',*,*,#1413,.F.);
#1415=DIRECTION('',(0,0,1));
#1416=VECTOR('',#1415,1.050001);
#1417=LINE('',#30,#1416);
#1418=EDGE_CURVE('',#31,#39,#1417,.T.);
#1419=ORIENTED_EDGE('',*,*,#1418,.F.);
#1420=DIRECTION('',(1,0,0));
#1421=VECTOR('',#1420,0.945801);
#1422=LINE('',#30,#1421);
#1423=EDGE_CURVE('',#31,#33,#1422,.T.);
#1424=ORIENTED_EDGE('',*,*,#1423,.T.);
#1425=DIRECTION('',(0,0,1));
#1426=VECTOR('',#1425,2.799999);
#1427=LINE('',#18,#1426);
#1428=EDGE_CURVE('',#19,#33,#1427,.T.);
#1429=ORIENTED_EDGE('',*,*,#1428,.F.);
#1430=DIRECTION('',(1,0,0));
#1431=VECTOR('',#1430,20.345795);
#1432=LINE('',#16,#1431);
#1433=EDGE_CURVE('',#17,#19,#1432,.T.);
#1434=ORIENTED_EDGE('',*,*,#1433,.F.);
#1435=ORIENTED_EDGE('',*,*,#1369,.F.);
#1436=EDGE_LOOP('',(#1389,#1394,#1399,#1404,#1409,#1414,#1419,#1424,#1429,#1434,#1435));
#1437=FACE_OUTER_BOUND('',#1436,.T.);
#1438=ADVANCED_FACE('',(#1437),#1388,.T.);
#1439=DIRECTION('',(0,1,0));
#1440=DIRECTION('',(0,0,1));
#1441=AXIS2_PLACEMENT_3D('',#130,#1439,#1440);
#1442=PLANE('',#1441);
#1443=ORIENTED_EDGE('',*,*,#1379,.T.);
#1444=DIRECTION('',(1,0,0));
#1445=VECTOR('',#1444,20.345795);
#1446=LINE('',#132,#1445);
#1447=EDGE_CURVE('',#133,#199,#1446,.T.);
#1448=ORIENTED_EDGE('',*,*,#1447,.T.);
#1449=DIRECTION('',(0,0,1));
#1450=VECTOR('',#1449,2.799999);
#1451=LINE('',#198,#1450);
#1452=EDGE_CURVE('',#199,#225,#1451,.T.);
#1453=ORIENTED_EDGE('',*,*,#1452,.T.);
#1454=DIRECTION('',(1,0,0));
#1455=VECTOR('',#1454,0.945801);
#1456=LINE('',#220,#1455);
#1457=EDGE_CURVE('',#221,#225,#1456,.T.);
#1458=ORIENTED_EDGE('',*,*,#1457,.F.);
#1459=DIRECTION('',(0,0,1));
#1460=VECTOR('',#1459,1.050001);
#1461=LINE('',#220,#1460);
#1462=EDGE_CURVE('',#221,#231,#1461,.T.);
#1463=ORIENTED_EDGE('',*,*,#1462,.T.);
#1464=DIRECTION('',(1,0,0));
#1465=VECTOR('',#1464,0.945801);
#1466=LINE('',#230,#1465);
#1467=EDGE_CURVE('',#231,#235,#1466,.T.);
#1468=ORIENTED_EDGE('',*,*,#1467,.T.);
#1469=DIRECTION('',(0,0,1));
#1470=VECTOR('',#1469,1.349999);
#1471=LINE('',#234,#1470);
#1472=EDGE_CURVE('',#235,#239,#1471,.T.);
#1473=ORIENTED_EDGE('',*,*,#1472,.T.);
#1474=DIRECTION('',(1,0,0));
#1475=VECTOR('',#1474,35.654205);
#1476=LINE('',#238,#1475);
#1477=EDGE_CURVE('',#239,#755,#1476,.T.);
#1478=ORIENTED_EDGE('',*,*,#1477,.T.);
#1479=DIRECTION('',(0,0,1));
#1480=VECTOR('',#1479,5.2);
#1481=LINE('',#750,#1480);
#1482=EDGE_CURVE('',#751,#755,#1481,.T.);
#1483=ORIENTED_EDGE('',*,*,#1482,.F.);
#1484=DIRECTION('',(0,0,1));
#1485=VECTOR('',#1484,6);
#1486=LINE('',#674,#1485);
#1487=EDGE_CURVE('',#675,#751,#1486,.T.);
#1488=ORIENTED_EDGE('',*,*,#1487,.F.);
#1489=ORIENTED_EDGE('',*,*,#778,.F.);
#1490=EDGE_LOOP('',(#1443,#1448,#1453,#1458,#1463,#1468,#1473,#1478,#1483,#1488,#1489));
#1491=FACE_OUTER_BOUND('',#1490,.T.);
#1492=ADVANCED_FACE('',(#1491),#1442,.T.);
#1493=DIRECTION('',(1,0,0));
#1494=DIRECTION('',(0,0,-1));
#1495=AXIS2_PLACEMENT_3D('',#498,#1493,#1494);
#1496=PLANE('',#1495);
#1497=ORIENTED_EDGE('',*,*,#1393,.F.);
#1498=ORIENTED_EDGE('',*,*,#763,.T.);
#1499=ORIENTED_EDGE('',*,*,#1487,.T.);
#1500=ORIENTED_EDGE('',*,*,#1482,.T.);
#1501=DIRECTION('',(0,1,0));
#1502=VECTOR('',#1501,64);
#1503=LINE('',#506,#1502);
#1504=EDGE_CURVE('',#507,#755,#1503,.T.);
#1505=ORIENTED_EDGE('',*,*,#1504,.F.);
#1506=ORIENTED_EDGE('',*,*,#1398,.F.);
#1507=EDGE_LOOP('',(#1497,#1498,#1499,#1500,#1505,#1506));
#1508=FACE_OUTER_BOUND('',#1507,.T.);
#1509=ADVANCED_FACE('',(#1508),#1496,.T.);
#1510=DIRECTION('',(0,0,1));
#1511=DIRECTION('',(0,-1,0));
#1512=AXIS2_PLACEMENT_3D('',#180,#1510,#1511);
#1513=PLANE('',#1512);
#1514=DIRECTION('',(-0.01841,0.999831,0));
#1515=VECTOR('',#1514,3.499295);
#1516=LINE('',#176,#1515);
#1517=EDGE_CURVE('',#177,#181,#1516,.T.);
#1518=ORIENTED_EDGE('',*,*,#1517,.F.);
#1519=DIRECTION('',(-0.006131,0.999981,0));
#1520=VECTOR('',#1519,3.499295);
#1521=LINE('',#174,#1520);
#1522=EDGE_CURVE('',#175,#177,#1521,.T.);
#1523=ORIENTED_EDGE('',*,*,#1522,.F.);
#1524=DIRECTION('',(0.006131,0.999981,0));
#1525=VECTOR('',#1524,3.499295);
#1526=LINE('',#128,#1525);
#1527=EDGE_CURVE('',#129,#175,#1526,.T.);
#1528=ORIENTED_EDGE('',*,*,#1527,.F.);
#1529=DIRECTION('',(0.01841,0.999831,0));
#1530=VECTOR('',#1529,3.499295);
#1531=LINE('',#124,#1530);
#1532=EDGE_CURVE('',#125,#129,#1531,.T.);
#1533=ORIENTED_EDGE('',*,*,#1532,.F.);
#1534=DIRECTION('',(0.030672,0.99953,0));
#1535=VECTOR('',#1534,3.499295);
#1536=LINE('',#116,#1535);
#1537=EDGE_CURVE('',#117,#125,#1536,.T.);
#1538=ORIENTED_EDGE('',*,*,#1537,.F.);
#1539=DIRECTION('',(0.042943,0.999078,0));
#1540=VECTOR('',#1539,3.499296);
#1541=LINE('',#112,#1540);
#1542=EDGE_CURVE('',#113,#117,#1541,.T.);
#1543=ORIENTED_EDGE('',*,*,#1542,.F.);
#1544=DIRECTION('',(0.055196,0.998476,0));
#1545=VECTOR('',#1544,3.499294);
#1546=LINE('',#80,#1545);
#1547=EDGE_CURVE('',#81,#113,#1546,.T.);
#1548=ORIENTED_EDGE('',*,*,#1547,.F.);
#1549=DIRECTION('',(0.06744,0.997723,0));
#1550=VECTOR('',#1549,3.499294);
#1551=LINE('',#76,#1550);
#1552=EDGE_CURVE('',#77,#81,#1551,.T.);
#1553=ORIENTED_EDGE('',*,*,#1552,.F.);
#1554=DIRECTION('',(0.079684,0.99682,0));
#1555=VECTOR('',#1554,3.499296);
#1556=LINE('',#68,#1555);
#1557=EDGE_CURVE('',#69,#77,#1556,.T.);
#1558=ORIENTED_EDGE('',*,*,#1557,.F.);
#1559=DIRECTION('',(0.091911,0.995767,0));
#1560=VECTOR('',#1559,3.499296);
#1561=LINE('',#50,#1560);
#1562=EDGE_CURVE('',#51,#69,#1561,.T.);
#1563=ORIENTED_EDGE('',*,*,#1562,.F.);
#1564=DIRECTION('',(0.104121,0.994565,0));
#1565=VECTOR('',#1564,3.499296);
#1566=LINE('',#46,#1565);
#1567=EDGE_CURVE('',#47,#51,#1566,.T.);
#1568=ORIENTED_EDGE('',*,*,#1567,.F.);
#1569=DIRECTION('',(0.116321,0.993212,0));
#1570=VECTOR('',#1569,0.574034);
#1571=LINE('',#44,#1570);
#1572=EDGE_CURVE('',#45,#47,#1571,.T.);
#1573=ORIENTED_EDGE('',*,*,#1572,.F.);
#1574=ORIENTED_EDGE('',*,*,#1403,.T.);
#1575=ORIENTED_EDGE('',*,*,#1504,.T.);
#1576=ORIENTED_EDGE('',*,*,#1477,.F.);
#1577=DIRECTION('',(-0.116321,0.993212,0));
#1578=VECTOR('',#1577,0.574034);
#1579=LINE('',#236,#1578);
#1580=EDGE_CURVE('',#237,#239,#1579,.T.);
#1581=ORIENTED_EDGE('',*,*,#1580,.F.);
#1582=DIRECTION('',(-0.104121,0.994565,0));
#1583=VECTOR('',#1582,3.499296);
#1584=LINE('',#228,#1583);
#1585=EDGE_CURVE('',#229,#237,#1584,.T.);
#1586=ORIENTED_EDGE('',*,*,#1585,.F.);
#1587=DIRECTION('',(0.091911,-0.995767,0));
#1588=VECTOR('',#1587,3.499296);
#1589=LINE('',#228,#1588);
#1590=EDGE_CURVE('',#229,#257,#1589,.T.);
#1591=ORIENTED_EDGE('',*,*,#1590,.T.);
#1592=DIRECTION('',(-0.079684,0.99682,0));
#1593=VECTOR('',#1592,3.499296);
#1594=LINE('',#250,#1593);
#1595=EDGE_CURVE('',#251,#257,#1594,.T.);
#1596=ORIENTED_EDGE('',*,*,#1595,.F.);
#1597=DIRECTION('',(-0.06744,0.997723,0));
#1598=VECTOR('',#1597,3.499294);
#1599=LINE('',#246,#1598);
#1600=EDGE_CURVE('',#247,#251,#1599,.T.);
#1601=ORIENTED_EDGE('',*,*,#1600,.F.);
#1602=DIRECTION('',(-0.055196,0.998476,0));
#1603=VECTOR('',#1602,3.499294);
#1604=LINE('',#192,#1603);
#1605=EDGE_CURVE('',#193,#247,#1604,.T.);
#1606=ORIENTED_EDGE('',*,*,#1605,.F.);
#1607=DIRECTION('',(-0.042943,0.999078,0));
#1608=VECTOR('',#1607,3.499296);
#1609=LINE('',#188,#1608);
#1610=EDGE_CURVE('',#189,#193,#1609,.T.);
#1611=ORIENTED_EDGE('',*,*,#1610,.F.);
#1612=DIRECTION('',(-0.030672,0.99953,0));
#1613=VECTOR('',#1612,3.499295);
#1614=LINE('',#180,#1613);
#1615=EDGE_CURVE('',#181,#189,#1614,.T.);
#1616=ORIENTED_EDGE('',*,*,#1615,.F.);
#1617=EDGE_LOOP('',(#1518,#1523,#1528,#1533,#1538,#1543,#1548,#1553,#1558,#1563,#1568,#1573,#1574,#1575,#1576,#1581,#1586,#1591,#1596,#1601,#1606,#1611,#1616));
#1618=FACE_OUTER_BOUND('',#1617,.T.);
#1619=ADVANCED_FACE('',(#1618),#1513,.T.);
#1620=DIRECTION('',(0,0,1));
#1621=DIRECTION('',(0,-1,0));
#1622=AXIS2_PLACEMENT_3D('',#194,#1620,#1621);
#1623=PLANE('',#1622);
#1624=DIRECTION('',(-0.104121,0.994565,0));
#1625=VECTOR('',#1624,3.499296);
#1626=LINE('',#194,#1625);
#1627=EDGE_CURVE('',#195,#197,#1626,.T.);
#1628=ORIENTED_EDGE('',*,*,#1627,.T.);
#1629=DIRECTION('',(-0.116321,0.993212,0));
#1630=VECTOR('',#1629,0.574034);
#1631=LINE('',#196,#1630);
#1632=EDGE_CURVE('',#197,#199,#1631,.T.);
#1633=ORIENTED_EDGE('',*,*,#1632,.T.);
#1634=ORIENTED_EDGE('',*,*,#1447,.F.);
#1635=ORIENTED_EDGE('',*,*,#1374,.F.);
#1636=ORIENTED_EDGE('',*,*,#1433,.T.);
#1637=DIRECTION('',(0.116321,0.993212,0));
#1638=VECTOR('',#1637,0.574034);
#1639=LINE('',#18,#1638);
#1640=EDGE_CURVE('',#19,#21,#1639,.T.);
#1641=ORIENTED_EDGE('',*,*,#1640,.T.);
#1642=DIRECTION('',(0.104121,0.994565,0));
#1643=VECTOR('',#1642,3.499296);
#1644=LINE('',#20,#1643);
#1645=EDGE_CURVE('',#21,#23,#1644,.T.);
#1646=ORIENTED_EDGE('',*,*,#1645,.T.);
#1647=DIRECTION('',(0.091911,0.995767,0));
#1648=VECTOR('',#1647,3.499296);
#1649=LINE('',#22,#1648);
#1650=EDGE_CURVE('',#23,#25,#1649,.T.);
#1651=ORIENTED_EDGE('',*,*,#1650,.T.);
#1652=DIRECTION('',(0.079684,0.99682,0));
#1653=VECTOR('',#1652,3.499296);
#1654=LINE('',#24,#1653);
#1655=EDGE_CURVE('',#25,#27,#1654,.T.);
#1656=ORIENTED_EDGE('',*,*,#1655,.T.);
#1657=DIRECTION('',(0.06744,0.997723,0));
#1658=VECTOR('',#1657,3.499294);
#1659=LINE('',#26,#1658);
#1660=EDGE_CURVE('',#27,#29,#1659,.T.);
#1661=ORIENTED_EDGE('',*,*,#1660,.T.);
#1662=DIRECTION('',(0.055196,0.998476,0));
#1663=VECTOR('',#1662,3.499294);
#1664=LINE('',#28,#1663);
#1665=EDGE_CURVE('',#29,#83,#1664,.T.);
#1666=ORIENTED_EDGE('',*,*,#1665,.T.);
#1667=DIRECTION('',(0.042943,0.999078,0));
#1668=VECTOR('',#1667,3.499296);
#1669=LINE('',#82,#1668);
#1670=EDGE_CURVE('',#83,#85,#1669,.T.);
#1671=ORIENTED_EDGE('',*,*,#1670,.T.);
#1672=DIRECTION('',(0.030672,0.99953,0));
#1673=VECTOR('',#1672,3.499295);
#1674=LINE('',#84,#1673);
#1675=EDGE_CURVE('',#85,#87,#1674,.T.);
#1676=ORIENTED_EDGE('',*,*,#1675,.T.);
#1677=DIRECTION('',(0.01841,0.999831,0));
#1678=VECTOR('',#1677,3.499295);
#1679=LINE('',#86,#1678);
#1680=EDGE_CURVE('',#87,#89,#1679,.T.);
#1681=ORIENTED_EDGE('',*,*,#1680,.T.);
#1682=DIRECTION('',(0.006131,0.999981,0));
#1683=VECTOR('',#1682,3.499295);
#1684=LINE('',#88,#1683);
#1685=EDGE_CURVE('',#89,#135,#1684,.T.);
#1686=ORIENTED_EDGE('',*,*,#1685,.T.);
#1687=DIRECTION('',(-0.006131,0.999981,0));
#1688=VECTOR('',#1687,3.499295);
#1689=LINE('',#134,#1688);
#1690=EDGE_CURVE('',#135,#137,#1689,.T.);
#1691=ORIENTED_EDGE('',*,*,#1690,.T.);
#1692=DIRECTION('',(-0.01841,0.999831,0));
#1693=VECTOR('',#1692,3.499295);
#1694=LINE('',#136,#1693);
#1695=EDGE_CURVE('',#137,#139,#1694,.T.);
#1696=ORIENTED_EDGE('',*,*,#1695,.T.);
#1697=DIRECTION('',(-0.030672,0.99953,0));
#1698=VECTOR('',#1697,3.499295);
#1699=LINE('',#138,#1698);
#1700=EDGE_CURVE('',#139,#141,#1699,.T.);
#1701=ORIENTED_EDGE('',*,*,#1700,.T.);
#1702=DIRECTION('',(-0.042943,0.999078,0));
#1703=VECTOR('',#1702,3.499296);
#1704=LINE('',#140,#1703);
#1705=EDGE_CURVE('',#141,#143,#1704,.T.);
#1706=ORIENTED_EDGE('',*,*,#1705,.T.);
#1707=DIRECTION('',(-0.055196,0.998476,0));
#1708=VECTOR('',#1707,3.499294);
#1709=LINE('',#142,#1708);
#1710=EDGE_CURVE('',#143,#201,#1709,.T.);
#1711=ORIENTED_EDGE('',*,*,#1710,.T.);
#1712=DIRECTION('',(-0.06744,0.997723,0));
#1713=VECTOR('',#1712,3.499294);
#1714=LINE('',#200,#1713);
#1715=EDGE_CURVE('',#201,#203,#1714,.T.);
#1716=ORIENTED_EDGE('',*,*,#1715,.T.);
#1717=DIRECTION('',(-0.079684,0.99682,0));
#1718=VECTOR('',#1717,3.499296);
#1719=LINE('',#202,#1718);
#1720=EDGE_CURVE('',#203,#205,#1719,.T.);
#1721=ORIENTED_EDGE('',*,*,#1720,.T.);
#1722=DIRECTION('',(0.091911,-0.995767,0));
#1723=VECTOR('',#1722,3.499296);
#1724=LINE('',#194,#1723);
#1725=EDGE_CURVE('',#195,#205,#1724,.T.);
#1726=ORIENTED_EDGE('',*,*,#1725,.F.);
#1727=EDGE_LOOP('',(#1628,#1633,#1634,#1635,#1636,#1641,#1646,#1651,#1656,#1661,#1666,#1671,#1676,#1681,#1686,#1691,#1696,#1701,#1706,#1711,#1716,#1721,#1726));
#1728=FACE_OUTER_BOUND('',#1727,.T.);
#1729=ADVANCED_FACE('',(#1728),#1623,.T.);
#1730=DIRECTION('',(-0.993212,0.116321,0));
#1731=DIRECTION('',(0,-0,1));
#1732=AXIS2_PLACEMENT_3D('',#32,#1730,#1731);
#1733=PLANE('',#1732);
#1734=DIRECTION('',(0.116321,0.993212,0));
#1735=VECTOR('',#1734,0.574034);
#1736=LINE('',#32,#1735);
#1737=EDGE_CURVE('',#33,#35,#1736,.T.);
#1738=ORIENTED_EDGE('',*,*,#1737,.T.);
#1739=DIRECTION('',(0,0,1));
#1740=VECTOR('',#1739,2.799999);
#1741=LINE('',#20,#1740);
#1742=EDGE_CURVE('',#21,#35,#1741,.T.);
#1743=ORIENTED_EDGE('',*,*,#1742,.F.);
#1744=ORIENTED_EDGE('',*,*,#1640,.F.);
#1745=ORIENTED_EDGE('',*,*,#1428,.T.);
#1746=EDGE_LOOP('',(#1738,#1743,#1744,#1745));
#1747=FACE_OUTER_BOUND('',#1746,.T.);
#1748=ADVANCED_FACE('',(#1747),#1733,.T.);
#1749=DIRECTION('',(-0.993212,0.116321,0));
#1750=DIRECTION('',(0,-0,1));
#1751=AXIS2_PLACEMENT_3D('',#46,#1749,#1750);
#1752=PLANE('',#1751);
#1753=DIRECTION('',(0,0,1));
#1754=VECTOR('',#1753,1.349999);
#1755=LINE('',#42,#1754);
#1756=EDGE_CURVE('',#43,#47,#1755,.T.);
#1757=ORIENTED_EDGE('',*,*,#1756,.F.);
#1758=DIRECTION('',(0.116321,0.993212,0));
#1759=VECTOR('',#1758,0.574034);
#1760=LINE('',#40,#1759);
#1761=EDGE_CURVE('',#41,#43,#1760,.T.);
#1762=ORIENTED_EDGE('',*,*,#1761,.F.);
#1763=ORIENTED_EDGE('',*,*,#1408,.T.);
#1764=ORIENTED_EDGE('',*,*,#1572,.T.);
#1765=EDGE_LOOP('',(#1757,#1762,#1763,#1764));
#1766=FACE_OUTER_BOUND('',#1765,.T.);
#1767=ADVANCED_FACE('',(#1766),#1752,.T.);
#1768=DIRECTION('',(-0.994565,0.104121,0));
#1769=DIRECTION('',(0,-0,1));
#1770=AXIS2_PLACEMENT_3D('',#34,#1768,#1769);
#1771=PLANE('',#1770);
#1772=DIRECTION('',(0.104121,0.994565,0));
#1773=VECTOR('',#1772,3.499296);
#1774=LINE('',#34,#1773);
#1775=EDGE_CURVE('',#35,#37,#1774,.T.);
#1776=ORIENTED_EDGE('',*,*,#1775,.T.);
#1777=DIRECTION('',(0,0,1));
#1778=VECTOR('',#1777,2.799999);
#1779=LINE('',#22,#1778);
#1780=EDGE_CURVE('',#23,#37,#1779,.T.);
#1781=ORIENTED_EDGE('',*,*,#1780,.F.);
#1782=ORIENTED_EDGE('',*,*,#1645,.F.);
#1783=ORIENTED_EDGE('',*,*,#1742,.T.);
#1784=EDGE_LOOP('',(#1776,#1781,#1782,#1783));
#1785=FACE_OUTER_BOUND('',#1784,.T.);
#1786=ADVANCED_FACE('',(#1785),#1771,.T.);
#1787=DIRECTION('',(-0.994565,0.104121,0));
#1788=DIRECTION('',(0,-0,1));
#1789=AXIS2_PLACEMENT_3D('',#50,#1787,#1788);
#1790=PLANE('',#1789);
#1791=DIRECTION('',(0,0,1));
#1792=VECTOR('',#1791,1.349999);
#1793=LINE('',#48,#1792);
#1794=EDGE_CURVE('',#49,#51,#1793,.T.);
#1795=ORIENTED_EDGE('',*,*,#1794,.F.);
#1796=DIRECTION('',(0.104121,0.994565,0));
#1797=VECTOR('',#1796,3.499296);
#1798=LINE('',#42,#1797);
#1799=EDGE_CURVE('',#43,#49,#1798,.T.);
#1800=ORIENTED_EDGE('',*,*,#1799,.F.);
#1801=ORIENTED_EDGE('',*,*,#1756,.T.);
#1802=ORIENTED_EDGE('',*,*,#1567,.T.);
#1803=EDGE_LOOP('',(#1795,#1800,#1801,#1802));
#1804=FACE_OUTER_BOUND('',#1803,.T.);
#1805=ADVANCED_FACE('',(#1804),#1790,.T.);
#1806=DIRECTION('',(-0.995767,0.091911,0));
#1807=DIRECTION('',(0,-0,1));
#1808=AXIS2_PLACEMENT_3D('',#24,#1806,#1807);
#1809=PLANE('',#1808);
#1810=ORIENTED_EDGE('',*,*,#1650,.F.);
#1811=ORIENTED_EDGE('',*,*,#1780,.T.);
#1812=DIRECTION('',(0.091911,0.995767,0));
#1813=VECTOR('',#1812,3.499296);
#1814=LINE('',#36,#1813);
#1815=EDGE_CURVE('',#37,#65,#1814,.T.);
#1816=ORIENTED_EDGE('',*,*,#1815,.T.);
#1817=DIRECTION('',(0,0,1));
#1818=VECTOR('',#1817,2.799999);
#1819=LINE('',#24,#1818);
#1820=EDGE_CURVE('',#25,#65,#1819,.T.);
#1821=ORIENTED_EDGE('',*,*,#1820,.F.);
#1822=EDGE_LOOP('',(#1810,#1811,#1816,#1821));
#1823=FACE_OUTER_BOUND('',#1822,.T.);
#1824=ADVANCED_FACE('',(#1823),#1809,.T.);
#1825=DIRECTION('',(-0.995767,0.091911,0));
#1826=DIRECTION('',(0,-0,1));
#1827=AXIS2_PLACEMENT_3D('',#50,#1825,#1826);
#1828=PLANE('',#1827);
#1829=ORIENTED_EDGE('',*,*,#1562,.T.);
#1830=DIRECTION('',(0,0,1));
#1831=VECTOR('',#1830,1.349999);
#1832=LINE('',#66,#1831);
#1833=EDGE_CURVE('',#67,#69,#1832,.T.);
#1834=ORIENTED_EDGE('',*,*,#1833,.F.);
#1835=DIRECTION('',(0.091911,0.995767,0));
#1836=VECTOR('',#1835,3.499296);
#1837=LINE('',#48,#1836);
#1838=EDGE_CURVE('',#49,#67,#1837,.T.);
#1839=ORIENTED_EDGE('',*,*,#1838,.F.);
#1840=ORIENTED_EDGE('',*,*,#1794,.T.);
#1841=EDGE_LOOP('',(#1829,#1834,#1839,#1840));
#1842=FACE_OUTER_BOUND('',#1841,.T.);
#1843=ADVANCED_FACE('',(#1842),#1828,.T.);
#1844=DIRECTION('',(-0.99682,0.079684,0));
#1845=DIRECTION('',(0,-0,1));
#1846=AXIS2_PLACEMENT_3D('',#24,#1844,#1845);
#1847=PLANE('',#1846);
#1848=ORIENTED_EDGE('',*,*,#1820,.T.);
#1849=DIRECTION('',(0.079684,0.99682,0));
#1850=VECTOR('',#1849,3.499296);
#1851=LINE('',#64,#1850);
#1852=EDGE_CURVE('',#65,#71,#1851,.T.);
#1853=ORIENTED_EDGE('',*,*,#1852,.T.);
#1854=DIRECTION('',(0,0,1));
#1855=VECTOR('',#1854,2.799999);
#1856=LINE('',#26,#1855);
#1857=EDGE_CURVE('',#27,#71,#1856,.T.);
#1858=ORIENTED_EDGE('',*,*,#1857,.F.);
#1859=ORIENTED_EDGE('',*,*,#1655,.F.);
#1860=EDGE_LOOP('',(#1848,#1853,#1858,#1859));
#1861=FACE_OUTER_BOUND('',#1860,.T.);
#1862=ADVANCED_FACE('',(#1861),#1847,.T.);
#1863=DIRECTION('',(-0.99682,0.079684,0));
#1864=DIRECTION('',(0,-0,1));
#1865=AXIS2_PLACEMENT_3D('',#68,#1863,#1864);
#1866=PLANE('',#1865);
#1867=ORIENTED_EDGE('',*,*,#1557,.T.);
#1868=DIRECTION('',(0,0,1));
#1869=VECTOR('',#1868,1.349999);
#1870=LINE('',#74,#1869);
#1871=EDGE_CURVE('',#75,#77,#1870,.T.);
#1872=ORIENTED_EDGE('',*,*,#1871,.F.);
#1873=DIRECTION('',(0.079684,0.99682,0));
#1874=VECTOR('',#1873,3.499296);
#1875=LINE('',#66,#1874);
#1876=EDGE_CURVE('',#67,#75,#1875,.T.);
#1877=ORIENTED_EDGE('',*,*,#1876,.F.);
#1878=ORIENTED_EDGE('',*,*,#1833,.T.);
#1879=EDGE_LOOP('',(#1867,#1872,#1877,#1878));
#1880=FACE_OUTER_BOUND('',#1879,.T.);
#1881=ADVANCED_FACE('',(#1880),#1866,.T.);
#1882=DIRECTION('',(-0.997723,0.06744,0));
#1883=DIRECTION('',(0,-0,1));
#1884=AXIS2_PLACEMENT_3D('',#72,#1882,#1883);
#1885=PLANE('',#1884);
#1886=DIRECTION('',(0,0,1));
#1887=VECTOR('',#1886,2.799999);
#1888=LINE('',#28,#1887);
#1889=EDGE_CURVE('',#29,#73,#1888,.T.);
#1890=ORIENTED_EDGE('',*,*,#1889,.F.);
#1891=ORIENTED_EDGE('',*,*,#1660,.F.);
#1892=ORIENTED_EDGE('',*,*,#1857,.T.);
#1893=DIRECTION('',(0.06744,0.997723,0));
#1894=VECTOR('',#1893,3.499294);
#1895=LINE('',#70,#1894);
#1896=EDGE_CURVE('',#71,#73,#1895,.T.);
#1897=ORIENTED_EDGE('',*,*,#1896,.T.);
#1898=EDGE_LOOP('',(#1890,#1891,#1892,#1897));
#1899=FACE_OUTER_BOUND('',#1898,.T.);
#1900=ADVANCED_FACE('',(#1899),#1885,.T.);
#1901=DIRECTION('',(-0.997723,0.06744,0));
#1902=DIRECTION('',(0,-0,1));
#1903=AXIS2_PLACEMENT_3D('',#78,#1901,#1902);
#1904=PLANE('',#1903);
#1905=DIRECTION('',(0.06744,0.997723,0));
#1906=VECTOR('',#1905,3.499294);
#1907=LINE('',#74,#1906);
#1908=EDGE_CURVE('',#75,#79,#1907,.T.);
#1909=ORIENTED_EDGE('',*,*,#1908,.F.);
#1910=ORIENTED_EDGE('',*,*,#1871,.T.);
#1911=ORIENTED_EDGE('',*,*,#1552,.T.);
#1912=DIRECTION('',(0,0,1));
#1913=VECTOR('',#1912,1.349999);
#1914=LINE('',#78,#1913);
#1915=EDGE_CURVE('',#79,#81,#1914,.T.);
#1916=ORIENTED_EDGE('',*,*,#1915,.F.);
#1917=EDGE_LOOP('',(#1909,#1910,#1911,#1916));
#1918=FACE_OUTER_BOUND('',#1917,.T.);
#1919=ADVANCED_FACE('',(#1918),#1904,.T.);
#1920=DIRECTION('',(-0.998476,0.055196,0));
#1921=DIRECTION('',(0,-0,1));
#1922=AXIS2_PLACEMENT_3D('',#72,#1920,#1921);
#1923=PLANE('',#1922);
#1924=DIRECTION('',(0.055196,0.998476,0));
#1925=VECTOR('',#1924,3.499294);
#1926=LINE('',#72,#1925);
#1927=EDGE_CURVE('',#73,#107,#1926,.T.);
#1928=ORIENTED_EDGE('',*,*,#1927,.T.);
#1929=DIRECTION('',(0,0,1));
#1930=VECTOR('',#1929,2.799999);
#1931=LINE('',#82,#1930);
#1932=EDGE_CURVE('',#83,#107,#1931,.T.);
#1933=ORIENTED_EDGE('',*,*,#1932,.F.);
#1934=ORIENTED_EDGE('',*,*,#1665,.F.);
#1935=ORIENTED_EDGE('',*,*,#1889,.T.);
#1936=EDGE_LOOP('',(#1928,#1933,#1934,#1935));
#1937=FACE_OUTER_BOUND('',#1936,.T.);
#1938=ADVANCED_FACE('',(#1937),#1923,.T.);
#1939=DIRECTION('',(-0.998476,0.055196,0));
#1940=DIRECTION('',(0,-0,1));
#1941=AXIS2_PLACEMENT_3D('',#78,#1939,#1940);
#1942=PLANE('',#1941);
#1943=ORIENTED_EDGE('',*,*,#1915,.T.);
#1944=ORIENTED_EDGE('',*,*,#1547,.T.);
#1945=DIRECTION('',(0,0,1));
#1946=VECTOR('',#1945,1.349999);
#1947=LINE('',#110,#1946);
#1948=EDGE_CURVE('',#111,#113,#1947,.T.);
#1949=ORIENTED_EDGE('',*,*,#1948,.F.);
#1950=DIRECTION('',(0.055196,0.998476,0));
#1951=VECTOR('',#1950,3.499294);
#1952=LINE('',#78,#1951);
#1953=EDGE_CURVE('',#79,#111,#1952,.T.);
#1954=ORIENTED_EDGE('',*,*,#1953,.F.);
#1955=EDGE_LOOP('',(#1943,#1944,#1949,#1954));
#1956=FACE_OUTER_BOUND('',#1955,.T.);
#1957=ADVANCED_FACE('',(#1956),#1942,.T.);
#1958=DIRECTION('',(-0.999078,0.042943,0));
#1959=DIRECTION('',(0,-0,1));
#1960=AXIS2_PLACEMENT_3D('',#82,#1958,#1959);
#1961=PLANE('',#1960);
#1962=ORIENTED_EDGE('',*,*,#1932,.T.);
#1963=DIRECTION('',(0.042943,0.999078,0));
#1964=VECTOR('',#1963,3.499296);
#1965=LINE('',#106,#1964);
#1966=EDGE_CURVE('',#107,#109,#1965,.T.);
#1967=ORIENTED_EDGE('',*,*,#1966,.T.);
#1968=DIRECTION('',(0,0,1));
#1969=VECTOR('',#1968,2.799999);
#1970=LINE('',#84,#1969);
#1971=EDGE_CURVE('',#85,#109,#1970,.T.);
#1972=ORIENTED_EDGE('',*,*,#1971,.F.);
#1973=ORIENTED_EDGE('',*,*,#1670,.F.);
#1974=EDGE_LOOP('',(#1962,#1967,#1972,#1973));
#1975=FACE_OUTER_BOUND('',#1974,.T.);
#1976=ADVANCED_FACE('',(#1975),#1961,.T.);
#1977=DIRECTION('',(-0.999078,0.042943,0));
#1978=DIRECTION('',(0,-0,1));
#1979=AXIS2_PLACEMENT_3D('',#110,#1977,#1978);
#1980=PLANE('',#1979);
#1981=ORIENTED_EDGE('',*,*,#1948,.T.);
#1982=ORIENTED_EDGE('',*,*,#1542,.T.);
#1983=DIRECTION('',(0,0,1));
#1984=VECTOR('',#1983,1.349999);
#1985=LINE('',#114,#1984);
#1986=EDGE_CURVE('',#115,#117,#1985,.T.);
#1987=ORIENTED_EDGE('',*,*,#1986,.F.);
#1988=DIRECTION('',(0.042943,0.999078,0));
#1989=VECTOR('',#1988,3.499296);
#1990=LINE('',#110,#1989);
#1991=EDGE_CURVE('',#111,#115,#1990,.T.);
#1992=ORIENTED_EDGE('',*,*,#1991,.F.);
#1993=EDGE_LOOP('',(#1981,#1982,#1987,#1992));
#1994=FACE_OUTER_BOUND('',#1993,.T.);
#1995=ADVANCED_FACE('',(#1994),#1980,.T.);
#1996=DIRECTION('',(-0.99953,0.030672,0));
#1997=DIRECTION('',(0,-0,1));
#1998=AXIS2_PLACEMENT_3D('',#108,#1996,#1997);
#1999=PLANE('',#1998);
#2000=DIRECTION('',(0.030672,0.99953,0));
#2001=VECTOR('',#2000,3.499295);
#2002=LINE('',#108,#2001);
#2003=EDGE_CURVE('',#109,#119,#2002,.T.);
#2004=ORIENTED_EDGE('',*,*,#2003,.T.);
#2005=DIRECTION('',(0,0,1));
#2006=VECTOR('',#2005,2.799999);
#2007=LINE('',#86,#2006);
#2008=EDGE_CURVE('',#87,#119,#2007,.T.);
#2009=ORIENTED_EDGE('',*,*,#2008,.F.);
#2010=ORIENTED_EDGE('',*,*,#1675,.F.);
#2011=ORIENTED_EDGE('',*,*,#1971,.T.);
#2012=EDGE_LOOP('',(#2004,#2009,#2010,#2011));
#2013=FACE_OUTER_BOUND('',#2012,.T.);
#2014=ADVANCED_FACE('',(#2013),#1999,.T.);
#2015=DIRECTION('',(-0.99953,0.030672,0));
#2016=DIRECTION('',(0,-0,1));
#2017=AXIS2_PLACEMENT_3D('',#114,#2015,#2016);
#2018=PLANE('',#2017);
#2019=ORIENTED_EDGE('',*,*,#1986,.T.);
#2020=ORIENTED_EDGE('',*,*,#1537,.T.);
#2021=DIRECTION('',(0,0,1));
#2022=VECTOR('',#2021,1.349999);
#2023=LINE('',#122,#2022);
#2024=EDGE_CURVE('',#123,#125,#2023,.T.);
#2025=ORIENTED_EDGE('',*,*,#2024,.F.);
#2026=DIRECTION('',(0.030672,0.99953,0));
#2027=VECTOR('',#2026,3.499295);
#2028=LINE('',#114,#2027);
#2029=EDGE_CURVE('',#115,#123,#2028,.T.);
#2030=ORIENTED_EDGE('',*,*,#2029,.F.);
#2031=EDGE_LOOP('',(#2019,#2020,#2025,#2030));
#2032=FACE_OUTER_BOUND('',#2031,.T.);
#2033=ADVANCED_FACE('',(#2032),#2018,.T.);
#2034=DIRECTION('',(-0.999831,0.01841,0));
#2035=DIRECTION('',(0,-0,1));
#2036=AXIS2_PLACEMENT_3D('',#118,#2034,#2035);
#2037=PLANE('',#2036);
#2038=DIRECTION('',(0.01841,0.999831,0));
#2039=VECTOR('',#2038,3.499295);
#2040=LINE('',#118,#2039);
#2041=EDGE_CURVE('',#119,#121,#2040,.T.);
#2042=ORIENTED_EDGE('',*,*,#2041,.T.);
#2043=DIRECTION('',(0,0,1));
#2044=VECTOR('',#2043,2.799999);
#2045=LINE('',#88,#2044);
#2046=EDGE_CURVE('',#89,#121,#2045,.T.);
#2047=ORIENTED_EDGE('',*,*,#2046,.F.);
#2048=ORIENTED_EDGE('',*,*,#1680,.F.);
#2049=ORIENTED_EDGE('',*,*,#2008,.T.);
#2050=EDGE_LOOP('',(#2042,#2047,#2048,#2049));
#2051=FACE_OUTER_BOUND('',#2050,.T.);
#2052=ADVANCED_FACE('',(#2051),#2037,.T.);
#2053=DIRECTION('',(-0.999831,0.01841,0));
#2054=DIRECTION('',(0,-0,1));
#2055=AXIS2_PLACEMENT_3D('',#124,#2053,#2054);
#2056=PLANE('',#2055);
#2057=ORIENTED_EDGE('',*,*,#1532,.T.);
#2058=DIRECTION('',(0,0,1));
#2059=VECTOR('',#2058,1.349999);
#2060=LINE('',#126,#2059);
#2061=EDGE_CURVE('',#127,#129,#2060,.T.);
#2062=ORIENTED_EDGE('',*,*,#2061,.F.);
#2063=DIRECTION('',(0.01841,0.999831,0));
#2064=VECTOR('',#2063,3.499295);
#2065=LINE('',#122,#2064);
#2066=EDGE_CURVE('',#123,#127,#2065,.T.);
#2067=ORIENTED_EDGE('',*,*,#2066,.F.);
#2068=ORIENTED_EDGE('',*,*,#2024,.T.);
#2069=EDGE_LOOP('',(#2057,#2062,#2067,#2068));
#2070=FACE_OUTER_BOUND('',#2069,.T.);
#2071=ADVANCED_FACE('',(#2070),#2056,.T.);
#2072=DIRECTION('',(-0.999981,0.006131,0));
#2073=DIRECTION('',(0,-0,1));
#2074=AXIS2_PLACEMENT_3D('',#134,#2072,#2073);
#2075=PLANE('',#2074);
#2076=ORIENTED_EDGE('',*,*,#1685,.F.);
#2077=ORIENTED_EDGE('',*,*,#2046,.T.);
#2078=DIRECTION('',(0.006131,0.999981,0));
#2079=VECTOR('',#2078,3.499295);
#2080=LINE('',#120,#2079);
#2081=EDGE_CURVE('',#121,#165,#2080,.T.);
#2082=ORIENTED_EDGE('',*,*,#2081,.T.);
#2083=DIRECTION('',(0,0,1));
#2084=VECTOR('',#2083,2.799999);
#2085=LINE('',#134,#2084);
#2086=EDGE_CURVE('',#135,#165,#2085,.T.);
#2087=ORIENTED_EDGE('',*,*,#2086,.F.);
#2088=EDGE_LOOP('',(#2076,#2077,#2082,#2087));
#2089=FACE_OUTER_BOUND('',#2088,.T.);
#2090=ADVANCED_FACE('',(#2089),#2075,.T.);
#2091=DIRECTION('',(-0.999981,0.006131,0));
#2092=DIRECTION('',(0,-0,1));
#2093=AXIS2_PLACEMENT_3D('',#174,#2091,#2092);
#2094=PLANE('',#2093);
#2095=DIRECTION('',(0,0,1));
#2096=VECTOR('',#2095,1.349999);
#2097=LINE('',#170,#2096);
#2098=EDGE_CURVE('',#171,#175,#2097,.T.);
#2099=ORIENTED_EDGE('',*,*,#2098,.F.);
#2100=DIRECTION('',(0.006131,0.999981,0));
#2101=VECTOR('',#2100,3.499295);
#2102=LINE('',#126,#2101);
#2103=EDGE_CURVE('',#127,#171,#2102,.T.);
#2104=ORIENTED_EDGE('',*,*,#2103,.F.);
#2105=ORIENTED_EDGE('',*,*,#2061,.T.);
#2106=ORIENTED_EDGE('',*,*,#1527,.T.);
#2107=EDGE_LOOP('',(#2099,#2104,#2105,#2106));
#2108=FACE_OUTER_BOUND('',#2107,.T.);
#2109=ADVANCED_FACE('',(#2108),#2094,.T.);
#2110=DIRECTION('',(-0.999981,-0.006131,0));
#2111=DIRECTION('',(0,-0,1));
#2112=AXIS2_PLACEMENT_3D('',#134,#2110,#2111);
#2113=PLANE('',#2112);
#2114=ORIENTED_EDGE('',*,*,#2086,.T.);
#2115=DIRECTION('',(-0.006131,0.999981,0));
#2116=VECTOR('',#2115,3.499295);
#2117=LINE('',#164,#2116);
#2118=EDGE_CURVE('',#165,#167,#2117,.T.);
#2119=ORIENTED_EDGE('',*,*,#2118,.T.);
#2120=DIRECTION('',(0,0,1));
#2121=VECTOR('',#2120,2.799999);
#2122=LINE('',#136,#2121);
#2123=EDGE_CURVE('',#137,#167,#2122,.T.);
#2124=ORIENTED_EDGE('',*,*,#2123,.F.);
#2125=ORIENTED_EDGE('',*,*,#1690,.F.);
#2126=EDGE_LOOP('',(#2114,#2119,#2124,#2125));
#2127=FACE_OUTER_BOUND('',#2126,.T.);
#2128=ADVANCED_FACE('',(#2127),#2113,.T.);
#2129=DIRECTION('',(-0.999981,-0.006131,0));
#2130=DIRECTION('',(0,-0,1));
#2131=AXIS2_PLACEMENT_3D('',#172,#2129,#2130);
#2132=PLANE('',#2131);
#2133=DIRECTION('',(-0.006131,0.999981,0));
#2134=VECTOR('',#2133,3.499295);
#2135=LINE('',#170,#2134);
#2136=EDGE_CURVE('',#171,#173,#2135,.T.);
#2137=ORIENTED_EDGE('',*,*,#2136,.F.);
#2138=ORIENTED_EDGE('',*,*,#2098,.T.);
#2139=ORIENTED_EDGE('',*,*,#1522,.T.);
#2140=DIRECTION('',(0,0,1));
#2141=VECTOR('',#2140,1.349999);
#2142=LINE('',#172,#2141);
#2143=EDGE_CURVE('',#173,#177,#2142,.T.);
#2144=ORIENTED_EDGE('',*,*,#2143,.F.);
#2145=EDGE_LOOP('',(#2137,#2138,#2139,#2144));
#2146=FACE_OUTER_BOUND('',#2145,.T.);
#2147=ADVANCED_FACE('',(#2146),#2132,.T.);
#2148=DIRECTION('',(-0.999831,-0.01841,0));
#2149=DIRECTION('',(0,-0,1));
#2150=AXIS2_PLACEMENT_3D('',#168,#2148,#2149);
#2151=PLANE('',#2150);
#2152=DIRECTION('',(0,0,1));
#2153=VECTOR('',#2152,2.799999);
#2154=LINE('',#138,#2153);
#2155=EDGE_CURVE('',#139,#169,#2154,.T.);
#2156=ORIENTED_EDGE('',*,*,#2155,.F.);
#2157=ORIENTED_EDGE('',*,*,#1695,.F.);
#2158=ORIENTED_EDGE('',*,*,#2123,.T.);
#2159=DIRECTION('',(-0.01841,0.999831,0));
#2160=VECTOR('',#2159,3.499295);
#2161=LINE('',#166,#2160);
#2162=EDGE_CURVE('',#167,#169,#2161,.T.);
#2163=ORIENTED_EDGE('',*,*,#2162,.T.);
#2164=EDGE_LOOP('',(#2156,#2157,#2158,#2163));
#2165=FACE_OUTER_BOUND('',#2164,.T.);
#2166=ADVANCED_FACE('',(#2165),#2151,.T.);
#2167=DIRECTION('',(-0.999831,-0.01841,0));
#2168=DIRECTION('',(0,-0,1));
#2169=AXIS2_PLACEMENT_3D('',#172,#2167,#2168);
#2170=PLANE('',#2169);
#2171=ORIENTED_EDGE('',*,*,#2143,.T.);
#2172=ORIENTED_EDGE('',*,*,#1517,.T.);
#2173=DIRECTION('',(0,0,1));
#2174=VECTOR('',#2173,1.349999);
#2175=LINE('',#178,#2174);
#2176=EDGE_CURVE('',#179,#181,#2175,.T.);
#2177=ORIENTED_EDGE('',*,*,#2176,.F.);
#2178=DIRECTION('',(-0.01841,0.999831,0));
#2179=VECTOR('',#2178,3.499295);
#2180=LINE('',#172,#2179);
#2181=EDGE_CURVE('',#173,#179,#2180,.T.);
#2182=ORIENTED_EDGE('',*,*,#2181,.F.);
#2183=EDGE_LOOP('',(#2171,#2172,#2177,#2182));
#2184=FACE_OUTER_BOUND('',#2183,.T.);
#2185=ADVANCED_FACE('',(#2184),#2170,.T.);
#2186=DIRECTION('',(-0.99953,-0.030672,0));
#2187=DIRECTION('',(0,-0,1));
#2188=AXIS2_PLACEMENT_3D('',#138,#2186,#2187);
#2189=PLANE('',#2188);
#2190=ORIENTED_EDGE('',*,*,#2155,.T.);
#2191=DIRECTION('',(-0.030672,0.99953,0));
#2192=VECTOR('',#2191,3.499295);
#2193=LINE('',#168,#2192);
#2194=EDGE_CURVE('',#169,#183,#2193,.T.);
#2195=ORIENTED_EDGE('',*,*,#2194,.T.);
#2196=DIRECTION('',(0,0,1));
#2197=VECTOR('',#2196,2.799999);
#2198=LINE('',#140,#2197);
#2199=EDGE_CURVE('',#141,#183,#2198,.T.);
#2200=ORIENTED_EDGE('',*,*,#2199,.F.);
#2201=ORIENTED_EDGE('',*,*,#1700,.F.);
#2202=EDGE_LOOP('',(#2190,#2195,#2200,#2201));
#2203=FACE_OUTER_BOUND('',#2202,.T.);
#2204=ADVANCED_FACE('',(#2203),#2189,.T.);
#2205=DIRECTION('',(-0.99953,-0.030672,0));
#2206=DIRECTION('',(0,-0,1));
#2207=AXIS2_PLACEMENT_3D('',#186,#2205,#2206);
#2208=PLANE('',#2207);
#2209=DIRECTION('',(-0.030672,0.99953,0));
#2210=VECTOR('',#2209,3.499295);
#2211=LINE('',#178,#2210);
#2212=EDGE_CURVE('',#179,#187,#2211,.T.);
#2213=ORIENTED_EDGE('',*,*,#2212,.F.);
#2214=ORIENTED_EDGE('',*,*,#2176,.T.);
#2215=ORIENTED_EDGE('',*,*,#1615,.T.);
#2216=DIRECTION('',(0,0,1));
#2217=VECTOR('',#2216,1.349999);
#2218=LINE('',#186,#2217);
#2219=EDGE_CURVE('',#187,#189,#2218,.T.);
#2220=ORIENTED_EDGE('',*,*,#2219,.F.);
#2221=EDGE_LOOP('',(#2213,#2214,#2215,#2220));
#2222=FACE_OUTER_BOUND('',#2221,.T.);
#2223=ADVANCED_FACE('',(#2222),#2208,.T.);
#2224=DIRECTION('',(-0.999078,-0.042943,0));
#2225=DIRECTION('',(0,-0,1));
#2226=AXIS2_PLACEMENT_3D('',#140,#2224,#2225);
#2227=PLANE('',#2226);
#2228=ORIENTED_EDGE('',*,*,#2199,.T.);
#2229=DIRECTION('',(-0.042943,0.999078,0));
#2230=VECTOR('',#2229,3.499296);
#2231=LINE('',#182,#2230);
#2232=EDGE_CURVE('',#183,#185,#2231,.T.);
#2233=ORIENTED_EDGE('',*,*,#2232,.T.);
#2234=DIRECTION('',(0,0,1));
#2235=VECTOR('',#2234,2.799999);
#2236=LINE('',#142,#2235);
#2237=EDGE_CURVE('',#143,#185,#2236,.T.);
#2238=ORIENTED_EDGE('',*,*,#2237,.F.);
#2239=ORIENTED_EDGE('',*,*,#1705,.F.);
#2240=EDGE_LOOP('',(#2228,#2233,#2238,#2239));
#2241=FACE_OUTER_BOUND('',#2240,.T.);
#2242=ADVANCED_FACE('',(#2241),#2227,.T.);
#2243=DIRECTION('',(-0.999078,-0.042943,0));
#2244=DIRECTION('',(0,-0,1));
#2245=AXIS2_PLACEMENT_3D('',#192,#2243,#2244);
#2246=PLANE('',#2245);
#2247=DIRECTION('',(0,0,1));
#2248=VECTOR('',#2247,1.349999);
#2249=LINE('',#190,#2248);
#2250=EDGE_CURVE('',#191,#193,#2249,.T.);
#2251=ORIENTED_EDGE('',*,*,#2250,.F.);
#2252=DIRECTION('',(-0.042943,0.999078,0));
#2253=VECTOR('',#2252,3.499296);
#2254=LINE('',#186,#2253);
#2255=EDGE_CURVE('',#187,#191,#2254,.T.);
#2256=ORIENTED_EDGE('',*,*,#2255,.F.);
#2257=ORIENTED_EDGE('',*,*,#2219,.T.);
#2258=ORIENTED_EDGE('',*,*,#1610,.T.);
#2259=EDGE_LOOP('',(#2251,#2256,#2257,#2258));
#2260=FACE_OUTER_BOUND('',#2259,.T.);
#2261=ADVANCED_FACE('',(#2260),#2246,.T.);
#2262=DIRECTION('',(-0.998476,-0.055196,0));
#2263=DIRECTION('',(0,-0,1));
#2264=AXIS2_PLACEMENT_3D('',#142,#2262,#2263);
#2265=PLANE('',#2264);
#2266=ORIENTED_EDGE('',*,*,#2237,.T.);
#2267=DIRECTION('',(-0.055196,0.998476,0));
#2268=VECTOR('',#2267,3.499294);
#2269=LINE('',#184,#2268);
#2270=EDGE_CURVE('',#185,#241,#2269,.T.);
#2271=ORIENTED_EDGE('',*,*,#2270,.T.);
#2272=DIRECTION('',(0,0,1));
#2273=VECTOR('',#2272,2.799999);
#2274=LINE('',#200,#2273);
#2275=EDGE_CURVE('',#201,#241,#2274,.T.);
#2276=ORIENTED_EDGE('',*,*,#2275,.F.);
#2277=ORIENTED_EDGE('',*,*,#1710,.F.);
#2278=EDGE_LOOP('',(#2266,#2271,#2276,#2277));
#2279=FACE_OUTER_BOUND('',#2278,.T.);
#2280=ADVANCED_FACE('',(#2279),#2265,.T.);
#2281=DIRECTION('',(-0.998476,-0.055196,0));
#2282=DIRECTION('',(0,-0,1));
#2283=AXIS2_PLACEMENT_3D('',#192,#2281,#2282);
#2284=PLANE('',#2283);
#2285=ORIENTED_EDGE('',*,*,#1605,.T.);
#2286=DIRECTION('',(0,0,1));
#2287=VECTOR('',#2286,1.349999);
#2288=LINE('',#244,#2287);
#2289=EDGE_CURVE('',#245,#247,#2288,.T.);
#2290=ORIENTED_EDGE('',*,*,#2289,.F.);
#2291=DIRECTION('',(-0.055196,0.998476,0));
#2292=VECTOR('',#2291,3.499294);
#2293=LINE('',#190,#2292);
#2294=EDGE_CURVE('',#191,#245,#2293,.T.);
#2295=ORIENTED_EDGE('',*,*,#2294,.F.);
#2296=ORIENTED_EDGE('',*,*,#2250,.T.);
#2297=EDGE_LOOP('',(#2285,#2290,#2295,#2296));
#2298=FACE_OUTER_BOUND('',#2297,.T.);
#2299=ADVANCED_FACE('',(#2298),#2284,.T.);
#2300=DIRECTION('',(-0.995767,-0.091911,0));
#2301=DIRECTION('',(0,-0,1));
#2302=AXIS2_PLACEMENT_3D('',#204,#2300,#2301);
#2303=PLANE('',#2302);
#2304=DIRECTION('',(0,0,1));
#2305=VECTOR('',#2304,2.799999);
#2306=LINE('',#204,#2305);
#2307=EDGE_CURVE('',#205,#253,#2306,.T.);
#2308=ORIENTED_EDGE('',*,*,#2307,.T.);
#2309=DIRECTION('',(0.091911,-0.995767,0));
#2310=VECTOR('',#2309,3.499296);
#2311=LINE('',#218,#2310);
#2312=EDGE_CURVE('',#219,#253,#2311,.T.);
#2313=ORIENTED_EDGE('',*,*,#2312,.F.);
#2314=DIRECTION('',(0,0,1));
#2315=VECTOR('',#2314,2.799999);
#2316=LINE('',#194,#2315);
#2317=EDGE_CURVE('',#195,#219,#2316,.T.);
#2318=ORIENTED_EDGE('',*,*,#2317,.F.);
#2319=ORIENTED_EDGE('',*,*,#1725,.T.);
#2320=EDGE_LOOP('',(#2308,#2313,#2318,#2319));
#2321=FACE_OUTER_BOUND('',#2320,.T.);
#2322=ADVANCED_FACE('',(#2321),#2303,.T.);
#2323=DIRECTION('',(-0.995767,-0.091911,0));
#2324=DIRECTION('',(0,-0,1));
#2325=AXIS2_PLACEMENT_3D('',#226,#2323,#2324);
#2326=PLANE('',#2325);
#2327=DIRECTION('',(0.091911,-0.995767,0));
#2328=VECTOR('',#2327,3.499296);
#2329=LINE('',#226,#2328);
#2330=EDGE_CURVE('',#227,#255,#2329,.T.);
#2331=ORIENTED_EDGE('',*,*,#2330,.T.);
#2332=DIRECTION('',(0,0,1));
#2333=VECTOR('',#2332,1.349999);
#2334=LINE('',#254,#2333);
#2335=EDGE_CURVE('',#255,#257,#2334,.T.);
#2336=ORIENTED_EDGE('',*,*,#2335,.T.);
#2337=ORIENTED_EDGE('',*,*,#1590,.F.);
#2338=DIRECTION('',(0,0,1));
#2339=VECTOR('',#2338,1.349999);
#2340=LINE('',#226,#2339);
#2341=EDGE_CURVE('',#227,#229,#2340,.T.);
#2342=ORIENTED_EDGE('',*,*,#2341,.F.);
#2343=EDGE_LOOP('',(#2331,#2336,#2337,#2342));
#2344=FACE_OUTER_BOUND('',#2343,.T.);
#2345=ADVANCED_FACE('',(#2344),#2326,.T.);
#2346=DIRECTION('',(-0.994565,-0.104121,0));
#2347=DIRECTION('',(0,-0,1));
#2348=AXIS2_PLACEMENT_3D('',#218,#2346,#2347);
#2349=PLANE('',#2348);
#2350=DIRECTION('',(-0.104121,0.994565,0));
#2351=VECTOR('',#2350,3.499296);
#2352=LINE('',#218,#2351);
#2353=EDGE_CURVE('',#219,#223,#2352,.T.);
#2354=ORIENTED_EDGE('',*,*,#2353,.T.);
#2355=DIRECTION('',(0,0,1));
#2356=VECTOR('',#2355,2.799999);
#2357=LINE('',#196,#2356);
#2358=EDGE_CURVE('',#197,#223,#2357,.T.);
#2359=ORIENTED_EDGE('',*,*,#2358,.F.);
#2360=ORIENTED_EDGE('',*,*,#1627,.F.);
#2361=ORIENTED_EDGE('',*,*,#2317,.T.);
#2362=EDGE_LOOP('',(#2354,#2359,#2360,#2361));
#2363=FACE_OUTER_BOUND('',#2362,.T.);
#2364=ADVANCED_FACE('',(#2363),#2349,.T.);
#2365=DIRECTION('',(-0.994565,-0.104121,0));
#2366=DIRECTION('',(0,-0,1));
#2367=AXIS2_PLACEMENT_3D('',#226,#2365,#2366);
#2368=PLANE('',#2367);
#2369=ORIENTED_EDGE('',*,*,#2341,.T.);
#2370=ORIENTED_EDGE('',*,*,#1585,.T.);
#2371=DIRECTION('',(0,0,1));
#2372=VECTOR('',#2371,1.349999);
#2373=LINE('',#232,#2372);
#2374=EDGE_CURVE('',#233,#237,#2373,.T.);
#2375=ORIENTED_EDGE('',*,*,#2374,.F.);
#2376=DIRECTION('',(-0.104121,0.994565,0));
#2377=VECTOR('',#2376,3.499296);
#2378=LINE('',#226,#2377);
#2379=EDGE_CURVE('',#227,#233,#2378,.T.);
#2380=ORIENTED_EDGE('',*,*,#2379,.F.);
#2381=EDGE_LOOP('',(#2369,#2370,#2375,#2380));
#2382=FACE_OUTER_BOUND('',#2381,.T.);
#2383=ADVANCED_FACE('',(#2382),#2368,.T.);
#2384=DIRECTION('',(-0.993212,-0.116321,0));
#2385=DIRECTION('',(0,-0,1));
#2386=AXIS2_PLACEMENT_3D('',#196,#2384,#2385);
#2387=PLANE('',#2386);
#2388=ORIENTED_EDGE('',*,*,#2358,.T.);
#2389=DIRECTION('',(-0.116321,0.993212,0));
#2390=VECTOR('',#2389,0.574034);
#2391=LINE('',#222,#2390);
#2392=EDGE_CURVE('',#223,#225,#2391,.T.);
#2393=ORIENTED_EDGE('',*,*,#2392,.T.);
#2394=ORIENTED_EDGE('',*,*,#1452,.F.);
#2395=ORIENTED_EDGE('',*,*,#1632,.F.);
#2396=EDGE_LOOP('',(#2388,#2393,#2394,#2395));
#2397=FACE_OUTER_BOUND('',#2396,.T.);
#2398=ADVANCED_FACE('',(#2397),#2387,.T.);
#2399=DIRECTION('',(-0.993212,-0.116321,0));
#2400=DIRECTION('',(0,-0,1));
#2401=AXIS2_PLACEMENT_3D('',#238,#2399,#2400);
#2402=PLANE('',#2401);
#2403=ORIENTED_EDGE('',*,*,#1472,.F.);
#2404=DIRECTION('',(-0.116321,0.993212,0));
#2405=VECTOR('',#2404,0.574034);
#2406=LINE('',#232,#2405);
#2407=EDGE_CURVE('',#233,#235,#2406,.T.);
#2408=ORIENTED_EDGE('',*,*,#2407,.F.);
#2409=ORIENTED_EDGE('',*,*,#2374,.T.);
#2410=ORIENTED_EDGE('',*,*,#1580,.T.);
#2411=EDGE_LOOP('',(#2403,#2408,#2409,#2410));
#2412=FACE_OUTER_BOUND('',#2411,.T.);
#2413=ADVANCED_FACE('',(#2412),#2402,.T.);
#2414=DIRECTION('',(-0.997723,-0.06744,0));
#2415=DIRECTION('',(0,-0,1));
#2416=AXIS2_PLACEMENT_3D('',#242,#2414,#2415);
#2417=PLANE('',#2416);
#2418=DIRECTION('',(0,0,1));
#2419=VECTOR('',#2418,2.799999);
#2420=LINE('',#202,#2419);
#2421=EDGE_CURVE('',#203,#243,#2420,.T.);
#2422=ORIENTED_EDGE('',*,*,#2421,.F.);
#2423=ORIENTED_EDGE('',*,*,#1715,.F.);
#2424=ORIENTED_EDGE('',*,*,#2275,.T.);
#2425=DIRECTION('',(-0.06744,0.997723,0));
#2426=VECTOR('',#2425,3.499294);
#2427=LINE('',#240,#2426);
#2428=EDGE_CURVE('',#241,#243,#2427,.T.);
#2429=ORIENTED_EDGE('',*,*,#2428,.T.);
#2430=EDGE_LOOP('',(#2422,#2423,#2424,#2429));
#2431=FACE_OUTER_BOUND('',#2430,.T.);
#2432=ADVANCED_FACE('',(#2431),#2417,.T.);
#2433=DIRECTION('',(-0.997723,-0.06744,0));
#2434=DIRECTION('',(0,-0,1));
#2435=AXIS2_PLACEMENT_3D('',#250,#2433,#2434);
#2436=PLANE('',#2435);
#2437=DIRECTION('',(0,0,1));
#2438=VECTOR('',#2437,1.349999);
#2439=LINE('',#248,#2438);
#2440=EDGE_CURVE('',#249,#251,#2439,.T.);
#2441=ORIENTED_EDGE('',*,*,#2440,.F.);
#2442=DIRECTION('',(-0.06744,0.997723,0));
#2443=VECTOR('',#2442,3.499294);
#2444=LINE('',#244,#2443);
#2445=EDGE_CURVE('',#245,#249,#2444,.T.);
#2446=ORIENTED_EDGE('',*,*,#2445,.F.);
#2447=ORIENTED_EDGE('',*,*,#2289,.T.);
#2448=ORIENTED_EDGE('',*,*,#1600,.T.);
#2449=EDGE_LOOP('',(#2441,#2446,#2447,#2448));
#2450=FACE_OUTER_BOUND('',#2449,.T.);
#2451=ADVANCED_FACE('',(#2450),#2436,.T.);
#2452=DIRECTION('',(-0.99682,-0.079684,0));
#2453=DIRECTION('',(0,-0,1));
#2454=AXIS2_PLACEMENT_3D('',#204,#2452,#2453);
#2455=PLANE('',#2454);
#2456=ORIENTED_EDGE('',*,*,#1720,.F.);
#2457=ORIENTED_EDGE('',*,*,#2421,.T.);
#2458=DIRECTION('',(-0.079684,0.99682,0));
#2459=VECTOR('',#2458,3.499296);
#2460=LINE('',#242,#2459);
#2461=EDGE_CURVE('',#243,#253,#2460,.T.);
#2462=ORIENTED_EDGE('',*,*,#2461,.T.);
#2463=ORIENTED_EDGE('',*,*,#2307,.F.);
#2464=EDGE_LOOP('',(#2456,#2457,#2462,#2463));
#2465=FACE_OUTER_BOUND('',#2464,.T.);
#2466=ADVANCED_FACE('',(#2465),#2455,.T.);
#2467=DIRECTION('',(-0.99682,-0.079684,0));
#2468=DIRECTION('',(0,-0,1));
#2469=AXIS2_PLACEMENT_3D('',#254,#2467,#2468);
#2470=PLANE('',#2469);
#2471=DIRECTION('',(-0.079684,0.99682,0));
#2472=VECTOR('',#2471,3.499296);
#2473=LINE('',#248,#2472);
#2474=EDGE_CURVE('',#249,#255,#2473,.T.);
#2475=ORIENTED_EDGE('',*,*,#2474,.F.);
#2476=ORIENTED_EDGE('',*,*,#2440,.T.);
#2477=ORIENTED_EDGE('',*,*,#1595,.T.);
#2478=ORIENTED_EDGE('',*,*,#2335,.F.);
#2479=EDGE_LOOP('',(#2475,#2476,#2477,#2478));
#2480=FACE_OUTER_BOUND('',#2479,.T.);
#2481=ADVANCED_FACE('',(#2480),#2470,.T.);
#2482=DIRECTION('',(-0.99682,0.079683,0));
#2483=DIRECTION('',(0,-0,1));
#2484=AXIS2_PLACEMENT_3D('',#60,#2482,#2483);
#2485=PLANE('',#2484);
#2486=DIRECTION('',(0,0,1));
#2487=VECTOR('',#2486,1.050001);
#2488=LINE('',#54,#2487);
#2489=EDGE_CURVE('',#55,#61,#2488,.T.);
#2490=ORIENTED_EDGE('',*,*,#2489,.F.);
#2491=DIRECTION('',(0.079683,0.99682,0));
#2492=VECTOR('',#2491,2.913006);
#2493=LINE('',#52,#2492);
#2494=EDGE_CURVE('',#53,#55,#2493,.T.);
#2495=ORIENTED_EDGE('',*,*,#2494,.F.);
#2496=DIRECTION('',(0,0,1));
#2497=VECTOR('',#2496,1.050001);
#2498=LINE('',#52,#2497);
#2499=EDGE_CURVE('',#53,#59,#2498,.T.);
#2500=ORIENTED_EDGE('',*,*,#2499,.T.);
#2501=DIRECTION('',(0.079683,0.99682,0));
#2502=VECTOR('',#2501,2.913006);
#2503=LINE('',#58,#2502);
#2504=EDGE_CURVE('',#59,#61,#2503,.T.);
#2505=ORIENTED_EDGE('',*,*,#2504,.T.);
#2506=EDGE_LOOP('',(#2490,#2495,#2500,#2505));
#2507=FACE_OUTER_BOUND('',#2506,.T.);
#2508=ADVANCED_FACE('',(#2507),#2485,.T.);
#2509=DIRECTION('',(-0.997723,0.067444,0));
#2510=DIRECTION('',(0,-0,1));
#2511=AXIS2_PLACEMENT_3D('',#56,#2509,#2510);
#2512=PLANE('',#2511);
#2513=DIRECTION('',(0.067444,0.997723,0));
#2514=VECTOR('',#2513,3.477821);
#2515=LINE('',#54,#2514);
#2516=EDGE_CURVE('',#55,#57,#2515,.T.);
#2517=ORIENTED_EDGE('',*,*,#2516,.F.);
#2518=ORIENTED_EDGE('',*,*,#2489,.T.);
#2519=DIRECTION('',(0.067444,0.997723,0));
#2520=VECTOR('',#2519,3.477821);
#2521=LINE('',#60,#2520);
#2522=EDGE_CURVE('',#61,#63,#2521,.T.);
#2523=ORIENTED_EDGE('',*,*,#2522,.T.);
#2524=DIRECTION('',(0,0,1));
#2525=VECTOR('',#2524,1.050001);
#2526=LINE('',#56,#2525);
#2527=EDGE_CURVE('',#57,#63,#2526,.T.);
#2528=ORIENTED_EDGE('',*,*,#2527,.F.);
#2529=EDGE_LOOP('',(#2517,#2518,#2523,#2528));
#2530=FACE_OUTER_BOUND('',#2529,.T.);
#2531=ADVANCED_FACE('',(#2530),#2512,.T.);
#2532=DIRECTION('',(-0.998476,0.055194,0));
#2533=DIRECTION('',(0,-0,1));
#2534=AXIS2_PLACEMENT_3D('',#94,#2532,#2533);
#2535=PLANE('',#2534);
#2536=DIRECTION('',(0,0,1));
#2537=VECTOR('',#2536,1.050001);
#2538=LINE('',#90,#2537);
#2539=EDGE_CURVE('',#91,#95,#2538,.T.);
#2540=ORIENTED_EDGE('',*,*,#2539,.F.);
#2541=DIRECTION('',(0.055194,0.998476,0));
#2542=VECTOR('',#2541,3.477818);
#2543=LINE('',#56,#2542);
#2544=EDGE_CURVE('',#57,#91,#2543,.T.);
#2545=ORIENTED_EDGE('',*,*,#2544,.F.);
#2546=ORIENTED_EDGE('',*,*,#2527,.T.);
#2547=DIRECTION('',(0.055194,0.998476,0));
#2548=VECTOR('',#2547,3.477818);
#2549=LINE('',#62,#2548);
#2550=EDGE_CURVE('',#63,#95,#2549,.T.);
#2551=ORIENTED_EDGE('',*,*,#2550,.T.);
#2552=EDGE_LOOP('',(#2540,#2545,#2546,#2551));
#2553=FACE_OUTER_BOUND('',#2552,.T.);
#2554=ADVANCED_FACE('',(#2553),#2535,.T.);
#2555=DIRECTION('',(-0.999077,0.042944,0));
#2556=DIRECTION('',(0,-0,1));
#2557=AXIS2_PLACEMENT_3D('',#96,#2555,#2556);
#2558=PLANE('',#2557);
#2559=DIRECTION('',(0,0,1));
#2560=VECTOR('',#2559,1.050001);
#2561=LINE('',#92,#2560);
#2562=EDGE_CURVE('',#93,#97,#2561,.T.);
#2563=ORIENTED_EDGE('',*,*,#2562,.F.);
#2564=DIRECTION('',(0.042944,0.999077,0));
#2565=VECTOR('',#2564,3.477821);
#2566=LINE('',#90,#2565);
#2567=EDGE_CURVE('',#91,#93,#2566,.T.);
#2568=ORIENTED_EDGE('',*,*,#2567,.F.);
#2569=ORIENTED_EDGE('',*,*,#2539,.T.);
#2570=DIRECTION('',(0.042944,0.999077,0));
#2571=VECTOR('',#2570,3.477821);
#2572=LINE('',#94,#2571);
#2573=EDGE_CURVE('',#95,#97,#2572,.T.);
#2574=ORIENTED_EDGE('',*,*,#2573,.T.);
#2575=EDGE_LOOP('',(#2563,#2568,#2569,#2574));
#2576=FACE_OUTER_BOUND('',#2575,.T.);
#2577=ADVANCED_FACE('',(#2576),#2558,.T.);
#2578=DIRECTION('',(-0.99953,0.030668,0));
#2579=DIRECTION('',(0,-0,1));
#2580=AXIS2_PLACEMENT_3D('',#98,#2578,#2579);
#2581=PLANE('',#2580);
#2582=DIRECTION('',(0.030668,0.99953,0));
#2583=VECTOR('',#2582,3.477818);
#2584=LINE('',#92,#2583);
#2585=EDGE_CURVE('',#93,#99,#2584,.T.);
#2586=ORIENTED_EDGE('',*,*,#2585,.F.);
#2587=ORIENTED_EDGE('',*,*,#2562,.T.);
#2588=DIRECTION('',(0.030668,0.99953,0));
#2589=VECTOR('',#2588,3.477818);
#2590=LINE('',#96,#2589);
#2591=EDGE_CURVE('',#97,#103,#2590,.T.);
#2592=ORIENTED_EDGE('',*,*,#2591,.T.);
#2593=DIRECTION('',(0,0,1));
#2594=VECTOR('',#2593,1.050001);
#2595=LINE('',#98,#2594);
#2596=EDGE_CURVE('',#99,#103,#2595,.T.);
#2597=ORIENTED_EDGE('',*,*,#2596,.F.);
#2598=EDGE_LOOP('',(#2586,#2587,#2592,#2597));
#2599=FACE_OUTER_BOUND('',#2598,.T.);
#2600=ADVANCED_FACE('',(#2599),#2581,.T.);
#2601=DIRECTION('',(-0.999831,0.01841,0));
#2602=DIRECTION('',(0,-0,1));
#2603=AXIS2_PLACEMENT_3D('',#100,#2601,#2602);
#2604=PLANE('',#2603);
#2605=DIRECTION('',(0.01841,0.999831,0));
#2606=VECTOR('',#2605,3.47782);
#2607=LINE('',#98,#2606);
#2608=EDGE_CURVE('',#99,#101,#2607,.T.);
#2609=ORIENTED_EDGE('',*,*,#2608,.F.);
#2610=ORIENTED_EDGE('',*,*,#2596,.T.);
#2611=DIRECTION('',(0.01841,0.999831,0));
#2612=VECTOR('',#2611,3.47782);
#2613=LINE('',#102,#2612);
#2614=EDGE_CURVE('',#103,#105,#2613,.T.);
#2615=ORIENTED_EDGE('',*,*,#2614,.T.);
#2616=DIRECTION('',(0,0,1));
#2617=VECTOR('',#2616,1.050001);
#2618=LINE('',#100,#2617);
#2619=EDGE_CURVE('',#101,#105,#2618,.T.);
#2620=ORIENTED_EDGE('',*,*,#2619,.F.);
#2621=EDGE_LOOP('',(#2609,#2610,#2615,#2620));
#2622=FACE_OUTER_BOUND('',#2621,.T.);
#2623=ADVANCED_FACE('',(#2622),#2604,.T.);
#2624=DIRECTION('',(-0.999981,0.006134,0));
#2625=DIRECTION('',(0,-0,1));
#2626=AXIS2_PLACEMENT_3D('',#150,#2624,#2625);
#2627=PLANE('',#2626);
#2628=DIRECTION('',(0,0,1));
#2629=VECTOR('',#2628,1.050001);
#2630=LINE('',#144,#2629);
#2631=EDGE_CURVE('',#145,#151,#2630,.T.);
#2632=ORIENTED_EDGE('',*,*,#2631,.F.);
#2633=DIRECTION('',(0.006134,0.999981,0));
#2634=VECTOR('',#2633,3.477819);
#2635=LINE('',#100,#2634);
#2636=EDGE_CURVE('',#101,#145,#2635,.T.);
#2637=ORIENTED_EDGE('',*,*,#2636,.F.);
#2638=ORIENTED_EDGE('',*,*,#2619,.T.);
#2639=DIRECTION('',(0.006134,0.999981,0));
#2640=VECTOR('',#2639,3.477819);
#2641=LINE('',#104,#2640);
#2642=EDGE_CURVE('',#105,#151,#2641,.T.);
#2643=ORIENTED_EDGE('',*,*,#2642,.T.);
#2644=EDGE_LOOP('',(#2632,#2637,#2638,#2643));
#2645=FACE_OUTER_BOUND('',#2644,.T.);
#2646=ADVANCED_FACE('',(#2645),#2627,.T.);
#2647=DIRECTION('',(-0.999981,-0.006134,0));
#2648=DIRECTION('',(0,-0,1));
#2649=AXIS2_PLACEMENT_3D('',#150,#2647,#2648);
#2650=PLANE('',#2649);
#2651=DIRECTION('',(-0.006134,0.999981,0));
#2652=VECTOR('',#2651,3.477819);
#2653=LINE('',#150,#2652);
#2654=EDGE_CURVE('',#151,#153,#2653,.T.);
#2655=ORIENTED_EDGE('',*,*,#2654,.T.);
#2656=DIRECTION('',(0,0,1));
#2657=VECTOR('',#2656,1.050001);
#2658=LINE('',#146,#2657);
#2659=EDGE_CURVE('',#147,#153,#2658,.T.);
#2660=ORIENTED_EDGE('',*,*,#2659,.F.);
#2661=DIRECTION('',(-0.006134,0.999981,0));
#2662=VECTOR('',#2661,3.477819);
#2663=LINE('',#144,#2662);
#2664=EDGE_CURVE('',#145,#147,#2663,.T.);
#2665=ORIENTED_EDGE('',*,*,#2664,.F.);
#2666=ORIENTED_EDGE('',*,*,#2631,.T.);
#2667=EDGE_LOOP('',(#2655,#2660,#2665,#2666));
#2668=FACE_OUTER_BOUND('',#2667,.T.);
#2669=ADVANCED_FACE('',(#2668),#2650,.T.);
#2670=DIRECTION('',(-0.999831,-0.01841,0));
#2671=DIRECTION('',(0,-0,1));
#2672=AXIS2_PLACEMENT_3D('',#154,#2670,#2671);
#2673=PLANE('',#2672);
#2674=DIRECTION('',(0,0,1));
#2675=VECTOR('',#2674,1.050001);
#2676=LINE('',#148,#2675);
#2677=EDGE_CURVE('',#149,#155,#2676,.T.);
#2678=ORIENTED_EDGE('',*,*,#2677,.F.);
#2679=DIRECTION('',(-0.01841,0.999831,0));
#2680=VECTOR('',#2679,3.47782);
#2681=LINE('',#146,#2680);
#2682=EDGE_CURVE('',#147,#149,#2681,.T.);
#2683=ORIENTED_EDGE('',*,*,#2682,.F.);
#2684=ORIENTED_EDGE('',*,*,#2659,.T.);
#2685=DIRECTION('',(-0.01841,0.999831,0));
#2686=VECTOR('',#2685,3.47782);
#2687=LINE('',#152,#2686);
#2688=EDGE_CURVE('',#153,#155,#2687,.T.);
#2689=ORIENTED_EDGE('',*,*,#2688,.T.);
#2690=EDGE_LOOP('',(#2678,#2683,#2684,#2689));
#2691=FACE_OUTER_BOUND('',#2690,.T.);
#2692=ADVANCED_FACE('',(#2691),#2673,.T.);
#2693=DIRECTION('',(-0.99953,-0.030668,0));
#2694=DIRECTION('',(0,-0,1));
#2695=AXIS2_PLACEMENT_3D('',#160,#2693,#2694);
#2696=PLANE('',#2695);
#2697=DIRECTION('',(0,0,1));
#2698=VECTOR('',#2697,1.050001);
#2699=LINE('',#156,#2698);
#2700=EDGE_CURVE('',#157,#161,#2699,.T.);
#2701=ORIENTED_EDGE('',*,*,#2700,.F.);
#2702=DIRECTION('',(-0.030668,0.99953,0));
#2703=VECTOR('',#2702,3.477818);
#2704=LINE('',#148,#2703);
#2705=EDGE_CURVE('',#149,#157,#2704,.T.);
#2706=ORIENTED_EDGE('',*,*,#2705,.F.);
#2707=ORIENTED_EDGE('',*,*,#2677,.T.);
#2708=DIRECTION('',(-0.030668,0.99953,0));
#2709=VECTOR('',#2708,3.477818);
#2710=LINE('',#154,#2709);
#2711=EDGE_CURVE('',#155,#161,#2710,.T.);
#2712=ORIENTED_EDGE('',*,*,#2711,.T.);
#2713=EDGE_LOOP('',(#2701,#2706,#2707,#2712));
#2714=FACE_OUTER_BOUND('',#2713,.T.);
#2715=ADVANCED_FACE('',(#2714),#2696,.T.);
#2716=DIRECTION('',(-0.999077,-0.042944,0));
#2717=DIRECTION('',(0,-0,1));
#2718=AXIS2_PLACEMENT_3D('',#160,#2716,#2717);
#2719=PLANE('',#2718);
#2720=DIRECTION('',(-0.042944,0.999077,0));
#2721=VECTOR('',#2720,3.477821);
#2722=LINE('',#160,#2721);
#2723=EDGE_CURVE('',#161,#163,#2722,.T.);
#2724=ORIENTED_EDGE('',*,*,#2723,.T.);
#2725=DIRECTION('',(0,0,1));
#2726=VECTOR('',#2725,1.050001);
#2727=LINE('',#158,#2726);
#2728=EDGE_CURVE('',#159,#163,#2727,.T.);
#2729=ORIENTED_EDGE('',*,*,#2728,.F.);
#2730=DIRECTION('',(-0.042944,0.999077,0));
#2731=VECTOR('',#2730,3.477821);
#2732=LINE('',#156,#2731);
#2733=EDGE_CURVE('',#157,#159,#2732,.T.);
#2734=ORIENTED_EDGE('',*,*,#2733,.F.);
#2735=ORIENTED_EDGE('',*,*,#2700,.T.);
#2736=EDGE_LOOP('',(#2724,#2729,#2734,#2735));
#2737=FACE_OUTER_BOUND('',#2736,.T.);
#2738=ADVANCED_FACE('',(#2737),#2719,.T.);
#2739=DIRECTION('',(-0.998476,-0.055194,0));
#2740=DIRECTION('',(0,-0,1));
#2741=AXIS2_PLACEMENT_3D('',#206,#2739,#2740);
#2742=PLANE('',#2741);
#2743=DIRECTION('',(-0.055194,0.998476,0));
#2744=VECTOR('',#2743,3.477818);
#2745=LINE('',#158,#2744);
#2746=EDGE_CURVE('',#159,#207,#2745,.T.);
#2747=ORIENTED_EDGE('',*,*,#2746,.F.);
#2748=ORIENTED_EDGE('',*,*,#2728,.T.);
#2749=DIRECTION('',(-0.055194,0.998476,0));
#2750=VECTOR('',#2749,3.477818);
#2751=LINE('',#162,#2750);
#2752=EDGE_CURVE('',#163,#213,#2751,.T.);
#2753=ORIENTED_EDGE('',*,*,#2752,.T.);
#2754=DIRECTION('',(0,0,1));
#2755=VECTOR('',#2754,1.050001);
#2756=LINE('',#206,#2755);
#2757=EDGE_CURVE('',#207,#213,#2756,.T.);
#2758=ORIENTED_EDGE('',*,*,#2757,.F.);
#2759=EDGE_LOOP('',(#2747,#2748,#2753,#2758));
#2760=FACE_OUTER_BOUND('',#2759,.T.);
#2761=ADVANCED_FACE('',(#2760),#2742,.T.);
#2762=DIRECTION('',(-0.997723,-0.067444,0));
#2763=DIRECTION('',(0,-0,1));
#2764=AXIS2_PLACEMENT_3D('',#214,#2762,#2763);
#2765=PLANE('',#2764);
#2766=DIRECTION('',(0,0,1));
#2767=VECTOR('',#2766,1.050001);
#2768=LINE('',#208,#2767);
#2769=EDGE_CURVE('',#209,#215,#2768,.T.);
#2770=ORIENTED_EDGE('',*,*,#2769,.F.);
#2771=DIRECTION('',(-0.067444,0.997723,0));
#2772=VECTOR('',#2771,3.477821);
#2773=LINE('',#206,#2772);
#2774=EDGE_CURVE('',#207,#209,#2773,.T.);
#2775=ORIENTED_EDGE('',*,*,#2774,.F.);
#2776=ORIENTED_EDGE('',*,*,#2757,.T.);
#2777=DIRECTION('',(-0.067444,0.997723,0));
#2778=VECTOR('',#2777,3.477821);
#2779=LINE('',#212,#2778);
#2780=EDGE_CURVE('',#213,#215,#2779,.T.);
#2781=ORIENTED_EDGE('',*,*,#2780,.T.);
#2782=EDGE_LOOP('',(#2770,#2775,#2776,#2781));
#2783=FACE_OUTER_BOUND('',#2782,.T.);
#2784=ADVANCED_FACE('',(#2783),#2765,.T.);
#2785=DIRECTION('',(-0.99682,-0.079683,0));
#2786=DIRECTION('',(0,-0,1));
#2787=AXIS2_PLACEMENT_3D('',#208,#2785,#2786);
#2788=PLANE('',#2787);
#2789=ORIENTED_EDGE('',*,*,#2769,.T.);
#2790=DIRECTION('',(-0.079683,0.99682,0));
#2791=VECTOR('',#2790,2.913006);
#2792=LINE('',#214,#2791);
#2793=EDGE_CURVE('',#215,#217,#2792,.T.);
#2794=ORIENTED_EDGE('',*,*,#2793,.T.);
#2795=DIRECTION('',(0,0,1));
#2796=VECTOR('',#2795,1.050001);
#2797=LINE('',#210,#2796);
#2798=EDGE_CURVE('',#211,#217,#2797,.T.);
#2799=ORIENTED_EDGE('',*,*,#2798,.F.);
#2800=DIRECTION('',(-0.079683,0.99682,0));
#2801=VECTOR('',#2800,2.913006);
#2802=LINE('',#208,#2801);
#2803=EDGE_CURVE('',#209,#211,#2802,.T.);
#2804=ORIENTED_EDGE('',*,*,#2803,.F.);
#2805=EDGE_LOOP('',(#2789,#2794,#2799,#2804));
#2806=FACE_OUTER_BOUND('',#2805,.T.);
#2807=ADVANCED_FACE('',(#2806),#2788,.T.);
#2808=DIRECTION('',(0,0,-1));
#2809=DIRECTION('',(-0,1,0));
#2810=AXIS2_PLACEMENT_3D('',#224,#2808,#2809);
#2811=PLANE('',#2810);
#2812=ORIENTED_EDGE('',*,*,#2392,.F.);
#2813=ORIENTED_EDGE('',*,*,#2353,.F.);
#2814=ORIENTED_EDGE('',*,*,#2312,.T.);
#2815=ORIENTED_EDGE('',*,*,#2461,.F.);
#2816=ORIENTED_EDGE('',*,*,#2428,.F.);
#2817=ORIENTED_EDGE('',*,*,#2270,.F.);
#2818=ORIENTED_EDGE('',*,*,#2232,.F.);
#2819=ORIENTED_EDGE('',*,*,#2194,.F.);
#2820=ORIENTED_EDGE('',*,*,#2162,.F.);
#2821=ORIENTED_EDGE('',*,*,#2118,.F.);
#2822=ORIENTED_EDGE('',*,*,#2081,.F.);
#2823=ORIENTED_EDGE('',*,*,#2041,.F.);
#2824=ORIENTED_EDGE('',*,*,#2003,.F.);
#2825=ORIENTED_EDGE('',*,*,#1966,.F.);
#2826=ORIENTED_EDGE('',*,*,#1927,.F.);
#2827=ORIENTED_EDGE('',*,*,#1896,.F.);
#2828=ORIENTED_EDGE('',*,*,#1852,.F.);
#2829=ORIENTED_EDGE('',*,*,#1815,.F.);
#2830=ORIENTED_EDGE('',*,*,#1775,.F.);
#2831=ORIENTED_EDGE('',*,*,#1737,.F.);
#2832=ORIENTED_EDGE('',*,*,#1423,.F.);
#2833=DIRECTION('',(0,1,0));
#2834=VECTOR('',#2833,8.248058);
#2835=LINE('',#30,#2834);
#2836=EDGE_CURVE('',#31,#53,#2835,.T.);
#2837=ORIENTED_EDGE('',*,*,#2836,.T.);
#2838=ORIENTED_EDGE('',*,*,#2494,.T.);
#2839=ORIENTED_EDGE('',*,*,#2516,.T.);
#2840=ORIENTED_EDGE('',*,*,#2544,.T.);
#2841=ORIENTED_EDGE('',*,*,#2567,.T.);
#2842=ORIENTED_EDGE('',*,*,#2585,.T.);
#2843=ORIENTED_EDGE('',*,*,#2608,.T.);
#2844=ORIENTED_EDGE('',*,*,#2636,.T.);
#2845=ORIENTED_EDGE('',*,*,#2664,.T.);
#2846=ORIENTED_EDGE('',*,*,#2682,.T.);
#2847=ORIENTED_EDGE('',*,*,#2705,.T.);
#2848=ORIENTED_EDGE('',*,*,#2733,.T.);
#2849=ORIENTED_EDGE('',*,*,#2746,.T.);
#2850=ORIENTED_EDGE('',*,*,#2774,.T.);
#2851=ORIENTED_EDGE('',*,*,#2803,.T.);
#2852=DIRECTION('',(0,1,0));
#2853=VECTOR('',#2852,8.248058);
#2854=LINE('',#210,#2853);
#2855=EDGE_CURVE('',#211,#221,#2854,.T.);
#2856=ORIENTED_EDGE('',*,*,#2855,.T.);
#2857=ORIENTED_EDGE('',*,*,#1457,.T.);
#2858=EDGE_LOOP('',(#2812,#2813,#2814,#2815,#2816,#2817,#2818,#2819,#2820,#2821,#2822,#2823,#2824,#2825,#2826,#2827,#2828,#2829,#2830,#2831,#2832,#2837,#2838,#2839,#2840,#2841,#2842,#2843,#2844,#2845,#2846,#2847,#2848,#2849,#2850,#2851,#2856,#2857));
#2859=FACE_OUTER_BOUND('',#2858,.T.);
#2860=ADVANCED_FACE('',(#2859),#2811,.T.);
#2861=DIRECTION('',(-1,0,0));
#2862=DIRECTION('',(0,-0,1));
#2863=AXIS2_PLACEMENT_3D('',#52,#2861,#2862);
#2864=PLANE('',#2863);
#2865=ORIENTED_EDGE('',*,*,#2836,.F.);
#2866=ORIENTED_EDGE('',*,*,#1418,.T.);
#2867=DIRECTION('',(0,1,0));
#2868=VECTOR('',#2867,8.248058);
#2869=LINE('',#38,#2868);
#2870=EDGE_CURVE('',#39,#59,#2869,.T.);
#2871=ORIENTED_EDGE('',*,*,#2870,.T.);
#2872=ORIENTED_EDGE('',*,*,#2499,.F.);
#2873=EDGE_LOOP('',(#2865,#2866,#2871,#2872));
#2874=FACE_OUTER_BOUND('',#2873,.T.);
#2875=ADVANCED_FACE('',(#2874),#2864,.T.);
#2876=DIRECTION('',(-1,0,0));
#2877=DIRECTION('',(0,-0,1));
#2878=AXIS2_PLACEMENT_3D('',#230,#2876,#2877);
#2879=PLANE('',#2878);
#2880=ORIENTED_EDGE('',*,*,#1462,.F.);
#2881=ORIENTED_EDGE('',*,*,#2855,.F.);
#2882=ORIENTED_EDGE('',*,*,#2798,.T.);
#2883=DIRECTION('',(0,1,0));
#2884=VECTOR('',#2883,8.248058);
#2885=LINE('',#216,#2884);
#2886=EDGE_CURVE('',#217,#231,#2885,.T.);
#2887=ORIENTED_EDGE('',*,*,#2886,.T.);
#2888=EDGE_LOOP('',(#2880,#2881,#2882,#2887));
#2889=FACE_OUTER_BOUND('',#2888,.T.);
#2890=ADVANCED_FACE('',(#2889),#2879,.T.);
#2891=DIRECTION('',(0,0,1));
#2892=DIRECTION('',(0,-1,0));
#2893=AXIS2_PLACEMENT_3D('',#96,#2891,#2892);
#2894=PLANE('',#2893);
#2895=ORIENTED_EDGE('',*,*,#2573,.F.);
#2896=ORIENTED_EDGE('',*,*,#2550,.F.);
#2897=ORIENTED_EDGE('',*,*,#2522,.F.);
#2898=ORIENTED_EDGE('',*,*,#2504,.F.);
#2899=ORIENTED_EDGE('',*,*,#2870,.F.);
#2900=ORIENTED_EDGE('',*,*,#1413,.T.);
#2901=ORIENTED_EDGE('',*,*,#1761,.T.);
#2902=ORIENTED_EDGE('',*,*,#1799,.T.);
#2903=ORIENTED_EDGE('',*,*,#1838,.T.);
#2904=ORIENTED_EDGE('',*,*,#1876,.T.);
#2905=ORIENTED_EDGE('',*,*,#1908,.T.);
#2906=ORIENTED_EDGE('',*,*,#1953,.T.);
#2907=ORIENTED_EDGE('',*,*,#1991,.T.);
#2908=ORIENTED_EDGE('',*,*,#2029,.T.);
#2909=ORIENTED_EDGE('',*,*,#2066,.T.);
#2910=ORIENTED_EDGE('',*,*,#2103,.T.);
#2911=ORIENTED_EDGE('',*,*,#2136,.T.);
#2912=ORIENTED_EDGE('',*,*,#2181,.T.);
#2913=ORIENTED_EDGE('',*,*,#2212,.T.);
#2914=ORIENTED_EDGE('',*,*,#2255,.T.);
#2915=ORIENTED_EDGE('',*,*,#2294,.T.);
#2916=ORIENTED_EDGE('',*,*,#2445,.T.);
#2917=ORIENTED_EDGE('',*,*,#2474,.T.);
#2918=ORIENTED_EDGE('',*,*,#2330,.F.);
#2919=ORIENTED_EDGE('',*,*,#2379,.T.);
#2920=ORIENTED_EDGE('',*,*,#2407,.T.);
#2921=ORIENTED_EDGE('',*,*,#1467,.F.);
#2922=ORIENTED_EDGE('',*,*,#2886,.F.);
#2923=ORIENTED_EDGE('',*,*,#2793,.F.);
#2924=ORIENTED_EDGE('',*,*,#2780,.F.);
#2925=ORIENTED_EDGE('',*,*,#2752,.F.);
#2926=ORIENTED_EDGE('',*,*,#2723,.F.);
#2927=ORIENTED_EDGE('',*,*,#2711,.F.);
#2928=ORIENTED_EDGE('',*,*,#2688,.F.);
#2929=ORIENTED_EDGE('',*,*,#2654,.F.);
#2930=ORIENTED_EDGE('',*,*,#2642,.F.);
#2931=ORIENTED_EDGE('',*,*,#2614,.F.);
#2932=ORIENTED_EDGE('',*,*,#2591,.F.);
#2933=EDGE_LOOP('',(#2895,#2896,#2897,#2898,#2899,#2900,#2901,#2902,#2903,#2904,#2905,#2906,#2907,#2908,#2909,#2910,#2911,#2912,#2913,#2914,#2915,#2916,#2917,#2918,#2919,#2920,#2921,#2922,#2923,#2924,#2925,#2926,#2927,#2928,#2929,#2930,#2931,#2932));
#2934=FACE_OUTER_BOUND('',#2933,.T.);
#2935=ADVANCED_FACE('',(#2934),#2894,.T.);
#2936=DIRECTION('',(0.671551,0.740958,0));
#2937=DIRECTION('',(0,0,1));
#2938=AXIS2_PLACEMENT_3D('',#516,#2936,#2937);
#2939=PLANE('',#2938);
#2940=DIRECTION('',(0,0,1));
#2941=VECTOR('',#2940,7);
#2942=LINE('',#516,#2941);
#2943=EDGE_CURVE('',#517,#689,#2942,.T.);
#2944=ORIENTED_EDGE('',*,*,#2943,.T.);
#2945=DIRECTION('',(0.740958,-0.671551,0));
#2946=VECTOR('',#2945,0.539751);
#2947=LINE('',#688,#2946);
#2948=EDGE_CURVE('',#689,#691,#2947,.T.);
#2949=ORIENTED_EDGE('',*,*,#2948,.T.);
#2950=DIRECTION('',(0,0,1));
#2951=VECTOR('',#2950,7);
#2952=LINE('',#518,#2951);
#2953=EDGE_CURVE('',#519,#691,#2952,.T.);
#2954=ORIENTED_EDGE('',*,*,#2953,.F.);
#2955=ORIENTED_EDGE('',*,*,#995,.F.);
#2956=EDGE_LOOP('',(#2944,#2949,#2954,#2955));
#2957=FACE_OUTER_BOUND('',#2956,.T.);
#2958=ADVANCED_FACE('',(#2957),#2939,.T.);
#2959=DIRECTION('',(0.857743,0.514078,0));
#2960=DIRECTION('',(0,0,1));
#2961=AXIS2_PLACEMENT_3D('',#512,#2959,#2960);
#2962=PLANE('',#2961);
#2963=ORIENTED_EDGE('',*,*,#980,.F.);
#2964=DIRECTION('',(0,0,1));
#2965=VECTOR('',#2964,7);
#2966=LINE('',#510,#2965);
#2967=EDGE_CURVE('',#511,#683,#2966,.T.);
#2968=ORIENTED_EDGE('',*,*,#2967,.T.);
#2969=DIRECTION('',(0.514078,-0.857743,0));
#2970=VECTOR('',#2969,0.539734);
#2971=LINE('',#682,#2970);
#2972=EDGE_CURVE('',#683,#685,#2971,.T.);
#2973=ORIENTED_EDGE('',*,*,#2972,.T.);
#2974=DIRECTION('',(0,0,1));
#2975=VECTOR('',#2974,7);
#2976=LINE('',#512,#2975);
#2977=EDGE_CURVE('',#513,#685,#2976,.T.);
#2978=ORIENTED_EDGE('',*,*,#2977,.F.);
#2979=EDGE_LOOP('',(#2963,#2968,#2973,#2978));
#2980=FACE_OUTER_BOUND('',#2979,.T.);
#2981=ADVANCED_FACE('',(#2980),#2962,.T.);
#2982=DIRECTION('',(0.903987,0.427561,0));
#2983=DIRECTION('',(0,0,-1));
#2984=AXIS2_PLACEMENT_3D('',#508,#2982,#2983);
#2985=PLANE('',#2984);
#2986=DIRECTION('',(0,0,1));
#2987=VECTOR('',#2986,7);
#2988=LINE('',#508,#2987);
#2989=EDGE_CURVE('',#509,#681,#2988,.T.);
#2990=ORIENTED_EDGE('',*,*,#2989,.T.);
#2991=DIRECTION('',(0.427561,-0.903987,0));
#2992=VECTOR('',#2991,0.539745);
#2993=LINE('',#680,#2992);
#2994=EDGE_CURVE('',#681,#683,#2993,.T.);
#2995=ORIENTED_EDGE('',*,*,#2994,.T.);
#2996=ORIENTED_EDGE('',*,*,#2967,.F.);
#2997=ORIENTED_EDGE('',*,*,#975,.F.);
#2998=EDGE_LOOP('',(#2990,#2995,#2996,#2997));
#2999=FACE_OUTER_BOUND('',#2998,.T.);
#3000=ADVANCED_FACE('',(#2999),#2985,.T.);
#3001=DIRECTION('',(0.803201,0.595708,0));
#3002=DIRECTION('',(0,0,1));
#3003=AXIS2_PLACEMENT_3D('',#686,#3001,#3002);
#3004=PLANE('',#3003);
#3005=DIRECTION('',(0,0,1));
#3006=VECTOR('',#3005,7);
#3007=LINE('',#514,#3006);
#3008=EDGE_CURVE('',#515,#687,#3007,.T.);
#3009=ORIENTED_EDGE('',*,*,#3008,.F.);
#3010=ORIENTED_EDGE('',*,*,#985,.F.);
#3011=ORIENTED_EDGE('',*,*,#2977,.T.);
#3012=DIRECTION('',(0.595708,-0.803201,0));
#3013=VECTOR('',#3012,0.539749);
#3014=LINE('',#684,#3013);
#3015=EDGE_CURVE('',#685,#687,#3014,.T.);
#3016=ORIENTED_EDGE('',*,*,#3015,.T.);
#3017=EDGE_LOOP('',(#3009,#3010,#3011,#3016));
#3018=FACE_OUTER_BOUND('',#3017,.T.);
#3019=ADVANCED_FACE('',(#3018),#3004,.T.);
#3020=DIRECTION('',(0.740964,0.671545,0));
#3021=DIRECTION('',(0,0,1));
#3022=AXIS2_PLACEMENT_3D('',#514,#3020,#3021);
#3023=PLANE('',#3022);
#3024=ORIENTED_EDGE('',*,*,#3008,.T.);
#3025=DIRECTION('',(0.671545,-0.740964,0));
#3026=VECTOR('',#3025,0.539736);
#3027=LINE('',#686,#3026);
#3028=EDGE_CURVE('',#687,#689,#3027,.T.);
#3029=ORIENTED_EDGE('',*,*,#3028,.T.);
#3030=ORIENTED_EDGE('',*,*,#2943,.F.);
#3031=ORIENTED_EDGE('',*,*,#990,.F.);
#3032=EDGE_LOOP('',(#3024,#3029,#3030,#3031));
#3033=FACE_OUTER_BOUND('',#3032,.T.);
#3034=ADVANCED_FACE('',(#3033),#3023,.T.);
#3035=DIRECTION('',(0.595692,0.803213,0));
#3036=DIRECTION('',(0,0,1));
#3037=AXIS2_PLACEMENT_3D('',#690,#3035,#3036);
#3038=PLANE('',#3037);
#3039=DIRECTION('',(0.803213,-0.595692,0));
#3040=VECTOR('',#3039,0.539748);
#3041=LINE('',#690,#3040);
#3042=EDGE_CURVE('',#691,#693,#3041,.T.);
#3043=ORIENTED_EDGE('',*,*,#3042,.T.);
#3044=DIRECTION('',(0,0,1));
#3045=VECTOR('',#3044,7);
#3046=LINE('',#520,#3045);
#3047=EDGE_CURVE('',#521,#693,#3046,.T.);
#3048=ORIENTED_EDGE('',*,*,#3047,.F.);
#3049=ORIENTED_EDGE('',*,*,#1000,.F.);
#3050=ORIENTED_EDGE('',*,*,#2953,.T.);
#3051=EDGE_LOOP('',(#3043,#3048,#3049,#3050));
#3052=FACE_OUTER_BOUND('',#3051,.T.);
#3053=ADVANCED_FACE('',(#3052),#3038,.T.);
#3054=DIRECTION('',(0.514106,0.857727,0));
#3055=DIRECTION('',(0,0,1));
#3056=AXIS2_PLACEMENT_3D('',#520,#3054,#3055);
#3057=PLANE('',#3056);
#3058=ORIENTED_EDGE('',*,*,#3047,.T.);
#3059=DIRECTION('',(0.857727,-0.514106,0));
#3060=VECTOR('',#3059,0.539743);
#3061=LINE('',#692,#3060);
#3062=EDGE_CURVE('',#693,#697,#3061,.T.);
#3063=ORIENTED_EDGE('',*,*,#3062,.T.);
#3064=DIRECTION('',(0,0,1));
#3065=VECTOR('',#3064,7);
#3066=LINE('',#524,#3065);
#3067=EDGE_CURVE('',#525,#697,#3066,.T.);
#3068=ORIENTED_EDGE('',*,*,#3067,.F.);
#3069=ORIENTED_EDGE('',*,*,#1005,.F.);
#3070=EDGE_LOOP('',(#3058,#3063,#3068,#3069));
#3071=FACE_OUTER_BOUND('',#3070,.T.);
#3072=ADVANCED_FACE('',(#3071),#3057,.T.);
#3073=DIRECTION('',(0.42756,0.903987,0));
#3074=DIRECTION('',(0,0,1));
#3075=AXIS2_PLACEMENT_3D('',#694,#3073,#3074);
#3076=PLANE('',#3075);
#3077=DIRECTION('',(0,0,1));
#3078=VECTOR('',#3077,7);
#3079=LINE('',#522,#3078);
#3080=EDGE_CURVE('',#523,#695,#3079,.T.);
#3081=ORIENTED_EDGE('',*,*,#3080,.F.);
#3082=ORIENTED_EDGE('',*,*,#1010,.T.);
#3083=ORIENTED_EDGE('',*,*,#3067,.T.);
#3084=DIRECTION('',(-0.903987,0.42756,0));
#3085=VECTOR('',#3084,0.539737);
#3086=LINE('',#694,#3085);
#3087=EDGE_CURVE('',#695,#697,#3086,.T.);
#3088=ORIENTED_EDGE('',*,*,#3087,.F.);
#3089=EDGE_LOOP('',(#3081,#3082,#3083,#3088));
#3090=FACE_OUTER_BOUND('',#3089,.T.);
#3091=ADVANCED_FACE('',(#3090),#3076,.T.);
#3092=DIRECTION('',(0.941533,0.336922,0));
#3093=DIRECTION('',(0,0,-1));
#3094=AXIS2_PLACEMENT_3D('',#698,#3092,#3093);
#3095=PLANE('',#3094);
#3096=DIRECTION('',(-0.336922,0.941533,0));
#3097=VECTOR('',#3096,0.539752);
#3098=LINE('',#680,#3097);
#3099=EDGE_CURVE('',#681,#699,#3098,.T.);
#3100=ORIENTED_EDGE('',*,*,#3099,.F.);
#3101=ORIENTED_EDGE('',*,*,#2989,.F.);
#3102=ORIENTED_EDGE('',*,*,#970,.T.);
#3103=DIRECTION('',(0,0,1));
#3104=VECTOR('',#3103,7);
#3105=LINE('',#526,#3104);
#3106=EDGE_CURVE('',#527,#699,#3105,.T.);
#3107=ORIENTED_EDGE('',*,*,#3106,.T.);
#3108=EDGE_LOOP('',(#3100,#3101,#3102,#3107));
#3109=FACE_OUTER_BOUND('',#3108,.T.);
#3110=ADVANCED_FACE('',(#3109),#3095,.T.);
#3111=DIRECTION('',(0.970037,0.242957,0));
#3112=DIRECTION('',(0,0,-1));
#3113=AXIS2_PLACEMENT_3D('',#528,#3111,#3112);
#3114=PLANE('',#3113);
#3115=DIRECTION('',(0,0,1));
#3116=VECTOR('',#3115,7);
#3117=LINE('',#528,#3116);
#3118=EDGE_CURVE('',#529,#701,#3117,.T.);
#3119=ORIENTED_EDGE('',*,*,#3118,.T.);
#3120=DIRECTION('',(-0.242957,0.970037,0));
#3121=VECTOR('',#3120,0.539741);
#3122=LINE('',#698,#3121);
#3123=EDGE_CURVE('',#699,#701,#3122,.T.);
#3124=ORIENTED_EDGE('',*,*,#3123,.F.);
#3125=ORIENTED_EDGE('',*,*,#3106,.F.);
#3126=ORIENTED_EDGE('',*,*,#965,.T.);
#3127=EDGE_LOOP('',(#3119,#3124,#3125,#3126));
#3128=FACE_OUTER_BOUND('',#3127,.T.);
#3129=ADVANCED_FACE('',(#3128),#3114,.T.);
#3130=DIRECTION('',(0.989177,0.146724,0));
#3131=DIRECTION('',(0,0,-1));
#3132=AXIS2_PLACEMENT_3D('',#530,#3130,#3131);
#3133=PLANE('',#3132);
#3134=DIRECTION('',(0,0,1));
#3135=VECTOR('',#3134,7);
#3136=LINE('',#530,#3135);
#3137=EDGE_CURVE('',#531,#703,#3136,.T.);
#3138=ORIENTED_EDGE('',*,*,#3137,.T.);
#3139=DIRECTION('',(-0.146724,0.989177,0));
#3140=VECTOR('',#3139,0.539743);
#3141=LINE('',#700,#3140);
#3142=EDGE_CURVE('',#701,#703,#3141,.T.);
#3143=ORIENTED_EDGE('',*,*,#3142,.F.);
#3144=ORIENTED_EDGE('',*,*,#3118,.F.);
#3145=ORIENTED_EDGE('',*,*,#960,.T.);
#3146=EDGE_LOOP('',(#3138,#3143,#3144,#3145));
#3147=FACE_OUTER_BOUND('',#3146,.T.);
#3148=ADVANCED_FACE('',(#3147),#3133,.T.);
#3149=DIRECTION('',(0.998795,0.049077,0));
#3150=DIRECTION('',(0,0,-1));
#3151=AXIS2_PLACEMENT_3D('',#530,#3149,#3150);
#3152=PLANE('',#3151);
#3153=ORIENTED_EDGE('',*,*,#955,.T.);
#3154=DIRECTION('',(0,0,1));
#3155=VECTOR('',#3154,7);
#3156=LINE('',#532,#3155);
#3157=EDGE_CURVE('',#533,#705,#3156,.T.);
#3158=ORIENTED_EDGE('',*,*,#3157,.T.);
#3159=DIRECTION('',(-0.049077,0.998795,0));
#3160=VECTOR('',#3159,0.539745);
#3161=LINE('',#702,#3160);
#3162=EDGE_CURVE('',#703,#705,#3161,.T.);
#3163=ORIENTED_EDGE('',*,*,#3162,.F.);
#3164=ORIENTED_EDGE('',*,*,#3137,.F.);
#3165=EDGE_LOOP('',(#3153,#3158,#3163,#3164));
#3166=FACE_OUTER_BOUND('',#3165,.T.);
#3167=ADVANCED_FACE('',(#3166),#3152,.T.);
#3168=DIRECTION('',(0.998795,-0.049077,0));
#3169=DIRECTION('',(0,0,-1));
#3170=AXIS2_PLACEMENT_3D('',#534,#3168,#3169);
#3171=PLANE('',#3170);
#3172=DIRECTION('',(0,0,1));
#3173=VECTOR('',#3172,7);
#3174=LINE('',#534,#3173);
#3175=EDGE_CURVE('',#535,#707,#3174,.T.);
#3176=ORIENTED_EDGE('',*,*,#3175,.T.);
#3177=DIRECTION('',(0.049077,0.998795,0));
#3178=VECTOR('',#3177,0.539745);
#3179=LINE('',#704,#3178);
#3180=EDGE_CURVE('',#705,#707,#3179,.T.);
#3181=ORIENTED_EDGE('',*,*,#3180,.F.);
#3182=ORIENTED_EDGE('',*,*,#3157,.F.);
#3183=ORIENTED_EDGE('',*,*,#950,.T.);
#3184=EDGE_LOOP('',(#3176,#3181,#3182,#3183));
#3185=FACE_OUTER_BOUND('',#3184,.T.);
#3186=ADVANCED_FACE('',(#3185),#3171,.T.);
#3187=DIRECTION('',(0.989177,-0.146724,0));
#3188=DIRECTION('',(0,0,-1));
#3189=AXIS2_PLACEMENT_3D('',#708,#3187,#3188);
#3190=PLANE('',#3189);
#3191=DIRECTION('',(0.146724,0.989177,0));
#3192=VECTOR('',#3191,0.539743);
#3193=LINE('',#706,#3192);
#3194=EDGE_CURVE('',#707,#709,#3193,.T.);
#3195=ORIENTED_EDGE('',*,*,#3194,.F.);
#3196=ORIENTED_EDGE('',*,*,#3175,.F.);
#3197=ORIENTED_EDGE('',*,*,#945,.T.);
#3198=DIRECTION('',(0,0,1));
#3199=VECTOR('',#3198,7);
#3200=LINE('',#536,#3199);
#3201=EDGE_CURVE('',#537,#709,#3200,.T.);
#3202=ORIENTED_EDGE('',*,*,#3201,.T.);
#3203=EDGE_LOOP('',(#3195,#3196,#3197,#3202));
#3204=FACE_OUTER_BOUND('',#3203,.T.);
#3205=ADVANCED_FACE('',(#3204),#3190,.T.);
#3206=DIRECTION('',(0.970037,-0.242957,0));
#3207=DIRECTION('',(0,0,-1));
#3208=AXIS2_PLACEMENT_3D('',#538,#3206,#3207);
#3209=PLANE('',#3208);
#3210=DIRECTION('',(0,0,1));
#3211=VECTOR('',#3210,7);
#3212=LINE('',#538,#3211);
#3213=EDGE_CURVE('',#539,#711,#3212,.T.);
#3214=ORIENTED_EDGE('',*,*,#3213,.T.);
#3215=DIRECTION('',(0.242957,0.970037,0));
#3216=VECTOR('',#3215,0.539741);
#3217=LINE('',#708,#3216);
#3218=EDGE_CURVE('',#709,#711,#3217,.T.);
#3219=ORIENTED_EDGE('',*,*,#3218,.F.);
#3220=ORIENTED_EDGE('',*,*,#3201,.F.);
#3221=ORIENTED_EDGE('',*,*,#940,.T.);
#3222=EDGE_LOOP('',(#3214,#3219,#3220,#3221));
#3223=FACE_OUTER_BOUND('',#3222,.T.);
#3224=ADVANCED_FACE('',(#3223),#3209,.T.);
#3225=DIRECTION('',(0.941533,-0.336922,0));
#3226=DIRECTION('',(0,0,-1));
#3227=AXIS2_PLACEMENT_3D('',#538,#3225,#3226);
#3228=PLANE('',#3227);
#3229=ORIENTED_EDGE('',*,*,#935,.T.);
#3230=DIRECTION('',(0,0,1));
#3231=VECTOR('',#3230,7);
#3232=LINE('',#540,#3231);
#3233=EDGE_CURVE('',#541,#713,#3232,.T.);
#3234=ORIENTED_EDGE('',*,*,#3233,.T.);
#3235=DIRECTION('',(0.336922,0.941533,0));
#3236=VECTOR('',#3235,0.539752);
#3237=LINE('',#710,#3236);
#3238=EDGE_CURVE('',#711,#713,#3237,.T.);
#3239=ORIENTED_EDGE('',*,*,#3238,.F.);
#3240=ORIENTED_EDGE('',*,*,#3213,.F.);
#3241=EDGE_LOOP('',(#3229,#3234,#3239,#3240));
#3242=FACE_OUTER_BOUND('',#3241,.T.);
#3243=ADVANCED_FACE('',(#3242),#3228,.T.);
#3244=DIRECTION('',(0.903987,-0.427561,0));
#3245=DIRECTION('',(0,0,-1));
#3246=AXIS2_PLACEMENT_3D('',#712,#3244,#3245);
#3247=PLANE('',#3246);
#3248=ORIENTED_EDGE('',*,*,#3233,.F.);
#3249=ORIENTED_EDGE('',*,*,#930,.T.);
#3250=DIRECTION('',(0,0,1));
#3251=VECTOR('',#3250,7);
#3252=LINE('',#542,#3251);
#3253=EDGE_CURVE('',#543,#715,#3252,.T.);
#3254=ORIENTED_EDGE('',*,*,#3253,.T.);
#3255=DIRECTION('',(0.427561,0.903987,0));
#3256=VECTOR('',#3255,0.539745);
#3257=LINE('',#712,#3256);
#3258=EDGE_CURVE('',#713,#715,#3257,.T.);
#3259=ORIENTED_EDGE('',*,*,#3258,.F.);
#3260=EDGE_LOOP('',(#3248,#3249,#3254,#3259));
#3261=FACE_OUTER_BOUND('',#3260,.T.);
#3262=ADVANCED_FACE('',(#3261),#3247,.T.);
#3263=DIRECTION('',(0.857743,-0.514078,0));
#3264=DIRECTION('',(0,0,-1));
#3265=AXIS2_PLACEMENT_3D('',#714,#3263,#3264);
#3266=PLANE('',#3265);
#3267=ORIENTED_EDGE('',*,*,#3253,.F.);
#3268=ORIENTED_EDGE('',*,*,#925,.T.);
#3269=DIRECTION('',(0,0,1));
#3270=VECTOR('',#3269,7);
#3271=LINE('',#544,#3270);
#3272=EDGE_CURVE('',#545,#717,#3271,.T.);
#3273=ORIENTED_EDGE('',*,*,#3272,.T.);
#3274=DIRECTION('',(0.514078,0.857743,0));
#3275=VECTOR('',#3274,0.539734);
#3276=LINE('',#714,#3275);
#3277=EDGE_CURVE('',#715,#717,#3276,.T.);
#3278=ORIENTED_EDGE('',*,*,#3277,.F.);
#3279=EDGE_LOOP('',(#3267,#3268,#3273,#3278));
#3280=FACE_OUTER_BOUND('',#3279,.T.);
#3281=ADVANCED_FACE('',(#3280),#3266,.T.);
#3282=DIRECTION('',(0.803201,-0.595708,0));
#3283=DIRECTION('',(0,0,-1));
#3284=AXIS2_PLACEMENT_3D('',#546,#3282,#3283);
#3285=PLANE('',#3284);
#3286=DIRECTION('',(0,0,1));
#3287=VECTOR('',#3286,7);
#3288=LINE('',#546,#3287);
#3289=EDGE_CURVE('',#547,#719,#3288,.T.);
#3290=ORIENTED_EDGE('',*,*,#3289,.T.);
#3291=DIRECTION('',(0.595708,0.803201,0));
#3292=VECTOR('',#3291,0.539749);
#3293=LINE('',#716,#3292);
#3294=EDGE_CURVE('',#717,#719,#3293,.T.);
#3295=ORIENTED_EDGE('',*,*,#3294,.F.);
#3296=ORIENTED_EDGE('',*,*,#3272,.F.);
#3297=ORIENTED_EDGE('',*,*,#920,.T.);
#3298=EDGE_LOOP('',(#3290,#3295,#3296,#3297));
#3299=FACE_OUTER_BOUND('',#3298,.T.);
#3300=ADVANCED_FACE('',(#3299),#3285,.T.);
#3301=DIRECTION('',(0.740964,-0.671545,0));
#3302=DIRECTION('',(0,0,-1));
#3303=AXIS2_PLACEMENT_3D('',#720,#3301,#3302);
#3304=PLANE('',#3303);
#3305=DIRECTION('',(0.671545,0.740964,0));
#3306=VECTOR('',#3305,0.539736);
#3307=LINE('',#718,#3306);
#3308=EDGE_CURVE('',#719,#721,#3307,.T.);
#3309=ORIENTED_EDGE('',*,*,#3308,.F.);
#3310=ORIENTED_EDGE('',*,*,#3289,.F.);
#3311=ORIENTED_EDGE('',*,*,#915,.T.);
#3312=DIRECTION('',(0,0,1));
#3313=VECTOR('',#3312,7);
#3314=LINE('',#548,#3313);
#3315=EDGE_CURVE('',#549,#721,#3314,.T.);
#3316=ORIENTED_EDGE('',*,*,#3315,.T.);
#3317=EDGE_LOOP('',(#3309,#3310,#3311,#3316));
#3318=FACE_OUTER_BOUND('',#3317,.T.);
#3319=ADVANCED_FACE('',(#3318),#3304,.T.);
#3320=DIRECTION('',(0.671551,-0.740958,0));
#3321=DIRECTION('',(0,0,-1));
#3322=AXIS2_PLACEMENT_3D('',#722,#3320,#3321);
#3323=PLANE('',#3322);
#3324=DIRECTION('',(0.740958,0.671551,0));
#3325=VECTOR('',#3324,0.539751);
#3326=LINE('',#720,#3325);
#3327=EDGE_CURVE('',#721,#723,#3326,.T.);
#3328=ORIENTED_EDGE('',*,*,#3327,.F.);
#3329=ORIENTED_EDGE('',*,*,#3315,.F.);
#3330=ORIENTED_EDGE('',*,*,#910,.T.);
#3331=DIRECTION('',(0,0,1));
#3332=VECTOR('',#3331,7);
#3333=LINE('',#550,#3332);
#3334=EDGE_CURVE('',#551,#723,#3333,.T.);
#3335=ORIENTED_EDGE('',*,*,#3334,.T.);
#3336=EDGE_LOOP('',(#3328,#3329,#3330,#3335));
#3337=FACE_OUTER_BOUND('',#3336,.T.);
#3338=ADVANCED_FACE('',(#3337),#3323,.T.);
#3339=DIRECTION('',(0.595692,-0.803213,0));
#3340=DIRECTION('',(0,0,-1));
#3341=AXIS2_PLACEMENT_3D('',#552,#3339,#3340);
#3342=PLANE('',#3341);
#3343=DIRECTION('',(0,0,1));
#3344=VECTOR('',#3343,7);
#3345=LINE('',#552,#3344);
#3346=EDGE_CURVE('',#553,#725,#3345,.T.);
#3347=ORIENTED_EDGE('',*,*,#3346,.T.);
#3348=DIRECTION('',(0.803213,0.595692,0));
#3349=VECTOR('',#3348,0.539748);
#3350=LINE('',#722,#3349);
#3351=EDGE_CURVE('',#723,#725,#3350,.T.);
#3352=ORIENTED_EDGE('',*,*,#3351,.F.);
#3353=ORIENTED_EDGE('',*,*,#3334,.F.);
#3354=ORIENTED_EDGE('',*,*,#905,.T.);
#3355=EDGE_LOOP('',(#3347,#3352,#3353,#3354));
#3356=FACE_OUTER_BOUND('',#3355,.T.);
#3357=ADVANCED_FACE('',(#3356),#3342,.T.);
#3358=DIRECTION('',(0.514106,-0.857727,0));
#3359=DIRECTION('',(0,0,-1));
#3360=AXIS2_PLACEMENT_3D('',#554,#3358,#3359);
#3361=PLANE('',#3360);
#3362=DIRECTION('',(0,0,1));
#3363=VECTOR('',#3362,7);
#3364=LINE('',#554,#3363);
#3365=EDGE_CURVE('',#555,#727,#3364,.T.);
#3366=ORIENTED_EDGE('',*,*,#3365,.T.);
#3367=DIRECTION('',(0.857727,0.514106,0));
#3368=VECTOR('',#3367,0.539743);
#3369=LINE('',#724,#3368);
#3370=EDGE_CURVE('',#725,#727,#3369,.T.);
#3371=ORIENTED_EDGE('',*,*,#3370,.F.);
#3372=ORIENTED_EDGE('',*,*,#3346,.F.);
#3373=ORIENTED_EDGE('',*,*,#900,.T.);
#3374=EDGE_LOOP('',(#3366,#3371,#3372,#3373));
#3375=FACE_OUTER_BOUND('',#3374,.T.);
#3376=ADVANCED_FACE('',(#3375),#3361,.T.);
#3377=DIRECTION('',(0.42756,-0.903987,0));
#3378=DIRECTION('',(0,0,-1));
#3379=AXIS2_PLACEMENT_3D('',#556,#3377,#3378);
#3380=PLANE('',#3379);
#3381=DIRECTION('',(0,0,1));
#3382=VECTOR('',#3381,7);
#3383=LINE('',#556,#3382);
#3384=EDGE_CURVE('',#557,#729,#3383,.T.);
#3385=ORIENTED_EDGE('',*,*,#3384,.T.);
#3386=DIRECTION('',(0.903987,0.42756,0));
#3387=VECTOR('',#3386,0.539737);
#3388=LINE('',#726,#3387);
#3389=EDGE_CURVE('',#727,#729,#3388,.T.);
#3390=ORIENTED_EDGE('',*,*,#3389,.F.);
#3391=ORIENTED_EDGE('',*,*,#3365,.F.);
#3392=ORIENTED_EDGE('',*,*,#895,.T.);
#3393=EDGE_LOOP('',(#3385,#3390,#3391,#3392));
#3394=FACE_OUTER_BOUND('',#3393,.T.);
#3395=ADVANCED_FACE('',(#3394),#3380,.T.);
#3396=DIRECTION('',(-0.049067,0.998795,0));
#3397=DIRECTION('',(0,-0,1));
#3398=AXIS2_PLACEMENT_3D('',#588,#3396,#3397);
#3399=PLANE('',#3398);
#3400=DIRECTION('',(0.998795,0.049067,0));
#3401=VECTOR('',#3400,0.539743);
#3402=LINE('',#588,#3401);
#3403=EDGE_CURVE('',#589,#591,#3402,.T.);
#3404=ORIENTED_EDGE('',*,*,#3403,.T.);
#3405=DIRECTION('',(0,0,1));
#3406=VECTOR('',#3405,2.5);
#3407=LINE('',#566,#3406);
#3408=EDGE_CURVE('',#567,#591,#3407,.T.);
#3409=ORIENTED_EDGE('',*,*,#3408,.F.);
#3410=ORIENTED_EDGE('',*,*,#1035,.F.);
#3411=DIRECTION('',(0,0,1));
#3412=VECTOR('',#3411,2.5);
#3413=LINE('',#564,#3412);
#3414=EDGE_CURVE('',#565,#589,#3413,.T.);
#3415=ORIENTED_EDGE('',*,*,#3414,.T.);
#3416=EDGE_LOOP('',(#3404,#3409,#3410,#3415));
#3417=FACE_OUTER_BOUND('',#3416,.T.);
#3418=ADVANCED_FACE('',(#3417),#3399,.T.);
#3419=DIRECTION('',(-0.14673,0.989177,0));
#3420=DIRECTION('',(0,-0,1));
#3421=AXIS2_PLACEMENT_3D('',#592,#3419,#3420);
#3422=PLANE('',#3421);
#3423=DIRECTION('',(0,0,1));
#3424=VECTOR('',#3423,2.5);
#3425=LINE('',#568,#3424);
#3426=EDGE_CURVE('',#569,#593,#3425,.T.);
#3427=ORIENTED_EDGE('',*,*,#3426,.F.);
#3428=ORIENTED_EDGE('',*,*,#1040,.F.);
#3429=ORIENTED_EDGE('',*,*,#3408,.T.);
#3430=DIRECTION('',(0.989177,0.14673,0));
#3431=VECTOR('',#3430,0.539747);
#3432=LINE('',#590,#3431);
#3433=EDGE_CURVE('',#591,#593,#3432,.T.);
#3434=ORIENTED_EDGE('',*,*,#3433,.T.);
#3435=EDGE_LOOP('',(#3427,#3428,#3429,#3434));
#3436=FACE_OUTER_BOUND('',#3435,.T.);
#3437=ADVANCED_FACE('',(#3436),#3422,.T.);
#3438=DIRECTION('',(-0.242985,0.97003,0));
#3439=DIRECTION('',(0,-0,1));
#3440=AXIS2_PLACEMENT_3D('',#592,#3438,#3439);
#3441=PLANE('',#3440);
#3442=DIRECTION('',(0.97003,0.242985,0));
#3443=VECTOR('',#3442,0.539735);
#3444=LINE('',#592,#3443);
#3445=EDGE_CURVE('',#593,#595,#3444,.T.);
#3446=ORIENTED_EDGE('',*,*,#3445,.T.);
#3447=DIRECTION('',(0,0,1));
#3448=VECTOR('',#3447,2.5);
#3449=LINE('',#570,#3448);
#3450=EDGE_CURVE('',#571,#595,#3449,.T.);
#3451=ORIENTED_EDGE('',*,*,#3450,.F.);
#3452=ORIENTED_EDGE('',*,*,#1045,.F.);
#3453=ORIENTED_EDGE('',*,*,#3426,.T.);
#3454=EDGE_LOOP('',(#3446,#3451,#3452,#3453));
#3455=FACE_OUTER_BOUND('',#3454,.T.);
#3456=ADVANCED_FACE('',(#3455),#3441,.T.);
#3457=DIRECTION('',(-0.336882,0.941547,0));
#3458=DIRECTION('',(0,-0,1));
#3459=AXIS2_PLACEMENT_3D('',#596,#3457,#3458);
#3460=PLANE('',#3459);
#3461=DIRECTION('',(0,0,1));
#3462=VECTOR('',#3461,2.5);
#3463=LINE('',#572,#3462);
#3464=EDGE_CURVE('',#573,#597,#3463,.T.);
#3465=ORIENTED_EDGE('',*,*,#3464,.F.);
#3466=ORIENTED_EDGE('',*,*,#1050,.F.);
#3467=ORIENTED_EDGE('',*,*,#3450,.T.);
#3468=DIRECTION('',(0.941547,0.336882,0));
#3469=VECTOR('',#3468,0.53976);
#3470=LINE('',#594,#3469);
#3471=EDGE_CURVE('',#595,#597,#3470,.T.);
#3472=ORIENTED_EDGE('',*,*,#3471,.T.);
#3473=EDGE_LOOP('',(#3465,#3466,#3467,#3472));
#3474=FACE_OUTER_BOUND('',#3473,.T.);
#3475=ADVANCED_FACE('',(#3474),#3460,.T.);
#3476=DIRECTION('',(-0.42756,0.903987,0));
#3477=DIRECTION('',(0,-0,1));
#3478=AXIS2_PLACEMENT_3D('',#596,#3476,#3477);
#3479=PLANE('',#3478);
#3480=DIRECTION('',(0.903987,0.42756,0));
#3481=VECTOR('',#3480,0.539737);
#3482=LINE('',#596,#3481);
#3483=EDGE_CURVE('',#597,#599,#3482,.T.);
#3484=ORIENTED_EDGE('',*,*,#3483,.T.);
#3485=DIRECTION('',(0,0,1));
#3486=VECTOR('',#3485,2.5);
#3487=LINE('',#574,#3486);
#3488=EDGE_CURVE('',#575,#599,#3487,.T.);
#3489=ORIENTED_EDGE('',*,*,#3488,.F.);
#3490=ORIENTED_EDGE('',*,*,#1055,.F.);
#3491=ORIENTED_EDGE('',*,*,#3464,.T.);
#3492=EDGE_LOOP('',(#3484,#3489,#3490,#3491));
#3493=FACE_OUTER_BOUND('',#3492,.T.);
#3494=ADVANCED_FACE('',(#3493),#3479,.T.);
#3495=DIRECTION('',(-0.514106,0.857727,0));
#3496=DIRECTION('',(0,-0,1));
#3497=AXIS2_PLACEMENT_3D('',#574,#3495,#3496);
#3498=PLANE('',#3497);
#3499=ORIENTED_EDGE('',*,*,#3488,.T.);
#3500=DIRECTION('',(0.857727,0.514106,0));
#3501=VECTOR('',#3500,0.539743);
#3502=LINE('',#598,#3501);
#3503=EDGE_CURVE('',#599,#601,#3502,.T.);
#3504=ORIENTED_EDGE('',*,*,#3503,.T.);
#3505=DIRECTION('',(0,0,1));
#3506=VECTOR('',#3505,2.5);
#3507=LINE('',#576,#3506);
#3508=EDGE_CURVE('',#577,#601,#3507,.T.);
#3509=ORIENTED_EDGE('',*,*,#3508,.F.);
#3510=ORIENTED_EDGE('',*,*,#1060,.F.);
#3511=EDGE_LOOP('',(#3499,#3504,#3509,#3510));
#3512=FACE_OUTER_BOUND('',#3511,.T.);
#3513=ADVANCED_FACE('',(#3512),#3498,.T.);
#3514=DIRECTION('',(-0.595692,0.803213,0));
#3515=DIRECTION('',(0,-0,1));
#3516=AXIS2_PLACEMENT_3D('',#602,#3514,#3515);
#3517=PLANE('',#3516);
#3518=DIRECTION('',(0,0,1));
#3519=VECTOR('',#3518,2.5);
#3520=LINE('',#578,#3519);
#3521=EDGE_CURVE('',#579,#603,#3520,.T.);
#3522=ORIENTED_EDGE('',*,*,#3521,.F.);
#3523=ORIENTED_EDGE('',*,*,#1065,.F.);
#3524=ORIENTED_EDGE('',*,*,#3508,.T.);
#3525=DIRECTION('',(0.803213,0.595692,0));
#3526=VECTOR('',#3525,0.539748);
#3527=LINE('',#600,#3526);
#3528=EDGE_CURVE('',#601,#603,#3527,.T.);
#3529=ORIENTED_EDGE('',*,*,#3528,.T.);
#3530=EDGE_LOOP('',(#3522,#3523,#3524,#3529));
#3531=FACE_OUTER_BOUND('',#3530,.T.);
#3532=ADVANCED_FACE('',(#3531),#3517,.T.);
#3533=DIRECTION('',(-0.671551,0.740958,0));
#3534=DIRECTION('',(0,-0,1));
#3535=AXIS2_PLACEMENT_3D('',#602,#3533,#3534);
#3536=PLANE('',#3535);
#3537=DIRECTION('',(0.740958,0.671551,0));
#3538=VECTOR('',#3537,0.539751);
#3539=LINE('',#602,#3538);
#3540=EDGE_CURVE('',#603,#605,#3539,.T.);
#3541=ORIENTED_EDGE('',*,*,#3540,.T.);
#3542=DIRECTION('',(0,0,1));
#3543=VECTOR('',#3542,2.5);
#3544=LINE('',#580,#3543);
#3545=EDGE_CURVE('',#581,#605,#3544,.T.);
#3546=ORIENTED_EDGE('',*,*,#3545,.F.);
#3547=ORIENTED_EDGE('',*,*,#785,.F.);
#3548=ORIENTED_EDGE('',*,*,#3521,.T.);
#3549=EDGE_LOOP('',(#3541,#3546,#3547,#3548));
#3550=FACE_OUTER_BOUND('',#3549,.T.);
#3551=ADVANCED_FACE('',(#3550),#3536,.T.);
#3552=DIRECTION('',(-0.740964,0.671545,0));
#3553=DIRECTION('',(0,-0,1));
#3554=AXIS2_PLACEMENT_3D('',#580,#3552,#3553);
#3555=PLANE('',#3554);
#3556=ORIENTED_EDGE('',*,*,#3545,.T.);
#3557=DIRECTION('',(0.671545,0.740964,0));
#3558=VECTOR('',#3557,0.539736);
#3559=LINE('',#604,#3558);
#3560=EDGE_CURVE('',#605,#607,#3559,.T.);
#3561=ORIENTED_EDGE('',*,*,#3560,.T.);
#3562=DIRECTION('',(0,0,1));
#3563=VECTOR('',#3562,2.5);
#3564=LINE('',#582,#3563);
#3565=EDGE_CURVE('',#583,#607,#3564,.T.);
#3566=ORIENTED_EDGE('',*,*,#3565,.F.);
#3567=ORIENTED_EDGE('',*,*,#790,.F.);
#3568=EDGE_LOOP('',(#3556,#3561,#3566,#3567));
#3569=FACE_OUTER_BOUND('',#3568,.T.);
#3570=ADVANCED_FACE('',(#3569),#3555,.T.);
#3571=DIRECTION('',(-0.803201,0.595708,0));
#3572=DIRECTION('',(0,-0,1));
#3573=AXIS2_PLACEMENT_3D('',#582,#3571,#3572);
#3574=PLANE('',#3573);
#3575=ORIENTED_EDGE('',*,*,#3565,.T.);
#3576=DIRECTION('',(0.595708,0.803201,0));
#3577=VECTOR('',#3576,0.539749);
#3578=LINE('',#606,#3577);
#3579=EDGE_CURVE('',#607,#609,#3578,.T.);
#3580=ORIENTED_EDGE('',*,*,#3579,.T.);
#3581=DIRECTION('',(0,0,1));
#3582=VECTOR('',#3581,2.5);
#3583=LINE('',#584,#3582);
#3584=EDGE_CURVE('',#585,#609,#3583,.T.);
#3585=ORIENTED_EDGE('',*,*,#3584,.F.);
#3586=ORIENTED_EDGE('',*,*,#795,.F.);
#3587=EDGE_LOOP('',(#3575,#3580,#3585,#3586));
#3588=FACE_OUTER_BOUND('',#3587,.T.);
#3589=ADVANCED_FACE('',(#3588),#3574,.T.);
#3590=DIRECTION('',(-0.857721,0.514116,0));
#3591=DIRECTION('',(0,-0,1));
#3592=AXIS2_PLACEMENT_3D('',#610,#3590,#3591);
#3593=PLANE('',#3592);
#3594=DIRECTION('',(0,0,1));
#3595=VECTOR('',#3594,2.5);
#3596=LINE('',#586,#3595);
#3597=EDGE_CURVE('',#587,#611,#3596,.T.);
#3598=ORIENTED_EDGE('',*,*,#3597,.F.);
#3599=ORIENTED_EDGE('',*,*,#800,.F.);
#3600=ORIENTED_EDGE('',*,*,#3584,.T.);
#3601=DIRECTION('',(0.514116,0.857721,0));
#3602=VECTOR('',#3601,0.356334);
#3603=LINE('',#608,#3602);
#3604=EDGE_CURVE('',#609,#611,#3603,.T.);
#3605=ORIENTED_EDGE('',*,*,#3604,.T.);
#3606=EDGE_LOOP('',(#3598,#3599,#3600,#3605));
#3607=FACE_OUTER_BOUND('',#3606,.T.);
#3608=ADVANCED_FACE('',(#3607),#3593,.T.);
#3609=DIRECTION('',(0.336882,0.941547,0));
#3610=DIRECTION('',(0,0,1));
#3611=AXIS2_PLACEMENT_3D('',#558,#3609,#3610);
#3612=PLANE('',#3611);
#3613=ORIENTED_EDGE('',*,*,#1015,.F.);
#3614=ORIENTED_EDGE('',*,*,#3080,.T.);
#3615=DIRECTION('',(0.941547,-0.336882,0));
#3616=VECTOR('',#3615,0.53976);
#3617=LINE('',#694,#3616);
#3618=EDGE_CURVE('',#695,#731,#3617,.T.);
#3619=ORIENTED_EDGE('',*,*,#3618,.T.);
#3620=DIRECTION('',(0,0,1));
#3621=VECTOR('',#3620,7);
#3622=LINE('',#558,#3621);
#3623=EDGE_CURVE('',#559,#731,#3622,.T.);
#3624=ORIENTED_EDGE('',*,*,#3623,.F.);
#3625=EDGE_LOOP('',(#3613,#3614,#3619,#3624));
#3626=FACE_OUTER_BOUND('',#3625,.T.);
#3627=ADVANCED_FACE('',(#3626),#3612,.T.);
#3628=DIRECTION('',(0.242985,0.97003,0));
#3629=DIRECTION('',(0,0,1));
#3630=AXIS2_PLACEMENT_3D('',#730,#3628,#3629);
#3631=PLANE('',#3630);
#3632=DIRECTION('',(0.97003,-0.242985,0));
#3633=VECTOR('',#3632,0.539735);
#3634=LINE('',#730,#3633);
#3635=EDGE_CURVE('',#731,#733,#3634,.T.);
#3636=ORIENTED_EDGE('',*,*,#3635,.T.);
#3637=DIRECTION('',(0,0,1));
#3638=VECTOR('',#3637,7);
#3639=LINE('',#560,#3638);
#3640=EDGE_CURVE('',#561,#733,#3639,.T.);
#3641=ORIENTED_EDGE('',*,*,#3640,.F.);
#3642=ORIENTED_EDGE('',*,*,#1020,.F.);
#3643=ORIENTED_EDGE('',*,*,#3623,.T.);
#3644=EDGE_LOOP('',(#3636,#3641,#3642,#3643));
#3645=FACE_OUTER_BOUND('',#3644,.T.);
#3646=ADVANCED_FACE('',(#3645),#3631,.T.);
#3647=DIRECTION('',(0.14673,0.989177,0));
#3648=DIRECTION('',(0,0,1));
#3649=AXIS2_PLACEMENT_3D('',#732,#3647,#3648);
#3650=PLANE('',#3649);
#3651=DIRECTION('',(0.989177,-0.14673,0));
#3652=VECTOR('',#3651,0.539747);
#3653=LINE('',#732,#3652);
#3654=EDGE_CURVE('',#733,#735,#3653,.T.);
#3655=ORIENTED_EDGE('',*,*,#3654,.T.);
#3656=DIRECTION('',(0,0,1));
#3657=VECTOR('',#3656,7);
#3658=LINE('',#562,#3657);
#3659=EDGE_CURVE('',#563,#735,#3658,.T.);
#3660=ORIENTED_EDGE('',*,*,#3659,.F.);
#3661=ORIENTED_EDGE('',*,*,#1025,.F.);
#3662=ORIENTED_EDGE('',*,*,#3640,.T.);
#3663=EDGE_LOOP('',(#3655,#3660,#3661,#3662));
#3664=FACE_OUTER_BOUND('',#3663,.T.);
#3665=ADVANCED_FACE('',(#3664),#3650,.T.);
#3666=DIRECTION('',(0.049067,0.998795,0));
#3667=DIRECTION('',(0,0,1));
#3668=AXIS2_PLACEMENT_3D('',#588,#3666,#3667);
#3669=PLANE('',#3668);
#3670=ORIENTED_EDGE('',*,*,#3414,.F.);
#3671=ORIENTED_EDGE('',*,*,#1030,.F.);
#3672=ORIENTED_EDGE('',*,*,#3659,.T.);
#3673=DIRECTION('',(0.998795,-0.049067,0));
#3674=VECTOR('',#3673,0.539743);
#3675=LINE('',#734,#3674);
#3676=EDGE_CURVE('',#735,#737,#3675,.T.);
#3677=ORIENTED_EDGE('',*,*,#3676,.T.);
#3678=DIRECTION('',(0,0,1));
#3679=VECTOR('',#3678,4.5);
#3680=LINE('',#588,#3679);
#3681=EDGE_CURVE('',#589,#737,#3680,.T.);
#3682=ORIENTED_EDGE('',*,*,#3681,.F.);
#3683=EDGE_LOOP('',(#3670,#3671,#3672,#3677,#3682));
#3684=FACE_OUTER_BOUND('',#3683,.T.);
#3685=ADVANCED_FACE('',(#3684),#3669,.T.);
#3686=DIRECTION('',(0.049067,-0.998795,0));
#3687=DIRECTION('',(0,0,-1));
#3688=AXIS2_PLACEMENT_3D('',#642,#3686,#3687);
#3689=PLANE('',#3688);
#3690=DIRECTION('',(0,0,1));
#3691=VECTOR('',#3690,4.5);
#3692=LINE('',#642,#3691);
#3693=EDGE_CURVE('',#643,#745,#3692,.T.);
#3694=ORIENTED_EDGE('',*,*,#3693,.T.);
#3695=DIRECTION('',(0.998795,0.049067,0));
#3696=VECTOR('',#3695,0.539743);
#3697=LINE('',#742,#3696);
#3698=EDGE_CURVE('',#743,#745,#3697,.T.);
#3699=ORIENTED_EDGE('',*,*,#3698,.F.);
#3700=DIRECTION('',(0,0,1));
#3701=VECTOR('',#3700,7);
#3702=LINE('',#616,#3701);
#3703=EDGE_CURVE('',#617,#743,#3702,.T.);
#3704=ORIENTED_EDGE('',*,*,#3703,.F.);
#3705=ORIENTED_EDGE('',*,*,#875,.T.);
#3706=DIRECTION('',(0,0,1));
#3707=VECTOR('',#3706,2.5);
#3708=LINE('',#618,#3707);
#3709=EDGE_CURVE('',#619,#643,#3708,.T.);
#3710=ORIENTED_EDGE('',*,*,#3709,.T.);
#3711=EDGE_LOOP('',(#3694,#3699,#3704,#3705,#3710));
#3712=FACE_OUTER_BOUND('',#3711,.T.);
#3713=ADVANCED_FACE('',(#3712),#3689,.T.);
#3714=DIRECTION('',(-0.049067,-0.998795,-0));
#3715=DIRECTION('',(0,0,-1));
#3716=AXIS2_PLACEMENT_3D('',#642,#3714,#3715);
#3717=PLANE('',#3716);
#3718=ORIENTED_EDGE('',*,*,#3709,.F.);
#3719=ORIENTED_EDGE('',*,*,#870,.T.);
#3720=DIRECTION('',(0,0,1));
#3721=VECTOR('',#3720,2.5);
#3722=LINE('',#620,#3721);
#3723=EDGE_CURVE('',#621,#645,#3722,.T.);
#3724=ORIENTED_EDGE('',*,*,#3723,.T.);
#3725=DIRECTION('',(0.998795,-0.049067,0));
#3726=VECTOR('',#3725,0.539743);
#3727=LINE('',#642,#3726);
#3728=EDGE_CURVE('',#643,#645,#3727,.T.);
#3729=ORIENTED_EDGE('',*,*,#3728,.F.);
#3730=EDGE_LOOP('',(#3718,#3719,#3724,#3729));
#3731=FACE_OUTER_BOUND('',#3730,.T.);
#3732=ADVANCED_FACE('',(#3731),#3717,.T.);
#3733=DIRECTION('',(-0.14673,-0.989177,-0));
#3734=DIRECTION('',(0,0,-1));
#3735=AXIS2_PLACEMENT_3D('',#644,#3733,#3734);
#3736=PLANE('',#3735);
#3737=ORIENTED_EDGE('',*,*,#3723,.F.);
#3738=ORIENTED_EDGE('',*,*,#865,.T.);
#3739=DIRECTION('',(0,0,1));
#3740=VECTOR('',#3739,2.5);
#3741=LINE('',#622,#3740);
#3742=EDGE_CURVE('',#623,#647,#3741,.T.);
#3743=ORIENTED_EDGE('',*,*,#3742,.T.);
#3744=DIRECTION('',(0.989177,-0.14673,0));
#3745=VECTOR('',#3744,0.539747);
#3746=LINE('',#644,#3745);
#3747=EDGE_CURVE('',#645,#647,#3746,.T.);
#3748=ORIENTED_EDGE('',*,*,#3747,.F.);
#3749=EDGE_LOOP('',(#3737,#3738,#3743,#3748));
#3750=FACE_OUTER_BOUND('',#3749,.T.);
#3751=ADVANCED_FACE('',(#3750),#3736,.T.);
#3752=DIRECTION('',(-0.242985,-0.97003,-0));
#3753=DIRECTION('',(0,0,-1));
#3754=AXIS2_PLACEMENT_3D('',#646,#3752,#3753);
#3755=PLANE('',#3754);
#3756=ORIENTED_EDGE('',*,*,#3742,.F.);
#3757=ORIENTED_EDGE('',*,*,#860,.T.);
#3758=DIRECTION('',(0,0,1));
#3759=VECTOR('',#3758,2.5);
#3760=LINE('',#624,#3759);
#3761=EDGE_CURVE('',#625,#649,#3760,.T.);
#3762=ORIENTED_EDGE('',*,*,#3761,.T.);
#3763=DIRECTION('',(0.97003,-0.242985,0));
#3764=VECTOR('',#3763,0.539735);
#3765=LINE('',#646,#3764);
#3766=EDGE_CURVE('',#647,#649,#3765,.T.);
#3767=ORIENTED_EDGE('',*,*,#3766,.F.);
#3768=EDGE_LOOP('',(#3756,#3757,#3762,#3767));
#3769=FACE_OUTER_BOUND('',#3768,.T.);
#3770=ADVANCED_FACE('',(#3769),#3755,.T.);
#3771=DIRECTION('',(-0.336882,-0.941547,-0));
#3772=DIRECTION('',(0,0,-1));
#3773=AXIS2_PLACEMENT_3D('',#624,#3771,#3772);
#3774=PLANE('',#3773);
#3775=ORIENTED_EDGE('',*,*,#855,.T.);
#3776=DIRECTION('',(0,0,1));
#3777=VECTOR('',#3776,2.5);
#3778=LINE('',#626,#3777);
#3779=EDGE_CURVE('',#627,#651,#3778,.T.);
#3780=ORIENTED_EDGE('',*,*,#3779,.T.);
#3781=DIRECTION('',(0.941547,-0.336882,0));
#3782=VECTOR('',#3781,0.53976);
#3783=LINE('',#648,#3782);
#3784=EDGE_CURVE('',#649,#651,#3783,.T.);
#3785=ORIENTED_EDGE('',*,*,#3784,.F.);
#3786=ORIENTED_EDGE('',*,*,#3761,.F.);
#3787=EDGE_LOOP('',(#3775,#3780,#3785,#3786));
#3788=FACE_OUTER_BOUND('',#3787,.T.);
#3789=ADVANCED_FACE('',(#3788),#3774,.T.);
#3790=DIRECTION('',(-0.42756,-0.903987,-0));
#3791=DIRECTION('',(0,0,-1));
#3792=AXIS2_PLACEMENT_3D('',#652,#3790,#3791);
#3793=PLANE('',#3792);
#3794=DIRECTION('',(0.903987,-0.42756,0));
#3795=VECTOR('',#3794,0.539737);
#3796=LINE('',#650,#3795);
#3797=EDGE_CURVE('',#651,#653,#3796,.T.);
#3798=ORIENTED_EDGE('',*,*,#3797,.F.);
#3799=ORIENTED_EDGE('',*,*,#3779,.F.);
#3800=ORIENTED_EDGE('',*,*,#850,.T.);
#3801=DIRECTION('',(0,0,1));
#3802=VECTOR('',#3801,2.5);
#3803=LINE('',#628,#3802);
#3804=EDGE_CURVE('',#629,#653,#3803,.T.);
#3805=ORIENTED_EDGE('',*,*,#3804,.T.);
#3806=EDGE_LOOP('',(#3798,#3799,#3800,#3805));
#3807=FACE_OUTER_BOUND('',#3806,.T.);
#3808=ADVANCED_FACE('',(#3807),#3793,.T.);
#3809=DIRECTION('',(-0.514106,-0.857727,-0));
#3810=DIRECTION('',(0,0,-1));
#3811=AXIS2_PLACEMENT_3D('',#628,#3809,#3810);
#3812=PLANE('',#3811);
#3813=ORIENTED_EDGE('',*,*,#845,.T.);
#3814=DIRECTION('',(0,0,1));
#3815=VECTOR('',#3814,2.5);
#3816=LINE('',#630,#3815);
#3817=EDGE_CURVE('',#631,#655,#3816,.T.);
#3818=ORIENTED_EDGE('',*,*,#3817,.T.);
#3819=DIRECTION('',(0.857727,-0.514106,0));
#3820=VECTOR('',#3819,0.539743);
#3821=LINE('',#652,#3820);
#3822=EDGE_CURVE('',#653,#655,#3821,.T.);
#3823=ORIENTED_EDGE('',*,*,#3822,.F.);
#3824=ORIENTED_EDGE('',*,*,#3804,.F.);
#3825=EDGE_LOOP('',(#3813,#3818,#3823,#3824));
#3826=FACE_OUTER_BOUND('',#3825,.T.);
#3827=ADVANCED_FACE('',(#3826),#3812,.T.);
#3828=DIRECTION('',(-0.857721,-0.514116,-0));
#3829=DIRECTION('',(0,0,-1));
#3830=AXIS2_PLACEMENT_3D('',#662,#3828,#3829);
#3831=PLANE('',#3830);
#3832=DIRECTION('',(0,0,1));
#3833=VECTOR('',#3832,2.5);
#3834=LINE('',#638,#3833);
#3835=EDGE_CURVE('',#639,#663,#3834,.T.);
#3836=ORIENTED_EDGE('',*,*,#3835,.F.);
#3837=ORIENTED_EDGE('',*,*,#820,.F.);
#3838=DIRECTION('',(0,0,1));
#3839=VECTOR('',#3838,2.5);
#3840=LINE('',#634,#3839);
#3841=EDGE_CURVE('',#635,#659,#3840,.T.);
#3842=ORIENTED_EDGE('',*,*,#3841,.T.);
#3843=DIRECTION('',(-0.514116,0.857721,0));
#3844=VECTOR('',#3843,0.356334);
#3845=LINE('',#658,#3844);
#3846=EDGE_CURVE('',#659,#663,#3845,.T.);
#3847=ORIENTED_EDGE('',*,*,#3846,.T.);
#3848=EDGE_LOOP('',(#3836,#3837,#3842,#3847));
#3849=FACE_OUTER_BOUND('',#3848,.T.);
#3850=ADVANCED_FACE('',(#3849),#3831,.T.);
#3851=DIRECTION('',(-0.803201,-0.595708,-0));
#3852=DIRECTION('',(0,0,-1));
#3853=AXIS2_PLACEMENT_3D('',#660,#3851,#3852);
#3854=PLANE('',#3853);
#3855=DIRECTION('',(0,0,1));
#3856=VECTOR('',#3855,2.5);
#3857=LINE('',#636,#3856);
#3858=EDGE_CURVE('',#637,#661,#3857,.T.);
#3859=ORIENTED_EDGE('',*,*,#3858,.F.);
#3860=ORIENTED_EDGE('',*,*,#825,.T.);
#3861=ORIENTED_EDGE('',*,*,#3835,.T.);
#3862=DIRECTION('',(0.595708,-0.803201,0));
#3863=VECTOR('',#3862,0.539749);
#3864=LINE('',#660,#3863);
#3865=EDGE_CURVE('',#661,#663,#3864,.T.);
#3866=ORIENTED_EDGE('',*,*,#3865,.F.);
#3867=EDGE_LOOP('',(#3859,#3860,#3861,#3866));
#3868=FACE_OUTER_BOUND('',#3867,.T.);
#3869=ADVANCED_FACE('',(#3868),#3854,.T.);
#3870=DIRECTION('',(-0.740964,-0.671545,-0));
#3871=DIRECTION('',(0,0,-1));
#3872=AXIS2_PLACEMENT_3D('',#660,#3870,#3871);
#3873=PLANE('',#3872);
#3874=DIRECTION('',(0.671545,-0.740964,0));
#3875=VECTOR('',#3874,0.539736);
#3876=LINE('',#656,#3875);
#3877=EDGE_CURVE('',#657,#661,#3876,.T.);
#3878=ORIENTED_EDGE('',*,*,#3877,.F.);
#3879=DIRECTION('',(0,0,1));
#3880=VECTOR('',#3879,2.5);
#3881=LINE('',#632,#3880);
#3882=EDGE_CURVE('',#633,#657,#3881,.T.);
#3883=ORIENTED_EDGE('',*,*,#3882,.F.);
#3884=ORIENTED_EDGE('',*,*,#830,.T.);
#3885=ORIENTED_EDGE('',*,*,#3858,.T.);
#3886=EDGE_LOOP('',(#3878,#3883,#3884,#3885));
#3887=FACE_OUTER_BOUND('',#3886,.T.);
#3888=ADVANCED_FACE('',(#3887),#3873,.T.);
#3889=DIRECTION('',(-0.595692,-0.803213,-0));
#3890=DIRECTION('',(0,0,-1));
#3891=AXIS2_PLACEMENT_3D('',#654,#3889,#3890);
#3892=PLANE('',#3891);
#3893=ORIENTED_EDGE('',*,*,#3817,.F.);
#3894=ORIENTED_EDGE('',*,*,#840,.T.);
#3895=DIRECTION('',(0,0,1));
#3896=VECTOR('',#3895,2.5);
#3897=LINE('',#640,#3896);
#3898=EDGE_CURVE('',#641,#665,#3897,.T.);
#3899=ORIENTED_EDGE('',*,*,#3898,.T.);
#3900=DIRECTION('',(0.803213,-0.595692,0));
#3901=VECTOR('',#3900,0.539748);
#3902=LINE('',#654,#3901);
#3903=EDGE_CURVE('',#655,#665,#3902,.T.);
#3904=ORIENTED_EDGE('',*,*,#3903,.F.);
#3905=EDGE_LOOP('',(#3893,#3894,#3899,#3904));
#3906=FACE_OUTER_BOUND('',#3905,.T.);
#3907=ADVANCED_FACE('',(#3906),#3892,.T.);
#3908=DIRECTION('',(-0.671551,-0.740958,-0));
#3909=DIRECTION('',(0,0,-1));
#3910=AXIS2_PLACEMENT_3D('',#632,#3908,#3909);
#3911=PLANE('',#3910);
#3912=ORIENTED_EDGE('',*,*,#3882,.T.);
#3913=DIRECTION('',(-0.740958,0.671551,0));
#3914=VECTOR('',#3913,0.539751);
#3915=LINE('',#656,#3914);
#3916=EDGE_CURVE('',#657,#665,#3915,.T.);
#3917=ORIENTED_EDGE('',*,*,#3916,.T.);
#3918=ORIENTED_EDGE('',*,*,#3898,.F.);
#3919=ORIENTED_EDGE('',*,*,#835,.F.);
#3920=EDGE_LOOP('',(#3912,#3917,#3918,#3919));
#3921=FACE_OUTER_BOUND('',#3920,.T.);
#3922=ADVANCED_FACE('',(#3921),#3911,.T.);
#3923=DIRECTION('',(0.336882,-0.941547,0));
#3924=DIRECTION('',(0,0,-1));
#3925=AXIS2_PLACEMENT_3D('',#612,#3923,#3924);
#3926=PLANE('',#3925);
#3927=DIRECTION('',(0,0,1));
#3928=VECTOR('',#3927,7);
#3929=LINE('',#612,#3928);
#3930=EDGE_CURVE('',#613,#739,#3929,.T.);
#3931=ORIENTED_EDGE('',*,*,#3930,.T.);
#3932=DIRECTION('',(0.941547,0.336882,0));
#3933=VECTOR('',#3932,0.53976);
#3934=LINE('',#728,#3933);
#3935=EDGE_CURVE('',#729,#739,#3934,.T.);
#3936=ORIENTED_EDGE('',*,*,#3935,.F.);
#3937=ORIENTED_EDGE('',*,*,#3384,.F.);
#3938=ORIENTED_EDGE('',*,*,#890,.T.);
#3939=EDGE_LOOP('',(#3931,#3936,#3937,#3938));
#3940=FACE_OUTER_BOUND('',#3939,.T.);
#3941=ADVANCED_FACE('',(#3940),#3926,.T.);
#3942=DIRECTION('',(0.242985,-0.97003,0));
#3943=DIRECTION('',(0,0,-1));
#3944=AXIS2_PLACEMENT_3D('',#738,#3942,#3943);
#3945=PLANE('',#3944);
#3946=ORIENTED_EDGE('',*,*,#3930,.F.);
#3947=ORIENTED_EDGE('',*,*,#885,.T.);
#3948=DIRECTION('',(0,0,1));
#3949=VECTOR('',#3948,7);
#3950=LINE('',#614,#3949);
#3951=EDGE_CURVE('',#615,#741,#3950,.T.);
#3952=ORIENTED_EDGE('',*,*,#3951,.T.);
#3953=DIRECTION('',(0.97003,0.242985,0));
#3954=VECTOR('',#3953,0.539735);
#3955=LINE('',#738,#3954);
#3956=EDGE_CURVE('',#739,#741,#3955,.T.);
#3957=ORIENTED_EDGE('',*,*,#3956,.F.);
#3958=EDGE_LOOP('',(#3946,#3947,#3952,#3957));
#3959=FACE_OUTER_BOUND('',#3958,.T.);
#3960=ADVANCED_FACE('',(#3959),#3945,.T.);
#3961=DIRECTION('',(0.14673,-0.989177,0));
#3962=DIRECTION('',(0,0,-1));
#3963=AXIS2_PLACEMENT_3D('',#742,#3961,#3962);
#3964=PLANE('',#3963);
#3965=DIRECTION('',(0.989177,0.14673,0));
#3966=VECTOR('',#3965,0.539747);
#3967=LINE('',#740,#3966);
#3968=EDGE_CURVE('',#741,#743,#3967,.T.);
#3969=ORIENTED_EDGE('',*,*,#3968,.F.);
#3970=ORIENTED_EDGE('',*,*,#3951,.F.);
#3971=ORIENTED_EDGE('',*,*,#880,.T.);
#3972=ORIENTED_EDGE('',*,*,#3703,.T.);
#3973=EDGE_LOOP('',(#3969,#3970,#3971,#3972));
#3974=FACE_OUTER_BOUND('',#3973,.T.);
#3975=ADVANCED_FACE('',(#3974),#3964,.T.);
#3976=DIRECTION('',(0,0,-1));
#3977=DIRECTION('',(-0,1,0));
#3978=AXIS2_PLACEMENT_3D('',#730,#3976,#3977);
#3979=PLANE('',#3978);
#3980=ORIENTED_EDGE('',*,*,#3618,.F.);
#3981=ORIENTED_EDGE('',*,*,#3087,.T.);
#3982=ORIENTED_EDGE('',*,*,#3062,.F.);
#3983=ORIENTED_EDGE('',*,*,#3042,.F.);
#3984=ORIENTED_EDGE('',*,*,#2948,.F.);
#3985=ORIENTED_EDGE('',*,*,#3028,.F.);
#3986=ORIENTED_EDGE('',*,*,#3015,.F.);
#3987=ORIENTED_EDGE('',*,*,#2972,.F.);
#3988=ORIENTED_EDGE('',*,*,#2994,.F.);
#3989=ORIENTED_EDGE('',*,*,#3099,.T.);
#3990=ORIENTED_EDGE('',*,*,#3123,.T.);
#3991=ORIENTED_EDGE('',*,*,#3142,.T.);
#3992=ORIENTED_EDGE('',*,*,#3162,.T.);
#3993=ORIENTED_EDGE('',*,*,#3180,.T.);
#3994=ORIENTED_EDGE('',*,*,#3194,.T.);
#3995=ORIENTED_EDGE('',*,*,#3218,.T.);
#3996=ORIENTED_EDGE('',*,*,#3238,.T.);
#3997=ORIENTED_EDGE('',*,*,#3258,.T.);
#3998=ORIENTED_EDGE('',*,*,#3277,.T.);
#3999=ORIENTED_EDGE('',*,*,#3294,.T.);
#4000=ORIENTED_EDGE('',*,*,#3308,.T.);
#4001=ORIENTED_EDGE('',*,*,#3327,.T.);
#4002=ORIENTED_EDGE('',*,*,#3351,.T.);
#4003=ORIENTED_EDGE('',*,*,#3370,.T.);
#4004=ORIENTED_EDGE('',*,*,#3389,.T.);
#4005=ORIENTED_EDGE('',*,*,#3935,.T.);
#4006=ORIENTED_EDGE('',*,*,#3956,.T.);
#4007=ORIENTED_EDGE('',*,*,#3968,.T.);
#4008=ORIENTED_EDGE('',*,*,#3698,.T.);
#4009=DIRECTION('',(1,0,0));
#4010=VECTOR('',#4009,13);
#4011=LINE('',#744,#4010);
#4012=EDGE_CURVE('',#745,#753,#4011,.T.);
#4013=ORIENTED_EDGE('',*,*,#4012,.T.);
#4014=DIRECTION('',(0,1,0));
#4015=VECTOR('',#4014,8.25);
#4016=LINE('',#748,#4015);
#4017=EDGE_CURVE('',#749,#753,#4016,.T.);
#4018=ORIENTED_EDGE('',*,*,#4017,.F.);
#4019=DIRECTION('',(0,1,0));
#4020=VECTOR('',#4019,2.75);
#4021=LINE('',#746,#4020);
#4022=EDGE_CURVE('',#747,#749,#4021,.T.);
#4023=ORIENTED_EDGE('',*,*,#4022,.F.);
#4024=DIRECTION('',(1,0,0));
#4025=VECTOR('',#4024,13);
#4026=LINE('',#736,#4025);
#4027=EDGE_CURVE('',#737,#747,#4026,.T.);
#4028=ORIENTED_EDGE('',*,*,#4027,.F.);
#4029=ORIENTED_EDGE('',*,*,#3676,.F.);
#4030=ORIENTED_EDGE('',*,*,#3654,.F.);
#4031=ORIENTED_EDGE('',*,*,#3635,.F.);
#4032=EDGE_LOOP('',(#3980,#3981,#3982,#3983,#3984,#3985,#3986,#3987,#3988,#3989,#3990,#3991,#3992,#3993,#3994,#3995,#3996,#3997,#3998,#3999,#4000,#4001,#4002,#4003,#4004,#4005,#4006,#4007,#4008,#4013,#4018,#4023,#4028,#4029,#4030,#4031));
#4033=FACE_OUTER_BOUND('',#4032,.T.);
#4034=ADVANCED_FACE('',(#4033),#3979,.T.);
#4035=DIRECTION('',(0,0,-1));
#4036=DIRECTION('',(-0,1,0));
#4037=AXIS2_PLACEMENT_3D('',#450,#4035,#4036);
#4038=PLANE('',#4037);
#4039=DIRECTION('',(-0.242957,0.970037,0));
#4040=VECTOR('',#4039,0.539741);
#4041=LINE('',#450,#4040);
#4042=EDGE_CURVE('',#451,#453,#4041,.T.);
#4043=ORIENTED_EDGE('',*,*,#4042,.T.);
#4044=DIRECTION('',(-0.146724,0.989177,0));
#4045=VECTOR('',#4044,0.539743);
#4046=LINE('',#452,#4045);
#4047=EDGE_CURVE('',#453,#455,#4046,.T.);
#4048=ORIENTED_EDGE('',*,*,#4047,.T.);
#4049=DIRECTION('',(-0.049077,0.998795,0));
#4050=VECTOR('',#4049,0.539745);
#4051=LINE('',#454,#4050);
#4052=EDGE_CURVE('',#455,#457,#4051,.T.);
#4053=ORIENTED_EDGE('',*,*,#4052,.T.);
#4054=DIRECTION('',(0.049077,0.998795,0));
#4055=VECTOR('',#4054,0.539745);
#4056=LINE('',#456,#4055);
#4057=EDGE_CURVE('',#457,#459,#4056,.T.);
#4058=ORIENTED_EDGE('',*,*,#4057,.T.);
#4059=DIRECTION('',(0.146724,0.989177,0));
#4060=VECTOR('',#4059,0.539743);
#4061=LINE('',#458,#4060);
#4062=EDGE_CURVE('',#459,#461,#4061,.T.);
#4063=ORIENTED_EDGE('',*,*,#4062,.T.);
#4064=DIRECTION('',(0.242957,0.970037,0));
#4065=VECTOR('',#4064,0.539741);
#4066=LINE('',#460,#4065);
#4067=EDGE_CURVE('',#461,#463,#4066,.T.);
#4068=ORIENTED_EDGE('',*,*,#4067,.T.);
#4069=DIRECTION('',(0.336922,0.941533,0));
#4070=VECTOR('',#4069,0.539752);
#4071=LINE('',#462,#4070);
#4072=EDGE_CURVE('',#463,#465,#4071,.T.);
#4073=ORIENTED_EDGE('',*,*,#4072,.T.);
#4074=DIRECTION('',(0.427561,0.903987,0));
#4075=VECTOR('',#4074,0.539745);
#4076=LINE('',#464,#4075);
#4077=EDGE_CURVE('',#465,#467,#4076,.T.);
#4078=ORIENTED_EDGE('',*,*,#4077,.T.);
#4079=DIRECTION('',(0.514078,0.857743,0));
#4080=VECTOR('',#4079,0.539734);
#4081=LINE('',#466,#4080);
#4082=EDGE_CURVE('',#467,#469,#4081,.T.);
#4083=ORIENTED_EDGE('',*,*,#4082,.T.);
#4084=DIRECTION('',(0.595708,0.803201,0));
#4085=VECTOR('',#4084,0.539749);
#4086=LINE('',#468,#4085);
#4087=EDGE_CURVE('',#469,#471,#4086,.T.);
#4088=ORIENTED_EDGE('',*,*,#4087,.T.);
#4089=DIRECTION('',(0.671545,0.740964,0));
#4090=VECTOR('',#4089,0.539736);
#4091=LINE('',#470,#4090);
#4092=EDGE_CURVE('',#471,#473,#4091,.T.);
#4093=ORIENTED_EDGE('',*,*,#4092,.T.);
#4094=DIRECTION('',(0.740958,0.671551,0));
#4095=VECTOR('',#4094,0.539751);
#4096=LINE('',#472,#4095);
#4097=EDGE_CURVE('',#473,#475,#4096,.T.);
#4098=ORIENTED_EDGE('',*,*,#4097,.T.);
#4099=DIRECTION('',(0.803213,0.595692,0));
#4100=VECTOR('',#4099,0.539748);
#4101=LINE('',#474,#4100);
#4102=EDGE_CURVE('',#475,#477,#4101,.T.);
#4103=ORIENTED_EDGE('',*,*,#4102,.T.);
#4104=DIRECTION('',(0.857727,0.514106,0));
#4105=VECTOR('',#4104,0.539743);
#4106=LINE('',#476,#4105);
#4107=EDGE_CURVE('',#477,#479,#4106,.T.);
#4108=ORIENTED_EDGE('',*,*,#4107,.T.);
#4109=DIRECTION('',(0.903987,0.42756,0));
#4110=VECTOR('',#4109,0.539737);
#4111=LINE('',#478,#4110);
#4112=EDGE_CURVE('',#479,#481,#4111,.T.);
#4113=ORIENTED_EDGE('',*,*,#4112,.T.);
#4114=DIRECTION('',(0.941547,0.336882,0));
#4115=VECTOR('',#4114,0.53976);
#4116=LINE('',#480,#4115);
#4117=EDGE_CURVE('',#481,#491,#4116,.T.);
#4118=ORIENTED_EDGE('',*,*,#4117,.T.);
#4119=DIRECTION('',(0.97003,0.242985,0));
#4120=VECTOR('',#4119,0.539735);
#4121=LINE('',#490,#4120);
#4122=EDGE_CURVE('',#491,#493,#4121,.T.);
#4123=ORIENTED_EDGE('',*,*,#4122,.T.);
#4124=DIRECTION('',(0.989177,0.14673,0));
#4125=VECTOR('',#4124,0.539747);
#4126=LINE('',#492,#4125);
#4127=EDGE_CURVE('',#493,#495,#4126,.T.);
#4128=ORIENTED_EDGE('',*,*,#4127,.T.);
#4129=DIRECTION('',(0.998795,0.049067,0));
#4130=VECTOR('',#4129,0.539743);
#4131=LINE('',#494,#4130);
#4132=EDGE_CURVE('',#495,#497,#4131,.T.);
#4133=ORIENTED_EDGE('',*,*,#4132,.T.);
#4134=DIRECTION('',(1,0,0));
#4135=VECTOR('',#4134,13);
#4136=LINE('',#496,#4135);
#4137=EDGE_CURVE('',#497,#505,#4136,.T.);
#4138=ORIENTED_EDGE('',*,*,#4137,.T.);
#4139=DIRECTION('',(0,1,0));
#4140=VECTOR('',#4139,8.25);
#4141=LINE('',#502,#4140);
#4142=EDGE_CURVE('',#503,#505,#4141,.T.);
#4143=ORIENTED_EDGE('',*,*,#4142,.F.);
#4144=DIRECTION('',(0,1,0));
#4145=VECTOR('',#4144,2.75);
#4146=LINE('',#500,#4145);
#4147=EDGE_CURVE('',#501,#503,#4146,.T.);
#4148=ORIENTED_EDGE('',*,*,#4147,.F.);
#4149=DIRECTION('',(1,0,0));
#4150=VECTOR('',#4149,13);
#4151=LINE('',#488,#4150);
#4152=EDGE_CURVE('',#489,#501,#4151,.T.);
#4153=ORIENTED_EDGE('',*,*,#4152,.F.);
#4154=DIRECTION('',(0.998795,-0.049067,0));
#4155=VECTOR('',#4154,0.539743);
#4156=LINE('',#486,#4155);
#4157=EDGE_CURVE('',#487,#489,#4156,.T.);
#4158=ORIENTED_EDGE('',*,*,#4157,.F.);
#4159=DIRECTION('',(0.989177,-0.14673,0));
#4160=VECTOR('',#4159,0.539747);
#4161=LINE('',#484,#4160);
#4162=EDGE_CURVE('',#485,#487,#4161,.T.);
#4163=ORIENTED_EDGE('',*,*,#4162,.F.);
#4164=DIRECTION('',(0.97003,-0.242985,0));
#4165=VECTOR('',#4164,0.539735);
#4166=LINE('',#482,#4165);
#4167=EDGE_CURVE('',#483,#485,#4166,.T.);
#4168=ORIENTED_EDGE('',*,*,#4167,.F.);
#4169=DIRECTION('',(0.941547,-0.336882,0));
#4170=VECTOR('',#4169,0.53976);
#4171=LINE('',#446,#4170);
#4172=EDGE_CURVE('',#447,#483,#4171,.T.);
#4173=ORIENTED_EDGE('',*,*,#4172,.F.);
#4174=DIRECTION('',(-0.903987,0.42756,0));
#4175=VECTOR('',#4174,0.539737);
#4176=LINE('',#446,#4175);
#4177=EDGE_CURVE('',#447,#449,#4176,.T.);
#4178=ORIENTED_EDGE('',*,*,#4177,.T.);
#4179=DIRECTION('',(0.857727,-0.514106,0));
#4180=VECTOR('',#4179,0.539743);
#4181=LINE('',#444,#4180);
#4182=EDGE_CURVE('',#445,#449,#4181,.T.);
#4183=ORIENTED_EDGE('',*,*,#4182,.F.);
#4184=DIRECTION('',(0.803213,-0.595692,0));
#4185=VECTOR('',#4184,0.539748);
#4186=LINE('',#442,#4185);
#4187=EDGE_CURVE('',#443,#445,#4186,.T.);
#4188=ORIENTED_EDGE('',*,*,#4187,.F.);
#4189=DIRECTION('',(0.740958,-0.671551,0));
#4190=VECTOR('',#4189,0.539751);
#4191=LINE('',#440,#4190);
#4192=EDGE_CURVE('',#441,#443,#4191,.T.);
#4193=ORIENTED_EDGE('',*,*,#4192,.F.);
#4194=DIRECTION('',(0.671545,-0.740964,0));
#4195=VECTOR('',#4194,0.539736);
#4196=LINE('',#438,#4195);
#4197=EDGE_CURVE('',#439,#441,#4196,.T.);
#4198=ORIENTED_EDGE('',*,*,#4197,.F.);
#4199=DIRECTION('',(0.595708,-0.803201,0));
#4200=VECTOR('',#4199,0.539749);
#4201=LINE('',#436,#4200);
#4202=EDGE_CURVE('',#437,#439,#4201,.T.);
#4203=ORIENTED_EDGE('',*,*,#4202,.F.);
#4204=DIRECTION('',(0.514078,-0.857743,0));
#4205=VECTOR('',#4204,0.539734);
#4206=LINE('',#434,#4205);
#4207=EDGE_CURVE('',#435,#437,#4206,.T.);
#4208=ORIENTED_EDGE('',*,*,#4207,.F.);
#4209=DIRECTION('',(0.427561,-0.903987,0));
#4210=VECTOR('',#4209,0.539745);
#4211=LINE('',#432,#4210);
#4212=EDGE_CURVE('',#433,#435,#4211,.T.);
#4213=ORIENTED_EDGE('',*,*,#4212,.F.);
#4214=DIRECTION('',(-0.336922,0.941533,0));
#4215=VECTOR('',#4214,0.539752);
#4216=LINE('',#432,#4215);
#4217=EDGE_CURVE('',#433,#451,#4216,.T.);
#4218=ORIENTED_EDGE('',*,*,#4217,.T.);
#4219=EDGE_LOOP('',(#4043,#4048,#4053,#4058,#4063,#4068,#4073,#4078,#4083,#4088,#4093,#4098,#4103,#4108,#4113,#4118,#4123,#4128,#4133,#4138,#4143,#4148,#4153,#4158,#4163,#4168,#4173,#4178,#4183,#4188,#4193,#4198,#4203,#4208,#4213,#4218));
#4220=FACE_OUTER_BOUND('',#4219,.T.);
#4221=ADVANCED_FACE('',(#4220),#4038,.T.);
#4222=DIRECTION('',(0,1,0));
#4223=DIRECTION('',(0,0,1));
#4224=AXIS2_PLACEMENT_3D('',#610,#4222,#4223);
#4225=PLANE('',#4224);
#4226=DIRECTION('',(1,0,0));
#4227=VECTOR('',#4226,8.243713);
#4228=LINE('',#610,#4227);
#4229=EDGE_CURVE('',#611,#671,#4228,.T.);
#4230=ORIENTED_EDGE('',*,*,#4229,.T.);
#4231=DIRECTION('',(0,0,1));
#4232=VECTOR('',#4231,2.5);
#4233=LINE('',#666,#4232);
#4234=EDGE_CURVE('',#667,#671,#4233,.T.);
#4235=ORIENTED_EDGE('',*,*,#4234,.F.);
#4236=ORIENTED_EDGE('',*,*,#805,.F.);
#4237=ORIENTED_EDGE('',*,*,#3597,.T.);
#4238=EDGE_LOOP('',(#4230,#4235,#4236,#4237));
#4239=FACE_OUTER_BOUND('',#4238,.T.);
#4240=ADVANCED_FACE('',(#4239),#4225,.T.);
#4241=DIRECTION('',(0,-1,0));
#4242=DIRECTION('',(0,0,-1));
#4243=AXIS2_PLACEMENT_3D('',#672,#4241,#4242);
#4244=PLANE('',#4243);
#4245=DIRECTION('',(0,0,1));
#4246=VECTOR('',#4245,2.5);
#4247=LINE('',#672,#4246);
#4248=EDGE_CURVE('',#673,#677,#4247,.T.);
#4249=ORIENTED_EDGE('',*,*,#4248,.T.);
#4250=DIRECTION('',(1,0,0));
#4251=VECTOR('',#4250,8.243713);
#4252=LINE('',#658,#4251);
#4253=EDGE_CURVE('',#659,#677,#4252,.T.);
#4254=ORIENTED_EDGE('',*,*,#4253,.F.);
#4255=ORIENTED_EDGE('',*,*,#3841,.F.);
#4256=ORIENTED_EDGE('',*,*,#815,.T.);
#4257=EDGE_LOOP('',(#4249,#4254,#4255,#4256));
#4258=FACE_OUTER_BOUND('',#4257,.T.);
#4259=ADVANCED_FACE('',(#4258),#4244,.T.);
#4260=DIRECTION('',(-1,0,0));
#4261=DIRECTION('',(0,-0,1));
#4262=AXIS2_PLACEMENT_3D('',#668,#4260,#4261);
#4263=PLANE('',#4262);
#4264=DIRECTION('',(0,0,1));
#4265=VECTOR('',#4264,4.5);
#4266=LINE('',#668,#4265);
#4267=EDGE_CURVE('',#669,#747,#4266,.T.);
#4268=ORIENTED_EDGE('',*,*,#4267,.T.);
#4269=ORIENTED_EDGE('',*,*,#4022,.T.);
#4270=ORIENTED_EDGE('',*,*,#4017,.T.);
#4271=DIRECTION('',(0,0,1));
#4272=VECTOR('',#4271,4.5);
#4273=LINE('',#678,#4272);
#4274=EDGE_CURVE('',#679,#753,#4273,.T.);
#4275=ORIENTED_EDGE('',*,*,#4274,.F.);
#4276=DIRECTION('',(0,1,0));
#4277=VECTOR('',#4276,2.75);
#4278=LINE('',#676,#4277);
#4279=EDGE_CURVE('',#677,#679,#4278,.T.);
#4280=ORIENTED_EDGE('',*,*,#4279,.F.);
#4281=ORIENTED_EDGE('',*,*,#4248,.F.);
#4282=ORIENTED_EDGE('',*,*,#810,.F.);
#4283=ORIENTED_EDGE('',*,*,#4234,.T.);
#4284=DIRECTION('',(0,1,0));
#4285=VECTOR('',#4284,2.75);
#4286=LINE('',#668,#4285);
#4287=EDGE_CURVE('',#669,#671,#4286,.T.);
#4288=ORIENTED_EDGE('',*,*,#4287,.F.);
#4289=EDGE_LOOP('',(#4268,#4269,#4270,#4275,#4280,#4281,#4282,#4283,#4288));
#4290=FACE_OUTER_BOUND('',#4289,.T.);
#4291=ADVANCED_FACE('',(#4290),#4263,.T.);
#4292=DIRECTION('',(-1,0,0));
#4293=DIRECTION('',(0,-0,1));
#4294=AXIS2_PLACEMENT_3D('',#428,#4292,#4293);
#4295=PLANE('',#4294);
#4296=DIRECTION('',(0,0,1));
#4297=VECTOR('',#4296,2.5);
#4298=LINE('',#426,#4297);
#4299=EDGE_CURVE('',#427,#429,#4298,.T.);
#4300=ORIENTED_EDGE('',*,*,#4299,.F.);
#4301=ORIENTED_EDGE('',*,*,#1207,.F.);
#4302=DIRECTION('',(0,0,1));
#4303=VECTOR('',#4302,2.5);
#4304=LINE('',#418,#4303);
#4305=EDGE_CURVE('',#419,#425,#4304,.T.);
#4306=ORIENTED_EDGE('',*,*,#4305,.T.);
#4307=DIRECTION('',(0,1,0));
#4308=VECTOR('',#4307,2.75);
#4309=LINE('',#422,#4308);
#4310=EDGE_CURVE('',#423,#425,#4309,.T.);
#4311=ORIENTED_EDGE('',*,*,#4310,.F.);
#4312=DIRECTION('',(0,0,1));
#4313=VECTOR('',#4312,4.5);
#4314=LINE('',#422,#4313);
#4315=EDGE_CURVE('',#423,#501,#4314,.T.);
#4316=ORIENTED_EDGE('',*,*,#4315,.T.);
#4317=ORIENTED_EDGE('',*,*,#4147,.T.);
#4318=ORIENTED_EDGE('',*,*,#4142,.T.);
#4319=DIRECTION('',(0,0,1));
#4320=VECTOR('',#4319,4.5);
#4321=LINE('',#430,#4320);
#4322=EDGE_CURVE('',#431,#505,#4321,.T.);
#4323=ORIENTED_EDGE('',*,*,#4322,.F.);
#4324=DIRECTION('',(0,1,0));
#4325=VECTOR('',#4324,2.75);
#4326=LINE('',#428,#4325);
#4327=EDGE_CURVE('',#429,#431,#4326,.T.);
#4328=ORIENTED_EDGE('',*,*,#4327,.F.);
#4329=EDGE_LOOP('',(#4300,#4301,#4306,#4311,#4316,#4317,#4318,#4323,#4328));
#4330=FACE_OUTER_BOUND('',#4329,.T.);
#4331=ADVANCED_FACE('',(#4330),#4295,.T.);
#4332=DIRECTION('',(0,0,1));
#4333=DIRECTION('',(0,-1,0));
#4334=AXIS2_PLACEMENT_3D('',#588,#4332,#4333);
#4335=PLANE('',#4334);
#4336=DIRECTION('',(1,0,0));
#4337=VECTOR('',#4336,13);
#4338=LINE('',#588,#4337);
#4339=EDGE_CURVE('',#589,#669,#4338,.T.);
#4340=ORIENTED_EDGE('',*,*,#4339,.T.);
#4341=ORIENTED_EDGE('',*,*,#4287,.T.);
#4342=ORIENTED_EDGE('',*,*,#4229,.F.);
#4343=ORIENTED_EDGE('',*,*,#3604,.F.);
#4344=ORIENTED_EDGE('',*,*,#3579,.F.);
#4345=ORIENTED_EDGE('',*,*,#3560,.F.);
#4346=ORIENTED_EDGE('',*,*,#3540,.F.);
#4347=ORIENTED_EDGE('',*,*,#3528,.F.);
#4348=ORIENTED_EDGE('',*,*,#3503,.F.);
#4349=ORIENTED_EDGE('',*,*,#3483,.F.);
#4350=ORIENTED_EDGE('',*,*,#3471,.F.);
#4351=ORIENTED_EDGE('',*,*,#3445,.F.);
#4352=ORIENTED_EDGE('',*,*,#3433,.F.);
#4353=ORIENTED_EDGE('',*,*,#3403,.F.);
#4354=EDGE_LOOP('',(#4340,#4341,#4342,#4343,#4344,#4345,#4346,#4347,#4348,#4349,#4350,#4351,#4352,#4353));
#4355=FACE_OUTER_BOUND('',#4354,.T.);
#4356=ADVANCED_FACE('',(#4355),#4335,.T.);
#4357=DIRECTION('',(0,0,1));
#4358=DIRECTION('',(0,-1,0));
#4359=AXIS2_PLACEMENT_3D('',#654,#4357,#4358);
#4360=PLANE('',#4359);
#4361=ORIENTED_EDGE('',*,*,#3903,.T.);
#4362=ORIENTED_EDGE('',*,*,#3916,.F.);
#4363=ORIENTED_EDGE('',*,*,#3877,.T.);
#4364=ORIENTED_EDGE('',*,*,#3865,.T.);
#4365=ORIENTED_EDGE('',*,*,#3846,.F.);
#4366=ORIENTED_EDGE('',*,*,#4253,.T.);
#4367=ORIENTED_EDGE('',*,*,#4279,.T.);
#4368=DIRECTION('',(1,0,0));
#4369=VECTOR('',#4368,13);
#4370=LINE('',#642,#4369);
#4371=EDGE_CURVE('',#643,#679,#4370,.T.);
#4372=ORIENTED_EDGE('',*,*,#4371,.F.);
#4373=ORIENTED_EDGE('',*,*,#3728,.T.);
#4374=ORIENTED_EDGE('',*,*,#3747,.T.);
#4375=ORIENTED_EDGE('',*,*,#3766,.T.);
#4376=ORIENTED_EDGE('',*,*,#3784,.T.);
#4377=ORIENTED_EDGE('',*,*,#3797,.T.);
#4378=ORIENTED_EDGE('',*,*,#3822,.T.);
#4379=EDGE_LOOP('',(#4361,#4362,#4363,#4364,#4365,#4366,#4367,#4372,#4373,#4374,#4375,#4376,#4377,#4378));
#4380=FACE_OUTER_BOUND('',#4379,.T.);
#4381=ADVANCED_FACE('',(#4380),#4360,.T.);
#4382=DIRECTION('',(0,0,1));
#4383=DIRECTION('',(0,-1,0));
#4384=AXIS2_PLACEMENT_3D('',#358,#4382,#4383);
#4385=PLANE('',#4384);
#4386=DIRECTION('',(0.595708,0.803201,0));
#4387=VECTOR('',#4386,0.539749);
#4388=LINE('',#356,#4387);
#4389=EDGE_CURVE('',#357,#359,#4388,.T.);
#4390=ORIENTED_EDGE('',*,*,#4389,.F.);
#4391=DIRECTION('',(0.671545,0.740964,0));
#4392=VECTOR('',#4391,0.539736);
#4393=LINE('',#354,#4392);
#4394=EDGE_CURVE('',#355,#357,#4393,.T.);
#4395=ORIENTED_EDGE('',*,*,#4394,.F.);
#4396=DIRECTION('',(0.740958,0.671551,0));
#4397=VECTOR('',#4396,0.539751);
#4398=LINE('',#352,#4397);
#4399=EDGE_CURVE('',#353,#355,#4398,.T.);
#4400=ORIENTED_EDGE('',*,*,#4399,.F.);
#4401=DIRECTION('',(0.803213,0.595692,0));
#4402=VECTOR('',#4401,0.539748);
#4403=LINE('',#350,#4402);
#4404=EDGE_CURVE('',#351,#353,#4403,.T.);
#4405=ORIENTED_EDGE('',*,*,#4404,.F.);
#4406=DIRECTION('',(0.857727,0.514106,0));
#4407=VECTOR('',#4406,0.539743);
#4408=LINE('',#348,#4407);
#4409=EDGE_CURVE('',#349,#351,#4408,.T.);
#4410=ORIENTED_EDGE('',*,*,#4409,.F.);
#4411=DIRECTION('',(0.903987,0.42756,0));
#4412=VECTOR('',#4411,0.539737);
#4413=LINE('',#346,#4412);
#4414=EDGE_CURVE('',#347,#349,#4413,.T.);
#4415=ORIENTED_EDGE('',*,*,#4414,.F.);
#4416=DIRECTION('',(0.941547,0.336882,0));
#4417=VECTOR('',#4416,0.53976);
#4418=LINE('',#344,#4417);
#4419=EDGE_CURVE('',#345,#347,#4418,.T.);
#4420=ORIENTED_EDGE('',*,*,#4419,.F.);
#4421=DIRECTION('',(0.97003,0.242985,0));
#4422=VECTOR('',#4421,0.539735);
#4423=LINE('',#342,#4422);
#4424=EDGE_CURVE('',#343,#345,#4423,.T.);
#4425=ORIENTED_EDGE('',*,*,#4424,.F.);
#4426=DIRECTION('',(0.989177,0.14673,0));
#4427=VECTOR('',#4426,0.539747);
#4428=LINE('',#340,#4427);
#4429=EDGE_CURVE('',#341,#343,#4428,.T.);
#4430=ORIENTED_EDGE('',*,*,#4429,.F.);
#4431=DIRECTION('',(0.998795,0.049067,0));
#4432=VECTOR('',#4431,0.539743);
#4433=LINE('',#338,#4432);
#4434=EDGE_CURVE('',#339,#341,#4433,.T.);
#4435=ORIENTED_EDGE('',*,*,#4434,.F.);
#4436=DIRECTION('',(1,0,0));
#4437=VECTOR('',#4436,13);
#4438=LINE('',#338,#4437);
#4439=EDGE_CURVE('',#339,#423,#4438,.T.);
#4440=ORIENTED_EDGE('',*,*,#4439,.T.);
#4441=ORIENTED_EDGE('',*,*,#4310,.T.);
#4442=DIRECTION('',(1,0,0));
#4443=VECTOR('',#4442,8.243713);
#4444=LINE('',#360,#4443);
#4445=EDGE_CURVE('',#361,#425,#4444,.T.);
#4446=ORIENTED_EDGE('',*,*,#4445,.F.);
#4447=DIRECTION('',(0.514116,0.857721,0));
#4448=VECTOR('',#4447,0.356334);
#4449=LINE('',#358,#4448);
#4450=EDGE_CURVE('',#359,#361,#4449,.T.);
#4451=ORIENTED_EDGE('',*,*,#4450,.F.);
#4452=EDGE_LOOP('',(#4390,#4395,#4400,#4405,#4410,#4415,#4420,#4425,#4430,#4435,#4440,#4441,#4446,#4451));
#4453=FACE_OUTER_BOUND('',#4452,.T.);
#4454=ADVANCED_FACE('',(#4453),#4385,.T.);
#4455=DIRECTION('',(0,0,1));
#4456=DIRECTION('',(0,-1,0));
#4457=AXIS2_PLACEMENT_3D('',#392,#4455,#4456);
#4458=PLANE('',#4457);
#4459=DIRECTION('',(0.998795,-0.049067,0));
#4460=VECTOR('',#4459,0.539743);
#4461=LINE('',#392,#4460);
#4462=EDGE_CURVE('',#393,#395,#4461,.T.);
#4463=ORIENTED_EDGE('',*,*,#4462,.T.);
#4464=DIRECTION('',(0.989177,-0.14673,0));
#4465=VECTOR('',#4464,0.539747);
#4466=LINE('',#394,#4465);
#4467=EDGE_CURVE('',#395,#397,#4466,.T.);
#4468=ORIENTED_EDGE('',*,*,#4467,.T.);
#4469=DIRECTION('',(0.97003,-0.242985,0));
#4470=VECTOR('',#4469,0.539735);
#4471=LINE('',#396,#4470);
#4472=EDGE_CURVE('',#397,#399,#4471,.T.);
#4473=ORIENTED_EDGE('',*,*,#4472,.T.);
#4474=DIRECTION('',(0.941547,-0.336882,0));
#4475=VECTOR('',#4474,0.53976);
#4476=LINE('',#398,#4475);
#4477=EDGE_CURVE('',#399,#401,#4476,.T.);
#4478=ORIENTED_EDGE('',*,*,#4477,.T.);
#4479=DIRECTION('',(0.903987,-0.42756,0));
#4480=VECTOR('',#4479,0.539737);
#4481=LINE('',#400,#4480);
#4482=EDGE_CURVE('',#401,#403,#4481,.T.);
#4483=ORIENTED_EDGE('',*,*,#4482,.T.);
#4484=DIRECTION('',(0.857727,-0.514106,0));
#4485=VECTOR('',#4484,0.539743);
#4486=LINE('',#402,#4485);
#4487=EDGE_CURVE('',#403,#405,#4486,.T.);
#4488=ORIENTED_EDGE('',*,*,#4487,.T.);
#4489=DIRECTION('',(0.803213,-0.595692,0));
#4490=VECTOR('',#4489,0.539748);
#4491=LINE('',#404,#4490);
#4492=EDGE_CURVE('',#405,#415,#4491,.T.);
#4493=ORIENTED_EDGE('',*,*,#4492,.T.);
#4494=DIRECTION('',(-0.740958,0.671551,0));
#4495=VECTOR('',#4494,0.539751);
#4496=LINE('',#406,#4495);
#4497=EDGE_CURVE('',#407,#415,#4496,.T.);
#4498=ORIENTED_EDGE('',*,*,#4497,.F.);
#4499=DIRECTION('',(0.671545,-0.740964,0));
#4500=VECTOR('',#4499,0.539736);
#4501=LINE('',#406,#4500);
#4502=EDGE_CURVE('',#407,#411,#4501,.T.);
#4503=ORIENTED_EDGE('',*,*,#4502,.T.);
#4504=DIRECTION('',(0.595708,-0.803201,0));
#4505=VECTOR('',#4504,0.539749);
#4506=LINE('',#410,#4505);
#4507=EDGE_CURVE('',#411,#413,#4506,.T.);
#4508=ORIENTED_EDGE('',*,*,#4507,.T.);
#4509=DIRECTION('',(-0.514116,0.857721,0));
#4510=VECTOR('',#4509,0.356334);
#4511=LINE('',#408,#4510);
#4512=EDGE_CURVE('',#409,#413,#4511,.T.);
#4513=ORIENTED_EDGE('',*,*,#4512,.F.);
#4514=DIRECTION('',(1,0,0));
#4515=VECTOR('',#4514,8.243713);
#4516=LINE('',#408,#4515);
#4517=EDGE_CURVE('',#409,#429,#4516,.T.);
#4518=ORIENTED_EDGE('',*,*,#4517,.T.);
#4519=ORIENTED_EDGE('',*,*,#4327,.T.);
#4520=DIRECTION('',(1,0,0));
#4521=VECTOR('',#4520,13);
#4522=LINE('',#392,#4521);
#4523=EDGE_CURVE('',#393,#431,#4522,.T.);
#4524=ORIENTED_EDGE('',*,*,#4523,.F.);
#4525=EDGE_LOOP('',(#4463,#4468,#4473,#4478,#4483,#4488,#4493,#4498,#4503,#4508,#4513,#4518,#4519,#4524));
#4526=FACE_OUTER_BOUND('',#4525,.T.);
#4527=ADVANCED_FACE('',(#4526),#4458,.T.);
#4528=DIRECTION('',(0,1,0));
#4529=DIRECTION('',(0,0,1));
#4530=AXIS2_PLACEMENT_3D('',#588,#4528,#4529);
#4531=PLANE('',#4530);
#4532=ORIENTED_EDGE('',*,*,#3681,.T.);
#4533=ORIENTED_EDGE('',*,*,#4027,.T.);
#4534=ORIENTED_EDGE('',*,*,#4267,.F.);
#4535=ORIENTED_EDGE('',*,*,#4339,.F.);
#4536=EDGE_LOOP('',(#4532,#4533,#4534,#4535));
#4537=FACE_OUTER_BOUND('',#4536,.T.);
#4538=ADVANCED_FACE('',(#4537),#4531,.T.);
#4539=DIRECTION('',(0,-1,0));
#4540=DIRECTION('',(0,0,-1));
#4541=AXIS2_PLACEMENT_3D('',#744,#4539,#4540);
#4542=PLANE('',#4541);
#4543=ORIENTED_EDGE('',*,*,#3693,.F.);
#4544=ORIENTED_EDGE('',*,*,#4371,.T.);
#4545=ORIENTED_EDGE('',*,*,#4274,.T.);
#4546=ORIENTED_EDGE('',*,*,#4012,.F.);
#4547=EDGE_LOOP('',(#4543,#4544,#4545,#4546));
#4548=FACE_OUTER_BOUND('',#4547,.T.);
#4549=ADVANCED_FACE('',(#4548),#4542,.T.);
#4550=DIRECTION('',(0.671551,0.740958,0));
#4551=DIRECTION('',(0,0,1));
#4552=AXIS2_PLACEMENT_3D('',#268,#4550,#4551);
#4553=PLANE('',#4552);
#4554=ORIENTED_EDGE('',*,*,#1107,.F.);
#4555=DIRECTION('',(0,0,1));
#4556=VECTOR('',#4555,7);
#4557=LINE('',#266,#4556);
#4558=EDGE_CURVE('',#267,#441,#4557,.T.);
#4559=ORIENTED_EDGE('',*,*,#4558,.T.);
#4560=ORIENTED_EDGE('',*,*,#4192,.T.);
#4561=DIRECTION('',(0,0,1));
#4562=VECTOR('',#4561,7);
#4563=LINE('',#268,#4562);
#4564=EDGE_CURVE('',#269,#443,#4563,.T.);
#4565=ORIENTED_EDGE('',*,*,#4564,.F.);
#4566=EDGE_LOOP('',(#4554,#4559,#4560,#4565));
#4567=FACE_OUTER_BOUND('',#4566,.T.);
#4568=ADVANCED_FACE('',(#4567),#4553,.T.);
#4569=DIRECTION('',(0.857743,0.514078,0));
#4570=DIRECTION('',(0,0,1));
#4571=AXIS2_PLACEMENT_3D('',#260,#4569,#4570);
#4572=PLANE('',#4571);
#4573=DIRECTION('',(0,0,1));
#4574=VECTOR('',#4573,7);
#4575=LINE('',#260,#4574);
#4576=EDGE_CURVE('',#261,#435,#4575,.T.);
#4577=ORIENTED_EDGE('',*,*,#4576,.T.);
#4578=ORIENTED_EDGE('',*,*,#4207,.T.);
#4579=DIRECTION('',(0,0,1));
#4580=VECTOR('',#4579,7);
#4581=LINE('',#262,#4580);
#4582=EDGE_CURVE('',#263,#437,#4581,.T.);
#4583=ORIENTED_EDGE('',*,*,#4582,.F.);
#4584=ORIENTED_EDGE('',*,*,#1092,.F.);
#4585=EDGE_LOOP('',(#4577,#4578,#4583,#4584));
#4586=FACE_OUTER_BOUND('',#4585,.T.);
#4587=ADVANCED_FACE('',(#4586),#4572,.T.);
#4588=DIRECTION('',(0.903987,0.427561,0));
#4589=DIRECTION('',(0,0,-1));
#4590=AXIS2_PLACEMENT_3D('',#434,#4588,#4589);
#4591=PLANE('',#4590);
#4592=ORIENTED_EDGE('',*,*,#4576,.F.);
#4593=ORIENTED_EDGE('',*,*,#1087,.F.);
#4594=DIRECTION('',(0,0,1));
#4595=VECTOR('',#4594,7);
#4596=LINE('',#258,#4595);
#4597=EDGE_CURVE('',#259,#433,#4596,.T.);
#4598=ORIENTED_EDGE('',*,*,#4597,.T.);
#4599=ORIENTED_EDGE('',*,*,#4212,.T.);
#4600=EDGE_LOOP('',(#4592,#4593,#4598,#4599));
#4601=FACE_OUTER_BOUND('',#4600,.T.);
#4602=ADVANCED_FACE('',(#4601),#4591,.T.);
#4603=DIRECTION('',(0.803201,0.595708,0));
#4604=DIRECTION('',(0,0,1));
#4605=AXIS2_PLACEMENT_3D('',#436,#4603,#4604);
#4606=PLANE('',#4605);
#4607=ORIENTED_EDGE('',*,*,#4202,.T.);
#4608=DIRECTION('',(0,0,1));
#4609=VECTOR('',#4608,7);
#4610=LINE('',#264,#4609);
#4611=EDGE_CURVE('',#265,#439,#4610,.T.);
#4612=ORIENTED_EDGE('',*,*,#4611,.F.);
#4613=ORIENTED_EDGE('',*,*,#1097,.F.);
#4614=ORIENTED_EDGE('',*,*,#4582,.T.);
#4615=EDGE_LOOP('',(#4607,#4612,#4613,#4614));
#4616=FACE_OUTER_BOUND('',#4615,.T.);
#4617=ADVANCED_FACE('',(#4616),#4606,.T.);
#4618=DIRECTION('',(0.740964,0.671545,0));
#4619=DIRECTION('',(0,0,1));
#4620=AXIS2_PLACEMENT_3D('',#440,#4618,#4619);
#4621=PLANE('',#4620);
#4622=ORIENTED_EDGE('',*,*,#4558,.F.);
#4623=ORIENTED_EDGE('',*,*,#1102,.F.);
#4624=ORIENTED_EDGE('',*,*,#4611,.T.);
#4625=ORIENTED_EDGE('',*,*,#4197,.T.);
#4626=EDGE_LOOP('',(#4622,#4623,#4624,#4625));
#4627=FACE_OUTER_BOUND('',#4626,.T.);
#4628=ADVANCED_FACE('',(#4627),#4621,.T.);
#4629=DIRECTION('',(0.595692,0.803213,0));
#4630=DIRECTION('',(0,0,1));
#4631=AXIS2_PLACEMENT_3D('',#442,#4629,#4630);
#4632=PLANE('',#4631);
#4633=ORIENTED_EDGE('',*,*,#4187,.T.);
#4634=DIRECTION('',(0,0,1));
#4635=VECTOR('',#4634,7);
#4636=LINE('',#270,#4635);
#4637=EDGE_CURVE('',#271,#445,#4636,.T.);
#4638=ORIENTED_EDGE('',*,*,#4637,.F.);
#4639=ORIENTED_EDGE('',*,*,#1112,.F.);
#4640=ORIENTED_EDGE('',*,*,#4564,.T.);
#4641=EDGE_LOOP('',(#4633,#4638,#4639,#4640));
#4642=FACE_OUTER_BOUND('',#4641,.T.);
#4643=ADVANCED_FACE('',(#4642),#4632,.T.);
#4644=DIRECTION('',(0.514106,0.857727,0));
#4645=DIRECTION('',(0,0,1));
#4646=AXIS2_PLACEMENT_3D('',#448,#4644,#4645);
#4647=PLANE('',#4646);
#4648=DIRECTION('',(0,0,1));
#4649=VECTOR('',#4648,7);
#4650=LINE('',#274,#4649);
#4651=EDGE_CURVE('',#275,#449,#4650,.T.);
#4652=ORIENTED_EDGE('',*,*,#4651,.F.);
#4653=ORIENTED_EDGE('',*,*,#1117,.F.);
#4654=ORIENTED_EDGE('',*,*,#4637,.T.);
#4655=ORIENTED_EDGE('',*,*,#4182,.T.);
#4656=EDGE_LOOP('',(#4652,#4653,#4654,#4655));
#4657=FACE_OUTER_BOUND('',#4656,.T.);
#4658=ADVANCED_FACE('',(#4657),#4647,.T.);
#4659=DIRECTION('',(0.42756,0.903987,0));
#4660=DIRECTION('',(0,0,1));
#4661=AXIS2_PLACEMENT_3D('',#272,#4659,#4660);
#4662=PLANE('',#4661);
#4663=ORIENTED_EDGE('',*,*,#1122,.T.);
#4664=ORIENTED_EDGE('',*,*,#4651,.T.);
#4665=ORIENTED_EDGE('',*,*,#4177,.F.);
#4666=DIRECTION('',(0,0,1));
#4667=VECTOR('',#4666,7);
#4668=LINE('',#272,#4667);
#4669=EDGE_CURVE('',#273,#447,#4668,.T.);
#4670=ORIENTED_EDGE('',*,*,#4669,.F.);
#4671=EDGE_LOOP('',(#4663,#4664,#4665,#4670));
#4672=FACE_OUTER_BOUND('',#4671,.T.);
#4673=ADVANCED_FACE('',(#4672),#4662,.T.);
#4674=DIRECTION('',(0.941533,0.336922,0));
#4675=DIRECTION('',(0,0,-1));
#4676=AXIS2_PLACEMENT_3D('',#450,#4674,#4675);
#4677=PLANE('',#4676);
#4678=ORIENTED_EDGE('',*,*,#4217,.F.);
#4679=ORIENTED_EDGE('',*,*,#4597,.F.);
#4680=ORIENTED_EDGE('',*,*,#1082,.T.);
#4681=DIRECTION('',(0,0,1));
#4682=VECTOR('',#4681,7);
#4683=LINE('',#276,#4682);
#4684=EDGE_CURVE('',#277,#451,#4683,.T.);
#4685=ORIENTED_EDGE('',*,*,#4684,.T.);
#4686=EDGE_LOOP('',(#4678,#4679,#4680,#4685));
#4687=FACE_OUTER_BOUND('',#4686,.T.);
#4688=ADVANCED_FACE('',(#4687),#4677,.T.);
#4689=DIRECTION('',(0.970037,0.242957,0));
#4690=DIRECTION('',(0,0,-1));
#4691=AXIS2_PLACEMENT_3D('',#452,#4689,#4690);
#4692=PLANE('',#4691);
#4693=ORIENTED_EDGE('',*,*,#4042,.F.);
#4694=ORIENTED_EDGE('',*,*,#4684,.F.);
#4695=ORIENTED_EDGE('',*,*,#1077,.T.);
#4696=DIRECTION('',(0,0,1));
#4697=VECTOR('',#4696,7);
#4698=LINE('',#278,#4697);
#4699=EDGE_CURVE('',#279,#453,#4698,.T.);
#4700=ORIENTED_EDGE('',*,*,#4699,.T.);
#4701=EDGE_LOOP('',(#4693,#4694,#4695,#4700));
#4702=FACE_OUTER_BOUND('',#4701,.T.);
#4703=ADVANCED_FACE('',(#4702),#4692,.T.);
#4704=DIRECTION('',(0.989177,0.146724,0));
#4705=DIRECTION('',(0,0,-1));
#4706=AXIS2_PLACEMENT_3D('',#278,#4704,#4705);
#4707=PLANE('',#4706);
#4708=ORIENTED_EDGE('',*,*,#1072,.T.);
#4709=DIRECTION('',(0,0,1));
#4710=VECTOR('',#4709,7);
#4711=LINE('',#280,#4710);
#4712=EDGE_CURVE('',#281,#455,#4711,.T.);
#4713=ORIENTED_EDGE('',*,*,#4712,.T.);
#4714=ORIENTED_EDGE('',*,*,#4047,.F.);
#4715=ORIENTED_EDGE('',*,*,#4699,.F.);
#4716=EDGE_LOOP('',(#4708,#4713,#4714,#4715));
#4717=FACE_OUTER_BOUND('',#4716,.T.);
#4718=ADVANCED_FACE('',(#4717),#4707,.T.);
#4719=DIRECTION('',(0.998795,0.049077,0));
#4720=DIRECTION('',(0,0,-1));
#4721=AXIS2_PLACEMENT_3D('',#280,#4719,#4720);
#4722=PLANE('',#4721);
#4723=ORIENTED_EDGE('',*,*,#1357,.T.);
#4724=DIRECTION('',(0,0,1));
#4725=VECTOR('',#4724,7);
#4726=LINE('',#282,#4725);
#4727=EDGE_CURVE('',#283,#457,#4726,.T.);
#4728=ORIENTED_EDGE('',*,*,#4727,.T.);
#4729=ORIENTED_EDGE('',*,*,#4052,.F.);
#4730=ORIENTED_EDGE('',*,*,#4712,.F.);
#4731=EDGE_LOOP('',(#4723,#4728,#4729,#4730));
#4732=FACE_OUTER_BOUND('',#4731,.T.);
#4733=ADVANCED_FACE('',(#4732),#4722,.T.);
#4734=DIRECTION('',(0.998795,-0.049077,0));
#4735=DIRECTION('',(0,0,-1));
#4736=AXIS2_PLACEMENT_3D('',#284,#4734,#4735);
#4737=PLANE('',#4736);
#4738=DIRECTION('',(0,0,1));
#4739=VECTOR('',#4738,7);
#4740=LINE('',#284,#4739);
#4741=EDGE_CURVE('',#285,#459,#4740,.T.);
#4742=ORIENTED_EDGE('',*,*,#4741,.T.);
#4743=ORIENTED_EDGE('',*,*,#4057,.F.);
#4744=ORIENTED_EDGE('',*,*,#4727,.F.);
#4745=ORIENTED_EDGE('',*,*,#1352,.T.);
#4746=EDGE_LOOP('',(#4742,#4743,#4744,#4745));
#4747=FACE_OUTER_BOUND('',#4746,.T.);
#4748=ADVANCED_FACE('',(#4747),#4737,.T.);
#4749=DIRECTION('',(0.989177,-0.146724,0));
#4750=DIRECTION('',(0,0,-1));
#4751=AXIS2_PLACEMENT_3D('',#284,#4749,#4750);
#4752=PLANE('',#4751);
#4753=ORIENTED_EDGE('',*,*,#1347,.T.);
#4754=DIRECTION('',(0,0,1));
#4755=VECTOR('',#4754,7);
#4756=LINE('',#286,#4755);
#4757=EDGE_CURVE('',#287,#461,#4756,.T.);
#4758=ORIENTED_EDGE('',*,*,#4757,.T.);
#4759=ORIENTED_EDGE('',*,*,#4062,.F.);
#4760=ORIENTED_EDGE('',*,*,#4741,.F.);
#4761=EDGE_LOOP('',(#4753,#4758,#4759,#4760));
#4762=FACE_OUTER_BOUND('',#4761,.T.);
#4763=ADVANCED_FACE('',(#4762),#4752,.T.);
#4764=DIRECTION('',(0.970037,-0.242957,0));
#4765=DIRECTION('',(0,0,-1));
#4766=AXIS2_PLACEMENT_3D('',#286,#4764,#4765);
#4767=PLANE('',#4766);
#4768=ORIENTED_EDGE('',*,*,#1342,.T.);
#4769=DIRECTION('',(0,0,1));
#4770=VECTOR('',#4769,7);
#4771=LINE('',#288,#4770);
#4772=EDGE_CURVE('',#289,#463,#4771,.T.);
#4773=ORIENTED_EDGE('',*,*,#4772,.T.);
#4774=ORIENTED_EDGE('',*,*,#4067,.F.);
#4775=ORIENTED_EDGE('',*,*,#4757,.F.);
#4776=EDGE_LOOP('',(#4768,#4773,#4774,#4775));
#4777=FACE_OUTER_BOUND('',#4776,.T.);
#4778=ADVANCED_FACE('',(#4777),#4767,.T.);
#4779=DIRECTION('',(0.941533,-0.336922,0));
#4780=DIRECTION('',(0,0,-1));
#4781=AXIS2_PLACEMENT_3D('',#288,#4779,#4780);
#4782=PLANE('',#4781);
#4783=ORIENTED_EDGE('',*,*,#1337,.T.);
#4784=DIRECTION('',(0,0,1));
#4785=VECTOR('',#4784,7);
#4786=LINE('',#290,#4785);
#4787=EDGE_CURVE('',#291,#465,#4786,.T.);
#4788=ORIENTED_EDGE('',*,*,#4787,.T.);
#4789=ORIENTED_EDGE('',*,*,#4072,.F.);
#4790=ORIENTED_EDGE('',*,*,#4772,.F.);
#4791=EDGE_LOOP('',(#4783,#4788,#4789,#4790));
#4792=FACE_OUTER_BOUND('',#4791,.T.);
#4793=ADVANCED_FACE('',(#4792),#4782,.T.);
#4794=DIRECTION('',(0.903987,-0.427561,0));
#4795=DIRECTION('',(0,0,-1));
#4796=AXIS2_PLACEMENT_3D('',#290,#4794,#4795);
#4797=PLANE('',#4796);
#4798=ORIENTED_EDGE('',*,*,#1332,.T.);
#4799=DIRECTION('',(0,0,1));
#4800=VECTOR('',#4799,7);
#4801=LINE('',#292,#4800);
#4802=EDGE_CURVE('',#293,#467,#4801,.T.);
#4803=ORIENTED_EDGE('',*,*,#4802,.T.);
#4804=ORIENTED_EDGE('',*,*,#4077,.F.);
#4805=ORIENTED_EDGE('',*,*,#4787,.F.);
#4806=EDGE_LOOP('',(#4798,#4803,#4804,#4805));
#4807=FACE_OUTER_BOUND('',#4806,.T.);
#4808=ADVANCED_FACE('',(#4807),#4797,.T.);
#4809=DIRECTION('',(0.857743,-0.514078,0));
#4810=DIRECTION('',(0,0,-1));
#4811=AXIS2_PLACEMENT_3D('',#466,#4809,#4810);
#4812=PLANE('',#4811);
#4813=ORIENTED_EDGE('',*,*,#4802,.F.);
#4814=ORIENTED_EDGE('',*,*,#1327,.T.);
#4815=DIRECTION('',(0,0,1));
#4816=VECTOR('',#4815,7);
#4817=LINE('',#294,#4816);
#4818=EDGE_CURVE('',#295,#469,#4817,.T.);
#4819=ORIENTED_EDGE('',*,*,#4818,.T.);
#4820=ORIENTED_EDGE('',*,*,#4082,.F.);
#4821=EDGE_LOOP('',(#4813,#4814,#4819,#4820));
#4822=FACE_OUTER_BOUND('',#4821,.T.);
#4823=ADVANCED_FACE('',(#4822),#4812,.T.);
#4824=DIRECTION('',(0.803201,-0.595708,0));
#4825=DIRECTION('',(0,0,-1));
#4826=AXIS2_PLACEMENT_3D('',#470,#4824,#4825);
#4827=PLANE('',#4826);
#4828=ORIENTED_EDGE('',*,*,#4087,.F.);
#4829=ORIENTED_EDGE('',*,*,#4818,.F.);
#4830=ORIENTED_EDGE('',*,*,#1322,.T.);
#4831=DIRECTION('',(0,0,1));
#4832=VECTOR('',#4831,7);
#4833=LINE('',#296,#4832);
#4834=EDGE_CURVE('',#297,#471,#4833,.T.);
#4835=ORIENTED_EDGE('',*,*,#4834,.T.);
#4836=EDGE_LOOP('',(#4828,#4829,#4830,#4835));
#4837=FACE_OUTER_BOUND('',#4836,.T.);
#4838=ADVANCED_FACE('',(#4837),#4827,.T.);
#4839=DIRECTION('',(0.740964,-0.671545,0));
#4840=DIRECTION('',(0,0,-1));
#4841=AXIS2_PLACEMENT_3D('',#298,#4839,#4840);
#4842=PLANE('',#4841);
#4843=DIRECTION('',(0,0,1));
#4844=VECTOR('',#4843,7);
#4845=LINE('',#298,#4844);
#4846=EDGE_CURVE('',#299,#473,#4845,.T.);
#4847=ORIENTED_EDGE('',*,*,#4846,.T.);
#4848=ORIENTED_EDGE('',*,*,#4092,.F.);
#4849=ORIENTED_EDGE('',*,*,#4834,.F.);
#4850=ORIENTED_EDGE('',*,*,#1317,.T.);
#4851=EDGE_LOOP('',(#4847,#4848,#4849,#4850));
#4852=FACE_OUTER_BOUND('',#4851,.T.);
#4853=ADVANCED_FACE('',(#4852),#4842,.T.);
#4854=DIRECTION('',(0.671551,-0.740958,0));
#4855=DIRECTION('',(0,0,-1));
#4856=AXIS2_PLACEMENT_3D('',#474,#4854,#4855);
#4857=PLANE('',#4856);
#4858=ORIENTED_EDGE('',*,*,#4097,.F.);
#4859=ORIENTED_EDGE('',*,*,#4846,.F.);
#4860=ORIENTED_EDGE('',*,*,#1312,.T.);
#4861=DIRECTION('',(0,0,1));
#4862=VECTOR('',#4861,7);
#4863=LINE('',#300,#4862);
#4864=EDGE_CURVE('',#301,#475,#4863,.T.);
#4865=ORIENTED_EDGE('',*,*,#4864,.T.);
#4866=EDGE_LOOP('',(#4858,#4859,#4860,#4865));
#4867=FACE_OUTER_BOUND('',#4866,.T.);
#4868=ADVANCED_FACE('',(#4867),#4857,.T.);
#4869=DIRECTION('',(0.595692,-0.803213,0));
#4870=DIRECTION('',(0,0,-1));
#4871=AXIS2_PLACEMENT_3D('',#302,#4869,#4870);
#4872=PLANE('',#4871);
#4873=DIRECTION('',(0,0,1));
#4874=VECTOR('',#4873,7);
#4875=LINE('',#302,#4874);
#4876=EDGE_CURVE('',#303,#477,#4875,.T.);
#4877=ORIENTED_EDGE('',*,*,#4876,.T.);
#4878=ORIENTED_EDGE('',*,*,#4102,.F.);
#4879=ORIENTED_EDGE('',*,*,#4864,.F.);
#4880=ORIENTED_EDGE('',*,*,#1307,.T.);
#4881=EDGE_LOOP('',(#4877,#4878,#4879,#4880));
#4882=FACE_OUTER_BOUND('',#4881,.T.);
#4883=ADVANCED_FACE('',(#4882),#4872,.T.);
#4884=DIRECTION('',(0.514106,-0.857727,0));
#4885=DIRECTION('',(0,0,-1));
#4886=AXIS2_PLACEMENT_3D('',#302,#4884,#4885);
#4887=PLANE('',#4886);
#4888=ORIENTED_EDGE('',*,*,#1302,.T.);
#4889=DIRECTION('',(0,0,1));
#4890=VECTOR('',#4889,7);
#4891=LINE('',#304,#4890);
#4892=EDGE_CURVE('',#305,#479,#4891,.T.);
#4893=ORIENTED_EDGE('',*,*,#4892,.T.);
#4894=ORIENTED_EDGE('',*,*,#4107,.F.);
#4895=ORIENTED_EDGE('',*,*,#4876,.F.);
#4896=EDGE_LOOP('',(#4888,#4893,#4894,#4895));
#4897=FACE_OUTER_BOUND('',#4896,.T.);
#4898=ADVANCED_FACE('',(#4897),#4887,.T.);
#4899=DIRECTION('',(0.42756,-0.903987,0));
#4900=DIRECTION('',(0,0,-1));
#4901=AXIS2_PLACEMENT_3D('',#304,#4899,#4900);
#4902=PLANE('',#4901);
#4903=ORIENTED_EDGE('',*,*,#1297,.T.);
#4904=DIRECTION('',(0,0,1));
#4905=VECTOR('',#4904,7);
#4906=LINE('',#306,#4905);
#4907=EDGE_CURVE('',#307,#481,#4906,.T.);
#4908=ORIENTED_EDGE('',*,*,#4907,.T.);
#4909=ORIENTED_EDGE('',*,*,#4112,.F.);
#4910=ORIENTED_EDGE('',*,*,#4892,.F.);
#4911=EDGE_LOOP('',(#4903,#4908,#4909,#4910));
#4912=FACE_OUTER_BOUND('',#4911,.T.);
#4913=ADVANCED_FACE('',(#4912),#4902,.T.);
#4914=DIRECTION('',(-0.049067,0.998795,0));
#4915=DIRECTION('',(0,-0,1));
#4916=AXIS2_PLACEMENT_3D('',#340,#4914,#4915);
#4917=PLANE('',#4916);
#4918=DIRECTION('',(0,0,1));
#4919=VECTOR('',#4918,2.5);
#4920=LINE('',#316,#4919);
#4921=EDGE_CURVE('',#317,#341,#4920,.T.);
#4922=ORIENTED_EDGE('',*,*,#4921,.F.);
#4923=ORIENTED_EDGE('',*,*,#1147,.F.);
#4924=DIRECTION('',(0,0,1));
#4925=VECTOR('',#4924,2.5);
#4926=LINE('',#314,#4925);
#4927=EDGE_CURVE('',#315,#339,#4926,.T.);
#4928=ORIENTED_EDGE('',*,*,#4927,.T.);
#4929=ORIENTED_EDGE('',*,*,#4434,.T.);
#4930=EDGE_LOOP('',(#4922,#4923,#4928,#4929));
#4931=FACE_OUTER_BOUND('',#4930,.T.);
#4932=ADVANCED_FACE('',(#4931),#4917,.T.);
#4933=DIRECTION('',(-0.14673,0.989177,0));
#4934=DIRECTION('',(0,-0,1));
#4935=AXIS2_PLACEMENT_3D('',#340,#4933,#4934);
#4936=PLANE('',#4935);
#4937=ORIENTED_EDGE('',*,*,#4429,.T.);
#4938=DIRECTION('',(0,0,1));
#4939=VECTOR('',#4938,2.5);
#4940=LINE('',#318,#4939);
#4941=EDGE_CURVE('',#319,#343,#4940,.T.);
#4942=ORIENTED_EDGE('',*,*,#4941,.F.);
#4943=ORIENTED_EDGE('',*,*,#1152,.F.);
#4944=ORIENTED_EDGE('',*,*,#4921,.T.);
#4945=EDGE_LOOP('',(#4937,#4942,#4943,#4944));
#4946=FACE_OUTER_BOUND('',#4945,.T.);
#4947=ADVANCED_FACE('',(#4946),#4936,.T.);
#4948=DIRECTION('',(-0.242985,0.97003,0));
#4949=DIRECTION('',(0,-0,1));
#4950=AXIS2_PLACEMENT_3D('',#342,#4948,#4949);
#4951=PLANE('',#4950);
#4952=ORIENTED_EDGE('',*,*,#4424,.T.);
#4953=DIRECTION('',(0,0,1));
#4954=VECTOR('',#4953,2.5);
#4955=LINE('',#320,#4954);
#4956=EDGE_CURVE('',#321,#345,#4955,.T.);
#4957=ORIENTED_EDGE('',*,*,#4956,.F.);
#4958=ORIENTED_EDGE('',*,*,#1157,.F.);
#4959=ORIENTED_EDGE('',*,*,#4941,.T.);
#4960=EDGE_LOOP('',(#4952,#4957,#4958,#4959));
#4961=FACE_OUTER_BOUND('',#4960,.T.);
#4962=ADVANCED_FACE('',(#4961),#4951,.T.);
#4963=DIRECTION('',(-0.336882,0.941547,0));
#4964=DIRECTION('',(0,-0,1));
#4965=AXIS2_PLACEMENT_3D('',#344,#4963,#4964);
#4966=PLANE('',#4965);
#4967=ORIENTED_EDGE('',*,*,#4419,.T.);
#4968=DIRECTION('',(0,0,1));
#4969=VECTOR('',#4968,2.5);
#4970=LINE('',#322,#4969);
#4971=EDGE_CURVE('',#323,#347,#4970,.T.);
#4972=ORIENTED_EDGE('',*,*,#4971,.F.);
#4973=ORIENTED_EDGE('',*,*,#1162,.F.);
#4974=ORIENTED_EDGE('',*,*,#4956,.T.);
#4975=EDGE_LOOP('',(#4967,#4972,#4973,#4974));
#4976=FACE_OUTER_BOUND('',#4975,.T.);
#4977=ADVANCED_FACE('',(#4976),#4966,.T.);
#4978=DIRECTION('',(-0.42756,0.903987,0));
#4979=DIRECTION('',(0,-0,1));
#4980=AXIS2_PLACEMENT_3D('',#348,#4978,#4979);
#4981=PLANE('',#4980);
#4982=DIRECTION('',(0,0,1));
#4983=VECTOR('',#4982,2.5);
#4984=LINE('',#324,#4983);
#4985=EDGE_CURVE('',#325,#349,#4984,.T.);
#4986=ORIENTED_EDGE('',*,*,#4985,.F.);
#4987=ORIENTED_EDGE('',*,*,#1167,.F.);
#4988=ORIENTED_EDGE('',*,*,#4971,.T.);
#4989=ORIENTED_EDGE('',*,*,#4414,.T.);
#4990=EDGE_LOOP('',(#4986,#4987,#4988,#4989));
#4991=FACE_OUTER_BOUND('',#4990,.T.);
#4992=ADVANCED_FACE('',(#4991),#4981,.T.);
#4993=DIRECTION('',(-0.514106,0.857727,0));
#4994=DIRECTION('',(0,-0,1));
#4995=AXIS2_PLACEMENT_3D('',#350,#4993,#4994);
#4996=PLANE('',#4995);
#4997=DIRECTION('',(0,0,1));
#4998=VECTOR('',#4997,2.5);
#4999=LINE('',#326,#4998);
#5000=EDGE_CURVE('',#327,#351,#4999,.T.);
#5001=ORIENTED_EDGE('',*,*,#5000,.F.);
#5002=ORIENTED_EDGE('',*,*,#1172,.F.);
#5003=ORIENTED_EDGE('',*,*,#4985,.T.);
#5004=ORIENTED_EDGE('',*,*,#4409,.T.);
#5005=EDGE_LOOP('',(#5001,#5002,#5003,#5004));
#5006=FACE_OUTER_BOUND('',#5005,.T.);
#5007=ADVANCED_FACE('',(#5006),#4996,.T.);
#5008=DIRECTION('',(-0.595692,0.803213,0));
#5009=DIRECTION('',(0,-0,1));
#5010=AXIS2_PLACEMENT_3D('',#328,#5008,#5009);
#5011=PLANE('',#5010);
#5012=ORIENTED_EDGE('',*,*,#1177,.F.);
#5013=ORIENTED_EDGE('',*,*,#5000,.T.);
#5014=ORIENTED_EDGE('',*,*,#4404,.T.);
#5015=DIRECTION('',(0,0,1));
#5016=VECTOR('',#5015,2.5);
#5017=LINE('',#328,#5016);
#5018=EDGE_CURVE('',#329,#353,#5017,.T.);
#5019=ORIENTED_EDGE('',*,*,#5018,.F.);
#5020=EDGE_LOOP('',(#5012,#5013,#5014,#5019));
#5021=FACE_OUTER_BOUND('',#5020,.T.);
#5022=ADVANCED_FACE('',(#5021),#5011,.T.);
#5023=DIRECTION('',(-0.671551,0.740958,0));
#5024=DIRECTION('',(0,-0,1));
#5025=AXIS2_PLACEMENT_3D('',#354,#5023,#5024);
#5026=PLANE('',#5025);
#5027=DIRECTION('',(0,0,1));
#5028=VECTOR('',#5027,2.5);
#5029=LINE('',#330,#5028);
#5030=EDGE_CURVE('',#331,#355,#5029,.T.);
#5031=ORIENTED_EDGE('',*,*,#5030,.F.);
#5032=ORIENTED_EDGE('',*,*,#1182,.F.);
#5033=ORIENTED_EDGE('',*,*,#5018,.T.);
#5034=ORIENTED_EDGE('',*,*,#4399,.T.);
#5035=EDGE_LOOP('',(#5031,#5032,#5033,#5034));
#5036=FACE_OUTER_BOUND('',#5035,.T.);
#5037=ADVANCED_FACE('',(#5036),#5026,.T.);
#5038=DIRECTION('',(-0.740964,0.671545,0));
#5039=DIRECTION('',(0,-0,1));
#5040=AXIS2_PLACEMENT_3D('',#332,#5038,#5039);
#5041=PLANE('',#5040);
#5042=ORIENTED_EDGE('',*,*,#1187,.F.);
#5043=ORIENTED_EDGE('',*,*,#5030,.T.);
#5044=ORIENTED_EDGE('',*,*,#4394,.T.);
#5045=DIRECTION('',(0,0,1));
#5046=VECTOR('',#5045,2.5);
#5047=LINE('',#332,#5046);
#5048=EDGE_CURVE('',#333,#357,#5047,.T.);
#5049=ORIENTED_EDGE('',*,*,#5048,.F.);
#5050=EDGE_LOOP('',(#5042,#5043,#5044,#5049));
#5051=FACE_OUTER_BOUND('',#5050,.T.);
#5052=ADVANCED_FACE('',(#5051),#5041,.T.);
#5053=DIRECTION('',(-0.803201,0.595708,0));
#5054=DIRECTION('',(0,-0,1));
#5055=AXIS2_PLACEMENT_3D('',#358,#5053,#5054);
#5056=PLANE('',#5055);
#5057=DIRECTION('',(0,0,1));
#5058=VECTOR('',#5057,2.5);
#5059=LINE('',#334,#5058);
#5060=EDGE_CURVE('',#335,#359,#5059,.T.);
#5061=ORIENTED_EDGE('',*,*,#5060,.F.);
#5062=ORIENTED_EDGE('',*,*,#1192,.F.);
#5063=ORIENTED_EDGE('',*,*,#5048,.T.);
#5064=ORIENTED_EDGE('',*,*,#4389,.T.);
#5065=EDGE_LOOP('',(#5061,#5062,#5063,#5064));
#5066=FACE_OUTER_BOUND('',#5065,.T.);
#5067=ADVANCED_FACE('',(#5066),#5056,.T.);
#5068=DIRECTION('',(-0.857721,0.514116,0));
#5069=DIRECTION('',(0,-0,1));
#5070=AXIS2_PLACEMENT_3D('',#360,#5068,#5069);
#5071=PLANE('',#5070);
#5072=DIRECTION('',(0,0,1));
#5073=VECTOR('',#5072,2.5);
#5074=LINE('',#336,#5073);
#5075=EDGE_CURVE('',#337,#361,#5074,.T.);
#5076=ORIENTED_EDGE('',*,*,#5075,.F.);
#5077=ORIENTED_EDGE('',*,*,#1197,.F.);
#5078=ORIENTED_EDGE('',*,*,#5060,.T.);
#5079=ORIENTED_EDGE('',*,*,#4450,.T.);
#5080=EDGE_LOOP('',(#5076,#5077,#5078,#5079));
#5081=FACE_OUTER_BOUND('',#5080,.T.);
#5082=ADVANCED_FACE('',(#5081),#5071,.T.);
#5083=DIRECTION('',(0.336882,0.941547,0));
#5084=DIRECTION('',(0,0,1));
#5085=AXIS2_PLACEMENT_3D('',#308,#5083,#5084);
#5086=PLANE('',#5085);
#5087=ORIENTED_EDGE('',*,*,#1127,.F.);
#5088=ORIENTED_EDGE('',*,*,#4669,.T.);
#5089=ORIENTED_EDGE('',*,*,#4172,.T.);
#5090=DIRECTION('',(0,0,1));
#5091=VECTOR('',#5090,7);
#5092=LINE('',#308,#5091);
#5093=EDGE_CURVE('',#309,#483,#5092,.T.);
#5094=ORIENTED_EDGE('',*,*,#5093,.F.);
#5095=EDGE_LOOP('',(#5087,#5088,#5089,#5094));
#5096=FACE_OUTER_BOUND('',#5095,.T.);
#5097=ADVANCED_FACE('',(#5096),#5086,.T.);
#5098=DIRECTION('',(0.242985,0.97003,0));
#5099=DIRECTION('',(0,0,1));
#5100=AXIS2_PLACEMENT_3D('',#484,#5098,#5099);
#5101=PLANE('',#5100);
#5102=DIRECTION('',(0,0,1));
#5103=VECTOR('',#5102,7);
#5104=LINE('',#310,#5103);
#5105=EDGE_CURVE('',#311,#485,#5104,.T.);
#5106=ORIENTED_EDGE('',*,*,#5105,.F.);
#5107=ORIENTED_EDGE('',*,*,#1132,.F.);
#5108=ORIENTED_EDGE('',*,*,#5093,.T.);
#5109=ORIENTED_EDGE('',*,*,#4167,.T.);
#5110=EDGE_LOOP('',(#5106,#5107,#5108,#5109));
#5111=FACE_OUTER_BOUND('',#5110,.T.);
#5112=ADVANCED_FACE('',(#5111),#5101,.T.);
#5113=DIRECTION('',(0.14673,0.989177,0));
#5114=DIRECTION('',(0,0,1));
#5115=AXIS2_PLACEMENT_3D('',#312,#5113,#5114);
#5116=PLANE('',#5115);
#5117=ORIENTED_EDGE('',*,*,#1137,.F.);
#5118=ORIENTED_EDGE('',*,*,#5105,.T.);
#5119=ORIENTED_EDGE('',*,*,#4162,.T.);
#5120=DIRECTION('',(0,0,1));
#5121=VECTOR('',#5120,7);
#5122=LINE('',#312,#5121);
#5123=EDGE_CURVE('',#313,#487,#5122,.T.);
#5124=ORIENTED_EDGE('',*,*,#5123,.F.);
#5125=EDGE_LOOP('',(#5117,#5118,#5119,#5124));
#5126=FACE_OUTER_BOUND('',#5125,.T.);
#5127=ADVANCED_FACE('',(#5126),#5116,.T.);
#5128=DIRECTION('',(0.049067,0.998795,0));
#5129=DIRECTION('',(0,0,1));
#5130=AXIS2_PLACEMENT_3D('',#488,#5128,#5129);
#5131=PLANE('',#5130);
#5132=DIRECTION('',(0,0,1));
#5133=VECTOR('',#5132,4.5);
#5134=LINE('',#338,#5133);
#5135=EDGE_CURVE('',#339,#489,#5134,.T.);
#5136=ORIENTED_EDGE('',*,*,#5135,.F.);
#5137=ORIENTED_EDGE('',*,*,#4927,.F.);
#5138=ORIENTED_EDGE('',*,*,#1142,.F.);
#5139=ORIENTED_EDGE('',*,*,#5123,.T.);
#5140=ORIENTED_EDGE('',*,*,#4157,.T.);
#5141=EDGE_LOOP('',(#5136,#5137,#5138,#5139,#5140));
#5142=FACE_OUTER_BOUND('',#5141,.T.);
#5143=ADVANCED_FACE('',(#5142),#5131,.T.);
#5144=DIRECTION('',(0.049067,-0.998795,0));
#5145=DIRECTION('',(0,0,-1));
#5146=AXIS2_PLACEMENT_3D('',#392,#5144,#5145);
#5147=PLANE('',#5146);
#5148=DIRECTION('',(0,0,1));
#5149=VECTOR('',#5148,4.5);
#5150=LINE('',#392,#5149);
#5151=EDGE_CURVE('',#393,#497,#5150,.T.);
#5152=ORIENTED_EDGE('',*,*,#5151,.T.);
#5153=ORIENTED_EDGE('',*,*,#4132,.F.);
#5154=DIRECTION('',(0,0,1));
#5155=VECTOR('',#5154,7);
#5156=LINE('',#366,#5155);
#5157=EDGE_CURVE('',#367,#495,#5156,.T.);
#5158=ORIENTED_EDGE('',*,*,#5157,.F.);
#5159=ORIENTED_EDGE('',*,*,#1277,.T.);
#5160=DIRECTION('',(0,0,1));
#5161=VECTOR('',#5160,2.5);
#5162=LINE('',#368,#5161);
#5163=EDGE_CURVE('',#369,#393,#5162,.T.);
#5164=ORIENTED_EDGE('',*,*,#5163,.T.);
#5165=EDGE_LOOP('',(#5152,#5153,#5158,#5159,#5164));
#5166=FACE_OUTER_BOUND('',#5165,.T.);
#5167=ADVANCED_FACE('',(#5166),#5147,.T.);
#5168=DIRECTION('',(-0.049067,-0.998795,-0));
#5169=DIRECTION('',(0,0,-1));
#5170=AXIS2_PLACEMENT_3D('',#370,#5168,#5169);
#5171=PLANE('',#5170);
#5172=DIRECTION('',(0,0,1));
#5173=VECTOR('',#5172,2.5);
#5174=LINE('',#370,#5173);
#5175=EDGE_CURVE('',#371,#395,#5174,.T.);
#5176=ORIENTED_EDGE('',*,*,#5175,.T.);
#5177=ORIENTED_EDGE('',*,*,#4462,.F.);
#5178=ORIENTED_EDGE('',*,*,#5163,.F.);
#5179=ORIENTED_EDGE('',*,*,#1272,.T.);
#5180=EDGE_LOOP('',(#5176,#5177,#5178,#5179));
#5181=FACE_OUTER_BOUND('',#5180,.T.);
#5182=ADVANCED_FACE('',(#5181),#5171,.T.);
#5183=DIRECTION('',(-0.14673,-0.989177,-0));
#5184=DIRECTION('',(0,0,-1));
#5185=AXIS2_PLACEMENT_3D('',#396,#5183,#5184);
#5186=PLANE('',#5185);
#5187=ORIENTED_EDGE('',*,*,#4467,.F.);
#5188=ORIENTED_EDGE('',*,*,#5175,.F.);
#5189=ORIENTED_EDGE('',*,*,#1267,.T.);
#5190=DIRECTION('',(0,0,1));
#5191=VECTOR('',#5190,2.5);
#5192=LINE('',#372,#5191);
#5193=EDGE_CURVE('',#373,#397,#5192,.T.);
#5194=ORIENTED_EDGE('',*,*,#5193,.T.);
#5195=EDGE_LOOP('',(#5187,#5188,#5189,#5194));
#5196=FACE_OUTER_BOUND('',#5195,.T.);
#5197=ADVANCED_FACE('',(#5196),#5186,.T.);
#5198=DIRECTION('',(-0.242985,-0.97003,-0));
#5199=DIRECTION('',(0,0,-1));
#5200=AXIS2_PLACEMENT_3D('',#372,#5198,#5199);
#5201=PLANE('',#5200);
#5202=ORIENTED_EDGE('',*,*,#1262,.T.);
#5203=DIRECTION('',(0,0,1));
#5204=VECTOR('',#5203,2.5);
#5205=LINE('',#374,#5204);
#5206=EDGE_CURVE('',#375,#399,#5205,.T.);
#5207=ORIENTED_EDGE('',*,*,#5206,.T.);
#5208=ORIENTED_EDGE('',*,*,#4472,.F.);
#5209=ORIENTED_EDGE('',*,*,#5193,.F.);
#5210=EDGE_LOOP('',(#5202,#5207,#5208,#5209));
#5211=FACE_OUTER_BOUND('',#5210,.T.);
#5212=ADVANCED_FACE('',(#5211),#5201,.T.);
#5213=DIRECTION('',(-0.336882,-0.941547,-0));
#5214=DIRECTION('',(0,0,-1));
#5215=AXIS2_PLACEMENT_3D('',#398,#5213,#5214);
#5216=PLANE('',#5215);
#5217=ORIENTED_EDGE('',*,*,#5206,.F.);
#5218=ORIENTED_EDGE('',*,*,#1257,.T.);
#5219=DIRECTION('',(0,0,1));
#5220=VECTOR('',#5219,2.5);
#5221=LINE('',#376,#5220);
#5222=EDGE_CURVE('',#377,#401,#5221,.T.);
#5223=ORIENTED_EDGE('',*,*,#5222,.T.);
#5224=ORIENTED_EDGE('',*,*,#4477,.F.);
#5225=EDGE_LOOP('',(#5217,#5218,#5223,#5224));
#5226=FACE_OUTER_BOUND('',#5225,.T.);
#5227=ADVANCED_FACE('',(#5226),#5216,.T.);
#5228=DIRECTION('',(-0.42756,-0.903987,-0));
#5229=DIRECTION('',(0,0,-1));
#5230=AXIS2_PLACEMENT_3D('',#378,#5228,#5229);
#5231=PLANE('',#5230);
#5232=DIRECTION('',(0,0,1));
#5233=VECTOR('',#5232,2.5);
#5234=LINE('',#378,#5233);
#5235=EDGE_CURVE('',#379,#403,#5234,.T.);
#5236=ORIENTED_EDGE('',*,*,#5235,.T.);
#5237=ORIENTED_EDGE('',*,*,#4482,.F.);
#5238=ORIENTED_EDGE('',*,*,#5222,.F.);
#5239=ORIENTED_EDGE('',*,*,#1252,.T.);
#5240=EDGE_LOOP('',(#5236,#5237,#5238,#5239));
#5241=FACE_OUTER_BOUND('',#5240,.T.);
#5242=ADVANCED_FACE('',(#5241),#5231,.T.);
#5243=DIRECTION('',(-0.514106,-0.857727,-0));
#5244=DIRECTION('',(0,0,-1));
#5245=AXIS2_PLACEMENT_3D('',#404,#5243,#5244);
#5246=PLANE('',#5245);
#5247=ORIENTED_EDGE('',*,*,#4487,.F.);
#5248=ORIENTED_EDGE('',*,*,#5235,.F.);
#5249=ORIENTED_EDGE('',*,*,#1247,.T.);
#5250=DIRECTION('',(0,0,1));
#5251=VECTOR('',#5250,2.5);
#5252=LINE('',#380,#5251);
#5253=EDGE_CURVE('',#381,#405,#5252,.T.);
#5254=ORIENTED_EDGE('',*,*,#5253,.T.);
#5255=EDGE_LOOP('',(#5247,#5248,#5249,#5254));
#5256=FACE_OUTER_BOUND('',#5255,.T.);
#5257=ADVANCED_FACE('',(#5256),#5246,.T.);
#5258=DIRECTION('',(-0.857721,-0.514116,-0));
#5259=DIRECTION('',(0,0,-1));
#5260=AXIS2_PLACEMENT_3D('',#412,#5258,#5259);
#5261=PLANE('',#5260);
#5262=DIRECTION('',(0,0,1));
#5263=VECTOR('',#5262,2.5);
#5264=LINE('',#388,#5263);
#5265=EDGE_CURVE('',#389,#413,#5264,.T.);
#5266=ORIENTED_EDGE('',*,*,#5265,.F.);
#5267=ORIENTED_EDGE('',*,*,#1222,.F.);
#5268=DIRECTION('',(0,0,1));
#5269=VECTOR('',#5268,2.5);
#5270=LINE('',#384,#5269);
#5271=EDGE_CURVE('',#385,#409,#5270,.T.);
#5272=ORIENTED_EDGE('',*,*,#5271,.T.);
#5273=ORIENTED_EDGE('',*,*,#4512,.T.);
#5274=EDGE_LOOP('',(#5266,#5267,#5272,#5273));
#5275=FACE_OUTER_BOUND('',#5274,.T.);
#5276=ADVANCED_FACE('',(#5275),#5261,.T.);
#5277=DIRECTION('',(-0.803201,-0.595708,-0));
#5278=DIRECTION('',(0,0,-1));
#5279=AXIS2_PLACEMENT_3D('',#388,#5277,#5278);
#5280=PLANE('',#5279);
#5281=ORIENTED_EDGE('',*,*,#5265,.T.);
#5282=ORIENTED_EDGE('',*,*,#4507,.F.);
#5283=DIRECTION('',(0,0,1));
#5284=VECTOR('',#5283,2.5);
#5285=LINE('',#386,#5284);
#5286=EDGE_CURVE('',#387,#411,#5285,.T.);
#5287=ORIENTED_EDGE('',*,*,#5286,.F.);
#5288=ORIENTED_EDGE('',*,*,#1227,.T.);
#5289=EDGE_LOOP('',(#5281,#5282,#5287,#5288));
#5290=FACE_OUTER_BOUND('',#5289,.T.);
#5291=ADVANCED_FACE('',(#5290),#5280,.T.);
#5292=DIRECTION('',(-0.740964,-0.671545,-0));
#5293=DIRECTION('',(0,0,-1));
#5294=AXIS2_PLACEMENT_3D('',#386,#5292,#5293);
#5295=PLANE('',#5294);
#5296=ORIENTED_EDGE('',*,*,#5286,.T.);
#5297=ORIENTED_EDGE('',*,*,#4502,.F.);
#5298=DIRECTION('',(0,0,1));
#5299=VECTOR('',#5298,2.5);
#5300=LINE('',#382,#5299);
#5301=EDGE_CURVE('',#383,#407,#5300,.T.);
#5302=ORIENTED_EDGE('',*,*,#5301,.F.);
#5303=ORIENTED_EDGE('',*,*,#1232,.T.);
#5304=EDGE_LOOP('',(#5296,#5297,#5302,#5303));
#5305=FACE_OUTER_BOUND('',#5304,.T.);
#5306=ADVANCED_FACE('',(#5305),#5295,.T.);
#5307=DIRECTION('',(-0.595692,-0.803213,-0));
#5308=DIRECTION('',(0,0,-1));
#5309=AXIS2_PLACEMENT_3D('',#390,#5307,#5308);
#5310=PLANE('',#5309);
#5311=DIRECTION('',(0,0,1));
#5312=VECTOR('',#5311,2.5);
#5313=LINE('',#390,#5312);
#5314=EDGE_CURVE('',#391,#415,#5313,.T.);
#5315=ORIENTED_EDGE('',*,*,#5314,.T.);
#5316=ORIENTED_EDGE('',*,*,#4492,.F.);
#5317=ORIENTED_EDGE('',*,*,#5253,.F.);
#5318=ORIENTED_EDGE('',*,*,#1242,.T.);
#5319=EDGE_LOOP('',(#5315,#5316,#5317,#5318));
#5320=FACE_OUTER_BOUND('',#5319,.T.);
#5321=ADVANCED_FACE('',(#5320),#5310,.T.);
#5322=DIRECTION('',(-0.671551,-0.740958,-0));
#5323=DIRECTION('',(0,0,-1));
#5324=AXIS2_PLACEMENT_3D('',#406,#5322,#5323);
#5325=PLANE('',#5324);
#5326=ORIENTED_EDGE('',*,*,#4497,.T.);
#5327=ORIENTED_EDGE('',*,*,#5314,.F.);
#5328=ORIENTED_EDGE('',*,*,#1237,.F.);
#5329=ORIENTED_EDGE('',*,*,#5301,.T.);
#5330=EDGE_LOOP('',(#5326,#5327,#5328,#5329));
#5331=FACE_OUTER_BOUND('',#5330,.T.);
#5332=ADVANCED_FACE('',(#5331),#5325,.T.);
#5333=DIRECTION('',(0.336882,-0.941547,0));
#5334=DIRECTION('',(0,0,-1));
#5335=AXIS2_PLACEMENT_3D('',#362,#5333,#5334);
#5336=PLANE('',#5335);
#5337=DIRECTION('',(0,0,1));
#5338=VECTOR('',#5337,7);
#5339=LINE('',#362,#5338);
#5340=EDGE_CURVE('',#363,#491,#5339,.T.);
#5341=ORIENTED_EDGE('',*,*,#5340,.T.);
#5342=ORIENTED_EDGE('',*,*,#4117,.F.);
#5343=ORIENTED_EDGE('',*,*,#4907,.F.);
#5344=ORIENTED_EDGE('',*,*,#1292,.T.);
#5345=EDGE_LOOP('',(#5341,#5342,#5343,#5344));
#5346=FACE_OUTER_BOUND('',#5345,.T.);
#5347=ADVANCED_FACE('',(#5346),#5336,.T.);
#5348=DIRECTION('',(0.242985,-0.97003,0));
#5349=DIRECTION('',(0,0,-1));
#5350=AXIS2_PLACEMENT_3D('',#492,#5348,#5349);
#5351=PLANE('',#5350);
#5352=ORIENTED_EDGE('',*,*,#4122,.F.);
#5353=ORIENTED_EDGE('',*,*,#5340,.F.);
#5354=ORIENTED_EDGE('',*,*,#1287,.T.);
#5355=DIRECTION('',(0,0,1));
#5356=VECTOR('',#5355,7);
#5357=LINE('',#364,#5356);
#5358=EDGE_CURVE('',#365,#493,#5357,.T.);
#5359=ORIENTED_EDGE('',*,*,#5358,.T.);
#5360=EDGE_LOOP('',(#5352,#5353,#5354,#5359));
#5361=FACE_OUTER_BOUND('',#5360,.T.);
#5362=ADVANCED_FACE('',(#5361),#5351,.T.);
#5363=DIRECTION('',(0.14673,-0.989177,0));
#5364=DIRECTION('',(0,0,-1));
#5365=AXIS2_PLACEMENT_3D('',#492,#5363,#5364);
#5366=PLANE('',#5365);
#5367=ORIENTED_EDGE('',*,*,#5358,.F.);
#5368=ORIENTED_EDGE('',*,*,#1282,.T.);
#5369=ORIENTED_EDGE('',*,*,#5157,.T.);
#5370=ORIENTED_EDGE('',*,*,#4127,.F.);
#5371=EDGE_LOOP('',(#5367,#5368,#5369,#5370));
#5372=FACE_OUTER_BOUND('',#5371,.T.);
#5373=ADVANCED_FACE('',(#5372),#5366,.T.);
#5374=DIRECTION('',(0,1,0));
#5375=DIRECTION('',(0,0,1));
#5376=AXIS2_PLACEMENT_3D('',#424,#5374,#5375);
#5377=PLANE('',#5376);
#5378=ORIENTED_EDGE('',*,*,#4305,.F.);
#5379=ORIENTED_EDGE('',*,*,#1202,.F.);
#5380=ORIENTED_EDGE('',*,*,#5075,.T.);
#5381=ORIENTED_EDGE('',*,*,#4445,.T.);
#5382=EDGE_LOOP('',(#5378,#5379,#5380,#5381));
#5383=FACE_OUTER_BOUND('',#5382,.T.);
#5384=ADVANCED_FACE('',(#5383),#5377,.T.);
#5385=DIRECTION('',(0,-1,0));
#5386=DIRECTION('',(0,0,-1));
#5387=AXIS2_PLACEMENT_3D('',#408,#5385,#5386);
#5388=PLANE('',#5387);
#5389=ORIENTED_EDGE('',*,*,#5271,.F.);
#5390=ORIENTED_EDGE('',*,*,#1217,.T.);
#5391=ORIENTED_EDGE('',*,*,#1212,.T.);
#5392=ORIENTED_EDGE('',*,*,#4299,.T.);
#5393=ORIENTED_EDGE('',*,*,#4517,.F.);
#5394=EDGE_LOOP('',(#5389,#5390,#5391,#5392,#5393));
#5395=FACE_OUTER_BOUND('',#5394,.T.);
#5396=ADVANCED_FACE('',(#5395),#5388,.T.);
#5397=DIRECTION('',(0,1,0));
#5398=DIRECTION('',(0,0,1));
#5399=AXIS2_PLACEMENT_3D('',#338,#5397,#5398);
#5400=PLANE('',#5399);
#5401=ORIENTED_EDGE('',*,*,#5135,.T.);
#5402=ORIENTED_EDGE('',*,*,#4152,.T.);
#5403=ORIENTED_EDGE('',*,*,#4315,.F.);
#5404=ORIENTED_EDGE('',*,*,#4439,.F.);
#5405=EDGE_LOOP('',(#5401,#5402,#5403,#5404));
#5406=FACE_OUTER_BOUND('',#5405,.T.);
#5407=ADVANCED_FACE('',(#5406),#5400,.T.);
#5408=DIRECTION('',(0,-1,0));
#5409=DIRECTION('',(0,0,-1));
#5410=AXIS2_PLACEMENT_3D('',#392,#5408,#5409);
#5411=PLANE('',#5410);
#5412=ORIENTED_EDGE('',*,*,#4523,.T.);
#5413=ORIENTED_EDGE('',*,*,#4322,.T.);
#5414=ORIENTED_EDGE('',*,*,#4137,.F.);
#5415=ORIENTED_EDGE('',*,*,#5151,.F.);
#5416=EDGE_LOOP('',(#5412,#5413,#5414,#5415));
#5417=FACE_OUTER_BOUND('',#5416,.T.);
#5418=ADVANCED_FACE('',(#5417),#5411,.T.);
#5419=CLOSED_SHELL('',(#1361,#1384,#1438,#1492,#1509,#1619,#1729,#1748,#1767,#1786,#1805,#1824,#1843,#1862,#1881,#1900,#1919,#1938,#1957,#1976,#1995,#2014,#2033,#2052,#2071,#2090,#2109,#2128,#2147,#2166,#2185,#2204,#2223,#2242,#2261,#2280,#2299,#2322,#2345,#2364,#2383,#2398,#2413,#2432,#2451,#2466,#2481,#2508,#2531,#2554,#2577,#2600,#2623,#2646,#2669,#2692,#2715,#2738,#2761,#2784,#2807,#2860,#2875,#2890,#2935,#2958,#2981,#3000,#3019,#3034,#3053,#3072,#3091,#3110,#3129,#3148,#3167,#3186,#3205,#3224,#3243,#3262,#3281,#3300,#3319,#3338,#3357,#3376,#3395,#3418,#3437,#3456,#3475,#3494,#3513,#3532,#3551,#3570,#3589,#3608,#3627,#3646,#3665,#3685,#3713,#3732,#3751,#3770,#3789,#3808,#3827,#3850,#3869,#3888,#3907,#3922,#3941,#3960,#3975,#4034,#4221,#4240,#4259,#4291,#4331,#4356,#4381,#4454,#4527,#4538,#4549,#4568,#4587,#4602,#4617,#4628,#4643,#4658,#4673,#4688,#4703,#4718,#4733,#4748,#4763,#4778,#4793,#4808,#4823,#4838,#4853,#4868,#4883,#4898,#4913,#4932,#4947,#4962,#4977,#4992,#5007,#5022,#5037,#5052,#5067,#5082,#5097,#5112,#5127,#5143,#5167,#5182,#5197,#5212,#5227,#5242,#5257,#5276,#5291,#5306,#5321,#5332,#5347,#5362,#5373,#5384,#5396,#5407,#5418));
#5420=MANIFOLD_SOLID_BREP('bracket_saddle',#5419);
#5421=CARTESIAN_POINT('',(0.,0.,0.));
#5422=DIRECTION('',(0.,0.,1.));
#5423=DIRECTION('',(1.,0.,0.));
#5424=AXIS2_PLACEMENT_3D('',#5421,#5422,#5423);
#5425=ADVANCED_BREP_SHAPE_REPRESENTATION('bracket_saddle',(#5420,#5424),#13);
#5426=SHAPE_DEFINITION_REPRESENTATION(#8,#5425);
ENDSEC;
END-ISO-10303-21;
