ISO-10303-21;
HEADER;
FILE_DESCRIPTION(('Wafer Halo'),'2;1');
FILE_NAME('bracket_shell','2026-07-22T00:00:00',('wafer-flower'),('scripts/step_export.py'),'','','');
FILE_SCHEMA(('AUTOMOTIVE_DESIGN { 1 0 10303 214 1 1 1 1 }'));
ENDSEC;
DATA;
#1=APPLICATION_CONTEXT('automotive design');
#2=APPLICATION_PROTOCOL_DEFINITION('international standard','automotive_design',2010,#1);
#3=PRODUCT_CONTEXT('',#1,'mechanical');
#4=PRODUCT('bracket_shell','bracket_shell','',(#3));
#5=PRODUCT_DEFINITION_FORMATION('','',#4);
#6=PRODUCT_DEFINITION_CONTEXT('part definition',#1,'design');
#7=PRODUCT_DEFINITION('design','',#5,#6);
#8=PRODUCT_DEFINITION_SHAPE('','',#7);
#9=(LENGTH_UNIT()NAMED_UNIT(*)SI_UNIT(.MILLI.,.METRE.));
#10=(NAMED_UNIT(*)PLANE_ANGLE_UNIT()SI_UNIT($,.RADIAN.));
#11=(NAMED_UNIT(*)SI_UNIT($,.STERADIAN.)SOLID_ANGLE_UNIT());
#12=UNCERTAINTY_MEASURE_WITH_UNIT(LENGTH_MEASURE(1.E-03),#9,'distance_accuracy_value','');
#13=(GEOMETRIC_REPRESENTATION_CONTEXT(3)GLOBAL_UNCERTAINTY_ASSIGNED_CONTEXT((#12))GLOBAL_UNIT_ASSIGNED_CONTEXT((#9,#10,#11))REPRESENTATION_CONTEXT('',''));
#14=CARTESIAN_POINT('',(-31,309.889679,-47.910862));
#15=VERTEX_POINT('',#14);
#16=CARTESIAN_POINT('',(-31,309.889679,-42.910862));
#17=VERTEX_POINT('',#16);
#18=CARTESIAN_POINT('',(-27.519234,339.716705,-47.910862));
#19=VERTEX_POINT('',#18);
#20=CARTESIAN_POINT('',(-27.404163,339.595825,-47.910862));
#21=VERTEX_POINT('',#20);
#22=CARTESIAN_POINT('',(-27.2833,339.480774,-47.910862));
#23=VERTEX_POINT('',#22);
#24=CARTESIAN_POINT('',(-27.156937,339.371765,-47.910862));
#25=VERTEX_POINT('',#24);
#26=CARTESIAN_POINT('',(-28.14119,340.698883,-47.910862));
#27=VERTEX_POINT('',#26);
#28=CARTESIAN_POINT('',(-28.20125,340.854584,-47.910862));
#29=VERTEX_POINT('',#28);
#30=CARTESIAN_POINT('',(-28.253597,341.013031,-47.910862));
#31=VERTEX_POINT('',#30);
#32=CARTESIAN_POINT('',(-28.298107,341.173859,-47.910862));
#33=VERTEX_POINT('',#32);
#34=CARTESIAN_POINT('',(-28.334669,341.3367,-47.910862));
#35=VERTEX_POINT('',#34);
#36=CARTESIAN_POINT('',(-28.363199,341.501129,-47.910862));
#37=VERTEX_POINT('',#36);
#38=CARTESIAN_POINT('',(-28.383629,341.666748,-47.910862));
#39=VERTEX_POINT('',#38);
#40=CARTESIAN_POINT('',(-28.395905,341.83316,-47.910862));
#41=VERTEX_POINT('',#40);
#42=CARTESIAN_POINT('',(-27.916277,340.252045,-47.910862));
#43=VERTEX_POINT('',#42);
#44=CARTESIAN_POINT('',(-27.730906,339.974609,-47.910862));
#45=VERTEX_POINT('',#44);
#46=CARTESIAN_POINT('',(-27.628235,339.843048,-47.910862));
#47=VERTEX_POINT('',#46);
#48=CARTESIAN_POINT('',(-27.826996,340.111053,-47.910862));
#49=VERTEX_POINT('',#48);
#50=CARTESIAN_POINT('',(-27.998533,340.397247,-47.910862));
#51=VERTEX_POINT('',#50);
#52=CARTESIAN_POINT('',(-28.073565,340.546326,-47.910862));
#53=VERTEX_POINT('',#52);
#54=CARTESIAN_POINT('',(-28.4,342,-47.910862));
#55=VERTEX_POINT('',#54);
#56=CARTESIAN_POINT('',(-27.025377,339.269104,-47.910862));
#57=VERTEX_POINT('',#56);
#58=CARTESIAN_POINT('',(-26.888939,339.173004,-47.910862));
#59=VERTEX_POINT('',#58);
#60=CARTESIAN_POINT('',(-26.74795,339.08371,-47.910862));
#61=VERTEX_POINT('',#60);
#62=CARTESIAN_POINT('',(-26.602749,339.001465,-47.910862));
#63=VERTEX_POINT('',#62);
#64=CARTESIAN_POINT('',(-26.453688,338.926422,-47.910862));
#65=VERTEX_POINT('',#64);
#66=CARTESIAN_POINT('',(-26.301125,338.858795,-47.910862));
#67=VERTEX_POINT('',#66);
#68=CARTESIAN_POINT('',(-25.826132,338.701904,-47.910862));
#69=VERTEX_POINT('',#68);
#70=CARTESIAN_POINT('',(-25.663307,338.665344,-47.910862));
#71=VERTEX_POINT('',#70);
#72=CARTESIAN_POINT('',(-25.498884,338.63681,-47.910862));
#73=VERTEX_POINT('',#72);
#74=CARTESIAN_POINT('',(-25.333258,338.616364,-47.910862));
#75=VERTEX_POINT('',#74);
#76=CARTESIAN_POINT('',(-26.145426,338.798737,-47.910862));
#77=VERTEX_POINT('',#76);
#78=CARTESIAN_POINT('',(-25.986967,338.746399,-47.910862));
#79=VERTEX_POINT('',#78);
#80=CARTESIAN_POINT('',(-25.16683,338.604095,-47.910862));
#81=VERTEX_POINT('',#80);
#82=CARTESIAN_POINT('',(-25,338.600006,-47.910862));
#83=VERTEX_POINT('',#82);
#84=CARTESIAN_POINT('',(-24.83317,338.604095,-47.910862));
#85=VERTEX_POINT('',#84);
#86=CARTESIAN_POINT('',(-24.666742,338.616364,-47.910862));
#87=VERTEX_POINT('',#86);
#88=CARTESIAN_POINT('',(-24.501116,338.63681,-47.910862));
#89=VERTEX_POINT('',#88);
#90=CARTESIAN_POINT('',(-24.336693,338.665344,-47.910862));
#91=VERTEX_POINT('',#90);
#92=CARTESIAN_POINT('',(-24.173868,338.701904,-47.910862));
#93=VERTEX_POINT('',#92);
#94=CARTESIAN_POINT('',(-24.013033,338.746399,-47.910862));
#95=VERTEX_POINT('',#94);
#96=CARTESIAN_POINT('',(-23.854574,338.798737,-47.910862));
#97=VERTEX_POINT('',#96);
#98=CARTESIAN_POINT('',(-23.698875,338.858795,-47.910862));
#99=VERTEX_POINT('',#98);
#100=CARTESIAN_POINT('',(-23.546312,338.926422,-47.910862));
#101=VERTEX_POINT('',#100);
#102=CARTESIAN_POINT('',(-23.397251,339.001465,-47.910862));
#103=VERTEX_POINT('',#102);
#104=CARTESIAN_POINT('',(-23.25205,339.08371,-47.910862));
#105=VERTEX_POINT('',#104);
#106=CARTESIAN_POINT('',(-27.519234,339.716705,-42.910862));
#107=VERTEX_POINT('',#106);
#108=CARTESIAN_POINT('',(-27.404163,339.595825,-42.910862));
#109=VERTEX_POINT('',#108);
#110=CARTESIAN_POINT('',(-27.2833,339.480774,-42.910862));
#111=VERTEX_POINT('',#110);
#112=CARTESIAN_POINT('',(-27.156937,339.371765,-42.910862));
#113=VERTEX_POINT('',#112);
#114=CARTESIAN_POINT('',(-28.14119,340.698883,-42.910862));
#115=VERTEX_POINT('',#114);
#116=CARTESIAN_POINT('',(-28.20125,340.854584,-42.910862));
#117=VERTEX_POINT('',#116);
#118=CARTESIAN_POINT('',(-28.253597,341.013031,-42.910862));
#119=VERTEX_POINT('',#118);
#120=CARTESIAN_POINT('',(-28.298107,341.173859,-42.910862));
#121=VERTEX_POINT('',#120);
#122=CARTESIAN_POINT('',(-28.334669,341.3367,-42.910862));
#123=VERTEX_POINT('',#122);
#124=CARTESIAN_POINT('',(-28.363199,341.501129,-42.910862));
#125=VERTEX_POINT('',#124);
#126=CARTESIAN_POINT('',(-28.383629,341.666748,-42.910862));
#127=VERTEX_POINT('',#126);
#128=CARTESIAN_POINT('',(-28.395905,341.83316,-42.910862));
#129=VERTEX_POINT('',#128);
#130=CARTESIAN_POINT('',(-27.916277,340.252045,-42.910862));
#131=VERTEX_POINT('',#130);
#132=CARTESIAN_POINT('',(-27.730906,339.974609,-42.910862));
#133=VERTEX_POINT('',#132);
#134=CARTESIAN_POINT('',(-27.628235,339.843048,-42.910862));
#135=VERTEX_POINT('',#134);
#136=CARTESIAN_POINT('',(-27.826996,340.111053,-42.910862));
#137=VERTEX_POINT('',#136);
#138=CARTESIAN_POINT('',(-27.998533,340.397247,-42.910862));
#139=VERTEX_POINT('',#138);
#140=CARTESIAN_POINT('',(-28.073565,340.546326,-42.910862));
#141=VERTEX_POINT('',#140);
#142=CARTESIAN_POINT('',(-28.4,342,-42.910862));
#143=VERTEX_POINT('',#142);
#144=CARTESIAN_POINT('',(-27.025377,339.269104,-42.910862));
#145=VERTEX_POINT('',#144);
#146=CARTESIAN_POINT('',(-26.888939,339.173004,-42.910862));
#147=VERTEX_POINT('',#146);
#148=CARTESIAN_POINT('',(-26.74795,339.08371,-42.910862));
#149=VERTEX_POINT('',#148);
#150=CARTESIAN_POINT('',(-26.602749,339.001465,-42.910862));
#151=VERTEX_POINT('',#150);
#152=CARTESIAN_POINT('',(-26.453688,338.926422,-42.910862));
#153=VERTEX_POINT('',#152);
#154=CARTESIAN_POINT('',(-26.301125,338.858795,-42.910862));
#155=VERTEX_POINT('',#154);
#156=CARTESIAN_POINT('',(-25.826132,338.701904,-42.910862));
#157=VERTEX_POINT('',#156);
#158=CARTESIAN_POINT('',(-25.663307,338.665344,-42.910862));
#159=VERTEX_POINT('',#158);
#160=CARTESIAN_POINT('',(-25.498884,338.63681,-42.910862));
#161=VERTEX_POINT('',#160);
#162=CARTESIAN_POINT('',(-25.333258,338.616364,-42.910862));
#163=VERTEX_POINT('',#162);
#164=CARTESIAN_POINT('',(-26.145426,338.798737,-42.910862));
#165=VERTEX_POINT('',#164);
#166=CARTESIAN_POINT('',(-25.986967,338.746399,-42.910862));
#167=VERTEX_POINT('',#166);
#168=CARTESIAN_POINT('',(-25.16683,338.604095,-42.910862));
#169=VERTEX_POINT('',#168);
#170=CARTESIAN_POINT('',(-25,338.600006,-42.910862));
#171=VERTEX_POINT('',#170);
#172=CARTESIAN_POINT('',(-24.83317,338.604095,-42.910862));
#173=VERTEX_POINT('',#172);
#174=CARTESIAN_POINT('',(-24.666742,338.616364,-42.910862));
#175=VERTEX_POINT('',#174);
#176=CARTESIAN_POINT('',(-24.501116,338.63681,-42.910862));
#177=VERTEX_POINT('',#176);
#178=CARTESIAN_POINT('',(-24.336693,338.665344,-42.910862));
#179=VERTEX_POINT('',#178);
#180=CARTESIAN_POINT('',(-24.173868,338.701904,-42.910862));
#181=VERTEX_POINT('',#180);
#182=CARTESIAN_POINT('',(-24.013033,338.746399,-42.910862));
#183=VERTEX_POINT('',#182);
#184=CARTESIAN_POINT('',(-23.854574,338.798737,-42.910862));
#185=VERTEX_POINT('',#184);
#186=CARTESIAN_POINT('',(-23.698875,338.858795,-42.910862));
#187=VERTEX_POINT('',#186);
#188=CARTESIAN_POINT('',(-23.546312,338.926422,-42.910862));
#189=VERTEX_POINT('',#188);
#190=CARTESIAN_POINT('',(-23.397251,339.001465,-42.910862));
#191=VERTEX_POINT('',#190);
#192=CARTESIAN_POINT('',(-23.25205,339.08371,-42.910862));
#193=VERTEX_POINT('',#192);
#194=CARTESIAN_POINT('',(-23.111061,339.173004,-47.910862));
#195=VERTEX_POINT('',#194);
#196=CARTESIAN_POINT('',(-22.974623,339.269104,-47.910862));
#197=VERTEX_POINT('',#196);
#198=CARTESIAN_POINT('',(-22.843063,339.371765,-47.910862));
#199=VERTEX_POINT('',#198);
#200=CARTESIAN_POINT('',(-22.7167,339.480774,-47.910862));
#201=VERTEX_POINT('',#200);
#202=CARTESIAN_POINT('',(-22.595837,339.595825,-47.910862));
#203=VERTEX_POINT('',#202);
#204=CARTESIAN_POINT('',(-22.480766,339.716705,-47.910862));
#205=VERTEX_POINT('',#204);
#206=CARTESIAN_POINT('',(-22.371765,339.843048,-47.910862));
#207=VERTEX_POINT('',#206);
#208=CARTESIAN_POINT('',(-22.269094,339.974609,-47.910862));
#209=VERTEX_POINT('',#208);
#210=CARTESIAN_POINT('',(-22.173004,340.111053,-47.910862));
#211=VERTEX_POINT('',#210);
#212=CARTESIAN_POINT('',(-22.083723,340.252045,-47.910862));
#213=VERTEX_POINT('',#212);
#214=CARTESIAN_POINT('',(-22.001467,340.397247,-47.910862));
#215=VERTEX_POINT('',#214);
#216=CARTESIAN_POINT('',(-21.926435,340.546326,-47.910862));
#217=VERTEX_POINT('',#216);
#218=CARTESIAN_POINT('',(-21.85881,340.698883,-47.910862));
#219=VERTEX_POINT('',#218);
#220=CARTESIAN_POINT('',(-21.79875,340.854584,-47.910862));
#221=VERTEX_POINT('',#220);
#222=CARTESIAN_POINT('',(-21.746403,341.013031,-47.910862));
#223=VERTEX_POINT('',#222);
#224=CARTESIAN_POINT('',(-21.701893,341.173859,-47.910862));
#225=VERTEX_POINT('',#224);
#226=CARTESIAN_POINT('',(-21.665331,341.3367,-47.910862));
#227=VERTEX_POINT('',#226);
#228=CARTESIAN_POINT('',(-21.636801,341.501129,-47.910862));
#229=VERTEX_POINT('',#228);
#230=CARTESIAN_POINT('',(-21.616371,341.666748,-47.910862));
#231=VERTEX_POINT('',#230);
#232=CARTESIAN_POINT('',(-21.604095,341.83316,-47.910862));
#233=VERTEX_POINT('',#232);
#234=CARTESIAN_POINT('',(-21.6,342,-47.910862));
#235=VERTEX_POINT('',#234);
#236=CARTESIAN_POINT('',(-23.111061,339.173004,-42.910862));
#237=VERTEX_POINT('',#236);
#238=CARTESIAN_POINT('',(-22.974623,339.269104,-42.910862));
#239=VERTEX_POINT('',#238);
#240=CARTESIAN_POINT('',(-22.843063,339.371765,-42.910862));
#241=VERTEX_POINT('',#240);
#242=CARTESIAN_POINT('',(-22.7167,339.480774,-42.910862));
#243=VERTEX_POINT('',#242);
#244=CARTESIAN_POINT('',(-22.595837,339.595825,-42.910862));
#245=VERTEX_POINT('',#244);
#246=CARTESIAN_POINT('',(-22.480766,339.716705,-42.910862));
#247=VERTEX_POINT('',#246);
#248=CARTESIAN_POINT('',(-22.371765,339.843048,-42.910862));
#249=VERTEX_POINT('',#248);
#250=CARTESIAN_POINT('',(-22.269094,339.974609,-42.910862));
#251=VERTEX_POINT('',#250);
#252=CARTESIAN_POINT('',(-22.173004,340.111053,-42.910862));
#253=VERTEX_POINT('',#252);
#254=CARTESIAN_POINT('',(-22.083723,340.252045,-42.910862));
#255=VERTEX_POINT('',#254);
#256=CARTESIAN_POINT('',(-22.001467,340.397247,-42.910862));
#257=VERTEX_POINT('',#256);
#258=CARTESIAN_POINT('',(-21.926435,340.546326,-42.910862));
#259=VERTEX_POINT('',#258);
#260=CARTESIAN_POINT('',(-21.85881,340.698883,-42.910862));
#261=VERTEX_POINT('',#260);
#262=CARTESIAN_POINT('',(-21.79875,340.854584,-42.910862));
#263=VERTEX_POINT('',#262);
#264=CARTESIAN_POINT('',(-21.746403,341.013031,-42.910862));
#265=VERTEX_POINT('',#264);
#266=CARTESIAN_POINT('',(-21.701893,341.173859,-42.910862));
#267=VERTEX_POINT('',#266);
#268=CARTESIAN_POINT('',(-21.665331,341.3367,-42.910862));
#269=VERTEX_POINT('',#268);
#270=CARTESIAN_POINT('',(-21.636801,341.501129,-42.910862));
#271=VERTEX_POINT('',#270);
#272=CARTESIAN_POINT('',(-21.616371,341.666748,-42.910862));
#273=VERTEX_POINT('',#272);
#274=CARTESIAN_POINT('',(-21.604095,341.83316,-42.910862));
#275=VERTEX_POINT('',#274);
#276=CARTESIAN_POINT('',(-21.6,342,-42.910862));
#277=VERTEX_POINT('',#276);
#278=CARTESIAN_POINT('',(-13.8,309.889679,-47.910862));
#279=VERTEX_POINT('',#278);
#280=CARTESIAN_POINT('',(-13.8,309.889679,-43.910862));
#281=VERTEX_POINT('',#280);
#282=CARTESIAN_POINT('',(-14.8,309.889679,-42.910862));
#283=VERTEX_POINT('',#282);
#284=CARTESIAN_POINT('',(-4.362591,312.289673,-39.643089));
#285=VERTEX_POINT('',#284);
#286=CARTESIAN_POINT('',(-2.950537,312.289673,-40.122417));
#287=VERTEX_POINT('',#286);
#288=CARTESIAN_POINT('',(-3.66441,312.289673,-39.905865));
#289=VERTEX_POINT('',#288);
#290=CARTESIAN_POINT('',(-2.22403,312.289673,-40.291813));
#291=VERTEX_POINT('',#290);
#292=CARTESIAN_POINT('',(-1.487999,312.289673,-40.413334));
#293=VERTEX_POINT('',#292);
#294=CARTESIAN_POINT('',(-0.745596,312.289673,-40.486454));
#295=VERTEX_POINT('',#294);
#296=CARTESIAN_POINT('',(-8.061017,312.289673,-37.171879));
#297=VERTEX_POINT('',#296);
#298=CARTESIAN_POINT('',(-8.570973,312.289673,-36.627403));
#299=VERTEX_POINT('',#298);
#300=CARTESIAN_POINT('',(-9.044229,312.289673,-36.050743));
#301=VERTEX_POINT('',#300);
#302=CARTESIAN_POINT('',(-9.478754,312.289673,-35.444363));
#303=VERTEX_POINT('',#302);
#304=CARTESIAN_POINT('',(-9.872689,312.289673,-34.81086));
#305=VERTEX_POINT('',#304);
#306=CARTESIAN_POINT('',(-10.224349,312.289673,-34.152954));
#307=VERTEX_POINT('',#306);
#308=CARTESIAN_POINT('',(-10.532227,312.289673,-33.473454));
#309=VERTEX_POINT('',#308);
#310=CARTESIAN_POINT('',(-7.937291,309.889679,-33.353432));
#311=VERTEX_POINT('',#310);
#312=CARTESIAN_POINT('',(-7.937291,312.289673,-33.353432));
#313=VERTEX_POINT('',#312);
#314=CARTESIAN_POINT('',(-10.795004,312.289673,-32.775272));
#315=VERTEX_POINT('',#314);
#316=CARTESIAN_POINT('',(-11.011555,312.289673,-32.061398));
#317=VERTEX_POINT('',#316);
#318=CARTESIAN_POINT('',(-11.180952,312.289673,-31.33489));
#319=VERTEX_POINT('',#318);
#320=CARTESIAN_POINT('',(-8.314916,309.889679,-32.555012));
#321=VERTEX_POINT('',#320);
#322=CARTESIAN_POINT('',(-8.612463,309.889679,-31.723423));
#323=VERTEX_POINT('',#322);
#324=CARTESIAN_POINT('',(-8.314916,312.289673,-32.555012));
#325=VERTEX_POINT('',#324);
#326=CARTESIAN_POINT('',(-8.612463,312.289673,-31.723423));
#327=VERTEX_POINT('',#326);
#328=CARTESIAN_POINT('',(-6.333501,312.289673,-38.589615));
#329=VERTEX_POINT('',#328);
#330=CARTESIAN_POINT('',(-6.93988,312.289673,-38.15509));
#331=VERTEX_POINT('',#330);
#332=CARTESIAN_POINT('',(-7.516542,312.289673,-37.681835));
#333=VERTEX_POINT('',#332);
#334=CARTESIAN_POINT('',(-5.042091,312.289673,-39.335209));
#335=VERTEX_POINT('',#334);
#336=CARTESIAN_POINT('',(-5.7,312.289673,-38.983551));
#337=VERTEX_POINT('',#336);
#338=CARTESIAN_POINT('',(-6.363961,309.889679,-35.474823));
#339=VERTEX_POINT('',#338);
#340=CARTESIAN_POINT('',(-6.363961,312.289673,-35.474823));
#341=VERTEX_POINT('',#340);
#342=CARTESIAN_POINT('',(-5.000132,309.889679,-36.59409));
#343=VERTEX_POINT('',#342);
#344=CARTESIAN_POINT('',(-4.24257,309.889679,-37.048153));
#345=VERTEX_POINT('',#344);
#346=CARTESIAN_POINT('',(-5.709539,309.889679,-36.067955));
#347=VERTEX_POINT('',#346);
#348=CARTESIAN_POINT('',(-5.000132,312.289673,-36.59409));
#349=VERTEX_POINT('',#348);
#350=CARTESIAN_POINT('',(-4.24257,312.289673,-37.048153));
#351=VERTEX_POINT('',#350);
#352=CARTESIAN_POINT('',(-5.709539,312.289673,-36.067955));
#353=VERTEX_POINT('',#352);
#354=CARTESIAN_POINT('',(-3.444151,309.889679,-37.425777));
#355=VERTEX_POINT('',#354);
#356=CARTESIAN_POINT('',(-2.612562,309.889679,-37.723324));
#357=VERTEX_POINT('',#356);
#358=CARTESIAN_POINT('',(-3.444151,312.289673,-37.425777));
#359=VERTEX_POINT('',#358);
#360=CARTESIAN_POINT('',(-2.612562,312.289673,-37.723324));
#361=VERTEX_POINT('',#360);
#362=CARTESIAN_POINT('',(-1.755813,309.889679,-37.937927));
#363=VERTEX_POINT('',#362);
#364=CARTESIAN_POINT('',(-0.882154,309.889679,-38.067524));
#365=VERTEX_POINT('',#364);
#366=CARTESIAN_POINT('',(-1.755813,312.289673,-37.937927));
#367=VERTEX_POINT('',#366);
#368=CARTESIAN_POINT('',(-0.882154,312.289673,-38.067524));
#369=VERTEX_POINT('',#368);
#370=CARTESIAN_POINT('',(-6.957094,309.889679,-34.8204));
#371=VERTEX_POINT('',#370);
#372=CARTESIAN_POINT('',(-7.483226,309.889679,-34.110992));
#373=VERTEX_POINT('',#372);
#374=CARTESIAN_POINT('',(-6.957094,312.289673,-34.8204));
#375=VERTEX_POINT('',#374);
#376=CARTESIAN_POINT('',(-7.483226,312.289673,-34.110992));
#377=VERTEX_POINT('',#376);
#378=CARTESIAN_POINT('',(-6.2,332.289673,-39.849575));
#379=VERTEX_POINT('',#378);
#380=CARTESIAN_POINT('',(-4.745275,332.289673,-40.566967));
#381=VERTEX_POINT('',#380);
#382=CARTESIAN_POINT('',(-3.985849,332.289673,-40.852795));
#383=VERTEX_POINT('',#382);
#384=CARTESIAN_POINT('',(-5.48438,332.289673,-40.232082));
#385=VERTEX_POINT('',#384);
#386=CARTESIAN_POINT('',(-4.362591,332.289673,-39.643089));
#387=VERTEX_POINT('',#386);
#388=CARTESIAN_POINT('',(-3.209356,332.289673,-41.088341));
#389=VERTEX_POINT('',#388);
#390=CARTESIAN_POINT('',(-2.41912,332.289673,-41.272598));
#391=VERTEX_POINT('',#390);
#392=CARTESIAN_POINT('',(-2.950537,332.289673,-40.122417));
#393=VERTEX_POINT('',#392);
#394=CARTESIAN_POINT('',(-3.66441,332.289673,-39.905865));
#395=VERTEX_POINT('',#394);
#396=CARTESIAN_POINT('',(-2.22403,332.289673,-40.291813));
#397=VERTEX_POINT('',#396);
#398=CARTESIAN_POINT('',(-1.618525,332.289673,-41.404778));
#399=VERTEX_POINT('',#398);
#400=CARTESIAN_POINT('',(-0.810999,332.289673,-41.484314));
#401=VERTEX_POINT('',#400);
#402=CARTESIAN_POINT('',(-1.487999,332.289673,-40.413334));
#403=VERTEX_POINT('',#402);
#404=CARTESIAN_POINT('',(-0.745596,332.289673,-40.486454));
#405=VERTEX_POINT('',#404);
#406=CARTESIAN_POINT('',(-8.768124,332.289673,-37.878986));
#407=VERTEX_POINT('',#406);
#408=CARTESIAN_POINT('',(-8.175888,332.289673,-38.433674));
#409=VERTEX_POINT('',#408);
#410=CARTESIAN_POINT('',(-9.837582,332.289673,-36.659504));
#411=VERTEX_POINT('',#410);
#412=CARTESIAN_POINT('',(-10.310224,332.289673,-35.999931));
#413=VERTEX_POINT('',#412);
#414=CARTESIAN_POINT('',(-9.322814,332.289673,-37.286751));
#415=VERTEX_POINT('',#414);
#416=CARTESIAN_POINT('',(-8.061017,332.289673,-37.171879));
#417=VERTEX_POINT('',#416);
#418=CARTESIAN_POINT('',(-8.570973,332.289673,-36.627403));
#419=VERTEX_POINT('',#418);
#420=CARTESIAN_POINT('',(-9.044229,332.289673,-36.050743));
#421=VERTEX_POINT('',#420);
#422=CARTESIAN_POINT('',(-9.478754,332.289673,-35.444363));
#423=VERTEX_POINT('',#422);
#424=CARTESIAN_POINT('',(-11.741934,332.289673,-33.09671));
#425=VERTEX_POINT('',#424);
#426=CARTESIAN_POINT('',(-11.97748,332.289673,-32.320217));
#427=VERTEX_POINT('',#426);
#428=CARTESIAN_POINT('',(-12.161737,332.289673,-31.529982));
#429=VERTEX_POINT('',#428);
#430=CARTESIAN_POINT('',(-10.738715,332.289673,-35.31086));
#431=VERTEX_POINT('',#430);
#432=CARTESIAN_POINT('',(-11.121222,332.289673,-34.595242));
#433=VERTEX_POINT('',#432);
#434=CARTESIAN_POINT('',(-9.872689,332.289673,-34.81086));
#435=VERTEX_POINT('',#434);
#436=CARTESIAN_POINT('',(-11.456106,332.289673,-33.856136));
#437=VERTEX_POINT('',#436);
#438=CARTESIAN_POINT('',(-10.224349,332.289673,-34.152954));
#439=VERTEX_POINT('',#438);
#440=CARTESIAN_POINT('',(-10.532227,332.289673,-33.473454));
#441=VERTEX_POINT('',#440);
#442=CARTESIAN_POINT('',(-10.795004,332.289673,-32.775272));
#443=VERTEX_POINT('',#442);
#444=CARTESIAN_POINT('',(-11.011555,332.289673,-32.061398));
#445=VERTEX_POINT('',#444);
#446=CARTESIAN_POINT('',(-11.180952,332.289673,-31.33489));
#447=VERTEX_POINT('',#446);
#448=CARTESIAN_POINT('',(-6.889071,332.289673,-39.421085));
#449=VERTEX_POINT('',#448);
#450=CARTESIAN_POINT('',(-7.548642,332.289673,-38.948444));
#451=VERTEX_POINT('',#450);
#452=CARTESIAN_POINT('',(-6.333501,332.289673,-38.589615));
#453=VERTEX_POINT('',#452);
#454=CARTESIAN_POINT('',(-6.93988,332.289673,-38.15509));
#455=VERTEX_POINT('',#454);
#456=CARTESIAN_POINT('',(-7.516542,332.289673,-37.681835));
#457=VERTEX_POINT('',#456);
#458=CARTESIAN_POINT('',(-5.042091,332.289673,-39.335209));
#459=VERTEX_POINT('',#458);
#460=CARTESIAN_POINT('',(-5.7,332.289673,-38.983551));
#461=VERTEX_POINT('',#460);
#462=CARTESIAN_POINT('',(-11.302471,312.289673,-30.59886));
#463=VERTEX_POINT('',#462);
#464=CARTESIAN_POINT('',(-11.375591,312.289673,-29.856457));
#465=VERTEX_POINT('',#464);
#466=CARTESIAN_POINT('',(-11.4,312.289673,-29.110861));
#467=VERTEX_POINT('',#466);
#468=CARTESIAN_POINT('',(-8.827067,309.889679,-30.866674));
#469=VERTEX_POINT('',#468);
#470=CARTESIAN_POINT('',(-8.956662,309.889679,-29.993015));
#471=VERTEX_POINT('',#470);
#472=CARTESIAN_POINT('',(-9,309.889679,-29.110861));
#473=VERTEX_POINT('',#472);
#474=CARTESIAN_POINT('',(-8.827067,312.289673,-30.866674));
#475=VERTEX_POINT('',#474);
#476=CARTESIAN_POINT('',(-8.956662,312.289673,-29.993015));
#477=VERTEX_POINT('',#476);
#478=CARTESIAN_POINT('',(-9,312.289673,-29.110861));
#479=VERTEX_POINT('',#478);
#480=CARTESIAN_POINT('',(-11.375591,312.289673,-28.365265));
#481=VERTEX_POINT('',#480);
#482=CARTESIAN_POINT('',(-11.302471,312.289673,-27.622864));
#483=VERTEX_POINT('',#482);
#484=CARTESIAN_POINT('',(-8.956662,309.889679,-28.228706));
#485=VERTEX_POINT('',#484);
#486=CARTESIAN_POINT('',(-8.827067,309.889679,-27.355049));
#487=VERTEX_POINT('',#486);
#488=CARTESIAN_POINT('',(-8.956662,312.289673,-28.228706));
#489=VERTEX_POINT('',#488);
#490=CARTESIAN_POINT('',(-8.827067,312.289673,-27.355049));
#491=VERTEX_POINT('',#490);
#492=CARTESIAN_POINT('',(-11.180952,312.289673,-26.886831));
#493=VERTEX_POINT('',#492);
#494=CARTESIAN_POINT('',(-11.011555,312.289673,-26.160324));
#495=VERTEX_POINT('',#494);
#496=CARTESIAN_POINT('',(-10.795004,312.289673,-25.446451));
#497=VERTEX_POINT('',#496);
#498=CARTESIAN_POINT('',(-8.612463,309.889679,-26.498299));
#499=VERTEX_POINT('',#498);
#500=CARTESIAN_POINT('',(-8.314916,309.889679,-25.66671));
#501=VERTEX_POINT('',#500);
#502=CARTESIAN_POINT('',(-7.937291,309.889679,-24.86829));
#503=VERTEX_POINT('',#502);
#504=CARTESIAN_POINT('',(-8.612463,312.289673,-26.498299));
#505=VERTEX_POINT('',#504);
#506=CARTESIAN_POINT('',(-8.314916,312.289673,-25.66671));
#507=VERTEX_POINT('',#506);
#508=CARTESIAN_POINT('',(-7.937291,312.289673,-24.86829));
#509=VERTEX_POINT('',#508);
#510=CARTESIAN_POINT('',(-10.532227,312.289673,-24.74827));
#511=VERTEX_POINT('',#510);
#512=CARTESIAN_POINT('',(-10.224349,312.289673,-24.068769));
#513=VERTEX_POINT('',#512);
#514=CARTESIAN_POINT('',(-9.872689,312.289673,-23.410862));
#515=VERTEX_POINT('',#514);
#516=CARTESIAN_POINT('',(-9.478754,312.289673,-22.777361));
#517=VERTEX_POINT('',#516);
#518=CARTESIAN_POINT('',(-7.483226,309.889679,-24.110729));
#519=VERTEX_POINT('',#518);
#520=CARTESIAN_POINT('',(-6.957094,309.889679,-23.401321));
#521=VERTEX_POINT('',#520);
#522=CARTESIAN_POINT('',(-6.363961,309.889679,-22.746901));
#523=VERTEX_POINT('',#522);
#524=CARTESIAN_POINT('',(-7.483226,312.289673,-24.110729));
#525=VERTEX_POINT('',#524);
#526=CARTESIAN_POINT('',(-6.957094,312.289673,-23.401321));
#527=VERTEX_POINT('',#526);
#528=CARTESIAN_POINT('',(-6.363961,312.289673,-22.746901));
#529=VERTEX_POINT('',#528);
#530=CARTESIAN_POINT('',(-9.044229,312.289673,-22.17098));
#531=VERTEX_POINT('',#530);
#532=CARTESIAN_POINT('',(-8.570973,312.289673,-21.594318));
#533=VERTEX_POINT('',#532);
#534=CARTESIAN_POINT('',(-8.061017,312.289673,-21.049845));
#535=VERTEX_POINT('',#534);
#536=CARTESIAN_POINT('',(-14.8,309.889679,-14.310862));
#537=VERTEX_POINT('',#536);
#538=CARTESIAN_POINT('',(-5.709539,309.889679,-22.153767));
#539=VERTEX_POINT('',#538);
#540=CARTESIAN_POINT('',(-5.000132,309.889679,-21.627634));
#541=VERTEX_POINT('',#540);
#542=CARTESIAN_POINT('',(-4.24257,309.889679,-21.173571));
#543=VERTEX_POINT('',#542);
#544=CARTESIAN_POINT('',(-5.709539,312.289673,-22.153767));
#545=VERTEX_POINT('',#544);
#546=CARTESIAN_POINT('',(-5.000132,312.289673,-21.627634));
#547=VERTEX_POINT('',#546);
#548=CARTESIAN_POINT('',(-4.24257,312.289673,-21.173571));
#549=VERTEX_POINT('',#548);
#550=CARTESIAN_POINT('',(-7.516542,312.289673,-20.539888));
#551=VERTEX_POINT('',#550);
#552=CARTESIAN_POINT('',(-6.93988,312.289673,-20.066633));
#553=VERTEX_POINT('',#552);
#554=CARTESIAN_POINT('',(-6.333501,312.289673,-19.632109));
#555=VERTEX_POINT('',#554);
#556=CARTESIAN_POINT('',(-5.7,312.289673,-19.238173));
#557=VERTEX_POINT('',#556);
#558=CARTESIAN_POINT('',(-5.042091,312.289673,-18.886513));
#559=VERTEX_POINT('',#558);
#560=CARTESIAN_POINT('',(-4.362591,312.289673,-18.578634));
#561=VERTEX_POINT('',#560);
#562=CARTESIAN_POINT('',(-3.444151,309.889679,-20.795946));
#563=VERTEX_POINT('',#562);
#564=CARTESIAN_POINT('',(-3.444151,312.289673,-20.795946));
#565=VERTEX_POINT('',#564);
#566=CARTESIAN_POINT('',(-2.612562,309.889679,-20.498398));
#567=VERTEX_POINT('',#566);
#568=CARTESIAN_POINT('',(-2.612562,312.289673,-20.498398));
#569=VERTEX_POINT('',#568);
#570=CARTESIAN_POINT('',(-1.755813,309.889679,-20.283794));
#571=VERTEX_POINT('',#570);
#572=CARTESIAN_POINT('',(-0.882154,309.889679,-20.1542));
#573=VERTEX_POINT('',#572);
#574=CARTESIAN_POINT('',(-1.755813,312.289673,-20.283794));
#575=VERTEX_POINT('',#574);
#576=CARTESIAN_POINT('',(-0.882154,312.289673,-20.1542));
#577=VERTEX_POINT('',#576);
#578=CARTESIAN_POINT('',(-3.66441,312.289673,-18.315859));
#579=VERTEX_POINT('',#578);
#580=CARTESIAN_POINT('',(-2.950537,312.289673,-18.099306));
#581=VERTEX_POINT('',#580);
#582=CARTESIAN_POINT('',(-2.22403,312.289673,-17.929909));
#583=VERTEX_POINT('',#582);
#584=CARTESIAN_POINT('',(-1.487999,312.289673,-17.80839));
#585=VERTEX_POINT('',#584);
#586=CARTESIAN_POINT('',(-0.745596,312.289673,-17.73527));
#587=VERTEX_POINT('',#586);
#588=CARTESIAN_POINT('',(-12.293917,332.289673,-30.729385));
#589=VERTEX_POINT('',#588);
#590=CARTESIAN_POINT('',(-12.37345,332.289673,-29.92186));
#591=VERTEX_POINT('',#590);
#592=CARTESIAN_POINT('',(-12.4,332.289673,-29.110861));
#593=VERTEX_POINT('',#592);
#594=CARTESIAN_POINT('',(-12.37345,332.289673,-28.299862));
#595=VERTEX_POINT('',#594);
#596=CARTESIAN_POINT('',(-12.293917,332.289673,-27.492336));
#597=VERTEX_POINT('',#596);
#598=CARTESIAN_POINT('',(-11.302471,332.289673,-30.59886));
#599=VERTEX_POINT('',#598);
#600=CARTESIAN_POINT('',(-11.375591,332.289673,-29.856457));
#601=VERTEX_POINT('',#600);
#602=CARTESIAN_POINT('',(-11.4,332.289673,-29.110861));
#603=VERTEX_POINT('',#602);
#604=CARTESIAN_POINT('',(-11.375591,332.289673,-28.365265));
#605=VERTEX_POINT('',#604);
#606=CARTESIAN_POINT('',(-11.302471,332.289673,-27.622864));
#607=VERTEX_POINT('',#606);
#608=CARTESIAN_POINT('',(-12.161737,332.289673,-26.691742));
#609=VERTEX_POINT('',#608);
#610=CARTESIAN_POINT('',(-11.97748,332.289673,-25.901505));
#611=VERTEX_POINT('',#610);
#612=CARTESIAN_POINT('',(-11.741934,332.289673,-25.125011));
#613=VERTEX_POINT('',#612);
#614=CARTESIAN_POINT('',(-11.180952,332.289673,-26.886831));
#615=VERTEX_POINT('',#614);
#616=CARTESIAN_POINT('',(-11.011555,332.289673,-26.160324));
#617=VERTEX_POINT('',#616);
#618=CARTESIAN_POINT('',(-10.795004,332.289673,-25.446451));
#619=VERTEX_POINT('',#618);
#620=CARTESIAN_POINT('',(-11.456106,332.289673,-24.365587));
#621=VERTEX_POINT('',#620);
#622=CARTESIAN_POINT('',(-10.532227,332.289673,-24.74827));
#623=VERTEX_POINT('',#622);
#624=CARTESIAN_POINT('',(-10.224349,332.289673,-24.068769));
#625=VERTEX_POINT('',#624);
#626=CARTESIAN_POINT('',(-11.121222,332.289673,-23.626482));
#627=VERTEX_POINT('',#626);
#628=CARTESIAN_POINT('',(-10.738715,332.289673,-22.910862));
#629=VERTEX_POINT('',#628);
#630=CARTESIAN_POINT('',(-9.872689,332.289673,-23.410862));
#631=VERTEX_POINT('',#630);
#632=CARTESIAN_POINT('',(-9.478754,332.289673,-22.777361));
#633=VERTEX_POINT('',#632);
#634=CARTESIAN_POINT('',(-10.310224,332.289673,-22.22179));
#635=VERTEX_POINT('',#634);
#636=CARTESIAN_POINT('',(-9.837582,332.289673,-21.56222));
#637=VERTEX_POINT('',#636);
#638=CARTESIAN_POINT('',(-9.044229,332.289673,-22.17098));
#639=VERTEX_POINT('',#638);
#640=CARTESIAN_POINT('',(-9.322814,332.289673,-20.934973));
#641=VERTEX_POINT('',#640);
#642=CARTESIAN_POINT('',(-8.570973,332.289673,-21.594318));
#643=VERTEX_POINT('',#642);
#644=CARTESIAN_POINT('',(-8.061017,332.289673,-21.049845));
#645=VERTEX_POINT('',#644);
#646=CARTESIAN_POINT('',(-8.768124,332.289673,-20.342737));
#647=VERTEX_POINT('',#646);
#648=CARTESIAN_POINT('',(-8.175888,332.289673,-19.788048));
#649=VERTEX_POINT('',#648);
#650=CARTESIAN_POINT('',(-7.516542,332.289673,-20.539888));
#651=VERTEX_POINT('',#650);
#652=CARTESIAN_POINT('',(-6.93988,332.289673,-20.066633));
#653=VERTEX_POINT('',#652);
#654=CARTESIAN_POINT('',(-6.333501,332.289673,-19.632109));
#655=VERTEX_POINT('',#654);
#656=CARTESIAN_POINT('',(-7.548642,332.289673,-19.273279));
#657=VERTEX_POINT('',#656);
#658=CARTESIAN_POINT('',(-6.889071,332.289673,-18.800638));
#659=VERTEX_POINT('',#658);
#660=CARTESIAN_POINT('',(-5.7,332.289673,-19.238173));
#661=VERTEX_POINT('',#660);
#662=CARTESIAN_POINT('',(-5.042091,332.289673,-18.886513));
#663=VERTEX_POINT('',#662);
#664=CARTESIAN_POINT('',(-4.362591,332.289673,-18.578634));
#665=VERTEX_POINT('',#664);
#666=CARTESIAN_POINT('',(-6.2,332.289673,-18.372147));
#667=VERTEX_POINT('',#666);
#668=CARTESIAN_POINT('',(-5.48438,332.289673,-17.989639));
#669=VERTEX_POINT('',#668);
#670=CARTESIAN_POINT('',(-4.745275,332.289673,-17.654755));
#671=VERTEX_POINT('',#670);
#672=CARTESIAN_POINT('',(-3.985849,332.289673,-17.368927));
#673=VERTEX_POINT('',#672);
#674=CARTESIAN_POINT('',(-3.66441,332.289673,-18.315859));
#675=VERTEX_POINT('',#674);
#676=CARTESIAN_POINT('',(-2.950537,332.289673,-18.099306));
#677=VERTEX_POINT('',#676);
#678=CARTESIAN_POINT('',(-2.22403,332.289673,-17.929909));
#679=VERTEX_POINT('',#678);
#680=CARTESIAN_POINT('',(-3.209356,332.289673,-17.133381));
#681=VERTEX_POINT('',#680);
#682=CARTESIAN_POINT('',(-2.41912,332.289673,-16.949123));
#683=VERTEX_POINT('',#682);
#684=CARTESIAN_POINT('',(-1.487999,332.289673,-17.80839));
#685=VERTEX_POINT('',#684);
#686=CARTESIAN_POINT('',(-0.745596,332.289673,-17.73527));
#687=VERTEX_POINT('',#686);
#688=CARTESIAN_POINT('',(-1.618525,332.289673,-16.816946));
#689=VERTEX_POINT('',#688);
#690=CARTESIAN_POINT('',(-0.810999,332.289673,-16.737411));
#691=VERTEX_POINT('',#690);
#692=CARTESIAN_POINT('',(-28.4,358,-47.910862));
#693=VERTEX_POINT('',#692);
#694=CARTESIAN_POINT('',(-28.395905,358.16684,-47.910862));
#695=VERTEX_POINT('',#694);
#696=CARTESIAN_POINT('',(-28.383629,358.333252,-47.910862));
#697=VERTEX_POINT('',#696);
#698=CARTESIAN_POINT('',(-28.363199,358.498871,-47.910862));
#699=VERTEX_POINT('',#698);
#700=CARTESIAN_POINT('',(-28.334669,358.6633,-47.910862));
#701=VERTEX_POINT('',#700);
#702=CARTESIAN_POINT('',(-28.298107,358.826141,-47.910862));
#703=VERTEX_POINT('',#702);
#704=CARTESIAN_POINT('',(-28.253597,358.986969,-47.910862));
#705=VERTEX_POINT('',#704);
#706=CARTESIAN_POINT('',(-28.20125,359.145416,-47.910862));
#707=VERTEX_POINT('',#706);
#708=CARTESIAN_POINT('',(-28.14119,359.301117,-47.910862));
#709=VERTEX_POINT('',#708);
#710=CARTESIAN_POINT('',(-28.073565,359.453674,-47.910862));
#711=VERTEX_POINT('',#710);
#712=CARTESIAN_POINT('',(-27.998533,359.602753,-47.910862));
#713=VERTEX_POINT('',#712);
#714=CARTESIAN_POINT('',(-27.916277,359.747955,-47.910862));
#715=VERTEX_POINT('',#714);
#716=CARTESIAN_POINT('',(-27.826996,359.888947,-47.910862));
#717=VERTEX_POINT('',#716);
#718=CARTESIAN_POINT('',(-27.730906,360.025391,-47.910862));
#719=VERTEX_POINT('',#718);
#720=CARTESIAN_POINT('',(-27.628235,360.156952,-47.910862));
#721=VERTEX_POINT('',#720);
#722=CARTESIAN_POINT('',(-27.519234,360.283295,-47.910862));
#723=VERTEX_POINT('',#722);
#724=CARTESIAN_POINT('',(-27.404163,360.404175,-47.910862));
#725=VERTEX_POINT('',#724);
#726=CARTESIAN_POINT('',(-27.2833,360.519226,-47.910862));
#727=VERTEX_POINT('',#726);
#728=CARTESIAN_POINT('',(-27.156937,360.628235,-47.910862));
#729=VERTEX_POINT('',#728);
#730=CARTESIAN_POINT('',(-27.025377,360.730896,-47.910862));
#731=VERTEX_POINT('',#730);
#732=CARTESIAN_POINT('',(-26.888939,360.826996,-47.910862));
#733=VERTEX_POINT('',#732);
#734=CARTESIAN_POINT('',(-26.74795,360.91629,-47.910862));
#735=VERTEX_POINT('',#734);
#736=CARTESIAN_POINT('',(-26.602749,360.998535,-47.910862));
#737=VERTEX_POINT('',#736);
#738=CARTESIAN_POINT('',(-26.453688,361.073578,-47.910862));
#739=VERTEX_POINT('',#738);
#740=CARTESIAN_POINT('',(-26.301125,361.141205,-47.910862));
#741=VERTEX_POINT('',#740);
#742=CARTESIAN_POINT('',(-23.698875,361.141205,-47.910862));
#743=VERTEX_POINT('',#742);
#744=CARTESIAN_POINT('',(-23.546312,361.073578,-47.910862));
#745=VERTEX_POINT('',#744);
#746=CARTESIAN_POINT('',(-23.25205,360.91629,-47.910862));
#747=VERTEX_POINT('',#746);
#748=CARTESIAN_POINT('',(-23.397251,360.998535,-47.910862));
#749=VERTEX_POINT('',#748);
#750=CARTESIAN_POINT('',(-28.4,358,-42.910862));
#751=VERTEX_POINT('',#750);
#752=CARTESIAN_POINT('',(-28.395905,358.16684,-42.910862));
#753=VERTEX_POINT('',#752);
#754=CARTESIAN_POINT('',(-28.383629,358.333252,-42.910862));
#755=VERTEX_POINT('',#754);
#756=CARTESIAN_POINT('',(-28.363199,358.498871,-42.910862));
#757=VERTEX_POINT('',#756);
#758=CARTESIAN_POINT('',(-28.334669,358.6633,-42.910862));
#759=VERTEX_POINT('',#758);
#760=CARTESIAN_POINT('',(-28.298107,358.826141,-42.910862));
#761=VERTEX_POINT('',#760);
#762=CARTESIAN_POINT('',(-28.253597,358.986969,-42.910862));
#763=VERTEX_POINT('',#762);
#764=CARTESIAN_POINT('',(-28.20125,359.145416,-42.910862));
#765=VERTEX_POINT('',#764);
#766=CARTESIAN_POINT('',(-28.14119,359.301117,-42.910862));
#767=VERTEX_POINT('',#766);
#768=CARTESIAN_POINT('',(-28.073565,359.453674,-42.910862));
#769=VERTEX_POINT('',#768);
#770=CARTESIAN_POINT('',(-27.998533,359.602753,-42.910862));
#771=VERTEX_POINT('',#770);
#772=CARTESIAN_POINT('',(-27.916277,359.747955,-42.910862));
#773=VERTEX_POINT('',#772);
#774=CARTESIAN_POINT('',(-27.826996,359.888947,-42.910862));
#775=VERTEX_POINT('',#774);
#776=CARTESIAN_POINT('',(-27.730906,360.025391,-42.910862));
#777=VERTEX_POINT('',#776);
#778=CARTESIAN_POINT('',(-27.628235,360.156952,-42.910862));
#779=VERTEX_POINT('',#778);
#780=CARTESIAN_POINT('',(-27.519234,360.283295,-42.910862));
#781=VERTEX_POINT('',#780);
#782=CARTESIAN_POINT('',(-27.404163,360.404175,-42.910862));
#783=VERTEX_POINT('',#782);
#784=CARTESIAN_POINT('',(-27.2833,360.519226,-42.910862));
#785=VERTEX_POINT('',#784);
#786=CARTESIAN_POINT('',(-27.156937,360.628235,-42.910862));
#787=VERTEX_POINT('',#786);
#788=CARTESIAN_POINT('',(-27.025377,360.730896,-42.910862));
#789=VERTEX_POINT('',#788);
#790=CARTESIAN_POINT('',(-26.888939,360.826996,-42.910862));
#791=VERTEX_POINT('',#790);
#792=CARTESIAN_POINT('',(-26.74795,360.91629,-42.910862));
#793=VERTEX_POINT('',#792);
#794=CARTESIAN_POINT('',(-26.602749,360.998535,-42.910862));
#795=VERTEX_POINT('',#794);
#796=CARTESIAN_POINT('',(-26.453688,361.073578,-42.910862));
#797=VERTEX_POINT('',#796);
#798=CARTESIAN_POINT('',(-26.301125,361.141205,-42.910862));
#799=VERTEX_POINT('',#798);
#800=CARTESIAN_POINT('',(-23.698875,361.141205,-42.910862));
#801=VERTEX_POINT('',#800);
#802=CARTESIAN_POINT('',(-23.546312,361.073578,-42.910862));
#803=VERTEX_POINT('',#802);
#804=CARTESIAN_POINT('',(-23.25205,360.91629,-42.910862));
#805=VERTEX_POINT('',#804);
#806=CARTESIAN_POINT('',(-23.397251,360.998535,-42.910862));
#807=VERTEX_POINT('',#806);
#808=CARTESIAN_POINT('',(-21.6,358,-47.910862));
#809=VERTEX_POINT('',#808);
#810=CARTESIAN_POINT('',(-21.604095,358.16684,-47.910862));
#811=VERTEX_POINT('',#810);
#812=CARTESIAN_POINT('',(-21.616371,358.333252,-47.910862));
#813=VERTEX_POINT('',#812);
#814=CARTESIAN_POINT('',(-21.636801,358.498871,-47.910862));
#815=VERTEX_POINT('',#814);
#816=CARTESIAN_POINT('',(-21.665331,358.6633,-47.910862));
#817=VERTEX_POINT('',#816);
#818=CARTESIAN_POINT('',(-21.701893,358.826141,-47.910862));
#819=VERTEX_POINT('',#818);
#820=CARTESIAN_POINT('',(-21.746403,358.986969,-47.910862));
#821=VERTEX_POINT('',#820);
#822=CARTESIAN_POINT('',(-22.843063,360.628235,-47.910862));
#823=VERTEX_POINT('',#822);
#824=CARTESIAN_POINT('',(-23.111061,360.826996,-47.910862));
#825=VERTEX_POINT('',#824);
#826=CARTESIAN_POINT('',(-22.974623,360.730896,-47.910862));
#827=VERTEX_POINT('',#826);
#828=CARTESIAN_POINT('',(-22.7167,360.519226,-47.910862));
#829=VERTEX_POINT('',#828);
#830=CARTESIAN_POINT('',(-22.595837,360.404175,-47.910862));
#831=VERTEX_POINT('',#830);
#832=CARTESIAN_POINT('',(-22.480766,360.283295,-47.910862));
#833=VERTEX_POINT('',#832);
#834=CARTESIAN_POINT('',(-22.371765,360.156952,-47.910862));
#835=VERTEX_POINT('',#834);
#836=CARTESIAN_POINT('',(-21.79875,359.145416,-47.910862));
#837=VERTEX_POINT('',#836);
#838=CARTESIAN_POINT('',(-21.85881,359.301117,-47.910862));
#839=VERTEX_POINT('',#838);
#840=CARTESIAN_POINT('',(-21.926435,359.453674,-47.910862));
#841=VERTEX_POINT('',#840);
#842=CARTESIAN_POINT('',(-22.083723,359.747955,-47.910862));
#843=VERTEX_POINT('',#842);
#844=CARTESIAN_POINT('',(-22.173004,359.888947,-47.910862));
#845=VERTEX_POINT('',#844);
#846=CARTESIAN_POINT('',(-22.269094,360.025391,-47.910862));
#847=VERTEX_POINT('',#846);
#848=CARTESIAN_POINT('',(-22.001467,359.602753,-47.910862));
#849=VERTEX_POINT('',#848);
#850=CARTESIAN_POINT('',(-21.6,358,-42.910862));
#851=VERTEX_POINT('',#850);
#852=CARTESIAN_POINT('',(-21.604095,358.16684,-42.910862));
#853=VERTEX_POINT('',#852);
#854=CARTESIAN_POINT('',(-21.616371,358.333252,-42.910862));
#855=VERTEX_POINT('',#854);
#856=CARTESIAN_POINT('',(-21.636801,358.498871,-42.910862));
#857=VERTEX_POINT('',#856);
#858=CARTESIAN_POINT('',(-21.665331,358.6633,-42.910862));
#859=VERTEX_POINT('',#858);
#860=CARTESIAN_POINT('',(-21.701893,358.826141,-42.910862));
#861=VERTEX_POINT('',#860);
#862=CARTESIAN_POINT('',(-21.746403,358.986969,-42.910862));
#863=VERTEX_POINT('',#862);
#864=CARTESIAN_POINT('',(-22.843063,360.628235,-42.910862));
#865=VERTEX_POINT('',#864);
#866=CARTESIAN_POINT('',(-23.111061,360.826996,-42.910862));
#867=VERTEX_POINT('',#866);
#868=CARTESIAN_POINT('',(-22.974623,360.730896,-42.910862));
#869=VERTEX_POINT('',#868);
#870=CARTESIAN_POINT('',(-22.7167,360.519226,-42.910862));
#871=VERTEX_POINT('',#870);
#872=CARTESIAN_POINT('',(-22.595837,360.404175,-42.910862));
#873=VERTEX_POINT('',#872);
#874=CARTESIAN_POINT('',(-22.480766,360.283295,-42.910862));
#875=VERTEX_POINT('',#874);
#876=CARTESIAN_POINT('',(-22.371765,360.156952,-42.910862));
#877=VERTEX_POINT('',#876);
#878=CARTESIAN_POINT('',(-21.79875,359.145416,-42.910862));
#879=VERTEX_POINT('',#878);
#880=CARTESIAN_POINT('',(-21.85881,359.301117,-42.910862));
#881=VERTEX_POINT('',#880);
#882=CARTESIAN_POINT('',(-21.926435,359.453674,-42.910862));
#883=VERTEX_POINT('',#882);
#884=CARTESIAN_POINT('',(-22.083723,359.747955,-42.910862));
#885=VERTEX_POINT('',#884);
#886=CARTESIAN_POINT('',(-22.173004,359.888947,-42.910862));
#887=VERTEX_POINT('',#886);
#888=CARTESIAN_POINT('',(-22.269094,360.025391,-42.910862));
#889=VERTEX_POINT('',#888);
#890=CARTESIAN_POINT('',(-22.001467,359.602753,-42.910862));
#891=VERTEX_POINT('',#890);
#892=CARTESIAN_POINT('',(-26.145426,361.201263,-47.910862));
#893=VERTEX_POINT('',#892);
#894=CARTESIAN_POINT('',(-25.986967,361.253601,-47.910862));
#895=VERTEX_POINT('',#894);
#896=CARTESIAN_POINT('',(-25.826132,361.298096,-47.910862));
#897=VERTEX_POINT('',#896);
#898=CARTESIAN_POINT('',(-25.663307,361.334656,-47.910862));
#899=VERTEX_POINT('',#898);
#900=CARTESIAN_POINT('',(-25.498884,361.36319,-47.910862));
#901=VERTEX_POINT('',#900);
#902=CARTESIAN_POINT('',(-25.333258,361.383636,-47.910862));
#903=VERTEX_POINT('',#902);
#904=CARTESIAN_POINT('',(-25.16683,361.395905,-47.910862));
#905=VERTEX_POINT('',#904);
#906=CARTESIAN_POINT('',(-25,361.399994,-47.910862));
#907=VERTEX_POINT('',#906);
#908=CARTESIAN_POINT('',(-24.83317,361.395905,-47.910862));
#909=VERTEX_POINT('',#908);
#910=CARTESIAN_POINT('',(-24.666742,361.383636,-47.910862));
#911=VERTEX_POINT('',#910);
#912=CARTESIAN_POINT('',(-24.501116,361.36319,-47.910862));
#913=VERTEX_POINT('',#912);
#914=CARTESIAN_POINT('',(-24.336693,361.334656,-47.910862));
#915=VERTEX_POINT('',#914);
#916=CARTESIAN_POINT('',(-24.173868,361.298096,-47.910862));
#917=VERTEX_POINT('',#916);
#918=CARTESIAN_POINT('',(-24.013033,361.253601,-47.910862));
#919=VERTEX_POINT('',#918);
#920=CARTESIAN_POINT('',(-23.854574,361.201263,-47.910862));
#921=VERTEX_POINT('',#920);
#922=CARTESIAN_POINT('',(-26.145426,361.201263,-42.910862));
#923=VERTEX_POINT('',#922);
#924=CARTESIAN_POINT('',(-25.986967,361.253601,-42.910862));
#925=VERTEX_POINT('',#924);
#926=CARTESIAN_POINT('',(-25.826132,361.298096,-42.910862));
#927=VERTEX_POINT('',#926);
#928=CARTESIAN_POINT('',(-25.663307,361.334656,-42.910862));
#929=VERTEX_POINT('',#928);
#930=CARTESIAN_POINT('',(-25.498884,361.36319,-42.910862));
#931=VERTEX_POINT('',#930);
#932=CARTESIAN_POINT('',(-25.333258,361.383636,-42.910862));
#933=VERTEX_POINT('',#932);
#934=CARTESIAN_POINT('',(-25.16683,361.395905,-42.910862));
#935=VERTEX_POINT('',#934);
#936=CARTESIAN_POINT('',(-25,361.399994,-42.910862));
#937=VERTEX_POINT('',#936);
#938=CARTESIAN_POINT('',(-24.83317,361.395905,-42.910862));
#939=VERTEX_POINT('',#938);
#940=CARTESIAN_POINT('',(-24.666742,361.383636,-42.910862));
#941=VERTEX_POINT('',#940);
#942=CARTESIAN_POINT('',(-24.501116,361.36319,-42.910862));
#943=VERTEX_POINT('',#942);
#944=CARTESIAN_POINT('',(-24.336693,361.334656,-42.910862));
#945=VERTEX_POINT('',#944);
#946=CARTESIAN_POINT('',(-24.173868,361.298096,-42.910862));
#947=VERTEX_POINT('',#946);
#948=CARTESIAN_POINT('',(-24.013033,361.253601,-42.910862));
#949=VERTEX_POINT('',#948);
#950=CARTESIAN_POINT('',(-23.854574,361.201263,-42.910862));
#951=VERTEX_POINT('',#950);
#952=CARTESIAN_POINT('',(-31,378.289673,-47.910862));
#953=VERTEX_POINT('',#952);
#954=CARTESIAN_POINT('',(-31,378.289673,-42.910862));
#955=VERTEX_POINT('',#954);
#956=CARTESIAN_POINT('',(-13.8,378.289673,-47.910862));
#957=VERTEX_POINT('',#956);
#958=CARTESIAN_POINT('',(-13.8,378.289673,-43.910862));
#959=VERTEX_POINT('',#958);
#960=CARTESIAN_POINT('',(-14.8,378.289673,-42.910862));
#961=VERTEX_POINT('',#960);
#962=CARTESIAN_POINT('',(-6.2,378.289673,-39.849575));
#963=VERTEX_POINT('',#962);
#964=CARTESIAN_POINT('',(-4.745275,378.289673,-40.566967));
#965=VERTEX_POINT('',#964);
#966=CARTESIAN_POINT('',(-3.985849,378.289673,-40.852795));
#967=VERTEX_POINT('',#966);
#968=CARTESIAN_POINT('',(-5.48438,378.289673,-40.232082));
#969=VERTEX_POINT('',#968);
#970=CARTESIAN_POINT('',(-3.209356,378.289673,-41.088341));
#971=VERTEX_POINT('',#970);
#972=CARTESIAN_POINT('',(-2.41912,378.289673,-41.272598));
#973=VERTEX_POINT('',#972);
#974=CARTESIAN_POINT('',(-1.618525,378.289673,-41.404778));
#975=VERTEX_POINT('',#974);
#976=CARTESIAN_POINT('',(-0.810999,378.289673,-41.484314));
#977=VERTEX_POINT('',#976);
#978=CARTESIAN_POINT('',(-8.768124,378.289673,-37.878986));
#979=VERTEX_POINT('',#978);
#980=CARTESIAN_POINT('',(-8.175888,378.289673,-38.433674));
#981=VERTEX_POINT('',#980);
#982=CARTESIAN_POINT('',(-9.837582,378.289673,-36.659504));
#983=VERTEX_POINT('',#982);
#984=CARTESIAN_POINT('',(-10.310224,378.289673,-35.999931));
#985=VERTEX_POINT('',#984);
#986=CARTESIAN_POINT('',(-9.322814,378.289673,-37.286751));
#987=VERTEX_POINT('',#986);
#988=CARTESIAN_POINT('',(-11.741934,378.289673,-33.09671));
#989=VERTEX_POINT('',#988);
#990=CARTESIAN_POINT('',(-11.97748,378.289673,-32.320217));
#991=VERTEX_POINT('',#990);
#992=CARTESIAN_POINT('',(-12.161737,378.289673,-31.529982));
#993=VERTEX_POINT('',#992);
#994=CARTESIAN_POINT('',(-10.738715,378.289673,-35.31086));
#995=VERTEX_POINT('',#994);
#996=CARTESIAN_POINT('',(-11.121222,378.289673,-34.595242));
#997=VERTEX_POINT('',#996);
#998=CARTESIAN_POINT('',(-11.456106,378.289673,-33.856136));
#999=VERTEX_POINT('',#998);
#1000=CARTESIAN_POINT('',(-6.889071,378.289673,-39.421085));
#1001=VERTEX_POINT('',#1000);
#1002=CARTESIAN_POINT('',(-7.548642,378.289673,-38.948444));
#1003=VERTEX_POINT('',#1002);
#1004=CARTESIAN_POINT('',(-12.293917,378.289673,-30.729385));
#1005=VERTEX_POINT('',#1004);
#1006=CARTESIAN_POINT('',(-12.37345,378.289673,-29.92186));
#1007=VERTEX_POINT('',#1006);
#1008=CARTESIAN_POINT('',(-12.4,378.289673,-29.110861));
#1009=VERTEX_POINT('',#1008);
#1010=CARTESIAN_POINT('',(-12.37345,378.289673,-28.299862));
#1011=VERTEX_POINT('',#1010);
#1012=CARTESIAN_POINT('',(-12.293917,378.289673,-27.492336));
#1013=VERTEX_POINT('',#1012);
#1014=CARTESIAN_POINT('',(-12.161737,378.289673,-26.691742));
#1015=VERTEX_POINT('',#1014);
#1016=CARTESIAN_POINT('',(-11.97748,378.289673,-25.901505));
#1017=VERTEX_POINT('',#1016);
#1018=CARTESIAN_POINT('',(-11.741934,378.289673,-25.125011));
#1019=VERTEX_POINT('',#1018);
#1020=CARTESIAN_POINT('',(-11.456106,378.289673,-24.365587));
#1021=VERTEX_POINT('',#1020);
#1022=CARTESIAN_POINT('',(-11.121222,378.289673,-23.626482));
#1023=VERTEX_POINT('',#1022);
#1024=CARTESIAN_POINT('',(-10.738715,378.289673,-22.910862));
#1025=VERTEX_POINT('',#1024);
#1026=CARTESIAN_POINT('',(-10.310224,378.289673,-22.22179));
#1027=VERTEX_POINT('',#1026);
#1028=CARTESIAN_POINT('',(-9.837582,378.289673,-21.56222));
#1029=VERTEX_POINT('',#1028);
#1030=CARTESIAN_POINT('',(-9.322814,378.289673,-20.934973));
#1031=VERTEX_POINT('',#1030);
#1032=CARTESIAN_POINT('',(-8.768124,378.289673,-20.342737));
#1033=VERTEX_POINT('',#1032);
#1034=CARTESIAN_POINT('',(-8.175888,378.289673,-19.788048));
#1035=VERTEX_POINT('',#1034);
#1036=CARTESIAN_POINT('',(-14.8,378.289673,-14.310862));
#1037=VERTEX_POINT('',#1036);
#1038=CARTESIAN_POINT('',(-7.548642,378.289673,-19.273279));
#1039=VERTEX_POINT('',#1038);
#1040=CARTESIAN_POINT('',(-6.889071,378.289673,-18.800638));
#1041=VERTEX_POINT('',#1040);
#1042=CARTESIAN_POINT('',(-6.2,378.289673,-18.372147));
#1043=VERTEX_POINT('',#1042);
#1044=CARTESIAN_POINT('',(-5.48438,378.289673,-17.989639));
#1045=VERTEX_POINT('',#1044);
#1046=CARTESIAN_POINT('',(-4.745275,378.289673,-17.654755));
#1047=VERTEX_POINT('',#1046);
#1048=CARTESIAN_POINT('',(-3.985849,378.289673,-17.368927));
#1049=VERTEX_POINT('',#1048);
#1050=CARTESIAN_POINT('',(-3.209356,378.289673,-17.133381));
#1051=VERTEX_POINT('',#1050);
#1052=CARTESIAN_POINT('',(-2.41912,378.289673,-16.949123));
#1053=VERTEX_POINT('',#1052);
#1054=CARTESIAN_POINT('',(-1.618525,378.289673,-16.816946));
#1055=VERTEX_POINT('',#1054);
#1056=CARTESIAN_POINT('',(-0.810999,378.289673,-16.737411));
#1057=VERTEX_POINT('',#1056);
#1058=CARTESIAN_POINT('',(0,312.289673,-40.51086));
#1059=VERTEX_POINT('',#1058);
#1060=CARTESIAN_POINT('',(0.745596,312.289673,-40.486454));
#1061=VERTEX_POINT('',#1060);
#1062=CARTESIAN_POINT('',(1.487999,312.289673,-40.413334));
#1063=VERTEX_POINT('',#1062);
#1064=CARTESIAN_POINT('',(2.22403,312.289673,-40.291813));
#1065=VERTEX_POINT('',#1064);
#1066=CARTESIAN_POINT('',(2.950537,312.289673,-40.122417));
#1067=VERTEX_POINT('',#1066);
#1068=CARTESIAN_POINT('',(3.66441,312.289673,-39.905865));
#1069=VERTEX_POINT('',#1068);
#1070=CARTESIAN_POINT('',(4.362591,312.289673,-39.643089));
#1071=VERTEX_POINT('',#1070);
#1072=CARTESIAN_POINT('',(13.8,309.889679,-47.910862));
#1073=VERTEX_POINT('',#1072);
#1074=CARTESIAN_POINT('',(13.8,309.889679,-43.910862));
#1075=VERTEX_POINT('',#1074);
#1076=CARTESIAN_POINT('',(14.8,309.889679,-42.910862));
#1077=VERTEX_POINT('',#1076);
#1078=CARTESIAN_POINT('',(0,309.889679,-38.110863));
#1079=VERTEX_POINT('',#1078);
#1080=CARTESIAN_POINT('',(0.882154,309.889679,-38.067524));
#1081=VERTEX_POINT('',#1080);
#1082=CARTESIAN_POINT('',(1.755813,309.889679,-37.937927));
#1083=VERTEX_POINT('',#1082);
#1084=CARTESIAN_POINT('',(0,312.289673,-38.110863));
#1085=VERTEX_POINT('',#1084);
#1086=CARTESIAN_POINT('',(0.882154,312.289673,-38.067524));
#1087=VERTEX_POINT('',#1086);
#1088=CARTESIAN_POINT('',(1.755813,312.289673,-37.937927));
#1089=VERTEX_POINT('',#1088);
#1090=CARTESIAN_POINT('',(2.612562,309.889679,-37.723324));
#1091=VERTEX_POINT('',#1090);
#1092=CARTESIAN_POINT('',(3.444151,309.889679,-37.425777));
#1093=VERTEX_POINT('',#1092);
#1094=CARTESIAN_POINT('',(2.612562,312.289673,-37.723324));
#1095=VERTEX_POINT('',#1094);
#1096=CARTESIAN_POINT('',(3.444151,312.289673,-37.425777));
#1097=VERTEX_POINT('',#1096);
#1098=CARTESIAN_POINT('',(5.042091,312.289673,-39.335209));
#1099=VERTEX_POINT('',#1098);
#1100=CARTESIAN_POINT('',(5.7,312.289673,-38.983551));
#1101=VERTEX_POINT('',#1100);
#1102=CARTESIAN_POINT('',(6.333501,312.289673,-38.589615));
#1103=VERTEX_POINT('',#1102);
#1104=CARTESIAN_POINT('',(6.93988,312.289673,-38.15509));
#1105=VERTEX_POINT('',#1104);
#1106=CARTESIAN_POINT('',(7.516542,312.289673,-37.681835));
#1107=VERTEX_POINT('',#1106);
#1108=CARTESIAN_POINT('',(4.24257,309.889679,-37.048153));
#1109=VERTEX_POINT('',#1108);
#1110=CARTESIAN_POINT('',(5.000132,309.889679,-36.59409));
#1111=VERTEX_POINT('',#1110);
#1112=CARTESIAN_POINT('',(5.709539,309.889679,-36.067955));
#1113=VERTEX_POINT('',#1112);
#1114=CARTESIAN_POINT('',(4.24257,312.289673,-37.048153));
#1115=VERTEX_POINT('',#1114);
#1116=CARTESIAN_POINT('',(5.000132,312.289673,-36.59409));
#1117=VERTEX_POINT('',#1116);
#1118=CARTESIAN_POINT('',(5.709539,312.289673,-36.067955));
#1119=VERTEX_POINT('',#1118);
#1120=CARTESIAN_POINT('',(6.363961,309.889679,-35.474823));
#1121=VERTEX_POINT('',#1120);
#1122=CARTESIAN_POINT('',(6.363961,312.289673,-35.474823));
#1123=VERTEX_POINT('',#1122);
#1124=CARTESIAN_POINT('',(6.957094,309.889679,-34.8204));
#1125=VERTEX_POINT('',#1124);
#1126=CARTESIAN_POINT('',(7.483226,309.889679,-34.110992));
#1127=VERTEX_POINT('',#1126);
#1128=CARTESIAN_POINT('',(6.957094,312.289673,-34.8204));
#1129=VERTEX_POINT('',#1128);
#1130=CARTESIAN_POINT('',(7.483226,312.289673,-34.110992));
#1131=VERTEX_POINT('',#1130);
#1132=CARTESIAN_POINT('',(8.061017,312.289673,-37.171879));
#1133=VERTEX_POINT('',#1132);
#1134=CARTESIAN_POINT('',(8.570973,312.289673,-36.627403));
#1135=VERTEX_POINT('',#1134);
#1136=CARTESIAN_POINT('',(9.044229,312.289673,-36.050743));
#1137=VERTEX_POINT('',#1136);
#1138=CARTESIAN_POINT('',(9.478754,312.289673,-35.444363));
#1139=VERTEX_POINT('',#1138);
#1140=CARTESIAN_POINT('',(7.937291,309.889679,-33.353432));
#1141=VERTEX_POINT('',#1140);
#1142=CARTESIAN_POINT('',(7.937291,312.289673,-33.353432));
#1143=VERTEX_POINT('',#1142);
#1144=CARTESIAN_POINT('',(9.872689,312.289673,-34.81086));
#1145=VERTEX_POINT('',#1144);
#1146=CARTESIAN_POINT('',(10.224349,312.289673,-34.152954));
#1147=VERTEX_POINT('',#1146);
#1148=CARTESIAN_POINT('',(10.532227,312.289673,-33.473454));
#1149=VERTEX_POINT('',#1148);
#1150=CARTESIAN_POINT('',(8.314916,309.889679,-32.555012));
#1151=VERTEX_POINT('',#1150);
#1152=CARTESIAN_POINT('',(8.612463,309.889679,-31.723423));
#1153=VERTEX_POINT('',#1152);
#1154=CARTESIAN_POINT('',(8.314916,312.289673,-32.555012));
#1155=VERTEX_POINT('',#1154);
#1156=CARTESIAN_POINT('',(8.612463,312.289673,-31.723423));
#1157=VERTEX_POINT('',#1156);
#1158=CARTESIAN_POINT('',(10.795004,312.289673,-32.775272));
#1159=VERTEX_POINT('',#1158);
#1160=CARTESIAN_POINT('',(11.011555,312.289673,-32.061398));
#1161=VERTEX_POINT('',#1160);
#1162=CARTESIAN_POINT('',(11.180952,312.289673,-31.33489));
#1163=VERTEX_POINT('',#1162);
#1164=CARTESIAN_POINT('',(0,332.289673,-41.51086));
#1165=VERTEX_POINT('',#1164);
#1166=CARTESIAN_POINT('',(0.810999,332.289673,-41.484314));
#1167=VERTEX_POINT('',#1166);
#1168=CARTESIAN_POINT('',(1.618525,332.289673,-41.404778));
#1169=VERTEX_POINT('',#1168);
#1170=CARTESIAN_POINT('',(0,332.289673,-40.51086));
#1171=VERTEX_POINT('',#1170);
#1172=CARTESIAN_POINT('',(0.745596,332.289673,-40.486454));
#1173=VERTEX_POINT('',#1172);
#1174=CARTESIAN_POINT('',(1.487999,332.289673,-40.413334));
#1175=VERTEX_POINT('',#1174);
#1176=CARTESIAN_POINT('',(2.41912,332.289673,-41.272598));
#1177=VERTEX_POINT('',#1176);
#1178=CARTESIAN_POINT('',(3.209356,332.289673,-41.088341));
#1179=VERTEX_POINT('',#1178);
#1180=CARTESIAN_POINT('',(2.22403,332.289673,-40.291813));
#1181=VERTEX_POINT('',#1180);
#1182=CARTESIAN_POINT('',(2.950537,332.289673,-40.122417));
#1183=VERTEX_POINT('',#1182);
#1184=CARTESIAN_POINT('',(3.66441,332.289673,-39.905865));
#1185=VERTEX_POINT('',#1184);
#1186=CARTESIAN_POINT('',(3.985849,332.289673,-40.852795));
#1187=VERTEX_POINT('',#1186);
#1188=CARTESIAN_POINT('',(4.745275,332.289673,-40.566967));
#1189=VERTEX_POINT('',#1188);
#1190=CARTESIAN_POINT('',(4.362591,332.289673,-39.643089));
#1191=VERTEX_POINT('',#1190);
#1192=CARTESIAN_POINT('',(5.48438,332.289673,-40.232082));
#1193=VERTEX_POINT('',#1192);
#1194=CARTESIAN_POINT('',(6.2,332.289673,-39.849575));
#1195=VERTEX_POINT('',#1194);
#1196=CARTESIAN_POINT('',(5.042091,332.289673,-39.335209));
#1197=VERTEX_POINT('',#1196);
#1198=CARTESIAN_POINT('',(5.7,332.289673,-38.983551));
#1199=VERTEX_POINT('',#1198);
#1200=CARTESIAN_POINT('',(6.333501,332.289673,-38.589615));
#1201=VERTEX_POINT('',#1200);
#1202=CARTESIAN_POINT('',(6.889071,332.289673,-39.421085));
#1203=VERTEX_POINT('',#1202);
#1204=CARTESIAN_POINT('',(7.548642,332.289673,-38.948444));
#1205=VERTEX_POINT('',#1204);
#1206=CARTESIAN_POINT('',(6.93988,332.289673,-38.15509));
#1207=VERTEX_POINT('',#1206);
#1208=CARTESIAN_POINT('',(7.516542,332.289673,-37.681835));
#1209=VERTEX_POINT('',#1208);
#1210=CARTESIAN_POINT('',(8.175888,332.289673,-38.433674));
#1211=VERTEX_POINT('',#1210);
#1212=CARTESIAN_POINT('',(8.768124,332.289673,-37.878986));
#1213=VERTEX_POINT('',#1212);
#1214=CARTESIAN_POINT('',(8.061017,332.289673,-37.171879));
#1215=VERTEX_POINT('',#1214);
#1216=CARTESIAN_POINT('',(8.570973,332.289673,-36.627403));
#1217=VERTEX_POINT('',#1216);
#1218=CARTESIAN_POINT('',(9.322814,332.289673,-37.286751));
#1219=VERTEX_POINT('',#1218);
#1220=CARTESIAN_POINT('',(9.044229,332.289673,-36.050743));
#1221=VERTEX_POINT('',#1220);
#1222=CARTESIAN_POINT('',(9.478754,332.289673,-35.444363));
#1223=VERTEX_POINT('',#1222);
#1224=CARTESIAN_POINT('',(9.837582,332.289673,-36.659504));
#1225=VERTEX_POINT('',#1224);
#1226=CARTESIAN_POINT('',(10.310224,332.289673,-35.999931));
#1227=VERTEX_POINT('',#1226);
#1228=CARTESIAN_POINT('',(9.872689,332.289673,-34.81086));
#1229=VERTEX_POINT('',#1228);
#1230=CARTESIAN_POINT('',(10.738715,332.289673,-35.31086));
#1231=VERTEX_POINT('',#1230);
#1232=CARTESIAN_POINT('',(11.121222,332.289673,-34.595242));
#1233=VERTEX_POINT('',#1232);
#1234=CARTESIAN_POINT('',(10.224349,332.289673,-34.152954));
#1235=VERTEX_POINT('',#1234);
#1236=CARTESIAN_POINT('',(10.532227,332.289673,-33.473454));
#1237=VERTEX_POINT('',#1236);
#1238=CARTESIAN_POINT('',(11.456106,332.289673,-33.856136));
#1239=VERTEX_POINT('',#1238);
#1240=CARTESIAN_POINT('',(10.795004,332.289673,-32.775272));
#1241=VERTEX_POINT('',#1240);
#1242=CARTESIAN_POINT('',(11.011555,332.289673,-32.061398));
#1243=VERTEX_POINT('',#1242);
#1244=CARTESIAN_POINT('',(11.180952,332.289673,-31.33489));
#1245=VERTEX_POINT('',#1244);
#1246=CARTESIAN_POINT('',(11.741934,332.289673,-33.09671));
#1247=VERTEX_POINT('',#1246);
#1248=CARTESIAN_POINT('',(11.97748,332.289673,-32.320217));
#1249=VERTEX_POINT('',#1248);
#1250=CARTESIAN_POINT('',(12.161737,332.289673,-31.529982));
#1251=VERTEX_POINT('',#1250);
#1252=CARTESIAN_POINT('',(31,309.889679,-47.910862));
#1253=VERTEX_POINT('',#1252);
#1254=CARTESIAN_POINT('',(31,309.889679,-42.910862));
#1255=VERTEX_POINT('',#1254);
#1256=CARTESIAN_POINT('',(22.480766,339.716705,-47.910862));
#1257=VERTEX_POINT('',#1256);
#1258=CARTESIAN_POINT('',(22.7167,339.480774,-47.910862));
#1259=VERTEX_POINT('',#1258);
#1260=CARTESIAN_POINT('',(22.595837,339.595825,-47.910862));
#1261=VERTEX_POINT('',#1260);
#1262=CARTESIAN_POINT('',(22.974623,339.269104,-47.910862));
#1263=VERTEX_POINT('',#1262);
#1264=CARTESIAN_POINT('',(23.111061,339.173004,-47.910862));
#1265=VERTEX_POINT('',#1264);
#1266=CARTESIAN_POINT('',(22.843063,339.371765,-47.910862));
#1267=VERTEX_POINT('',#1266);
#1268=CARTESIAN_POINT('',(22.269094,339.974609,-47.910862));
#1269=VERTEX_POINT('',#1268);
#1270=CARTESIAN_POINT('',(22.083723,340.252045,-47.910862));
#1271=VERTEX_POINT('',#1270);
#1272=CARTESIAN_POINT('',(22.173004,340.111053,-47.910862));
#1273=VERTEX_POINT('',#1272);
#1274=CARTESIAN_POINT('',(22.001467,340.397247,-47.910862));
#1275=VERTEX_POINT('',#1274);
#1276=CARTESIAN_POINT('',(21.926435,340.546326,-47.910862));
#1277=VERTEX_POINT('',#1276);
#1278=CARTESIAN_POINT('',(21.85881,340.698883,-47.910862));
#1279=VERTEX_POINT('',#1278);
#1280=CARTESIAN_POINT('',(21.79875,340.854584,-47.910862));
#1281=VERTEX_POINT('',#1280);
#1282=CARTESIAN_POINT('',(21.746403,341.013031,-47.910862));
#1283=VERTEX_POINT('',#1282);
#1284=CARTESIAN_POINT('',(21.665331,341.3367,-47.910862));
#1285=VERTEX_POINT('',#1284);
#1286=CARTESIAN_POINT('',(21.701893,341.173859,-47.910862));
#1287=VERTEX_POINT('',#1286);
#1288=CARTESIAN_POINT('',(21.636801,341.501129,-47.910862));
#1289=VERTEX_POINT('',#1288);
#1290=CARTESIAN_POINT('',(21.616371,341.666748,-47.910862));
#1291=VERTEX_POINT('',#1290);
#1292=CARTESIAN_POINT('',(21.604095,341.83316,-47.910862));
#1293=VERTEX_POINT('',#1292);
#1294=CARTESIAN_POINT('',(22.371765,339.843048,-47.910862));
#1295=VERTEX_POINT('',#1294);
#1296=CARTESIAN_POINT('',(21.6,342,-47.910862));
#1297=VERTEX_POINT('',#1296);
#1298=CARTESIAN_POINT('',(22.480766,339.716705,-42.910862));
#1299=VERTEX_POINT('',#1298);
#1300=CARTESIAN_POINT('',(22.7167,339.480774,-42.910862));
#1301=VERTEX_POINT('',#1300);
#1302=CARTESIAN_POINT('',(22.595837,339.595825,-42.910862));
#1303=VERTEX_POINT('',#1302);
#1304=CARTESIAN_POINT('',(22.974623,339.269104,-42.910862));
#1305=VERTEX_POINT('',#1304);
#1306=CARTESIAN_POINT('',(23.111061,339.173004,-42.910862));
#1307=VERTEX_POINT('',#1306);
#1308=CARTESIAN_POINT('',(22.843063,339.371765,-42.910862));
#1309=VERTEX_POINT('',#1308);
#1310=CARTESIAN_POINT('',(22.269094,339.974609,-42.910862));
#1311=VERTEX_POINT('',#1310);
#1312=CARTESIAN_POINT('',(22.083723,340.252045,-42.910862));
#1313=VERTEX_POINT('',#1312);
#1314=CARTESIAN_POINT('',(22.173004,340.111053,-42.910862));
#1315=VERTEX_POINT('',#1314);
#1316=CARTESIAN_POINT('',(22.001467,340.397247,-42.910862));
#1317=VERTEX_POINT('',#1316);
#1318=CARTESIAN_POINT('',(21.926435,340.546326,-42.910862));
#1319=VERTEX_POINT('',#1318);
#1320=CARTESIAN_POINT('',(21.85881,340.698883,-42.910862));
#1321=VERTEX_POINT('',#1320);
#1322=CARTESIAN_POINT('',(21.79875,340.854584,-42.910862));
#1323=VERTEX_POINT('',#1322);
#1324=CARTESIAN_POINT('',(21.746403,341.013031,-42.910862));
#1325=VERTEX_POINT('',#1324);
#1326=CARTESIAN_POINT('',(21.665331,341.3367,-42.910862));
#1327=VERTEX_POINT('',#1326);
#1328=CARTESIAN_POINT('',(21.701893,341.173859,-42.910862));
#1329=VERTEX_POINT('',#1328);
#1330=CARTESIAN_POINT('',(21.636801,341.501129,-42.910862));
#1331=VERTEX_POINT('',#1330);
#1332=CARTESIAN_POINT('',(21.616371,341.666748,-42.910862));
#1333=VERTEX_POINT('',#1332);
#1334=CARTESIAN_POINT('',(21.604095,341.83316,-42.910862));
#1335=VERTEX_POINT('',#1334);
#1336=CARTESIAN_POINT('',(22.371765,339.843048,-42.910862));
#1337=VERTEX_POINT('',#1336);
#1338=CARTESIAN_POINT('',(21.6,342,-42.910862));
#1339=VERTEX_POINT('',#1338);
#1340=CARTESIAN_POINT('',(24.173868,338.701904,-47.910862));
#1341=VERTEX_POINT('',#1340);
#1342=CARTESIAN_POINT('',(23.397251,339.001465,-47.910862));
#1343=VERTEX_POINT('',#1342);
#1344=CARTESIAN_POINT('',(23.25205,339.08371,-47.910862));
#1345=VERTEX_POINT('',#1344);
#1346=CARTESIAN_POINT('',(23.546312,338.926422,-47.910862));
#1347=VERTEX_POINT('',#1346);
#1348=CARTESIAN_POINT('',(23.698875,338.858795,-47.910862));
#1349=VERTEX_POINT('',#1348);
#1350=CARTESIAN_POINT('',(23.854574,338.798737,-47.910862));
#1351=VERTEX_POINT('',#1350);
#1352=CARTESIAN_POINT('',(24.013033,338.746399,-47.910862));
#1353=VERTEX_POINT('',#1352);
#1354=CARTESIAN_POINT('',(24.336693,338.665344,-47.910862));
#1355=VERTEX_POINT('',#1354);
#1356=CARTESIAN_POINT('',(24.501116,338.63681,-47.910862));
#1357=VERTEX_POINT('',#1356);
#1358=CARTESIAN_POINT('',(24.666742,338.616364,-47.910862));
#1359=VERTEX_POINT('',#1358);
#1360=CARTESIAN_POINT('',(24.83317,338.604095,-47.910862));
#1361=VERTEX_POINT('',#1360);
#1362=CARTESIAN_POINT('',(25,338.600006,-47.910862));
#1363=VERTEX_POINT('',#1362);
#1364=CARTESIAN_POINT('',(25.16683,338.604095,-47.910862));
#1365=VERTEX_POINT('',#1364);
#1366=CARTESIAN_POINT('',(25.333258,338.616364,-47.910862));
#1367=VERTEX_POINT('',#1366);
#1368=CARTESIAN_POINT('',(25.498884,338.63681,-47.910862));
#1369=VERTEX_POINT('',#1368);
#1370=CARTESIAN_POINT('',(25.663307,338.665344,-47.910862));
#1371=VERTEX_POINT('',#1370);
#1372=CARTESIAN_POINT('',(25.826132,338.701904,-47.910862));
#1373=VERTEX_POINT('',#1372);
#1374=CARTESIAN_POINT('',(25.986967,338.746399,-47.910862));
#1375=VERTEX_POINT('',#1374);
#1376=CARTESIAN_POINT('',(26.145426,338.798737,-47.910862));
#1377=VERTEX_POINT('',#1376);
#1378=CARTESIAN_POINT('',(26.301125,338.858795,-47.910862));
#1379=VERTEX_POINT('',#1378);
#1380=CARTESIAN_POINT('',(26.453688,338.926422,-47.910862));
#1381=VERTEX_POINT('',#1380);
#1382=CARTESIAN_POINT('',(26.602749,339.001465,-47.910862));
#1383=VERTEX_POINT('',#1382);
#1384=CARTESIAN_POINT('',(26.74795,339.08371,-47.910862));
#1385=VERTEX_POINT('',#1384);
#1386=CARTESIAN_POINT('',(26.888939,339.173004,-47.910862));
#1387=VERTEX_POINT('',#1386);
#1388=CARTESIAN_POINT('',(27.025377,339.269104,-47.910862));
#1389=VERTEX_POINT('',#1388);
#1390=CARTESIAN_POINT('',(27.156937,339.371765,-47.910862));
#1391=VERTEX_POINT('',#1390);
#1392=CARTESIAN_POINT('',(27.2833,339.480774,-47.910862));
#1393=VERTEX_POINT('',#1392);
#1394=CARTESIAN_POINT('',(27.404163,339.595825,-47.910862));
#1395=VERTEX_POINT('',#1394);
#1396=CARTESIAN_POINT('',(27.519234,339.716705,-47.910862));
#1397=VERTEX_POINT('',#1396);
#1398=CARTESIAN_POINT('',(27.628235,339.843048,-47.910862));
#1399=VERTEX_POINT('',#1398);
#1400=CARTESIAN_POINT('',(27.730906,339.974609,-47.910862));
#1401=VERTEX_POINT('',#1400);
#1402=CARTESIAN_POINT('',(27.826996,340.111053,-47.910862));
#1403=VERTEX_POINT('',#1402);
#1404=CARTESIAN_POINT('',(27.916277,340.252045,-47.910862));
#1405=VERTEX_POINT('',#1404);
#1406=CARTESIAN_POINT('',(27.998533,340.397247,-47.910862));
#1407=VERTEX_POINT('',#1406);
#1408=CARTESIAN_POINT('',(28.073565,340.546326,-47.910862));
#1409=VERTEX_POINT('',#1408);
#1410=CARTESIAN_POINT('',(28.14119,340.698883,-47.910862));
#1411=VERTEX_POINT('',#1410);
#1412=CARTESIAN_POINT('',(28.20125,340.854584,-47.910862));
#1413=VERTEX_POINT('',#1412);
#1414=CARTESIAN_POINT('',(28.253597,341.013031,-47.910862));
#1415=VERTEX_POINT('',#1414);
#1416=CARTESIAN_POINT('',(28.298107,341.173859,-47.910862));
#1417=VERTEX_POINT('',#1416);
#1418=CARTESIAN_POINT('',(28.334669,341.3367,-47.910862));
#1419=VERTEX_POINT('',#1418);
#1420=CARTESIAN_POINT('',(28.363199,341.501129,-47.910862));
#1421=VERTEX_POINT('',#1420);
#1422=CARTESIAN_POINT('',(28.383629,341.666748,-47.910862));
#1423=VERTEX_POINT('',#1422);
#1424=CARTESIAN_POINT('',(28.395905,341.83316,-47.910862));
#1425=VERTEX_POINT('',#1424);
#1426=CARTESIAN_POINT('',(28.4,342,-47.910862));
#1427=VERTEX_POINT('',#1426);
#1428=CARTESIAN_POINT('',(24.173868,338.701904,-42.910862));
#1429=VERTEX_POINT('',#1428);
#1430=CARTESIAN_POINT('',(23.397251,339.001465,-42.910862));
#1431=VERTEX_POINT('',#1430);
#1432=CARTESIAN_POINT('',(23.25205,339.08371,-42.910862));
#1433=VERTEX_POINT('',#1432);
#1434=CARTESIAN_POINT('',(23.546312,338.926422,-42.910862));
#1435=VERTEX_POINT('',#1434);
#1436=CARTESIAN_POINT('',(23.698875,338.858795,-42.910862));
#1437=VERTEX_POINT('',#1436);
#1438=CARTESIAN_POINT('',(23.854574,338.798737,-42.910862));
#1439=VERTEX_POINT('',#1438);
#1440=CARTESIAN_POINT('',(24.013033,338.746399,-42.910862));
#1441=VERTEX_POINT('',#1440);
#1442=CARTESIAN_POINT('',(24.336693,338.665344,-42.910862));
#1443=VERTEX_POINT('',#1442);
#1444=CARTESIAN_POINT('',(24.501116,338.63681,-42.910862));
#1445=VERTEX_POINT('',#1444);
#1446=CARTESIAN_POINT('',(24.666742,338.616364,-42.910862));
#1447=VERTEX_POINT('',#1446);
#1448=CARTESIAN_POINT('',(24.83317,338.604095,-42.910862));
#1449=VERTEX_POINT('',#1448);
#1450=CARTESIAN_POINT('',(25,338.600006,-42.910862));
#1451=VERTEX_POINT('',#1450);
#1452=CARTESIAN_POINT('',(25.16683,338.604095,-42.910862));
#1453=VERTEX_POINT('',#1452);
#1454=CARTESIAN_POINT('',(25.333258,338.616364,-42.910862));
#1455=VERTEX_POINT('',#1454);
#1456=CARTESIAN_POINT('',(25.498884,338.63681,-42.910862));
#1457=VERTEX_POINT('',#1456);
#1458=CARTESIAN_POINT('',(25.663307,338.665344,-42.910862));
#1459=VERTEX_POINT('',#1458);
#1460=CARTESIAN_POINT('',(25.826132,338.701904,-42.910862));
#1461=VERTEX_POINT('',#1460);
#1462=CARTESIAN_POINT('',(25.986967,338.746399,-42.910862));
#1463=VERTEX_POINT('',#1462);
#1464=CARTESIAN_POINT('',(26.145426,338.798737,-42.910862));
#1465=VERTEX_POINT('',#1464);
#1466=CARTESIAN_POINT('',(26.301125,338.858795,-42.910862));
#1467=VERTEX_POINT('',#1466);
#1468=CARTESIAN_POINT('',(26.453688,338.926422,-42.910862));
#1469=VERTEX_POINT('',#1468);
#1470=CARTESIAN_POINT('',(26.602749,339.001465,-42.910862));
#1471=VERTEX_POINT('',#1470);
#1472=CARTESIAN_POINT('',(26.74795,339.08371,-42.910862));
#1473=VERTEX_POINT('',#1472);
#1474=CARTESIAN_POINT('',(26.888939,339.173004,-42.910862));
#1475=VERTEX_POINT('',#1474);
#1476=CARTESIAN_POINT('',(27.025377,339.269104,-42.910862));
#1477=VERTEX_POINT('',#1476);
#1478=CARTESIAN_POINT('',(27.156937,339.371765,-42.910862));
#1479=VERTEX_POINT('',#1478);
#1480=CARTESIAN_POINT('',(27.2833,339.480774,-42.910862));
#1481=VERTEX_POINT('',#1480);
#1482=CARTESIAN_POINT('',(27.404163,339.595825,-42.910862));
#1483=VERTEX_POINT('',#1482);
#1484=CARTESIAN_POINT('',(27.519234,339.716705,-42.910862));
#1485=VERTEX_POINT('',#1484);
#1486=CARTESIAN_POINT('',(27.628235,339.843048,-42.910862));
#1487=VERTEX_POINT('',#1486);
#1488=CARTESIAN_POINT('',(27.730906,339.974609,-42.910862));
#1489=VERTEX_POINT('',#1488);
#1490=CARTESIAN_POINT('',(27.826996,340.111053,-42.910862));
#1491=VERTEX_POINT('',#1490);
#1492=CARTESIAN_POINT('',(27.916277,340.252045,-42.910862));
#1493=VERTEX_POINT('',#1492);
#1494=CARTESIAN_POINT('',(27.998533,340.397247,-42.910862));
#1495=VERTEX_POINT('',#1494);
#1496=CARTESIAN_POINT('',(28.073565,340.546326,-42.910862));
#1497=VERTEX_POINT('',#1496);
#1498=CARTESIAN_POINT('',(28.14119,340.698883,-42.910862));
#1499=VERTEX_POINT('',#1498);
#1500=CARTESIAN_POINT('',(28.20125,340.854584,-42.910862));
#1501=VERTEX_POINT('',#1500);
#1502=CARTESIAN_POINT('',(28.253597,341.013031,-42.910862));
#1503=VERTEX_POINT('',#1502);
#1504=CARTESIAN_POINT('',(28.298107,341.173859,-42.910862));
#1505=VERTEX_POINT('',#1504);
#1506=CARTESIAN_POINT('',(28.334669,341.3367,-42.910862));
#1507=VERTEX_POINT('',#1506);
#1508=CARTESIAN_POINT('',(28.363199,341.501129,-42.910862));
#1509=VERTEX_POINT('',#1508);
#1510=CARTESIAN_POINT('',(28.383629,341.666748,-42.910862));
#1511=VERTEX_POINT('',#1510);
#1512=CARTESIAN_POINT('',(28.395905,341.83316,-42.910862));
#1513=VERTEX_POINT('',#1512);
#1514=CARTESIAN_POINT('',(28.4,342,-42.910862));
#1515=VERTEX_POINT('',#1514);
#1516=CARTESIAN_POINT('',(7.483226,309.889679,-24.110729));
#1517=VERTEX_POINT('',#1516);
#1518=CARTESIAN_POINT('',(6.363961,309.889679,-22.746901));
#1519=VERTEX_POINT('',#1518);
#1520=CARTESIAN_POINT('',(6.957094,309.889679,-23.401321));
#1521=VERTEX_POINT('',#1520);
#1522=CARTESIAN_POINT('',(7.483226,312.289673,-24.110729));
#1523=VERTEX_POINT('',#1522);
#1524=CARTESIAN_POINT('',(6.363961,312.289673,-22.746901));
#1525=VERTEX_POINT('',#1524);
#1526=CARTESIAN_POINT('',(6.957094,312.289673,-23.401321));
#1527=VERTEX_POINT('',#1526);
#1528=CARTESIAN_POINT('',(8.827067,309.889679,-30.866674));
#1529=VERTEX_POINT('',#1528);
#1530=CARTESIAN_POINT('',(8.956662,309.889679,-29.993015));
#1531=VERTEX_POINT('',#1530);
#1532=CARTESIAN_POINT('',(9,309.889679,-29.110861));
#1533=VERTEX_POINT('',#1532);
#1534=CARTESIAN_POINT('',(8.827067,312.289673,-30.866674));
#1535=VERTEX_POINT('',#1534);
#1536=CARTESIAN_POINT('',(8.956662,312.289673,-29.993015));
#1537=VERTEX_POINT('',#1536);
#1538=CARTESIAN_POINT('',(9,312.289673,-29.110861));
#1539=VERTEX_POINT('',#1538);
#1540=CARTESIAN_POINT('',(11.302471,312.289673,-30.59886));
#1541=VERTEX_POINT('',#1540);
#1542=CARTESIAN_POINT('',(11.375591,312.289673,-29.856457));
#1543=VERTEX_POINT('',#1542);
#1544=CARTESIAN_POINT('',(11.4,312.289673,-29.110861));
#1545=VERTEX_POINT('',#1544);
#1546=CARTESIAN_POINT('',(8.956662,309.889679,-28.228706));
#1547=VERTEX_POINT('',#1546);
#1548=CARTESIAN_POINT('',(8.827067,309.889679,-27.355049));
#1549=VERTEX_POINT('',#1548);
#1550=CARTESIAN_POINT('',(8.956662,312.289673,-28.228706));
#1551=VERTEX_POINT('',#1550);
#1552=CARTESIAN_POINT('',(8.827067,312.289673,-27.355049));
#1553=VERTEX_POINT('',#1552);
#1554=CARTESIAN_POINT('',(11.375591,312.289673,-28.365265));
#1555=VERTEX_POINT('',#1554);
#1556=CARTESIAN_POINT('',(11.302471,312.289673,-27.622864));
#1557=VERTEX_POINT('',#1556);
#1558=CARTESIAN_POINT('',(8.612463,309.889679,-26.498299));
#1559=VERTEX_POINT('',#1558);
#1560=CARTESIAN_POINT('',(8.314916,309.889679,-25.66671));
#1561=VERTEX_POINT('',#1560);
#1562=CARTESIAN_POINT('',(7.937291,309.889679,-24.86829));
#1563=VERTEX_POINT('',#1562);
#1564=CARTESIAN_POINT('',(8.612463,312.289673,-26.498299));
#1565=VERTEX_POINT('',#1564);
#1566=CARTESIAN_POINT('',(8.314916,312.289673,-25.66671));
#1567=VERTEX_POINT('',#1566);
#1568=CARTESIAN_POINT('',(7.937291,312.289673,-24.86829));
#1569=VERTEX_POINT('',#1568);
#1570=CARTESIAN_POINT('',(11.180952,312.289673,-26.886831));
#1571=VERTEX_POINT('',#1570);
#1572=CARTESIAN_POINT('',(11.011555,312.289673,-26.160324));
#1573=VERTEX_POINT('',#1572);
#1574=CARTESIAN_POINT('',(10.795004,312.289673,-25.446451));
#1575=VERTEX_POINT('',#1574);
#1576=CARTESIAN_POINT('',(9.478754,312.289673,-22.777361));
#1577=VERTEX_POINT('',#1576);
#1578=CARTESIAN_POINT('',(10.532227,312.289673,-24.74827));
#1579=VERTEX_POINT('',#1578);
#1580=CARTESIAN_POINT('',(10.224349,312.289673,-24.068769));
#1581=VERTEX_POINT('',#1580);
#1582=CARTESIAN_POINT('',(9.872689,312.289673,-23.410862));
#1583=VERTEX_POINT('',#1582);
#1584=CARTESIAN_POINT('',(3.444151,309.889679,-20.795946));
#1585=VERTEX_POINT('',#1584);
#1586=CARTESIAN_POINT('',(3.444151,312.289673,-20.795946));
#1587=VERTEX_POINT('',#1586);
#1588=CARTESIAN_POINT('',(0,309.889679,-20.110861));
#1589=VERTEX_POINT('',#1588);
#1590=CARTESIAN_POINT('',(0.882154,309.889679,-20.1542));
#1591=VERTEX_POINT('',#1590);
#1592=CARTESIAN_POINT('',(1.755813,309.889679,-20.283794));
#1593=VERTEX_POINT('',#1592);
#1594=CARTESIAN_POINT('',(0,312.289673,-20.110861));
#1595=VERTEX_POINT('',#1594);
#1596=CARTESIAN_POINT('',(0.882154,312.289673,-20.1542));
#1597=VERTEX_POINT('',#1596);
#1598=CARTESIAN_POINT('',(1.755813,312.289673,-20.283794));
#1599=VERTEX_POINT('',#1598);
#1600=CARTESIAN_POINT('',(2.612562,309.889679,-20.498398));
#1601=VERTEX_POINT('',#1600);
#1602=CARTESIAN_POINT('',(2.612562,312.289673,-20.498398));
#1603=VERTEX_POINT('',#1602);
#1604=CARTESIAN_POINT('',(5.709539,309.889679,-22.153767));
#1605=VERTEX_POINT('',#1604);
#1606=CARTESIAN_POINT('',(4.24257,309.889679,-21.173571));
#1607=VERTEX_POINT('',#1606);
#1608=CARTESIAN_POINT('',(5.000132,309.889679,-21.627634));
#1609=VERTEX_POINT('',#1608);
#1610=CARTESIAN_POINT('',(5.709539,312.289673,-22.153767));
#1611=VERTEX_POINT('',#1610);
#1612=CARTESIAN_POINT('',(4.24257,312.289673,-21.173571));
#1613=VERTEX_POINT('',#1612);
#1614=CARTESIAN_POINT('',(5.000132,312.289673,-21.627634));
#1615=VERTEX_POINT('',#1614);
#1616=CARTESIAN_POINT('',(4.362591,312.289673,-18.578634));
#1617=VERTEX_POINT('',#1616);
#1618=CARTESIAN_POINT('',(5.7,312.289673,-19.238173));
#1619=VERTEX_POINT('',#1618);
#1620=CARTESIAN_POINT('',(5.042091,312.289673,-18.886513));
#1621=VERTEX_POINT('',#1620);
#1622=CARTESIAN_POINT('',(6.333501,312.289673,-19.632109));
#1623=VERTEX_POINT('',#1622);
#1624=CARTESIAN_POINT('',(7.516542,312.289673,-20.539888));
#1625=VERTEX_POINT('',#1624);
#1626=CARTESIAN_POINT('',(6.93988,312.289673,-20.066633));
#1627=VERTEX_POINT('',#1626);
#1628=CARTESIAN_POINT('',(0,312.289673,-17.710861));
#1629=VERTEX_POINT('',#1628);
#1630=CARTESIAN_POINT('',(0.745596,312.289673,-17.73527));
#1631=VERTEX_POINT('',#1630);
#1632=CARTESIAN_POINT('',(1.487999,312.289673,-17.80839));
#1633=VERTEX_POINT('',#1632);
#1634=CARTESIAN_POINT('',(2.22403,312.289673,-17.929909));
#1635=VERTEX_POINT('',#1634);
#1636=CARTESIAN_POINT('',(2.950537,312.289673,-18.099306));
#1637=VERTEX_POINT('',#1636);
#1638=CARTESIAN_POINT('',(3.66441,312.289673,-18.315859));
#1639=VERTEX_POINT('',#1638);
#1640=CARTESIAN_POINT('',(9.044229,312.289673,-22.17098));
#1641=VERTEX_POINT('',#1640);
#1642=CARTESIAN_POINT('',(8.570973,312.289673,-21.594318));
#1643=VERTEX_POINT('',#1642);
#1644=CARTESIAN_POINT('',(8.061017,312.289673,-21.049845));
#1645=VERTEX_POINT('',#1644);
#1646=CARTESIAN_POINT('',(14.8,309.889679,-14.310862));
#1647=VERTEX_POINT('',#1646);
#1648=CARTESIAN_POINT('',(11.302471,332.289673,-30.59886));
#1649=VERTEX_POINT('',#1648);
#1650=CARTESIAN_POINT('',(11.375591,332.289673,-29.856457));
#1651=VERTEX_POINT('',#1650);
#1652=CARTESIAN_POINT('',(11.4,332.289673,-29.110861));
#1653=VERTEX_POINT('',#1652);
#1654=CARTESIAN_POINT('',(11.375591,332.289673,-28.365265));
#1655=VERTEX_POINT('',#1654);
#1656=CARTESIAN_POINT('',(11.302471,332.289673,-27.622864));
#1657=VERTEX_POINT('',#1656);
#1658=CARTESIAN_POINT('',(12.293917,332.289673,-30.729385));
#1659=VERTEX_POINT('',#1658);
#1660=CARTESIAN_POINT('',(12.37345,332.289673,-29.92186));
#1661=VERTEX_POINT('',#1660);
#1662=CARTESIAN_POINT('',(12.4,332.289673,-29.110861));
#1663=VERTEX_POINT('',#1662);
#1664=CARTESIAN_POINT('',(12.37345,332.289673,-28.299862));
#1665=VERTEX_POINT('',#1664);
#1666=CARTESIAN_POINT('',(12.293917,332.289673,-27.492336));
#1667=VERTEX_POINT('',#1666);
#1668=CARTESIAN_POINT('',(11.180952,332.289673,-26.886831));
#1669=VERTEX_POINT('',#1668);
#1670=CARTESIAN_POINT('',(11.011555,332.289673,-26.160324));
#1671=VERTEX_POINT('',#1670);
#1672=CARTESIAN_POINT('',(10.795004,332.289673,-25.446451));
#1673=VERTEX_POINT('',#1672);
#1674=CARTESIAN_POINT('',(9.478754,332.289673,-22.777361));
#1675=VERTEX_POINT('',#1674);
#1676=CARTESIAN_POINT('',(10.532227,332.289673,-24.74827));
#1677=VERTEX_POINT('',#1676);
#1678=CARTESIAN_POINT('',(10.224349,332.289673,-24.068769));
#1679=VERTEX_POINT('',#1678);
#1680=CARTESIAN_POINT('',(11.456106,332.289673,-24.365587));
#1681=VERTEX_POINT('',#1680);
#1682=CARTESIAN_POINT('',(9.872689,332.289673,-23.410862));
#1683=VERTEX_POINT('',#1682);
#1684=CARTESIAN_POINT('',(11.121222,332.289673,-23.626482));
#1685=VERTEX_POINT('',#1684);
#1686=CARTESIAN_POINT('',(10.738715,332.289673,-22.910862));
#1687=VERTEX_POINT('',#1686);
#1688=CARTESIAN_POINT('',(12.161737,332.289673,-26.691742));
#1689=VERTEX_POINT('',#1688);
#1690=CARTESIAN_POINT('',(11.97748,332.289673,-25.901505));
#1691=VERTEX_POINT('',#1690);
#1692=CARTESIAN_POINT('',(11.741934,332.289673,-25.125011));
#1693=VERTEX_POINT('',#1692);
#1694=CARTESIAN_POINT('',(4.362591,332.289673,-18.578634));
#1695=VERTEX_POINT('',#1694);
#1696=CARTESIAN_POINT('',(5.7,332.289673,-19.238173));
#1697=VERTEX_POINT('',#1696);
#1698=CARTESIAN_POINT('',(5.042091,332.289673,-18.886513));
#1699=VERTEX_POINT('',#1698);
#1700=CARTESIAN_POINT('',(6.333501,332.289673,-19.632109));
#1701=VERTEX_POINT('',#1700);
#1702=CARTESIAN_POINT('',(7.516542,332.289673,-20.539888));
#1703=VERTEX_POINT('',#1702);
#1704=CARTESIAN_POINT('',(6.93988,332.289673,-20.066633));
#1705=VERTEX_POINT('',#1704);
#1706=CARTESIAN_POINT('',(7.548642,332.289673,-19.273279));
#1707=VERTEX_POINT('',#1706);
#1708=CARTESIAN_POINT('',(6.889071,332.289673,-18.800638));
#1709=VERTEX_POINT('',#1708);
#1710=CARTESIAN_POINT('',(0,332.289673,-17.710861));
#1711=VERTEX_POINT('',#1710);
#1712=CARTESIAN_POINT('',(0.745596,332.289673,-17.73527));
#1713=VERTEX_POINT('',#1712);
#1714=CARTESIAN_POINT('',(1.487999,332.289673,-17.80839));
#1715=VERTEX_POINT('',#1714);
#1716=CARTESIAN_POINT('',(0,332.289673,-16.710861));
#1717=VERTEX_POINT('',#1716);
#1718=CARTESIAN_POINT('',(0.810999,332.289673,-16.737411));
#1719=VERTEX_POINT('',#1718);
#1720=CARTESIAN_POINT('',(1.618525,332.289673,-16.816946));
#1721=VERTEX_POINT('',#1720);
#1722=CARTESIAN_POINT('',(2.22403,332.289673,-17.929909));
#1723=VERTEX_POINT('',#1722);
#1724=CARTESIAN_POINT('',(2.950537,332.289673,-18.099306));
#1725=VERTEX_POINT('',#1724);
#1726=CARTESIAN_POINT('',(3.66441,332.289673,-18.315859));
#1727=VERTEX_POINT('',#1726);
#1728=CARTESIAN_POINT('',(2.41912,332.289673,-16.949123));
#1729=VERTEX_POINT('',#1728);
#1730=CARTESIAN_POINT('',(3.209356,332.289673,-17.133381));
#1731=VERTEX_POINT('',#1730);
#1732=CARTESIAN_POINT('',(4.745275,332.289673,-17.654755));
#1733=VERTEX_POINT('',#1732);
#1734=CARTESIAN_POINT('',(5.48438,332.289673,-17.989639));
#1735=VERTEX_POINT('',#1734);
#1736=CARTESIAN_POINT('',(3.985849,332.289673,-17.368927));
#1737=VERTEX_POINT('',#1736);
#1738=CARTESIAN_POINT('',(6.2,332.289673,-18.372147));
#1739=VERTEX_POINT('',#1738);
#1740=CARTESIAN_POINT('',(9.044229,332.289673,-22.17098));
#1741=VERTEX_POINT('',#1740);
#1742=CARTESIAN_POINT('',(8.570973,332.289673,-21.594318));
#1743=VERTEX_POINT('',#1742);
#1744=CARTESIAN_POINT('',(8.061017,332.289673,-21.049845));
#1745=VERTEX_POINT('',#1744);
#1746=CARTESIAN_POINT('',(9.322814,332.289673,-20.934973));
#1747=VERTEX_POINT('',#1746);
#1748=CARTESIAN_POINT('',(10.310224,332.289673,-22.22179));
#1749=VERTEX_POINT('',#1748);
#1750=CARTESIAN_POINT('',(9.837582,332.289673,-21.56222));
#1751=VERTEX_POINT('',#1750);
#1752=CARTESIAN_POINT('',(8.175888,332.289673,-19.788048));
#1753=VERTEX_POINT('',#1752);
#1754=CARTESIAN_POINT('',(8.768124,332.289673,-20.342737));
#1755=VERTEX_POINT('',#1754);
#1756=CARTESIAN_POINT('',(0,378.289673,-41.51086));
#1757=VERTEX_POINT('',#1756);
#1758=CARTESIAN_POINT('',(0.810999,378.289673,-41.484314));
#1759=VERTEX_POINT('',#1758);
#1760=CARTESIAN_POINT('',(1.618525,378.289673,-41.404778));
#1761=VERTEX_POINT('',#1760);
#1762=CARTESIAN_POINT('',(2.41912,378.289673,-41.272598));
#1763=VERTEX_POINT('',#1762);
#1764=CARTESIAN_POINT('',(3.209356,378.289673,-41.088341));
#1765=VERTEX_POINT('',#1764);
#1766=CARTESIAN_POINT('',(3.985849,378.289673,-40.852795));
#1767=VERTEX_POINT('',#1766);
#1768=CARTESIAN_POINT('',(4.745275,378.289673,-40.566967));
#1769=VERTEX_POINT('',#1768);
#1770=CARTESIAN_POINT('',(5.48438,378.289673,-40.232082));
#1771=VERTEX_POINT('',#1770);
#1772=CARTESIAN_POINT('',(6.2,378.289673,-39.849575));
#1773=VERTEX_POINT('',#1772);
#1774=CARTESIAN_POINT('',(13.8,378.289673,-47.910862));
#1775=VERTEX_POINT('',#1774);
#1776=CARTESIAN_POINT('',(13.8,378.289673,-43.910862));
#1777=VERTEX_POINT('',#1776);
#1778=CARTESIAN_POINT('',(14.8,378.289673,-42.910862));
#1779=VERTEX_POINT('',#1778);
#1780=CARTESIAN_POINT('',(6.889071,378.289673,-39.421085));
#1781=VERTEX_POINT('',#1780);
#1782=CARTESIAN_POINT('',(7.548642,378.289673,-38.948444));
#1783=VERTEX_POINT('',#1782);
#1784=CARTESIAN_POINT('',(8.175888,378.289673,-38.433674));
#1785=VERTEX_POINT('',#1784);
#1786=CARTESIAN_POINT('',(8.768124,378.289673,-37.878986));
#1787=VERTEX_POINT('',#1786);
#1788=CARTESIAN_POINT('',(9.322814,378.289673,-37.286751));
#1789=VERTEX_POINT('',#1788);
#1790=CARTESIAN_POINT('',(9.837582,378.289673,-36.659504));
#1791=VERTEX_POINT('',#1790);
#1792=CARTESIAN_POINT('',(10.310224,378.289673,-35.999931));
#1793=VERTEX_POINT('',#1792);
#1794=CARTESIAN_POINT('',(10.738715,378.289673,-35.31086));
#1795=VERTEX_POINT('',#1794);
#1796=CARTESIAN_POINT('',(11.121222,378.289673,-34.595242));
#1797=VERTEX_POINT('',#1796);
#1798=CARTESIAN_POINT('',(11.456106,378.289673,-33.856136));
#1799=VERTEX_POINT('',#1798);
#1800=CARTESIAN_POINT('',(11.741934,378.289673,-33.09671));
#1801=VERTEX_POINT('',#1800);
#1802=CARTESIAN_POINT('',(11.97748,378.289673,-32.320217));
#1803=VERTEX_POINT('',#1802);
#1804=CARTESIAN_POINT('',(12.161737,378.289673,-31.529982));
#1805=VERTEX_POINT('',#1804);
#1806=CARTESIAN_POINT('',(21.6,358,-47.910862));
#1807=VERTEX_POINT('',#1806);
#1808=CARTESIAN_POINT('',(21.604095,358.16684,-47.910862));
#1809=VERTEX_POINT('',#1808);
#1810=CARTESIAN_POINT('',(21.616371,358.333252,-47.910862));
#1811=VERTEX_POINT('',#1810);
#1812=CARTESIAN_POINT('',(21.636801,358.498871,-47.910862));
#1813=VERTEX_POINT('',#1812);
#1814=CARTESIAN_POINT('',(21.665331,358.6633,-47.910862));
#1815=VERTEX_POINT('',#1814);
#1816=CARTESIAN_POINT('',(21.701893,358.826141,-47.910862));
#1817=VERTEX_POINT('',#1816);
#1818=CARTESIAN_POINT('',(21.746403,358.986969,-47.910862));
#1819=VERTEX_POINT('',#1818);
#1820=CARTESIAN_POINT('',(21.79875,359.145416,-47.910862));
#1821=VERTEX_POINT('',#1820);
#1822=CARTESIAN_POINT('',(21.85881,359.301117,-47.910862));
#1823=VERTEX_POINT('',#1822);
#1824=CARTESIAN_POINT('',(21.926435,359.453674,-47.910862));
#1825=VERTEX_POINT('',#1824);
#1826=CARTESIAN_POINT('',(22.001467,359.602753,-47.910862));
#1827=VERTEX_POINT('',#1826);
#1828=CARTESIAN_POINT('',(22.083723,359.747955,-47.910862));
#1829=VERTEX_POINT('',#1828);
#1830=CARTESIAN_POINT('',(22.173004,359.888947,-47.910862));
#1831=VERTEX_POINT('',#1830);
#1832=CARTESIAN_POINT('',(22.269094,360.025391,-47.910862));
#1833=VERTEX_POINT('',#1832);
#1834=CARTESIAN_POINT('',(22.371765,360.156952,-47.910862));
#1835=VERTEX_POINT('',#1834);
#1836=CARTESIAN_POINT('',(22.480766,360.283295,-47.910862));
#1837=VERTEX_POINT('',#1836);
#1838=CARTESIAN_POINT('',(22.595837,360.404175,-47.910862));
#1839=VERTEX_POINT('',#1838);
#1840=CARTESIAN_POINT('',(22.7167,360.519226,-47.910862));
#1841=VERTEX_POINT('',#1840);
#1842=CARTESIAN_POINT('',(22.843063,360.628235,-47.910862));
#1843=VERTEX_POINT('',#1842);
#1844=CARTESIAN_POINT('',(22.974623,360.730896,-47.910862));
#1845=VERTEX_POINT('',#1844);
#1846=CARTESIAN_POINT('',(23.111061,360.826996,-47.910862));
#1847=VERTEX_POINT('',#1846);
#1848=CARTESIAN_POINT('',(21.6,358,-42.910862));
#1849=VERTEX_POINT('',#1848);
#1850=CARTESIAN_POINT('',(21.604095,358.16684,-42.910862));
#1851=VERTEX_POINT('',#1850);
#1852=CARTESIAN_POINT('',(21.616371,358.333252,-42.910862));
#1853=VERTEX_POINT('',#1852);
#1854=CARTESIAN_POINT('',(21.636801,358.498871,-42.910862));
#1855=VERTEX_POINT('',#1854);
#1856=CARTESIAN_POINT('',(21.665331,358.6633,-42.910862));
#1857=VERTEX_POINT('',#1856);
#1858=CARTESIAN_POINT('',(21.701893,358.826141,-42.910862));
#1859=VERTEX_POINT('',#1858);
#1860=CARTESIAN_POINT('',(21.746403,358.986969,-42.910862));
#1861=VERTEX_POINT('',#1860);
#1862=CARTESIAN_POINT('',(21.79875,359.145416,-42.910862));
#1863=VERTEX_POINT('',#1862);
#1864=CARTESIAN_POINT('',(21.85881,359.301117,-42.910862));
#1865=VERTEX_POINT('',#1864);
#1866=CARTESIAN_POINT('',(21.926435,359.453674,-42.910862));
#1867=VERTEX_POINT('',#1866);
#1868=CARTESIAN_POINT('',(22.001467,359.602753,-42.910862));
#1869=VERTEX_POINT('',#1868);
#1870=CARTESIAN_POINT('',(22.083723,359.747955,-42.910862));
#1871=VERTEX_POINT('',#1870);
#1872=CARTESIAN_POINT('',(22.173004,359.888947,-42.910862));
#1873=VERTEX_POINT('',#1872);
#1874=CARTESIAN_POINT('',(22.269094,360.025391,-42.910862));
#1875=VERTEX_POINT('',#1874);
#1876=CARTESIAN_POINT('',(22.371765,360.156952,-42.910862));
#1877=VERTEX_POINT('',#1876);
#1878=CARTESIAN_POINT('',(22.480766,360.283295,-42.910862));
#1879=VERTEX_POINT('',#1878);
#1880=CARTESIAN_POINT('',(22.595837,360.404175,-42.910862));
#1881=VERTEX_POINT('',#1880);
#1882=CARTESIAN_POINT('',(22.7167,360.519226,-42.910862));
#1883=VERTEX_POINT('',#1882);
#1884=CARTESIAN_POINT('',(22.843063,360.628235,-42.910862));
#1885=VERTEX_POINT('',#1884);
#1886=CARTESIAN_POINT('',(22.974623,360.730896,-42.910862));
#1887=VERTEX_POINT('',#1886);
#1888=CARTESIAN_POINT('',(23.111061,360.826996,-42.910862));
#1889=VERTEX_POINT('',#1888);
#1890=CARTESIAN_POINT('',(23.25205,360.91629,-47.910862));
#1891=VERTEX_POINT('',#1890);
#1892=CARTESIAN_POINT('',(23.397251,360.998535,-47.910862));
#1893=VERTEX_POINT('',#1892);
#1894=CARTESIAN_POINT('',(23.546312,361.073578,-47.910862));
#1895=VERTEX_POINT('',#1894);
#1896=CARTESIAN_POINT('',(23.698875,361.141205,-47.910862));
#1897=VERTEX_POINT('',#1896);
#1898=CARTESIAN_POINT('',(26.301125,361.141205,-47.910862));
#1899=VERTEX_POINT('',#1898);
#1900=CARTESIAN_POINT('',(26.453688,361.073578,-47.910862));
#1901=VERTEX_POINT('',#1900);
#1902=CARTESIAN_POINT('',(26.602749,360.998535,-47.910862));
#1903=VERTEX_POINT('',#1902);
#1904=CARTESIAN_POINT('',(26.74795,360.91629,-47.910862));
#1905=VERTEX_POINT('',#1904);
#1906=CARTESIAN_POINT('',(26.888939,360.826996,-47.910862));
#1907=VERTEX_POINT('',#1906);
#1908=CARTESIAN_POINT('',(27.025377,360.730896,-47.910862));
#1909=VERTEX_POINT('',#1908);
#1910=CARTESIAN_POINT('',(28.4,358,-47.910862));
#1911=VERTEX_POINT('',#1910);
#1912=CARTESIAN_POINT('',(28.395905,358.16684,-47.910862));
#1913=VERTEX_POINT('',#1912);
#1914=CARTESIAN_POINT('',(28.383629,358.333252,-47.910862));
#1915=VERTEX_POINT('',#1914);
#1916=CARTESIAN_POINT('',(28.363199,358.498871,-47.910862));
#1917=VERTEX_POINT('',#1916);
#1918=CARTESIAN_POINT('',(28.334669,358.6633,-47.910862));
#1919=VERTEX_POINT('',#1918);
#1920=CARTESIAN_POINT('',(28.298107,358.826141,-47.910862));
#1921=VERTEX_POINT('',#1920);
#1922=CARTESIAN_POINT('',(28.253597,358.986969,-47.910862));
#1923=VERTEX_POINT('',#1922);
#1924=CARTESIAN_POINT('',(28.073565,359.453674,-47.910862));
#1925=VERTEX_POINT('',#1924);
#1926=CARTESIAN_POINT('',(27.826996,359.888947,-47.910862));
#1927=VERTEX_POINT('',#1926);
#1928=CARTESIAN_POINT('',(27.730906,360.025391,-47.910862));
#1929=VERTEX_POINT('',#1928);
#1930=CARTESIAN_POINT('',(27.916277,359.747955,-47.910862));
#1931=VERTEX_POINT('',#1930);
#1932=CARTESIAN_POINT('',(27.998533,359.602753,-47.910862));
#1933=VERTEX_POINT('',#1932);
#1934=CARTESIAN_POINT('',(27.156937,360.628235,-47.910862));
#1935=VERTEX_POINT('',#1934);
#1936=CARTESIAN_POINT('',(27.2833,360.519226,-47.910862));
#1937=VERTEX_POINT('',#1936);
#1938=CARTESIAN_POINT('',(27.519234,360.283295,-47.910862));
#1939=VERTEX_POINT('',#1938);
#1940=CARTESIAN_POINT('',(27.404163,360.404175,-47.910862));
#1941=VERTEX_POINT('',#1940);
#1942=CARTESIAN_POINT('',(27.628235,360.156952,-47.910862));
#1943=VERTEX_POINT('',#1942);
#1944=CARTESIAN_POINT('',(28.20125,359.145416,-47.910862));
#1945=VERTEX_POINT('',#1944);
#1946=CARTESIAN_POINT('',(28.14119,359.301117,-47.910862));
#1947=VERTEX_POINT('',#1946);
#1948=CARTESIAN_POINT('',(23.25205,360.91629,-42.910862));
#1949=VERTEX_POINT('',#1948);
#1950=CARTESIAN_POINT('',(23.397251,360.998535,-42.910862));
#1951=VERTEX_POINT('',#1950);
#1952=CARTESIAN_POINT('',(23.546312,361.073578,-42.910862));
#1953=VERTEX_POINT('',#1952);
#1954=CARTESIAN_POINT('',(23.698875,361.141205,-42.910862));
#1955=VERTEX_POINT('',#1954);
#1956=CARTESIAN_POINT('',(26.301125,361.141205,-42.910862));
#1957=VERTEX_POINT('',#1956);
#1958=CARTESIAN_POINT('',(26.453688,361.073578,-42.910862));
#1959=VERTEX_POINT('',#1958);
#1960=CARTESIAN_POINT('',(26.602749,360.998535,-42.910862));
#1961=VERTEX_POINT('',#1960);
#1962=CARTESIAN_POINT('',(26.74795,360.91629,-42.910862));
#1963=VERTEX_POINT('',#1962);
#1964=CARTESIAN_POINT('',(26.888939,360.826996,-42.910862));
#1965=VERTEX_POINT('',#1964);
#1966=CARTESIAN_POINT('',(27.025377,360.730896,-42.910862));
#1967=VERTEX_POINT('',#1966);
#1968=CARTESIAN_POINT('',(28.4,358,-42.910862));
#1969=VERTEX_POINT('',#1968);
#1970=CARTESIAN_POINT('',(28.395905,358.16684,-42.910862));
#1971=VERTEX_POINT('',#1970);
#1972=CARTESIAN_POINT('',(28.383629,358.333252,-42.910862));
#1973=VERTEX_POINT('',#1972);
#1974=CARTESIAN_POINT('',(28.363199,358.498871,-42.910862));
#1975=VERTEX_POINT('',#1974);
#1976=CARTESIAN_POINT('',(28.334669,358.6633,-42.910862));
#1977=VERTEX_POINT('',#1976);
#1978=CARTESIAN_POINT('',(28.298107,358.826141,-42.910862));
#1979=VERTEX_POINT('',#1978);
#1980=CARTESIAN_POINT('',(28.253597,358.986969,-42.910862));
#1981=VERTEX_POINT('',#1980);
#1982=CARTESIAN_POINT('',(28.073565,359.453674,-42.910862));
#1983=VERTEX_POINT('',#1982);
#1984=CARTESIAN_POINT('',(27.826996,359.888947,-42.910862));
#1985=VERTEX_POINT('',#1984);
#1986=CARTESIAN_POINT('',(27.730906,360.025391,-42.910862));
#1987=VERTEX_POINT('',#1986);
#1988=CARTESIAN_POINT('',(27.916277,359.747955,-42.910862));
#1989=VERTEX_POINT('',#1988);
#1990=CARTESIAN_POINT('',(27.998533,359.602753,-42.910862));
#1991=VERTEX_POINT('',#1990);
#1992=CARTESIAN_POINT('',(27.156937,360.628235,-42.910862));
#1993=VERTEX_POINT('',#1992);
#1994=CARTESIAN_POINT('',(27.2833,360.519226,-42.910862));
#1995=VERTEX_POINT('',#1994);
#1996=CARTESIAN_POINT('',(27.519234,360.283295,-42.910862));
#1997=VERTEX_POINT('',#1996);
#1998=CARTESIAN_POINT('',(27.404163,360.404175,-42.910862));
#1999=VERTEX_POINT('',#1998);
#2000=CARTESIAN_POINT('',(27.628235,360.156952,-42.910862));
#2001=VERTEX_POINT('',#2000);
#2002=CARTESIAN_POINT('',(28.20125,359.145416,-42.910862));
#2003=VERTEX_POINT('',#2002);
#2004=CARTESIAN_POINT('',(28.14119,359.301117,-42.910862));
#2005=VERTEX_POINT('',#2004);
#2006=CARTESIAN_POINT('',(23.854574,361.201263,-47.910862));
#2007=VERTEX_POINT('',#2006);
#2008=CARTESIAN_POINT('',(24.013033,361.253601,-47.910862));
#2009=VERTEX_POINT('',#2008);
#2010=CARTESIAN_POINT('',(24.173868,361.298096,-47.910862));
#2011=VERTEX_POINT('',#2010);
#2012=CARTESIAN_POINT('',(24.336693,361.334656,-47.910862));
#2013=VERTEX_POINT('',#2012);
#2014=CARTESIAN_POINT('',(24.501116,361.36319,-47.910862));
#2015=VERTEX_POINT('',#2014);
#2016=CARTESIAN_POINT('',(24.666742,361.383636,-47.910862));
#2017=VERTEX_POINT('',#2016);
#2018=CARTESIAN_POINT('',(24.83317,361.395905,-47.910862));
#2019=VERTEX_POINT('',#2018);
#2020=CARTESIAN_POINT('',(25,361.399994,-47.910862));
#2021=VERTEX_POINT('',#2020);
#2022=CARTESIAN_POINT('',(25.16683,361.395905,-47.910862));
#2023=VERTEX_POINT('',#2022);
#2024=CARTESIAN_POINT('',(25.333258,361.383636,-47.910862));
#2025=VERTEX_POINT('',#2024);
#2026=CARTESIAN_POINT('',(25.498884,361.36319,-47.910862));
#2027=VERTEX_POINT('',#2026);
#2028=CARTESIAN_POINT('',(25.663307,361.334656,-47.910862));
#2029=VERTEX_POINT('',#2028);
#2030=CARTESIAN_POINT('',(25.826132,361.298096,-47.910862));
#2031=VERTEX_POINT('',#2030);
#2032=CARTESIAN_POINT('',(25.986967,361.253601,-47.910862));
#2033=VERTEX_POINT('',#2032);
#2034=CARTESIAN_POINT('',(26.145426,361.201263,-47.910862));
#2035=VERTEX_POINT('',#2034);
#2036=CARTESIAN_POINT('',(23.854574,361.201263,-42.910862));
#2037=VERTEX_POINT('',#2036);
#2038=CARTESIAN_POINT('',(24.013033,361.253601,-42.910862));
#2039=VERTEX_POINT('',#2038);
#2040=CARTESIAN_POINT('',(24.173868,361.298096,-42.910862));
#2041=VERTEX_POINT('',#2040);
#2042=CARTESIAN_POINT('',(24.336693,361.334656,-42.910862));
#2043=VERTEX_POINT('',#2042);
#2044=CARTESIAN_POINT('',(24.501116,361.36319,-42.910862));
#2045=VERTEX_POINT('',#2044);
#2046=CARTESIAN_POINT('',(24.666742,361.383636,-42.910862));
#2047=VERTEX_POINT('',#2046);
#2048=CARTESIAN_POINT('',(24.83317,361.395905,-42.910862));
#2049=VERTEX_POINT('',#2048);
#2050=CARTESIAN_POINT('',(25,361.399994,-42.910862));
#2051=VERTEX_POINT('',#2050);
#2052=CARTESIAN_POINT('',(25.16683,361.395905,-42.910862));
#2053=VERTEX_POINT('',#2052);
#2054=CARTESIAN_POINT('',(25.333258,361.383636,-42.910862));
#2055=VERTEX_POINT('',#2054);
#2056=CARTESIAN_POINT('',(25.498884,361.36319,-42.910862));
#2057=VERTEX_POINT('',#2056);
#2058=CARTESIAN_POINT('',(25.663307,361.334656,-42.910862));
#2059=VERTEX_POINT('',#2058);
#2060=CARTESIAN_POINT('',(25.826132,361.298096,-42.910862));
#2061=VERTEX_POINT('',#2060);
#2062=CARTESIAN_POINT('',(25.986967,361.253601,-42.910862));
#2063=VERTEX_POINT('',#2062);
#2064=CARTESIAN_POINT('',(26.145426,361.201263,-42.910862));
#2065=VERTEX_POINT('',#2064);
#2066=CARTESIAN_POINT('',(31,378.289673,-47.910862));
#2067=VERTEX_POINT('',#2066);
#2068=CARTESIAN_POINT('',(31,378.289673,-42.910862));
#2069=VERTEX_POINT('',#2068);
#2070=CARTESIAN_POINT('',(12.293917,378.289673,-30.729385));
#2071=VERTEX_POINT('',#2070);
#2072=CARTESIAN_POINT('',(12.37345,378.289673,-29.92186));
#2073=VERTEX_POINT('',#2072);
#2074=CARTESIAN_POINT('',(12.4,378.289673,-29.110861));
#2075=VERTEX_POINT('',#2074);
#2076=CARTESIAN_POINT('',(12.37345,378.289673,-28.299862));
#2077=VERTEX_POINT('',#2076);
#2078=CARTESIAN_POINT('',(12.293917,378.289673,-27.492336));
#2079=VERTEX_POINT('',#2078);
#2080=CARTESIAN_POINT('',(11.456106,378.289673,-24.365587));
#2081=VERTEX_POINT('',#2080);
#2082=CARTESIAN_POINT('',(11.121222,378.289673,-23.626482));
#2083=VERTEX_POINT('',#2082);
#2084=CARTESIAN_POINT('',(10.738715,378.289673,-22.910862));
#2085=VERTEX_POINT('',#2084);
#2086=CARTESIAN_POINT('',(12.161737,378.289673,-26.691742));
#2087=VERTEX_POINT('',#2086);
#2088=CARTESIAN_POINT('',(11.97748,378.289673,-25.901505));
#2089=VERTEX_POINT('',#2088);
#2090=CARTESIAN_POINT('',(11.741934,378.289673,-25.125011));
#2091=VERTEX_POINT('',#2090);
#2092=CARTESIAN_POINT('',(7.548642,378.289673,-19.273279));
#2093=VERTEX_POINT('',#2092);
#2094=CARTESIAN_POINT('',(6.889071,378.289673,-18.800638));
#2095=VERTEX_POINT('',#2094);
#2096=CARTESIAN_POINT('',(0,378.289673,-16.710861));
#2097=VERTEX_POINT('',#2096);
#2098=CARTESIAN_POINT('',(0.810999,378.289673,-16.737411));
#2099=VERTEX_POINT('',#2098);
#2100=CARTESIAN_POINT('',(1.618525,378.289673,-16.816946));
#2101=VERTEX_POINT('',#2100);
#2102=CARTESIAN_POINT('',(2.41912,378.289673,-16.949123));
#2103=VERTEX_POINT('',#2102);
#2104=CARTESIAN_POINT('',(3.209356,378.289673,-17.133381));
#2105=VERTEX_POINT('',#2104);
#2106=CARTESIAN_POINT('',(4.745275,378.289673,-17.654755));
#2107=VERTEX_POINT('',#2106);
#2108=CARTESIAN_POINT('',(5.48438,378.289673,-17.989639));
#2109=VERTEX_POINT('',#2108);
#2110=CARTESIAN_POINT('',(3.985849,378.289673,-17.368927));
#2111=VERTEX_POINT('',#2110);
#2112=CARTESIAN_POINT('',(6.2,378.289673,-18.372147));
#2113=VERTEX_POINT('',#2112);
#2114=CARTESIAN_POINT('',(9.322814,378.289673,-20.934973));
#2115=VERTEX_POINT('',#2114);
#2116=CARTESIAN_POINT('',(10.310224,378.289673,-22.22179));
#2117=VERTEX_POINT('',#2116);
#2118=CARTESIAN_POINT('',(9.837582,378.289673,-21.56222));
#2119=VERTEX_POINT('',#2118);
#2120=CARTESIAN_POINT('',(8.175888,378.289673,-19.788048));
#2121=VERTEX_POINT('',#2120);
#2122=CARTESIAN_POINT('',(8.768124,378.289673,-20.342737));
#2123=VERTEX_POINT('',#2122);
#2124=CARTESIAN_POINT('',(14.8,378.289673,-14.310862));
#2125=VERTEX_POINT('',#2124);
#2126=DIRECTION('',(0,-1,0));
#2127=DIRECTION('',(0,0,-1));
#2128=AXIS2_PLACEMENT_3D('',#282,#2126,#2127);
#2129=PLANE('',#2128);
#2130=DIRECTION('',(1,0,0));
#2131=VECTOR('',#2130,16.2);
#2132=LINE('',#16,#2131);
#2133=EDGE_CURVE('',#17,#283,#2132,.T.);
#2134=ORIENTED_EDGE('',*,*,#2133,.F.);
#2135=DIRECTION('',(0,0,1));
#2136=VECTOR('',#2135,5);
#2137=LINE('',#14,#2136);
#2138=EDGE_CURVE('',#15,#17,#2137,.T.);
#2139=ORIENTED_EDGE('',*,*,#2138,.F.);
#2140=DIRECTION('',(1,0,0));
#2141=VECTOR('',#2140,17.2);
#2142=LINE('',#14,#2141);
#2143=EDGE_CURVE('',#15,#279,#2142,.T.);
#2144=ORIENTED_EDGE('',*,*,#2143,.T.);
#2145=DIRECTION('',(0,0,1));
#2146=VECTOR('',#2145,4);
#2147=LINE('',#278,#2146);
#2148=EDGE_CURVE('',#279,#281,#2147,.T.);
#2149=ORIENTED_EDGE('',*,*,#2148,.T.);
#2150=DIRECTION('',(1,0,0));
#2151=VECTOR('',#2150,27.6);
#2152=LINE('',#280,#2151);
#2153=EDGE_CURVE('',#281,#1075,#2152,.T.);
#2154=ORIENTED_EDGE('',*,*,#2153,.T.);
#2155=DIRECTION('',(0,0,1));
#2156=VECTOR('',#2155,4);
#2157=LINE('',#1072,#2156);
#2158=EDGE_CURVE('',#1073,#1075,#2157,.T.);
#2159=ORIENTED_EDGE('',*,*,#2158,.F.);
#2160=DIRECTION('',(1,0,0));
#2161=VECTOR('',#2160,17.2);
#2162=LINE('',#1072,#2161);
#2163=EDGE_CURVE('',#1073,#1253,#2162,.T.);
#2164=ORIENTED_EDGE('',*,*,#2163,.T.);
#2165=DIRECTION('',(0,0,1));
#2166=VECTOR('',#2165,5);
#2167=LINE('',#1252,#2166);
#2168=EDGE_CURVE('',#1253,#1255,#2167,.T.);
#2169=ORIENTED_EDGE('',*,*,#2168,.T.);
#2170=DIRECTION('',(1,0,0));
#2171=VECTOR('',#2170,16.2);
#2172=LINE('',#1076,#2171);
#2173=EDGE_CURVE('',#1077,#1255,#2172,.T.);
#2174=ORIENTED_EDGE('',*,*,#2173,.F.);
#2175=DIRECTION('',(0,0,1));
#2176=VECTOR('',#2175,28.6);
#2177=LINE('',#1076,#2176);
#2178=EDGE_CURVE('',#1077,#1647,#2177,.T.);
#2179=ORIENTED_EDGE('',*,*,#2178,.T.);
#2180=DIRECTION('',(1,0,0));
#2181=VECTOR('',#2180,29.6);
#2182=LINE('',#536,#2181);
#2183=EDGE_CURVE('',#537,#1647,#2182,.T.);
#2184=ORIENTED_EDGE('',*,*,#2183,.F.);
#2185=DIRECTION('',(0,0,1));
#2186=VECTOR('',#2185,28.6);
#2187=LINE('',#282,#2186);
#2188=EDGE_CURVE('',#283,#537,#2187,.T.);
#2189=ORIENTED_EDGE('',*,*,#2188,.F.);
#2190=EDGE_LOOP('',(#2134,#2139,#2144,#2149,#2154,#2159,#2164,#2169,#2174,#2179,#2184,#2189));
#2191=FACE_OUTER_BOUND('',#2190,.T.);
#2192=DIRECTION('',(-0.803206,0,0.595701));
#2193=VECTOR('',#2192,0.883219);
#2194=LINE('',#342,#2193);
#2195=EDGE_CURVE('',#343,#347,#2194,.T.);
#2196=ORIENTED_EDGE('',*,*,#2195,.T.);
#2197=DIRECTION('',(0.740952,0,-0.671558));
#2198=VECTOR('',#2197,0.883218);
#2199=LINE('',#338,#2198);
#2200=EDGE_CURVE('',#339,#347,#2199,.T.);
#2201=ORIENTED_EDGE('',*,*,#2200,.F.);
#2202=DIRECTION('',(-0.671558,0,0.740952));
#2203=VECTOR('',#2202,0.883219);
#2204=LINE('',#338,#2203);
#2205=EDGE_CURVE('',#339,#371,#2204,.T.);
#2206=ORIENTED_EDGE('',*,*,#2205,.T.);
#2207=DIRECTION('',(-0.595699,0,0.803208));
#2208=VECTOR('',#2207,0.883218);
#2209=LINE('',#370,#2208);
#2210=EDGE_CURVE('',#371,#373,#2209,.T.);
#2211=ORIENTED_EDGE('',*,*,#2210,.T.);
#2212=DIRECTION('',(0.514103,0,-0.857728));
#2213=VECTOR('',#2212,0.883217);
#2214=LINE('',#310,#2213);
#2215=EDGE_CURVE('',#311,#373,#2214,.T.);
#2216=ORIENTED_EDGE('',*,*,#2215,.F.);
#2217=DIRECTION('',(-0.427555,0,0.903989));
#2218=VECTOR('',#2217,0.883218);
#2219=LINE('',#310,#2218);
#2220=EDGE_CURVE('',#311,#321,#2219,.T.);
#2221=ORIENTED_EDGE('',*,*,#2220,.T.);
#2222=DIRECTION('',(-0.33689,0,0.941544));
#2223=VECTOR('',#2222,0.883218);
#2224=LINE('',#320,#2223);
#2225=EDGE_CURVE('',#321,#323,#2224,.T.);
#2226=ORIENTED_EDGE('',*,*,#2225,.T.);
#2227=DIRECTION('',(-0.24298,0,0.970031));
#2228=VECTOR('',#2227,0.883218);
#2229=LINE('',#322,#2228);
#2230=EDGE_CURVE('',#323,#469,#2229,.T.);
#2231=ORIENTED_EDGE('',*,*,#2230,.T.);
#2232=DIRECTION('',(-0.14673,0,0.989177));
#2233=VECTOR('',#2232,0.883219);
#2234=LINE('',#468,#2233);
#2235=EDGE_CURVE('',#469,#471,#2234,.T.);
#2236=ORIENTED_EDGE('',*,*,#2235,.T.);
#2237=DIRECTION('',(-0.049068,0,0.998795));
#2238=VECTOR('',#2237,0.883218);
#2239=LINE('',#470,#2238);
#2240=EDGE_CURVE('',#471,#473,#2239,.T.);
#2241=ORIENTED_EDGE('',*,*,#2240,.T.);
#2242=DIRECTION('',(0.049068,0,0.998795));
#2243=VECTOR('',#2242,0.883218);
#2244=LINE('',#472,#2243);
#2245=EDGE_CURVE('',#473,#485,#2244,.T.);
#2246=ORIENTED_EDGE('',*,*,#2245,.T.);
#2247=DIRECTION('',(0.14673,0,0.989177));
#2248=VECTOR('',#2247,0.883217);
#2249=LINE('',#484,#2248);
#2250=EDGE_CURVE('',#485,#487,#2249,.T.);
#2251=ORIENTED_EDGE('',*,*,#2250,.T.);
#2252=DIRECTION('',(0.24298,0,0.970031));
#2253=VECTOR('',#2252,0.883219);
#2254=LINE('',#486,#2253);
#2255=EDGE_CURVE('',#487,#499,#2254,.T.);
#2256=ORIENTED_EDGE('',*,*,#2255,.T.);
#2257=DIRECTION('',(0.33689,0,0.941544));
#2258=VECTOR('',#2257,0.883218);
#2259=LINE('',#498,#2258);
#2260=EDGE_CURVE('',#499,#501,#2259,.T.);
#2261=ORIENTED_EDGE('',*,*,#2260,.T.);
#2262=DIRECTION('',(0.427555,0,0.903989));
#2263=VECTOR('',#2262,0.883218);
#2264=LINE('',#500,#2263);
#2265=EDGE_CURVE('',#501,#503,#2264,.T.);
#2266=ORIENTED_EDGE('',*,*,#2265,.T.);
#2267=DIRECTION('',(0.514103,0,0.857728));
#2268=VECTOR('',#2267,0.883217);
#2269=LINE('',#502,#2268);
#2270=EDGE_CURVE('',#503,#519,#2269,.T.);
#2271=ORIENTED_EDGE('',*,*,#2270,.T.);
#2272=DIRECTION('',(0.595699,0,0.803208));
#2273=VECTOR('',#2272,0.883218);
#2274=LINE('',#518,#2273);
#2275=EDGE_CURVE('',#519,#521,#2274,.T.);
#2276=ORIENTED_EDGE('',*,*,#2275,.T.);
#2277=DIRECTION('',(0.671559,0,0.740951));
#2278=VECTOR('',#2277,0.883218);
#2279=LINE('',#520,#2278);
#2280=EDGE_CURVE('',#521,#523,#2279,.T.);
#2281=ORIENTED_EDGE('',*,*,#2280,.T.);
#2282=DIRECTION('',(0.740951,0,0.671559));
#2283=VECTOR('',#2282,0.883219);
#2284=LINE('',#522,#2283);
#2285=EDGE_CURVE('',#523,#539,#2284,.T.);
#2286=ORIENTED_EDGE('',*,*,#2285,.T.);
#2287=DIRECTION('',(0.803207,0,0.595699));
#2288=VECTOR('',#2287,0.883218);
#2289=LINE('',#538,#2288);
#2290=EDGE_CURVE('',#539,#541,#2289,.T.);
#2291=ORIENTED_EDGE('',*,*,#2290,.T.);
#2292=DIRECTION('',(0.857729,0,0.514101));
#2293=VECTOR('',#2292,0.883218);
#2294=LINE('',#540,#2293);
#2295=EDGE_CURVE('',#541,#543,#2294,.T.);
#2296=ORIENTED_EDGE('',*,*,#2295,.T.);
#2297=DIRECTION('',(0.903989,0,0.427555));
#2298=VECTOR('',#2297,0.883218);
#2299=LINE('',#542,#2298);
#2300=EDGE_CURVE('',#543,#563,#2299,.T.);
#2301=ORIENTED_EDGE('',*,*,#2300,.T.);
#2302=DIRECTION('',(0.941544,0,0.336891));
#2303=VECTOR('',#2302,0.883218);
#2304=LINE('',#562,#2303);
#2305=EDGE_CURVE('',#563,#567,#2304,.T.);
#2306=ORIENTED_EDGE('',*,*,#2305,.T.);
#2307=DIRECTION('',(0.970032,0,0.242979));
#2308=VECTOR('',#2307,0.883218);
#2309=LINE('',#566,#2308);
#2310=EDGE_CURVE('',#567,#571,#2309,.T.);
#2311=ORIENTED_EDGE('',*,*,#2310,.T.);
#2312=DIRECTION('',(0.989177,0,0.14673));
#2313=VECTOR('',#2312,0.883218);
#2314=LINE('',#570,#2313);
#2315=EDGE_CURVE('',#571,#573,#2314,.T.);
#2316=ORIENTED_EDGE('',*,*,#2315,.T.);
#2317=DIRECTION('',(0.998795,0,0.049069));
#2318=VECTOR('',#2317,0.883218);
#2319=LINE('',#572,#2318);
#2320=EDGE_CURVE('',#573,#1589,#2319,.T.);
#2321=ORIENTED_EDGE('',*,*,#2320,.T.);
#2322=DIRECTION('',(0.998795,0,-0.049069));
#2323=VECTOR('',#2322,0.883218);
#2324=LINE('',#1588,#2323);
#2325=EDGE_CURVE('',#1589,#1591,#2324,.T.);
#2326=ORIENTED_EDGE('',*,*,#2325,.T.);
#2327=DIRECTION('',(0.989177,0,-0.14673));
#2328=VECTOR('',#2327,0.883218);
#2329=LINE('',#1590,#2328);
#2330=EDGE_CURVE('',#1591,#1593,#2329,.T.);
#2331=ORIENTED_EDGE('',*,*,#2330,.T.);
#2332=DIRECTION('',(0.970032,0,-0.242979));
#2333=VECTOR('',#2332,0.883218);
#2334=LINE('',#1592,#2333);
#2335=EDGE_CURVE('',#1593,#1601,#2334,.T.);
#2336=ORIENTED_EDGE('',*,*,#2335,.T.);
#2337=DIRECTION('',(-0.941544,0,0.336891));
#2338=VECTOR('',#2337,0.883218);
#2339=LINE('',#1584,#2338);
#2340=EDGE_CURVE('',#1585,#1601,#2339,.T.);
#2341=ORIENTED_EDGE('',*,*,#2340,.F.);
#2342=DIRECTION('',(0.903989,0,-0.427555));
#2343=VECTOR('',#2342,0.883218);
#2344=LINE('',#1584,#2343);
#2345=EDGE_CURVE('',#1585,#1607,#2344,.T.);
#2346=ORIENTED_EDGE('',*,*,#2345,.T.);
#2347=DIRECTION('',(0.857729,0,-0.514101));
#2348=VECTOR('',#2347,0.883218);
#2349=LINE('',#1606,#2348);
#2350=EDGE_CURVE('',#1607,#1609,#2349,.T.);
#2351=ORIENTED_EDGE('',*,*,#2350,.T.);
#2352=DIRECTION('',(-0.803207,0,0.595699));
#2353=VECTOR('',#2352,0.883218);
#2354=LINE('',#1604,#2353);
#2355=EDGE_CURVE('',#1605,#1609,#2354,.T.);
#2356=ORIENTED_EDGE('',*,*,#2355,.F.);
#2357=DIRECTION('',(-0.740951,0,0.671559));
#2358=VECTOR('',#2357,0.883219);
#2359=LINE('',#1518,#2358);
#2360=EDGE_CURVE('',#1519,#1605,#2359,.T.);
#2361=ORIENTED_EDGE('',*,*,#2360,.F.);
#2362=DIRECTION('',(0.671559,0,-0.740951));
#2363=VECTOR('',#2362,0.883218);
#2364=LINE('',#1518,#2363);
#2365=EDGE_CURVE('',#1519,#1521,#2364,.T.);
#2366=ORIENTED_EDGE('',*,*,#2365,.T.);
#2367=DIRECTION('',(-0.595699,0,0.803208));
#2368=VECTOR('',#2367,0.883218);
#2369=LINE('',#1516,#2368);
#2370=EDGE_CURVE('',#1517,#1521,#2369,.T.);
#2371=ORIENTED_EDGE('',*,*,#2370,.F.);
#2372=DIRECTION('',(0.514103,0,-0.857728));
#2373=VECTOR('',#2372,0.883217);
#2374=LINE('',#1516,#2373);
#2375=EDGE_CURVE('',#1517,#1563,#2374,.T.);
#2376=ORIENTED_EDGE('',*,*,#2375,.T.);
#2377=DIRECTION('',(-0.427555,0,0.903989));
#2378=VECTOR('',#2377,0.883218);
#2379=LINE('',#1560,#2378);
#2380=EDGE_CURVE('',#1561,#1563,#2379,.T.);
#2381=ORIENTED_EDGE('',*,*,#2380,.F.);
#2382=DIRECTION('',(-0.33689,0,0.941544));
#2383=VECTOR('',#2382,0.883218);
#2384=LINE('',#1558,#2383);
#2385=EDGE_CURVE('',#1559,#1561,#2384,.T.);
#2386=ORIENTED_EDGE('',*,*,#2385,.F.);
#2387=DIRECTION('',(-0.24298,0,0.970031));
#2388=VECTOR('',#2387,0.883219);
#2389=LINE('',#1548,#2388);
#2390=EDGE_CURVE('',#1549,#1559,#2389,.T.);
#2391=ORIENTED_EDGE('',*,*,#2390,.F.);
#2392=DIRECTION('',(-0.14673,0,0.989177));
#2393=VECTOR('',#2392,0.883217);
#2394=LINE('',#1546,#2393);
#2395=EDGE_CURVE('',#1547,#1549,#2394,.T.);
#2396=ORIENTED_EDGE('',*,*,#2395,.F.);
#2397=DIRECTION('',(-0.049068,0,0.998795));
#2398=VECTOR('',#2397,0.883218);
#2399=LINE('',#1532,#2398);
#2400=EDGE_CURVE('',#1533,#1547,#2399,.T.);
#2401=ORIENTED_EDGE('',*,*,#2400,.F.);
#2402=DIRECTION('',(0.049068,0,0.998795));
#2403=VECTOR('',#2402,0.883218);
#2404=LINE('',#1530,#2403);
#2405=EDGE_CURVE('',#1531,#1533,#2404,.T.);
#2406=ORIENTED_EDGE('',*,*,#2405,.F.);
#2407=DIRECTION('',(0.14673,0,0.989177));
#2408=VECTOR('',#2407,0.883219);
#2409=LINE('',#1528,#2408);
#2410=EDGE_CURVE('',#1529,#1531,#2409,.T.);
#2411=ORIENTED_EDGE('',*,*,#2410,.F.);
#2412=DIRECTION('',(0.24298,0,0.970031));
#2413=VECTOR('',#2412,0.883218);
#2414=LINE('',#1152,#2413);
#2415=EDGE_CURVE('',#1153,#1529,#2414,.T.);
#2416=ORIENTED_EDGE('',*,*,#2415,.F.);
#2417=DIRECTION('',(0.33689,0,0.941544));
#2418=VECTOR('',#2417,0.883218);
#2419=LINE('',#1150,#2418);
#2420=EDGE_CURVE('',#1151,#1153,#2419,.T.);
#2421=ORIENTED_EDGE('',*,*,#2420,.F.);
#2422=DIRECTION('',(0.427555,0,0.903989));
#2423=VECTOR('',#2422,0.883218);
#2424=LINE('',#1140,#2423);
#2425=EDGE_CURVE('',#1141,#1151,#2424,.T.);
#2426=ORIENTED_EDGE('',*,*,#2425,.F.);
#2427=DIRECTION('',(0.514103,0,0.857728));
#2428=VECTOR('',#2427,0.883217);
#2429=LINE('',#1126,#2428);
#2430=EDGE_CURVE('',#1127,#1141,#2429,.T.);
#2431=ORIENTED_EDGE('',*,*,#2430,.F.);
#2432=DIRECTION('',(0.595699,0,0.803208));
#2433=VECTOR('',#2432,0.883218);
#2434=LINE('',#1124,#2433);
#2435=EDGE_CURVE('',#1125,#1127,#2434,.T.);
#2436=ORIENTED_EDGE('',*,*,#2435,.F.);
#2437=DIRECTION('',(0.671558,0,0.740952));
#2438=VECTOR('',#2437,0.883219);
#2439=LINE('',#1120,#2438);
#2440=EDGE_CURVE('',#1121,#1125,#2439,.T.);
#2441=ORIENTED_EDGE('',*,*,#2440,.F.);
#2442=DIRECTION('',(0.740952,0,0.671558));
#2443=VECTOR('',#2442,0.883218);
#2444=LINE('',#1112,#2443);
#2445=EDGE_CURVE('',#1113,#1121,#2444,.T.);
#2446=ORIENTED_EDGE('',*,*,#2445,.F.);
#2447=DIRECTION('',(0.803206,0,0.595701));
#2448=VECTOR('',#2447,0.883219);
#2449=LINE('',#1110,#2448);
#2450=EDGE_CURVE('',#1111,#1113,#2449,.T.);
#2451=ORIENTED_EDGE('',*,*,#2450,.F.);
#2452=DIRECTION('',(0.857729,0,0.514101));
#2453=VECTOR('',#2452,0.883218);
#2454=LINE('',#1108,#2453);
#2455=EDGE_CURVE('',#1109,#1111,#2454,.T.);
#2456=ORIENTED_EDGE('',*,*,#2455,.F.);
#2457=DIRECTION('',(0.903989,0,0.427555));
#2458=VECTOR('',#2457,0.883218);
#2459=LINE('',#1092,#2458);
#2460=EDGE_CURVE('',#1093,#1109,#2459,.T.);
#2461=ORIENTED_EDGE('',*,*,#2460,.F.);
#2462=DIRECTION('',(0.941544,0,0.336889));
#2463=VECTOR('',#2462,0.883218);
#2464=LINE('',#1090,#2463);
#2465=EDGE_CURVE('',#1091,#1093,#2464,.T.);
#2466=ORIENTED_EDGE('',*,*,#2465,.F.);
#2467=DIRECTION('',(0.970032,0,0.242979));
#2468=VECTOR('',#2467,0.883218);
#2469=LINE('',#1082,#2468);
#2470=EDGE_CURVE('',#1083,#1091,#2469,.T.);
#2471=ORIENTED_EDGE('',*,*,#2470,.F.);
#2472=DIRECTION('',(0.989176,0,0.146732));
#2473=VECTOR('',#2472,0.883218);
#2474=LINE('',#1080,#2473);
#2475=EDGE_CURVE('',#1081,#1083,#2474,.T.);
#2476=ORIENTED_EDGE('',*,*,#2475,.F.);
#2477=DIRECTION('',(0.998795,0,0.049069));
#2478=VECTOR('',#2477,0.883218);
#2479=LINE('',#1078,#2478);
#2480=EDGE_CURVE('',#1079,#1081,#2479,.T.);
#2481=ORIENTED_EDGE('',*,*,#2480,.F.);
#2482=DIRECTION('',(0.998795,0,-0.049069));
#2483=VECTOR('',#2482,0.883218);
#2484=LINE('',#364,#2483);
#2485=EDGE_CURVE('',#365,#1079,#2484,.T.);
#2486=ORIENTED_EDGE('',*,*,#2485,.F.);
#2487=DIRECTION('',(0.989176,0,-0.146732));
#2488=VECTOR('',#2487,0.883218);
#2489=LINE('',#362,#2488);
#2490=EDGE_CURVE('',#363,#365,#2489,.T.);
#2491=ORIENTED_EDGE('',*,*,#2490,.F.);
#2492=DIRECTION('',(0.970032,0,-0.242979));
#2493=VECTOR('',#2492,0.883218);
#2494=LINE('',#356,#2493);
#2495=EDGE_CURVE('',#357,#363,#2494,.T.);
#2496=ORIENTED_EDGE('',*,*,#2495,.F.);
#2497=DIRECTION('',(0.941544,0,-0.336889));
#2498=VECTOR('',#2497,0.883218);
#2499=LINE('',#354,#2498);
#2500=EDGE_CURVE('',#355,#357,#2499,.T.);
#2501=ORIENTED_EDGE('',*,*,#2500,.F.);
#2502=DIRECTION('',(0.903989,0,-0.427555));
#2503=VECTOR('',#2502,0.883218);
#2504=LINE('',#344,#2503);
#2505=EDGE_CURVE('',#345,#355,#2504,.T.);
#2506=ORIENTED_EDGE('',*,*,#2505,.F.);
#2507=DIRECTION('',(0.857729,0,-0.514101));
#2508=VECTOR('',#2507,0.883218);
#2509=LINE('',#342,#2508);
#2510=EDGE_CURVE('',#343,#345,#2509,.T.);
#2511=ORIENTED_EDGE('',*,*,#2510,.F.);
#2512=EDGE_LOOP('',(#2196,#2201,#2206,#2211,#2216,#2221,#2226,#2231,#2236,#2241,#2246,#2251,#2256,#2261,#2266,#2271,#2276,#2281,#2286,#2291,#2296,#2301,#2306,#2311,#2316,#2321,#2326,#2331,#2336,#2341,#2346,#2351,#2356,#2361,#2366,#2371,#2376,#2381,#2386,#2391,#2396,#2401,#2406,#2411,#2416,#2421,#2426,#2431,#2436,#2441,#2446,#2451,#2456,#2461,#2466,#2471,#2476,#2481,#2486,#2491,#2496,#2501,#2506,#2511));
#2513=FACE_BOUND('',#2512,.T.);
#2514=ADVANCED_FACE('',(#2191,#2513),#2129,.T.);
#2515=DIRECTION('',(-1,0,0));
#2516=DIRECTION('',(0,-0,1));
#2517=AXIS2_PLACEMENT_3D('',#282,#2515,#2516);
#2518=PLANE('',#2517);
#2519=ORIENTED_EDGE('',*,*,#2188,.T.);
#2520=DIRECTION('',(0,1,0));
#2521=VECTOR('',#2520,68.399994);
#2522=LINE('',#536,#2521);
#2523=EDGE_CURVE('',#537,#1037,#2522,.T.);
#2524=ORIENTED_EDGE('',*,*,#2523,.T.);
#2525=DIRECTION('',(0,0,1));
#2526=VECTOR('',#2525,28.6);
#2527=LINE('',#960,#2526);
#2528=EDGE_CURVE('',#961,#1037,#2527,.T.);
#2529=ORIENTED_EDGE('',*,*,#2528,.F.);
#2530=DIRECTION('',(0,1,0));
#2531=VECTOR('',#2530,68.399994);
#2532=LINE('',#282,#2531);
#2533=EDGE_CURVE('',#283,#961,#2532,.T.);
#2534=ORIENTED_EDGE('',*,*,#2533,.F.);
#2535=EDGE_LOOP('',(#2519,#2524,#2529,#2534));
#2536=FACE_OUTER_BOUND('',#2535,.T.);
#2537=ADVANCED_FACE('',(#2536),#2518,.T.);
#2538=DIRECTION('',(0,0,1));
#2539=DIRECTION('',(0,-1,0));
#2540=AXIS2_PLACEMENT_3D('',#1646,#2538,#2539);
#2541=PLANE('',#2540);
#2542=DIRECTION('',(0,1,0));
#2543=VECTOR('',#2542,68.399994);
#2544=LINE('',#1646,#2543);
#2545=EDGE_CURVE('',#1647,#2125,#2544,.T.);
#2546=ORIENTED_EDGE('',*,*,#2545,.T.);
#2547=DIRECTION('',(1,0,0));
#2548=VECTOR('',#2547,29.6);
#2549=LINE('',#1036,#2548);
#2550=EDGE_CURVE('',#1037,#2125,#2549,.T.);
#2551=ORIENTED_EDGE('',*,*,#2550,.F.);
#2552=ORIENTED_EDGE('',*,*,#2523,.F.);
#2553=ORIENTED_EDGE('',*,*,#2183,.T.);
#2554=EDGE_LOOP('',(#2546,#2551,#2552,#2553));
#2555=FACE_OUTER_BOUND('',#2554,.T.);
#2556=ADVANCED_FACE('',(#2555),#2541,.T.);
#2557=DIRECTION('',(0,0,-1));
#2558=DIRECTION('',(-0,1,0));
#2559=AXIS2_PLACEMENT_3D('',#958,#2557,#2558);
#2560=PLANE('',#2559);
#2561=DIRECTION('',(1,0,0));
#2562=VECTOR('',#2561,27.6);
#2563=LINE('',#958,#2562);
#2564=EDGE_CURVE('',#959,#1777,#2563,.T.);
#2565=ORIENTED_EDGE('',*,*,#2564,.T.);
#2566=DIRECTION('',(0,1,0));
#2567=VECTOR('',#2566,68.399994);
#2568=LINE('',#1074,#2567);
#2569=EDGE_CURVE('',#1075,#1777,#2568,.T.);
#2570=ORIENTED_EDGE('',*,*,#2569,.F.);
#2571=ORIENTED_EDGE('',*,*,#2153,.F.);
#2572=DIRECTION('',(0,1,0));
#2573=VECTOR('',#2572,68.399994);
#2574=LINE('',#280,#2573);
#2575=EDGE_CURVE('',#281,#959,#2574,.T.);
#2576=ORIENTED_EDGE('',*,*,#2575,.T.);
#2577=EDGE_LOOP('',(#2565,#2570,#2571,#2576));
#2578=FACE_OUTER_BOUND('',#2577,.T.);
#2579=ADVANCED_FACE('',(#2578),#2560,.T.);
#2580=DIRECTION('',(0,1,0));
#2581=DIRECTION('',(0,0,1));
#2582=AXIS2_PLACEMENT_3D('',#1778,#2580,#2581);
#2583=PLANE('',#2582);
#2584=DIRECTION('',(1,0,0));
#2585=VECTOR('',#2584,16.2);
#2586=LINE('',#1778,#2585);
#2587=EDGE_CURVE('',#1779,#2069,#2586,.T.);
#2588=ORIENTED_EDGE('',*,*,#2587,.T.);
#2589=DIRECTION('',(0,0,1));
#2590=VECTOR('',#2589,5);
#2591=LINE('',#2066,#2590);
#2592=EDGE_CURVE('',#2067,#2069,#2591,.T.);
#2593=ORIENTED_EDGE('',*,*,#2592,.F.);
#2594=DIRECTION('',(1,0,0));
#2595=VECTOR('',#2594,17.2);
#2596=LINE('',#1774,#2595);
#2597=EDGE_CURVE('',#1775,#2067,#2596,.T.);
#2598=ORIENTED_EDGE('',*,*,#2597,.F.);
#2599=DIRECTION('',(0,0,1));
#2600=VECTOR('',#2599,4);
#2601=LINE('',#1774,#2600);
#2602=EDGE_CURVE('',#1775,#1777,#2601,.T.);
#2603=ORIENTED_EDGE('',*,*,#2602,.T.);
#2604=ORIENTED_EDGE('',*,*,#2564,.F.);
#2605=DIRECTION('',(0,0,1));
#2606=VECTOR('',#2605,4);
#2607=LINE('',#956,#2606);
#2608=EDGE_CURVE('',#957,#959,#2607,.T.);
#2609=ORIENTED_EDGE('',*,*,#2608,.F.);
#2610=DIRECTION('',(1,0,0));
#2611=VECTOR('',#2610,17.2);
#2612=LINE('',#952,#2611);
#2613=EDGE_CURVE('',#953,#957,#2612,.T.);
#2614=ORIENTED_EDGE('',*,*,#2613,.F.);
#2615=DIRECTION('',(0,0,1));
#2616=VECTOR('',#2615,5);
#2617=LINE('',#952,#2616);
#2618=EDGE_CURVE('',#953,#955,#2617,.T.);
#2619=ORIENTED_EDGE('',*,*,#2618,.T.);
#2620=DIRECTION('',(1,0,0));
#2621=VECTOR('',#2620,16.2);
#2622=LINE('',#954,#2621);
#2623=EDGE_CURVE('',#955,#961,#2622,.T.);
#2624=ORIENTED_EDGE('',*,*,#2623,.T.);
#2625=ORIENTED_EDGE('',*,*,#2528,.T.);
#2626=ORIENTED_EDGE('',*,*,#2550,.T.);
#2627=DIRECTION('',(0,0,1));
#2628=VECTOR('',#2627,28.6);
#2629=LINE('',#1778,#2628);
#2630=EDGE_CURVE('',#1779,#2125,#2629,.T.);
#2631=ORIENTED_EDGE('',*,*,#2630,.F.);
#2632=EDGE_LOOP('',(#2588,#2593,#2598,#2603,#2604,#2609,#2614,#2619,#2624,#2625,#2626,#2631));
#2633=FACE_OUTER_BOUND('',#2632,.T.);
#2634=DIRECTION('',(0.995185,0,0.098017));
#2635=VECTOR('',#2634,0.811433);
#2636=LINE('',#1054,#2635);
#2637=EDGE_CURVE('',#1055,#1057,#2636,.T.);
#2638=ORIENTED_EDGE('',*,*,#2637,.F.);
#2639=DIRECTION('',(0.986644,0,0.162894));
#2640=VECTOR('',#2639,0.811433);
#2641=LINE('',#1052,#2640);
#2642=EDGE_CURVE('',#1053,#1055,#2641,.T.);
#2643=ORIENTED_EDGE('',*,*,#2642,.F.);
#2644=DIRECTION('',(0.973877,0,0.227077));
#2645=VECTOR('',#2644,0.811433);
#2646=LINE('',#1050,#2645);
#2647=EDGE_CURVE('',#1051,#1053,#2646,.T.);
#2648=ORIENTED_EDGE('',*,*,#2647,.F.);
#2649=DIRECTION('',(0.956941,0,0.290284));
#2650=VECTOR('',#2649,0.811433);
#2651=LINE('',#1048,#2650);
#2652=EDGE_CURVE('',#1049,#1051,#2651,.T.);
#2653=ORIENTED_EDGE('',*,*,#2652,.F.);
#2654=DIRECTION('',(0.935906,0,0.35225));
#2655=VECTOR('',#2654,0.811433);
#2656=LINE('',#1046,#2655);
#2657=EDGE_CURVE('',#1047,#1049,#2656,.T.);
#2658=ORIENTED_EDGE('',*,*,#2657,.F.);
#2659=DIRECTION('',(0.910864,0,0.412707));
#2660=VECTOR('',#2659,0.811433);
#2661=LINE('',#1044,#2660);
#2662=EDGE_CURVE('',#1045,#1047,#2661,.T.);
#2663=ORIENTED_EDGE('',*,*,#2662,.F.);
#2664=DIRECTION('',(0.881921,0,0.471397));
#2665=VECTOR('',#2664,0.811433);
#2666=LINE('',#1042,#2665);
#2667=EDGE_CURVE('',#1043,#1045,#2666,.T.);
#2668=ORIENTED_EDGE('',*,*,#2667,.F.);
#2669=DIRECTION('',(0.849202,0,0.528067));
#2670=VECTOR('',#2669,0.811433);
#2671=LINE('',#1040,#2670);
#2672=EDGE_CURVE('',#1041,#1043,#2671,.T.);
#2673=ORIENTED_EDGE('',*,*,#2672,.F.);
#2674=DIRECTION('',(0.812847,0,0.582477));
#2675=VECTOR('',#2674,0.811433);
#2676=LINE('',#1038,#2675);
#2677=EDGE_CURVE('',#1039,#1041,#2676,.T.);
#2678=ORIENTED_EDGE('',*,*,#2677,.F.);
#2679=DIRECTION('',(0.77301,0,0.634394));
#2680=VECTOR('',#2679,0.811434);
#2681=LINE('',#1034,#2680);
#2682=EDGE_CURVE('',#1035,#1039,#2681,.T.);
#2683=ORIENTED_EDGE('',*,*,#2682,.F.);
#2684=DIRECTION('',(0.729864,0,0.683592));
#2685=VECTOR('',#2684,0.811433);
#2686=LINE('',#1032,#2685);
#2687=EDGE_CURVE('',#1033,#1035,#2686,.T.);
#2688=ORIENTED_EDGE('',*,*,#2687,.F.);
#2689=DIRECTION('',(0.683593,0,0.729863));
#2690=VECTOR('',#2689,0.811434);
#2691=LINE('',#1030,#2690);
#2692=EDGE_CURVE('',#1031,#1033,#2691,.T.);
#2693=ORIENTED_EDGE('',*,*,#2692,.F.);
#2694=DIRECTION('',(0.634393,0,0.773011));
#2695=VECTOR('',#2694,0.811434);
#2696=LINE('',#1028,#2695);
#2697=EDGE_CURVE('',#1029,#1031,#2696,.T.);
#2698=ORIENTED_EDGE('',*,*,#2697,.F.);
#2699=DIRECTION('',(0.582478,0,0.812847));
#2700=VECTOR('',#2699,0.811433);
#2701=LINE('',#1026,#2700);
#2702=EDGE_CURVE('',#1027,#1029,#2701,.T.);
#2703=ORIENTED_EDGE('',*,*,#2702,.F.);
#2704=DIRECTION('',(0.528067,0,0.849203));
#2705=VECTOR('',#2704,0.811434);
#2706=LINE('',#1024,#2705);
#2707=EDGE_CURVE('',#1025,#1027,#2706,.T.);
#2708=ORIENTED_EDGE('',*,*,#2707,.F.);
#2709=DIRECTION('',(0.471396,0,0.881922));
#2710=VECTOR('',#2709,0.811433);
#2711=LINE('',#1022,#2710);
#2712=EDGE_CURVE('',#1023,#1025,#2711,.T.);
#2713=ORIENTED_EDGE('',*,*,#2712,.F.);
#2714=DIRECTION('',(0.412707,0,0.910864));
#2715=VECTOR('',#2714,0.811433);
#2716=LINE('',#1020,#2715);
#2717=EDGE_CURVE('',#1021,#1023,#2716,.T.);
#2718=ORIENTED_EDGE('',*,*,#2717,.F.);
#2719=DIRECTION('',(0.352251,0,0.935906));
#2720=VECTOR('',#2719,0.811432);
#2721=LINE('',#1018,#2720);
#2722=EDGE_CURVE('',#1019,#1021,#2721,.T.);
#2723=ORIENTED_EDGE('',*,*,#2722,.F.);
#2724=DIRECTION('',(0.290284,0,0.956941));
#2725=VECTOR('',#2724,0.811433);
#2726=LINE('',#1016,#2725);
#2727=EDGE_CURVE('',#1017,#1019,#2726,.T.);
#2728=ORIENTED_EDGE('',*,*,#2727,.F.);
#2729=DIRECTION('',(0.227076,0,0.973877));
#2730=VECTOR('',#2729,0.811435);
#2731=LINE('',#1014,#2730);
#2732=EDGE_CURVE('',#1015,#1017,#2731,.T.);
#2733=ORIENTED_EDGE('',*,*,#2732,.F.);
#2734=DIRECTION('',(0.162896,0,0.986643));
#2735=VECTOR('',#2734,0.811432);
#2736=LINE('',#1012,#2735);
#2737=EDGE_CURVE('',#1013,#1015,#2736,.T.);
#2738=ORIENTED_EDGE('',*,*,#2737,.F.);
#2739=DIRECTION('',(0.098016,0,0.995185));
#2740=VECTOR('',#2739,0.811433);
#2741=LINE('',#1010,#2740);
#2742=EDGE_CURVE('',#1011,#1013,#2741,.T.);
#2743=ORIENTED_EDGE('',*,*,#2742,.F.);
#2744=DIRECTION('',(0.032719,0,0.999465));
#2745=VECTOR('',#2744,0.811433);
#2746=LINE('',#1008,#2745);
#2747=EDGE_CURVE('',#1009,#1011,#2746,.T.);
#2748=ORIENTED_EDGE('',*,*,#2747,.F.);
#2749=DIRECTION('',(-0.032719,0,0.999465));
#2750=VECTOR('',#2749,0.811433);
#2751=LINE('',#1006,#2750);
#2752=EDGE_CURVE('',#1007,#1009,#2751,.T.);
#2753=ORIENTED_EDGE('',*,*,#2752,.F.);
#2754=DIRECTION('',(-0.098016,0,0.995185));
#2755=VECTOR('',#2754,0.811433);
#2756=LINE('',#1004,#2755);
#2757=EDGE_CURVE('',#1005,#1007,#2756,.T.);
#2758=ORIENTED_EDGE('',*,*,#2757,.F.);
#2759=DIRECTION('',(-0.162896,0,0.986643));
#2760=VECTOR('',#2759,0.811434);
#2761=LINE('',#992,#2760);
#2762=EDGE_CURVE('',#993,#1005,#2761,.T.);
#2763=ORIENTED_EDGE('',*,*,#2762,.F.);
#2764=DIRECTION('',(-0.227077,0,0.973877));
#2765=VECTOR('',#2764,0.811433);
#2766=LINE('',#990,#2765);
#2767=EDGE_CURVE('',#991,#993,#2766,.T.);
#2768=ORIENTED_EDGE('',*,*,#2767,.F.);
#2769=DIRECTION('',(-0.290284,0,0.956941));
#2770=VECTOR('',#2769,0.811433);
#2771=LINE('',#988,#2770);
#2772=EDGE_CURVE('',#989,#991,#2771,.T.);
#2773=ORIENTED_EDGE('',*,*,#2772,.F.);
#2774=DIRECTION('',(0.35225,0,-0.935906));
#2775=VECTOR('',#2774,0.811434);
#2776=LINE('',#988,#2775);
#2777=EDGE_CURVE('',#989,#999,#2776,.T.);
#2778=ORIENTED_EDGE('',*,*,#2777,.T.);
#2779=DIRECTION('',(-0.412707,0,0.910864));
#2780=VECTOR('',#2779,0.811433);
#2781=LINE('',#996,#2780);
#2782=EDGE_CURVE('',#997,#999,#2781,.T.);
#2783=ORIENTED_EDGE('',*,*,#2782,.F.);
#2784=DIRECTION('',(-0.471397,0,0.881921));
#2785=VECTOR('',#2784,0.811431);
#2786=LINE('',#994,#2785);
#2787=EDGE_CURVE('',#995,#997,#2786,.T.);
#2788=ORIENTED_EDGE('',*,*,#2787,.F.);
#2789=DIRECTION('',(-0.528067,0,0.849203));
#2790=VECTOR('',#2789,0.811434);
#2791=LINE('',#984,#2790);
#2792=EDGE_CURVE('',#985,#995,#2791,.T.);
#2793=ORIENTED_EDGE('',*,*,#2792,.F.);
#2794=DIRECTION('',(-0.582477,0,0.812847));
#2795=VECTOR('',#2794,0.811435);
#2796=LINE('',#982,#2795);
#2797=EDGE_CURVE('',#983,#985,#2796,.T.);
#2798=ORIENTED_EDGE('',*,*,#2797,.F.);
#2799=DIRECTION('',(0.634393,0,-0.773011));
#2800=VECTOR('',#2799,0.811434);
#2801=LINE('',#982,#2800);
#2802=EDGE_CURVE('',#983,#987,#2801,.T.);
#2803=ORIENTED_EDGE('',*,*,#2802,.T.);
#2804=DIRECTION('',(-0.683593,0,0.729863));
#2805=VECTOR('',#2804,0.811434);
#2806=LINE('',#978,#2805);
#2807=EDGE_CURVE('',#979,#987,#2806,.T.);
#2808=ORIENTED_EDGE('',*,*,#2807,.F.);
#2809=DIRECTION('',(0.729865,0,-0.683591));
#2810=VECTOR('',#2809,0.811432);
#2811=LINE('',#978,#2810);
#2812=EDGE_CURVE('',#979,#981,#2811,.T.);
#2813=ORIENTED_EDGE('',*,*,#2812,.T.);
#2814=DIRECTION('',(0.773009,0,-0.634395));
#2815=VECTOR('',#2814,0.811435);
#2816=LINE('',#980,#2815);
#2817=EDGE_CURVE('',#981,#1003,#2816,.T.);
#2818=ORIENTED_EDGE('',*,*,#2817,.T.);
#2819=DIRECTION('',(-0.812847,0,0.582477));
#2820=VECTOR('',#2819,0.811433);
#2821=LINE('',#1000,#2820);
#2822=EDGE_CURVE('',#1001,#1003,#2821,.T.);
#2823=ORIENTED_EDGE('',*,*,#2822,.F.);
#2824=DIRECTION('',(-0.849203,0,0.528066));
#2825=VECTOR('',#2824,0.811432);
#2826=LINE('',#962,#2825);
#2827=EDGE_CURVE('',#963,#1001,#2826,.T.);
#2828=ORIENTED_EDGE('',*,*,#2827,.F.);
#2829=DIRECTION('',(0.881921,0,-0.471397));
#2830=VECTOR('',#2829,0.811433);
#2831=LINE('',#962,#2830);
#2832=EDGE_CURVE('',#963,#969,#2831,.T.);
#2833=ORIENTED_EDGE('',*,*,#2832,.T.);
#2834=DIRECTION('',(-0.910864,0,0.412707));
#2835=VECTOR('',#2834,0.811433);
#2836=LINE('',#964,#2835);
#2837=EDGE_CURVE('',#965,#969,#2836,.T.);
#2838=ORIENTED_EDGE('',*,*,#2837,.F.);
#2839=DIRECTION('',(0.935906,0,-0.35225));
#2840=VECTOR('',#2839,0.811433);
#2841=LINE('',#964,#2840);
#2842=EDGE_CURVE('',#965,#967,#2841,.T.);
#2843=ORIENTED_EDGE('',*,*,#2842,.T.);
#2844=DIRECTION('',(0.956941,0,-0.290284));
#2845=VECTOR('',#2844,0.811433);
#2846=LINE('',#966,#2845);
#2847=EDGE_CURVE('',#967,#971,#2846,.T.);
#2848=ORIENTED_EDGE('',*,*,#2847,.T.);
#2849=DIRECTION('',(0.973877,0,-0.227077));
#2850=VECTOR('',#2849,0.811433);
#2851=LINE('',#970,#2850);
#2852=EDGE_CURVE('',#971,#973,#2851,.T.);
#2853=ORIENTED_EDGE('',*,*,#2852,.T.);
#2854=DIRECTION('',(0.986643,0,-0.162896));
#2855=VECTOR('',#2854,0.811433);
#2856=LINE('',#972,#2855);
#2857=EDGE_CURVE('',#973,#975,#2856,.T.);
#2858=ORIENTED_EDGE('',*,*,#2857,.T.);
#2859=DIRECTION('',(0.995184,0,-0.09802));
#2860=VECTOR('',#2859,0.811433);
#2861=LINE('',#974,#2860);
#2862=EDGE_CURVE('',#975,#977,#2861,.T.);
#2863=ORIENTED_EDGE('',*,*,#2862,.T.);
#2864=DIRECTION('',(0.999465,0,-0.032716));
#2865=VECTOR('',#2864,0.811433);
#2866=LINE('',#976,#2865);
#2867=EDGE_CURVE('',#977,#1757,#2866,.T.);
#2868=ORIENTED_EDGE('',*,*,#2867,.T.);
#2869=DIRECTION('',(0.999465,0,0.032716));
#2870=VECTOR('',#2869,0.811433);
#2871=LINE('',#1756,#2870);
#2872=EDGE_CURVE('',#1757,#1759,#2871,.T.);
#2873=ORIENTED_EDGE('',*,*,#2872,.T.);
#2874=DIRECTION('',(0.995184,0,0.09802));
#2875=VECTOR('',#2874,0.811433);
#2876=LINE('',#1758,#2875);
#2877=EDGE_CURVE('',#1759,#1761,#2876,.T.);
#2878=ORIENTED_EDGE('',*,*,#2877,.T.);
#2879=DIRECTION('',(0.986643,0,0.162896));
#2880=VECTOR('',#2879,0.811433);
#2881=LINE('',#1760,#2880);
#2882=EDGE_CURVE('',#1761,#1763,#2881,.T.);
#2883=ORIENTED_EDGE('',*,*,#2882,.T.);
#2884=DIRECTION('',(0.973877,0,0.227077));
#2885=VECTOR('',#2884,0.811433);
#2886=LINE('',#1762,#2885);
#2887=EDGE_CURVE('',#1763,#1765,#2886,.T.);
#2888=ORIENTED_EDGE('',*,*,#2887,.T.);
#2889=DIRECTION('',(0.956941,0,0.290284));
#2890=VECTOR('',#2889,0.811433);
#2891=LINE('',#1764,#2890);
#2892=EDGE_CURVE('',#1765,#1767,#2891,.T.);
#2893=ORIENTED_EDGE('',*,*,#2892,.T.);
#2894=DIRECTION('',(0.935906,0,0.35225));
#2895=VECTOR('',#2894,0.811433);
#2896=LINE('',#1766,#2895);
#2897=EDGE_CURVE('',#1767,#1769,#2896,.T.);
#2898=ORIENTED_EDGE('',*,*,#2897,.T.);
#2899=DIRECTION('',(0.910864,0,0.412707));
#2900=VECTOR('',#2899,0.811433);
#2901=LINE('',#1768,#2900);
#2902=EDGE_CURVE('',#1769,#1771,#2901,.T.);
#2903=ORIENTED_EDGE('',*,*,#2902,.T.);
#2904=DIRECTION('',(0.881921,0,0.471397));
#2905=VECTOR('',#2904,0.811433);
#2906=LINE('',#1770,#2905);
#2907=EDGE_CURVE('',#1771,#1773,#2906,.T.);
#2908=ORIENTED_EDGE('',*,*,#2907,.T.);
#2909=DIRECTION('',(0.849203,0,0.528066));
#2910=VECTOR('',#2909,0.811432);
#2911=LINE('',#1772,#2910);
#2912=EDGE_CURVE('',#1773,#1781,#2911,.T.);
#2913=ORIENTED_EDGE('',*,*,#2912,.T.);
#2914=DIRECTION('',(0.812847,0,0.582477));
#2915=VECTOR('',#2914,0.811433);
#2916=LINE('',#1780,#2915);
#2917=EDGE_CURVE('',#1781,#1783,#2916,.T.);
#2918=ORIENTED_EDGE('',*,*,#2917,.T.);
#2919=DIRECTION('',(0.773009,0,0.634395));
#2920=VECTOR('',#2919,0.811435);
#2921=LINE('',#1782,#2920);
#2922=EDGE_CURVE('',#1783,#1785,#2921,.T.);
#2923=ORIENTED_EDGE('',*,*,#2922,.T.);
#2924=DIRECTION('',(0.729865,0,0.683591));
#2925=VECTOR('',#2924,0.811432);
#2926=LINE('',#1784,#2925);
#2927=EDGE_CURVE('',#1785,#1787,#2926,.T.);
#2928=ORIENTED_EDGE('',*,*,#2927,.T.);
#2929=DIRECTION('',(0.683593,0,0.729863));
#2930=VECTOR('',#2929,0.811434);
#2931=LINE('',#1786,#2930);
#2932=EDGE_CURVE('',#1787,#1789,#2931,.T.);
#2933=ORIENTED_EDGE('',*,*,#2932,.T.);
#2934=DIRECTION('',(0.634393,0,0.773011));
#2935=VECTOR('',#2934,0.811434);
#2936=LINE('',#1788,#2935);
#2937=EDGE_CURVE('',#1789,#1791,#2936,.T.);
#2938=ORIENTED_EDGE('',*,*,#2937,.T.);
#2939=DIRECTION('',(0.582477,0,0.812847));
#2940=VECTOR('',#2939,0.811435);
#2941=LINE('',#1790,#2940);
#2942=EDGE_CURVE('',#1791,#1793,#2941,.T.);
#2943=ORIENTED_EDGE('',*,*,#2942,.T.);
#2944=DIRECTION('',(0.528067,0,0.849203));
#2945=VECTOR('',#2944,0.811434);
#2946=LINE('',#1792,#2945);
#2947=EDGE_CURVE('',#1793,#1795,#2946,.T.);
#2948=ORIENTED_EDGE('',*,*,#2947,.T.);
#2949=DIRECTION('',(0.471397,0,0.881921));
#2950=VECTOR('',#2949,0.811431);
#2951=LINE('',#1794,#2950);
#2952=EDGE_CURVE('',#1795,#1797,#2951,.T.);
#2953=ORIENTED_EDGE('',*,*,#2952,.T.);
#2954=DIRECTION('',(0.412707,0,0.910864));
#2955=VECTOR('',#2954,0.811433);
#2956=LINE('',#1796,#2955);
#2957=EDGE_CURVE('',#1797,#1799,#2956,.T.);
#2958=ORIENTED_EDGE('',*,*,#2957,.T.);
#2959=DIRECTION('',(0.35225,0,0.935906));
#2960=VECTOR('',#2959,0.811434);
#2961=LINE('',#1798,#2960);
#2962=EDGE_CURVE('',#1799,#1801,#2961,.T.);
#2963=ORIENTED_EDGE('',*,*,#2962,.T.);
#2964=DIRECTION('',(0.290284,0,0.956941));
#2965=VECTOR('',#2964,0.811433);
#2966=LINE('',#1800,#2965);
#2967=EDGE_CURVE('',#1801,#1803,#2966,.T.);
#2968=ORIENTED_EDGE('',*,*,#2967,.T.);
#2969=DIRECTION('',(0.227077,0,0.973877));
#2970=VECTOR('',#2969,0.811433);
#2971=LINE('',#1802,#2970);
#2972=EDGE_CURVE('',#1803,#1805,#2971,.T.);
#2973=ORIENTED_EDGE('',*,*,#2972,.T.);
#2974=DIRECTION('',(0.162896,0,0.986643));
#2975=VECTOR('',#2974,0.811434);
#2976=LINE('',#1804,#2975);
#2977=EDGE_CURVE('',#1805,#2071,#2976,.T.);
#2978=ORIENTED_EDGE('',*,*,#2977,.T.);
#2979=DIRECTION('',(0.098016,0,0.995185));
#2980=VECTOR('',#2979,0.811433);
#2981=LINE('',#2070,#2980);
#2982=EDGE_CURVE('',#2071,#2073,#2981,.T.);
#2983=ORIENTED_EDGE('',*,*,#2982,.T.);
#2984=DIRECTION('',(0.032719,0,0.999465));
#2985=VECTOR('',#2984,0.811433);
#2986=LINE('',#2072,#2985);
#2987=EDGE_CURVE('',#2073,#2075,#2986,.T.);
#2988=ORIENTED_EDGE('',*,*,#2987,.T.);
#2989=DIRECTION('',(-0.032719,0,0.999465));
#2990=VECTOR('',#2989,0.811433);
#2991=LINE('',#2074,#2990);
#2992=EDGE_CURVE('',#2075,#2077,#2991,.T.);
#2993=ORIENTED_EDGE('',*,*,#2992,.T.);
#2994=DIRECTION('',(-0.098016,0,0.995185));
#2995=VECTOR('',#2994,0.811433);
#2996=LINE('',#2076,#2995);
#2997=EDGE_CURVE('',#2077,#2079,#2996,.T.);
#2998=ORIENTED_EDGE('',*,*,#2997,.T.);
#2999=DIRECTION('',(-0.162896,0,0.986643));
#3000=VECTOR('',#2999,0.811432);
#3001=LINE('',#2078,#3000);
#3002=EDGE_CURVE('',#2079,#2087,#3001,.T.);
#3003=ORIENTED_EDGE('',*,*,#3002,.T.);
#3004=DIRECTION('',(-0.227076,0,0.973877));
#3005=VECTOR('',#3004,0.811435);
#3006=LINE('',#2086,#3005);
#3007=EDGE_CURVE('',#2087,#2089,#3006,.T.);
#3008=ORIENTED_EDGE('',*,*,#3007,.T.);
#3009=DIRECTION('',(-0.290284,0,0.956941));
#3010=VECTOR('',#3009,0.811433);
#3011=LINE('',#2088,#3010);
#3012=EDGE_CURVE('',#2089,#2091,#3011,.T.);
#3013=ORIENTED_EDGE('',*,*,#3012,.T.);
#3014=DIRECTION('',(0.352251,0,-0.935906));
#3015=VECTOR('',#3014,0.811432);
#3016=LINE('',#2080,#3015);
#3017=EDGE_CURVE('',#2081,#2091,#3016,.T.);
#3018=ORIENTED_EDGE('',*,*,#3017,.F.);
#3019=DIRECTION('',(-0.412707,0,0.910864));
#3020=VECTOR('',#3019,0.811433);
#3021=LINE('',#2080,#3020);
#3022=EDGE_CURVE('',#2081,#2083,#3021,.T.);
#3023=ORIENTED_EDGE('',*,*,#3022,.T.);
#3024=DIRECTION('',(-0.471396,0,0.881922));
#3025=VECTOR('',#3024,0.811433);
#3026=LINE('',#2082,#3025);
#3027=EDGE_CURVE('',#2083,#2085,#3026,.T.);
#3028=ORIENTED_EDGE('',*,*,#3027,.T.);
#3029=DIRECTION('',(-0.528067,0,0.849203));
#3030=VECTOR('',#3029,0.811434);
#3031=LINE('',#2084,#3030);
#3032=EDGE_CURVE('',#2085,#2117,#3031,.T.);
#3033=ORIENTED_EDGE('',*,*,#3032,.T.);
#3034=DIRECTION('',(-0.582478,0,0.812847));
#3035=VECTOR('',#3034,0.811433);
#3036=LINE('',#2116,#3035);
#3037=EDGE_CURVE('',#2117,#2119,#3036,.T.);
#3038=ORIENTED_EDGE('',*,*,#3037,.T.);
#3039=DIRECTION('',(0.634393,0,-0.773011));
#3040=VECTOR('',#3039,0.811434);
#3041=LINE('',#2114,#3040);
#3042=EDGE_CURVE('',#2115,#2119,#3041,.T.);
#3043=ORIENTED_EDGE('',*,*,#3042,.F.);
#3044=DIRECTION('',(-0.683593,0,0.729863));
#3045=VECTOR('',#3044,0.811434);
#3046=LINE('',#2114,#3045);
#3047=EDGE_CURVE('',#2115,#2123,#3046,.T.);
#3048=ORIENTED_EDGE('',*,*,#3047,.T.);
#3049=DIRECTION('',(0.729864,0,-0.683592));
#3050=VECTOR('',#3049,0.811433);
#3051=LINE('',#2120,#3050);
#3052=EDGE_CURVE('',#2121,#2123,#3051,.T.);
#3053=ORIENTED_EDGE('',*,*,#3052,.F.);
#3054=DIRECTION('',(0.77301,0,-0.634394));
#3055=VECTOR('',#3054,0.811434);
#3056=LINE('',#2092,#3055);
#3057=EDGE_CURVE('',#2093,#2121,#3056,.T.);
#3058=ORIENTED_EDGE('',*,*,#3057,.F.);
#3059=DIRECTION('',(-0.812847,0,0.582477));
#3060=VECTOR('',#3059,0.811433);
#3061=LINE('',#2092,#3060);
#3062=EDGE_CURVE('',#2093,#2095,#3061,.T.);
#3063=ORIENTED_EDGE('',*,*,#3062,.T.);
#3064=DIRECTION('',(-0.849202,0,0.528067));
#3065=VECTOR('',#3064,0.811433);
#3066=LINE('',#2094,#3065);
#3067=EDGE_CURVE('',#2095,#2113,#3066,.T.);
#3068=ORIENTED_EDGE('',*,*,#3067,.T.);
#3069=DIRECTION('',(0.881921,0,-0.471397));
#3070=VECTOR('',#3069,0.811433);
#3071=LINE('',#2108,#3070);
#3072=EDGE_CURVE('',#2109,#2113,#3071,.T.);
#3073=ORIENTED_EDGE('',*,*,#3072,.F.);
#3074=DIRECTION('',(0.910864,0,-0.412707));
#3075=VECTOR('',#3074,0.811433);
#3076=LINE('',#2106,#3075);
#3077=EDGE_CURVE('',#2107,#2109,#3076,.T.);
#3078=ORIENTED_EDGE('',*,*,#3077,.F.);
#3079=DIRECTION('',(-0.935906,0,0.35225));
#3080=VECTOR('',#3079,0.811433);
#3081=LINE('',#2106,#3080);
#3082=EDGE_CURVE('',#2107,#2111,#3081,.T.);
#3083=ORIENTED_EDGE('',*,*,#3082,.T.);
#3084=DIRECTION('',(0.956941,0,-0.290284));
#3085=VECTOR('',#3084,0.811433);
#3086=LINE('',#2104,#3085);
#3087=EDGE_CURVE('',#2105,#2111,#3086,.T.);
#3088=ORIENTED_EDGE('',*,*,#3087,.F.);
#3089=DIRECTION('',(0.973877,0,-0.227077));
#3090=VECTOR('',#3089,0.811433);
#3091=LINE('',#2102,#3090);
#3092=EDGE_CURVE('',#2103,#2105,#3091,.T.);
#3093=ORIENTED_EDGE('',*,*,#3092,.F.);
#3094=DIRECTION('',(0.986644,0,-0.162894));
#3095=VECTOR('',#3094,0.811433);
#3096=LINE('',#2100,#3095);
#3097=EDGE_CURVE('',#2101,#2103,#3096,.T.);
#3098=ORIENTED_EDGE('',*,*,#3097,.F.);
#3099=DIRECTION('',(0.995185,0,-0.098017));
#3100=VECTOR('',#3099,0.811433);
#3101=LINE('',#2098,#3100);
#3102=EDGE_CURVE('',#2099,#2101,#3101,.T.);
#3103=ORIENTED_EDGE('',*,*,#3102,.F.);
#3104=DIRECTION('',(0.999465,0,-0.03272));
#3105=VECTOR('',#3104,0.811433);
#3106=LINE('',#2096,#3105);
#3107=EDGE_CURVE('',#2097,#2099,#3106,.T.);
#3108=ORIENTED_EDGE('',*,*,#3107,.F.);
#3109=DIRECTION('',(0.999465,0,0.03272));
#3110=VECTOR('',#3109,0.811433);
#3111=LINE('',#1056,#3110);
#3112=EDGE_CURVE('',#1057,#2097,#3111,.T.);
#3113=ORIENTED_EDGE('',*,*,#3112,.F.);
#3114=EDGE_LOOP('',(#2638,#2643,#2648,#2653,#2658,#2663,#2668,#2673,#2678,#2683,#2688,#2693,#2698,#2703,#2708,#2713,#2718,#2723,#2728,#2733,#2738,#2743,#2748,#2753,#2758,#2763,#2768,#2773,#2778,#2783,#2788,#2793,#2798,#2803,#2808,#2813,#2818,#2823,#2828,#2833,#2838,#2843,#2848,#2853,#2858,#2863,#2868,#2873,#2878,#2883,#2888,#2893,#2898,#2903,#2908,#2913,#2918,#2923,#2928,#2933,#2938,#2943,#2948,#2953,#2958,#2963,#2968,#2973,#2978,#2983,#2988,#2993,#2998,#3003,#3008,#3013,#3018,#3023,#3028,#3033,#3038,#3043,#3048,#3053,#3058,#3063,#3068,#3073,#3078,#3083,#3088,#3093,#3098,#3103,#3108,#3113));
#3115=FACE_BOUND('',#3114,.T.);
#3116=ADVANCED_FACE('',(#2633,#3115),#2583,.T.);
#3117=DIRECTION('',(1,0,0));
#3118=DIRECTION('',(0,0,-1));
#3119=AXIS2_PLACEMENT_3D('',#1778,#3117,#3118);
#3120=PLANE('',#3119);
#3121=ORIENTED_EDGE('',*,*,#2630,.T.);
#3122=ORIENTED_EDGE('',*,*,#2545,.F.);
#3123=ORIENTED_EDGE('',*,*,#2178,.F.);
#3124=DIRECTION('',(0,1,0));
#3125=VECTOR('',#3124,68.399994);
#3126=LINE('',#1076,#3125);
#3127=EDGE_CURVE('',#1077,#1779,#3126,.T.);
#3128=ORIENTED_EDGE('',*,*,#3127,.T.);
#3129=EDGE_LOOP('',(#3121,#3122,#3123,#3128));
#3130=FACE_OUTER_BOUND('',#3129,.T.);
#3131=ADVANCED_FACE('',(#3130),#3120,.T.);
#3132=DIRECTION('',(-0,1,0));
#3133=DIRECTION('',(0,-0,1));
#3134=AXIS2_PLACEMENT_3D('',#578,#3132,#3133);
#3135=PLANE('',#3134);
#3136=DIRECTION('',(0.95694,0,0.290287));
#3137=VECTOR('',#3136,0.745995);
#3138=LINE('',#578,#3137);
#3139=EDGE_CURVE('',#579,#581,#3138,.T.);
#3140=ORIENTED_EDGE('',*,*,#3139,.T.);
#3141=DIRECTION('',(0.973877,0,0.227076));
#3142=VECTOR('',#3141,0.745995);
#3143=LINE('',#580,#3142);
#3144=EDGE_CURVE('',#581,#583,#3143,.T.);
#3145=ORIENTED_EDGE('',*,*,#3144,.T.);
#3146=DIRECTION('',(0.986643,0,0.162895));
#3147=VECTOR('',#3146,0.745995);
#3148=LINE('',#582,#3147);
#3149=EDGE_CURVE('',#583,#585,#3148,.T.);
#3150=ORIENTED_EDGE('',*,*,#3149,.T.);
#3151=DIRECTION('',(0.995185,0,0.098017));
#3152=VECTOR('',#3151,0.745995);
#3153=LINE('',#584,#3152);
#3154=EDGE_CURVE('',#585,#587,#3153,.T.);
#3155=ORIENTED_EDGE('',*,*,#3154,.T.);
#3156=DIRECTION('',(0.999465,0,0.032719));
#3157=VECTOR('',#3156,0.745995);
#3158=LINE('',#586,#3157);
#3159=EDGE_CURVE('',#587,#1629,#3158,.T.);
#3160=ORIENTED_EDGE('',*,*,#3159,.T.);
#3161=DIRECTION('',(0.999465,0,-0.032719));
#3162=VECTOR('',#3161,0.745995);
#3163=LINE('',#1628,#3162);
#3164=EDGE_CURVE('',#1629,#1631,#3163,.T.);
#3165=ORIENTED_EDGE('',*,*,#3164,.T.);
#3166=DIRECTION('',(0.995185,0,-0.098017));
#3167=VECTOR('',#3166,0.745995);
#3168=LINE('',#1630,#3167);
#3169=EDGE_CURVE('',#1631,#1633,#3168,.T.);
#3170=ORIENTED_EDGE('',*,*,#3169,.T.);
#3171=DIRECTION('',(0.986643,0,-0.162895));
#3172=VECTOR('',#3171,0.745995);
#3173=LINE('',#1632,#3172);
#3174=EDGE_CURVE('',#1633,#1635,#3173,.T.);
#3175=ORIENTED_EDGE('',*,*,#3174,.T.);
#3176=DIRECTION('',(0.973877,0,-0.227076));
#3177=VECTOR('',#3176,0.745995);
#3178=LINE('',#1634,#3177);
#3179=EDGE_CURVE('',#1635,#1637,#3178,.T.);
#3180=ORIENTED_EDGE('',*,*,#3179,.T.);
#3181=DIRECTION('',(0.95694,0,-0.290287));
#3182=VECTOR('',#3181,0.745995);
#3183=LINE('',#1636,#3182);
#3184=EDGE_CURVE('',#1637,#1639,#3183,.T.);
#3185=ORIENTED_EDGE('',*,*,#3184,.T.);
#3186=DIRECTION('',(-0.935907,0,0.352248));
#3187=VECTOR('',#3186,0.745995);
#3188=LINE('',#1616,#3187);
#3189=EDGE_CURVE('',#1617,#1639,#3188,.T.);
#3190=ORIENTED_EDGE('',*,*,#3189,.F.);
#3191=DIRECTION('',(0.910863,0,-0.412708));
#3192=VECTOR('',#3191,0.745995);
#3193=LINE('',#1616,#3192);
#3194=EDGE_CURVE('',#1617,#1621,#3193,.T.);
#3195=ORIENTED_EDGE('',*,*,#3194,.T.);
#3196=DIRECTION('',(-0.881921,0,0.471397));
#3197=VECTOR('',#3196,0.745995);
#3198=LINE('',#1618,#3197);
#3199=EDGE_CURVE('',#1619,#1621,#3198,.T.);
#3200=ORIENTED_EDGE('',*,*,#3199,.F.);
#3201=DIRECTION('',(0.849202,0,-0.528068));
#3202=VECTOR('',#3201,0.745995);
#3203=LINE('',#1618,#3202);
#3204=EDGE_CURVE('',#1619,#1623,#3203,.T.);
#3205=ORIENTED_EDGE('',*,*,#3204,.T.);
#3206=DIRECTION('',(0.812847,0,-0.582477));
#3207=VECTOR('',#3206,0.745994);
#3208=LINE('',#1622,#3207);
#3209=EDGE_CURVE('',#1623,#1627,#3208,.T.);
#3210=ORIENTED_EDGE('',*,*,#3209,.T.);
#3211=DIRECTION('',(-0.77301,0,0.634394));
#3212=VECTOR('',#3211,0.745996);
#3213=LINE('',#1624,#3212);
#3214=EDGE_CURVE('',#1625,#1627,#3213,.T.);
#3215=ORIENTED_EDGE('',*,*,#3214,.F.);
#3216=DIRECTION('',(0.729864,0,-0.683592));
#3217=VECTOR('',#3216,0.745995);
#3218=LINE('',#1624,#3217);
#3219=EDGE_CURVE('',#1625,#1645,#3218,.T.);
#3220=ORIENTED_EDGE('',*,*,#3219,.T.);
#3221=DIRECTION('',(-0.683593,0,0.729863));
#3222=VECTOR('',#3221,0.745994);
#3223=LINE('',#1642,#3222);
#3224=EDGE_CURVE('',#1643,#1645,#3223,.T.);
#3225=ORIENTED_EDGE('',*,*,#3224,.F.);
#3226=DIRECTION('',(-0.634394,0,0.77301));
#3227=VECTOR('',#3226,0.745996);
#3228=LINE('',#1640,#3227);
#3229=EDGE_CURVE('',#1641,#1643,#3228,.T.);
#3230=ORIENTED_EDGE('',*,*,#3229,.F.);
#3231=DIRECTION('',(-0.582477,0,0.812847));
#3232=VECTOR('',#3231,0.745996);
#3233=LINE('',#1576,#3232);
#3234=EDGE_CURVE('',#1577,#1641,#3233,.T.);
#3235=ORIENTED_EDGE('',*,*,#3234,.F.);
#3236=DIRECTION('',(0.528067,0,-0.849203));
#3237=VECTOR('',#3236,0.745995);
#3238=LINE('',#1576,#3237);
#3239=EDGE_CURVE('',#1577,#1583,#3238,.T.);
#3240=ORIENTED_EDGE('',*,*,#3239,.T.);
#3241=DIRECTION('',(-0.471398,0,0.881921));
#3242=VECTOR('',#3241,0.745994);
#3243=LINE('',#1580,#3242);
#3244=EDGE_CURVE('',#1581,#1583,#3243,.T.);
#3245=ORIENTED_EDGE('',*,*,#3244,.F.);
#3246=DIRECTION('',(-0.412707,0,0.910864));
#3247=VECTOR('',#3246,0.745996);
#3248=LINE('',#1578,#3247);
#3249=EDGE_CURVE('',#1579,#1581,#3248,.T.);
#3250=ORIENTED_EDGE('',*,*,#3249,.F.);
#3251=DIRECTION('',(-0.352251,0,0.935906));
#3252=VECTOR('',#3251,0.745995);
#3253=LINE('',#1574,#3252);
#3254=EDGE_CURVE('',#1575,#1579,#3253,.T.);
#3255=ORIENTED_EDGE('',*,*,#3254,.F.);
#3256=DIRECTION('',(-0.290284,0,0.95694));
#3257=VECTOR('',#3256,0.745995);
#3258=LINE('',#1572,#3257);
#3259=EDGE_CURVE('',#1573,#1575,#3258,.T.);
#3260=ORIENTED_EDGE('',*,*,#3259,.F.);
#3261=DIRECTION('',(-0.227076,0,0.973877));
#3262=VECTOR('',#3261,0.745995);
#3263=LINE('',#1570,#3262);
#3264=EDGE_CURVE('',#1571,#1573,#3263,.T.);
#3265=ORIENTED_EDGE('',*,*,#3264,.F.);
#3266=DIRECTION('',(-0.162895,0,0.986643));
#3267=VECTOR('',#3266,0.745996);
#3268=LINE('',#1556,#3267);
#3269=EDGE_CURVE('',#1557,#1571,#3268,.T.);
#3270=ORIENTED_EDGE('',*,*,#3269,.F.);
#3271=DIRECTION('',(-0.098017,0,0.995185));
#3272=VECTOR('',#3271,0.745993);
#3273=LINE('',#1554,#3272);
#3274=EDGE_CURVE('',#1555,#1557,#3273,.T.);
#3275=ORIENTED_EDGE('',*,*,#3274,.F.);
#3276=DIRECTION('',(-0.032719,0,0.999465));
#3277=VECTOR('',#3276,0.745995);
#3278=LINE('',#1544,#3277);
#3279=EDGE_CURVE('',#1545,#1555,#3278,.T.);
#3280=ORIENTED_EDGE('',*,*,#3279,.F.);
#3281=DIRECTION('',(0.032719,0,0.999465));
#3282=VECTOR('',#3281,0.745995);
#3283=LINE('',#1542,#3282);
#3284=EDGE_CURVE('',#1543,#1545,#3283,.T.);
#3285=ORIENTED_EDGE('',*,*,#3284,.F.);
#3286=DIRECTION('',(0.098017,0,0.995185));
#3287=VECTOR('',#3286,0.745995);
#3288=LINE('',#1540,#3287);
#3289=EDGE_CURVE('',#1541,#1543,#3288,.T.);
#3290=ORIENTED_EDGE('',*,*,#3289,.F.);
#3291=DIRECTION('',(0.162895,0,0.986643));
#3292=VECTOR('',#3291,0.745995);
#3293=LINE('',#1162,#3292);
#3294=EDGE_CURVE('',#1163,#1541,#3293,.T.);
#3295=ORIENTED_EDGE('',*,*,#3294,.F.);
#3296=DIRECTION('',(0.227076,0,0.973877));
#3297=VECTOR('',#3296,0.745995);
#3298=LINE('',#1160,#3297);
#3299=EDGE_CURVE('',#1161,#1163,#3298,.T.);
#3300=ORIENTED_EDGE('',*,*,#3299,.F.);
#3301=DIRECTION('',(0.290284,0,0.956941));
#3302=VECTOR('',#3301,0.745997);
#3303=LINE('',#1158,#3302);
#3304=EDGE_CURVE('',#1159,#1161,#3303,.T.);
#3305=ORIENTED_EDGE('',*,*,#3304,.F.);
#3306=DIRECTION('',(0.352251,0,0.935906));
#3307=VECTOR('',#3306,0.745995);
#3308=LINE('',#1148,#3307);
#3309=EDGE_CURVE('',#1149,#1159,#3308,.T.);
#3310=ORIENTED_EDGE('',*,*,#3309,.F.);
#3311=DIRECTION('',(0.412707,0,0.910864));
#3312=VECTOR('',#3311,0.745996);
#3313=LINE('',#1146,#3312);
#3314=EDGE_CURVE('',#1147,#1149,#3313,.T.);
#3315=ORIENTED_EDGE('',*,*,#3314,.F.);
#3316=DIRECTION('',(0.471399,0,0.88192));
#3317=VECTOR('',#3316,0.745992);
#3318=LINE('',#1144,#3317);
#3319=EDGE_CURVE('',#1145,#1147,#3318,.T.);
#3320=ORIENTED_EDGE('',*,*,#3319,.F.);
#3321=DIRECTION('',(0.528066,0,0.849204));
#3322=VECTOR('',#3321,0.745997);
#3323=LINE('',#1138,#3322);
#3324=EDGE_CURVE('',#1139,#1145,#3323,.T.);
#3325=ORIENTED_EDGE('',*,*,#3324,.F.);
#3326=DIRECTION('',(0.582477,0,0.812847));
#3327=VECTOR('',#3326,0.745996);
#3328=LINE('',#1136,#3327);
#3329=EDGE_CURVE('',#1137,#1139,#3328,.T.);
#3330=ORIENTED_EDGE('',*,*,#3329,.F.);
#3331=DIRECTION('',(0.634395,0,0.773009));
#3332=VECTOR('',#3331,0.745994);
#3333=LINE('',#1134,#3332);
#3334=EDGE_CURVE('',#1135,#1137,#3333,.T.);
#3335=ORIENTED_EDGE('',*,*,#3334,.F.);
#3336=DIRECTION('',(0.683592,0,0.729865));
#3337=VECTOR('',#3336,0.745995);
#3338=LINE('',#1132,#3337);
#3339=EDGE_CURVE('',#1133,#1135,#3338,.T.);
#3340=ORIENTED_EDGE('',*,*,#3339,.F.);
#3341=DIRECTION('',(0.729864,0,0.683592));
#3342=VECTOR('',#3341,0.745995);
#3343=LINE('',#1106,#3342);
#3344=EDGE_CURVE('',#1107,#1133,#3343,.T.);
#3345=ORIENTED_EDGE('',*,*,#3344,.F.);
#3346=DIRECTION('',(0.77301,0,0.634394));
#3347=VECTOR('',#3346,0.745996);
#3348=LINE('',#1104,#3347);
#3349=EDGE_CURVE('',#1105,#1107,#3348,.T.);
#3350=ORIENTED_EDGE('',*,*,#3349,.F.);
#3351=DIRECTION('',(0.812847,0,0.582477));
#3352=VECTOR('',#3351,0.745994);
#3353=LINE('',#1102,#3352);
#3354=EDGE_CURVE('',#1103,#1105,#3353,.T.);
#3355=ORIENTED_EDGE('',*,*,#3354,.F.);
#3356=DIRECTION('',(0.849202,0,0.528068));
#3357=VECTOR('',#3356,0.745995);
#3358=LINE('',#1100,#3357);
#3359=EDGE_CURVE('',#1101,#1103,#3358,.T.);
#3360=ORIENTED_EDGE('',*,*,#3359,.F.);
#3361=DIRECTION('',(0.881922,0,0.471395));
#3362=VECTOR('',#3361,0.745994);
#3363=LINE('',#1098,#3362);
#3364=EDGE_CURVE('',#1099,#1101,#3363,.T.);
#3365=ORIENTED_EDGE('',*,*,#3364,.F.);
#3366=DIRECTION('',(0.910862,0,0.412711));
#3367=VECTOR('',#3366,0.745996);
#3368=LINE('',#1070,#3367);
#3369=EDGE_CURVE('',#1071,#1099,#3368,.T.);
#3370=ORIENTED_EDGE('',*,*,#3369,.F.);
#3371=DIRECTION('',(0.935907,0,0.352248));
#3372=VECTOR('',#3371,0.745995);
#3373=LINE('',#1068,#3372);
#3374=EDGE_CURVE('',#1069,#1071,#3373,.T.);
#3375=ORIENTED_EDGE('',*,*,#3374,.F.);
#3376=DIRECTION('',(0.95694,0,0.290287));
#3377=VECTOR('',#3376,0.745995);
#3378=LINE('',#1066,#3377);
#3379=EDGE_CURVE('',#1067,#1069,#3378,.T.);
#3380=ORIENTED_EDGE('',*,*,#3379,.F.);
#3381=DIRECTION('',(0.973878,0,0.227073));
#3382=VECTOR('',#3381,0.745995);
#3383=LINE('',#1064,#3382);
#3384=EDGE_CURVE('',#1065,#1067,#3383,.T.);
#3385=ORIENTED_EDGE('',*,*,#3384,.F.);
#3386=DIRECTION('',(0.986643,0,0.162898));
#3387=VECTOR('',#3386,0.745995);
#3388=LINE('',#1062,#3387);
#3389=EDGE_CURVE('',#1063,#1065,#3388,.T.);
#3390=ORIENTED_EDGE('',*,*,#3389,.F.);
#3391=DIRECTION('',(0.995185,0,0.098017));
#3392=VECTOR('',#3391,0.745995);
#3393=LINE('',#1060,#3392);
#3394=EDGE_CURVE('',#1061,#1063,#3393,.T.);
#3395=ORIENTED_EDGE('',*,*,#3394,.F.);
#3396=DIRECTION('',(0.999465,0,0.032717));
#3397=VECTOR('',#3396,0.745995);
#3398=LINE('',#1058,#3397);
#3399=EDGE_CURVE('',#1059,#1061,#3398,.T.);
#3400=ORIENTED_EDGE('',*,*,#3399,.F.);
#3401=DIRECTION('',(0.999465,0,-0.032717));
#3402=VECTOR('',#3401,0.745995);
#3403=LINE('',#294,#3402);
#3404=EDGE_CURVE('',#295,#1059,#3403,.T.);
#3405=ORIENTED_EDGE('',*,*,#3404,.F.);
#3406=DIRECTION('',(0.995185,0,-0.098017));
#3407=VECTOR('',#3406,0.745995);
#3408=LINE('',#292,#3407);
#3409=EDGE_CURVE('',#293,#295,#3408,.T.);
#3410=ORIENTED_EDGE('',*,*,#3409,.F.);
#3411=DIRECTION('',(0.986643,0,-0.162898));
#3412=VECTOR('',#3411,0.745995);
#3413=LINE('',#290,#3412);
#3414=EDGE_CURVE('',#291,#293,#3413,.T.);
#3415=ORIENTED_EDGE('',*,*,#3414,.F.);
#3416=DIRECTION('',(0.973878,0,-0.227073));
#3417=VECTOR('',#3416,0.745995);
#3418=LINE('',#286,#3417);
#3419=EDGE_CURVE('',#287,#291,#3418,.T.);
#3420=ORIENTED_EDGE('',*,*,#3419,.F.);
#3421=DIRECTION('',(-0.95694,0,0.290287));
#3422=VECTOR('',#3421,0.745995);
#3423=LINE('',#286,#3422);
#3424=EDGE_CURVE('',#287,#289,#3423,.T.);
#3425=ORIENTED_EDGE('',*,*,#3424,.T.);
#3426=DIRECTION('',(0.935907,0,-0.352248));
#3427=VECTOR('',#3426,0.745995);
#3428=LINE('',#284,#3427);
#3429=EDGE_CURVE('',#285,#289,#3428,.T.);
#3430=ORIENTED_EDGE('',*,*,#3429,.F.);
#3431=DIRECTION('',(-0.910862,0,0.412711));
#3432=VECTOR('',#3431,0.745996);
#3433=LINE('',#284,#3432);
#3434=EDGE_CURVE('',#285,#335,#3433,.T.);
#3435=ORIENTED_EDGE('',*,*,#3434,.T.);
#3436=DIRECTION('',(-0.881922,0,0.471395));
#3437=VECTOR('',#3436,0.745994);
#3438=LINE('',#334,#3437);
#3439=EDGE_CURVE('',#335,#337,#3438,.T.);
#3440=ORIENTED_EDGE('',*,*,#3439,.T.);
#3441=DIRECTION('',(0.849202,0,-0.528068));
#3442=VECTOR('',#3441,0.745995);
#3443=LINE('',#328,#3442);
#3444=EDGE_CURVE('',#329,#337,#3443,.T.);
#3445=ORIENTED_EDGE('',*,*,#3444,.F.);
#3446=DIRECTION('',(-0.812847,0,0.582477));
#3447=VECTOR('',#3446,0.745994);
#3448=LINE('',#328,#3447);
#3449=EDGE_CURVE('',#329,#331,#3448,.T.);
#3450=ORIENTED_EDGE('',*,*,#3449,.T.);
#3451=DIRECTION('',(-0.77301,0,0.634394));
#3452=VECTOR('',#3451,0.745996);
#3453=LINE('',#330,#3452);
#3454=EDGE_CURVE('',#331,#333,#3453,.T.);
#3455=ORIENTED_EDGE('',*,*,#3454,.T.);
#3456=DIRECTION('',(0.729864,0,-0.683592));
#3457=VECTOR('',#3456,0.745995);
#3458=LINE('',#296,#3457);
#3459=EDGE_CURVE('',#297,#333,#3458,.T.);
#3460=ORIENTED_EDGE('',*,*,#3459,.F.);
#3461=DIRECTION('',(-0.683592,0,0.729865));
#3462=VECTOR('',#3461,0.745995);
#3463=LINE('',#296,#3462);
#3464=EDGE_CURVE('',#297,#299,#3463,.T.);
#3465=ORIENTED_EDGE('',*,*,#3464,.T.);
#3466=DIRECTION('',(-0.634395,0,0.773009));
#3467=VECTOR('',#3466,0.745994);
#3468=LINE('',#298,#3467);
#3469=EDGE_CURVE('',#299,#301,#3468,.T.);
#3470=ORIENTED_EDGE('',*,*,#3469,.T.);
#3471=DIRECTION('',(-0.582477,0,0.812847));
#3472=VECTOR('',#3471,0.745996);
#3473=LINE('',#300,#3472);
#3474=EDGE_CURVE('',#301,#303,#3473,.T.);
#3475=ORIENTED_EDGE('',*,*,#3474,.T.);
#3476=DIRECTION('',(-0.528066,0,0.849204));
#3477=VECTOR('',#3476,0.745997);
#3478=LINE('',#302,#3477);
#3479=EDGE_CURVE('',#303,#305,#3478,.T.);
#3480=ORIENTED_EDGE('',*,*,#3479,.T.);
#3481=DIRECTION('',(-0.471399,0,0.88192));
#3482=VECTOR('',#3481,0.745992);
#3483=LINE('',#304,#3482);
#3484=EDGE_CURVE('',#305,#307,#3483,.T.);
#3485=ORIENTED_EDGE('',*,*,#3484,.T.);
#3486=DIRECTION('',(-0.412707,0,0.910864));
#3487=VECTOR('',#3486,0.745996);
#3488=LINE('',#306,#3487);
#3489=EDGE_CURVE('',#307,#309,#3488,.T.);
#3490=ORIENTED_EDGE('',*,*,#3489,.T.);
#3491=DIRECTION('',(-0.352251,0,0.935906));
#3492=VECTOR('',#3491,0.745995);
#3493=LINE('',#308,#3492);
#3494=EDGE_CURVE('',#309,#315,#3493,.T.);
#3495=ORIENTED_EDGE('',*,*,#3494,.T.);
#3496=DIRECTION('',(-0.290284,0,0.956941));
#3497=VECTOR('',#3496,0.745997);
#3498=LINE('',#314,#3497);
#3499=EDGE_CURVE('',#315,#317,#3498,.T.);
#3500=ORIENTED_EDGE('',*,*,#3499,.T.);
#3501=DIRECTION('',(-0.227076,0,0.973877));
#3502=VECTOR('',#3501,0.745995);
#3503=LINE('',#316,#3502);
#3504=EDGE_CURVE('',#317,#319,#3503,.T.);
#3505=ORIENTED_EDGE('',*,*,#3504,.T.);
#3506=DIRECTION('',(-0.162895,0,0.986643));
#3507=VECTOR('',#3506,0.745995);
#3508=LINE('',#318,#3507);
#3509=EDGE_CURVE('',#319,#463,#3508,.T.);
#3510=ORIENTED_EDGE('',*,*,#3509,.T.);
#3511=DIRECTION('',(-0.098017,0,0.995185));
#3512=VECTOR('',#3511,0.745995);
#3513=LINE('',#462,#3512);
#3514=EDGE_CURVE('',#463,#465,#3513,.T.);
#3515=ORIENTED_EDGE('',*,*,#3514,.T.);
#3516=DIRECTION('',(-0.032719,0,0.999465));
#3517=VECTOR('',#3516,0.745995);
#3518=LINE('',#464,#3517);
#3519=EDGE_CURVE('',#465,#467,#3518,.T.);
#3520=ORIENTED_EDGE('',*,*,#3519,.T.);
#3521=DIRECTION('',(0.032719,0,0.999465));
#3522=VECTOR('',#3521,0.745995);
#3523=LINE('',#466,#3522);
#3524=EDGE_CURVE('',#467,#481,#3523,.T.);
#3525=ORIENTED_EDGE('',*,*,#3524,.T.);
#3526=DIRECTION('',(0.098017,0,0.995185));
#3527=VECTOR('',#3526,0.745993);
#3528=LINE('',#480,#3527);
#3529=EDGE_CURVE('',#481,#483,#3528,.T.);
#3530=ORIENTED_EDGE('',*,*,#3529,.T.);
#3531=DIRECTION('',(0.162895,0,0.986643));
#3532=VECTOR('',#3531,0.745996);
#3533=LINE('',#482,#3532);
#3534=EDGE_CURVE('',#483,#493,#3533,.T.);
#3535=ORIENTED_EDGE('',*,*,#3534,.T.);
#3536=DIRECTION('',(0.227076,0,0.973877));
#3537=VECTOR('',#3536,0.745995);
#3538=LINE('',#492,#3537);
#3539=EDGE_CURVE('',#493,#495,#3538,.T.);
#3540=ORIENTED_EDGE('',*,*,#3539,.T.);
#3541=DIRECTION('',(0.290284,0,0.95694));
#3542=VECTOR('',#3541,0.745995);
#3543=LINE('',#494,#3542);
#3544=EDGE_CURVE('',#495,#497,#3543,.T.);
#3545=ORIENTED_EDGE('',*,*,#3544,.T.);
#3546=DIRECTION('',(0.352251,0,0.935906));
#3547=VECTOR('',#3546,0.745995);
#3548=LINE('',#496,#3547);
#3549=EDGE_CURVE('',#497,#511,#3548,.T.);
#3550=ORIENTED_EDGE('',*,*,#3549,.T.);
#3551=DIRECTION('',(0.412707,0,0.910864));
#3552=VECTOR('',#3551,0.745996);
#3553=LINE('',#510,#3552);
#3554=EDGE_CURVE('',#511,#513,#3553,.T.);
#3555=ORIENTED_EDGE('',*,*,#3554,.T.);
#3556=DIRECTION('',(0.471398,0,0.881921));
#3557=VECTOR('',#3556,0.745994);
#3558=LINE('',#512,#3557);
#3559=EDGE_CURVE('',#513,#515,#3558,.T.);
#3560=ORIENTED_EDGE('',*,*,#3559,.T.);
#3561=DIRECTION('',(0.528067,0,0.849203));
#3562=VECTOR('',#3561,0.745995);
#3563=LINE('',#514,#3562);
#3564=EDGE_CURVE('',#515,#517,#3563,.T.);
#3565=ORIENTED_EDGE('',*,*,#3564,.T.);
#3566=DIRECTION('',(0.582477,0,0.812847));
#3567=VECTOR('',#3566,0.745996);
#3568=LINE('',#516,#3567);
#3569=EDGE_CURVE('',#517,#531,#3568,.T.);
#3570=ORIENTED_EDGE('',*,*,#3569,.T.);
#3571=DIRECTION('',(0.634394,0,0.77301));
#3572=VECTOR('',#3571,0.745996);
#3573=LINE('',#530,#3572);
#3574=EDGE_CURVE('',#531,#533,#3573,.T.);
#3575=ORIENTED_EDGE('',*,*,#3574,.T.);
#3576=DIRECTION('',(0.683593,0,0.729863));
#3577=VECTOR('',#3576,0.745994);
#3578=LINE('',#532,#3577);
#3579=EDGE_CURVE('',#533,#535,#3578,.T.);
#3580=ORIENTED_EDGE('',*,*,#3579,.T.);
#3581=DIRECTION('',(0.729864,0,0.683592));
#3582=VECTOR('',#3581,0.745995);
#3583=LINE('',#534,#3582);
#3584=EDGE_CURVE('',#535,#551,#3583,.T.);
#3585=ORIENTED_EDGE('',*,*,#3584,.T.);
#3586=DIRECTION('',(0.77301,0,0.634394));
#3587=VECTOR('',#3586,0.745996);
#3588=LINE('',#550,#3587);
#3589=EDGE_CURVE('',#551,#553,#3588,.T.);
#3590=ORIENTED_EDGE('',*,*,#3589,.T.);
#3591=DIRECTION('',(0.812847,0,0.582477));
#3592=VECTOR('',#3591,0.745994);
#3593=LINE('',#552,#3592);
#3594=EDGE_CURVE('',#553,#555,#3593,.T.);
#3595=ORIENTED_EDGE('',*,*,#3594,.T.);
#3596=DIRECTION('',(0.849202,0,0.528068));
#3597=VECTOR('',#3596,0.745995);
#3598=LINE('',#554,#3597);
#3599=EDGE_CURVE('',#555,#557,#3598,.T.);
#3600=ORIENTED_EDGE('',*,*,#3599,.T.);
#3601=DIRECTION('',(0.881921,0,0.471397));
#3602=VECTOR('',#3601,0.745995);
#3603=LINE('',#556,#3602);
#3604=EDGE_CURVE('',#557,#559,#3603,.T.);
#3605=ORIENTED_EDGE('',*,*,#3604,.T.);
#3606=DIRECTION('',(0.910863,0,0.412708));
#3607=VECTOR('',#3606,0.745995);
#3608=LINE('',#558,#3607);
#3609=EDGE_CURVE('',#559,#561,#3608,.T.);
#3610=ORIENTED_EDGE('',*,*,#3609,.T.);
#3611=DIRECTION('',(0.935907,0,0.352248));
#3612=VECTOR('',#3611,0.745995);
#3613=LINE('',#560,#3612);
#3614=EDGE_CURVE('',#561,#579,#3613,.T.);
#3615=ORIENTED_EDGE('',*,*,#3614,.T.);
#3616=EDGE_LOOP('',(#3140,#3145,#3150,#3155,#3160,#3165,#3170,#3175,#3180,#3185,#3190,#3195,#3200,#3205,#3210,#3215,#3220,#3225,#3230,#3235,#3240,#3245,#3250,#3255,#3260,#3265,#3270,#3275,#3280,#3285,#3290,#3295,#3300,#3305,#3310,#3315,#3320,#3325,#3330,#3335,#3340,#3345,#3350,#3355,#3360,#3365,#3370,#3375,#3380,#3385,#3390,#3395,#3400,#3405,#3410,#3415,#3420,#3425,#3430,#3435,#3440,#3445,#3450,#3455,#3460,#3465,#3470,#3475,#3480,#3485,#3490,#3495,#3500,#3505,#3510,#3515,#3520,#3525,#3530,#3535,#3540,#3545,#3550,#3555,#3560,#3565,#3570,#3575,#3580,#3585,#3590,#3595,#3600,#3605,#3610,#3615));
#3617=FACE_OUTER_BOUND('',#3616,.T.);
#3618=DIRECTION('',(0.671558,0,0.740952));
#3619=VECTOR('',#3618,0.883219);
#3620=LINE('',#1122,#3619);
#3621=EDGE_CURVE('',#1123,#1129,#3620,.T.);
#3622=ORIENTED_EDGE('',*,*,#3621,.T.);
#3623=DIRECTION('',(0.595699,0,0.803208));
#3624=VECTOR('',#3623,0.883218);
#3625=LINE('',#1128,#3624);
#3626=EDGE_CURVE('',#1129,#1131,#3625,.T.);
#3627=ORIENTED_EDGE('',*,*,#3626,.T.);
#3628=DIRECTION('',(0.514103,0,0.857728));
#3629=VECTOR('',#3628,0.883217);
#3630=LINE('',#1130,#3629);
#3631=EDGE_CURVE('',#1131,#1143,#3630,.T.);
#3632=ORIENTED_EDGE('',*,*,#3631,.T.);
#3633=DIRECTION('',(0.427555,0,0.903989));
#3634=VECTOR('',#3633,0.883218);
#3635=LINE('',#1142,#3634);
#3636=EDGE_CURVE('',#1143,#1155,#3635,.T.);
#3637=ORIENTED_EDGE('',*,*,#3636,.T.);
#3638=DIRECTION('',(0.33689,0,0.941544));
#3639=VECTOR('',#3638,0.883218);
#3640=LINE('',#1154,#3639);
#3641=EDGE_CURVE('',#1155,#1157,#3640,.T.);
#3642=ORIENTED_EDGE('',*,*,#3641,.T.);
#3643=DIRECTION('',(0.24298,0,0.970031));
#3644=VECTOR('',#3643,0.883218);
#3645=LINE('',#1156,#3644);
#3646=EDGE_CURVE('',#1157,#1535,#3645,.T.);
#3647=ORIENTED_EDGE('',*,*,#3646,.T.);
#3648=DIRECTION('',(0.14673,0,0.989177));
#3649=VECTOR('',#3648,0.883219);
#3650=LINE('',#1534,#3649);
#3651=EDGE_CURVE('',#1535,#1537,#3650,.T.);
#3652=ORIENTED_EDGE('',*,*,#3651,.T.);
#3653=DIRECTION('',(0.049068,0,0.998795));
#3654=VECTOR('',#3653,0.883218);
#3655=LINE('',#1536,#3654);
#3656=EDGE_CURVE('',#1537,#1539,#3655,.T.);
#3657=ORIENTED_EDGE('',*,*,#3656,.T.);
#3658=DIRECTION('',(-0.049068,0,0.998795));
#3659=VECTOR('',#3658,0.883218);
#3660=LINE('',#1538,#3659);
#3661=EDGE_CURVE('',#1539,#1551,#3660,.T.);
#3662=ORIENTED_EDGE('',*,*,#3661,.T.);
#3663=DIRECTION('',(-0.14673,0,0.989177));
#3664=VECTOR('',#3663,0.883217);
#3665=LINE('',#1550,#3664);
#3666=EDGE_CURVE('',#1551,#1553,#3665,.T.);
#3667=ORIENTED_EDGE('',*,*,#3666,.T.);
#3668=DIRECTION('',(-0.24298,0,0.970031));
#3669=VECTOR('',#3668,0.883219);
#3670=LINE('',#1552,#3669);
#3671=EDGE_CURVE('',#1553,#1565,#3670,.T.);
#3672=ORIENTED_EDGE('',*,*,#3671,.T.);
#3673=DIRECTION('',(-0.33689,0,0.941544));
#3674=VECTOR('',#3673,0.883218);
#3675=LINE('',#1564,#3674);
#3676=EDGE_CURVE('',#1565,#1567,#3675,.T.);
#3677=ORIENTED_EDGE('',*,*,#3676,.T.);
#3678=DIRECTION('',(-0.427555,0,0.903989));
#3679=VECTOR('',#3678,0.883218);
#3680=LINE('',#1566,#3679);
#3681=EDGE_CURVE('',#1567,#1569,#3680,.T.);
#3682=ORIENTED_EDGE('',*,*,#3681,.T.);
#3683=DIRECTION('',(0.514103,0,-0.857728));
#3684=VECTOR('',#3683,0.883217);
#3685=LINE('',#1522,#3684);
#3686=EDGE_CURVE('',#1523,#1569,#3685,.T.);
#3687=ORIENTED_EDGE('',*,*,#3686,.F.);
#3688=DIRECTION('',(-0.595699,0,0.803208));
#3689=VECTOR('',#3688,0.883218);
#3690=LINE('',#1522,#3689);
#3691=EDGE_CURVE('',#1523,#1527,#3690,.T.);
#3692=ORIENTED_EDGE('',*,*,#3691,.T.);
#3693=DIRECTION('',(0.671559,0,-0.740951));
#3694=VECTOR('',#3693,0.883218);
#3695=LINE('',#1524,#3694);
#3696=EDGE_CURVE('',#1525,#1527,#3695,.T.);
#3697=ORIENTED_EDGE('',*,*,#3696,.F.);
#3698=DIRECTION('',(-0.740951,0,0.671559));
#3699=VECTOR('',#3698,0.883219);
#3700=LINE('',#1524,#3699);
#3701=EDGE_CURVE('',#1525,#1611,#3700,.T.);
#3702=ORIENTED_EDGE('',*,*,#3701,.T.);
#3703=DIRECTION('',(-0.803207,0,0.595699));
#3704=VECTOR('',#3703,0.883218);
#3705=LINE('',#1610,#3704);
#3706=EDGE_CURVE('',#1611,#1615,#3705,.T.);
#3707=ORIENTED_EDGE('',*,*,#3706,.T.);
#3708=DIRECTION('',(0.857729,0,-0.514101));
#3709=VECTOR('',#3708,0.883218);
#3710=LINE('',#1612,#3709);
#3711=EDGE_CURVE('',#1613,#1615,#3710,.T.);
#3712=ORIENTED_EDGE('',*,*,#3711,.F.);
#3713=DIRECTION('',(0.903989,0,-0.427555));
#3714=VECTOR('',#3713,0.883218);
#3715=LINE('',#1586,#3714);
#3716=EDGE_CURVE('',#1587,#1613,#3715,.T.);
#3717=ORIENTED_EDGE('',*,*,#3716,.F.);
#3718=DIRECTION('',(-0.941544,0,0.336891));
#3719=VECTOR('',#3718,0.883218);
#3720=LINE('',#1586,#3719);
#3721=EDGE_CURVE('',#1587,#1603,#3720,.T.);
#3722=ORIENTED_EDGE('',*,*,#3721,.T.);
#3723=DIRECTION('',(0.970032,0,-0.242979));
#3724=VECTOR('',#3723,0.883218);
#3725=LINE('',#1598,#3724);
#3726=EDGE_CURVE('',#1599,#1603,#3725,.T.);
#3727=ORIENTED_EDGE('',*,*,#3726,.F.);
#3728=DIRECTION('',(0.989177,0,-0.14673));
#3729=VECTOR('',#3728,0.883218);
#3730=LINE('',#1596,#3729);
#3731=EDGE_CURVE('',#1597,#1599,#3730,.T.);
#3732=ORIENTED_EDGE('',*,*,#3731,.F.);
#3733=DIRECTION('',(0.998795,0,-0.049069));
#3734=VECTOR('',#3733,0.883218);
#3735=LINE('',#1594,#3734);
#3736=EDGE_CURVE('',#1595,#1597,#3735,.T.);
#3737=ORIENTED_EDGE('',*,*,#3736,.F.);
#3738=DIRECTION('',(0.998795,0,0.049069));
#3739=VECTOR('',#3738,0.883218);
#3740=LINE('',#576,#3739);
#3741=EDGE_CURVE('',#577,#1595,#3740,.T.);
#3742=ORIENTED_EDGE('',*,*,#3741,.F.);
#3743=DIRECTION('',(0.989177,0,0.14673));
#3744=VECTOR('',#3743,0.883218);
#3745=LINE('',#574,#3744);
#3746=EDGE_CURVE('',#575,#577,#3745,.T.);
#3747=ORIENTED_EDGE('',*,*,#3746,.F.);
#3748=DIRECTION('',(0.970032,0,0.242979));
#3749=VECTOR('',#3748,0.883218);
#3750=LINE('',#568,#3749);
#3751=EDGE_CURVE('',#569,#575,#3750,.T.);
#3752=ORIENTED_EDGE('',*,*,#3751,.F.);
#3753=DIRECTION('',(0.941544,0,0.336891));
#3754=VECTOR('',#3753,0.883218);
#3755=LINE('',#564,#3754);
#3756=EDGE_CURVE('',#565,#569,#3755,.T.);
#3757=ORIENTED_EDGE('',*,*,#3756,.F.);
#3758=DIRECTION('',(0.903989,0,0.427555));
#3759=VECTOR('',#3758,0.883218);
#3760=LINE('',#548,#3759);
#3761=EDGE_CURVE('',#549,#565,#3760,.T.);
#3762=ORIENTED_EDGE('',*,*,#3761,.F.);
#3763=DIRECTION('',(0.857729,0,0.514101));
#3764=VECTOR('',#3763,0.883218);
#3765=LINE('',#546,#3764);
#3766=EDGE_CURVE('',#547,#549,#3765,.T.);
#3767=ORIENTED_EDGE('',*,*,#3766,.F.);
#3768=DIRECTION('',(0.803207,0,0.595699));
#3769=VECTOR('',#3768,0.883218);
#3770=LINE('',#544,#3769);
#3771=EDGE_CURVE('',#545,#547,#3770,.T.);
#3772=ORIENTED_EDGE('',*,*,#3771,.F.);
#3773=DIRECTION('',(0.740951,0,0.671559));
#3774=VECTOR('',#3773,0.883219);
#3775=LINE('',#528,#3774);
#3776=EDGE_CURVE('',#529,#545,#3775,.T.);
#3777=ORIENTED_EDGE('',*,*,#3776,.F.);
#3778=DIRECTION('',(0.671559,0,0.740951));
#3779=VECTOR('',#3778,0.883218);
#3780=LINE('',#526,#3779);
#3781=EDGE_CURVE('',#527,#529,#3780,.T.);
#3782=ORIENTED_EDGE('',*,*,#3781,.F.);
#3783=DIRECTION('',(0.595699,0,0.803208));
#3784=VECTOR('',#3783,0.883218);
#3785=LINE('',#524,#3784);
#3786=EDGE_CURVE('',#525,#527,#3785,.T.);
#3787=ORIENTED_EDGE('',*,*,#3786,.F.);
#3788=DIRECTION('',(0.514103,0,0.857728));
#3789=VECTOR('',#3788,0.883217);
#3790=LINE('',#508,#3789);
#3791=EDGE_CURVE('',#509,#525,#3790,.T.);
#3792=ORIENTED_EDGE('',*,*,#3791,.F.);
#3793=DIRECTION('',(0.427555,0,0.903989));
#3794=VECTOR('',#3793,0.883218);
#3795=LINE('',#506,#3794);
#3796=EDGE_CURVE('',#507,#509,#3795,.T.);
#3797=ORIENTED_EDGE('',*,*,#3796,.F.);
#3798=DIRECTION('',(0.33689,0,0.941544));
#3799=VECTOR('',#3798,0.883218);
#3800=LINE('',#504,#3799);
#3801=EDGE_CURVE('',#505,#507,#3800,.T.);
#3802=ORIENTED_EDGE('',*,*,#3801,.F.);
#3803=DIRECTION('',(0.24298,0,0.970031));
#3804=VECTOR('',#3803,0.883219);
#3805=LINE('',#490,#3804);
#3806=EDGE_CURVE('',#491,#505,#3805,.T.);
#3807=ORIENTED_EDGE('',*,*,#3806,.F.);
#3808=DIRECTION('',(0.14673,0,0.989177));
#3809=VECTOR('',#3808,0.883217);
#3810=LINE('',#488,#3809);
#3811=EDGE_CURVE('',#489,#491,#3810,.T.);
#3812=ORIENTED_EDGE('',*,*,#3811,.F.);
#3813=DIRECTION('',(0.049068,0,0.998795));
#3814=VECTOR('',#3813,0.883218);
#3815=LINE('',#478,#3814);
#3816=EDGE_CURVE('',#479,#489,#3815,.T.);
#3817=ORIENTED_EDGE('',*,*,#3816,.F.);
#3818=DIRECTION('',(-0.049068,0,0.998795));
#3819=VECTOR('',#3818,0.883218);
#3820=LINE('',#476,#3819);
#3821=EDGE_CURVE('',#477,#479,#3820,.T.);
#3822=ORIENTED_EDGE('',*,*,#3821,.F.);
#3823=DIRECTION('',(-0.14673,0,0.989177));
#3824=VECTOR('',#3823,0.883219);
#3825=LINE('',#474,#3824);
#3826=EDGE_CURVE('',#475,#477,#3825,.T.);
#3827=ORIENTED_EDGE('',*,*,#3826,.F.);
#3828=DIRECTION('',(-0.24298,0,0.970031));
#3829=VECTOR('',#3828,0.883218);
#3830=LINE('',#326,#3829);
#3831=EDGE_CURVE('',#327,#475,#3830,.T.);
#3832=ORIENTED_EDGE('',*,*,#3831,.F.);
#3833=DIRECTION('',(-0.33689,0,0.941544));
#3834=VECTOR('',#3833,0.883218);
#3835=LINE('',#324,#3834);
#3836=EDGE_CURVE('',#325,#327,#3835,.T.);
#3837=ORIENTED_EDGE('',*,*,#3836,.F.);
#3838=DIRECTION('',(-0.427555,0,0.903989));
#3839=VECTOR('',#3838,0.883218);
#3840=LINE('',#312,#3839);
#3841=EDGE_CURVE('',#313,#325,#3840,.T.);
#3842=ORIENTED_EDGE('',*,*,#3841,.F.);
#3843=DIRECTION('',(0.514103,0,-0.857728));
#3844=VECTOR('',#3843,0.883217);
#3845=LINE('',#312,#3844);
#3846=EDGE_CURVE('',#313,#377,#3845,.T.);
#3847=ORIENTED_EDGE('',*,*,#3846,.T.);
#3848=DIRECTION('',(-0.595699,0,0.803208));
#3849=VECTOR('',#3848,0.883218);
#3850=LINE('',#374,#3849);
#3851=EDGE_CURVE('',#375,#377,#3850,.T.);
#3852=ORIENTED_EDGE('',*,*,#3851,.F.);
#3853=DIRECTION('',(-0.671558,0,0.740952));
#3854=VECTOR('',#3853,0.883219);
#3855=LINE('',#340,#3854);
#3856=EDGE_CURVE('',#341,#375,#3855,.T.);
#3857=ORIENTED_EDGE('',*,*,#3856,.F.);
#3858=DIRECTION('',(0.740952,0,-0.671558));
#3859=VECTOR('',#3858,0.883218);
#3860=LINE('',#340,#3859);
#3861=EDGE_CURVE('',#341,#353,#3860,.T.);
#3862=ORIENTED_EDGE('',*,*,#3861,.T.);
#3863=DIRECTION('',(-0.803206,0,0.595701));
#3864=VECTOR('',#3863,0.883219);
#3865=LINE('',#348,#3864);
#3866=EDGE_CURVE('',#349,#353,#3865,.T.);
#3867=ORIENTED_EDGE('',*,*,#3866,.F.);
#3868=DIRECTION('',(0.857729,0,-0.514101));
#3869=VECTOR('',#3868,0.883218);
#3870=LINE('',#348,#3869);
#3871=EDGE_CURVE('',#349,#351,#3870,.T.);
#3872=ORIENTED_EDGE('',*,*,#3871,.T.);
#3873=DIRECTION('',(0.903989,0,-0.427555));
#3874=VECTOR('',#3873,0.883218);
#3875=LINE('',#350,#3874);
#3876=EDGE_CURVE('',#351,#359,#3875,.T.);
#3877=ORIENTED_EDGE('',*,*,#3876,.T.);
#3878=DIRECTION('',(0.941544,0,-0.336889));
#3879=VECTOR('',#3878,0.883218);
#3880=LINE('',#358,#3879);
#3881=EDGE_CURVE('',#359,#361,#3880,.T.);
#3882=ORIENTED_EDGE('',*,*,#3881,.T.);
#3883=DIRECTION('',(0.970032,0,-0.242979));
#3884=VECTOR('',#3883,0.883218);
#3885=LINE('',#360,#3884);
#3886=EDGE_CURVE('',#361,#367,#3885,.T.);
#3887=ORIENTED_EDGE('',*,*,#3886,.T.);
#3888=DIRECTION('',(0.989176,0,-0.146732));
#3889=VECTOR('',#3888,0.883218);
#3890=LINE('',#366,#3889);
#3891=EDGE_CURVE('',#367,#369,#3890,.T.);
#3892=ORIENTED_EDGE('',*,*,#3891,.T.);
#3893=DIRECTION('',(0.998795,0,-0.049069));
#3894=VECTOR('',#3893,0.883218);
#3895=LINE('',#368,#3894);
#3896=EDGE_CURVE('',#369,#1085,#3895,.T.);
#3897=ORIENTED_EDGE('',*,*,#3896,.T.);
#3898=DIRECTION('',(0.998795,0,0.049069));
#3899=VECTOR('',#3898,0.883218);
#3900=LINE('',#1084,#3899);
#3901=EDGE_CURVE('',#1085,#1087,#3900,.T.);
#3902=ORIENTED_EDGE('',*,*,#3901,.T.);
#3903=DIRECTION('',(0.989176,0,0.146732));
#3904=VECTOR('',#3903,0.883218);
#3905=LINE('',#1086,#3904);
#3906=EDGE_CURVE('',#1087,#1089,#3905,.T.);
#3907=ORIENTED_EDGE('',*,*,#3906,.T.);
#3908=DIRECTION('',(0.970032,0,0.242979));
#3909=VECTOR('',#3908,0.883218);
#3910=LINE('',#1088,#3909);
#3911=EDGE_CURVE('',#1089,#1095,#3910,.T.);
#3912=ORIENTED_EDGE('',*,*,#3911,.T.);
#3913=DIRECTION('',(0.941544,0,0.336889));
#3914=VECTOR('',#3913,0.883218);
#3915=LINE('',#1094,#3914);
#3916=EDGE_CURVE('',#1095,#1097,#3915,.T.);
#3917=ORIENTED_EDGE('',*,*,#3916,.T.);
#3918=DIRECTION('',(0.903989,0,0.427555));
#3919=VECTOR('',#3918,0.883218);
#3920=LINE('',#1096,#3919);
#3921=EDGE_CURVE('',#1097,#1115,#3920,.T.);
#3922=ORIENTED_EDGE('',*,*,#3921,.T.);
#3923=DIRECTION('',(0.857729,0,0.514101));
#3924=VECTOR('',#3923,0.883218);
#3925=LINE('',#1114,#3924);
#3926=EDGE_CURVE('',#1115,#1117,#3925,.T.);
#3927=ORIENTED_EDGE('',*,*,#3926,.T.);
#3928=DIRECTION('',(0.803206,0,0.595701));
#3929=VECTOR('',#3928,0.883219);
#3930=LINE('',#1116,#3929);
#3931=EDGE_CURVE('',#1117,#1119,#3930,.T.);
#3932=ORIENTED_EDGE('',*,*,#3931,.T.);
#3933=DIRECTION('',(0.740952,0,0.671558));
#3934=VECTOR('',#3933,0.883218);
#3935=LINE('',#1118,#3934);
#3936=EDGE_CURVE('',#1119,#1123,#3935,.T.);
#3937=ORIENTED_EDGE('',*,*,#3936,.T.);
#3938=EDGE_LOOP('',(#3622,#3627,#3632,#3637,#3642,#3647,#3652,#3657,#3662,#3667,#3672,#3677,#3682,#3687,#3692,#3697,#3702,#3707,#3712,#3717,#3722,#3727,#3732,#3737,#3742,#3747,#3752,#3757,#3762,#3767,#3772,#3777,#3782,#3787,#3792,#3797,#3802,#3807,#3812,#3817,#3822,#3827,#3832,#3837,#3842,#3847,#3852,#3857,#3862,#3867,#3872,#3877,#3882,#3887,#3892,#3897,#3902,#3907,#3912,#3917,#3922,#3927,#3932,#3937));
#3939=FACE_BOUND('',#3938,.T.);
#3940=ADVANCED_FACE('',(#3617,#3939),#3135,.T.);
#3941=DIRECTION('',(0.352248,-0,0.935907));
#3942=DIRECTION('',(0,-1,-0));
#3943=AXIS2_PLACEMENT_3D('',#394,#3941,#3942);
#3944=PLANE('',#3943);
#3945=DIRECTION('',(0.935907,0,-0.352248));
#3946=VECTOR('',#3945,0.745995);
#3947=LINE('',#386,#3946);
#3948=EDGE_CURVE('',#387,#395,#3947,.T.);
#3949=ORIENTED_EDGE('',*,*,#3948,.F.);
#3950=DIRECTION('',(0,1,0));
#3951=VECTOR('',#3950,20);
#3952=LINE('',#284,#3951);
#3953=EDGE_CURVE('',#285,#387,#3952,.T.);
#3954=ORIENTED_EDGE('',*,*,#3953,.F.);
#3955=ORIENTED_EDGE('',*,*,#3429,.T.);
#3956=DIRECTION('',(0,1,0));
#3957=VECTOR('',#3956,20);
#3958=LINE('',#288,#3957);
#3959=EDGE_CURVE('',#289,#395,#3958,.T.);
#3960=ORIENTED_EDGE('',*,*,#3959,.T.);
#3961=EDGE_LOOP('',(#3949,#3954,#3955,#3960));
#3962=FACE_OUTER_BOUND('',#3961,.T.);
#3963=ADVANCED_FACE('',(#3962),#3944,.T.);
#3964=DIRECTION('',(0.412711,-0,0.910862));
#3965=DIRECTION('',(0,-1,-0));
#3966=AXIS2_PLACEMENT_3D('',#334,#3964,#3965);
#3967=PLANE('',#3966);
#3968=ORIENTED_EDGE('',*,*,#3434,.F.);
#3969=ORIENTED_EDGE('',*,*,#3953,.T.);
#3970=DIRECTION('',(-0.910862,0,0.412711));
#3971=VECTOR('',#3970,0.745996);
#3972=LINE('',#386,#3971);
#3973=EDGE_CURVE('',#387,#459,#3972,.T.);
#3974=ORIENTED_EDGE('',*,*,#3973,.T.);
#3975=DIRECTION('',(0,1,0));
#3976=VECTOR('',#3975,20);
#3977=LINE('',#334,#3976);
#3978=EDGE_CURVE('',#335,#459,#3977,.T.);
#3979=ORIENTED_EDGE('',*,*,#3978,.F.);
#3980=EDGE_LOOP('',(#3968,#3969,#3974,#3979));
#3981=FACE_OUTER_BOUND('',#3980,.T.);
#3982=ADVANCED_FACE('',(#3981),#3967,.T.);
#3983=DIRECTION('',(0.290287,-0,0.95694));
#3984=DIRECTION('',(0,-1,-0));
#3985=AXIS2_PLACEMENT_3D('',#286,#3983,#3984);
#3986=PLANE('',#3985);
#3987=DIRECTION('',(0,1,0));
#3988=VECTOR('',#3987,20);
#3989=LINE('',#286,#3988);
#3990=EDGE_CURVE('',#287,#393,#3989,.T.);
#3991=ORIENTED_EDGE('',*,*,#3990,.T.);
#3992=DIRECTION('',(-0.95694,0,0.290287));
#3993=VECTOR('',#3992,0.745995);
#3994=LINE('',#392,#3993);
#3995=EDGE_CURVE('',#393,#395,#3994,.T.);
#3996=ORIENTED_EDGE('',*,*,#3995,.T.);
#3997=ORIENTED_EDGE('',*,*,#3959,.F.);
#3998=ORIENTED_EDGE('',*,*,#3424,.F.);
#3999=EDGE_LOOP('',(#3991,#3996,#3997,#3998));
#4000=FACE_OUTER_BOUND('',#3999,.T.);
#4001=ADVANCED_FACE('',(#4000),#3986,.T.);
#4002=DIRECTION('',(0.227073,0,0.973878));
#4003=DIRECTION('',(0,-1,0));
#4004=AXIS2_PLACEMENT_3D('',#392,#4002,#4003);
#4005=PLANE('',#4004);
#4006=ORIENTED_EDGE('',*,*,#3990,.F.);
#4007=ORIENTED_EDGE('',*,*,#3419,.T.);
#4008=DIRECTION('',(0,1,0));
#4009=VECTOR('',#4008,20);
#4010=LINE('',#290,#4009);
#4011=EDGE_CURVE('',#291,#397,#4010,.T.);
#4012=ORIENTED_EDGE('',*,*,#4011,.T.);
#4013=DIRECTION('',(0.973878,0,-0.227073));
#4014=VECTOR('',#4013,0.745995);
#4015=LINE('',#392,#4014);
#4016=EDGE_CURVE('',#393,#397,#4015,.T.);
#4017=ORIENTED_EDGE('',*,*,#4016,.F.);
#4018=EDGE_LOOP('',(#4006,#4007,#4012,#4017));
#4019=FACE_OUTER_BOUND('',#4018,.T.);
#4020=ADVANCED_FACE('',(#4019),#4005,.T.);
#4021=DIRECTION('',(0.162898,-0,0.986643));
#4022=DIRECTION('',(0,-1,-0));
#4023=AXIS2_PLACEMENT_3D('',#396,#4021,#4022);
#4024=PLANE('',#4023);
#4025=ORIENTED_EDGE('',*,*,#4011,.F.);
#4026=ORIENTED_EDGE('',*,*,#3414,.T.);
#4027=DIRECTION('',(0,1,0));
#4028=VECTOR('',#4027,20);
#4029=LINE('',#292,#4028);
#4030=EDGE_CURVE('',#293,#403,#4029,.T.);
#4031=ORIENTED_EDGE('',*,*,#4030,.T.);
#4032=DIRECTION('',(0.986643,0,-0.162898));
#4033=VECTOR('',#4032,0.745995);
#4034=LINE('',#396,#4033);
#4035=EDGE_CURVE('',#397,#403,#4034,.T.);
#4036=ORIENTED_EDGE('',*,*,#4035,.F.);
#4037=EDGE_LOOP('',(#4025,#4026,#4031,#4036));
#4038=FACE_OUTER_BOUND('',#4037,.T.);
#4039=ADVANCED_FACE('',(#4038),#4024,.T.);
#4040=DIRECTION('',(0.098017,-0,0.995185));
#4041=DIRECTION('',(0,-1,-0));
#4042=AXIS2_PLACEMENT_3D('',#404,#4040,#4041);
#4043=PLANE('',#4042);
#4044=DIRECTION('',(0.995185,0,-0.098017));
#4045=VECTOR('',#4044,0.745995);
#4046=LINE('',#402,#4045);
#4047=EDGE_CURVE('',#403,#405,#4046,.T.);
#4048=ORIENTED_EDGE('',*,*,#4047,.F.);
#4049=ORIENTED_EDGE('',*,*,#4030,.F.);
#4050=ORIENTED_EDGE('',*,*,#3409,.T.);
#4051=DIRECTION('',(0,1,0));
#4052=VECTOR('',#4051,20);
#4053=LINE('',#294,#4052);
#4054=EDGE_CURVE('',#295,#405,#4053,.T.);
#4055=ORIENTED_EDGE('',*,*,#4054,.T.);
#4056=EDGE_LOOP('',(#4048,#4049,#4050,#4055));
#4057=FACE_OUTER_BOUND('',#4056,.T.);
#4058=ADVANCED_FACE('',(#4057),#4043,.T.);
#4059=DIRECTION('',(0.032717,-0,0.999465));
#4060=DIRECTION('',(0,-1,-0));
#4061=AXIS2_PLACEMENT_3D('',#1170,#4059,#4060);
#4062=PLANE('',#4061);
#4063=DIRECTION('',(0.999465,0,-0.032717));
#4064=VECTOR('',#4063,0.745995);
#4065=LINE('',#404,#4064);
#4066=EDGE_CURVE('',#405,#1171,#4065,.T.);
#4067=ORIENTED_EDGE('',*,*,#4066,.F.);
#4068=ORIENTED_EDGE('',*,*,#4054,.F.);
#4069=ORIENTED_EDGE('',*,*,#3404,.T.);
#4070=DIRECTION('',(0,1,0));
#4071=VECTOR('',#4070,20);
#4072=LINE('',#1058,#4071);
#4073=EDGE_CURVE('',#1059,#1171,#4072,.T.);
#4074=ORIENTED_EDGE('',*,*,#4073,.T.);
#4075=EDGE_LOOP('',(#4067,#4068,#4069,#4074));
#4076=FACE_OUTER_BOUND('',#4075,.T.);
#4077=ADVANCED_FACE('',(#4076),#4062,.T.);
#4078=DIRECTION('',(0.683592,0,0.729864));
#4079=DIRECTION('',(0,-1,0));
#4080=AXIS2_PLACEMENT_3D('',#332,#4078,#4079);
#4081=PLANE('',#4080);
#4082=DIRECTION('',(0,1,0));
#4083=VECTOR('',#4082,20);
#4084=LINE('',#332,#4083);
#4085=EDGE_CURVE('',#333,#457,#4084,.T.);
#4086=ORIENTED_EDGE('',*,*,#4085,.T.);
#4087=DIRECTION('',(0.729864,0,-0.683592));
#4088=VECTOR('',#4087,0.745995);
#4089=LINE('',#416,#4088);
#4090=EDGE_CURVE('',#417,#457,#4089,.T.);
#4091=ORIENTED_EDGE('',*,*,#4090,.F.);
#4092=DIRECTION('',(0,1,0));
#4093=VECTOR('',#4092,20);
#4094=LINE('',#296,#4093);
#4095=EDGE_CURVE('',#297,#417,#4094,.T.);
#4096=ORIENTED_EDGE('',*,*,#4095,.F.);
#4097=ORIENTED_EDGE('',*,*,#3459,.T.);
#4098=EDGE_LOOP('',(#4086,#4091,#4096,#4097));
#4099=FACE_OUTER_BOUND('',#4098,.T.);
#4100=ADVANCED_FACE('',(#4099),#4081,.T.);
#4101=DIRECTION('',(0.729865,-0,0.683592));
#4102=DIRECTION('',(0,-1,-0));
#4103=AXIS2_PLACEMENT_3D('',#296,#4101,#4102);
#4104=PLANE('',#4103);
#4105=ORIENTED_EDGE('',*,*,#4095,.T.);
#4106=DIRECTION('',(-0.683592,0,0.729865));
#4107=VECTOR('',#4106,0.745995);
#4108=LINE('',#416,#4107);
#4109=EDGE_CURVE('',#417,#419,#4108,.T.);
#4110=ORIENTED_EDGE('',*,*,#4109,.T.);
#4111=DIRECTION('',(0,1,0));
#4112=VECTOR('',#4111,20);
#4113=LINE('',#298,#4112);
#4114=EDGE_CURVE('',#299,#419,#4113,.T.);
#4115=ORIENTED_EDGE('',*,*,#4114,.F.);
#4116=ORIENTED_EDGE('',*,*,#3464,.F.);
#4117=EDGE_LOOP('',(#4105,#4110,#4115,#4116));
#4118=FACE_OUTER_BOUND('',#4117,.T.);
#4119=ADVANCED_FACE('',(#4118),#4104,.T.);
#4120=DIRECTION('',(0.773009,0,0.634395));
#4121=DIRECTION('',(0,-1,0));
#4122=AXIS2_PLACEMENT_3D('',#298,#4120,#4121);
#4123=PLANE('',#4122);
#4124=ORIENTED_EDGE('',*,*,#4114,.T.);
#4125=DIRECTION('',(-0.634395,0,0.773009));
#4126=VECTOR('',#4125,0.745994);
#4127=LINE('',#418,#4126);
#4128=EDGE_CURVE('',#419,#421,#4127,.T.);
#4129=ORIENTED_EDGE('',*,*,#4128,.T.);
#4130=DIRECTION('',(0,1,0));
#4131=VECTOR('',#4130,20);
#4132=LINE('',#300,#4131);
#4133=EDGE_CURVE('',#301,#421,#4132,.T.);
#4134=ORIENTED_EDGE('',*,*,#4133,.F.);
#4135=ORIENTED_EDGE('',*,*,#3469,.F.);
#4136=EDGE_LOOP('',(#4124,#4129,#4134,#4135));
#4137=FACE_OUTER_BOUND('',#4136,.T.);
#4138=ADVANCED_FACE('',(#4137),#4123,.T.);
#4139=DIRECTION('',(0.812847,-0,0.582477));
#4140=DIRECTION('',(0,-1,-0));
#4141=AXIS2_PLACEMENT_3D('',#420,#4139,#4140);
#4142=PLANE('',#4141);
#4143=DIRECTION('',(-0.582477,0,0.812847));
#4144=VECTOR('',#4143,0.745996);
#4145=LINE('',#420,#4144);
#4146=EDGE_CURVE('',#421,#423,#4145,.T.);
#4147=ORIENTED_EDGE('',*,*,#4146,.T.);
#4148=DIRECTION('',(0,1,0));
#4149=VECTOR('',#4148,20);
#4150=LINE('',#302,#4149);
#4151=EDGE_CURVE('',#303,#423,#4150,.T.);
#4152=ORIENTED_EDGE('',*,*,#4151,.F.);
#4153=ORIENTED_EDGE('',*,*,#3474,.F.);
#4154=ORIENTED_EDGE('',*,*,#4133,.T.);
#4155=EDGE_LOOP('',(#4147,#4152,#4153,#4154));
#4156=FACE_OUTER_BOUND('',#4155,.T.);
#4157=ADVANCED_FACE('',(#4156),#4142,.T.);
#4158=DIRECTION('',(0.849204,-0,0.528066));
#4159=DIRECTION('',(0,-1,-0));
#4160=AXIS2_PLACEMENT_3D('',#434,#4158,#4159);
#4161=PLANE('',#4160);
#4162=DIRECTION('',(0,1,0));
#4163=VECTOR('',#4162,20);
#4164=LINE('',#304,#4163);
#4165=EDGE_CURVE('',#305,#435,#4164,.T.);
#4166=ORIENTED_EDGE('',*,*,#4165,.F.);
#4167=ORIENTED_EDGE('',*,*,#3479,.F.);
#4168=ORIENTED_EDGE('',*,*,#4151,.T.);
#4169=DIRECTION('',(-0.528066,0,0.849204));
#4170=VECTOR('',#4169,0.745997);
#4171=LINE('',#422,#4170);
#4172=EDGE_CURVE('',#423,#435,#4171,.T.);
#4173=ORIENTED_EDGE('',*,*,#4172,.T.);
#4174=EDGE_LOOP('',(#4166,#4167,#4168,#4173));
#4175=FACE_OUTER_BOUND('',#4174,.T.);
#4176=ADVANCED_FACE('',(#4175),#4161,.T.);
#4177=DIRECTION('',(0.88192,0,0.471399));
#4178=DIRECTION('',(0,-1,0));
#4179=AXIS2_PLACEMENT_3D('',#434,#4177,#4178);
#4180=PLANE('',#4179);
#4181=DIRECTION('',(-0.471399,0,0.88192));
#4182=VECTOR('',#4181,0.745992);
#4183=LINE('',#434,#4182);
#4184=EDGE_CURVE('',#435,#439,#4183,.T.);
#4185=ORIENTED_EDGE('',*,*,#4184,.T.);
#4186=DIRECTION('',(0,1,0));
#4187=VECTOR('',#4186,20);
#4188=LINE('',#306,#4187);
#4189=EDGE_CURVE('',#307,#439,#4188,.T.);
#4190=ORIENTED_EDGE('',*,*,#4189,.F.);
#4191=ORIENTED_EDGE('',*,*,#3484,.F.);
#4192=ORIENTED_EDGE('',*,*,#4165,.T.);
#4193=EDGE_LOOP('',(#4185,#4190,#4191,#4192));
#4194=FACE_OUTER_BOUND('',#4193,.T.);
#4195=ADVANCED_FACE('',(#4194),#4180,.T.);
#4196=DIRECTION('',(0.910864,0,0.412707));
#4197=DIRECTION('',(0.412707,0,-0.910864));
#4198=AXIS2_PLACEMENT_3D('',#306,#4196,#4197);
#4199=PLANE('',#4198);
#4200=ORIENTED_EDGE('',*,*,#4189,.T.);
#4201=DIRECTION('',(-0.412707,0,0.910864));
#4202=VECTOR('',#4201,0.745996);
#4203=LINE('',#438,#4202);
#4204=EDGE_CURVE('',#439,#441,#4203,.T.);
#4205=ORIENTED_EDGE('',*,*,#4204,.T.);
#4206=DIRECTION('',(0,1,0));
#4207=VECTOR('',#4206,20);
#4208=LINE('',#308,#4207);
#4209=EDGE_CURVE('',#309,#441,#4208,.T.);
#4210=ORIENTED_EDGE('',*,*,#4209,.F.);
#4211=ORIENTED_EDGE('',*,*,#3489,.F.);
#4212=EDGE_LOOP('',(#4200,#4205,#4210,#4211));
#4213=FACE_OUTER_BOUND('',#4212,.T.);
#4214=ADVANCED_FACE('',(#4213),#4199,.T.);
#4215=DIRECTION('',(0.935906,0,0.352251));
#4216=DIRECTION('',(0.352251,0,-0.935906));
#4217=AXIS2_PLACEMENT_3D('',#308,#4215,#4216);
#4218=PLANE('',#4217);
#4219=ORIENTED_EDGE('',*,*,#4209,.T.);
#4220=DIRECTION('',(-0.352251,0,0.935906));
#4221=VECTOR('',#4220,0.745995);
#4222=LINE('',#440,#4221);
#4223=EDGE_CURVE('',#441,#443,#4222,.T.);
#4224=ORIENTED_EDGE('',*,*,#4223,.T.);
#4225=DIRECTION('',(0,1,0));
#4226=VECTOR('',#4225,20);
#4227=LINE('',#314,#4226);
#4228=EDGE_CURVE('',#315,#443,#4227,.T.);
#4229=ORIENTED_EDGE('',*,*,#4228,.F.);
#4230=ORIENTED_EDGE('',*,*,#3494,.F.);
#4231=EDGE_LOOP('',(#4219,#4224,#4229,#4230));
#4232=FACE_OUTER_BOUND('',#4231,.T.);
#4233=ADVANCED_FACE('',(#4232),#4218,.T.);
#4234=DIRECTION('',(0.956941,0,0.290284));
#4235=DIRECTION('',(0.290284,0,-0.956941));
#4236=AXIS2_PLACEMENT_3D('',#442,#4234,#4235);
#4237=PLANE('',#4236);
#4238=DIRECTION('',(-0.290284,0,0.956941));
#4239=VECTOR('',#4238,0.745997);
#4240=LINE('',#442,#4239);
#4241=EDGE_CURVE('',#443,#445,#4240,.T.);
#4242=ORIENTED_EDGE('',*,*,#4241,.T.);
#4243=DIRECTION('',(0,1,0));
#4244=VECTOR('',#4243,20);
#4245=LINE('',#316,#4244);
#4246=EDGE_CURVE('',#317,#445,#4245,.T.);
#4247=ORIENTED_EDGE('',*,*,#4246,.F.);
#4248=ORIENTED_EDGE('',*,*,#3499,.F.);
#4249=ORIENTED_EDGE('',*,*,#4228,.T.);
#4250=EDGE_LOOP('',(#4242,#4247,#4248,#4249));
#4251=FACE_OUTER_BOUND('',#4250,.T.);
#4252=ADVANCED_FACE('',(#4251),#4237,.T.);
#4253=DIRECTION('',(0.973877,-0,0.227076));
#4254=DIRECTION('',(0.227076,0,-0.973877));
#4255=AXIS2_PLACEMENT_3D('',#316,#4253,#4254);
#4256=PLANE('',#4255);
#4257=ORIENTED_EDGE('',*,*,#4246,.T.);
#4258=DIRECTION('',(-0.227076,0,0.973877));
#4259=VECTOR('',#4258,0.745995);
#4260=LINE('',#444,#4259);
#4261=EDGE_CURVE('',#445,#447,#4260,.T.);
#4262=ORIENTED_EDGE('',*,*,#4261,.T.);
#4263=DIRECTION('',(0,1,0));
#4264=VECTOR('',#4263,20);
#4265=LINE('',#318,#4264);
#4266=EDGE_CURVE('',#319,#447,#4265,.T.);
#4267=ORIENTED_EDGE('',*,*,#4266,.F.);
#4268=ORIENTED_EDGE('',*,*,#3504,.F.);
#4269=EDGE_LOOP('',(#4257,#4262,#4267,#4268));
#4270=FACE_OUTER_BOUND('',#4269,.T.);
#4271=ADVANCED_FACE('',(#4270),#4256,.T.);
#4272=DIRECTION('',(0.528068,-0,0.849202));
#4273=DIRECTION('',(0,-1,-0));
#4274=AXIS2_PLACEMENT_3D('',#452,#4272,#4273);
#4275=PLANE('',#4274);
#4276=DIRECTION('',(0,1,0));
#4277=VECTOR('',#4276,20);
#4278=LINE('',#328,#4277);
#4279=EDGE_CURVE('',#329,#453,#4278,.T.);
#4280=ORIENTED_EDGE('',*,*,#4279,.F.);
#4281=ORIENTED_EDGE('',*,*,#3444,.T.);
#4282=DIRECTION('',(0,1,0));
#4283=VECTOR('',#4282,20);
#4284=LINE('',#336,#4283);
#4285=EDGE_CURVE('',#337,#461,#4284,.T.);
#4286=ORIENTED_EDGE('',*,*,#4285,.T.);
#4287=DIRECTION('',(0.849202,0,-0.528068));
#4288=VECTOR('',#4287,0.745995);
#4289=LINE('',#452,#4288);
#4290=EDGE_CURVE('',#453,#461,#4289,.T.);
#4291=ORIENTED_EDGE('',*,*,#4290,.F.);
#4292=EDGE_LOOP('',(#4280,#4281,#4286,#4291));
#4293=FACE_OUTER_BOUND('',#4292,.T.);
#4294=ADVANCED_FACE('',(#4293),#4275,.T.);
#4295=DIRECTION('',(0.634394,-0,0.77301));
#4296=DIRECTION('',(0,-1,-0));
#4297=AXIS2_PLACEMENT_3D('',#454,#4295,#4296);
#4298=PLANE('',#4297);
#4299=DIRECTION('',(-0.77301,0,0.634394));
#4300=VECTOR('',#4299,0.745996);
#4301=LINE('',#454,#4300);
#4302=EDGE_CURVE('',#455,#457,#4301,.T.);
#4303=ORIENTED_EDGE('',*,*,#4302,.T.);
#4304=ORIENTED_EDGE('',*,*,#4085,.F.);
#4305=ORIENTED_EDGE('',*,*,#3454,.F.);
#4306=DIRECTION('',(0,1,0));
#4307=VECTOR('',#4306,20);
#4308=LINE('',#330,#4307);
#4309=EDGE_CURVE('',#331,#455,#4308,.T.);
#4310=ORIENTED_EDGE('',*,*,#4309,.T.);
#4311=EDGE_LOOP('',(#4303,#4304,#4305,#4310));
#4312=FACE_OUTER_BOUND('',#4311,.T.);
#4313=ADVANCED_FACE('',(#4312),#4298,.T.);
#4314=DIRECTION('',(0.582477,0,0.812847));
#4315=DIRECTION('',(0,-1,0));
#4316=AXIS2_PLACEMENT_3D('',#330,#4314,#4315);
#4317=PLANE('',#4316);
#4318=ORIENTED_EDGE('',*,*,#3449,.F.);
#4319=ORIENTED_EDGE('',*,*,#4279,.T.);
#4320=DIRECTION('',(-0.812847,0,0.582477));
#4321=VECTOR('',#4320,0.745994);
#4322=LINE('',#452,#4321);
#4323=EDGE_CURVE('',#453,#455,#4322,.T.);
#4324=ORIENTED_EDGE('',*,*,#4323,.T.);
#4325=ORIENTED_EDGE('',*,*,#4309,.F.);
#4326=EDGE_LOOP('',(#4318,#4319,#4324,#4325));
#4327=FACE_OUTER_BOUND('',#4326,.T.);
#4328=ADVANCED_FACE('',(#4327),#4317,.T.);
#4329=DIRECTION('',(0.471395,-0,0.881922));
#4330=DIRECTION('',(0,-1,-0));
#4331=AXIS2_PLACEMENT_3D('',#336,#4329,#4330);
#4332=PLANE('',#4331);
#4333=ORIENTED_EDGE('',*,*,#3439,.F.);
#4334=ORIENTED_EDGE('',*,*,#3978,.T.);
#4335=DIRECTION('',(-0.881922,0,0.471395));
#4336=VECTOR('',#4335,0.745994);
#4337=LINE('',#458,#4336);
#4338=EDGE_CURVE('',#459,#461,#4337,.T.);
#4339=ORIENTED_EDGE('',*,*,#4338,.T.);
#4340=ORIENTED_EDGE('',*,*,#4285,.F.);
#4341=EDGE_LOOP('',(#4333,#4334,#4339,#4340));
#4342=FACE_OUTER_BOUND('',#4341,.T.);
#4343=ADVANCED_FACE('',(#4342),#4332,.T.);
#4344=DIRECTION('',(0.986643,0,0.162895));
#4345=DIRECTION('',(0.162895,0,-0.986643));
#4346=AXIS2_PLACEMENT_3D('',#598,#4344,#4345);
#4347=PLANE('',#4346);
#4348=DIRECTION('',(0,1,0));
#4349=VECTOR('',#4348,20);
#4350=LINE('',#462,#4349);
#4351=EDGE_CURVE('',#463,#599,#4350,.T.);
#4352=ORIENTED_EDGE('',*,*,#4351,.F.);
#4353=ORIENTED_EDGE('',*,*,#3509,.F.);
#4354=ORIENTED_EDGE('',*,*,#4266,.T.);
#4355=DIRECTION('',(-0.162895,0,0.986643));
#4356=VECTOR('',#4355,0.745995);
#4357=LINE('',#446,#4356);
#4358=EDGE_CURVE('',#447,#599,#4357,.T.);
#4359=ORIENTED_EDGE('',*,*,#4358,.T.);
#4360=EDGE_LOOP('',(#4352,#4353,#4354,#4359));
#4361=FACE_OUTER_BOUND('',#4360,.T.);
#4362=ADVANCED_FACE('',(#4361),#4347,.T.);
#4363=DIRECTION('',(0.995185,0,0.098017));
#4364=DIRECTION('',(0.098017,0,-0.995185));
#4365=AXIS2_PLACEMENT_3D('',#462,#4363,#4364);
#4366=PLANE('',#4365);
#4367=ORIENTED_EDGE('',*,*,#4351,.T.);
#4368=DIRECTION('',(-0.098017,0,0.995185));
#4369=VECTOR('',#4368,0.745995);
#4370=LINE('',#598,#4369);
#4371=EDGE_CURVE('',#599,#601,#4370,.T.);
#4372=ORIENTED_EDGE('',*,*,#4371,.T.);
#4373=DIRECTION('',(0,1,0));
#4374=VECTOR('',#4373,20);
#4375=LINE('',#464,#4374);
#4376=EDGE_CURVE('',#465,#601,#4375,.T.);
#4377=ORIENTED_EDGE('',*,*,#4376,.F.);
#4378=ORIENTED_EDGE('',*,*,#3514,.F.);
#4379=EDGE_LOOP('',(#4367,#4372,#4377,#4378));
#4380=FACE_OUTER_BOUND('',#4379,.T.);
#4381=ADVANCED_FACE('',(#4380),#4366,.T.);
#4382=DIRECTION('',(0.999465,0,0.032719));
#4383=DIRECTION('',(0.032719,0,-0.999465));
#4384=AXIS2_PLACEMENT_3D('',#466,#4382,#4383);
#4385=PLANE('',#4384);
#4386=ORIENTED_EDGE('',*,*,#3519,.F.);
#4387=ORIENTED_EDGE('',*,*,#4376,.T.);
#4388=DIRECTION('',(-0.032719,0,0.999465));
#4389=VECTOR('',#4388,0.745995);
#4390=LINE('',#600,#4389);
#4391=EDGE_CURVE('',#601,#603,#4390,.T.);
#4392=ORIENTED_EDGE('',*,*,#4391,.T.);
#4393=DIRECTION('',(0,1,0));
#4394=VECTOR('',#4393,20);
#4395=LINE('',#466,#4394);
#4396=EDGE_CURVE('',#467,#603,#4395,.T.);
#4397=ORIENTED_EDGE('',*,*,#4396,.F.);
#4398=EDGE_LOOP('',(#4386,#4387,#4392,#4397));
#4399=FACE_OUTER_BOUND('',#4398,.T.);
#4400=ADVANCED_FACE('',(#4399),#4385,.T.);
#4401=DIRECTION('',(0.999465,0,-0.032719));
#4402=DIRECTION('',(-0.032719,0,-0.999465));
#4403=AXIS2_PLACEMENT_3D('',#602,#4401,#4402);
#4404=PLANE('',#4403);
#4405=DIRECTION('',(0.032719,0,0.999465));
#4406=VECTOR('',#4405,0.745995);
#4407=LINE('',#602,#4406);
#4408=EDGE_CURVE('',#603,#605,#4407,.T.);
#4409=ORIENTED_EDGE('',*,*,#4408,.T.);
#4410=DIRECTION('',(0,1,0));
#4411=VECTOR('',#4410,20);
#4412=LINE('',#480,#4411);
#4413=EDGE_CURVE('',#481,#605,#4412,.T.);
#4414=ORIENTED_EDGE('',*,*,#4413,.F.);
#4415=ORIENTED_EDGE('',*,*,#3524,.F.);
#4416=ORIENTED_EDGE('',*,*,#4396,.T.);
#4417=EDGE_LOOP('',(#4409,#4414,#4415,#4416));
#4418=FACE_OUTER_BOUND('',#4417,.T.);
#4419=ADVANCED_FACE('',(#4418),#4404,.T.);
#4420=DIRECTION('',(0.995185,0,-0.098017));
#4421=DIRECTION('',(-0.098017,0,-0.995185));
#4422=AXIS2_PLACEMENT_3D('',#606,#4420,#4421);
#4423=PLANE('',#4422);
#4424=DIRECTION('',(0,1,0));
#4425=VECTOR('',#4424,20);
#4426=LINE('',#482,#4425);
#4427=EDGE_CURVE('',#483,#607,#4426,.T.);
#4428=ORIENTED_EDGE('',*,*,#4427,.F.);
#4429=ORIENTED_EDGE('',*,*,#3529,.F.);
#4430=ORIENTED_EDGE('',*,*,#4413,.T.);
#4431=DIRECTION('',(0.098017,0,0.995185));
#4432=VECTOR('',#4431,0.745993);
#4433=LINE('',#604,#4432);
#4434=EDGE_CURVE('',#605,#607,#4433,.T.);
#4435=ORIENTED_EDGE('',*,*,#4434,.T.);
#4436=EDGE_LOOP('',(#4428,#4429,#4430,#4435));
#4437=FACE_OUTER_BOUND('',#4436,.T.);
#4438=ADVANCED_FACE('',(#4437),#4423,.T.);
#4439=DIRECTION('',(0.986643,0,-0.162895));
#4440=DIRECTION('',(-0.162895,0,-0.986643));
#4441=AXIS2_PLACEMENT_3D('',#482,#4439,#4440);
#4442=PLANE('',#4441);
#4443=ORIENTED_EDGE('',*,*,#4427,.T.);
#4444=DIRECTION('',(0.162895,0,0.986643));
#4445=VECTOR('',#4444,0.745996);
#4446=LINE('',#606,#4445);
#4447=EDGE_CURVE('',#607,#615,#4446,.T.);
#4448=ORIENTED_EDGE('',*,*,#4447,.T.);
#4449=DIRECTION('',(0,1,0));
#4450=VECTOR('',#4449,20);
#4451=LINE('',#492,#4450);
#4452=EDGE_CURVE('',#493,#615,#4451,.T.);
#4453=ORIENTED_EDGE('',*,*,#4452,.F.);
#4454=ORIENTED_EDGE('',*,*,#3534,.F.);
#4455=EDGE_LOOP('',(#4443,#4448,#4453,#4454));
#4456=FACE_OUTER_BOUND('',#4455,.T.);
#4457=ADVANCED_FACE('',(#4456),#4442,.T.);
#4458=DIRECTION('',(0.973877,0,-0.227076));
#4459=DIRECTION('',(-0.227076,0,-0.973877));
#4460=AXIS2_PLACEMENT_3D('',#614,#4458,#4459);
#4461=PLANE('',#4460);
#4462=DIRECTION('',(0.227076,0,0.973877));
#4463=VECTOR('',#4462,0.745995);
#4464=LINE('',#614,#4463);
#4465=EDGE_CURVE('',#615,#617,#4464,.T.);
#4466=ORIENTED_EDGE('',*,*,#4465,.T.);
#4467=DIRECTION('',(0,1,0));
#4468=VECTOR('',#4467,20);
#4469=LINE('',#494,#4468);
#4470=EDGE_CURVE('',#495,#617,#4469,.T.);
#4471=ORIENTED_EDGE('',*,*,#4470,.F.);
#4472=ORIENTED_EDGE('',*,*,#3539,.F.);
#4473=ORIENTED_EDGE('',*,*,#4452,.T.);
#4474=EDGE_LOOP('',(#4466,#4471,#4472,#4473));
#4475=FACE_OUTER_BOUND('',#4474,.T.);
#4476=ADVANCED_FACE('',(#4475),#4461,.T.);
#4477=DIRECTION('',(0.95694,0,-0.290284));
#4478=DIRECTION('',(-0.290284,0,-0.95694));
#4479=AXIS2_PLACEMENT_3D('',#618,#4477,#4478);
#4480=PLANE('',#4479);
#4481=DIRECTION('',(0,1,0));
#4482=VECTOR('',#4481,20);
#4483=LINE('',#496,#4482);
#4484=EDGE_CURVE('',#497,#619,#4483,.T.);
#4485=ORIENTED_EDGE('',*,*,#4484,.F.);
#4486=ORIENTED_EDGE('',*,*,#3544,.F.);
#4487=ORIENTED_EDGE('',*,*,#4470,.T.);
#4488=DIRECTION('',(0.290284,0,0.95694));
#4489=VECTOR('',#4488,0.745995);
#4490=LINE('',#616,#4489);
#4491=EDGE_CURVE('',#617,#619,#4490,.T.);
#4492=ORIENTED_EDGE('',*,*,#4491,.T.);
#4493=EDGE_LOOP('',(#4485,#4486,#4487,#4492));
#4494=FACE_OUTER_BOUND('',#4493,.T.);
#4495=ADVANCED_FACE('',(#4494),#4480,.T.);
#4496=DIRECTION('',(0.935906,0,-0.352251));
#4497=DIRECTION('',(-0.352251,0,-0.935906));
#4498=AXIS2_PLACEMENT_3D('',#510,#4496,#4497);
#4499=PLANE('',#4498);
#4500=ORIENTED_EDGE('',*,*,#3549,.F.);
#4501=ORIENTED_EDGE('',*,*,#4484,.T.);
#4502=DIRECTION('',(0.352251,0,0.935906));
#4503=VECTOR('',#4502,0.745995);
#4504=LINE('',#618,#4503);
#4505=EDGE_CURVE('',#619,#623,#4504,.T.);
#4506=ORIENTED_EDGE('',*,*,#4505,.T.);
#4507=DIRECTION('',(0,1,0));
#4508=VECTOR('',#4507,20);
#4509=LINE('',#510,#4508);
#4510=EDGE_CURVE('',#511,#623,#4509,.T.);
#4511=ORIENTED_EDGE('',*,*,#4510,.F.);
#4512=EDGE_LOOP('',(#4500,#4501,#4506,#4511));
#4513=FACE_OUTER_BOUND('',#4512,.T.);
#4514=ADVANCED_FACE('',(#4513),#4499,.T.);
#4515=DIRECTION('',(0.910864,0,-0.412707));
#4516=DIRECTION('',(-0.412707,0,-0.910864));
#4517=AXIS2_PLACEMENT_3D('',#510,#4515,#4516);
#4518=PLANE('',#4517);
#4519=ORIENTED_EDGE('',*,*,#4510,.T.);
#4520=DIRECTION('',(0.412707,0,0.910864));
#4521=VECTOR('',#4520,0.745996);
#4522=LINE('',#622,#4521);
#4523=EDGE_CURVE('',#623,#625,#4522,.T.);
#4524=ORIENTED_EDGE('',*,*,#4523,.T.);
#4525=DIRECTION('',(0,1,0));
#4526=VECTOR('',#4525,20);
#4527=LINE('',#512,#4526);
#4528=EDGE_CURVE('',#513,#625,#4527,.T.);
#4529=ORIENTED_EDGE('',*,*,#4528,.F.);
#4530=ORIENTED_EDGE('',*,*,#3554,.F.);
#4531=EDGE_LOOP('',(#4519,#4524,#4529,#4530));
#4532=FACE_OUTER_BOUND('',#4531,.T.);
#4533=ADVANCED_FACE('',(#4532),#4518,.T.);
#4534=DIRECTION('',(0.881921,0,-0.471398));
#4535=DIRECTION('',(-0,1,0));
#4536=AXIS2_PLACEMENT_3D('',#630,#4534,#4535);
#4537=PLANE('',#4536);
#4538=DIRECTION('',(0,1,0));
#4539=VECTOR('',#4538,20);
#4540=LINE('',#514,#4539);
#4541=EDGE_CURVE('',#515,#631,#4540,.T.);
#4542=ORIENTED_EDGE('',*,*,#4541,.F.);
#4543=ORIENTED_EDGE('',*,*,#3559,.F.);
#4544=ORIENTED_EDGE('',*,*,#4528,.T.);
#4545=DIRECTION('',(0.471398,0,0.881921));
#4546=VECTOR('',#4545,0.745994);
#4547=LINE('',#624,#4546);
#4548=EDGE_CURVE('',#625,#631,#4547,.T.);
#4549=ORIENTED_EDGE('',*,*,#4548,.T.);
#4550=EDGE_LOOP('',(#4542,#4543,#4544,#4549));
#4551=FACE_OUTER_BOUND('',#4550,.T.);
#4552=ADVANCED_FACE('',(#4551),#4537,.T.);
#4553=DIRECTION('',(0.849203,0,-0.528067));
#4554=DIRECTION('',(-0,1,0));
#4555=AXIS2_PLACEMENT_3D('',#514,#4553,#4554);
#4556=PLANE('',#4555);
#4557=ORIENTED_EDGE('',*,*,#4541,.T.);
#4558=DIRECTION('',(0.528067,0,0.849203));
#4559=VECTOR('',#4558,0.745995);
#4560=LINE('',#630,#4559);
#4561=EDGE_CURVE('',#631,#633,#4560,.T.);
#4562=ORIENTED_EDGE('',*,*,#4561,.T.);
#4563=DIRECTION('',(0,1,0));
#4564=VECTOR('',#4563,20);
#4565=LINE('',#516,#4564);
#4566=EDGE_CURVE('',#517,#633,#4565,.T.);
#4567=ORIENTED_EDGE('',*,*,#4566,.F.);
#4568=ORIENTED_EDGE('',*,*,#3564,.F.);
#4569=EDGE_LOOP('',(#4557,#4562,#4567,#4568));
#4570=FACE_OUTER_BOUND('',#4569,.T.);
#4571=ADVANCED_FACE('',(#4570),#4556,.T.);
#4572=DIRECTION('',(0.812847,0,-0.582477));
#4573=DIRECTION('',(-0,1,0));
#4574=AXIS2_PLACEMENT_3D('',#530,#4572,#4573);
#4575=PLANE('',#4574);
#4576=ORIENTED_EDGE('',*,*,#3569,.F.);
#4577=ORIENTED_EDGE('',*,*,#4566,.T.);
#4578=DIRECTION('',(0.582477,0,0.812847));
#4579=VECTOR('',#4578,0.745996);
#4580=LINE('',#632,#4579);
#4581=EDGE_CURVE('',#633,#639,#4580,.T.);
#4582=ORIENTED_EDGE('',*,*,#4581,.T.);
#4583=DIRECTION('',(0,1,0));
#4584=VECTOR('',#4583,20);
#4585=LINE('',#530,#4584);
#4586=EDGE_CURVE('',#531,#639,#4585,.T.);
#4587=ORIENTED_EDGE('',*,*,#4586,.F.);
#4588=EDGE_LOOP('',(#4576,#4577,#4582,#4587));
#4589=FACE_OUTER_BOUND('',#4588,.T.);
#4590=ADVANCED_FACE('',(#4589),#4575,.T.);
#4591=DIRECTION('',(0.77301,0,-0.634394));
#4592=DIRECTION('',(-0,1,0));
#4593=AXIS2_PLACEMENT_3D('',#638,#4591,#4592);
#4594=PLANE('',#4593);
#4595=DIRECTION('',(0.634394,0,0.77301));
#4596=VECTOR('',#4595,0.745996);
#4597=LINE('',#638,#4596);
#4598=EDGE_CURVE('',#639,#643,#4597,.T.);
#4599=ORIENTED_EDGE('',*,*,#4598,.T.);
#4600=DIRECTION('',(0,1,0));
#4601=VECTOR('',#4600,20);
#4602=LINE('',#532,#4601);
#4603=EDGE_CURVE('',#533,#643,#4602,.T.);
#4604=ORIENTED_EDGE('',*,*,#4603,.F.);
#4605=ORIENTED_EDGE('',*,*,#3574,.F.);
#4606=ORIENTED_EDGE('',*,*,#4586,.T.);
#4607=EDGE_LOOP('',(#4599,#4604,#4605,#4606));
#4608=FACE_OUTER_BOUND('',#4607,.T.);
#4609=ADVANCED_FACE('',(#4608),#4594,.T.);
#4610=DIRECTION('',(0.729863,0,-0.683593));
#4611=DIRECTION('',(-0,1,0));
#4612=AXIS2_PLACEMENT_3D('',#642,#4610,#4611);
#4613=PLANE('',#4612);
#4614=DIRECTION('',(0.683593,0,0.729863));
#4615=VECTOR('',#4614,0.745994);
#4616=LINE('',#642,#4615);
#4617=EDGE_CURVE('',#643,#645,#4616,.T.);
#4618=ORIENTED_EDGE('',*,*,#4617,.T.);
#4619=DIRECTION('',(0,1,0));
#4620=VECTOR('',#4619,20);
#4621=LINE('',#534,#4620);
#4622=EDGE_CURVE('',#535,#645,#4621,.T.);
#4623=ORIENTED_EDGE('',*,*,#4622,.F.);
#4624=ORIENTED_EDGE('',*,*,#3579,.F.);
#4625=ORIENTED_EDGE('',*,*,#4603,.T.);
#4626=EDGE_LOOP('',(#4618,#4623,#4624,#4625));
#4627=FACE_OUTER_BOUND('',#4626,.T.);
#4628=ADVANCED_FACE('',(#4627),#4613,.T.);
#4629=DIRECTION('',(0.683592,0,-0.729864));
#4630=DIRECTION('',(-0,1,0));
#4631=AXIS2_PLACEMENT_3D('',#550,#4629,#4630);
#4632=PLANE('',#4631);
#4633=ORIENTED_EDGE('',*,*,#3584,.F.);
#4634=ORIENTED_EDGE('',*,*,#4622,.T.);
#4635=DIRECTION('',(0.729864,0,0.683592));
#4636=VECTOR('',#4635,0.745995);
#4637=LINE('',#644,#4636);
#4638=EDGE_CURVE('',#645,#651,#4637,.T.);
#4639=ORIENTED_EDGE('',*,*,#4638,.T.);
#4640=DIRECTION('',(0,1,0));
#4641=VECTOR('',#4640,20);
#4642=LINE('',#550,#4641);
#4643=EDGE_CURVE('',#551,#651,#4642,.T.);
#4644=ORIENTED_EDGE('',*,*,#4643,.F.);
#4645=EDGE_LOOP('',(#4633,#4634,#4639,#4644));
#4646=FACE_OUTER_BOUND('',#4645,.T.);
#4647=ADVANCED_FACE('',(#4646),#4632,.T.);
#4648=DIRECTION('',(0.634394,0,-0.77301));
#4649=DIRECTION('',(-0,1,0));
#4650=AXIS2_PLACEMENT_3D('',#550,#4648,#4649);
#4651=PLANE('',#4650);
#4652=ORIENTED_EDGE('',*,*,#4643,.T.);
#4653=DIRECTION('',(0.77301,0,0.634394));
#4654=VECTOR('',#4653,0.745996);
#4655=LINE('',#650,#4654);
#4656=EDGE_CURVE('',#651,#653,#4655,.T.);
#4657=ORIENTED_EDGE('',*,*,#4656,.T.);
#4658=DIRECTION('',(0,1,0));
#4659=VECTOR('',#4658,20);
#4660=LINE('',#552,#4659);
#4661=EDGE_CURVE('',#553,#653,#4660,.T.);
#4662=ORIENTED_EDGE('',*,*,#4661,.F.);
#4663=ORIENTED_EDGE('',*,*,#3589,.F.);
#4664=EDGE_LOOP('',(#4652,#4657,#4662,#4663));
#4665=FACE_OUTER_BOUND('',#4664,.T.);
#4666=ADVANCED_FACE('',(#4665),#4651,.T.);
#4667=DIRECTION('',(0.582477,0,-0.812847));
#4668=DIRECTION('',(-0,1,0));
#4669=AXIS2_PLACEMENT_3D('',#654,#4667,#4668);
#4670=PLANE('',#4669);
#4671=DIRECTION('',(0,1,0));
#4672=VECTOR('',#4671,20);
#4673=LINE('',#554,#4672);
#4674=EDGE_CURVE('',#555,#655,#4673,.T.);
#4675=ORIENTED_EDGE('',*,*,#4674,.F.);
#4676=ORIENTED_EDGE('',*,*,#3594,.F.);
#4677=ORIENTED_EDGE('',*,*,#4661,.T.);
#4678=DIRECTION('',(0.812847,0,0.582477));
#4679=VECTOR('',#4678,0.745994);
#4680=LINE('',#652,#4679);
#4681=EDGE_CURVE('',#653,#655,#4680,.T.);
#4682=ORIENTED_EDGE('',*,*,#4681,.T.);
#4683=EDGE_LOOP('',(#4675,#4676,#4677,#4682));
#4684=FACE_OUTER_BOUND('',#4683,.T.);
#4685=ADVANCED_FACE('',(#4684),#4670,.T.);
#4686=DIRECTION('',(0.528068,0,-0.849202));
#4687=DIRECTION('',(-0,1,0));
#4688=AXIS2_PLACEMENT_3D('',#660,#4686,#4687);
#4689=PLANE('',#4688);
#4690=DIRECTION('',(0,1,0));
#4691=VECTOR('',#4690,20);
#4692=LINE('',#556,#4691);
#4693=EDGE_CURVE('',#557,#661,#4692,.T.);
#4694=ORIENTED_EDGE('',*,*,#4693,.F.);
#4695=ORIENTED_EDGE('',*,*,#3599,.F.);
#4696=ORIENTED_EDGE('',*,*,#4674,.T.);
#4697=DIRECTION('',(0.849202,0,0.528068));
#4698=VECTOR('',#4697,0.745995);
#4699=LINE('',#654,#4698);
#4700=EDGE_CURVE('',#655,#661,#4699,.T.);
#4701=ORIENTED_EDGE('',*,*,#4700,.T.);
#4702=EDGE_LOOP('',(#4694,#4695,#4696,#4701));
#4703=FACE_OUTER_BOUND('',#4702,.T.);
#4704=ADVANCED_FACE('',(#4703),#4689,.T.);
#4705=DIRECTION('',(0.471397,0,-0.881921));
#4706=DIRECTION('',(-0,1,0));
#4707=AXIS2_PLACEMENT_3D('',#660,#4705,#4706);
#4708=PLANE('',#4707);
#4709=DIRECTION('',(0.881921,0,0.471397));
#4710=VECTOR('',#4709,0.745995);
#4711=LINE('',#660,#4710);
#4712=EDGE_CURVE('',#661,#663,#4711,.T.);
#4713=ORIENTED_EDGE('',*,*,#4712,.T.);
#4714=DIRECTION('',(0,1,0));
#4715=VECTOR('',#4714,20);
#4716=LINE('',#558,#4715);
#4717=EDGE_CURVE('',#559,#663,#4716,.T.);
#4718=ORIENTED_EDGE('',*,*,#4717,.F.);
#4719=ORIENTED_EDGE('',*,*,#3604,.F.);
#4720=ORIENTED_EDGE('',*,*,#4693,.T.);
#4721=EDGE_LOOP('',(#4713,#4718,#4719,#4720));
#4722=FACE_OUTER_BOUND('',#4721,.T.);
#4723=ADVANCED_FACE('',(#4722),#4708,.T.);
#4724=DIRECTION('',(0.412708,0,-0.910863));
#4725=DIRECTION('',(-0,1,0));
#4726=AXIS2_PLACEMENT_3D('',#560,#4724,#4725);
#4727=PLANE('',#4726);
#4728=ORIENTED_EDGE('',*,*,#3609,.F.);
#4729=ORIENTED_EDGE('',*,*,#4717,.T.);
#4730=DIRECTION('',(0.910863,0,0.412708));
#4731=VECTOR('',#4730,0.745995);
#4732=LINE('',#662,#4731);
#4733=EDGE_CURVE('',#663,#665,#4732,.T.);
#4734=ORIENTED_EDGE('',*,*,#4733,.T.);
#4735=DIRECTION('',(0,1,0));
#4736=VECTOR('',#4735,20);
#4737=LINE('',#560,#4736);
#4738=EDGE_CURVE('',#561,#665,#4737,.T.);
#4739=ORIENTED_EDGE('',*,*,#4738,.F.);
#4740=EDGE_LOOP('',(#4728,#4729,#4734,#4739));
#4741=FACE_OUTER_BOUND('',#4740,.T.);
#4742=ADVANCED_FACE('',(#4741),#4727,.T.);
#4743=DIRECTION('',(0.352248,0,-0.935907));
#4744=DIRECTION('',(-0,1,0));
#4745=AXIS2_PLACEMENT_3D('',#578,#4743,#4744);
#4746=PLANE('',#4745);
#4747=ORIENTED_EDGE('',*,*,#3614,.F.);
#4748=ORIENTED_EDGE('',*,*,#4738,.T.);
#4749=DIRECTION('',(0.935907,0,0.352248));
#4750=VECTOR('',#4749,0.745995);
#4751=LINE('',#664,#4750);
#4752=EDGE_CURVE('',#665,#675,#4751,.T.);
#4753=ORIENTED_EDGE('',*,*,#4752,.T.);
#4754=DIRECTION('',(0,1,0));
#4755=VECTOR('',#4754,20);
#4756=LINE('',#578,#4755);
#4757=EDGE_CURVE('',#579,#675,#4756,.T.);
#4758=ORIENTED_EDGE('',*,*,#4757,.F.);
#4759=EDGE_LOOP('',(#4747,#4748,#4753,#4758));
#4760=FACE_OUTER_BOUND('',#4759,.T.);
#4761=ADVANCED_FACE('',(#4760),#4746,.T.);
#4762=DIRECTION('',(0.290287,0,-0.95694));
#4763=DIRECTION('',(-0,1,0));
#4764=AXIS2_PLACEMENT_3D('',#676,#4762,#4763);
#4765=PLANE('',#4764);
#4766=DIRECTION('',(0,1,0));
#4767=VECTOR('',#4766,20);
#4768=LINE('',#580,#4767);
#4769=EDGE_CURVE('',#581,#677,#4768,.T.);
#4770=ORIENTED_EDGE('',*,*,#4769,.F.);
#4771=ORIENTED_EDGE('',*,*,#3139,.F.);
#4772=ORIENTED_EDGE('',*,*,#4757,.T.);
#4773=DIRECTION('',(0.95694,0,0.290287));
#4774=VECTOR('',#4773,0.745995);
#4775=LINE('',#674,#4774);
#4776=EDGE_CURVE('',#675,#677,#4775,.T.);
#4777=ORIENTED_EDGE('',*,*,#4776,.T.);
#4778=EDGE_LOOP('',(#4770,#4771,#4772,#4777));
#4779=FACE_OUTER_BOUND('',#4778,.T.);
#4780=ADVANCED_FACE('',(#4779),#4765,.T.);
#4781=DIRECTION('',(0.227076,0,-0.973877));
#4782=DIRECTION('',(-0,1,0));
#4783=AXIS2_PLACEMENT_3D('',#582,#4781,#4782);
#4784=PLANE('',#4783);
#4785=ORIENTED_EDGE('',*,*,#3144,.F.);
#4786=ORIENTED_EDGE('',*,*,#4769,.T.);
#4787=DIRECTION('',(0.973877,0,0.227076));
#4788=VECTOR('',#4787,0.745995);
#4789=LINE('',#676,#4788);
#4790=EDGE_CURVE('',#677,#679,#4789,.T.);
#4791=ORIENTED_EDGE('',*,*,#4790,.T.);
#4792=DIRECTION('',(0,1,0));
#4793=VECTOR('',#4792,20);
#4794=LINE('',#582,#4793);
#4795=EDGE_CURVE('',#583,#679,#4794,.T.);
#4796=ORIENTED_EDGE('',*,*,#4795,.F.);
#4797=EDGE_LOOP('',(#4785,#4786,#4791,#4796));
#4798=FACE_OUTER_BOUND('',#4797,.T.);
#4799=ADVANCED_FACE('',(#4798),#4784,.T.);
#4800=DIRECTION('',(0.162895,0,-0.986643));
#4801=DIRECTION('',(-0,1,0));
#4802=AXIS2_PLACEMENT_3D('',#684,#4800,#4801);
#4803=PLANE('',#4802);
#4804=DIRECTION('',(0,1,0));
#4805=VECTOR('',#4804,20);
#4806=LINE('',#584,#4805);
#4807=EDGE_CURVE('',#585,#685,#4806,.T.);
#4808=ORIENTED_EDGE('',*,*,#4807,.F.);
#4809=ORIENTED_EDGE('',*,*,#3149,.F.);
#4810=ORIENTED_EDGE('',*,*,#4795,.T.);
#4811=DIRECTION('',(0.986643,0,0.162895));
#4812=VECTOR('',#4811,0.745995);
#4813=LINE('',#678,#4812);
#4814=EDGE_CURVE('',#679,#685,#4813,.T.);
#4815=ORIENTED_EDGE('',*,*,#4814,.T.);
#4816=EDGE_LOOP('',(#4808,#4809,#4810,#4815));
#4817=FACE_OUTER_BOUND('',#4816,.T.);
#4818=ADVANCED_FACE('',(#4817),#4803,.T.);
#4819=DIRECTION('',(0.098017,0,-0.995185));
#4820=DIRECTION('',(-0,1,0));
#4821=AXIS2_PLACEMENT_3D('',#686,#4819,#4820);
#4822=PLANE('',#4821);
#4823=DIRECTION('',(0,1,0));
#4824=VECTOR('',#4823,20);
#4825=LINE('',#586,#4824);
#4826=EDGE_CURVE('',#587,#687,#4825,.T.);
#4827=ORIENTED_EDGE('',*,*,#4826,.F.);
#4828=ORIENTED_EDGE('',*,*,#3154,.F.);
#4829=ORIENTED_EDGE('',*,*,#4807,.T.);
#4830=DIRECTION('',(0.995185,0,0.098017));
#4831=VECTOR('',#4830,0.745995);
#4832=LINE('',#684,#4831);
#4833=EDGE_CURVE('',#685,#687,#4832,.T.);
#4834=ORIENTED_EDGE('',*,*,#4833,.T.);
#4835=EDGE_LOOP('',(#4827,#4828,#4829,#4834));
#4836=FACE_OUTER_BOUND('',#4835,.T.);
#4837=ADVANCED_FACE('',(#4836),#4822,.T.);
#4838=DIRECTION('',(0.032719,0,-0.999465));
#4839=DIRECTION('',(-0,1,0));
#4840=AXIS2_PLACEMENT_3D('',#1710,#4838,#4839);
#4841=PLANE('',#4840);
#4842=DIRECTION('',(0,1,0));
#4843=VECTOR('',#4842,20);
#4844=LINE('',#1628,#4843);
#4845=EDGE_CURVE('',#1629,#1711,#4844,.T.);
#4846=ORIENTED_EDGE('',*,*,#4845,.F.);
#4847=ORIENTED_EDGE('',*,*,#3159,.F.);
#4848=ORIENTED_EDGE('',*,*,#4826,.T.);
#4849=DIRECTION('',(0.999465,0,0.032719));
#4850=VECTOR('',#4849,0.745995);
#4851=LINE('',#686,#4850);
#4852=EDGE_CURVE('',#687,#1711,#4851,.T.);
#4853=ORIENTED_EDGE('',*,*,#4852,.T.);
#4854=EDGE_LOOP('',(#4846,#4847,#4848,#4853));
#4855=FACE_OUTER_BOUND('',#4854,.T.);
#4856=ADVANCED_FACE('',(#4855),#4841,.T.);
#4857=DIRECTION('',(-0.032717,0,0.999465));
#4858=DIRECTION('',(0,-1,0));
#4859=AXIS2_PLACEMENT_3D('',#1060,#4857,#4858);
#4860=PLANE('',#4859);
#4861=DIRECTION('',(0,1,0));
#4862=VECTOR('',#4861,20);
#4863=LINE('',#1060,#4862);
#4864=EDGE_CURVE('',#1061,#1173,#4863,.T.);
#4865=ORIENTED_EDGE('',*,*,#4864,.T.);
#4866=DIRECTION('',(0.999465,0,0.032717));
#4867=VECTOR('',#4866,0.745995);
#4868=LINE('',#1170,#4867);
#4869=EDGE_CURVE('',#1171,#1173,#4868,.T.);
#4870=ORIENTED_EDGE('',*,*,#4869,.F.);
#4871=ORIENTED_EDGE('',*,*,#4073,.F.);
#4872=ORIENTED_EDGE('',*,*,#3399,.T.);
#4873=EDGE_LOOP('',(#4865,#4870,#4871,#4872));
#4874=FACE_OUTER_BOUND('',#4873,.T.);
#4875=ADVANCED_FACE('',(#4874),#4860,.T.);
#4876=DIRECTION('',(-0.098017,0,0.995185));
#4877=DIRECTION('',(0,-1,0));
#4878=AXIS2_PLACEMENT_3D('',#1174,#4876,#4877);
#4879=PLANE('',#4878);
#4880=DIRECTION('',(0.995185,0,0.098017));
#4881=VECTOR('',#4880,0.745995);
#4882=LINE('',#1172,#4881);
#4883=EDGE_CURVE('',#1173,#1175,#4882,.T.);
#4884=ORIENTED_EDGE('',*,*,#4883,.F.);
#4885=ORIENTED_EDGE('',*,*,#4864,.F.);
#4886=ORIENTED_EDGE('',*,*,#3394,.T.);
#4887=DIRECTION('',(0,1,0));
#4888=VECTOR('',#4887,20);
#4889=LINE('',#1062,#4888);
#4890=EDGE_CURVE('',#1063,#1175,#4889,.T.);
#4891=ORIENTED_EDGE('',*,*,#4890,.T.);
#4892=EDGE_LOOP('',(#4884,#4885,#4886,#4891));
#4893=FACE_OUTER_BOUND('',#4892,.T.);
#4894=ADVANCED_FACE('',(#4893),#4879,.T.);
#4895=DIRECTION('',(-0.162898,0,0.986643));
#4896=DIRECTION('',(0,-1,0));
#4897=AXIS2_PLACEMENT_3D('',#1180,#4895,#4896);
#4898=PLANE('',#4897);
#4899=DIRECTION('',(0.986643,0,0.162898));
#4900=VECTOR('',#4899,0.745995);
#4901=LINE('',#1174,#4900);
#4902=EDGE_CURVE('',#1175,#1181,#4901,.T.);
#4903=ORIENTED_EDGE('',*,*,#4902,.F.);
#4904=ORIENTED_EDGE('',*,*,#4890,.F.);
#4905=ORIENTED_EDGE('',*,*,#3389,.T.);
#4906=DIRECTION('',(0,1,0));
#4907=VECTOR('',#4906,20);
#4908=LINE('',#1064,#4907);
#4909=EDGE_CURVE('',#1065,#1181,#4908,.T.);
#4910=ORIENTED_EDGE('',*,*,#4909,.T.);
#4911=EDGE_LOOP('',(#4903,#4904,#4905,#4910));
#4912=FACE_OUTER_BOUND('',#4911,.T.);
#4913=ADVANCED_FACE('',(#4912),#4898,.T.);
#4914=DIRECTION('',(-0.227073,0,0.973878));
#4915=DIRECTION('',(0,-1,0));
#4916=AXIS2_PLACEMENT_3D('',#1182,#4914,#4915);
#4917=PLANE('',#4916);
#4918=DIRECTION('',(0.973878,0,0.227073));
#4919=VECTOR('',#4918,0.745995);
#4920=LINE('',#1180,#4919);
#4921=EDGE_CURVE('',#1181,#1183,#4920,.T.);
#4922=ORIENTED_EDGE('',*,*,#4921,.F.);
#4923=ORIENTED_EDGE('',*,*,#4909,.F.);
#4924=ORIENTED_EDGE('',*,*,#3384,.T.);
#4925=DIRECTION('',(0,1,0));
#4926=VECTOR('',#4925,20);
#4927=LINE('',#1066,#4926);
#4928=EDGE_CURVE('',#1067,#1183,#4927,.T.);
#4929=ORIENTED_EDGE('',*,*,#4928,.T.);
#4930=EDGE_LOOP('',(#4922,#4923,#4924,#4929));
#4931=FACE_OUTER_BOUND('',#4930,.T.);
#4932=ADVANCED_FACE('',(#4931),#4917,.T.);
#4933=DIRECTION('',(-0.290287,0,0.95694));
#4934=DIRECTION('',(0,-1,0));
#4935=AXIS2_PLACEMENT_3D('',#1068,#4933,#4934);
#4936=PLANE('',#4935);
#4937=DIRECTION('',(0,1,0));
#4938=VECTOR('',#4937,20);
#4939=LINE('',#1068,#4938);
#4940=EDGE_CURVE('',#1069,#1185,#4939,.T.);
#4941=ORIENTED_EDGE('',*,*,#4940,.T.);
#4942=DIRECTION('',(0.95694,0,0.290287));
#4943=VECTOR('',#4942,0.745995);
#4944=LINE('',#1182,#4943);
#4945=EDGE_CURVE('',#1183,#1185,#4944,.T.);
#4946=ORIENTED_EDGE('',*,*,#4945,.F.);
#4947=ORIENTED_EDGE('',*,*,#4928,.F.);
#4948=ORIENTED_EDGE('',*,*,#3379,.T.);
#4949=EDGE_LOOP('',(#4941,#4946,#4947,#4948));
#4950=FACE_OUTER_BOUND('',#4949,.T.);
#4951=ADVANCED_FACE('',(#4950),#4936,.T.);
#4952=DIRECTION('',(-0.352248,0,0.935907));
#4953=DIRECTION('',(0,-1,0));
#4954=AXIS2_PLACEMENT_3D('',#1070,#4952,#4953);
#4955=PLANE('',#4954);
#4956=DIRECTION('',(0,1,0));
#4957=VECTOR('',#4956,20);
#4958=LINE('',#1070,#4957);
#4959=EDGE_CURVE('',#1071,#1191,#4958,.T.);
#4960=ORIENTED_EDGE('',*,*,#4959,.T.);
#4961=DIRECTION('',(0.935907,0,0.352248));
#4962=VECTOR('',#4961,0.745995);
#4963=LINE('',#1184,#4962);
#4964=EDGE_CURVE('',#1185,#1191,#4963,.T.);
#4965=ORIENTED_EDGE('',*,*,#4964,.F.);
#4966=ORIENTED_EDGE('',*,*,#4940,.F.);
#4967=ORIENTED_EDGE('',*,*,#3374,.T.);
#4968=EDGE_LOOP('',(#4960,#4965,#4966,#4967));
#4969=FACE_OUTER_BOUND('',#4968,.T.);
#4970=ADVANCED_FACE('',(#4969),#4955,.T.);
#4971=DIRECTION('',(-0.412711,0,0.910862));
#4972=DIRECTION('',(0,-1,0));
#4973=AXIS2_PLACEMENT_3D('',#1196,#4971,#4972);
#4974=PLANE('',#4973);
#4975=DIRECTION('',(0.910862,0,0.412711));
#4976=VECTOR('',#4975,0.745996);
#4977=LINE('',#1190,#4976);
#4978=EDGE_CURVE('',#1191,#1197,#4977,.T.);
#4979=ORIENTED_EDGE('',*,*,#4978,.F.);
#4980=ORIENTED_EDGE('',*,*,#4959,.F.);
#4981=ORIENTED_EDGE('',*,*,#3369,.T.);
#4982=DIRECTION('',(0,1,0));
#4983=VECTOR('',#4982,20);
#4984=LINE('',#1098,#4983);
#4985=EDGE_CURVE('',#1099,#1197,#4984,.T.);
#4986=ORIENTED_EDGE('',*,*,#4985,.T.);
#4987=EDGE_LOOP('',(#4979,#4980,#4981,#4986));
#4988=FACE_OUTER_BOUND('',#4987,.T.);
#4989=ADVANCED_FACE('',(#4988),#4974,.T.);
#4990=DIRECTION('',(-0.471395,0,0.881922));
#4991=DIRECTION('',(0,-1,0));
#4992=AXIS2_PLACEMENT_3D('',#1100,#4990,#4991);
#4993=PLANE('',#4992);
#4994=DIRECTION('',(0,1,0));
#4995=VECTOR('',#4994,20);
#4996=LINE('',#1100,#4995);
#4997=EDGE_CURVE('',#1101,#1199,#4996,.T.);
#4998=ORIENTED_EDGE('',*,*,#4997,.T.);
#4999=DIRECTION('',(0.881922,0,0.471395));
#5000=VECTOR('',#4999,0.745994);
#5001=LINE('',#1196,#5000);
#5002=EDGE_CURVE('',#1197,#1199,#5001,.T.);
#5003=ORIENTED_EDGE('',*,*,#5002,.F.);
#5004=ORIENTED_EDGE('',*,*,#4985,.F.);
#5005=ORIENTED_EDGE('',*,*,#3364,.T.);
#5006=EDGE_LOOP('',(#4998,#5003,#5004,#5005));
#5007=FACE_OUTER_BOUND('',#5006,.T.);
#5008=ADVANCED_FACE('',(#5007),#4993,.T.);
#5009=DIRECTION('',(-0.528068,0,0.849202));
#5010=DIRECTION('',(0,-1,0));
#5011=AXIS2_PLACEMENT_3D('',#1200,#5009,#5010);
#5012=PLANE('',#5011);
#5013=DIRECTION('',(0.849202,0,0.528068));
#5014=VECTOR('',#5013,0.745995);
#5015=LINE('',#1198,#5014);
#5016=EDGE_CURVE('',#1199,#1201,#5015,.T.);
#5017=ORIENTED_EDGE('',*,*,#5016,.F.);
#5018=ORIENTED_EDGE('',*,*,#4997,.F.);
#5019=ORIENTED_EDGE('',*,*,#3359,.T.);
#5020=DIRECTION('',(0,1,0));
#5021=VECTOR('',#5020,20);
#5022=LINE('',#1102,#5021);
#5023=EDGE_CURVE('',#1103,#1201,#5022,.T.);
#5024=ORIENTED_EDGE('',*,*,#5023,.T.);
#5025=EDGE_LOOP('',(#5017,#5018,#5019,#5024));
#5026=FACE_OUTER_BOUND('',#5025,.T.);
#5027=ADVANCED_FACE('',(#5026),#5012,.T.);
#5028=DIRECTION('',(-0.582477,0,0.812847));
#5029=DIRECTION('',(0,-1,0));
#5030=AXIS2_PLACEMENT_3D('',#1104,#5028,#5029);
#5031=PLANE('',#5030);
#5032=DIRECTION('',(0,1,0));
#5033=VECTOR('',#5032,20);
#5034=LINE('',#1104,#5033);
#5035=EDGE_CURVE('',#1105,#1207,#5034,.T.);
#5036=ORIENTED_EDGE('',*,*,#5035,.T.);
#5037=DIRECTION('',(0.812847,0,0.582477));
#5038=VECTOR('',#5037,0.745994);
#5039=LINE('',#1200,#5038);
#5040=EDGE_CURVE('',#1201,#1207,#5039,.T.);
#5041=ORIENTED_EDGE('',*,*,#5040,.F.);
#5042=ORIENTED_EDGE('',*,*,#5023,.F.);
#5043=ORIENTED_EDGE('',*,*,#3354,.T.);
#5044=EDGE_LOOP('',(#5036,#5041,#5042,#5043));
#5045=FACE_OUTER_BOUND('',#5044,.T.);
#5046=ADVANCED_FACE('',(#5045),#5031,.T.);
#5047=DIRECTION('',(-0.634394,0,0.77301));
#5048=DIRECTION('',(0,-1,0));
#5049=AXIS2_PLACEMENT_3D('',#1208,#5047,#5048);
#5050=PLANE('',#5049);
#5051=DIRECTION('',(0.77301,0,0.634394));
#5052=VECTOR('',#5051,0.745996);
#5053=LINE('',#1206,#5052);
#5054=EDGE_CURVE('',#1207,#1209,#5053,.T.);
#5055=ORIENTED_EDGE('',*,*,#5054,.F.);
#5056=ORIENTED_EDGE('',*,*,#5035,.F.);
#5057=ORIENTED_EDGE('',*,*,#3349,.T.);
#5058=DIRECTION('',(0,1,0));
#5059=VECTOR('',#5058,20);
#5060=LINE('',#1106,#5059);
#5061=EDGE_CURVE('',#1107,#1209,#5060,.T.);
#5062=ORIENTED_EDGE('',*,*,#5061,.T.);
#5063=EDGE_LOOP('',(#5055,#5056,#5057,#5062));
#5064=FACE_OUTER_BOUND('',#5063,.T.);
#5065=ADVANCED_FACE('',(#5064),#5050,.T.);
#5066=DIRECTION('',(-0.683592,0,0.729864));
#5067=DIRECTION('',(0,-1,0));
#5068=AXIS2_PLACEMENT_3D('',#1106,#5066,#5067);
#5069=PLANE('',#5068);
#5070=ORIENTED_EDGE('',*,*,#3344,.T.);
#5071=DIRECTION('',(0,1,0));
#5072=VECTOR('',#5071,20);
#5073=LINE('',#1132,#5072);
#5074=EDGE_CURVE('',#1133,#1215,#5073,.T.);
#5075=ORIENTED_EDGE('',*,*,#5074,.T.);
#5076=DIRECTION('',(0.729864,0,0.683592));
#5077=VECTOR('',#5076,0.745995);
#5078=LINE('',#1208,#5077);
#5079=EDGE_CURVE('',#1209,#1215,#5078,.T.);
#5080=ORIENTED_EDGE('',*,*,#5079,.F.);
#5081=ORIENTED_EDGE('',*,*,#5061,.F.);
#5082=EDGE_LOOP('',(#5070,#5075,#5080,#5081));
#5083=FACE_OUTER_BOUND('',#5082,.T.);
#5084=ADVANCED_FACE('',(#5083),#5069,.T.);
#5085=DIRECTION('',(-0.729865,0,0.683592));
#5086=DIRECTION('',(0,-1,0));
#5087=AXIS2_PLACEMENT_3D('',#1134,#5085,#5086);
#5088=PLANE('',#5087);
#5089=DIRECTION('',(0,1,0));
#5090=VECTOR('',#5089,20);
#5091=LINE('',#1134,#5090);
#5092=EDGE_CURVE('',#1135,#1217,#5091,.T.);
#5093=ORIENTED_EDGE('',*,*,#5092,.T.);
#5094=DIRECTION('',(0.683592,0,0.729865));
#5095=VECTOR('',#5094,0.745995);
#5096=LINE('',#1214,#5095);
#5097=EDGE_CURVE('',#1215,#1217,#5096,.T.);
#5098=ORIENTED_EDGE('',*,*,#5097,.F.);
#5099=ORIENTED_EDGE('',*,*,#5074,.F.);
#5100=ORIENTED_EDGE('',*,*,#3339,.T.);
#5101=EDGE_LOOP('',(#5093,#5098,#5099,#5100));
#5102=FACE_OUTER_BOUND('',#5101,.T.);
#5103=ADVANCED_FACE('',(#5102),#5088,.T.);
#5104=DIRECTION('',(-0.773009,0,0.634395));
#5105=DIRECTION('',(0,-1,0));
#5106=AXIS2_PLACEMENT_3D('',#1216,#5104,#5105);
#5107=PLANE('',#5106);
#5108=ORIENTED_EDGE('',*,*,#5092,.F.);
#5109=ORIENTED_EDGE('',*,*,#3334,.T.);
#5110=DIRECTION('',(0,1,0));
#5111=VECTOR('',#5110,20);
#5112=LINE('',#1136,#5111);
#5113=EDGE_CURVE('',#1137,#1221,#5112,.T.);
#5114=ORIENTED_EDGE('',*,*,#5113,.T.);
#5115=DIRECTION('',(0.634395,0,0.773009));
#5116=VECTOR('',#5115,0.745994);
#5117=LINE('',#1216,#5116);
#5118=EDGE_CURVE('',#1217,#1221,#5117,.T.);
#5119=ORIENTED_EDGE('',*,*,#5118,.F.);
#5120=EDGE_LOOP('',(#5108,#5109,#5114,#5119));
#5121=FACE_OUTER_BOUND('',#5120,.T.);
#5122=ADVANCED_FACE('',(#5121),#5107,.T.);
#5123=DIRECTION('',(-0.812847,0,0.582477));
#5124=DIRECTION('',(0,-1,0));
#5125=AXIS2_PLACEMENT_3D('',#1222,#5123,#5124);
#5126=PLANE('',#5125);
#5127=DIRECTION('',(0.582477,0,0.812847));
#5128=VECTOR('',#5127,0.745996);
#5129=LINE('',#1220,#5128);
#5130=EDGE_CURVE('',#1221,#1223,#5129,.T.);
#5131=ORIENTED_EDGE('',*,*,#5130,.F.);
#5132=ORIENTED_EDGE('',*,*,#5113,.F.);
#5133=ORIENTED_EDGE('',*,*,#3329,.T.);
#5134=DIRECTION('',(0,1,0));
#5135=VECTOR('',#5134,20);
#5136=LINE('',#1138,#5135);
#5137=EDGE_CURVE('',#1139,#1223,#5136,.T.);
#5138=ORIENTED_EDGE('',*,*,#5137,.T.);
#5139=EDGE_LOOP('',(#5131,#5132,#5133,#5138));
#5140=FACE_OUTER_BOUND('',#5139,.T.);
#5141=ADVANCED_FACE('',(#5140),#5126,.T.);
#5142=DIRECTION('',(-0.849204,0,0.528066));
#5143=DIRECTION('',(0,-1,0));
#5144=AXIS2_PLACEMENT_3D('',#1228,#5142,#5143);
#5145=PLANE('',#5144);
#5146=DIRECTION('',(0.528066,0,0.849204));
#5147=VECTOR('',#5146,0.745997);
#5148=LINE('',#1222,#5147);
#5149=EDGE_CURVE('',#1223,#1229,#5148,.T.);
#5150=ORIENTED_EDGE('',*,*,#5149,.F.);
#5151=ORIENTED_EDGE('',*,*,#5137,.F.);
#5152=ORIENTED_EDGE('',*,*,#3324,.T.);
#5153=DIRECTION('',(0,1,0));
#5154=VECTOR('',#5153,20);
#5155=LINE('',#1144,#5154);
#5156=EDGE_CURVE('',#1145,#1229,#5155,.T.);
#5157=ORIENTED_EDGE('',*,*,#5156,.T.);
#5158=EDGE_LOOP('',(#5150,#5151,#5152,#5157));
#5159=FACE_OUTER_BOUND('',#5158,.T.);
#5160=ADVANCED_FACE('',(#5159),#5145,.T.);
#5161=DIRECTION('',(-0.88192,0,0.471399));
#5162=DIRECTION('',(0,-1,0));
#5163=AXIS2_PLACEMENT_3D('',#1144,#5161,#5162);
#5164=PLANE('',#5163);
#5165=ORIENTED_EDGE('',*,*,#3319,.T.);
#5166=DIRECTION('',(0,1,0));
#5167=VECTOR('',#5166,20);
#5168=LINE('',#1146,#5167);
#5169=EDGE_CURVE('',#1147,#1235,#5168,.T.);
#5170=ORIENTED_EDGE('',*,*,#5169,.T.);
#5171=DIRECTION('',(0.471399,0,0.88192));
#5172=VECTOR('',#5171,0.745992);
#5173=LINE('',#1228,#5172);
#5174=EDGE_CURVE('',#1229,#1235,#5173,.T.);
#5175=ORIENTED_EDGE('',*,*,#5174,.F.);
#5176=ORIENTED_EDGE('',*,*,#5156,.F.);
#5177=EDGE_LOOP('',(#5165,#5170,#5175,#5176));
#5178=FACE_OUTER_BOUND('',#5177,.T.);
#5179=ADVANCED_FACE('',(#5178),#5164,.T.);
#5180=DIRECTION('',(-0.910864,0,0.412707));
#5181=DIRECTION('',(0.412707,-0,0.910864));
#5182=AXIS2_PLACEMENT_3D('',#1146,#5180,#5181);
#5183=PLANE('',#5182);
#5184=ORIENTED_EDGE('',*,*,#3314,.T.);
#5185=DIRECTION('',(0,1,0));
#5186=VECTOR('',#5185,20);
#5187=LINE('',#1148,#5186);
#5188=EDGE_CURVE('',#1149,#1237,#5187,.T.);
#5189=ORIENTED_EDGE('',*,*,#5188,.T.);
#5190=DIRECTION('',(0.412707,0,0.910864));
#5191=VECTOR('',#5190,0.745996);
#5192=LINE('',#1234,#5191);
#5193=EDGE_CURVE('',#1235,#1237,#5192,.T.);
#5194=ORIENTED_EDGE('',*,*,#5193,.F.);
#5195=ORIENTED_EDGE('',*,*,#5169,.F.);
#5196=EDGE_LOOP('',(#5184,#5189,#5194,#5195));
#5197=FACE_OUTER_BOUND('',#5196,.T.);
#5198=ADVANCED_FACE('',(#5197),#5183,.T.);
#5199=DIRECTION('',(-0.935906,0,0.352251));
#5200=DIRECTION('',(0.352251,-0,0.935906));
#5201=AXIS2_PLACEMENT_3D('',#1148,#5199,#5200);
#5202=PLANE('',#5201);
#5203=ORIENTED_EDGE('',*,*,#3309,.T.);
#5204=DIRECTION('',(0,1,0));
#5205=VECTOR('',#5204,20);
#5206=LINE('',#1158,#5205);
#5207=EDGE_CURVE('',#1159,#1241,#5206,.T.);
#5208=ORIENTED_EDGE('',*,*,#5207,.T.);
#5209=DIRECTION('',(0.352251,0,0.935906));
#5210=VECTOR('',#5209,0.745995);
#5211=LINE('',#1236,#5210);
#5212=EDGE_CURVE('',#1237,#1241,#5211,.T.);
#5213=ORIENTED_EDGE('',*,*,#5212,.F.);
#5214=ORIENTED_EDGE('',*,*,#5188,.F.);
#5215=EDGE_LOOP('',(#5203,#5208,#5213,#5214));
#5216=FACE_OUTER_BOUND('',#5215,.T.);
#5217=ADVANCED_FACE('',(#5216),#5202,.T.);
#5218=DIRECTION('',(-0.956941,0,0.290284));
#5219=DIRECTION('',(0.290284,-0,0.956941));
#5220=AXIS2_PLACEMENT_3D('',#1158,#5218,#5219);
#5221=PLANE('',#5220);
#5222=ORIENTED_EDGE('',*,*,#3304,.T.);
#5223=DIRECTION('',(0,1,0));
#5224=VECTOR('',#5223,20);
#5225=LINE('',#1160,#5224);
#5226=EDGE_CURVE('',#1161,#1243,#5225,.T.);
#5227=ORIENTED_EDGE('',*,*,#5226,.T.);
#5228=DIRECTION('',(0.290284,0,0.956941));
#5229=VECTOR('',#5228,0.745997);
#5230=LINE('',#1240,#5229);
#5231=EDGE_CURVE('',#1241,#1243,#5230,.T.);
#5232=ORIENTED_EDGE('',*,*,#5231,.F.);
#5233=ORIENTED_EDGE('',*,*,#5207,.F.);
#5234=EDGE_LOOP('',(#5222,#5227,#5232,#5233));
#5235=FACE_OUTER_BOUND('',#5234,.T.);
#5236=ADVANCED_FACE('',(#5235),#5221,.T.);
#5237=DIRECTION('',(-0.973877,0,0.227076));
#5238=DIRECTION('',(0.227076,-0,0.973877));
#5239=AXIS2_PLACEMENT_3D('',#1162,#5237,#5238);
#5240=PLANE('',#5239);
#5241=DIRECTION('',(0,1,0));
#5242=VECTOR('',#5241,20);
#5243=LINE('',#1162,#5242);
#5244=EDGE_CURVE('',#1163,#1245,#5243,.T.);
#5245=ORIENTED_EDGE('',*,*,#5244,.T.);
#5246=DIRECTION('',(0.227076,0,0.973877));
#5247=VECTOR('',#5246,0.745995);
#5248=LINE('',#1242,#5247);
#5249=EDGE_CURVE('',#1243,#1245,#5248,.T.);
#5250=ORIENTED_EDGE('',*,*,#5249,.F.);
#5251=ORIENTED_EDGE('',*,*,#5226,.F.);
#5252=ORIENTED_EDGE('',*,*,#3299,.T.);
#5253=EDGE_LOOP('',(#5245,#5250,#5251,#5252));
#5254=FACE_OUTER_BOUND('',#5253,.T.);
#5255=ADVANCED_FACE('',(#5254),#5240,.T.);
#5256=DIRECTION('',(-0.986643,0,0.162895));
#5257=DIRECTION('',(0.162895,-0,0.986643));
#5258=AXIS2_PLACEMENT_3D('',#1162,#5256,#5257);
#5259=PLANE('',#5258);
#5260=ORIENTED_EDGE('',*,*,#3294,.T.);
#5261=DIRECTION('',(0,1,0));
#5262=VECTOR('',#5261,20);
#5263=LINE('',#1540,#5262);
#5264=EDGE_CURVE('',#1541,#1649,#5263,.T.);
#5265=ORIENTED_EDGE('',*,*,#5264,.T.);
#5266=DIRECTION('',(0.162895,0,0.986643));
#5267=VECTOR('',#5266,0.745995);
#5268=LINE('',#1244,#5267);
#5269=EDGE_CURVE('',#1245,#1649,#5268,.T.);
#5270=ORIENTED_EDGE('',*,*,#5269,.F.);
#5271=ORIENTED_EDGE('',*,*,#5244,.F.);
#5272=EDGE_LOOP('',(#5260,#5265,#5270,#5271));
#5273=FACE_OUTER_BOUND('',#5272,.T.);
#5274=ADVANCED_FACE('',(#5273),#5259,.T.);
#5275=DIRECTION('',(-0.995185,0,0.098017));
#5276=DIRECTION('',(0.098017,-0,0.995185));
#5277=AXIS2_PLACEMENT_3D('',#1650,#5275,#5276);
#5278=PLANE('',#5277);
#5279=DIRECTION('',(0.098017,0,0.995185));
#5280=VECTOR('',#5279,0.745995);
#5281=LINE('',#1648,#5280);
#5282=EDGE_CURVE('',#1649,#1651,#5281,.T.);
#5283=ORIENTED_EDGE('',*,*,#5282,.F.);
#5284=ORIENTED_EDGE('',*,*,#5264,.F.);
#5285=ORIENTED_EDGE('',*,*,#3289,.T.);
#5286=DIRECTION('',(0,1,0));
#5287=VECTOR('',#5286,20);
#5288=LINE('',#1542,#5287);
#5289=EDGE_CURVE('',#1543,#1651,#5288,.T.);
#5290=ORIENTED_EDGE('',*,*,#5289,.T.);
#5291=EDGE_LOOP('',(#5283,#5284,#5285,#5290));
#5292=FACE_OUTER_BOUND('',#5291,.T.);
#5293=ADVANCED_FACE('',(#5292),#5278,.T.);
#5294=DIRECTION('',(-0.999465,0,0.032719));
#5295=DIRECTION('',(0.032719,-0,0.999465));
#5296=AXIS2_PLACEMENT_3D('',#1652,#5294,#5295);
#5297=PLANE('',#5296);
#5298=DIRECTION('',(0.032719,0,0.999465));
#5299=VECTOR('',#5298,0.745995);
#5300=LINE('',#1650,#5299);
#5301=EDGE_CURVE('',#1651,#1653,#5300,.T.);
#5302=ORIENTED_EDGE('',*,*,#5301,.F.);
#5303=ORIENTED_EDGE('',*,*,#5289,.F.);
#5304=ORIENTED_EDGE('',*,*,#3284,.T.);
#5305=DIRECTION('',(0,1,0));
#5306=VECTOR('',#5305,20);
#5307=LINE('',#1544,#5306);
#5308=EDGE_CURVE('',#1545,#1653,#5307,.T.);
#5309=ORIENTED_EDGE('',*,*,#5308,.T.);
#5310=EDGE_LOOP('',(#5302,#5303,#5304,#5309));
#5311=FACE_OUTER_BOUND('',#5310,.T.);
#5312=ADVANCED_FACE('',(#5311),#5297,.T.);
#5313=DIRECTION('',(-0.999465,0,-0.032719));
#5314=DIRECTION('',(-0.032719,0,0.999465));
#5315=AXIS2_PLACEMENT_3D('',#1554,#5313,#5314);
#5316=PLANE('',#5315);
#5317=DIRECTION('',(0,1,0));
#5318=VECTOR('',#5317,20);
#5319=LINE('',#1554,#5318);
#5320=EDGE_CURVE('',#1555,#1655,#5319,.T.);
#5321=ORIENTED_EDGE('',*,*,#5320,.T.);
#5322=DIRECTION('',(-0.032719,0,0.999465));
#5323=VECTOR('',#5322,0.745995);
#5324=LINE('',#1652,#5323);
#5325=EDGE_CURVE('',#1653,#1655,#5324,.T.);
#5326=ORIENTED_EDGE('',*,*,#5325,.F.);
#5327=ORIENTED_EDGE('',*,*,#5308,.F.);
#5328=ORIENTED_EDGE('',*,*,#3279,.T.);
#5329=EDGE_LOOP('',(#5321,#5326,#5327,#5328));
#5330=FACE_OUTER_BOUND('',#5329,.T.);
#5331=ADVANCED_FACE('',(#5330),#5316,.T.);
#5332=DIRECTION('',(-0.995185,0,-0.098017));
#5333=DIRECTION('',(-0.098017,0,0.995185));
#5334=AXIS2_PLACEMENT_3D('',#1656,#5332,#5333);
#5335=PLANE('',#5334);
#5336=DIRECTION('',(-0.098017,0,0.995185));
#5337=VECTOR('',#5336,0.745993);
#5338=LINE('',#1654,#5337);
#5339=EDGE_CURVE('',#1655,#1657,#5338,.T.);
#5340=ORIENTED_EDGE('',*,*,#5339,.F.);
#5341=ORIENTED_EDGE('',*,*,#5320,.F.);
#5342=ORIENTED_EDGE('',*,*,#3274,.T.);
#5343=DIRECTION('',(0,1,0));
#5344=VECTOR('',#5343,20);
#5345=LINE('',#1556,#5344);
#5346=EDGE_CURVE('',#1557,#1657,#5345,.T.);
#5347=ORIENTED_EDGE('',*,*,#5346,.T.);
#5348=EDGE_LOOP('',(#5340,#5341,#5342,#5347));
#5349=FACE_OUTER_BOUND('',#5348,.T.);
#5350=ADVANCED_FACE('',(#5349),#5335,.T.);
#5351=DIRECTION('',(-0.986643,0,-0.162895));
#5352=DIRECTION('',(-0.162895,0,0.986643));
#5353=AXIS2_PLACEMENT_3D('',#1668,#5351,#5352);
#5354=PLANE('',#5353);
#5355=DIRECTION('',(-0.162895,0,0.986643));
#5356=VECTOR('',#5355,0.745996);
#5357=LINE('',#1656,#5356);
#5358=EDGE_CURVE('',#1657,#1669,#5357,.T.);
#5359=ORIENTED_EDGE('',*,*,#5358,.F.);
#5360=ORIENTED_EDGE('',*,*,#5346,.F.);
#5361=ORIENTED_EDGE('',*,*,#3269,.T.);
#5362=DIRECTION('',(0,1,0));
#5363=VECTOR('',#5362,20);
#5364=LINE('',#1570,#5363);
#5365=EDGE_CURVE('',#1571,#1669,#5364,.T.);
#5366=ORIENTED_EDGE('',*,*,#5365,.T.);
#5367=EDGE_LOOP('',(#5359,#5360,#5361,#5366));
#5368=FACE_OUTER_BOUND('',#5367,.T.);
#5369=ADVANCED_FACE('',(#5368),#5354,.T.);
#5370=DIRECTION('',(-0.973877,0,-0.227076));
#5371=DIRECTION('',(-0.227076,0,0.973877));
#5372=AXIS2_PLACEMENT_3D('',#1668,#5370,#5371);
#5373=PLANE('',#5372);
#5374=ORIENTED_EDGE('',*,*,#5365,.F.);
#5375=ORIENTED_EDGE('',*,*,#3264,.T.);
#5376=DIRECTION('',(0,1,0));
#5377=VECTOR('',#5376,20);
#5378=LINE('',#1572,#5377);
#5379=EDGE_CURVE('',#1573,#1671,#5378,.T.);
#5380=ORIENTED_EDGE('',*,*,#5379,.T.);
#5381=DIRECTION('',(-0.227076,0,0.973877));
#5382=VECTOR('',#5381,0.745995);
#5383=LINE('',#1668,#5382);
#5384=EDGE_CURVE('',#1669,#1671,#5383,.T.);
#5385=ORIENTED_EDGE('',*,*,#5384,.F.);
#5386=EDGE_LOOP('',(#5374,#5375,#5380,#5385));
#5387=FACE_OUTER_BOUND('',#5386,.T.);
#5388=ADVANCED_FACE('',(#5387),#5373,.T.);
#5389=DIRECTION('',(-0.95694,0,-0.290284));
#5390=DIRECTION('',(-0.290284,0,0.95694));
#5391=AXIS2_PLACEMENT_3D('',#1574,#5389,#5390);
#5392=PLANE('',#5391);
#5393=DIRECTION('',(0,1,0));
#5394=VECTOR('',#5393,20);
#5395=LINE('',#1574,#5394);
#5396=EDGE_CURVE('',#1575,#1673,#5395,.T.);
#5397=ORIENTED_EDGE('',*,*,#5396,.T.);
#5398=DIRECTION('',(-0.290284,0,0.95694));
#5399=VECTOR('',#5398,0.745995);
#5400=LINE('',#1670,#5399);
#5401=EDGE_CURVE('',#1671,#1673,#5400,.T.);
#5402=ORIENTED_EDGE('',*,*,#5401,.F.);
#5403=ORIENTED_EDGE('',*,*,#5379,.F.);
#5404=ORIENTED_EDGE('',*,*,#3259,.T.);
#5405=EDGE_LOOP('',(#5397,#5402,#5403,#5404));
#5406=FACE_OUTER_BOUND('',#5405,.T.);
#5407=ADVANCED_FACE('',(#5406),#5392,.T.);
#5408=DIRECTION('',(-0.935906,0,-0.352251));
#5409=DIRECTION('',(-0.352251,0,0.935906));
#5410=AXIS2_PLACEMENT_3D('',#1676,#5408,#5409);
#5411=PLANE('',#5410);
#5412=DIRECTION('',(-0.352251,0,0.935906));
#5413=VECTOR('',#5412,0.745995);
#5414=LINE('',#1672,#5413);
#5415=EDGE_CURVE('',#1673,#1677,#5414,.T.);
#5416=ORIENTED_EDGE('',*,*,#5415,.F.);
#5417=ORIENTED_EDGE('',*,*,#5396,.F.);
#5418=ORIENTED_EDGE('',*,*,#3254,.T.);
#5419=DIRECTION('',(0,1,0));
#5420=VECTOR('',#5419,20);
#5421=LINE('',#1578,#5420);
#5422=EDGE_CURVE('',#1579,#1677,#5421,.T.);
#5423=ORIENTED_EDGE('',*,*,#5422,.T.);
#5424=EDGE_LOOP('',(#5416,#5417,#5418,#5423));
#5425=FACE_OUTER_BOUND('',#5424,.T.);
#5426=ADVANCED_FACE('',(#5425),#5411,.T.);
#5427=DIRECTION('',(-0.910864,0,-0.412707));
#5428=DIRECTION('',(-0.412707,0,0.910864));
#5429=AXIS2_PLACEMENT_3D('',#1676,#5427,#5428);
#5430=PLANE('',#5429);
#5431=ORIENTED_EDGE('',*,*,#5422,.F.);
#5432=ORIENTED_EDGE('',*,*,#3249,.T.);
#5433=DIRECTION('',(0,1,0));
#5434=VECTOR('',#5433,20);
#5435=LINE('',#1580,#5434);
#5436=EDGE_CURVE('',#1581,#1679,#5435,.T.);
#5437=ORIENTED_EDGE('',*,*,#5436,.T.);
#5438=DIRECTION('',(-0.412707,0,0.910864));
#5439=VECTOR('',#5438,0.745996);
#5440=LINE('',#1676,#5439);
#5441=EDGE_CURVE('',#1677,#1679,#5440,.T.);
#5442=ORIENTED_EDGE('',*,*,#5441,.F.);
#5443=EDGE_LOOP('',(#5431,#5432,#5437,#5442));
#5444=FACE_OUTER_BOUND('',#5443,.T.);
#5445=ADVANCED_FACE('',(#5444),#5430,.T.);
#5446=DIRECTION('',(-0.881921,0,-0.471398));
#5447=DIRECTION('',(-0,1,0));
#5448=AXIS2_PLACEMENT_3D('',#1582,#5446,#5447);
#5449=PLANE('',#5448);
#5450=DIRECTION('',(0,1,0));
#5451=VECTOR('',#5450,20);
#5452=LINE('',#1582,#5451);
#5453=EDGE_CURVE('',#1583,#1683,#5452,.T.);
#5454=ORIENTED_EDGE('',*,*,#5453,.T.);
#5455=DIRECTION('',(-0.471398,0,0.881921));
#5456=VECTOR('',#5455,0.745994);
#5457=LINE('',#1678,#5456);
#5458=EDGE_CURVE('',#1679,#1683,#5457,.T.);
#5459=ORIENTED_EDGE('',*,*,#5458,.F.);
#5460=ORIENTED_EDGE('',*,*,#5436,.F.);
#5461=ORIENTED_EDGE('',*,*,#3244,.T.);
#5462=EDGE_LOOP('',(#5454,#5459,#5460,#5461));
#5463=FACE_OUTER_BOUND('',#5462,.T.);
#5464=ADVANCED_FACE('',(#5463),#5449,.T.);
#5465=DIRECTION('',(-0.849203,0,-0.528067));
#5466=DIRECTION('',(-0,1,0));
#5467=AXIS2_PLACEMENT_3D('',#1576,#5465,#5466);
#5468=PLANE('',#5467);
#5469=DIRECTION('',(0,1,0));
#5470=VECTOR('',#5469,20);
#5471=LINE('',#1576,#5470);
#5472=EDGE_CURVE('',#1577,#1675,#5471,.T.);
#5473=ORIENTED_EDGE('',*,*,#5472,.T.);
#5474=DIRECTION('',(0.528067,0,-0.849203));
#5475=VECTOR('',#5474,0.745995);
#5476=LINE('',#1674,#5475);
#5477=EDGE_CURVE('',#1675,#1683,#5476,.T.);
#5478=ORIENTED_EDGE('',*,*,#5477,.T.);
#5479=ORIENTED_EDGE('',*,*,#5453,.F.);
#5480=ORIENTED_EDGE('',*,*,#3239,.F.);
#5481=EDGE_LOOP('',(#5473,#5478,#5479,#5480));
#5482=FACE_OUTER_BOUND('',#5481,.T.);
#5483=ADVANCED_FACE('',(#5482),#5468,.T.);
#5484=DIRECTION('',(-0.412708,0,-0.910863));
#5485=DIRECTION('',(-0,1,0));
#5486=AXIS2_PLACEMENT_3D('',#1694,#5484,#5485);
#5487=PLANE('',#5486);
#5488=DIRECTION('',(0.910863,0,-0.412708));
#5489=VECTOR('',#5488,0.745995);
#5490=LINE('',#1694,#5489);
#5491=EDGE_CURVE('',#1695,#1699,#5490,.T.);
#5492=ORIENTED_EDGE('',*,*,#5491,.T.);
#5493=DIRECTION('',(0,1,0));
#5494=VECTOR('',#5493,20);
#5495=LINE('',#1620,#5494);
#5496=EDGE_CURVE('',#1621,#1699,#5495,.T.);
#5497=ORIENTED_EDGE('',*,*,#5496,.F.);
#5498=ORIENTED_EDGE('',*,*,#3194,.F.);
#5499=DIRECTION('',(0,1,0));
#5500=VECTOR('',#5499,20);
#5501=LINE('',#1616,#5500);
#5502=EDGE_CURVE('',#1617,#1695,#5501,.T.);
#5503=ORIENTED_EDGE('',*,*,#5502,.T.);
#5504=EDGE_LOOP('',(#5492,#5497,#5498,#5503));
#5505=FACE_OUTER_BOUND('',#5504,.T.);
#5506=ADVANCED_FACE('',(#5505),#5487,.T.);
#5507=DIRECTION('',(-0.471397,0,-0.881921));
#5508=DIRECTION('',(-0,1,0));
#5509=AXIS2_PLACEMENT_3D('',#1618,#5507,#5508);
#5510=PLANE('',#5509);
#5511=ORIENTED_EDGE('',*,*,#3199,.T.);
#5512=ORIENTED_EDGE('',*,*,#5496,.T.);
#5513=DIRECTION('',(-0.881921,0,0.471397));
#5514=VECTOR('',#5513,0.745995);
#5515=LINE('',#1696,#5514);
#5516=EDGE_CURVE('',#1697,#1699,#5515,.T.);
#5517=ORIENTED_EDGE('',*,*,#5516,.F.);
#5518=DIRECTION('',(0,1,0));
#5519=VECTOR('',#5518,20);
#5520=LINE('',#1618,#5519);
#5521=EDGE_CURVE('',#1619,#1697,#5520,.T.);
#5522=ORIENTED_EDGE('',*,*,#5521,.F.);
#5523=EDGE_LOOP('',(#5511,#5512,#5517,#5522));
#5524=FACE_OUTER_BOUND('',#5523,.T.);
#5525=ADVANCED_FACE('',(#5524),#5510,.T.);
#5526=DIRECTION('',(-0.582477,0,-0.812847));
#5527=DIRECTION('',(-0,1,0));
#5528=AXIS2_PLACEMENT_3D('',#1626,#5526,#5527);
#5529=PLANE('',#5528);
#5530=ORIENTED_EDGE('',*,*,#3209,.F.);
#5531=DIRECTION('',(0,1,0));
#5532=VECTOR('',#5531,20);
#5533=LINE('',#1622,#5532);
#5534=EDGE_CURVE('',#1623,#1701,#5533,.T.);
#5535=ORIENTED_EDGE('',*,*,#5534,.T.);
#5536=DIRECTION('',(0.812847,0,-0.582477));
#5537=VECTOR('',#5536,0.745994);
#5538=LINE('',#1700,#5537);
#5539=EDGE_CURVE('',#1701,#1705,#5538,.T.);
#5540=ORIENTED_EDGE('',*,*,#5539,.T.);
#5541=DIRECTION('',(0,1,0));
#5542=VECTOR('',#5541,20);
#5543=LINE('',#1626,#5542);
#5544=EDGE_CURVE('',#1627,#1705,#5543,.T.);
#5545=ORIENTED_EDGE('',*,*,#5544,.F.);
#5546=EDGE_LOOP('',(#5530,#5535,#5540,#5545));
#5547=FACE_OUTER_BOUND('',#5546,.T.);
#5548=ADVANCED_FACE('',(#5547),#5529,.T.);
#5549=DIRECTION('',(-0.634394,0,-0.77301));
#5550=DIRECTION('',(-0,1,0));
#5551=AXIS2_PLACEMENT_3D('',#1626,#5549,#5550);
#5552=PLANE('',#5551);
#5553=ORIENTED_EDGE('',*,*,#5544,.T.);
#5554=DIRECTION('',(-0.77301,0,0.634394));
#5555=VECTOR('',#5554,0.745996);
#5556=LINE('',#1702,#5555);
#5557=EDGE_CURVE('',#1703,#1705,#5556,.T.);
#5558=ORIENTED_EDGE('',*,*,#5557,.F.);
#5559=DIRECTION('',(0,1,0));
#5560=VECTOR('',#5559,20);
#5561=LINE('',#1624,#5560);
#5562=EDGE_CURVE('',#1625,#1703,#5561,.T.);
#5563=ORIENTED_EDGE('',*,*,#5562,.F.);
#5564=ORIENTED_EDGE('',*,*,#3214,.T.);
#5565=EDGE_LOOP('',(#5553,#5558,#5563,#5564));
#5566=FACE_OUTER_BOUND('',#5565,.T.);
#5567=ADVANCED_FACE('',(#5566),#5552,.T.);
#5568=DIRECTION('',(-0.528068,0,-0.849202));
#5569=DIRECTION('',(-0,1,0));
#5570=AXIS2_PLACEMENT_3D('',#1696,#5568,#5569);
#5571=PLANE('',#5570);
#5572=DIRECTION('',(0.849202,0,-0.528068));
#5573=VECTOR('',#5572,0.745995);
#5574=LINE('',#1696,#5573);
#5575=EDGE_CURVE('',#1697,#1701,#5574,.T.);
#5576=ORIENTED_EDGE('',*,*,#5575,.T.);
#5577=ORIENTED_EDGE('',*,*,#5534,.F.);
#5578=ORIENTED_EDGE('',*,*,#3204,.F.);
#5579=ORIENTED_EDGE('',*,*,#5521,.T.);
#5580=EDGE_LOOP('',(#5576,#5577,#5578,#5579));
#5581=FACE_OUTER_BOUND('',#5580,.T.);
#5582=ADVANCED_FACE('',(#5581),#5571,.T.);
#5583=DIRECTION('',(-0.683592,0,-0.729864));
#5584=DIRECTION('',(-0,1,0));
#5585=AXIS2_PLACEMENT_3D('',#1702,#5583,#5584);
#5586=PLANE('',#5585);
#5587=DIRECTION('',(0.729864,0,-0.683592));
#5588=VECTOR('',#5587,0.745995);
#5589=LINE('',#1702,#5588);
#5590=EDGE_CURVE('',#1703,#1745,#5589,.T.);
#5591=ORIENTED_EDGE('',*,*,#5590,.T.);
#5592=DIRECTION('',(0,1,0));
#5593=VECTOR('',#5592,20);
#5594=LINE('',#1644,#5593);
#5595=EDGE_CURVE('',#1645,#1745,#5594,.T.);
#5596=ORIENTED_EDGE('',*,*,#5595,.F.);
#5597=ORIENTED_EDGE('',*,*,#3219,.F.);
#5598=ORIENTED_EDGE('',*,*,#5562,.T.);
#5599=EDGE_LOOP('',(#5591,#5596,#5597,#5598));
#5600=FACE_OUTER_BOUND('',#5599,.T.);
#5601=ADVANCED_FACE('',(#5600),#5586,.T.);
#5602=DIRECTION('',(-0.032719,0,-0.999465));
#5603=DIRECTION('',(-0,1,0));
#5604=AXIS2_PLACEMENT_3D('',#1710,#5602,#5603);
#5605=PLANE('',#5604);
#5606=DIRECTION('',(0.999465,0,-0.032719));
#5607=VECTOR('',#5606,0.745995);
#5608=LINE('',#1710,#5607);
#5609=EDGE_CURVE('',#1711,#1713,#5608,.T.);
#5610=ORIENTED_EDGE('',*,*,#5609,.T.);
#5611=DIRECTION('',(0,1,0));
#5612=VECTOR('',#5611,20);
#5613=LINE('',#1630,#5612);
#5614=EDGE_CURVE('',#1631,#1713,#5613,.T.);
#5615=ORIENTED_EDGE('',*,*,#5614,.F.);
#5616=ORIENTED_EDGE('',*,*,#3164,.F.);
#5617=ORIENTED_EDGE('',*,*,#4845,.T.);
#5618=EDGE_LOOP('',(#5610,#5615,#5616,#5617));
#5619=FACE_OUTER_BOUND('',#5618,.T.);
#5620=ADVANCED_FACE('',(#5619),#5605,.T.);
#5621=DIRECTION('',(-0.098017,0,-0.995185));
#5622=DIRECTION('',(-0,1,0));
#5623=AXIS2_PLACEMENT_3D('',#1632,#5621,#5622);
#5624=PLANE('',#5623);
#5625=ORIENTED_EDGE('',*,*,#3169,.F.);
#5626=ORIENTED_EDGE('',*,*,#5614,.T.);
#5627=DIRECTION('',(0.995185,0,-0.098017));
#5628=VECTOR('',#5627,0.745995);
#5629=LINE('',#1712,#5628);
#5630=EDGE_CURVE('',#1713,#1715,#5629,.T.);
#5631=ORIENTED_EDGE('',*,*,#5630,.T.);
#5632=DIRECTION('',(0,1,0));
#5633=VECTOR('',#5632,20);
#5634=LINE('',#1632,#5633);
#5635=EDGE_CURVE('',#1633,#1715,#5634,.T.);
#5636=ORIENTED_EDGE('',*,*,#5635,.F.);
#5637=EDGE_LOOP('',(#5625,#5626,#5631,#5636));
#5638=FACE_OUTER_BOUND('',#5637,.T.);
#5639=ADVANCED_FACE('',(#5638),#5624,.T.);
#5640=DIRECTION('',(-0.227076,0,-0.973877));
#5641=DIRECTION('',(-0,1,0));
#5642=AXIS2_PLACEMENT_3D('',#1636,#5640,#5641);
#5643=PLANE('',#5642);
#5644=ORIENTED_EDGE('',*,*,#3179,.F.);
#5645=DIRECTION('',(0,1,0));
#5646=VECTOR('',#5645,20);
#5647=LINE('',#1634,#5646);
#5648=EDGE_CURVE('',#1635,#1723,#5647,.T.);
#5649=ORIENTED_EDGE('',*,*,#5648,.T.);
#5650=DIRECTION('',(0.973877,0,-0.227076));
#5651=VECTOR('',#5650,0.745995);
#5652=LINE('',#1722,#5651);
#5653=EDGE_CURVE('',#1723,#1725,#5652,.T.);
#5654=ORIENTED_EDGE('',*,*,#5653,.T.);
#5655=DIRECTION('',(0,1,0));
#5656=VECTOR('',#5655,20);
#5657=LINE('',#1636,#5656);
#5658=EDGE_CURVE('',#1637,#1725,#5657,.T.);
#5659=ORIENTED_EDGE('',*,*,#5658,.F.);
#5660=EDGE_LOOP('',(#5644,#5649,#5654,#5659));
#5661=FACE_OUTER_BOUND('',#5660,.T.);
#5662=ADVANCED_FACE('',(#5661),#5643,.T.);
#5663=DIRECTION('',(-0.162895,0,-0.986643));
#5664=DIRECTION('',(-0,1,0));
#5665=AXIS2_PLACEMENT_3D('',#1722,#5663,#5664);
#5666=PLANE('',#5665);
#5667=ORIENTED_EDGE('',*,*,#5648,.F.);
#5668=ORIENTED_EDGE('',*,*,#3174,.F.);
#5669=ORIENTED_EDGE('',*,*,#5635,.T.);
#5670=DIRECTION('',(0.986643,0,-0.162895));
#5671=VECTOR('',#5670,0.745995);
#5672=LINE('',#1714,#5671);
#5673=EDGE_CURVE('',#1715,#1723,#5672,.T.);
#5674=ORIENTED_EDGE('',*,*,#5673,.T.);
#5675=EDGE_LOOP('',(#5667,#5668,#5669,#5674));
#5676=FACE_OUTER_BOUND('',#5675,.T.);
#5677=ADVANCED_FACE('',(#5676),#5666,.T.);
#5678=DIRECTION('',(-0.290287,0,-0.95694));
#5679=DIRECTION('',(-0,1,0));
#5680=AXIS2_PLACEMENT_3D('',#1636,#5678,#5679);
#5681=PLANE('',#5680);
#5682=ORIENTED_EDGE('',*,*,#5658,.T.);
#5683=DIRECTION('',(0.95694,0,-0.290287));
#5684=VECTOR('',#5683,0.745995);
#5685=LINE('',#1724,#5684);
#5686=EDGE_CURVE('',#1725,#1727,#5685,.T.);
#5687=ORIENTED_EDGE('',*,*,#5686,.T.);
#5688=DIRECTION('',(0,1,0));
#5689=VECTOR('',#5688,20);
#5690=LINE('',#1638,#5689);
#5691=EDGE_CURVE('',#1639,#1727,#5690,.T.);
#5692=ORIENTED_EDGE('',*,*,#5691,.F.);
#5693=ORIENTED_EDGE('',*,*,#3184,.F.);
#5694=EDGE_LOOP('',(#5682,#5687,#5692,#5693));
#5695=FACE_OUTER_BOUND('',#5694,.T.);
#5696=ADVANCED_FACE('',(#5695),#5681,.T.);
#5697=DIRECTION('',(-0.352248,0,-0.935907));
#5698=DIRECTION('',(-0,1,0));
#5699=AXIS2_PLACEMENT_3D('',#1694,#5697,#5698);
#5700=PLANE('',#5699);
#5701=ORIENTED_EDGE('',*,*,#5502,.F.);
#5702=ORIENTED_EDGE('',*,*,#3189,.T.);
#5703=ORIENTED_EDGE('',*,*,#5691,.T.);
#5704=DIRECTION('',(-0.935907,0,0.352248));
#5705=VECTOR('',#5704,0.745995);
#5706=LINE('',#1694,#5705);
#5707=EDGE_CURVE('',#1695,#1727,#5706,.T.);
#5708=ORIENTED_EDGE('',*,*,#5707,.F.);
#5709=EDGE_LOOP('',(#5701,#5702,#5703,#5708));
#5710=FACE_OUTER_BOUND('',#5709,.T.);
#5711=ADVANCED_FACE('',(#5710),#5700,.T.);
#5712=DIRECTION('',(-0.812847,0,-0.582477));
#5713=DIRECTION('',(-0,1,0));
#5714=AXIS2_PLACEMENT_3D('',#1640,#5712,#5713);
#5715=PLANE('',#5714);
#5716=DIRECTION('',(0,1,0));
#5717=VECTOR('',#5716,20);
#5718=LINE('',#1640,#5717);
#5719=EDGE_CURVE('',#1641,#1741,#5718,.T.);
#5720=ORIENTED_EDGE('',*,*,#5719,.T.);
#5721=DIRECTION('',(-0.582477,0,0.812847));
#5722=VECTOR('',#5721,0.745996);
#5723=LINE('',#1674,#5722);
#5724=EDGE_CURVE('',#1675,#1741,#5723,.T.);
#5725=ORIENTED_EDGE('',*,*,#5724,.F.);
#5726=ORIENTED_EDGE('',*,*,#5472,.F.);
#5727=ORIENTED_EDGE('',*,*,#3234,.T.);
#5728=EDGE_LOOP('',(#5720,#5725,#5726,#5727));
#5729=FACE_OUTER_BOUND('',#5728,.T.);
#5730=ADVANCED_FACE('',(#5729),#5715,.T.);
#5731=DIRECTION('',(-0.77301,0,-0.634394));
#5732=DIRECTION('',(-0,1,0));
#5733=AXIS2_PLACEMENT_3D('',#1640,#5731,#5732);
#5734=PLANE('',#5733);
#5735=ORIENTED_EDGE('',*,*,#3229,.T.);
#5736=DIRECTION('',(0,1,0));
#5737=VECTOR('',#5736,20);
#5738=LINE('',#1642,#5737);
#5739=EDGE_CURVE('',#1643,#1743,#5738,.T.);
#5740=ORIENTED_EDGE('',*,*,#5739,.T.);
#5741=DIRECTION('',(-0.634394,0,0.77301));
#5742=VECTOR('',#5741,0.745996);
#5743=LINE('',#1740,#5742);
#5744=EDGE_CURVE('',#1741,#1743,#5743,.T.);
#5745=ORIENTED_EDGE('',*,*,#5744,.F.);
#5746=ORIENTED_EDGE('',*,*,#5719,.F.);
#5747=EDGE_LOOP('',(#5735,#5740,#5745,#5746));
#5748=FACE_OUTER_BOUND('',#5747,.T.);
#5749=ADVANCED_FACE('',(#5748),#5734,.T.);
#5750=DIRECTION('',(-0.729863,0,-0.683593));
#5751=DIRECTION('',(-0,1,0));
#5752=AXIS2_PLACEMENT_3D('',#1742,#5750,#5751);
#5753=PLANE('',#5752);
#5754=ORIENTED_EDGE('',*,*,#5739,.F.);
#5755=ORIENTED_EDGE('',*,*,#3224,.T.);
#5756=ORIENTED_EDGE('',*,*,#5595,.T.);
#5757=DIRECTION('',(-0.683593,0,0.729863));
#5758=VECTOR('',#5757,0.745994);
#5759=LINE('',#1742,#5758);
#5760=EDGE_CURVE('',#1743,#1745,#5759,.T.);
#5761=ORIENTED_EDGE('',*,*,#5760,.F.);
#5762=EDGE_LOOP('',(#5754,#5755,#5756,#5761));
#5763=FACE_OUTER_BOUND('',#5762,.T.);
#5764=ADVANCED_FACE('',(#5763),#5753,.T.);
#5765=DIRECTION('',(-0,1,0));
#5766=DIRECTION('',(0,-0,1));
#5767=AXIS2_PLACEMENT_3D('',#1738,#5765,#5766);
#5768=PLANE('',#5767);
#5769=DIRECTION('',(-0.849202,0,0.528067));
#5770=VECTOR('',#5769,0.811433);
#5771=LINE('',#1708,#5770);
#5772=EDGE_CURVE('',#1709,#1739,#5771,.T.);
#5773=ORIENTED_EDGE('',*,*,#5772,.F.);
#5774=DIRECTION('',(-0.812847,0,0.582477));
#5775=VECTOR('',#5774,0.811433);
#5776=LINE('',#1706,#5775);
#5777=EDGE_CURVE('',#1707,#1709,#5776,.T.);
#5778=ORIENTED_EDGE('',*,*,#5777,.F.);
#5779=DIRECTION('',(0.77301,0,-0.634394));
#5780=VECTOR('',#5779,0.811434);
#5781=LINE('',#1706,#5780);
#5782=EDGE_CURVE('',#1707,#1753,#5781,.T.);
#5783=ORIENTED_EDGE('',*,*,#5782,.T.);
#5784=DIRECTION('',(0.729864,0,-0.683592));
#5785=VECTOR('',#5784,0.811433);
#5786=LINE('',#1752,#5785);
#5787=EDGE_CURVE('',#1753,#1755,#5786,.T.);
#5788=ORIENTED_EDGE('',*,*,#5787,.T.);
#5789=DIRECTION('',(-0.683593,0,0.729863));
#5790=VECTOR('',#5789,0.811434);
#5791=LINE('',#1746,#5790);
#5792=EDGE_CURVE('',#1747,#1755,#5791,.T.);
#5793=ORIENTED_EDGE('',*,*,#5792,.F.);
#5794=DIRECTION('',(0.634393,0,-0.773011));
#5795=VECTOR('',#5794,0.811434);
#5796=LINE('',#1746,#5795);
#5797=EDGE_CURVE('',#1747,#1751,#5796,.T.);
#5798=ORIENTED_EDGE('',*,*,#5797,.T.);
#5799=DIRECTION('',(-0.582478,0,0.812847));
#5800=VECTOR('',#5799,0.811433);
#5801=LINE('',#1748,#5800);
#5802=EDGE_CURVE('',#1749,#1751,#5801,.T.);
#5803=ORIENTED_EDGE('',*,*,#5802,.F.);
#5804=DIRECTION('',(-0.528067,0,0.849203));
#5805=VECTOR('',#5804,0.811434);
#5806=LINE('',#1686,#5805);
#5807=EDGE_CURVE('',#1687,#1749,#5806,.T.);
#5808=ORIENTED_EDGE('',*,*,#5807,.F.);
#5809=DIRECTION('',(-0.471396,0,0.881922));
#5810=VECTOR('',#5809,0.811433);
#5811=LINE('',#1684,#5810);
#5812=EDGE_CURVE('',#1685,#1687,#5811,.T.);
#5813=ORIENTED_EDGE('',*,*,#5812,.F.);
#5814=DIRECTION('',(-0.412707,0,0.910864));
#5815=VECTOR('',#5814,0.811433);
#5816=LINE('',#1680,#5815);
#5817=EDGE_CURVE('',#1681,#1685,#5816,.T.);
#5818=ORIENTED_EDGE('',*,*,#5817,.F.);
#5819=DIRECTION('',(0.352251,0,-0.935906));
#5820=VECTOR('',#5819,0.811432);
#5821=LINE('',#1680,#5820);
#5822=EDGE_CURVE('',#1681,#1693,#5821,.T.);
#5823=ORIENTED_EDGE('',*,*,#5822,.T.);
#5824=DIRECTION('',(-0.290284,0,0.956941));
#5825=VECTOR('',#5824,0.811433);
#5826=LINE('',#1690,#5825);
#5827=EDGE_CURVE('',#1691,#1693,#5826,.T.);
#5828=ORIENTED_EDGE('',*,*,#5827,.F.);
#5829=DIRECTION('',(-0.227076,0,0.973877));
#5830=VECTOR('',#5829,0.811435);
#5831=LINE('',#1688,#5830);
#5832=EDGE_CURVE('',#1689,#1691,#5831,.T.);
#5833=ORIENTED_EDGE('',*,*,#5832,.F.);
#5834=DIRECTION('',(-0.162896,0,0.986643));
#5835=VECTOR('',#5834,0.811432);
#5836=LINE('',#1666,#5835);
#5837=EDGE_CURVE('',#1667,#1689,#5836,.T.);
#5838=ORIENTED_EDGE('',*,*,#5837,.F.);
#5839=DIRECTION('',(-0.098016,0,0.995185));
#5840=VECTOR('',#5839,0.811433);
#5841=LINE('',#1664,#5840);
#5842=EDGE_CURVE('',#1665,#1667,#5841,.T.);
#5843=ORIENTED_EDGE('',*,*,#5842,.F.);
#5844=DIRECTION('',(-0.032719,0,0.999465));
#5845=VECTOR('',#5844,0.811433);
#5846=LINE('',#1662,#5845);
#5847=EDGE_CURVE('',#1663,#1665,#5846,.T.);
#5848=ORIENTED_EDGE('',*,*,#5847,.F.);
#5849=DIRECTION('',(0.032719,0,0.999465));
#5850=VECTOR('',#5849,0.811433);
#5851=LINE('',#1660,#5850);
#5852=EDGE_CURVE('',#1661,#1663,#5851,.T.);
#5853=ORIENTED_EDGE('',*,*,#5852,.F.);
#5854=DIRECTION('',(0.098016,0,0.995185));
#5855=VECTOR('',#5854,0.811433);
#5856=LINE('',#1658,#5855);
#5857=EDGE_CURVE('',#1659,#1661,#5856,.T.);
#5858=ORIENTED_EDGE('',*,*,#5857,.F.);
#5859=DIRECTION('',(0.162896,0,0.986643));
#5860=VECTOR('',#5859,0.811434);
#5861=LINE('',#1250,#5860);
#5862=EDGE_CURVE('',#1251,#1659,#5861,.T.);
#5863=ORIENTED_EDGE('',*,*,#5862,.F.);
#5864=DIRECTION('',(0.227077,0,0.973877));
#5865=VECTOR('',#5864,0.811433);
#5866=LINE('',#1248,#5865);
#5867=EDGE_CURVE('',#1249,#1251,#5866,.T.);
#5868=ORIENTED_EDGE('',*,*,#5867,.F.);
#5869=DIRECTION('',(0.290284,0,0.956941));
#5870=VECTOR('',#5869,0.811433);
#5871=LINE('',#1246,#5870);
#5872=EDGE_CURVE('',#1247,#1249,#5871,.T.);
#5873=ORIENTED_EDGE('',*,*,#5872,.F.);
#5874=DIRECTION('',(0.35225,0,0.935906));
#5875=VECTOR('',#5874,0.811434);
#5876=LINE('',#1238,#5875);
#5877=EDGE_CURVE('',#1239,#1247,#5876,.T.);
#5878=ORIENTED_EDGE('',*,*,#5877,.F.);
#5879=DIRECTION('',(0.412707,0,0.910864));
#5880=VECTOR('',#5879,0.811433);
#5881=LINE('',#1232,#5880);
#5882=EDGE_CURVE('',#1233,#1239,#5881,.T.);
#5883=ORIENTED_EDGE('',*,*,#5882,.F.);
#5884=DIRECTION('',(0.471397,0,0.881921));
#5885=VECTOR('',#5884,0.811431);
#5886=LINE('',#1230,#5885);
#5887=EDGE_CURVE('',#1231,#1233,#5886,.T.);
#5888=ORIENTED_EDGE('',*,*,#5887,.F.);
#5889=DIRECTION('',(0.528067,0,0.849203));
#5890=VECTOR('',#5889,0.811434);
#5891=LINE('',#1226,#5890);
#5892=EDGE_CURVE('',#1227,#1231,#5891,.T.);
#5893=ORIENTED_EDGE('',*,*,#5892,.F.);
#5894=DIRECTION('',(0.582477,0,0.812847));
#5895=VECTOR('',#5894,0.811435);
#5896=LINE('',#1224,#5895);
#5897=EDGE_CURVE('',#1225,#1227,#5896,.T.);
#5898=ORIENTED_EDGE('',*,*,#5897,.F.);
#5899=DIRECTION('',(0.634393,0,0.773011));
#5900=VECTOR('',#5899,0.811434);
#5901=LINE('',#1218,#5900);
#5902=EDGE_CURVE('',#1219,#1225,#5901,.T.);
#5903=ORIENTED_EDGE('',*,*,#5902,.F.);
#5904=DIRECTION('',(0.683593,0,0.729863));
#5905=VECTOR('',#5904,0.811434);
#5906=LINE('',#1212,#5905);
#5907=EDGE_CURVE('',#1213,#1219,#5906,.T.);
#5908=ORIENTED_EDGE('',*,*,#5907,.F.);
#5909=DIRECTION('',(0.729865,0,0.683591));
#5910=VECTOR('',#5909,0.811432);
#5911=LINE('',#1210,#5910);
#5912=EDGE_CURVE('',#1211,#1213,#5911,.T.);
#5913=ORIENTED_EDGE('',*,*,#5912,.F.);
#5914=DIRECTION('',(0.773009,0,0.634395));
#5915=VECTOR('',#5914,0.811435);
#5916=LINE('',#1204,#5915);
#5917=EDGE_CURVE('',#1205,#1211,#5916,.T.);
#5918=ORIENTED_EDGE('',*,*,#5917,.F.);
#5919=DIRECTION('',(0.812847,0,0.582477));
#5920=VECTOR('',#5919,0.811433);
#5921=LINE('',#1202,#5920);
#5922=EDGE_CURVE('',#1203,#1205,#5921,.T.);
#5923=ORIENTED_EDGE('',*,*,#5922,.F.);
#5924=DIRECTION('',(0.849203,0,0.528066));
#5925=VECTOR('',#5924,0.811432);
#5926=LINE('',#1194,#5925);
#5927=EDGE_CURVE('',#1195,#1203,#5926,.T.);
#5928=ORIENTED_EDGE('',*,*,#5927,.F.);
#5929=DIRECTION('',(0.881921,0,0.471397));
#5930=VECTOR('',#5929,0.811433);
#5931=LINE('',#1192,#5930);
#5932=EDGE_CURVE('',#1193,#1195,#5931,.T.);
#5933=ORIENTED_EDGE('',*,*,#5932,.F.);
#5934=DIRECTION('',(0.910864,0,0.412707));
#5935=VECTOR('',#5934,0.811433);
#5936=LINE('',#1188,#5935);
#5937=EDGE_CURVE('',#1189,#1193,#5936,.T.);
#5938=ORIENTED_EDGE('',*,*,#5937,.F.);
#5939=DIRECTION('',(0.935906,0,0.35225));
#5940=VECTOR('',#5939,0.811433);
#5941=LINE('',#1186,#5940);
#5942=EDGE_CURVE('',#1187,#1189,#5941,.T.);
#5943=ORIENTED_EDGE('',*,*,#5942,.F.);
#5944=DIRECTION('',(0.956941,0,0.290284));
#5945=VECTOR('',#5944,0.811433);
#5946=LINE('',#1178,#5945);
#5947=EDGE_CURVE('',#1179,#1187,#5946,.T.);
#5948=ORIENTED_EDGE('',*,*,#5947,.F.);
#5949=DIRECTION('',(0.973877,0,0.227077));
#5950=VECTOR('',#5949,0.811433);
#5951=LINE('',#1176,#5950);
#5952=EDGE_CURVE('',#1177,#1179,#5951,.T.);
#5953=ORIENTED_EDGE('',*,*,#5952,.F.);
#5954=DIRECTION('',(0.986643,0,0.162896));
#5955=VECTOR('',#5954,0.811433);
#5956=LINE('',#1168,#5955);
#5957=EDGE_CURVE('',#1169,#1177,#5956,.T.);
#5958=ORIENTED_EDGE('',*,*,#5957,.F.);
#5959=DIRECTION('',(0.995184,0,0.09802));
#5960=VECTOR('',#5959,0.811433);
#5961=LINE('',#1166,#5960);
#5962=EDGE_CURVE('',#1167,#1169,#5961,.T.);
#5963=ORIENTED_EDGE('',*,*,#5962,.F.);
#5964=DIRECTION('',(0.999465,0,0.032716));
#5965=VECTOR('',#5964,0.811433);
#5966=LINE('',#1164,#5965);
#5967=EDGE_CURVE('',#1165,#1167,#5966,.T.);
#5968=ORIENTED_EDGE('',*,*,#5967,.F.);
#5969=DIRECTION('',(0.999465,0,-0.032716));
#5970=VECTOR('',#5969,0.811433);
#5971=LINE('',#400,#5970);
#5972=EDGE_CURVE('',#401,#1165,#5971,.T.);
#5973=ORIENTED_EDGE('',*,*,#5972,.F.);
#5974=DIRECTION('',(0.995184,0,-0.09802));
#5975=VECTOR('',#5974,0.811433);
#5976=LINE('',#398,#5975);
#5977=EDGE_CURVE('',#399,#401,#5976,.T.);
#5978=ORIENTED_EDGE('',*,*,#5977,.F.);
#5979=DIRECTION('',(0.986643,0,-0.162896));
#5980=VECTOR('',#5979,0.811433);
#5981=LINE('',#390,#5980);
#5982=EDGE_CURVE('',#391,#399,#5981,.T.);
#5983=ORIENTED_EDGE('',*,*,#5982,.F.);
#5984=DIRECTION('',(0.973877,0,-0.227077));
#5985=VECTOR('',#5984,0.811433);
#5986=LINE('',#388,#5985);
#5987=EDGE_CURVE('',#389,#391,#5986,.T.);
#5988=ORIENTED_EDGE('',*,*,#5987,.F.);
#5989=DIRECTION('',(0.956941,0,-0.290284));
#5990=VECTOR('',#5989,0.811433);
#5991=LINE('',#382,#5990);
#5992=EDGE_CURVE('',#383,#389,#5991,.T.);
#5993=ORIENTED_EDGE('',*,*,#5992,.F.);
#5994=DIRECTION('',(0.935906,0,-0.35225));
#5995=VECTOR('',#5994,0.811433);
#5996=LINE('',#380,#5995);
#5997=EDGE_CURVE('',#381,#383,#5996,.T.);
#5998=ORIENTED_EDGE('',*,*,#5997,.F.);
#5999=DIRECTION('',(-0.910864,0,0.412707));
#6000=VECTOR('',#5999,0.811433);
#6001=LINE('',#380,#6000);
#6002=EDGE_CURVE('',#381,#385,#6001,.T.);
#6003=ORIENTED_EDGE('',*,*,#6002,.T.);
#6004=DIRECTION('',(0.881921,0,-0.471397));
#6005=VECTOR('',#6004,0.811433);
#6006=LINE('',#378,#6005);
#6007=EDGE_CURVE('',#379,#385,#6006,.T.);
#6008=ORIENTED_EDGE('',*,*,#6007,.F.);
#6009=DIRECTION('',(-0.849203,0,0.528066));
#6010=VECTOR('',#6009,0.811432);
#6011=LINE('',#378,#6010);
#6012=EDGE_CURVE('',#379,#449,#6011,.T.);
#6013=ORIENTED_EDGE('',*,*,#6012,.T.);
#6014=DIRECTION('',(-0.812847,0,0.582477));
#6015=VECTOR('',#6014,0.811433);
#6016=LINE('',#448,#6015);
#6017=EDGE_CURVE('',#449,#451,#6016,.T.);
#6018=ORIENTED_EDGE('',*,*,#6017,.T.);
#6019=DIRECTION('',(0.773009,0,-0.634395));
#6020=VECTOR('',#6019,0.811435);
#6021=LINE('',#408,#6020);
#6022=EDGE_CURVE('',#409,#451,#6021,.T.);
#6023=ORIENTED_EDGE('',*,*,#6022,.F.);
#6024=DIRECTION('',(0.729865,0,-0.683591));
#6025=VECTOR('',#6024,0.811432);
#6026=LINE('',#406,#6025);
#6027=EDGE_CURVE('',#407,#409,#6026,.T.);
#6028=ORIENTED_EDGE('',*,*,#6027,.F.);
#6029=DIRECTION('',(-0.683593,0,0.729863));
#6030=VECTOR('',#6029,0.811434);
#6031=LINE('',#406,#6030);
#6032=EDGE_CURVE('',#407,#415,#6031,.T.);
#6033=ORIENTED_EDGE('',*,*,#6032,.T.);
#6034=DIRECTION('',(0.634393,0,-0.773011));
#6035=VECTOR('',#6034,0.811434);
#6036=LINE('',#410,#6035);
#6037=EDGE_CURVE('',#411,#415,#6036,.T.);
#6038=ORIENTED_EDGE('',*,*,#6037,.F.);
#6039=DIRECTION('',(-0.582477,0,0.812847));
#6040=VECTOR('',#6039,0.811435);
#6041=LINE('',#410,#6040);
#6042=EDGE_CURVE('',#411,#413,#6041,.T.);
#6043=ORIENTED_EDGE('',*,*,#6042,.T.);
#6044=DIRECTION('',(-0.528067,0,0.849203));
#6045=VECTOR('',#6044,0.811434);
#6046=LINE('',#412,#6045);
#6047=EDGE_CURVE('',#413,#431,#6046,.T.);
#6048=ORIENTED_EDGE('',*,*,#6047,.T.);
#6049=DIRECTION('',(-0.471397,0,0.881921));
#6050=VECTOR('',#6049,0.811431);
#6051=LINE('',#430,#6050);
#6052=EDGE_CURVE('',#431,#433,#6051,.T.);
#6053=ORIENTED_EDGE('',*,*,#6052,.T.);
#6054=DIRECTION('',(-0.412707,0,0.910864));
#6055=VECTOR('',#6054,0.811433);
#6056=LINE('',#432,#6055);
#6057=EDGE_CURVE('',#433,#437,#6056,.T.);
#6058=ORIENTED_EDGE('',*,*,#6057,.T.);
#6059=DIRECTION('',(0.35225,0,-0.935906));
#6060=VECTOR('',#6059,0.811434);
#6061=LINE('',#424,#6060);
#6062=EDGE_CURVE('',#425,#437,#6061,.T.);
#6063=ORIENTED_EDGE('',*,*,#6062,.F.);
#6064=DIRECTION('',(-0.290284,0,0.956941));
#6065=VECTOR('',#6064,0.811433);
#6066=LINE('',#424,#6065);
#6067=EDGE_CURVE('',#425,#427,#6066,.T.);
#6068=ORIENTED_EDGE('',*,*,#6067,.T.);
#6069=DIRECTION('',(-0.227077,0,0.973877));
#6070=VECTOR('',#6069,0.811433);
#6071=LINE('',#426,#6070);
#6072=EDGE_CURVE('',#427,#429,#6071,.T.);
#6073=ORIENTED_EDGE('',*,*,#6072,.T.);
#6074=DIRECTION('',(-0.162896,0,0.986643));
#6075=VECTOR('',#6074,0.811434);
#6076=LINE('',#428,#6075);
#6077=EDGE_CURVE('',#429,#589,#6076,.T.);
#6078=ORIENTED_EDGE('',*,*,#6077,.T.);
#6079=DIRECTION('',(-0.098016,0,0.995185));
#6080=VECTOR('',#6079,0.811433);
#6081=LINE('',#588,#6080);
#6082=EDGE_CURVE('',#589,#591,#6081,.T.);
#6083=ORIENTED_EDGE('',*,*,#6082,.T.);
#6084=DIRECTION('',(-0.032719,0,0.999465));
#6085=VECTOR('',#6084,0.811433);
#6086=LINE('',#590,#6085);
#6087=EDGE_CURVE('',#591,#593,#6086,.T.);
#6088=ORIENTED_EDGE('',*,*,#6087,.T.);
#6089=DIRECTION('',(0.032719,0,0.999465));
#6090=VECTOR('',#6089,0.811433);
#6091=LINE('',#592,#6090);
#6092=EDGE_CURVE('',#593,#595,#6091,.T.);
#6093=ORIENTED_EDGE('',*,*,#6092,.T.);
#6094=DIRECTION('',(0.098016,0,0.995185));
#6095=VECTOR('',#6094,0.811433);
#6096=LINE('',#594,#6095);
#6097=EDGE_CURVE('',#595,#597,#6096,.T.);
#6098=ORIENTED_EDGE('',*,*,#6097,.T.);
#6099=DIRECTION('',(0.162896,0,0.986643));
#6100=VECTOR('',#6099,0.811432);
#6101=LINE('',#596,#6100);
#6102=EDGE_CURVE('',#597,#609,#6101,.T.);
#6103=ORIENTED_EDGE('',*,*,#6102,.T.);
#6104=DIRECTION('',(0.227076,0,0.973877));
#6105=VECTOR('',#6104,0.811435);
#6106=LINE('',#608,#6105);
#6107=EDGE_CURVE('',#609,#611,#6106,.T.);
#6108=ORIENTED_EDGE('',*,*,#6107,.T.);
#6109=DIRECTION('',(0.290284,0,0.956941));
#6110=VECTOR('',#6109,0.811433);
#6111=LINE('',#610,#6110);
#6112=EDGE_CURVE('',#611,#613,#6111,.T.);
#6113=ORIENTED_EDGE('',*,*,#6112,.T.);
#6114=DIRECTION('',(0.352251,0,0.935906));
#6115=VECTOR('',#6114,0.811432);
#6116=LINE('',#612,#6115);
#6117=EDGE_CURVE('',#613,#621,#6116,.T.);
#6118=ORIENTED_EDGE('',*,*,#6117,.T.);
#6119=DIRECTION('',(0.412707,0,0.910864));
#6120=VECTOR('',#6119,0.811433);
#6121=LINE('',#620,#6120);
#6122=EDGE_CURVE('',#621,#627,#6121,.T.);
#6123=ORIENTED_EDGE('',*,*,#6122,.T.);
#6124=DIRECTION('',(0.471396,0,0.881922));
#6125=VECTOR('',#6124,0.811433);
#6126=LINE('',#626,#6125);
#6127=EDGE_CURVE('',#627,#629,#6126,.T.);
#6128=ORIENTED_EDGE('',*,*,#6127,.T.);
#6129=DIRECTION('',(0.528067,0,0.849203));
#6130=VECTOR('',#6129,0.811434);
#6131=LINE('',#628,#6130);
#6132=EDGE_CURVE('',#629,#635,#6131,.T.);
#6133=ORIENTED_EDGE('',*,*,#6132,.T.);
#6134=DIRECTION('',(0.582478,0,0.812847));
#6135=VECTOR('',#6134,0.811433);
#6136=LINE('',#634,#6135);
#6137=EDGE_CURVE('',#635,#637,#6136,.T.);
#6138=ORIENTED_EDGE('',*,*,#6137,.T.);
#6139=DIRECTION('',(0.634393,0,0.773011));
#6140=VECTOR('',#6139,0.811434);
#6141=LINE('',#636,#6140);
#6142=EDGE_CURVE('',#637,#641,#6141,.T.);
#6143=ORIENTED_EDGE('',*,*,#6142,.T.);
#6144=DIRECTION('',(0.683593,0,0.729863));
#6145=VECTOR('',#6144,0.811434);
#6146=LINE('',#640,#6145);
#6147=EDGE_CURVE('',#641,#647,#6146,.T.);
#6148=ORIENTED_EDGE('',*,*,#6147,.T.);
#6149=DIRECTION('',(0.729864,0,0.683592));
#6150=VECTOR('',#6149,0.811433);
#6151=LINE('',#646,#6150);
#6152=EDGE_CURVE('',#647,#649,#6151,.T.);
#6153=ORIENTED_EDGE('',*,*,#6152,.T.);
#6154=DIRECTION('',(0.77301,0,0.634394));
#6155=VECTOR('',#6154,0.811434);
#6156=LINE('',#648,#6155);
#6157=EDGE_CURVE('',#649,#657,#6156,.T.);
#6158=ORIENTED_EDGE('',*,*,#6157,.T.);
#6159=DIRECTION('',(0.812847,0,0.582477));
#6160=VECTOR('',#6159,0.811433);
#6161=LINE('',#656,#6160);
#6162=EDGE_CURVE('',#657,#659,#6161,.T.);
#6163=ORIENTED_EDGE('',*,*,#6162,.T.);
#6164=DIRECTION('',(0.849202,0,0.528067));
#6165=VECTOR('',#6164,0.811433);
#6166=LINE('',#658,#6165);
#6167=EDGE_CURVE('',#659,#667,#6166,.T.);
#6168=ORIENTED_EDGE('',*,*,#6167,.T.);
#6169=DIRECTION('',(0.881921,0,0.471397));
#6170=VECTOR('',#6169,0.811433);
#6171=LINE('',#666,#6170);
#6172=EDGE_CURVE('',#667,#669,#6171,.T.);
#6173=ORIENTED_EDGE('',*,*,#6172,.T.);
#6174=DIRECTION('',(0.910864,0,0.412707));
#6175=VECTOR('',#6174,0.811433);
#6176=LINE('',#668,#6175);
#6177=EDGE_CURVE('',#669,#671,#6176,.T.);
#6178=ORIENTED_EDGE('',*,*,#6177,.T.);
#6179=DIRECTION('',(0.935906,0,0.35225));
#6180=VECTOR('',#6179,0.811433);
#6181=LINE('',#670,#6180);
#6182=EDGE_CURVE('',#671,#673,#6181,.T.);
#6183=ORIENTED_EDGE('',*,*,#6182,.T.);
#6184=DIRECTION('',(0.956941,0,0.290284));
#6185=VECTOR('',#6184,0.811433);
#6186=LINE('',#672,#6185);
#6187=EDGE_CURVE('',#673,#681,#6186,.T.);
#6188=ORIENTED_EDGE('',*,*,#6187,.T.);
#6189=DIRECTION('',(0.973877,0,0.227077));
#6190=VECTOR('',#6189,0.811433);
#6191=LINE('',#680,#6190);
#6192=EDGE_CURVE('',#681,#683,#6191,.T.);
#6193=ORIENTED_EDGE('',*,*,#6192,.T.);
#6194=DIRECTION('',(0.986644,0,0.162894));
#6195=VECTOR('',#6194,0.811433);
#6196=LINE('',#682,#6195);
#6197=EDGE_CURVE('',#683,#689,#6196,.T.);
#6198=ORIENTED_EDGE('',*,*,#6197,.T.);
#6199=DIRECTION('',(0.995185,0,0.098017));
#6200=VECTOR('',#6199,0.811433);
#6201=LINE('',#688,#6200);
#6202=EDGE_CURVE('',#689,#691,#6201,.T.);
#6203=ORIENTED_EDGE('',*,*,#6202,.T.);
#6204=DIRECTION('',(0.999465,0,0.03272));
#6205=VECTOR('',#6204,0.811433);
#6206=LINE('',#690,#6205);
#6207=EDGE_CURVE('',#691,#1717,#6206,.T.);
#6208=ORIENTED_EDGE('',*,*,#6207,.T.);
#6209=DIRECTION('',(0.999465,0,-0.03272));
#6210=VECTOR('',#6209,0.811433);
#6211=LINE('',#1716,#6210);
#6212=EDGE_CURVE('',#1717,#1719,#6211,.T.);
#6213=ORIENTED_EDGE('',*,*,#6212,.T.);
#6214=DIRECTION('',(0.995185,0,-0.098017));
#6215=VECTOR('',#6214,0.811433);
#6216=LINE('',#1718,#6215);
#6217=EDGE_CURVE('',#1719,#1721,#6216,.T.);
#6218=ORIENTED_EDGE('',*,*,#6217,.T.);
#6219=DIRECTION('',(0.986644,0,-0.162894));
#6220=VECTOR('',#6219,0.811433);
#6221=LINE('',#1720,#6220);
#6222=EDGE_CURVE('',#1721,#1729,#6221,.T.);
#6223=ORIENTED_EDGE('',*,*,#6222,.T.);
#6224=DIRECTION('',(0.973877,0,-0.227077));
#6225=VECTOR('',#6224,0.811433);
#6226=LINE('',#1728,#6225);
#6227=EDGE_CURVE('',#1729,#1731,#6226,.T.);
#6228=ORIENTED_EDGE('',*,*,#6227,.T.);
#6229=DIRECTION('',(0.956941,0,-0.290284));
#6230=VECTOR('',#6229,0.811433);
#6231=LINE('',#1730,#6230);
#6232=EDGE_CURVE('',#1731,#1737,#6231,.T.);
#6233=ORIENTED_EDGE('',*,*,#6232,.T.);
#6234=DIRECTION('',(-0.935906,0,0.35225));
#6235=VECTOR('',#6234,0.811433);
#6236=LINE('',#1732,#6235);
#6237=EDGE_CURVE('',#1733,#1737,#6236,.T.);
#6238=ORIENTED_EDGE('',*,*,#6237,.F.);
#6239=DIRECTION('',(0.910864,0,-0.412707));
#6240=VECTOR('',#6239,0.811433);
#6241=LINE('',#1732,#6240);
#6242=EDGE_CURVE('',#1733,#1735,#6241,.T.);
#6243=ORIENTED_EDGE('',*,*,#6242,.T.);
#6244=DIRECTION('',(0.881921,0,-0.471397));
#6245=VECTOR('',#6244,0.811433);
#6246=LINE('',#1734,#6245);
#6247=EDGE_CURVE('',#1735,#1739,#6246,.T.);
#6248=ORIENTED_EDGE('',*,*,#6247,.T.);
#6249=EDGE_LOOP('',(#5773,#5778,#5783,#5788,#5793,#5798,#5803,#5808,#5813,#5818,#5823,#5828,#5833,#5838,#5843,#5848,#5853,#5858,#5863,#5868,#5873,#5878,#5883,#5888,#5893,#5898,#5903,#5908,#5913,#5918,#5923,#5928,#5933,#5938,#5943,#5948,#5953,#5958,#5963,#5968,#5973,#5978,#5983,#5988,#5993,#5998,#6003,#6008,#6013,#6018,#6023,#6028,#6033,#6038,#6043,#6048,#6053,#6058,#6063,#6068,#6073,#6078,#6083,#6088,#6093,#6098,#6103,#6108,#6113,#6118,#6123,#6128,#6133,#6138,#6143,#6148,#6153,#6158,#6163,#6168,#6173,#6178,#6183,#6188,#6193,#6198,#6203,#6208,#6213,#6218,#6223,#6228,#6233,#6238,#6243,#6248));
#6250=FACE_OUTER_BOUND('',#6249,.T.);
#6251=ORIENTED_EDGE('',*,*,#3973,.F.);
#6252=ORIENTED_EDGE('',*,*,#3948,.T.);
#6253=ORIENTED_EDGE('',*,*,#3995,.F.);
#6254=ORIENTED_EDGE('',*,*,#4016,.T.);
#6255=ORIENTED_EDGE('',*,*,#4035,.T.);
#6256=ORIENTED_EDGE('',*,*,#4047,.T.);
#6257=ORIENTED_EDGE('',*,*,#4066,.T.);
#6258=ORIENTED_EDGE('',*,*,#4869,.T.);
#6259=ORIENTED_EDGE('',*,*,#4883,.T.);
#6260=ORIENTED_EDGE('',*,*,#4902,.T.);
#6261=ORIENTED_EDGE('',*,*,#4921,.T.);
#6262=ORIENTED_EDGE('',*,*,#4945,.T.);
#6263=ORIENTED_EDGE('',*,*,#4964,.T.);
#6264=ORIENTED_EDGE('',*,*,#4978,.T.);
#6265=ORIENTED_EDGE('',*,*,#5002,.T.);
#6266=ORIENTED_EDGE('',*,*,#5016,.T.);
#6267=ORIENTED_EDGE('',*,*,#5040,.T.);
#6268=ORIENTED_EDGE('',*,*,#5054,.T.);
#6269=ORIENTED_EDGE('',*,*,#5079,.T.);
#6270=ORIENTED_EDGE('',*,*,#5097,.T.);
#6271=ORIENTED_EDGE('',*,*,#5118,.T.);
#6272=ORIENTED_EDGE('',*,*,#5130,.T.);
#6273=ORIENTED_EDGE('',*,*,#5149,.T.);
#6274=ORIENTED_EDGE('',*,*,#5174,.T.);
#6275=ORIENTED_EDGE('',*,*,#5193,.T.);
#6276=ORIENTED_EDGE('',*,*,#5212,.T.);
#6277=ORIENTED_EDGE('',*,*,#5231,.T.);
#6278=ORIENTED_EDGE('',*,*,#5249,.T.);
#6279=ORIENTED_EDGE('',*,*,#5269,.T.);
#6280=ORIENTED_EDGE('',*,*,#5282,.T.);
#6281=ORIENTED_EDGE('',*,*,#5301,.T.);
#6282=ORIENTED_EDGE('',*,*,#5325,.T.);
#6283=ORIENTED_EDGE('',*,*,#5339,.T.);
#6284=ORIENTED_EDGE('',*,*,#5358,.T.);
#6285=ORIENTED_EDGE('',*,*,#5384,.T.);
#6286=ORIENTED_EDGE('',*,*,#5401,.T.);
#6287=ORIENTED_EDGE('',*,*,#5415,.T.);
#6288=ORIENTED_EDGE('',*,*,#5441,.T.);
#6289=ORIENTED_EDGE('',*,*,#5458,.T.);
#6290=ORIENTED_EDGE('',*,*,#5477,.F.);
#6291=ORIENTED_EDGE('',*,*,#5724,.T.);
#6292=ORIENTED_EDGE('',*,*,#5744,.T.);
#6293=ORIENTED_EDGE('',*,*,#5760,.T.);
#6294=ORIENTED_EDGE('',*,*,#5590,.F.);
#6295=ORIENTED_EDGE('',*,*,#5557,.T.);
#6296=ORIENTED_EDGE('',*,*,#5539,.F.);
#6297=ORIENTED_EDGE('',*,*,#5575,.F.);
#6298=ORIENTED_EDGE('',*,*,#5516,.T.);
#6299=ORIENTED_EDGE('',*,*,#5491,.F.);
#6300=ORIENTED_EDGE('',*,*,#5707,.T.);
#6301=ORIENTED_EDGE('',*,*,#5686,.F.);
#6302=ORIENTED_EDGE('',*,*,#5653,.F.);
#6303=ORIENTED_EDGE('',*,*,#5673,.F.);
#6304=ORIENTED_EDGE('',*,*,#5630,.F.);
#6305=ORIENTED_EDGE('',*,*,#5609,.F.);
#6306=ORIENTED_EDGE('',*,*,#4852,.F.);
#6307=ORIENTED_EDGE('',*,*,#4833,.F.);
#6308=ORIENTED_EDGE('',*,*,#4814,.F.);
#6309=ORIENTED_EDGE('',*,*,#4790,.F.);
#6310=ORIENTED_EDGE('',*,*,#4776,.F.);
#6311=ORIENTED_EDGE('',*,*,#4752,.F.);
#6312=ORIENTED_EDGE('',*,*,#4733,.F.);
#6313=ORIENTED_EDGE('',*,*,#4712,.F.);
#6314=ORIENTED_EDGE('',*,*,#4700,.F.);
#6315=ORIENTED_EDGE('',*,*,#4681,.F.);
#6316=ORIENTED_EDGE('',*,*,#4656,.F.);
#6317=ORIENTED_EDGE('',*,*,#4638,.F.);
#6318=ORIENTED_EDGE('',*,*,#4617,.F.);
#6319=ORIENTED_EDGE('',*,*,#4598,.F.);
#6320=ORIENTED_EDGE('',*,*,#4581,.F.);
#6321=ORIENTED_EDGE('',*,*,#4561,.F.);
#6322=ORIENTED_EDGE('',*,*,#4548,.F.);
#6323=ORIENTED_EDGE('',*,*,#4523,.F.);
#6324=ORIENTED_EDGE('',*,*,#4505,.F.);
#6325=ORIENTED_EDGE('',*,*,#4491,.F.);
#6326=ORIENTED_EDGE('',*,*,#4465,.F.);
#6327=ORIENTED_EDGE('',*,*,#4447,.F.);
#6328=ORIENTED_EDGE('',*,*,#4434,.F.);
#6329=ORIENTED_EDGE('',*,*,#4408,.F.);
#6330=ORIENTED_EDGE('',*,*,#4391,.F.);
#6331=ORIENTED_EDGE('',*,*,#4371,.F.);
#6332=ORIENTED_EDGE('',*,*,#4358,.F.);
#6333=ORIENTED_EDGE('',*,*,#4261,.F.);
#6334=ORIENTED_EDGE('',*,*,#4241,.F.);
#6335=ORIENTED_EDGE('',*,*,#4223,.F.);
#6336=ORIENTED_EDGE('',*,*,#4204,.F.);
#6337=ORIENTED_EDGE('',*,*,#4184,.F.);
#6338=ORIENTED_EDGE('',*,*,#4172,.F.);
#6339=ORIENTED_EDGE('',*,*,#4146,.F.);
#6340=ORIENTED_EDGE('',*,*,#4128,.F.);
#6341=ORIENTED_EDGE('',*,*,#4109,.F.);
#6342=ORIENTED_EDGE('',*,*,#4090,.T.);
#6343=ORIENTED_EDGE('',*,*,#4302,.F.);
#6344=ORIENTED_EDGE('',*,*,#4323,.F.);
#6345=ORIENTED_EDGE('',*,*,#4290,.T.);
#6346=ORIENTED_EDGE('',*,*,#4338,.F.);
#6347=EDGE_LOOP('',(#6251,#6252,#6253,#6254,#6255,#6256,#6257,#6258,#6259,#6260,#6261,#6262,#6263,#6264,#6265,#6266,#6267,#6268,#6269,#6270,#6271,#6272,#6273,#6274,#6275,#6276,#6277,#6278,#6279,#6280,#6281,#6282,#6283,#6284,#6285,#6286,#6287,#6288,#6289,#6290,#6291,#6292,#6293,#6294,#6295,#6296,#6297,#6298,#6299,#6300,#6301,#6302,#6303,#6304,#6305,#6306,#6307,#6308,#6309,#6310,#6311,#6312,#6313,#6314,#6315,#6316,#6317,#6318,#6319,#6320,#6321,#6322,#6323,#6324,#6325,#6326,#6327,#6328,#6329,#6330,#6331,#6332,#6333,#6334,#6335,#6336,#6337,#6338,#6339,#6340,#6341,#6342,#6343,#6344,#6345,#6346));
#6348=FACE_BOUND('',#6347,.T.);
#6349=ADVANCED_FACE('',(#6250,#6348),#5768,.T.);
#6350=DIRECTION('',(0.528066,0,0.849203));
#6351=DIRECTION('',(0,-1,0));
#6352=AXIS2_PLACEMENT_3D('',#378,#6350,#6351);
#6353=PLANE('',#6352);
#6354=DIRECTION('',(0,1,0));
#6355=VECTOR('',#6354,46);
#6356=LINE('',#378,#6355);
#6357=EDGE_CURVE('',#379,#963,#6356,.T.);
#6358=ORIENTED_EDGE('',*,*,#6357,.T.);
#6359=ORIENTED_EDGE('',*,*,#2827,.T.);
#6360=DIRECTION('',(0,1,0));
#6361=VECTOR('',#6360,46);
#6362=LINE('',#448,#6361);
#6363=EDGE_CURVE('',#449,#1001,#6362,.T.);
#6364=ORIENTED_EDGE('',*,*,#6363,.F.);
#6365=ORIENTED_EDGE('',*,*,#6012,.F.);
#6366=EDGE_LOOP('',(#6358,#6359,#6364,#6365));
#6367=FACE_OUTER_BOUND('',#6366,.T.);
#6368=ADVANCED_FACE('',(#6367),#6353,.T.);
#6369=DIRECTION('',(0.35225,0,0.935906));
#6370=DIRECTION('',(0,-1,0));
#6371=AXIS2_PLACEMENT_3D('',#964,#6369,#6370);
#6372=PLANE('',#6371);
#6373=DIRECTION('',(0,1,0));
#6374=VECTOR('',#6373,46);
#6375=LINE('',#380,#6374);
#6376=EDGE_CURVE('',#381,#965,#6375,.T.);
#6377=ORIENTED_EDGE('',*,*,#6376,.F.);
#6378=ORIENTED_EDGE('',*,*,#5997,.T.);
#6379=DIRECTION('',(0,1,0));
#6380=VECTOR('',#6379,46);
#6381=LINE('',#382,#6380);
#6382=EDGE_CURVE('',#383,#967,#6381,.T.);
#6383=ORIENTED_EDGE('',*,*,#6382,.T.);
#6384=ORIENTED_EDGE('',*,*,#2842,.F.);
#6385=EDGE_LOOP('',(#6377,#6378,#6383,#6384));
#6386=FACE_OUTER_BOUND('',#6385,.T.);
#6387=ADVANCED_FACE('',(#6386),#6372,.T.);
#6388=DIRECTION('',(0.471397,-0,0.881921));
#6389=DIRECTION('',(0,-1,-0));
#6390=AXIS2_PLACEMENT_3D('',#378,#6388,#6389);
#6391=PLANE('',#6390);
#6392=ORIENTED_EDGE('',*,*,#6007,.T.);
#6393=DIRECTION('',(0,1,0));
#6394=VECTOR('',#6393,46);
#6395=LINE('',#384,#6394);
#6396=EDGE_CURVE('',#385,#969,#6395,.T.);
#6397=ORIENTED_EDGE('',*,*,#6396,.T.);
#6398=ORIENTED_EDGE('',*,*,#2832,.F.);
#6399=ORIENTED_EDGE('',*,*,#6357,.F.);
#6400=EDGE_LOOP('',(#6392,#6397,#6398,#6399));
#6401=FACE_OUTER_BOUND('',#6400,.T.);
#6402=ADVANCED_FACE('',(#6401),#6391,.T.);
#6403=DIRECTION('',(0.412707,0,0.910864));
#6404=DIRECTION('',(0,-1,0));
#6405=AXIS2_PLACEMENT_3D('',#384,#6403,#6404);
#6406=PLANE('',#6405);
#6407=ORIENTED_EDGE('',*,*,#6002,.F.);
#6408=ORIENTED_EDGE('',*,*,#6376,.T.);
#6409=ORIENTED_EDGE('',*,*,#2837,.T.);
#6410=ORIENTED_EDGE('',*,*,#6396,.F.);
#6411=EDGE_LOOP('',(#6407,#6408,#6409,#6410));
#6412=FACE_OUTER_BOUND('',#6411,.T.);
#6413=ADVANCED_FACE('',(#6412),#6406,.T.);
#6414=DIRECTION('',(0.290284,0,0.956941));
#6415=DIRECTION('',(0,-1,0));
#6416=AXIS2_PLACEMENT_3D('',#382,#6414,#6415);
#6417=PLANE('',#6416);
#6418=ORIENTED_EDGE('',*,*,#5992,.T.);
#6419=DIRECTION('',(0,1,0));
#6420=VECTOR('',#6419,46);
#6421=LINE('',#388,#6420);
#6422=EDGE_CURVE('',#389,#971,#6421,.T.);
#6423=ORIENTED_EDGE('',*,*,#6422,.T.);
#6424=ORIENTED_EDGE('',*,*,#2847,.F.);
#6425=ORIENTED_EDGE('',*,*,#6382,.F.);
#6426=EDGE_LOOP('',(#6418,#6423,#6424,#6425));
#6427=FACE_OUTER_BOUND('',#6426,.T.);
#6428=ADVANCED_FACE('',(#6427),#6417,.T.);
#6429=DIRECTION('',(0.227077,0,0.973877));
#6430=DIRECTION('',(0,-1,0));
#6431=AXIS2_PLACEMENT_3D('',#972,#6429,#6430);
#6432=PLANE('',#6431);
#6433=ORIENTED_EDGE('',*,*,#2852,.F.);
#6434=ORIENTED_EDGE('',*,*,#6422,.F.);
#6435=ORIENTED_EDGE('',*,*,#5987,.T.);
#6436=DIRECTION('',(0,1,0));
#6437=VECTOR('',#6436,46);
#6438=LINE('',#390,#6437);
#6439=EDGE_CURVE('',#391,#973,#6438,.T.);
#6440=ORIENTED_EDGE('',*,*,#6439,.T.);
#6441=EDGE_LOOP('',(#6433,#6434,#6435,#6440));
#6442=FACE_OUTER_BOUND('',#6441,.T.);
#6443=ADVANCED_FACE('',(#6442),#6432,.T.);
#6444=DIRECTION('',(0.162896,0,0.986643));
#6445=DIRECTION('',(0,-1,0));
#6446=AXIS2_PLACEMENT_3D('',#390,#6444,#6445);
#6447=PLANE('',#6446);
#6448=ORIENTED_EDGE('',*,*,#5982,.T.);
#6449=DIRECTION('',(0,1,0));
#6450=VECTOR('',#6449,46);
#6451=LINE('',#398,#6450);
#6452=EDGE_CURVE('',#399,#975,#6451,.T.);
#6453=ORIENTED_EDGE('',*,*,#6452,.T.);
#6454=ORIENTED_EDGE('',*,*,#2857,.F.);
#6455=ORIENTED_EDGE('',*,*,#6439,.F.);
#6456=EDGE_LOOP('',(#6448,#6453,#6454,#6455));
#6457=FACE_OUTER_BOUND('',#6456,.T.);
#6458=ADVANCED_FACE('',(#6457),#6447,.T.);
#6459=DIRECTION('',(0.09802,0,0.995184));
#6460=DIRECTION('',(0,-1,0));
#6461=AXIS2_PLACEMENT_3D('',#400,#6459,#6460);
#6462=PLANE('',#6461);
#6463=DIRECTION('',(0,1,0));
#6464=VECTOR('',#6463,46);
#6465=LINE('',#400,#6464);
#6466=EDGE_CURVE('',#401,#977,#6465,.T.);
#6467=ORIENTED_EDGE('',*,*,#6466,.T.);
#6468=ORIENTED_EDGE('',*,*,#2862,.F.);
#6469=ORIENTED_EDGE('',*,*,#6452,.F.);
#6470=ORIENTED_EDGE('',*,*,#5977,.T.);
#6471=EDGE_LOOP('',(#6467,#6468,#6469,#6470));
#6472=FACE_OUTER_BOUND('',#6471,.T.);
#6473=ADVANCED_FACE('',(#6472),#6462,.T.);
#6474=DIRECTION('',(0.032716,0,0.999465));
#6475=DIRECTION('',(0,-1,0));
#6476=AXIS2_PLACEMENT_3D('',#400,#6474,#6475);
#6477=PLANE('',#6476);
#6478=ORIENTED_EDGE('',*,*,#5972,.T.);
#6479=DIRECTION('',(0,1,0));
#6480=VECTOR('',#6479,46);
#6481=LINE('',#1164,#6480);
#6482=EDGE_CURVE('',#1165,#1757,#6481,.T.);
#6483=ORIENTED_EDGE('',*,*,#6482,.T.);
#6484=ORIENTED_EDGE('',*,*,#2867,.F.);
#6485=ORIENTED_EDGE('',*,*,#6466,.F.);
#6486=EDGE_LOOP('',(#6478,#6483,#6484,#6485));
#6487=FACE_OUTER_BOUND('',#6486,.T.);
#6488=ADVANCED_FACE('',(#6487),#6477,.T.);
#6489=DIRECTION('',(0.634395,0,0.773009));
#6490=DIRECTION('',(0,-1,0));
#6491=AXIS2_PLACEMENT_3D('',#450,#6489,#6490);
#6492=PLANE('',#6491);
#6493=DIRECTION('',(0,1,0));
#6494=VECTOR('',#6493,46);
#6495=LINE('',#450,#6494);
#6496=EDGE_CURVE('',#451,#1003,#6495,.T.);
#6497=ORIENTED_EDGE('',*,*,#6496,.T.);
#6498=ORIENTED_EDGE('',*,*,#2817,.F.);
#6499=DIRECTION('',(0,1,0));
#6500=VECTOR('',#6499,46);
#6501=LINE('',#408,#6500);
#6502=EDGE_CURVE('',#409,#981,#6501,.T.);
#6503=ORIENTED_EDGE('',*,*,#6502,.F.);
#6504=ORIENTED_EDGE('',*,*,#6022,.T.);
#6505=EDGE_LOOP('',(#6497,#6498,#6503,#6504));
#6506=FACE_OUTER_BOUND('',#6505,.T.);
#6507=ADVANCED_FACE('',(#6506),#6492,.T.);
#6508=DIRECTION('',(0.729863,0,0.683593));
#6509=DIRECTION('',(0,-1,0));
#6510=AXIS2_PLACEMENT_3D('',#406,#6508,#6509);
#6511=PLANE('',#6510);
#6512=DIRECTION('',(0,1,0));
#6513=VECTOR('',#6512,46);
#6514=LINE('',#406,#6513);
#6515=EDGE_CURVE('',#407,#979,#6514,.T.);
#6516=ORIENTED_EDGE('',*,*,#6515,.T.);
#6517=ORIENTED_EDGE('',*,*,#2807,.T.);
#6518=DIRECTION('',(0,1,0));
#6519=VECTOR('',#6518,46);
#6520=LINE('',#414,#6519);
#6521=EDGE_CURVE('',#415,#987,#6520,.T.);
#6522=ORIENTED_EDGE('',*,*,#6521,.F.);
#6523=ORIENTED_EDGE('',*,*,#6032,.F.);
#6524=EDGE_LOOP('',(#6516,#6517,#6522,#6523));
#6525=FACE_OUTER_BOUND('',#6524,.T.);
#6526=ADVANCED_FACE('',(#6525),#6511,.T.);
#6527=DIRECTION('',(0.683591,-0,0.729865));
#6528=DIRECTION('',(0,-1,-0));
#6529=AXIS2_PLACEMENT_3D('',#978,#6527,#6528);
#6530=PLANE('',#6529);
#6531=ORIENTED_EDGE('',*,*,#6515,.F.);
#6532=ORIENTED_EDGE('',*,*,#6027,.T.);
#6533=ORIENTED_EDGE('',*,*,#6502,.T.);
#6534=ORIENTED_EDGE('',*,*,#2812,.F.);
#6535=EDGE_LOOP('',(#6531,#6532,#6533,#6534));
#6536=FACE_OUTER_BOUND('',#6535,.T.);
#6537=ADVANCED_FACE('',(#6536),#6530,.T.);
#6538=DIRECTION('',(0.812847,-0,0.582477));
#6539=DIRECTION('',(0,-1,-0));
#6540=AXIS2_PLACEMENT_3D('',#982,#6538,#6539);
#6541=PLANE('',#6540);
#6542=ORIENTED_EDGE('',*,*,#2797,.T.);
#6543=DIRECTION('',(0,1,0));
#6544=VECTOR('',#6543,46);
#6545=LINE('',#412,#6544);
#6546=EDGE_CURVE('',#413,#985,#6545,.T.);
#6547=ORIENTED_EDGE('',*,*,#6546,.F.);
#6548=ORIENTED_EDGE('',*,*,#6042,.F.);
#6549=DIRECTION('',(0,1,0));
#6550=VECTOR('',#6549,46);
#6551=LINE('',#410,#6550);
#6552=EDGE_CURVE('',#411,#983,#6551,.T.);
#6553=ORIENTED_EDGE('',*,*,#6552,.T.);
#6554=EDGE_LOOP('',(#6542,#6547,#6548,#6553));
#6555=FACE_OUTER_BOUND('',#6554,.T.);
#6556=ADVANCED_FACE('',(#6555),#6541,.T.);
#6557=DIRECTION('',(0.849203,-0,0.528067));
#6558=DIRECTION('',(0,-1,-0));
#6559=AXIS2_PLACEMENT_3D('',#412,#6557,#6558);
#6560=PLANE('',#6559);
#6561=ORIENTED_EDGE('',*,*,#6546,.T.);
#6562=ORIENTED_EDGE('',*,*,#2792,.T.);
#6563=DIRECTION('',(0,1,0));
#6564=VECTOR('',#6563,46);
#6565=LINE('',#430,#6564);
#6566=EDGE_CURVE('',#431,#995,#6565,.T.);
#6567=ORIENTED_EDGE('',*,*,#6566,.F.);
#6568=ORIENTED_EDGE('',*,*,#6047,.F.);
#6569=EDGE_LOOP('',(#6561,#6562,#6567,#6568));
#6570=FACE_OUTER_BOUND('',#6569,.T.);
#6571=ADVANCED_FACE('',(#6570),#6560,.T.);
#6572=DIRECTION('',(0.773011,0,0.634393));
#6573=DIRECTION('',(0,-1,0));
#6574=AXIS2_PLACEMENT_3D('',#986,#6572,#6573);
#6575=PLANE('',#6574);
#6576=ORIENTED_EDGE('',*,*,#2802,.F.);
#6577=ORIENTED_EDGE('',*,*,#6552,.F.);
#6578=ORIENTED_EDGE('',*,*,#6037,.T.);
#6579=ORIENTED_EDGE('',*,*,#6521,.T.);
#6580=EDGE_LOOP('',(#6576,#6577,#6578,#6579));
#6581=FACE_OUTER_BOUND('',#6580,.T.);
#6582=ADVANCED_FACE('',(#6581),#6575,.T.);
#6583=DIRECTION('',(0.956941,-0,0.290284));
#6584=DIRECTION('',(0.290284,0,-0.956941));
#6585=AXIS2_PLACEMENT_3D('',#988,#6583,#6584);
#6586=PLANE('',#6585);
#6587=ORIENTED_EDGE('',*,*,#2772,.T.);
#6588=DIRECTION('',(0,1,0));
#6589=VECTOR('',#6588,46);
#6590=LINE('',#426,#6589);
#6591=EDGE_CURVE('',#427,#991,#6590,.T.);
#6592=ORIENTED_EDGE('',*,*,#6591,.F.);
#6593=ORIENTED_EDGE('',*,*,#6067,.F.);
#6594=DIRECTION('',(0,1,0));
#6595=VECTOR('',#6594,46);
#6596=LINE('',#424,#6595);
#6597=EDGE_CURVE('',#425,#989,#6596,.T.);
#6598=ORIENTED_EDGE('',*,*,#6597,.T.);
#6599=EDGE_LOOP('',(#6587,#6592,#6593,#6598));
#6600=FACE_OUTER_BOUND('',#6599,.T.);
#6601=ADVANCED_FACE('',(#6600),#6586,.T.);
#6602=DIRECTION('',(0.973877,0,0.227077));
#6603=DIRECTION('',(0.227077,0,-0.973877));
#6604=AXIS2_PLACEMENT_3D('',#426,#6602,#6603);
#6605=PLANE('',#6604);
#6606=ORIENTED_EDGE('',*,*,#6591,.T.);
#6607=ORIENTED_EDGE('',*,*,#2767,.T.);
#6608=DIRECTION('',(0,1,0));
#6609=VECTOR('',#6608,46);
#6610=LINE('',#428,#6609);
#6611=EDGE_CURVE('',#429,#993,#6610,.T.);
#6612=ORIENTED_EDGE('',*,*,#6611,.F.);
#6613=ORIENTED_EDGE('',*,*,#6072,.F.);
#6614=EDGE_LOOP('',(#6606,#6607,#6612,#6613));
#6615=FACE_OUTER_BOUND('',#6614,.T.);
#6616=ADVANCED_FACE('',(#6615),#6605,.T.);
#6617=DIRECTION('',(0.986643,-0,0.162896));
#6618=DIRECTION('',(0.162896,0,-0.986643));
#6619=AXIS2_PLACEMENT_3D('',#588,#6617,#6618);
#6620=PLANE('',#6619);
#6621=ORIENTED_EDGE('',*,*,#6077,.F.);
#6622=ORIENTED_EDGE('',*,*,#6611,.T.);
#6623=ORIENTED_EDGE('',*,*,#2762,.T.);
#6624=DIRECTION('',(0,1,0));
#6625=VECTOR('',#6624,46);
#6626=LINE('',#588,#6625);
#6627=EDGE_CURVE('',#589,#1005,#6626,.T.);
#6628=ORIENTED_EDGE('',*,*,#6627,.F.);
#6629=EDGE_LOOP('',(#6621,#6622,#6623,#6628));
#6630=FACE_OUTER_BOUND('',#6629,.T.);
#6631=ADVANCED_FACE('',(#6630),#6620,.T.);
#6632=DIRECTION('',(0.881921,0,0.471397));
#6633=DIRECTION('',(0,-1,0));
#6634=AXIS2_PLACEMENT_3D('',#430,#6632,#6633);
#6635=PLANE('',#6634);
#6636=ORIENTED_EDGE('',*,*,#6566,.T.);
#6637=ORIENTED_EDGE('',*,*,#2787,.T.);
#6638=DIRECTION('',(0,1,0));
#6639=VECTOR('',#6638,46);
#6640=LINE('',#432,#6639);
#6641=EDGE_CURVE('',#433,#997,#6640,.T.);
#6642=ORIENTED_EDGE('',*,*,#6641,.F.);
#6643=ORIENTED_EDGE('',*,*,#6052,.F.);
#6644=EDGE_LOOP('',(#6636,#6637,#6642,#6643));
#6645=FACE_OUTER_BOUND('',#6644,.T.);
#6646=ADVANCED_FACE('',(#6645),#6635,.T.);
#6647=DIRECTION('',(0.910864,-0,0.412707));
#6648=DIRECTION('',(0.412707,0,-0.910864));
#6649=AXIS2_PLACEMENT_3D('',#436,#6647,#6648);
#6650=PLANE('',#6649);
#6651=ORIENTED_EDGE('',*,*,#6057,.F.);
#6652=ORIENTED_EDGE('',*,*,#6641,.T.);
#6653=ORIENTED_EDGE('',*,*,#2782,.T.);
#6654=DIRECTION('',(0,1,0));
#6655=VECTOR('',#6654,46);
#6656=LINE('',#436,#6655);
#6657=EDGE_CURVE('',#437,#999,#6656,.T.);
#6658=ORIENTED_EDGE('',*,*,#6657,.F.);
#6659=EDGE_LOOP('',(#6651,#6652,#6653,#6658));
#6660=FACE_OUTER_BOUND('',#6659,.T.);
#6661=ADVANCED_FACE('',(#6660),#6650,.T.);
#6662=DIRECTION('',(0.935906,-0,0.35225));
#6663=DIRECTION('',(0.35225,0,-0.935906));
#6664=AXIS2_PLACEMENT_3D('',#988,#6662,#6663);
#6665=PLANE('',#6664);
#6666=ORIENTED_EDGE('',*,*,#6597,.F.);
#6667=ORIENTED_EDGE('',*,*,#6062,.T.);
#6668=ORIENTED_EDGE('',*,*,#6657,.T.);
#6669=ORIENTED_EDGE('',*,*,#2777,.F.);
#6670=EDGE_LOOP('',(#6666,#6667,#6668,#6669));
#6671=FACE_OUTER_BOUND('',#6670,.T.);
#6672=ADVANCED_FACE('',(#6671),#6665,.T.);
#6673=DIRECTION('',(0.582477,0,0.812847));
#6674=DIRECTION('',(0,-1,0));
#6675=AXIS2_PLACEMENT_3D('',#448,#6673,#6674);
#6676=PLANE('',#6675);
#6677=ORIENTED_EDGE('',*,*,#6363,.T.);
#6678=ORIENTED_EDGE('',*,*,#2822,.T.);
#6679=ORIENTED_EDGE('',*,*,#6496,.F.);
#6680=ORIENTED_EDGE('',*,*,#6017,.F.);
#6681=EDGE_LOOP('',(#6677,#6678,#6679,#6680));
#6682=FACE_OUTER_BOUND('',#6681,.T.);
#6683=ADVANCED_FACE('',(#6682),#6676,.T.);
#6684=DIRECTION('',(0.995185,-0,0.098016));
#6685=DIRECTION('',(0.098016,0,-0.995185));
#6686=AXIS2_PLACEMENT_3D('',#1004,#6684,#6685);
#6687=PLANE('',#6686);
#6688=ORIENTED_EDGE('',*,*,#2757,.T.);
#6689=DIRECTION('',(0,1,0));
#6690=VECTOR('',#6689,46);
#6691=LINE('',#590,#6690);
#6692=EDGE_CURVE('',#591,#1007,#6691,.T.);
#6693=ORIENTED_EDGE('',*,*,#6692,.F.);
#6694=ORIENTED_EDGE('',*,*,#6082,.F.);
#6695=ORIENTED_EDGE('',*,*,#6627,.T.);
#6696=EDGE_LOOP('',(#6688,#6693,#6694,#6695));
#6697=FACE_OUTER_BOUND('',#6696,.T.);
#6698=ADVANCED_FACE('',(#6697),#6687,.T.);
#6699=DIRECTION('',(0.999465,-0,0.032719));
#6700=DIRECTION('',(0.032719,0,-0.999465));
#6701=AXIS2_PLACEMENT_3D('',#1008,#6699,#6700);
#6702=PLANE('',#6701);
#6703=DIRECTION('',(0,1,0));
#6704=VECTOR('',#6703,46);
#6705=LINE('',#592,#6704);
#6706=EDGE_CURVE('',#593,#1009,#6705,.T.);
#6707=ORIENTED_EDGE('',*,*,#6706,.F.);
#6708=ORIENTED_EDGE('',*,*,#6087,.F.);
#6709=ORIENTED_EDGE('',*,*,#6692,.T.);
#6710=ORIENTED_EDGE('',*,*,#2752,.T.);
#6711=EDGE_LOOP('',(#6707,#6708,#6709,#6710));
#6712=FACE_OUTER_BOUND('',#6711,.T.);
#6713=ADVANCED_FACE('',(#6712),#6702,.T.);
#6714=DIRECTION('',(0.999465,0,-0.032719));
#6715=DIRECTION('',(-0.032719,0,-0.999465));
#6716=AXIS2_PLACEMENT_3D('',#1008,#6714,#6715);
#6717=PLANE('',#6716);
#6718=ORIENTED_EDGE('',*,*,#2747,.T.);
#6719=DIRECTION('',(0,1,0));
#6720=VECTOR('',#6719,46);
#6721=LINE('',#594,#6720);
#6722=EDGE_CURVE('',#595,#1011,#6721,.T.);
#6723=ORIENTED_EDGE('',*,*,#6722,.F.);
#6724=ORIENTED_EDGE('',*,*,#6092,.F.);
#6725=ORIENTED_EDGE('',*,*,#6706,.T.);
#6726=EDGE_LOOP('',(#6718,#6723,#6724,#6725));
#6727=FACE_OUTER_BOUND('',#6726,.T.);
#6728=ADVANCED_FACE('',(#6727),#6717,.T.);
#6729=DIRECTION('',(0.995185,0,-0.098016));
#6730=DIRECTION('',(-0.098016,0,-0.995185));
#6731=AXIS2_PLACEMENT_3D('',#1010,#6729,#6730);
#6732=PLANE('',#6731);
#6733=ORIENTED_EDGE('',*,*,#2742,.T.);
#6734=DIRECTION('',(0,1,0));
#6735=VECTOR('',#6734,46);
#6736=LINE('',#596,#6735);
#6737=EDGE_CURVE('',#597,#1013,#6736,.T.);
#6738=ORIENTED_EDGE('',*,*,#6737,.F.);
#6739=ORIENTED_EDGE('',*,*,#6097,.F.);
#6740=ORIENTED_EDGE('',*,*,#6722,.T.);
#6741=EDGE_LOOP('',(#6733,#6738,#6739,#6740));
#6742=FACE_OUTER_BOUND('',#6741,.T.);
#6743=ADVANCED_FACE('',(#6742),#6732,.T.);
#6744=DIRECTION('',(0.986643,0,-0.162896));
#6745=DIRECTION('',(-0.162896,0,-0.986643));
#6746=AXIS2_PLACEMENT_3D('',#1014,#6744,#6745);
#6747=PLANE('',#6746);
#6748=DIRECTION('',(0,1,0));
#6749=VECTOR('',#6748,46);
#6750=LINE('',#608,#6749);
#6751=EDGE_CURVE('',#609,#1015,#6750,.T.);
#6752=ORIENTED_EDGE('',*,*,#6751,.F.);
#6753=ORIENTED_EDGE('',*,*,#6102,.F.);
#6754=ORIENTED_EDGE('',*,*,#6737,.T.);
#6755=ORIENTED_EDGE('',*,*,#2737,.T.);
#6756=EDGE_LOOP('',(#6752,#6753,#6754,#6755));
#6757=FACE_OUTER_BOUND('',#6756,.T.);
#6758=ADVANCED_FACE('',(#6757),#6747,.T.);
#6759=DIRECTION('',(0.973877,0,-0.227076));
#6760=DIRECTION('',(-0.227076,0,-0.973877));
#6761=AXIS2_PLACEMENT_3D('',#1014,#6759,#6760);
#6762=PLANE('',#6761);
#6763=ORIENTED_EDGE('',*,*,#2732,.T.);
#6764=DIRECTION('',(0,1,0));
#6765=VECTOR('',#6764,46);
#6766=LINE('',#610,#6765);
#6767=EDGE_CURVE('',#611,#1017,#6766,.T.);
#6768=ORIENTED_EDGE('',*,*,#6767,.F.);
#6769=ORIENTED_EDGE('',*,*,#6107,.F.);
#6770=ORIENTED_EDGE('',*,*,#6751,.T.);
#6771=EDGE_LOOP('',(#6763,#6768,#6769,#6770));
#6772=FACE_OUTER_BOUND('',#6771,.T.);
#6773=ADVANCED_FACE('',(#6772),#6762,.T.);
#6774=DIRECTION('',(0.956941,0,-0.290284));
#6775=DIRECTION('',(-0.290284,0,-0.956941));
#6776=AXIS2_PLACEMENT_3D('',#610,#6774,#6775);
#6777=PLANE('',#6776);
#6778=ORIENTED_EDGE('',*,*,#6767,.T.);
#6779=ORIENTED_EDGE('',*,*,#2727,.T.);
#6780=DIRECTION('',(0,1,0));
#6781=VECTOR('',#6780,46);
#6782=LINE('',#612,#6781);
#6783=EDGE_CURVE('',#613,#1019,#6782,.T.);
#6784=ORIENTED_EDGE('',*,*,#6783,.F.);
#6785=ORIENTED_EDGE('',*,*,#6112,.F.);
#6786=EDGE_LOOP('',(#6778,#6779,#6784,#6785));
#6787=FACE_OUTER_BOUND('',#6786,.T.);
#6788=ADVANCED_FACE('',(#6787),#6777,.T.);
#6789=DIRECTION('',(0.935906,0,-0.352251));
#6790=DIRECTION('',(-0.352251,0,-0.935906));
#6791=AXIS2_PLACEMENT_3D('',#620,#6789,#6790);
#6792=PLANE('',#6791);
#6793=ORIENTED_EDGE('',*,*,#6117,.F.);
#6794=ORIENTED_EDGE('',*,*,#6783,.T.);
#6795=ORIENTED_EDGE('',*,*,#2722,.T.);
#6796=DIRECTION('',(0,1,0));
#6797=VECTOR('',#6796,46);
#6798=LINE('',#620,#6797);
#6799=EDGE_CURVE('',#621,#1021,#6798,.T.);
#6800=ORIENTED_EDGE('',*,*,#6799,.F.);
#6801=EDGE_LOOP('',(#6793,#6794,#6795,#6800));
#6802=FACE_OUTER_BOUND('',#6801,.T.);
#6803=ADVANCED_FACE('',(#6802),#6792,.T.);
#6804=DIRECTION('',(0.910864,0,-0.412707));
#6805=DIRECTION('',(-0.412707,0,-0.910864));
#6806=AXIS2_PLACEMENT_3D('',#620,#6804,#6805);
#6807=PLANE('',#6806);
#6808=ORIENTED_EDGE('',*,*,#6799,.T.);
#6809=ORIENTED_EDGE('',*,*,#2717,.T.);
#6810=DIRECTION('',(0,1,0));
#6811=VECTOR('',#6810,46);
#6812=LINE('',#626,#6811);
#6813=EDGE_CURVE('',#627,#1023,#6812,.T.);
#6814=ORIENTED_EDGE('',*,*,#6813,.F.);
#6815=ORIENTED_EDGE('',*,*,#6122,.F.);
#6816=EDGE_LOOP('',(#6808,#6809,#6814,#6815));
#6817=FACE_OUTER_BOUND('',#6816,.T.);
#6818=ADVANCED_FACE('',(#6817),#6807,.T.);
#6819=DIRECTION('',(0.881922,0,-0.471396));
#6820=DIRECTION('',(-0,1,0));
#6821=AXIS2_PLACEMENT_3D('',#1022,#6819,#6820);
#6822=PLANE('',#6821);
#6823=ORIENTED_EDGE('',*,*,#2712,.T.);
#6824=DIRECTION('',(0,1,0));
#6825=VECTOR('',#6824,46);
#6826=LINE('',#628,#6825);
#6827=EDGE_CURVE('',#629,#1025,#6826,.T.);
#6828=ORIENTED_EDGE('',*,*,#6827,.F.);
#6829=ORIENTED_EDGE('',*,*,#6127,.F.);
#6830=ORIENTED_EDGE('',*,*,#6813,.T.);
#6831=EDGE_LOOP('',(#6823,#6828,#6829,#6830));
#6832=FACE_OUTER_BOUND('',#6831,.T.);
#6833=ADVANCED_FACE('',(#6832),#6822,.T.);
#6834=DIRECTION('',(0.849203,0,-0.528067));
#6835=DIRECTION('',(-0,1,0));
#6836=AXIS2_PLACEMENT_3D('',#634,#6834,#6835);
#6837=PLANE('',#6836);
#6838=ORIENTED_EDGE('',*,*,#6132,.F.);
#6839=ORIENTED_EDGE('',*,*,#6827,.T.);
#6840=ORIENTED_EDGE('',*,*,#2707,.T.);
#6841=DIRECTION('',(0,1,0));
#6842=VECTOR('',#6841,46);
#6843=LINE('',#634,#6842);
#6844=EDGE_CURVE('',#635,#1027,#6843,.T.);
#6845=ORIENTED_EDGE('',*,*,#6844,.F.);
#6846=EDGE_LOOP('',(#6838,#6839,#6840,#6845));
#6847=FACE_OUTER_BOUND('',#6846,.T.);
#6848=ADVANCED_FACE('',(#6847),#6837,.T.);
#6849=DIRECTION('',(0.812847,0,-0.582478));
#6850=DIRECTION('',(-0,1,0));
#6851=AXIS2_PLACEMENT_3D('',#636,#6849,#6850);
#6852=PLANE('',#6851);
#6853=ORIENTED_EDGE('',*,*,#6137,.F.);
#6854=ORIENTED_EDGE('',*,*,#6844,.T.);
#6855=ORIENTED_EDGE('',*,*,#2702,.T.);
#6856=DIRECTION('',(0,1,0));
#6857=VECTOR('',#6856,46);
#6858=LINE('',#636,#6857);
#6859=EDGE_CURVE('',#637,#1029,#6858,.T.);
#6860=ORIENTED_EDGE('',*,*,#6859,.F.);
#6861=EDGE_LOOP('',(#6853,#6854,#6855,#6860));
#6862=FACE_OUTER_BOUND('',#6861,.T.);
#6863=ADVANCED_FACE('',(#6862),#6852,.T.);
#6864=DIRECTION('',(0.773011,0,-0.634393));
#6865=DIRECTION('',(-0,1,0));
#6866=AXIS2_PLACEMENT_3D('',#640,#6864,#6865);
#6867=PLANE('',#6866);
#6868=ORIENTED_EDGE('',*,*,#6142,.F.);
#6869=ORIENTED_EDGE('',*,*,#6859,.T.);
#6870=ORIENTED_EDGE('',*,*,#2697,.T.);
#6871=DIRECTION('',(0,1,0));
#6872=VECTOR('',#6871,46);
#6873=LINE('',#640,#6872);
#6874=EDGE_CURVE('',#641,#1031,#6873,.T.);
#6875=ORIENTED_EDGE('',*,*,#6874,.F.);
#6876=EDGE_LOOP('',(#6868,#6869,#6870,#6875));
#6877=FACE_OUTER_BOUND('',#6876,.T.);
#6878=ADVANCED_FACE('',(#6877),#6867,.T.);
#6879=DIRECTION('',(0.729863,0,-0.683593));
#6880=DIRECTION('',(-0,1,0));
#6881=AXIS2_PLACEMENT_3D('',#1030,#6879,#6880);
#6882=PLANE('',#6881);
#6883=ORIENTED_EDGE('',*,*,#2692,.T.);
#6884=DIRECTION('',(0,1,0));
#6885=VECTOR('',#6884,46);
#6886=LINE('',#646,#6885);
#6887=EDGE_CURVE('',#647,#1033,#6886,.T.);
#6888=ORIENTED_EDGE('',*,*,#6887,.F.);
#6889=ORIENTED_EDGE('',*,*,#6147,.F.);
#6890=ORIENTED_EDGE('',*,*,#6874,.T.);
#6891=EDGE_LOOP('',(#6883,#6888,#6889,#6890));
#6892=FACE_OUTER_BOUND('',#6891,.T.);
#6893=ADVANCED_FACE('',(#6892),#6882,.T.);
#6894=DIRECTION('',(0.683592,0,-0.729864));
#6895=DIRECTION('',(-0,1,0));
#6896=AXIS2_PLACEMENT_3D('',#1032,#6894,#6895);
#6897=PLANE('',#6896);
#6898=ORIENTED_EDGE('',*,*,#2687,.T.);
#6899=DIRECTION('',(0,1,0));
#6900=VECTOR('',#6899,46);
#6901=LINE('',#648,#6900);
#6902=EDGE_CURVE('',#649,#1035,#6901,.T.);
#6903=ORIENTED_EDGE('',*,*,#6902,.F.);
#6904=ORIENTED_EDGE('',*,*,#6152,.F.);
#6905=ORIENTED_EDGE('',*,*,#6887,.T.);
#6906=EDGE_LOOP('',(#6898,#6903,#6904,#6905));
#6907=FACE_OUTER_BOUND('',#6906,.T.);
#6908=ADVANCED_FACE('',(#6907),#6897,.T.);
#6909=DIRECTION('',(0.634394,0,-0.77301));
#6910=DIRECTION('',(-0,1,0));
#6911=AXIS2_PLACEMENT_3D('',#648,#6909,#6910);
#6912=PLANE('',#6911);
#6913=ORIENTED_EDGE('',*,*,#6902,.T.);
#6914=ORIENTED_EDGE('',*,*,#2682,.T.);
#6915=DIRECTION('',(0,1,0));
#6916=VECTOR('',#6915,46);
#6917=LINE('',#656,#6916);
#6918=EDGE_CURVE('',#657,#1039,#6917,.T.);
#6919=ORIENTED_EDGE('',*,*,#6918,.F.);
#6920=ORIENTED_EDGE('',*,*,#6157,.F.);
#6921=EDGE_LOOP('',(#6913,#6914,#6919,#6920));
#6922=FACE_OUTER_BOUND('',#6921,.T.);
#6923=ADVANCED_FACE('',(#6922),#6912,.T.);
#6924=DIRECTION('',(0.582477,0,-0.812847));
#6925=DIRECTION('',(-0,1,0));
#6926=AXIS2_PLACEMENT_3D('',#1040,#6924,#6925);
#6927=PLANE('',#6926);
#6928=DIRECTION('',(0,1,0));
#6929=VECTOR('',#6928,46);
#6930=LINE('',#658,#6929);
#6931=EDGE_CURVE('',#659,#1041,#6930,.T.);
#6932=ORIENTED_EDGE('',*,*,#6931,.F.);
#6933=ORIENTED_EDGE('',*,*,#6162,.F.);
#6934=ORIENTED_EDGE('',*,*,#6918,.T.);
#6935=ORIENTED_EDGE('',*,*,#2677,.T.);
#6936=EDGE_LOOP('',(#6932,#6933,#6934,#6935));
#6937=FACE_OUTER_BOUND('',#6936,.T.);
#6938=ADVANCED_FACE('',(#6937),#6927,.T.);
#6939=DIRECTION('',(0.528067,0,-0.849202));
#6940=DIRECTION('',(-0,1,0));
#6941=AXIS2_PLACEMENT_3D('',#1040,#6939,#6940);
#6942=PLANE('',#6941);
#6943=ORIENTED_EDGE('',*,*,#2672,.T.);
#6944=DIRECTION('',(0,1,0));
#6945=VECTOR('',#6944,46);
#6946=LINE('',#666,#6945);
#6947=EDGE_CURVE('',#667,#1043,#6946,.T.);
#6948=ORIENTED_EDGE('',*,*,#6947,.F.);
#6949=ORIENTED_EDGE('',*,*,#6167,.F.);
#6950=ORIENTED_EDGE('',*,*,#6931,.T.);
#6951=EDGE_LOOP('',(#6943,#6948,#6949,#6950));
#6952=FACE_OUTER_BOUND('',#6951,.T.);
#6953=ADVANCED_FACE('',(#6952),#6942,.T.);
#6954=DIRECTION('',(0.471397,0,-0.881921));
#6955=DIRECTION('',(-0,1,0));
#6956=AXIS2_PLACEMENT_3D('',#1044,#6954,#6955);
#6957=PLANE('',#6956);
#6958=DIRECTION('',(0,1,0));
#6959=VECTOR('',#6958,46);
#6960=LINE('',#668,#6959);
#6961=EDGE_CURVE('',#669,#1045,#6960,.T.);
#6962=ORIENTED_EDGE('',*,*,#6961,.F.);
#6963=ORIENTED_EDGE('',*,*,#6172,.F.);
#6964=ORIENTED_EDGE('',*,*,#6947,.T.);
#6965=ORIENTED_EDGE('',*,*,#2667,.T.);
#6966=EDGE_LOOP('',(#6962,#6963,#6964,#6965));
#6967=FACE_OUTER_BOUND('',#6966,.T.);
#6968=ADVANCED_FACE('',(#6967),#6957,.T.);
#6969=DIRECTION('',(0.412707,0,-0.910864));
#6970=DIRECTION('',(-0,1,0));
#6971=AXIS2_PLACEMENT_3D('',#670,#6969,#6970);
#6972=PLANE('',#6971);
#6973=ORIENTED_EDGE('',*,*,#6177,.F.);
#6974=ORIENTED_EDGE('',*,*,#6961,.T.);
#6975=ORIENTED_EDGE('',*,*,#2662,.T.);
#6976=DIRECTION('',(0,1,0));
#6977=VECTOR('',#6976,46);
#6978=LINE('',#670,#6977);
#6979=EDGE_CURVE('',#671,#1047,#6978,.T.);
#6980=ORIENTED_EDGE('',*,*,#6979,.F.);
#6981=EDGE_LOOP('',(#6973,#6974,#6975,#6980));
#6982=FACE_OUTER_BOUND('',#6981,.T.);
#6983=ADVANCED_FACE('',(#6982),#6972,.T.);
#6984=DIRECTION('',(0.35225,0,-0.935906));
#6985=DIRECTION('',(-0,1,0));
#6986=AXIS2_PLACEMENT_3D('',#670,#6984,#6985);
#6987=PLANE('',#6986);
#6988=ORIENTED_EDGE('',*,*,#6979,.T.);
#6989=ORIENTED_EDGE('',*,*,#2657,.T.);
#6990=DIRECTION('',(0,1,0));
#6991=VECTOR('',#6990,46);
#6992=LINE('',#672,#6991);
#6993=EDGE_CURVE('',#673,#1049,#6992,.T.);
#6994=ORIENTED_EDGE('',*,*,#6993,.F.);
#6995=ORIENTED_EDGE('',*,*,#6182,.F.);
#6996=EDGE_LOOP('',(#6988,#6989,#6994,#6995));
#6997=FACE_OUTER_BOUND('',#6996,.T.);
#6998=ADVANCED_FACE('',(#6997),#6987,.T.);
#6999=DIRECTION('',(0.290284,0,-0.956941));
#7000=DIRECTION('',(-0,1,0));
#7001=AXIS2_PLACEMENT_3D('',#1048,#6999,#7000);
#7002=PLANE('',#7001);
#7003=ORIENTED_EDGE('',*,*,#2652,.T.);
#7004=DIRECTION('',(0,1,0));
#7005=VECTOR('',#7004,46);
#7006=LINE('',#680,#7005);
#7007=EDGE_CURVE('',#681,#1051,#7006,.T.);
#7008=ORIENTED_EDGE('',*,*,#7007,.F.);
#7009=ORIENTED_EDGE('',*,*,#6187,.F.);
#7010=ORIENTED_EDGE('',*,*,#6993,.T.);
#7011=EDGE_LOOP('',(#7003,#7008,#7009,#7010));
#7012=FACE_OUTER_BOUND('',#7011,.T.);
#7013=ADVANCED_FACE('',(#7012),#7002,.T.);
#7014=DIRECTION('',(0.227077,0,-0.973877));
#7015=DIRECTION('',(-0,1,0));
#7016=AXIS2_PLACEMENT_3D('',#1050,#7014,#7015);
#7017=PLANE('',#7016);
#7018=ORIENTED_EDGE('',*,*,#2647,.T.);
#7019=DIRECTION('',(0,1,0));
#7020=VECTOR('',#7019,46);
#7021=LINE('',#682,#7020);
#7022=EDGE_CURVE('',#683,#1053,#7021,.T.);
#7023=ORIENTED_EDGE('',*,*,#7022,.F.);
#7024=ORIENTED_EDGE('',*,*,#6192,.F.);
#7025=ORIENTED_EDGE('',*,*,#7007,.T.);
#7026=EDGE_LOOP('',(#7018,#7023,#7024,#7025));
#7027=FACE_OUTER_BOUND('',#7026,.T.);
#7028=ADVANCED_FACE('',(#7027),#7017,.T.);
#7029=DIRECTION('',(0.162894,0,-0.986644));
#7030=DIRECTION('',(-0,1,0));
#7031=AXIS2_PLACEMENT_3D('',#1054,#7029,#7030);
#7032=PLANE('',#7031);
#7033=DIRECTION('',(0,1,0));
#7034=VECTOR('',#7033,46);
#7035=LINE('',#688,#7034);
#7036=EDGE_CURVE('',#689,#1055,#7035,.T.);
#7037=ORIENTED_EDGE('',*,*,#7036,.F.);
#7038=ORIENTED_EDGE('',*,*,#6197,.F.);
#7039=ORIENTED_EDGE('',*,*,#7022,.T.);
#7040=ORIENTED_EDGE('',*,*,#2642,.T.);
#7041=EDGE_LOOP('',(#7037,#7038,#7039,#7040));
#7042=FACE_OUTER_BOUND('',#7041,.T.);
#7043=ADVANCED_FACE('',(#7042),#7032,.T.);
#7044=DIRECTION('',(0.098017,0,-0.995185));
#7045=DIRECTION('',(-0,1,0));
#7046=AXIS2_PLACEMENT_3D('',#688,#7044,#7045);
#7047=PLANE('',#7046);
#7048=ORIENTED_EDGE('',*,*,#7036,.T.);
#7049=ORIENTED_EDGE('',*,*,#2637,.T.);
#7050=DIRECTION('',(0,1,0));
#7051=VECTOR('',#7050,46);
#7052=LINE('',#690,#7051);
#7053=EDGE_CURVE('',#691,#1057,#7052,.T.);
#7054=ORIENTED_EDGE('',*,*,#7053,.F.);
#7055=ORIENTED_EDGE('',*,*,#6202,.F.);
#7056=EDGE_LOOP('',(#7048,#7049,#7054,#7055));
#7057=FACE_OUTER_BOUND('',#7056,.T.);
#7058=ADVANCED_FACE('',(#7057),#7047,.T.);
#7059=DIRECTION('',(0.03272,0,-0.999465));
#7060=DIRECTION('',(-0,1,0));
#7061=AXIS2_PLACEMENT_3D('',#1056,#7059,#7060);
#7062=PLANE('',#7061);
#7063=ORIENTED_EDGE('',*,*,#3112,.T.);
#7064=DIRECTION('',(0,1,0));
#7065=VECTOR('',#7064,46);
#7066=LINE('',#1716,#7065);
#7067=EDGE_CURVE('',#1717,#2097,#7066,.T.);
#7068=ORIENTED_EDGE('',*,*,#7067,.F.);
#7069=ORIENTED_EDGE('',*,*,#6207,.F.);
#7070=ORIENTED_EDGE('',*,*,#7053,.T.);
#7071=EDGE_LOOP('',(#7063,#7068,#7069,#7070));
#7072=FACE_OUTER_BOUND('',#7071,.T.);
#7073=ADVANCED_FACE('',(#7072),#7062,.T.);
#7074=DIRECTION('',(-0.032716,0,0.999465));
#7075=DIRECTION('',(0,-1,0));
#7076=AXIS2_PLACEMENT_3D('',#1166,#7074,#7075);
#7077=PLANE('',#7076);
#7078=DIRECTION('',(0,1,0));
#7079=VECTOR('',#7078,46);
#7080=LINE('',#1166,#7079);
#7081=EDGE_CURVE('',#1167,#1759,#7080,.T.);
#7082=ORIENTED_EDGE('',*,*,#7081,.T.);
#7083=ORIENTED_EDGE('',*,*,#2872,.F.);
#7084=ORIENTED_EDGE('',*,*,#6482,.F.);
#7085=ORIENTED_EDGE('',*,*,#5967,.T.);
#7086=EDGE_LOOP('',(#7082,#7083,#7084,#7085));
#7087=FACE_OUTER_BOUND('',#7086,.T.);
#7088=ADVANCED_FACE('',(#7087),#7077,.T.);
#7089=DIRECTION('',(-0.09802,0,0.995184));
#7090=DIRECTION('',(0,-1,0));
#7091=AXIS2_PLACEMENT_3D('',#1760,#7089,#7090);
#7092=PLANE('',#7091);
#7093=ORIENTED_EDGE('',*,*,#2877,.F.);
#7094=ORIENTED_EDGE('',*,*,#7081,.F.);
#7095=ORIENTED_EDGE('',*,*,#5962,.T.);
#7096=DIRECTION('',(0,1,0));
#7097=VECTOR('',#7096,46);
#7098=LINE('',#1168,#7097);
#7099=EDGE_CURVE('',#1169,#1761,#7098,.T.);
#7100=ORIENTED_EDGE('',*,*,#7099,.T.);
#7101=EDGE_LOOP('',(#7093,#7094,#7095,#7100));
#7102=FACE_OUTER_BOUND('',#7101,.T.);
#7103=ADVANCED_FACE('',(#7102),#7092,.T.);
#7104=DIRECTION('',(-0.162896,0,0.986643));
#7105=DIRECTION('',(0,-1,0));
#7106=AXIS2_PLACEMENT_3D('',#1176,#7104,#7105);
#7107=PLANE('',#7106);
#7108=DIRECTION('',(0,1,0));
#7109=VECTOR('',#7108,46);
#7110=LINE('',#1176,#7109);
#7111=EDGE_CURVE('',#1177,#1763,#7110,.T.);
#7112=ORIENTED_EDGE('',*,*,#7111,.T.);
#7113=ORIENTED_EDGE('',*,*,#2882,.F.);
#7114=ORIENTED_EDGE('',*,*,#7099,.F.);
#7115=ORIENTED_EDGE('',*,*,#5957,.T.);
#7116=EDGE_LOOP('',(#7112,#7113,#7114,#7115));
#7117=FACE_OUTER_BOUND('',#7116,.T.);
#7118=ADVANCED_FACE('',(#7117),#7107,.T.);
#7119=DIRECTION('',(-0.227077,0,0.973877));
#7120=DIRECTION('',(0,-1,0));
#7121=AXIS2_PLACEMENT_3D('',#1176,#7119,#7120);
#7122=PLANE('',#7121);
#7123=ORIENTED_EDGE('',*,*,#5952,.T.);
#7124=DIRECTION('',(0,1,0));
#7125=VECTOR('',#7124,46);
#7126=LINE('',#1178,#7125);
#7127=EDGE_CURVE('',#1179,#1765,#7126,.T.);
#7128=ORIENTED_EDGE('',*,*,#7127,.T.);
#7129=ORIENTED_EDGE('',*,*,#2887,.F.);
#7130=ORIENTED_EDGE('',*,*,#7111,.F.);
#7131=EDGE_LOOP('',(#7123,#7128,#7129,#7130));
#7132=FACE_OUTER_BOUND('',#7131,.T.);
#7133=ADVANCED_FACE('',(#7132),#7122,.T.);
#7134=DIRECTION('',(-0.290284,0,0.956941));
#7135=DIRECTION('',(0,-1,0));
#7136=AXIS2_PLACEMENT_3D('',#1766,#7134,#7135);
#7137=PLANE('',#7136);
#7138=ORIENTED_EDGE('',*,*,#2892,.F.);
#7139=ORIENTED_EDGE('',*,*,#7127,.F.);
#7140=ORIENTED_EDGE('',*,*,#5947,.T.);
#7141=DIRECTION('',(0,1,0));
#7142=VECTOR('',#7141,46);
#7143=LINE('',#1186,#7142);
#7144=EDGE_CURVE('',#1187,#1767,#7143,.T.);
#7145=ORIENTED_EDGE('',*,*,#7144,.T.);
#7146=EDGE_LOOP('',(#7138,#7139,#7140,#7145));
#7147=FACE_OUTER_BOUND('',#7146,.T.);
#7148=ADVANCED_FACE('',(#7147),#7137,.T.);
#7149=DIRECTION('',(-0.35225,0,0.935906));
#7150=DIRECTION('',(0,-1,0));
#7151=AXIS2_PLACEMENT_3D('',#1768,#7149,#7150);
#7152=PLANE('',#7151);
#7153=ORIENTED_EDGE('',*,*,#2897,.F.);
#7154=ORIENTED_EDGE('',*,*,#7144,.F.);
#7155=ORIENTED_EDGE('',*,*,#5942,.T.);
#7156=DIRECTION('',(0,1,0));
#7157=VECTOR('',#7156,46);
#7158=LINE('',#1188,#7157);
#7159=EDGE_CURVE('',#1189,#1769,#7158,.T.);
#7160=ORIENTED_EDGE('',*,*,#7159,.T.);
#7161=EDGE_LOOP('',(#7153,#7154,#7155,#7160));
#7162=FACE_OUTER_BOUND('',#7161,.T.);
#7163=ADVANCED_FACE('',(#7162),#7152,.T.);
#7164=DIRECTION('',(-0.412707,0,0.910864));
#7165=DIRECTION('',(0,-1,0));
#7166=AXIS2_PLACEMENT_3D('',#1188,#7164,#7165);
#7167=PLANE('',#7166);
#7168=ORIENTED_EDGE('',*,*,#5937,.T.);
#7169=DIRECTION('',(0,1,0));
#7170=VECTOR('',#7169,46);
#7171=LINE('',#1192,#7170);
#7172=EDGE_CURVE('',#1193,#1771,#7171,.T.);
#7173=ORIENTED_EDGE('',*,*,#7172,.T.);
#7174=ORIENTED_EDGE('',*,*,#2902,.F.);
#7175=ORIENTED_EDGE('',*,*,#7159,.F.);
#7176=EDGE_LOOP('',(#7168,#7173,#7174,#7175));
#7177=FACE_OUTER_BOUND('',#7176,.T.);
#7178=ADVANCED_FACE('',(#7177),#7167,.T.);
#7179=DIRECTION('',(-0.471397,0,0.881921));
#7180=DIRECTION('',(0,-1,0));
#7181=AXIS2_PLACEMENT_3D('',#1194,#7179,#7180);
#7182=PLANE('',#7181);
#7183=DIRECTION('',(0,1,0));
#7184=VECTOR('',#7183,46);
#7185=LINE('',#1194,#7184);
#7186=EDGE_CURVE('',#1195,#1773,#7185,.T.);
#7187=ORIENTED_EDGE('',*,*,#7186,.T.);
#7188=ORIENTED_EDGE('',*,*,#2907,.F.);
#7189=ORIENTED_EDGE('',*,*,#7172,.F.);
#7190=ORIENTED_EDGE('',*,*,#5932,.T.);
#7191=EDGE_LOOP('',(#7187,#7188,#7189,#7190));
#7192=FACE_OUTER_BOUND('',#7191,.T.);
#7193=ADVANCED_FACE('',(#7192),#7182,.T.);
#7194=DIRECTION('',(-0.528066,0,0.849203));
#7195=DIRECTION('',(0,-1,0));
#7196=AXIS2_PLACEMENT_3D('',#1772,#7194,#7195);
#7197=PLANE('',#7196);
#7198=ORIENTED_EDGE('',*,*,#7186,.F.);
#7199=ORIENTED_EDGE('',*,*,#5927,.T.);
#7200=DIRECTION('',(0,1,0));
#7201=VECTOR('',#7200,46);
#7202=LINE('',#1202,#7201);
#7203=EDGE_CURVE('',#1203,#1781,#7202,.T.);
#7204=ORIENTED_EDGE('',*,*,#7203,.T.);
#7205=ORIENTED_EDGE('',*,*,#2912,.F.);
#7206=EDGE_LOOP('',(#7198,#7199,#7204,#7205));
#7207=FACE_OUTER_BOUND('',#7206,.T.);
#7208=ADVANCED_FACE('',(#7207),#7197,.T.);
#7209=DIRECTION('',(-0.582477,0,0.812847));
#7210=DIRECTION('',(0,-1,0));
#7211=AXIS2_PLACEMENT_3D('',#1202,#7209,#7210);
#7212=PLANE('',#7211);
#7213=ORIENTED_EDGE('',*,*,#5922,.T.);
#7214=DIRECTION('',(0,1,0));
#7215=VECTOR('',#7214,46);
#7216=LINE('',#1204,#7215);
#7217=EDGE_CURVE('',#1205,#1783,#7216,.T.);
#7218=ORIENTED_EDGE('',*,*,#7217,.T.);
#7219=ORIENTED_EDGE('',*,*,#2917,.F.);
#7220=ORIENTED_EDGE('',*,*,#7203,.F.);
#7221=EDGE_LOOP('',(#7213,#7218,#7219,#7220));
#7222=FACE_OUTER_BOUND('',#7221,.T.);
#7223=ADVANCED_FACE('',(#7222),#7212,.T.);
#7224=DIRECTION('',(-0.634395,0,0.773009));
#7225=DIRECTION('',(0,-1,0));
#7226=AXIS2_PLACEMENT_3D('',#1784,#7224,#7225);
#7227=PLANE('',#7226);
#7228=ORIENTED_EDGE('',*,*,#2922,.F.);
#7229=ORIENTED_EDGE('',*,*,#7217,.F.);
#7230=ORIENTED_EDGE('',*,*,#5917,.T.);
#7231=DIRECTION('',(0,1,0));
#7232=VECTOR('',#7231,46);
#7233=LINE('',#1210,#7232);
#7234=EDGE_CURVE('',#1211,#1785,#7233,.T.);
#7235=ORIENTED_EDGE('',*,*,#7234,.T.);
#7236=EDGE_LOOP('',(#7228,#7229,#7230,#7235));
#7237=FACE_OUTER_BOUND('',#7236,.T.);
#7238=ADVANCED_FACE('',(#7237),#7227,.T.);
#7239=DIRECTION('',(-0.683591,0,0.729865));
#7240=DIRECTION('',(0,-1,0));
#7241=AXIS2_PLACEMENT_3D('',#1212,#7239,#7240);
#7242=PLANE('',#7241);
#7243=DIRECTION('',(0,1,0));
#7244=VECTOR('',#7243,46);
#7245=LINE('',#1212,#7244);
#7246=EDGE_CURVE('',#1213,#1787,#7245,.T.);
#7247=ORIENTED_EDGE('',*,*,#7246,.T.);
#7248=ORIENTED_EDGE('',*,*,#2927,.F.);
#7249=ORIENTED_EDGE('',*,*,#7234,.F.);
#7250=ORIENTED_EDGE('',*,*,#5912,.T.);
#7251=EDGE_LOOP('',(#7247,#7248,#7249,#7250));
#7252=FACE_OUTER_BOUND('',#7251,.T.);
#7253=ADVANCED_FACE('',(#7252),#7242,.T.);
#7254=DIRECTION('',(-0.729863,0,0.683593));
#7255=DIRECTION('',(0,-1,0));
#7256=AXIS2_PLACEMENT_3D('',#1212,#7254,#7255);
#7257=PLANE('',#7256);
#7258=ORIENTED_EDGE('',*,*,#5907,.T.);
#7259=DIRECTION('',(0,1,0));
#7260=VECTOR('',#7259,46);
#7261=LINE('',#1218,#7260);
#7262=EDGE_CURVE('',#1219,#1789,#7261,.T.);
#7263=ORIENTED_EDGE('',*,*,#7262,.T.);
#7264=ORIENTED_EDGE('',*,*,#2932,.F.);
#7265=ORIENTED_EDGE('',*,*,#7246,.F.);
#7266=EDGE_LOOP('',(#7258,#7263,#7264,#7265));
#7267=FACE_OUTER_BOUND('',#7266,.T.);
#7268=ADVANCED_FACE('',(#7267),#7257,.T.);
#7269=DIRECTION('',(-0.773011,0,0.634393));
#7270=DIRECTION('',(0,-1,0));
#7271=AXIS2_PLACEMENT_3D('',#1788,#7269,#7270);
#7272=PLANE('',#7271);
#7273=ORIENTED_EDGE('',*,*,#7262,.F.);
#7274=ORIENTED_EDGE('',*,*,#5902,.T.);
#7275=DIRECTION('',(0,1,0));
#7276=VECTOR('',#7275,46);
#7277=LINE('',#1224,#7276);
#7278=EDGE_CURVE('',#1225,#1791,#7277,.T.);
#7279=ORIENTED_EDGE('',*,*,#7278,.T.);
#7280=ORIENTED_EDGE('',*,*,#2937,.F.);
#7281=EDGE_LOOP('',(#7273,#7274,#7279,#7280));
#7282=FACE_OUTER_BOUND('',#7281,.T.);
#7283=ADVANCED_FACE('',(#7282),#7272,.T.);
#7284=DIRECTION('',(-0.812847,0,0.582477));
#7285=DIRECTION('',(0,-1,0));
#7286=AXIS2_PLACEMENT_3D('',#1226,#7284,#7285);
#7287=PLANE('',#7286);
#7288=DIRECTION('',(0,1,0));
#7289=VECTOR('',#7288,46);
#7290=LINE('',#1226,#7289);
#7291=EDGE_CURVE('',#1227,#1793,#7290,.T.);
#7292=ORIENTED_EDGE('',*,*,#7291,.T.);
#7293=ORIENTED_EDGE('',*,*,#2942,.F.);
#7294=ORIENTED_EDGE('',*,*,#7278,.F.);
#7295=ORIENTED_EDGE('',*,*,#5897,.T.);
#7296=EDGE_LOOP('',(#7292,#7293,#7294,#7295));
#7297=FACE_OUTER_BOUND('',#7296,.T.);
#7298=ADVANCED_FACE('',(#7297),#7287,.T.);
#7299=DIRECTION('',(-0.849203,0,0.528067));
#7300=DIRECTION('',(0,-1,0));
#7301=AXIS2_PLACEMENT_3D('',#1792,#7299,#7300);
#7302=PLANE('',#7301);
#7303=ORIENTED_EDGE('',*,*,#7291,.F.);
#7304=ORIENTED_EDGE('',*,*,#5892,.T.);
#7305=DIRECTION('',(0,1,0));
#7306=VECTOR('',#7305,46);
#7307=LINE('',#1230,#7306);
#7308=EDGE_CURVE('',#1231,#1795,#7307,.T.);
#7309=ORIENTED_EDGE('',*,*,#7308,.T.);
#7310=ORIENTED_EDGE('',*,*,#2947,.F.);
#7311=EDGE_LOOP('',(#7303,#7304,#7309,#7310));
#7312=FACE_OUTER_BOUND('',#7311,.T.);
#7313=ADVANCED_FACE('',(#7312),#7302,.T.);
#7314=DIRECTION('',(-0.881921,0,0.471397));
#7315=DIRECTION('',(0,-1,0));
#7316=AXIS2_PLACEMENT_3D('',#1232,#7314,#7315);
#7317=PLANE('',#7316);
#7318=DIRECTION('',(0,1,0));
#7319=VECTOR('',#7318,46);
#7320=LINE('',#1232,#7319);
#7321=EDGE_CURVE('',#1233,#1797,#7320,.T.);
#7322=ORIENTED_EDGE('',*,*,#7321,.T.);
#7323=ORIENTED_EDGE('',*,*,#2952,.F.);
#7324=ORIENTED_EDGE('',*,*,#7308,.F.);
#7325=ORIENTED_EDGE('',*,*,#5887,.T.);
#7326=EDGE_LOOP('',(#7322,#7323,#7324,#7325));
#7327=FACE_OUTER_BOUND('',#7326,.T.);
#7328=ADVANCED_FACE('',(#7327),#7317,.T.);
#7329=DIRECTION('',(-0.910864,0,0.412707));
#7330=DIRECTION('',(0.412707,-0,0.910864));
#7331=AXIS2_PLACEMENT_3D('',#1796,#7329,#7330);
#7332=PLANE('',#7331);
#7333=ORIENTED_EDGE('',*,*,#7321,.F.);
#7334=ORIENTED_EDGE('',*,*,#5882,.T.);
#7335=DIRECTION('',(0,1,0));
#7336=VECTOR('',#7335,46);
#7337=LINE('',#1238,#7336);
#7338=EDGE_CURVE('',#1239,#1799,#7337,.T.);
#7339=ORIENTED_EDGE('',*,*,#7338,.T.);
#7340=ORIENTED_EDGE('',*,*,#2957,.F.);
#7341=EDGE_LOOP('',(#7333,#7334,#7339,#7340));
#7342=FACE_OUTER_BOUND('',#7341,.T.);
#7343=ADVANCED_FACE('',(#7342),#7332,.T.);
#7344=DIRECTION('',(-0.935906,0,0.35225));
#7345=DIRECTION('',(0.35225,-0,0.935906));
#7346=AXIS2_PLACEMENT_3D('',#1246,#7344,#7345);
#7347=PLANE('',#7346);
#7348=DIRECTION('',(0,1,0));
#7349=VECTOR('',#7348,46);
#7350=LINE('',#1246,#7349);
#7351=EDGE_CURVE('',#1247,#1801,#7350,.T.);
#7352=ORIENTED_EDGE('',*,*,#7351,.T.);
#7353=ORIENTED_EDGE('',*,*,#2962,.F.);
#7354=ORIENTED_EDGE('',*,*,#7338,.F.);
#7355=ORIENTED_EDGE('',*,*,#5877,.T.);
#7356=EDGE_LOOP('',(#7352,#7353,#7354,#7355));
#7357=FACE_OUTER_BOUND('',#7356,.T.);
#7358=ADVANCED_FACE('',(#7357),#7347,.T.);
#7359=DIRECTION('',(-0.956941,0,0.290284));
#7360=DIRECTION('',(0.290284,-0,0.956941));
#7361=AXIS2_PLACEMENT_3D('',#1802,#7359,#7360);
#7362=PLANE('',#7361);
#7363=ORIENTED_EDGE('',*,*,#2967,.F.);
#7364=ORIENTED_EDGE('',*,*,#7351,.F.);
#7365=ORIENTED_EDGE('',*,*,#5872,.T.);
#7366=DIRECTION('',(0,1,0));
#7367=VECTOR('',#7366,46);
#7368=LINE('',#1248,#7367);
#7369=EDGE_CURVE('',#1249,#1803,#7368,.T.);
#7370=ORIENTED_EDGE('',*,*,#7369,.T.);
#7371=EDGE_LOOP('',(#7363,#7364,#7365,#7370));
#7372=FACE_OUTER_BOUND('',#7371,.T.);
#7373=ADVANCED_FACE('',(#7372),#7362,.T.);
#7374=DIRECTION('',(-0.973877,0,0.227077));
#7375=DIRECTION('',(0.227077,-0,0.973877));
#7376=AXIS2_PLACEMENT_3D('',#1248,#7374,#7375);
#7377=PLANE('',#7376);
#7378=ORIENTED_EDGE('',*,*,#5867,.T.);
#7379=DIRECTION('',(0,1,0));
#7380=VECTOR('',#7379,46);
#7381=LINE('',#1250,#7380);
#7382=EDGE_CURVE('',#1251,#1805,#7381,.T.);
#7383=ORIENTED_EDGE('',*,*,#7382,.T.);
#7384=ORIENTED_EDGE('',*,*,#2972,.F.);
#7385=ORIENTED_EDGE('',*,*,#7369,.F.);
#7386=EDGE_LOOP('',(#7378,#7383,#7384,#7385));
#7387=FACE_OUTER_BOUND('',#7386,.T.);
#7388=ADVANCED_FACE('',(#7387),#7377,.T.);
#7389=DIRECTION('',(-0.986643,0,0.162896));
#7390=DIRECTION('',(0.162896,-0,0.986643));
#7391=AXIS2_PLACEMENT_3D('',#1804,#7389,#7390);
#7392=PLANE('',#7391);
#7393=ORIENTED_EDGE('',*,*,#7382,.F.);
#7394=ORIENTED_EDGE('',*,*,#5862,.T.);
#7395=DIRECTION('',(0,1,0));
#7396=VECTOR('',#7395,46);
#7397=LINE('',#1658,#7396);
#7398=EDGE_CURVE('',#1659,#2071,#7397,.T.);
#7399=ORIENTED_EDGE('',*,*,#7398,.T.);
#7400=ORIENTED_EDGE('',*,*,#2977,.F.);
#7401=EDGE_LOOP('',(#7393,#7394,#7399,#7400));
#7402=FACE_OUTER_BOUND('',#7401,.T.);
#7403=ADVANCED_FACE('',(#7402),#7392,.T.);
#7404=DIRECTION('',(-0.995185,0,0.098016));
#7405=DIRECTION('',(0.098016,-0,0.995185));
#7406=AXIS2_PLACEMENT_3D('',#2070,#7404,#7405);
#7407=PLANE('',#7406);
#7408=ORIENTED_EDGE('',*,*,#7398,.F.);
#7409=ORIENTED_EDGE('',*,*,#5857,.T.);
#7410=DIRECTION('',(0,1,0));
#7411=VECTOR('',#7410,46);
#7412=LINE('',#1660,#7411);
#7413=EDGE_CURVE('',#1661,#2073,#7412,.T.);
#7414=ORIENTED_EDGE('',*,*,#7413,.T.);
#7415=ORIENTED_EDGE('',*,*,#2982,.F.);
#7416=EDGE_LOOP('',(#7408,#7409,#7414,#7415));
#7417=FACE_OUTER_BOUND('',#7416,.T.);
#7418=ADVANCED_FACE('',(#7417),#7407,.T.);
#7419=DIRECTION('',(-0.999465,0,0.032719));
#7420=DIRECTION('',(0.032719,-0,0.999465));
#7421=AXIS2_PLACEMENT_3D('',#2072,#7419,#7420);
#7422=PLANE('',#7421);
#7423=ORIENTED_EDGE('',*,*,#7413,.F.);
#7424=ORIENTED_EDGE('',*,*,#5852,.T.);
#7425=DIRECTION('',(0,1,0));
#7426=VECTOR('',#7425,46);
#7427=LINE('',#1662,#7426);
#7428=EDGE_CURVE('',#1663,#2075,#7427,.T.);
#7429=ORIENTED_EDGE('',*,*,#7428,.T.);
#7430=ORIENTED_EDGE('',*,*,#2987,.F.);
#7431=EDGE_LOOP('',(#7423,#7424,#7429,#7430));
#7432=FACE_OUTER_BOUND('',#7431,.T.);
#7433=ADVANCED_FACE('',(#7432),#7422,.T.);
#7434=DIRECTION('',(-0.999465,0,-0.032719));
#7435=DIRECTION('',(-0.032719,0,0.999465));
#7436=AXIS2_PLACEMENT_3D('',#1664,#7434,#7435);
#7437=PLANE('',#7436);
#7438=DIRECTION('',(0,1,0));
#7439=VECTOR('',#7438,46);
#7440=LINE('',#1664,#7439);
#7441=EDGE_CURVE('',#1665,#2077,#7440,.T.);
#7442=ORIENTED_EDGE('',*,*,#7441,.T.);
#7443=ORIENTED_EDGE('',*,*,#2992,.F.);
#7444=ORIENTED_EDGE('',*,*,#7428,.F.);
#7445=ORIENTED_EDGE('',*,*,#5847,.T.);
#7446=EDGE_LOOP('',(#7442,#7443,#7444,#7445));
#7447=FACE_OUTER_BOUND('',#7446,.T.);
#7448=ADVANCED_FACE('',(#7447),#7437,.T.);
#7449=DIRECTION('',(-0.995185,0,-0.098016));
#7450=DIRECTION('',(-0.098016,0,0.995185));
#7451=AXIS2_PLACEMENT_3D('',#1666,#7449,#7450);
#7452=PLANE('',#7451);
#7453=DIRECTION('',(0,1,0));
#7454=VECTOR('',#7453,46);
#7455=LINE('',#1666,#7454);
#7456=EDGE_CURVE('',#1667,#2079,#7455,.T.);
#7457=ORIENTED_EDGE('',*,*,#7456,.T.);
#7458=ORIENTED_EDGE('',*,*,#2997,.F.);
#7459=ORIENTED_EDGE('',*,*,#7441,.F.);
#7460=ORIENTED_EDGE('',*,*,#5842,.T.);
#7461=EDGE_LOOP('',(#7457,#7458,#7459,#7460));
#7462=FACE_OUTER_BOUND('',#7461,.T.);
#7463=ADVANCED_FACE('',(#7462),#7452,.T.);
#7464=DIRECTION('',(-0.986643,0,-0.162896));
#7465=DIRECTION('',(-0.162896,0,0.986643));
#7466=AXIS2_PLACEMENT_3D('',#1666,#7464,#7465);
#7467=PLANE('',#7466);
#7468=ORIENTED_EDGE('',*,*,#5837,.T.);
#7469=DIRECTION('',(0,1,0));
#7470=VECTOR('',#7469,46);
#7471=LINE('',#1688,#7470);
#7472=EDGE_CURVE('',#1689,#2087,#7471,.T.);
#7473=ORIENTED_EDGE('',*,*,#7472,.T.);
#7474=ORIENTED_EDGE('',*,*,#3002,.F.);
#7475=ORIENTED_EDGE('',*,*,#7456,.F.);
#7476=EDGE_LOOP('',(#7468,#7473,#7474,#7475));
#7477=FACE_OUTER_BOUND('',#7476,.T.);
#7478=ADVANCED_FACE('',(#7477),#7467,.T.);
#7479=DIRECTION('',(-0.935906,0,-0.352251));
#7480=DIRECTION('',(-0.352251,0,0.935906));
#7481=AXIS2_PLACEMENT_3D('',#2080,#7479,#7480);
#7482=PLANE('',#7481);
#7483=ORIENTED_EDGE('',*,*,#3017,.T.);
#7484=DIRECTION('',(0,1,0));
#7485=VECTOR('',#7484,46);
#7486=LINE('',#1692,#7485);
#7487=EDGE_CURVE('',#1693,#2091,#7486,.T.);
#7488=ORIENTED_EDGE('',*,*,#7487,.F.);
#7489=ORIENTED_EDGE('',*,*,#5822,.F.);
#7490=DIRECTION('',(0,1,0));
#7491=VECTOR('',#7490,46);
#7492=LINE('',#1680,#7491);
#7493=EDGE_CURVE('',#1681,#2081,#7492,.T.);
#7494=ORIENTED_EDGE('',*,*,#7493,.T.);
#7495=EDGE_LOOP('',(#7483,#7488,#7489,#7494));
#7496=FACE_OUTER_BOUND('',#7495,.T.);
#7497=ADVANCED_FACE('',(#7496),#7482,.T.);
#7498=DIRECTION('',(-0.910864,0,-0.412707));
#7499=DIRECTION('',(-0.412707,0,0.910864));
#7500=AXIS2_PLACEMENT_3D('',#2080,#7498,#7499);
#7501=PLANE('',#7500);
#7502=ORIENTED_EDGE('',*,*,#7493,.F.);
#7503=ORIENTED_EDGE('',*,*,#5817,.T.);
#7504=DIRECTION('',(0,1,0));
#7505=VECTOR('',#7504,46);
#7506=LINE('',#1684,#7505);
#7507=EDGE_CURVE('',#1685,#2083,#7506,.T.);
#7508=ORIENTED_EDGE('',*,*,#7507,.T.);
#7509=ORIENTED_EDGE('',*,*,#3022,.F.);
#7510=EDGE_LOOP('',(#7502,#7503,#7508,#7509));
#7511=FACE_OUTER_BOUND('',#7510,.T.);
#7512=ADVANCED_FACE('',(#7511),#7501,.T.);
#7513=DIRECTION('',(-0.881922,0,-0.471396));
#7514=DIRECTION('',(-0,1,0));
#7515=AXIS2_PLACEMENT_3D('',#2084,#7513,#7514);
#7516=PLANE('',#7515);
#7517=ORIENTED_EDGE('',*,*,#3027,.F.);
#7518=ORIENTED_EDGE('',*,*,#7507,.F.);
#7519=ORIENTED_EDGE('',*,*,#5812,.T.);
#7520=DIRECTION('',(0,1,0));
#7521=VECTOR('',#7520,46);
#7522=LINE('',#1686,#7521);
#7523=EDGE_CURVE('',#1687,#2085,#7522,.T.);
#7524=ORIENTED_EDGE('',*,*,#7523,.T.);
#7525=EDGE_LOOP('',(#7517,#7518,#7519,#7524));
#7526=FACE_OUTER_BOUND('',#7525,.T.);
#7527=ADVANCED_FACE('',(#7526),#7516,.T.);
#7528=DIRECTION('',(-0.973877,0,-0.227076));
#7529=DIRECTION('',(-0.227076,0,0.973877));
#7530=AXIS2_PLACEMENT_3D('',#2088,#7528,#7529);
#7531=PLANE('',#7530);
#7532=ORIENTED_EDGE('',*,*,#3007,.F.);
#7533=ORIENTED_EDGE('',*,*,#7472,.F.);
#7534=ORIENTED_EDGE('',*,*,#5832,.T.);
#7535=DIRECTION('',(0,1,0));
#7536=VECTOR('',#7535,46);
#7537=LINE('',#1690,#7536);
#7538=EDGE_CURVE('',#1691,#2089,#7537,.T.);
#7539=ORIENTED_EDGE('',*,*,#7538,.T.);
#7540=EDGE_LOOP('',(#7532,#7533,#7534,#7539));
#7541=FACE_OUTER_BOUND('',#7540,.T.);
#7542=ADVANCED_FACE('',(#7541),#7531,.T.);
#7543=DIRECTION('',(-0.956941,0,-0.290284));
#7544=DIRECTION('',(-0.290284,0,0.956941));
#7545=AXIS2_PLACEMENT_3D('',#1692,#7543,#7544);
#7546=PLANE('',#7545);
#7547=ORIENTED_EDGE('',*,*,#7487,.T.);
#7548=ORIENTED_EDGE('',*,*,#3012,.F.);
#7549=ORIENTED_EDGE('',*,*,#7538,.F.);
#7550=ORIENTED_EDGE('',*,*,#5827,.T.);
#7551=EDGE_LOOP('',(#7547,#7548,#7549,#7550));
#7552=FACE_OUTER_BOUND('',#7551,.T.);
#7553=ADVANCED_FACE('',(#7552),#7546,.T.);
#7554=DIRECTION('',(-0.528067,0,-0.849202));
#7555=DIRECTION('',(-0,1,0));
#7556=AXIS2_PLACEMENT_3D('',#2112,#7554,#7555);
#7557=PLANE('',#7556);
#7558=ORIENTED_EDGE('',*,*,#3067,.F.);
#7559=DIRECTION('',(0,1,0));
#7560=VECTOR('',#7559,46);
#7561=LINE('',#1708,#7560);
#7562=EDGE_CURVE('',#1709,#2095,#7561,.T.);
#7563=ORIENTED_EDGE('',*,*,#7562,.F.);
#7564=ORIENTED_EDGE('',*,*,#5772,.T.);
#7565=DIRECTION('',(0,1,0));
#7566=VECTOR('',#7565,46);
#7567=LINE('',#1738,#7566);
#7568=EDGE_CURVE('',#1739,#2113,#7567,.T.);
#7569=ORIENTED_EDGE('',*,*,#7568,.T.);
#7570=EDGE_LOOP('',(#7558,#7563,#7564,#7569));
#7571=FACE_OUTER_BOUND('',#7570,.T.);
#7572=ADVANCED_FACE('',(#7571),#7557,.T.);
#7573=DIRECTION('',(-0.582477,0,-0.812847));
#7574=DIRECTION('',(-0,1,0));
#7575=AXIS2_PLACEMENT_3D('',#1706,#7573,#7574);
#7576=PLANE('',#7575);
#7577=ORIENTED_EDGE('',*,*,#5777,.T.);
#7578=ORIENTED_EDGE('',*,*,#7562,.T.);
#7579=ORIENTED_EDGE('',*,*,#3062,.F.);
#7580=DIRECTION('',(0,1,0));
#7581=VECTOR('',#7580,46);
#7582=LINE('',#1706,#7581);
#7583=EDGE_CURVE('',#1707,#2093,#7582,.T.);
#7584=ORIENTED_EDGE('',*,*,#7583,.F.);
#7585=EDGE_LOOP('',(#7577,#7578,#7579,#7584));
#7586=FACE_OUTER_BOUND('',#7585,.T.);
#7587=ADVANCED_FACE('',(#7586),#7576,.T.);
#7588=DIRECTION('',(-0.03272,0,-0.999465));
#7589=DIRECTION('',(-0,1,0));
#7590=AXIS2_PLACEMENT_3D('',#1716,#7588,#7589);
#7591=PLANE('',#7590);
#7592=ORIENTED_EDGE('',*,*,#7067,.T.);
#7593=ORIENTED_EDGE('',*,*,#3107,.T.);
#7594=DIRECTION('',(0,1,0));
#7595=VECTOR('',#7594,46);
#7596=LINE('',#1718,#7595);
#7597=EDGE_CURVE('',#1719,#2099,#7596,.T.);
#7598=ORIENTED_EDGE('',*,*,#7597,.F.);
#7599=ORIENTED_EDGE('',*,*,#6212,.F.);
#7600=EDGE_LOOP('',(#7592,#7593,#7598,#7599));
#7601=FACE_OUTER_BOUND('',#7600,.T.);
#7602=ADVANCED_FACE('',(#7601),#7591,.T.);
#7603=DIRECTION('',(-0.098017,0,-0.995185));
#7604=DIRECTION('',(-0,1,0));
#7605=AXIS2_PLACEMENT_3D('',#1720,#7603,#7604);
#7606=PLANE('',#7605);
#7607=ORIENTED_EDGE('',*,*,#6217,.F.);
#7608=ORIENTED_EDGE('',*,*,#7597,.T.);
#7609=ORIENTED_EDGE('',*,*,#3102,.T.);
#7610=DIRECTION('',(0,1,0));
#7611=VECTOR('',#7610,46);
#7612=LINE('',#1720,#7611);
#7613=EDGE_CURVE('',#1721,#2101,#7612,.T.);
#7614=ORIENTED_EDGE('',*,*,#7613,.F.);
#7615=EDGE_LOOP('',(#7607,#7608,#7609,#7614));
#7616=FACE_OUTER_BOUND('',#7615,.T.);
#7617=ADVANCED_FACE('',(#7616),#7606,.T.);
#7618=DIRECTION('',(-0.162894,0,-0.986644));
#7619=DIRECTION('',(-0,1,0));
#7620=AXIS2_PLACEMENT_3D('',#2100,#7618,#7619);
#7621=PLANE('',#7620);
#7622=ORIENTED_EDGE('',*,*,#3097,.T.);
#7623=DIRECTION('',(0,1,0));
#7624=VECTOR('',#7623,46);
#7625=LINE('',#1728,#7624);
#7626=EDGE_CURVE('',#1729,#2103,#7625,.T.);
#7627=ORIENTED_EDGE('',*,*,#7626,.F.);
#7628=ORIENTED_EDGE('',*,*,#6222,.F.);
#7629=ORIENTED_EDGE('',*,*,#7613,.T.);
#7630=EDGE_LOOP('',(#7622,#7627,#7628,#7629));
#7631=FACE_OUTER_BOUND('',#7630,.T.);
#7632=ADVANCED_FACE('',(#7631),#7621,.T.);
#7633=DIRECTION('',(-0.227077,0,-0.973877));
#7634=DIRECTION('',(-0,1,0));
#7635=AXIS2_PLACEMENT_3D('',#2104,#7633,#7634);
#7636=PLANE('',#7635);
#7637=DIRECTION('',(0,1,0));
#7638=VECTOR('',#7637,46);
#7639=LINE('',#1730,#7638);
#7640=EDGE_CURVE('',#1731,#2105,#7639,.T.);
#7641=ORIENTED_EDGE('',*,*,#7640,.F.);
#7642=ORIENTED_EDGE('',*,*,#6227,.F.);
#7643=ORIENTED_EDGE('',*,*,#7626,.T.);
#7644=ORIENTED_EDGE('',*,*,#3092,.T.);
#7645=EDGE_LOOP('',(#7641,#7642,#7643,#7644));
#7646=FACE_OUTER_BOUND('',#7645,.T.);
#7647=ADVANCED_FACE('',(#7646),#7636,.T.);
#7648=DIRECTION('',(-0.290284,0,-0.956941));
#7649=DIRECTION('',(-0,1,0));
#7650=AXIS2_PLACEMENT_3D('',#2104,#7648,#7649);
#7651=PLANE('',#7650);
#7652=ORIENTED_EDGE('',*,*,#3087,.T.);
#7653=DIRECTION('',(0,1,0));
#7654=VECTOR('',#7653,46);
#7655=LINE('',#1736,#7654);
#7656=EDGE_CURVE('',#1737,#2111,#7655,.T.);
#7657=ORIENTED_EDGE('',*,*,#7656,.F.);
#7658=ORIENTED_EDGE('',*,*,#6232,.F.);
#7659=ORIENTED_EDGE('',*,*,#7640,.T.);
#7660=EDGE_LOOP('',(#7652,#7657,#7658,#7659));
#7661=FACE_OUTER_BOUND('',#7660,.T.);
#7662=ADVANCED_FACE('',(#7661),#7651,.T.);
#7663=DIRECTION('',(-0.35225,0,-0.935906));
#7664=DIRECTION('',(-0,1,0));
#7665=AXIS2_PLACEMENT_3D('',#2106,#7663,#7664);
#7666=PLANE('',#7665);
#7667=DIRECTION('',(0,1,0));
#7668=VECTOR('',#7667,46);
#7669=LINE('',#1732,#7668);
#7670=EDGE_CURVE('',#1733,#2107,#7669,.T.);
#7671=ORIENTED_EDGE('',*,*,#7670,.F.);
#7672=ORIENTED_EDGE('',*,*,#6237,.T.);
#7673=ORIENTED_EDGE('',*,*,#7656,.T.);
#7674=ORIENTED_EDGE('',*,*,#3082,.F.);
#7675=EDGE_LOOP('',(#7671,#7672,#7673,#7674));
#7676=FACE_OUTER_BOUND('',#7675,.T.);
#7677=ADVANCED_FACE('',(#7676),#7666,.T.);
#7678=DIRECTION('',(-0.471397,0,-0.881921));
#7679=DIRECTION('',(-0,1,0));
#7680=AXIS2_PLACEMENT_3D('',#1734,#7678,#7679);
#7681=PLANE('',#7680);
#7682=DIRECTION('',(0,1,0));
#7683=VECTOR('',#7682,46);
#7684=LINE('',#1734,#7683);
#7685=EDGE_CURVE('',#1735,#2109,#7684,.T.);
#7686=ORIENTED_EDGE('',*,*,#7685,.T.);
#7687=ORIENTED_EDGE('',*,*,#3072,.T.);
#7688=ORIENTED_EDGE('',*,*,#7568,.F.);
#7689=ORIENTED_EDGE('',*,*,#6247,.F.);
#7690=EDGE_LOOP('',(#7686,#7687,#7688,#7689));
#7691=FACE_OUTER_BOUND('',#7690,.T.);
#7692=ADVANCED_FACE('',(#7691),#7681,.T.);
#7693=DIRECTION('',(-0.412707,0,-0.910864));
#7694=DIRECTION('',(-0,1,0));
#7695=AXIS2_PLACEMENT_3D('',#1734,#7693,#7694);
#7696=PLANE('',#7695);
#7697=ORIENTED_EDGE('',*,*,#6242,.F.);
#7698=ORIENTED_EDGE('',*,*,#7670,.T.);
#7699=ORIENTED_EDGE('',*,*,#3077,.T.);
#7700=ORIENTED_EDGE('',*,*,#7685,.F.);
#7701=EDGE_LOOP('',(#7697,#7698,#7699,#7700));
#7702=FACE_OUTER_BOUND('',#7701,.T.);
#7703=ADVANCED_FACE('',(#7702),#7696,.T.);
#7704=DIRECTION('',(-0.773011,0,-0.634393));
#7705=DIRECTION('',(-0,1,0));
#7706=AXIS2_PLACEMENT_3D('',#1746,#7704,#7705);
#7707=PLANE('',#7706);
#7708=DIRECTION('',(0,1,0));
#7709=VECTOR('',#7708,46);
#7710=LINE('',#1746,#7709);
#7711=EDGE_CURVE('',#1747,#2115,#7710,.T.);
#7712=ORIENTED_EDGE('',*,*,#7711,.T.);
#7713=ORIENTED_EDGE('',*,*,#3042,.T.);
#7714=DIRECTION('',(0,1,0));
#7715=VECTOR('',#7714,46);
#7716=LINE('',#1750,#7715);
#7717=EDGE_CURVE('',#1751,#2119,#7716,.T.);
#7718=ORIENTED_EDGE('',*,*,#7717,.F.);
#7719=ORIENTED_EDGE('',*,*,#5797,.F.);
#7720=EDGE_LOOP('',(#7712,#7713,#7718,#7719));
#7721=FACE_OUTER_BOUND('',#7720,.T.);
#7722=ADVANCED_FACE('',(#7721),#7707,.T.);
#7723=DIRECTION('',(-0.849203,0,-0.528067));
#7724=DIRECTION('',(-0,1,0));
#7725=AXIS2_PLACEMENT_3D('',#2116,#7723,#7724);
#7726=PLANE('',#7725);
#7727=ORIENTED_EDGE('',*,*,#3032,.F.);
#7728=ORIENTED_EDGE('',*,*,#7523,.F.);
#7729=ORIENTED_EDGE('',*,*,#5807,.T.);
#7730=DIRECTION('',(0,1,0));
#7731=VECTOR('',#7730,46);
#7732=LINE('',#1748,#7731);
#7733=EDGE_CURVE('',#1749,#2117,#7732,.T.);
#7734=ORIENTED_EDGE('',*,*,#7733,.T.);
#7735=EDGE_LOOP('',(#7727,#7728,#7729,#7734));
#7736=FACE_OUTER_BOUND('',#7735,.T.);
#7737=ADVANCED_FACE('',(#7736),#7726,.T.);
#7738=DIRECTION('',(-0.812847,0,-0.582478));
#7739=DIRECTION('',(-0,1,0));
#7740=AXIS2_PLACEMENT_3D('',#1748,#7738,#7739);
#7741=PLANE('',#7740);
#7742=ORIENTED_EDGE('',*,*,#5802,.T.);
#7743=ORIENTED_EDGE('',*,*,#7717,.T.);
#7744=ORIENTED_EDGE('',*,*,#3037,.F.);
#7745=ORIENTED_EDGE('',*,*,#7733,.F.);
#7746=EDGE_LOOP('',(#7742,#7743,#7744,#7745));
#7747=FACE_OUTER_BOUND('',#7746,.T.);
#7748=ADVANCED_FACE('',(#7747),#7741,.T.);
#7749=DIRECTION('',(-0.683592,0,-0.729864));
#7750=DIRECTION('',(-0,1,0));
#7751=AXIS2_PLACEMENT_3D('',#2120,#7749,#7750);
#7752=PLANE('',#7751);
#7753=ORIENTED_EDGE('',*,*,#3052,.T.);
#7754=DIRECTION('',(0,1,0));
#7755=VECTOR('',#7754,46);
#7756=LINE('',#1754,#7755);
#7757=EDGE_CURVE('',#1755,#2123,#7756,.T.);
#7758=ORIENTED_EDGE('',*,*,#7757,.F.);
#7759=ORIENTED_EDGE('',*,*,#5787,.F.);
#7760=DIRECTION('',(0,1,0));
#7761=VECTOR('',#7760,46);
#7762=LINE('',#1752,#7761);
#7763=EDGE_CURVE('',#1753,#2121,#7762,.T.);
#7764=ORIENTED_EDGE('',*,*,#7763,.T.);
#7765=EDGE_LOOP('',(#7753,#7758,#7759,#7764));
#7766=FACE_OUTER_BOUND('',#7765,.T.);
#7767=ADVANCED_FACE('',(#7766),#7752,.T.);
#7768=DIRECTION('',(-0.729863,0,-0.683593));
#7769=DIRECTION('',(-0,1,0));
#7770=AXIS2_PLACEMENT_3D('',#2114,#7768,#7769);
#7771=PLANE('',#7770);
#7772=ORIENTED_EDGE('',*,*,#7711,.F.);
#7773=ORIENTED_EDGE('',*,*,#5792,.T.);
#7774=ORIENTED_EDGE('',*,*,#7757,.T.);
#7775=ORIENTED_EDGE('',*,*,#3047,.F.);
#7776=EDGE_LOOP('',(#7772,#7773,#7774,#7775));
#7777=FACE_OUTER_BOUND('',#7776,.T.);
#7778=ADVANCED_FACE('',(#7777),#7771,.T.);
#7779=DIRECTION('',(-0.634394,0,-0.77301));
#7780=DIRECTION('',(-0,1,0));
#7781=AXIS2_PLACEMENT_3D('',#1706,#7779,#7780);
#7782=PLANE('',#7781);
#7783=ORIENTED_EDGE('',*,*,#7583,.T.);
#7784=ORIENTED_EDGE('',*,*,#3057,.T.);
#7785=ORIENTED_EDGE('',*,*,#7763,.F.);
#7786=ORIENTED_EDGE('',*,*,#5782,.F.);
#7787=EDGE_LOOP('',(#7783,#7784,#7785,#7786));
#7788=FACE_OUTER_BOUND('',#7787,.T.);
#7789=ADVANCED_FACE('',(#7788),#7782,.T.);
#7790=DIRECTION('',(0.857728,-0,0.514103));
#7791=DIRECTION('',(0,-1,-0));
#7792=AXIS2_PLACEMENT_3D('',#312,#7790,#7791);
#7793=PLANE('',#7792);
#7794=DIRECTION('',(0,1,0));
#7795=VECTOR('',#7794,2.399994);
#7796=LINE('',#310,#7795);
#7797=EDGE_CURVE('',#311,#313,#7796,.T.);
#7798=ORIENTED_EDGE('',*,*,#7797,.F.);
#7799=ORIENTED_EDGE('',*,*,#2215,.T.);
#7800=DIRECTION('',(0,1,0));
#7801=VECTOR('',#7800,2.399994);
#7802=LINE('',#372,#7801);
#7803=EDGE_CURVE('',#373,#377,#7802,.T.);
#7804=ORIENTED_EDGE('',*,*,#7803,.T.);
#7805=ORIENTED_EDGE('',*,*,#3846,.F.);
#7806=EDGE_LOOP('',(#7798,#7799,#7804,#7805));
#7807=FACE_OUTER_BOUND('',#7806,.T.);
#7808=ADVANCED_FACE('',(#7807),#7793,.T.);
#7809=DIRECTION('',(0.903989,-0,0.427555));
#7810=DIRECTION('',(0.427555,0,-0.903989));
#7811=AXIS2_PLACEMENT_3D('',#320,#7809,#7810);
#7812=PLANE('',#7811);
#7813=ORIENTED_EDGE('',*,*,#2220,.F.);
#7814=ORIENTED_EDGE('',*,*,#7797,.T.);
#7815=ORIENTED_EDGE('',*,*,#3841,.T.);
#7816=DIRECTION('',(0,1,0));
#7817=VECTOR('',#7816,2.399994);
#7818=LINE('',#320,#7817);
#7819=EDGE_CURVE('',#321,#325,#7818,.T.);
#7820=ORIENTED_EDGE('',*,*,#7819,.F.);
#7821=EDGE_LOOP('',(#7813,#7814,#7815,#7820));
#7822=FACE_OUTER_BOUND('',#7821,.T.);
#7823=ADVANCED_FACE('',(#7822),#7812,.T.);
#7824=DIRECTION('',(0.941544,0,0.33689));
#7825=DIRECTION('',(0.33689,0,-0.941544));
#7826=AXIS2_PLACEMENT_3D('',#326,#7824,#7825);
#7827=PLANE('',#7826);
#7828=DIRECTION('',(0,1,0));
#7829=VECTOR('',#7828,2.399994);
#7830=LINE('',#322,#7829);
#7831=EDGE_CURVE('',#323,#327,#7830,.T.);
#7832=ORIENTED_EDGE('',*,*,#7831,.F.);
#7833=ORIENTED_EDGE('',*,*,#2225,.F.);
#7834=ORIENTED_EDGE('',*,*,#7819,.T.);
#7835=ORIENTED_EDGE('',*,*,#3836,.T.);
#7836=EDGE_LOOP('',(#7832,#7833,#7834,#7835));
#7837=FACE_OUTER_BOUND('',#7836,.T.);
#7838=ADVANCED_FACE('',(#7837),#7827,.T.);
#7839=DIRECTION('',(0.970031,0,0.24298));
#7840=DIRECTION('',(0.24298,0,-0.970031));
#7841=AXIS2_PLACEMENT_3D('',#474,#7839,#7840);
#7842=PLANE('',#7841);
#7843=DIRECTION('',(0,1,0));
#7844=VECTOR('',#7843,2.399994);
#7845=LINE('',#468,#7844);
#7846=EDGE_CURVE('',#469,#475,#7845,.T.);
#7847=ORIENTED_EDGE('',*,*,#7846,.F.);
#7848=ORIENTED_EDGE('',*,*,#2230,.F.);
#7849=ORIENTED_EDGE('',*,*,#7831,.T.);
#7850=ORIENTED_EDGE('',*,*,#3831,.T.);
#7851=EDGE_LOOP('',(#7847,#7848,#7849,#7850));
#7852=FACE_OUTER_BOUND('',#7851,.T.);
#7853=ADVANCED_FACE('',(#7852),#7842,.T.);
#7854=DIRECTION('',(0.671558,-0,0.740952));
#7855=DIRECTION('',(0,-1,-0));
#7856=AXIS2_PLACEMENT_3D('',#340,#7854,#7855);
#7857=PLANE('',#7856);
#7858=DIRECTION('',(0,1,0));
#7859=VECTOR('',#7858,2.399994);
#7860=LINE('',#338,#7859);
#7861=EDGE_CURVE('',#339,#341,#7860,.T.);
#7862=ORIENTED_EDGE('',*,*,#7861,.F.);
#7863=ORIENTED_EDGE('',*,*,#2200,.T.);
#7864=DIRECTION('',(0,1,0));
#7865=VECTOR('',#7864,2.399994);
#7866=LINE('',#346,#7865);
#7867=EDGE_CURVE('',#347,#353,#7866,.T.);
#7868=ORIENTED_EDGE('',*,*,#7867,.T.);
#7869=ORIENTED_EDGE('',*,*,#3861,.F.);
#7870=EDGE_LOOP('',(#7862,#7863,#7868,#7869));
#7871=FACE_OUTER_BOUND('',#7870,.T.);
#7872=ADVANCED_FACE('',(#7871),#7857,.T.);
#7873=DIRECTION('',(0.595701,-0,0.803206));
#7874=DIRECTION('',(0,-1,-0));
#7875=AXIS2_PLACEMENT_3D('',#342,#7873,#7874);
#7876=PLANE('',#7875);
#7877=DIRECTION('',(0,1,0));
#7878=VECTOR('',#7877,2.399994);
#7879=LINE('',#342,#7878);
#7880=EDGE_CURVE('',#343,#349,#7879,.T.);
#7881=ORIENTED_EDGE('',*,*,#7880,.T.);
#7882=ORIENTED_EDGE('',*,*,#3866,.T.);
#7883=ORIENTED_EDGE('',*,*,#7867,.F.);
#7884=ORIENTED_EDGE('',*,*,#2195,.F.);
#7885=EDGE_LOOP('',(#7881,#7882,#7883,#7884));
#7886=FACE_OUTER_BOUND('',#7885,.T.);
#7887=ADVANCED_FACE('',(#7886),#7876,.T.);
#7888=DIRECTION('',(0.514101,0,0.857729));
#7889=DIRECTION('',(0,-1,0));
#7890=AXIS2_PLACEMENT_3D('',#344,#7888,#7889);
#7891=PLANE('',#7890);
#7892=DIRECTION('',(0,1,0));
#7893=VECTOR('',#7892,2.399994);
#7894=LINE('',#344,#7893);
#7895=EDGE_CURVE('',#345,#351,#7894,.T.);
#7896=ORIENTED_EDGE('',*,*,#7895,.T.);
#7897=ORIENTED_EDGE('',*,*,#3871,.F.);
#7898=ORIENTED_EDGE('',*,*,#7880,.F.);
#7899=ORIENTED_EDGE('',*,*,#2510,.T.);
#7900=EDGE_LOOP('',(#7896,#7897,#7898,#7899));
#7901=FACE_OUTER_BOUND('',#7900,.T.);
#7902=ADVANCED_FACE('',(#7901),#7891,.T.);
#7903=DIRECTION('',(0.427555,-0,0.903989));
#7904=DIRECTION('',(0,-1,-0));
#7905=AXIS2_PLACEMENT_3D('',#344,#7903,#7904);
#7906=PLANE('',#7905);
#7907=ORIENTED_EDGE('',*,*,#2505,.T.);
#7908=DIRECTION('',(0,1,0));
#7909=VECTOR('',#7908,2.399994);
#7910=LINE('',#354,#7909);
#7911=EDGE_CURVE('',#355,#359,#7910,.T.);
#7912=ORIENTED_EDGE('',*,*,#7911,.T.);
#7913=ORIENTED_EDGE('',*,*,#3876,.F.);
#7914=ORIENTED_EDGE('',*,*,#7895,.F.);
#7915=EDGE_LOOP('',(#7907,#7912,#7913,#7914));
#7916=FACE_OUTER_BOUND('',#7915,.T.);
#7917=ADVANCED_FACE('',(#7916),#7906,.T.);
#7918=DIRECTION('',(0.336889,-0,0.941544));
#7919=DIRECTION('',(0,-1,-0));
#7920=AXIS2_PLACEMENT_3D('',#358,#7918,#7919);
#7921=PLANE('',#7920);
#7922=ORIENTED_EDGE('',*,*,#7911,.F.);
#7923=ORIENTED_EDGE('',*,*,#2500,.T.);
#7924=DIRECTION('',(0,1,0));
#7925=VECTOR('',#7924,2.399994);
#7926=LINE('',#356,#7925);
#7927=EDGE_CURVE('',#357,#361,#7926,.T.);
#7928=ORIENTED_EDGE('',*,*,#7927,.T.);
#7929=ORIENTED_EDGE('',*,*,#3881,.F.);
#7930=EDGE_LOOP('',(#7922,#7923,#7928,#7929));
#7931=FACE_OUTER_BOUND('',#7930,.T.);
#7932=ADVANCED_FACE('',(#7931),#7921,.T.);
#7933=DIRECTION('',(0.242979,0,0.970032));
#7934=DIRECTION('',(0,-1,0));
#7935=AXIS2_PLACEMENT_3D('',#356,#7933,#7934);
#7936=PLANE('',#7935);
#7937=ORIENTED_EDGE('',*,*,#2495,.T.);
#7938=DIRECTION('',(0,1,0));
#7939=VECTOR('',#7938,2.399994);
#7940=LINE('',#362,#7939);
#7941=EDGE_CURVE('',#363,#367,#7940,.T.);
#7942=ORIENTED_EDGE('',*,*,#7941,.T.);
#7943=ORIENTED_EDGE('',*,*,#3886,.F.);
#7944=ORIENTED_EDGE('',*,*,#7927,.F.);
#7945=EDGE_LOOP('',(#7937,#7942,#7943,#7944));
#7946=FACE_OUTER_BOUND('',#7945,.T.);
#7947=ADVANCED_FACE('',(#7946),#7936,.T.);
#7948=DIRECTION('',(0.146732,0,0.989176));
#7949=DIRECTION('',(0,-1,0));
#7950=AXIS2_PLACEMENT_3D('',#366,#7948,#7949);
#7951=PLANE('',#7950);
#7952=ORIENTED_EDGE('',*,*,#7941,.F.);
#7953=ORIENTED_EDGE('',*,*,#2490,.T.);
#7954=DIRECTION('',(0,1,0));
#7955=VECTOR('',#7954,2.399994);
#7956=LINE('',#364,#7955);
#7957=EDGE_CURVE('',#365,#369,#7956,.T.);
#7958=ORIENTED_EDGE('',*,*,#7957,.T.);
#7959=ORIENTED_EDGE('',*,*,#3891,.F.);
#7960=EDGE_LOOP('',(#7952,#7953,#7958,#7959));
#7961=FACE_OUTER_BOUND('',#7960,.T.);
#7962=ADVANCED_FACE('',(#7961),#7951,.T.);
#7963=DIRECTION('',(0.049069,0,0.998795));
#7964=DIRECTION('',(0,-1,0));
#7965=AXIS2_PLACEMENT_3D('',#368,#7963,#7964);
#7966=PLANE('',#7965);
#7967=ORIENTED_EDGE('',*,*,#7957,.F.);
#7968=ORIENTED_EDGE('',*,*,#2485,.T.);
#7969=DIRECTION('',(0,1,0));
#7970=VECTOR('',#7969,2.399994);
#7971=LINE('',#1078,#7970);
#7972=EDGE_CURVE('',#1079,#1085,#7971,.T.);
#7973=ORIENTED_EDGE('',*,*,#7972,.T.);
#7974=ORIENTED_EDGE('',*,*,#3896,.F.);
#7975=EDGE_LOOP('',(#7967,#7968,#7973,#7974));
#7976=FACE_OUTER_BOUND('',#7975,.T.);
#7977=ADVANCED_FACE('',(#7976),#7966,.T.);
#7978=DIRECTION('',(0.803208,0,0.595699));
#7979=DIRECTION('',(0,-1,0));
#7980=AXIS2_PLACEMENT_3D('',#376,#7978,#7979);
#7981=PLANE('',#7980);
#7982=ORIENTED_EDGE('',*,*,#7803,.F.);
#7983=ORIENTED_EDGE('',*,*,#2210,.F.);
#7984=DIRECTION('',(0,1,0));
#7985=VECTOR('',#7984,2.399994);
#7986=LINE('',#370,#7985);
#7987=EDGE_CURVE('',#371,#375,#7986,.T.);
#7988=ORIENTED_EDGE('',*,*,#7987,.T.);
#7989=ORIENTED_EDGE('',*,*,#3851,.T.);
#7990=EDGE_LOOP('',(#7982,#7983,#7988,#7989));
#7991=FACE_OUTER_BOUND('',#7990,.T.);
#7992=ADVANCED_FACE('',(#7991),#7981,.T.);
#7993=DIRECTION('',(0.740952,0,0.671558));
#7994=DIRECTION('',(0,-1,0));
#7995=AXIS2_PLACEMENT_3D('',#338,#7993,#7994);
#7996=PLANE('',#7995);
#7997=ORIENTED_EDGE('',*,*,#7861,.T.);
#7998=ORIENTED_EDGE('',*,*,#3856,.T.);
#7999=ORIENTED_EDGE('',*,*,#7987,.F.);
#8000=ORIENTED_EDGE('',*,*,#2205,.F.);
#8001=EDGE_LOOP('',(#7997,#7998,#7999,#8000));
#8002=FACE_OUTER_BOUND('',#8001,.T.);
#8003=ADVANCED_FACE('',(#8002),#7996,.T.);
#8004=DIRECTION('',(0.989177,-0,0.14673));
#8005=DIRECTION('',(0.14673,0,-0.989177));
#8006=AXIS2_PLACEMENT_3D('',#470,#8004,#8005);
#8007=PLANE('',#8006);
#8008=ORIENTED_EDGE('',*,*,#2235,.F.);
#8009=ORIENTED_EDGE('',*,*,#7846,.T.);
#8010=ORIENTED_EDGE('',*,*,#3826,.T.);
#8011=DIRECTION('',(0,1,0));
#8012=VECTOR('',#8011,2.399994);
#8013=LINE('',#470,#8012);
#8014=EDGE_CURVE('',#471,#477,#8013,.T.);
#8015=ORIENTED_EDGE('',*,*,#8014,.F.);
#8016=EDGE_LOOP('',(#8008,#8009,#8010,#8015));
#8017=FACE_OUTER_BOUND('',#8016,.T.);
#8018=ADVANCED_FACE('',(#8017),#8007,.T.);
#8019=DIRECTION('',(0.998795,-0,0.049068));
#8020=DIRECTION('',(0.049068,0,-0.998795));
#8021=AXIS2_PLACEMENT_3D('',#472,#8019,#8020);
#8022=PLANE('',#8021);
#8023=ORIENTED_EDGE('',*,*,#2240,.F.);
#8024=ORIENTED_EDGE('',*,*,#8014,.T.);
#8025=ORIENTED_EDGE('',*,*,#3821,.T.);
#8026=DIRECTION('',(0,1,0));
#8027=VECTOR('',#8026,2.399994);
#8028=LINE('',#472,#8027);
#8029=EDGE_CURVE('',#473,#479,#8028,.T.);
#8030=ORIENTED_EDGE('',*,*,#8029,.F.);
#8031=EDGE_LOOP('',(#8023,#8024,#8025,#8030));
#8032=FACE_OUTER_BOUND('',#8031,.T.);
#8033=ADVANCED_FACE('',(#8032),#8022,.T.);
#8034=DIRECTION('',(0.998795,0,-0.049068));
#8035=DIRECTION('',(-0.049068,0,-0.998795));
#8036=AXIS2_PLACEMENT_3D('',#488,#8034,#8035);
#8037=PLANE('',#8036);
#8038=DIRECTION('',(0,1,0));
#8039=VECTOR('',#8038,2.399994);
#8040=LINE('',#484,#8039);
#8041=EDGE_CURVE('',#485,#489,#8040,.T.);
#8042=ORIENTED_EDGE('',*,*,#8041,.F.);
#8043=ORIENTED_EDGE('',*,*,#2245,.F.);
#8044=ORIENTED_EDGE('',*,*,#8029,.T.);
#8045=ORIENTED_EDGE('',*,*,#3816,.T.);
#8046=EDGE_LOOP('',(#8042,#8043,#8044,#8045));
#8047=FACE_OUTER_BOUND('',#8046,.T.);
#8048=ADVANCED_FACE('',(#8047),#8037,.T.);
#8049=DIRECTION('',(0.989177,0,-0.14673));
#8050=DIRECTION('',(-0.14673,0,-0.989177));
#8051=AXIS2_PLACEMENT_3D('',#484,#8049,#8050);
#8052=PLANE('',#8051);
#8053=ORIENTED_EDGE('',*,*,#8041,.T.);
#8054=ORIENTED_EDGE('',*,*,#3811,.T.);
#8055=DIRECTION('',(0,1,0));
#8056=VECTOR('',#8055,2.399994);
#8057=LINE('',#486,#8056);
#8058=EDGE_CURVE('',#487,#491,#8057,.T.);
#8059=ORIENTED_EDGE('',*,*,#8058,.F.);
#8060=ORIENTED_EDGE('',*,*,#2250,.F.);
#8061=EDGE_LOOP('',(#8053,#8054,#8059,#8060));
#8062=FACE_OUTER_BOUND('',#8061,.T.);
#8063=ADVANCED_FACE('',(#8062),#8052,.T.);
#8064=DIRECTION('',(0.970031,0,-0.24298));
#8065=DIRECTION('',(-0.24298,0,-0.970031));
#8066=AXIS2_PLACEMENT_3D('',#498,#8064,#8065);
#8067=PLANE('',#8066);
#8068=ORIENTED_EDGE('',*,*,#2255,.F.);
#8069=ORIENTED_EDGE('',*,*,#8058,.T.);
#8070=ORIENTED_EDGE('',*,*,#3806,.T.);
#8071=DIRECTION('',(0,1,0));
#8072=VECTOR('',#8071,2.399994);
#8073=LINE('',#498,#8072);
#8074=EDGE_CURVE('',#499,#505,#8073,.T.);
#8075=ORIENTED_EDGE('',*,*,#8074,.F.);
#8076=EDGE_LOOP('',(#8068,#8069,#8070,#8075));
#8077=FACE_OUTER_BOUND('',#8076,.T.);
#8078=ADVANCED_FACE('',(#8077),#8067,.T.);
#8079=DIRECTION('',(0.941544,0,-0.33689));
#8080=DIRECTION('',(-0.33689,0,-0.941544));
#8081=AXIS2_PLACEMENT_3D('',#506,#8079,#8080);
#8082=PLANE('',#8081);
#8083=DIRECTION('',(0,1,0));
#8084=VECTOR('',#8083,2.399994);
#8085=LINE('',#500,#8084);
#8086=EDGE_CURVE('',#501,#507,#8085,.T.);
#8087=ORIENTED_EDGE('',*,*,#8086,.F.);
#8088=ORIENTED_EDGE('',*,*,#2260,.F.);
#8089=ORIENTED_EDGE('',*,*,#8074,.T.);
#8090=ORIENTED_EDGE('',*,*,#3801,.T.);
#8091=EDGE_LOOP('',(#8087,#8088,#8089,#8090));
#8092=FACE_OUTER_BOUND('',#8091,.T.);
#8093=ADVANCED_FACE('',(#8092),#8082,.T.);
#8094=DIRECTION('',(0.903989,0,-0.427555));
#8095=DIRECTION('',(-0.427555,0,-0.903989));
#8096=AXIS2_PLACEMENT_3D('',#508,#8094,#8095);
#8097=PLANE('',#8096);
#8098=DIRECTION('',(0,1,0));
#8099=VECTOR('',#8098,2.399994);
#8100=LINE('',#502,#8099);
#8101=EDGE_CURVE('',#503,#509,#8100,.T.);
#8102=ORIENTED_EDGE('',*,*,#8101,.F.);
#8103=ORIENTED_EDGE('',*,*,#2265,.F.);
#8104=ORIENTED_EDGE('',*,*,#8086,.T.);
#8105=ORIENTED_EDGE('',*,*,#3796,.T.);
#8106=EDGE_LOOP('',(#8102,#8103,#8104,#8105));
#8107=FACE_OUTER_BOUND('',#8106,.T.);
#8108=ADVANCED_FACE('',(#8107),#8097,.T.);
#8109=DIRECTION('',(0.857728,0,-0.514103));
#8110=DIRECTION('',(-0,1,0));
#8111=AXIS2_PLACEMENT_3D('',#518,#8109,#8110);
#8112=PLANE('',#8111);
#8113=ORIENTED_EDGE('',*,*,#2270,.F.);
#8114=ORIENTED_EDGE('',*,*,#8101,.T.);
#8115=ORIENTED_EDGE('',*,*,#3791,.T.);
#8116=DIRECTION('',(0,1,0));
#8117=VECTOR('',#8116,2.399994);
#8118=LINE('',#518,#8117);
#8119=EDGE_CURVE('',#519,#525,#8118,.T.);
#8120=ORIENTED_EDGE('',*,*,#8119,.F.);
#8121=EDGE_LOOP('',(#8113,#8114,#8115,#8120));
#8122=FACE_OUTER_BOUND('',#8121,.T.);
#8123=ADVANCED_FACE('',(#8122),#8112,.T.);
#8124=DIRECTION('',(0.803208,0,-0.595699));
#8125=DIRECTION('',(-0,1,0));
#8126=AXIS2_PLACEMENT_3D('',#520,#8124,#8125);
#8127=PLANE('',#8126);
#8128=ORIENTED_EDGE('',*,*,#2275,.F.);
#8129=ORIENTED_EDGE('',*,*,#8119,.T.);
#8130=ORIENTED_EDGE('',*,*,#3786,.T.);
#8131=DIRECTION('',(0,1,0));
#8132=VECTOR('',#8131,2.399994);
#8133=LINE('',#520,#8132);
#8134=EDGE_CURVE('',#521,#527,#8133,.T.);
#8135=ORIENTED_EDGE('',*,*,#8134,.F.);
#8136=EDGE_LOOP('',(#8128,#8129,#8130,#8135));
#8137=FACE_OUTER_BOUND('',#8136,.T.);
#8138=ADVANCED_FACE('',(#8137),#8127,.T.);
#8139=DIRECTION('',(0.740951,0,-0.671559));
#8140=DIRECTION('',(-0,1,0));
#8141=AXIS2_PLACEMENT_3D('',#522,#8139,#8140);
#8142=PLANE('',#8141);
#8143=ORIENTED_EDGE('',*,*,#2280,.F.);
#8144=ORIENTED_EDGE('',*,*,#8134,.T.);
#8145=ORIENTED_EDGE('',*,*,#3781,.T.);
#8146=DIRECTION('',(0,1,0));
#8147=VECTOR('',#8146,2.399994);
#8148=LINE('',#522,#8147);
#8149=EDGE_CURVE('',#523,#529,#8148,.T.);
#8150=ORIENTED_EDGE('',*,*,#8149,.F.);
#8151=EDGE_LOOP('',(#8143,#8144,#8145,#8150));
#8152=FACE_OUTER_BOUND('',#8151,.T.);
#8153=ADVANCED_FACE('',(#8152),#8142,.T.);
#8154=DIRECTION('',(0.671559,0,-0.740951));
#8155=DIRECTION('',(-0,1,0));
#8156=AXIS2_PLACEMENT_3D('',#538,#8154,#8155);
#8157=PLANE('',#8156);
#8158=ORIENTED_EDGE('',*,*,#2285,.F.);
#8159=ORIENTED_EDGE('',*,*,#8149,.T.);
#8160=ORIENTED_EDGE('',*,*,#3776,.T.);
#8161=DIRECTION('',(0,1,0));
#8162=VECTOR('',#8161,2.399994);
#8163=LINE('',#538,#8162);
#8164=EDGE_CURVE('',#539,#545,#8163,.T.);
#8165=ORIENTED_EDGE('',*,*,#8164,.F.);
#8166=EDGE_LOOP('',(#8158,#8159,#8160,#8165));
#8167=FACE_OUTER_BOUND('',#8166,.T.);
#8168=ADVANCED_FACE('',(#8167),#8157,.T.);
#8169=DIRECTION('',(0.595699,0,-0.803207));
#8170=DIRECTION('',(-0,1,0));
#8171=AXIS2_PLACEMENT_3D('',#546,#8169,#8170);
#8172=PLANE('',#8171);
#8173=DIRECTION('',(0,1,0));
#8174=VECTOR('',#8173,2.399994);
#8175=LINE('',#540,#8174);
#8176=EDGE_CURVE('',#541,#547,#8175,.T.);
#8177=ORIENTED_EDGE('',*,*,#8176,.F.);
#8178=ORIENTED_EDGE('',*,*,#2290,.F.);
#8179=ORIENTED_EDGE('',*,*,#8164,.T.);
#8180=ORIENTED_EDGE('',*,*,#3771,.T.);
#8181=EDGE_LOOP('',(#8177,#8178,#8179,#8180));
#8182=FACE_OUTER_BOUND('',#8181,.T.);
#8183=ADVANCED_FACE('',(#8182),#8172,.T.);
#8184=DIRECTION('',(0.514101,0,-0.857729));
#8185=DIRECTION('',(-0,1,0));
#8186=AXIS2_PLACEMENT_3D('',#548,#8184,#8185);
#8187=PLANE('',#8186);
#8188=DIRECTION('',(0,1,0));
#8189=VECTOR('',#8188,2.399994);
#8190=LINE('',#542,#8189);
#8191=EDGE_CURVE('',#543,#549,#8190,.T.);
#8192=ORIENTED_EDGE('',*,*,#8191,.F.);
#8193=ORIENTED_EDGE('',*,*,#2295,.F.);
#8194=ORIENTED_EDGE('',*,*,#8176,.T.);
#8195=ORIENTED_EDGE('',*,*,#3766,.T.);
#8196=EDGE_LOOP('',(#8192,#8193,#8194,#8195));
#8197=FACE_OUTER_BOUND('',#8196,.T.);
#8198=ADVANCED_FACE('',(#8197),#8187,.T.);
#8199=DIRECTION('',(0.427555,0,-0.903989));
#8200=DIRECTION('',(-0,1,0));
#8201=AXIS2_PLACEMENT_3D('',#542,#8199,#8200);
#8202=PLANE('',#8201);
#8203=ORIENTED_EDGE('',*,*,#8191,.T.);
#8204=ORIENTED_EDGE('',*,*,#3761,.T.);
#8205=DIRECTION('',(0,1,0));
#8206=VECTOR('',#8205,2.399994);
#8207=LINE('',#562,#8206);
#8208=EDGE_CURVE('',#563,#565,#8207,.T.);
#8209=ORIENTED_EDGE('',*,*,#8208,.F.);
#8210=ORIENTED_EDGE('',*,*,#2300,.F.);
#8211=EDGE_LOOP('',(#8203,#8204,#8209,#8210));
#8212=FACE_OUTER_BOUND('',#8211,.T.);
#8213=ADVANCED_FACE('',(#8212),#8202,.T.);
#8214=DIRECTION('',(0.336891,0,-0.941544));
#8215=DIRECTION('',(-0,1,0));
#8216=AXIS2_PLACEMENT_3D('',#568,#8214,#8215);
#8217=PLANE('',#8216);
#8218=DIRECTION('',(0,1,0));
#8219=VECTOR('',#8218,2.399994);
#8220=LINE('',#566,#8219);
#8221=EDGE_CURVE('',#567,#569,#8220,.T.);
#8222=ORIENTED_EDGE('',*,*,#8221,.F.);
#8223=ORIENTED_EDGE('',*,*,#2305,.F.);
#8224=ORIENTED_EDGE('',*,*,#8208,.T.);
#8225=ORIENTED_EDGE('',*,*,#3756,.T.);
#8226=EDGE_LOOP('',(#8222,#8223,#8224,#8225));
#8227=FACE_OUTER_BOUND('',#8226,.T.);
#8228=ADVANCED_FACE('',(#8227),#8217,.T.);
#8229=DIRECTION('',(0.242979,0,-0.970032));
#8230=DIRECTION('',(-0,1,0));
#8231=AXIS2_PLACEMENT_3D('',#566,#8229,#8230);
#8232=PLANE('',#8231);
#8233=ORIENTED_EDGE('',*,*,#8221,.T.);
#8234=ORIENTED_EDGE('',*,*,#3751,.T.);
#8235=DIRECTION('',(0,1,0));
#8236=VECTOR('',#8235,2.399994);
#8237=LINE('',#570,#8236);
#8238=EDGE_CURVE('',#571,#575,#8237,.T.);
#8239=ORIENTED_EDGE('',*,*,#8238,.F.);
#8240=ORIENTED_EDGE('',*,*,#2310,.F.);
#8241=EDGE_LOOP('',(#8233,#8234,#8239,#8240));
#8242=FACE_OUTER_BOUND('',#8241,.T.);
#8243=ADVANCED_FACE('',(#8242),#8232,.T.);
#8244=DIRECTION('',(0.14673,0,-0.989177));
#8245=DIRECTION('',(-0,1,0));
#8246=AXIS2_PLACEMENT_3D('',#576,#8244,#8245);
#8247=PLANE('',#8246);
#8248=DIRECTION('',(0,1,0));
#8249=VECTOR('',#8248,2.399994);
#8250=LINE('',#572,#8249);
#8251=EDGE_CURVE('',#573,#577,#8250,.T.);
#8252=ORIENTED_EDGE('',*,*,#8251,.F.);
#8253=ORIENTED_EDGE('',*,*,#2315,.F.);
#8254=ORIENTED_EDGE('',*,*,#8238,.T.);
#8255=ORIENTED_EDGE('',*,*,#3746,.T.);
#8256=EDGE_LOOP('',(#8252,#8253,#8254,#8255));
#8257=FACE_OUTER_BOUND('',#8256,.T.);
#8258=ADVANCED_FACE('',(#8257),#8247,.T.);
#8259=DIRECTION('',(0.049069,0,-0.998795));
#8260=DIRECTION('',(-0,1,0));
#8261=AXIS2_PLACEMENT_3D('',#1594,#8259,#8260);
#8262=PLANE('',#8261);
#8263=DIRECTION('',(0,1,0));
#8264=VECTOR('',#8263,2.399994);
#8265=LINE('',#1588,#8264);
#8266=EDGE_CURVE('',#1589,#1595,#8265,.T.);
#8267=ORIENTED_EDGE('',*,*,#8266,.F.);
#8268=ORIENTED_EDGE('',*,*,#2320,.F.);
#8269=ORIENTED_EDGE('',*,*,#8251,.T.);
#8270=ORIENTED_EDGE('',*,*,#3741,.T.);
#8271=EDGE_LOOP('',(#8267,#8268,#8269,#8270));
#8272=FACE_OUTER_BOUND('',#8271,.T.);
#8273=ADVANCED_FACE('',(#8272),#8262,.T.);
#8274=DIRECTION('',(-0.049069,0,0.998795));
#8275=DIRECTION('',(0,-1,0));
#8276=AXIS2_PLACEMENT_3D('',#1078,#8274,#8275);
#8277=PLANE('',#8276);
#8278=ORIENTED_EDGE('',*,*,#2480,.T.);
#8279=DIRECTION('',(0,1,0));
#8280=VECTOR('',#8279,2.399994);
#8281=LINE('',#1080,#8280);
#8282=EDGE_CURVE('',#1081,#1087,#8281,.T.);
#8283=ORIENTED_EDGE('',*,*,#8282,.T.);
#8284=ORIENTED_EDGE('',*,*,#3901,.F.);
#8285=ORIENTED_EDGE('',*,*,#7972,.F.);
#8286=EDGE_LOOP('',(#8278,#8283,#8284,#8285));
#8287=FACE_OUTER_BOUND('',#8286,.T.);
#8288=ADVANCED_FACE('',(#8287),#8277,.T.);
#8289=DIRECTION('',(-0.146732,0,0.989176));
#8290=DIRECTION('',(0,-1,0));
#8291=AXIS2_PLACEMENT_3D('',#1082,#8289,#8290);
#8292=PLANE('',#8291);
#8293=DIRECTION('',(0,1,0));
#8294=VECTOR('',#8293,2.399994);
#8295=LINE('',#1082,#8294);
#8296=EDGE_CURVE('',#1083,#1089,#8295,.T.);
#8297=ORIENTED_EDGE('',*,*,#8296,.T.);
#8298=ORIENTED_EDGE('',*,*,#3906,.F.);
#8299=ORIENTED_EDGE('',*,*,#8282,.F.);
#8300=ORIENTED_EDGE('',*,*,#2475,.T.);
#8301=EDGE_LOOP('',(#8297,#8298,#8299,#8300));
#8302=FACE_OUTER_BOUND('',#8301,.T.);
#8303=ADVANCED_FACE('',(#8302),#8292,.T.);
#8304=DIRECTION('',(-0.242979,0,0.970032));
#8305=DIRECTION('',(0,-1,0));
#8306=AXIS2_PLACEMENT_3D('',#1094,#8304,#8305);
#8307=PLANE('',#8306);
#8308=ORIENTED_EDGE('',*,*,#3911,.F.);
#8309=ORIENTED_EDGE('',*,*,#8296,.F.);
#8310=ORIENTED_EDGE('',*,*,#2470,.T.);
#8311=DIRECTION('',(0,1,0));
#8312=VECTOR('',#8311,2.399994);
#8313=LINE('',#1090,#8312);
#8314=EDGE_CURVE('',#1091,#1095,#8313,.T.);
#8315=ORIENTED_EDGE('',*,*,#8314,.T.);
#8316=EDGE_LOOP('',(#8308,#8309,#8310,#8315));
#8317=FACE_OUTER_BOUND('',#8316,.T.);
#8318=ADVANCED_FACE('',(#8317),#8307,.T.);
#8319=DIRECTION('',(-0.336889,0,0.941544));
#8320=DIRECTION('',(0,-1,0));
#8321=AXIS2_PLACEMENT_3D('',#1094,#8319,#8320);
#8322=PLANE('',#8321);
#8323=ORIENTED_EDGE('',*,*,#8314,.F.);
#8324=ORIENTED_EDGE('',*,*,#2465,.T.);
#8325=DIRECTION('',(0,1,0));
#8326=VECTOR('',#8325,2.399994);
#8327=LINE('',#1092,#8326);
#8328=EDGE_CURVE('',#1093,#1097,#8327,.T.);
#8329=ORIENTED_EDGE('',*,*,#8328,.T.);
#8330=ORIENTED_EDGE('',*,*,#3916,.F.);
#8331=EDGE_LOOP('',(#8323,#8324,#8329,#8330));
#8332=FACE_OUTER_BOUND('',#8331,.T.);
#8333=ADVANCED_FACE('',(#8332),#8322,.T.);
#8334=DIRECTION('',(-0.427555,0,0.903989));
#8335=DIRECTION('',(0,-1,0));
#8336=AXIS2_PLACEMENT_3D('',#1092,#8334,#8335);
#8337=PLANE('',#8336);
#8338=ORIENTED_EDGE('',*,*,#2460,.T.);
#8339=DIRECTION('',(0,1,0));
#8340=VECTOR('',#8339,2.399994);
#8341=LINE('',#1108,#8340);
#8342=EDGE_CURVE('',#1109,#1115,#8341,.T.);
#8343=ORIENTED_EDGE('',*,*,#8342,.T.);
#8344=ORIENTED_EDGE('',*,*,#3921,.F.);
#8345=ORIENTED_EDGE('',*,*,#8328,.F.);
#8346=EDGE_LOOP('',(#8338,#8343,#8344,#8345));
#8347=FACE_OUTER_BOUND('',#8346,.T.);
#8348=ADVANCED_FACE('',(#8347),#8337,.T.);
#8349=DIRECTION('',(-0.514101,0,0.857729));
#8350=DIRECTION('',(0,-1,0));
#8351=AXIS2_PLACEMENT_3D('',#1108,#8349,#8350);
#8352=PLANE('',#8351);
#8353=ORIENTED_EDGE('',*,*,#2455,.T.);
#8354=DIRECTION('',(0,1,0));
#8355=VECTOR('',#8354,2.399994);
#8356=LINE('',#1110,#8355);
#8357=EDGE_CURVE('',#1111,#1117,#8356,.T.);
#8358=ORIENTED_EDGE('',*,*,#8357,.T.);
#8359=ORIENTED_EDGE('',*,*,#3926,.F.);
#8360=ORIENTED_EDGE('',*,*,#8342,.F.);
#8361=EDGE_LOOP('',(#8353,#8358,#8359,#8360));
#8362=FACE_OUTER_BOUND('',#8361,.T.);
#8363=ADVANCED_FACE('',(#8362),#8352,.T.);
#8364=DIRECTION('',(-0.595701,0,0.803206));
#8365=DIRECTION('',(0,-1,0));
#8366=AXIS2_PLACEMENT_3D('',#1110,#8364,#8365);
#8367=PLANE('',#8366);
#8368=ORIENTED_EDGE('',*,*,#2450,.T.);
#8369=DIRECTION('',(0,1,0));
#8370=VECTOR('',#8369,2.399994);
#8371=LINE('',#1112,#8370);
#8372=EDGE_CURVE('',#1113,#1119,#8371,.T.);
#8373=ORIENTED_EDGE('',*,*,#8372,.T.);
#8374=ORIENTED_EDGE('',*,*,#3931,.F.);
#8375=ORIENTED_EDGE('',*,*,#8357,.F.);
#8376=EDGE_LOOP('',(#8368,#8373,#8374,#8375));
#8377=FACE_OUTER_BOUND('',#8376,.T.);
#8378=ADVANCED_FACE('',(#8377),#8367,.T.);
#8379=DIRECTION('',(-0.671558,0,0.740952));
#8380=DIRECTION('',(0,-1,0));
#8381=AXIS2_PLACEMENT_3D('',#1112,#8379,#8380);
#8382=PLANE('',#8381);
#8383=ORIENTED_EDGE('',*,*,#2445,.T.);
#8384=DIRECTION('',(0,1,0));
#8385=VECTOR('',#8384,2.399994);
#8386=LINE('',#1120,#8385);
#8387=EDGE_CURVE('',#1121,#1123,#8386,.T.);
#8388=ORIENTED_EDGE('',*,*,#8387,.T.);
#8389=ORIENTED_EDGE('',*,*,#3936,.F.);
#8390=ORIENTED_EDGE('',*,*,#8372,.F.);
#8391=EDGE_LOOP('',(#8383,#8388,#8389,#8390));
#8392=FACE_OUTER_BOUND('',#8391,.T.);
#8393=ADVANCED_FACE('',(#8392),#8382,.T.);
#8394=DIRECTION('',(-0.740952,0,0.671558));
#8395=DIRECTION('',(0,-1,0));
#8396=AXIS2_PLACEMENT_3D('',#1128,#8394,#8395);
#8397=PLANE('',#8396);
#8398=ORIENTED_EDGE('',*,*,#3621,.F.);
#8399=ORIENTED_EDGE('',*,*,#8387,.F.);
#8400=ORIENTED_EDGE('',*,*,#2440,.T.);
#8401=DIRECTION('',(0,1,0));
#8402=VECTOR('',#8401,2.399994);
#8403=LINE('',#1124,#8402);
#8404=EDGE_CURVE('',#1125,#1129,#8403,.T.);
#8405=ORIENTED_EDGE('',*,*,#8404,.T.);
#8406=EDGE_LOOP('',(#8398,#8399,#8400,#8405));
#8407=FACE_OUTER_BOUND('',#8406,.T.);
#8408=ADVANCED_FACE('',(#8407),#8397,.T.);
#8409=DIRECTION('',(-0.803208,0,0.595699));
#8410=DIRECTION('',(0,-1,0));
#8411=AXIS2_PLACEMENT_3D('',#1124,#8409,#8410);
#8412=PLANE('',#8411);
#8413=ORIENTED_EDGE('',*,*,#2435,.T.);
#8414=DIRECTION('',(0,1,0));
#8415=VECTOR('',#8414,2.399994);
#8416=LINE('',#1126,#8415);
#8417=EDGE_CURVE('',#1127,#1131,#8416,.T.);
#8418=ORIENTED_EDGE('',*,*,#8417,.T.);
#8419=ORIENTED_EDGE('',*,*,#3626,.F.);
#8420=ORIENTED_EDGE('',*,*,#8404,.F.);
#8421=EDGE_LOOP('',(#8413,#8418,#8419,#8420));
#8422=FACE_OUTER_BOUND('',#8421,.T.);
#8423=ADVANCED_FACE('',(#8422),#8412,.T.);
#8424=DIRECTION('',(-0.857728,0,0.514103));
#8425=DIRECTION('',(0,-1,0));
#8426=AXIS2_PLACEMENT_3D('',#1140,#8424,#8425);
#8427=PLANE('',#8426);
#8428=DIRECTION('',(0,1,0));
#8429=VECTOR('',#8428,2.399994);
#8430=LINE('',#1140,#8429);
#8431=EDGE_CURVE('',#1141,#1143,#8430,.T.);
#8432=ORIENTED_EDGE('',*,*,#8431,.T.);
#8433=ORIENTED_EDGE('',*,*,#3631,.F.);
#8434=ORIENTED_EDGE('',*,*,#8417,.F.);
#8435=ORIENTED_EDGE('',*,*,#2430,.T.);
#8436=EDGE_LOOP('',(#8432,#8433,#8434,#8435));
#8437=FACE_OUTER_BOUND('',#8436,.T.);
#8438=ADVANCED_FACE('',(#8437),#8427,.T.);
#8439=DIRECTION('',(-0.903989,0,0.427555));
#8440=DIRECTION('',(0.427555,-0,0.903989));
#8441=AXIS2_PLACEMENT_3D('',#1150,#8439,#8440);
#8442=PLANE('',#8441);
#8443=DIRECTION('',(0,1,0));
#8444=VECTOR('',#8443,2.399994);
#8445=LINE('',#1150,#8444);
#8446=EDGE_CURVE('',#1151,#1155,#8445,.T.);
#8447=ORIENTED_EDGE('',*,*,#8446,.T.);
#8448=ORIENTED_EDGE('',*,*,#3636,.F.);
#8449=ORIENTED_EDGE('',*,*,#8431,.F.);
#8450=ORIENTED_EDGE('',*,*,#2425,.T.);
#8451=EDGE_LOOP('',(#8447,#8448,#8449,#8450));
#8452=FACE_OUTER_BOUND('',#8451,.T.);
#8453=ADVANCED_FACE('',(#8452),#8442,.T.);
#8454=DIRECTION('',(-0.941544,0,0.33689));
#8455=DIRECTION('',(0.33689,-0,0.941544));
#8456=AXIS2_PLACEMENT_3D('',#1156,#8454,#8455);
#8457=PLANE('',#8456);
#8458=ORIENTED_EDGE('',*,*,#3641,.F.);
#8459=ORIENTED_EDGE('',*,*,#8446,.F.);
#8460=ORIENTED_EDGE('',*,*,#2420,.T.);
#8461=DIRECTION('',(0,1,0));
#8462=VECTOR('',#8461,2.399994);
#8463=LINE('',#1152,#8462);
#8464=EDGE_CURVE('',#1153,#1157,#8463,.T.);
#8465=ORIENTED_EDGE('',*,*,#8464,.T.);
#8466=EDGE_LOOP('',(#8458,#8459,#8460,#8465));
#8467=FACE_OUTER_BOUND('',#8466,.T.);
#8468=ADVANCED_FACE('',(#8467),#8457,.T.);
#8469=DIRECTION('',(-0.970031,0,0.24298));
#8470=DIRECTION('',(0.24298,-0,0.970031));
#8471=AXIS2_PLACEMENT_3D('',#1156,#8469,#8470);
#8472=PLANE('',#8471);
#8473=ORIENTED_EDGE('',*,*,#8464,.F.);
#8474=ORIENTED_EDGE('',*,*,#2415,.T.);
#8475=DIRECTION('',(0,1,0));
#8476=VECTOR('',#8475,2.399994);
#8477=LINE('',#1528,#8476);
#8478=EDGE_CURVE('',#1529,#1535,#8477,.T.);
#8479=ORIENTED_EDGE('',*,*,#8478,.T.);
#8480=ORIENTED_EDGE('',*,*,#3646,.F.);
#8481=EDGE_LOOP('',(#8473,#8474,#8479,#8480));
#8482=FACE_OUTER_BOUND('',#8481,.T.);
#8483=ADVANCED_FACE('',(#8482),#8472,.T.);
#8484=DIRECTION('',(-0.857728,0,-0.514103));
#8485=DIRECTION('',(-0,1,0));
#8486=AXIS2_PLACEMENT_3D('',#1516,#8484,#8485);
#8487=PLANE('',#8486);
#8488=DIRECTION('',(0,1,0));
#8489=VECTOR('',#8488,2.399994);
#8490=LINE('',#1516,#8489);
#8491=EDGE_CURVE('',#1517,#1523,#8490,.T.);
#8492=ORIENTED_EDGE('',*,*,#8491,.T.);
#8493=ORIENTED_EDGE('',*,*,#3686,.T.);
#8494=DIRECTION('',(0,1,0));
#8495=VECTOR('',#8494,2.399994);
#8496=LINE('',#1562,#8495);
#8497=EDGE_CURVE('',#1563,#1569,#8496,.T.);
#8498=ORIENTED_EDGE('',*,*,#8497,.F.);
#8499=ORIENTED_EDGE('',*,*,#2375,.F.);
#8500=EDGE_LOOP('',(#8492,#8493,#8498,#8499));
#8501=FACE_OUTER_BOUND('',#8500,.T.);
#8502=ADVANCED_FACE('',(#8501),#8487,.T.);
#8503=DIRECTION('',(-0.803208,0,-0.595699));
#8504=DIRECTION('',(-0,1,0));
#8505=AXIS2_PLACEMENT_3D('',#1520,#8503,#8504);
#8506=PLANE('',#8505);
#8507=DIRECTION('',(0,1,0));
#8508=VECTOR('',#8507,2.399994);
#8509=LINE('',#1520,#8508);
#8510=EDGE_CURVE('',#1521,#1527,#8509,.T.);
#8511=ORIENTED_EDGE('',*,*,#8510,.T.);
#8512=ORIENTED_EDGE('',*,*,#3691,.F.);
#8513=ORIENTED_EDGE('',*,*,#8491,.F.);
#8514=ORIENTED_EDGE('',*,*,#2370,.T.);
#8515=EDGE_LOOP('',(#8511,#8512,#8513,#8514));
#8516=FACE_OUTER_BOUND('',#8515,.T.);
#8517=ADVANCED_FACE('',(#8516),#8506,.T.);
#8518=DIRECTION('',(-0.740951,0,-0.671559));
#8519=DIRECTION('',(-0,1,0));
#8520=AXIS2_PLACEMENT_3D('',#1526,#8518,#8519);
#8521=PLANE('',#8520);
#8522=ORIENTED_EDGE('',*,*,#8510,.F.);
#8523=ORIENTED_EDGE('',*,*,#2365,.F.);
#8524=DIRECTION('',(0,1,0));
#8525=VECTOR('',#8524,2.399994);
#8526=LINE('',#1518,#8525);
#8527=EDGE_CURVE('',#1519,#1525,#8526,.T.);
#8528=ORIENTED_EDGE('',*,*,#8527,.T.);
#8529=ORIENTED_EDGE('',*,*,#3696,.T.);
#8530=EDGE_LOOP('',(#8522,#8523,#8528,#8529));
#8531=FACE_OUTER_BOUND('',#8530,.T.);
#8532=ADVANCED_FACE('',(#8531),#8521,.T.);
#8533=DIRECTION('',(-0.989177,0,0.14673));
#8534=DIRECTION('',(0.14673,-0,0.989177));
#8535=AXIS2_PLACEMENT_3D('',#1528,#8533,#8534);
#8536=PLANE('',#8535);
#8537=ORIENTED_EDGE('',*,*,#2410,.T.);
#8538=DIRECTION('',(0,1,0));
#8539=VECTOR('',#8538,2.399994);
#8540=LINE('',#1530,#8539);
#8541=EDGE_CURVE('',#1531,#1537,#8540,.T.);
#8542=ORIENTED_EDGE('',*,*,#8541,.T.);
#8543=ORIENTED_EDGE('',*,*,#3651,.F.);
#8544=ORIENTED_EDGE('',*,*,#8478,.F.);
#8545=EDGE_LOOP('',(#8537,#8542,#8543,#8544));
#8546=FACE_OUTER_BOUND('',#8545,.T.);
#8547=ADVANCED_FACE('',(#8546),#8536,.T.);
#8548=DIRECTION('',(-0.998795,0,0.049068));
#8549=DIRECTION('',(0.049068,-0,0.998795));
#8550=AXIS2_PLACEMENT_3D('',#1532,#8548,#8549);
#8551=PLANE('',#8550);
#8552=DIRECTION('',(0,1,0));
#8553=VECTOR('',#8552,2.399994);
#8554=LINE('',#1532,#8553);
#8555=EDGE_CURVE('',#1533,#1539,#8554,.T.);
#8556=ORIENTED_EDGE('',*,*,#8555,.T.);
#8557=ORIENTED_EDGE('',*,*,#3656,.F.);
#8558=ORIENTED_EDGE('',*,*,#8541,.F.);
#8559=ORIENTED_EDGE('',*,*,#2405,.T.);
#8560=EDGE_LOOP('',(#8556,#8557,#8558,#8559));
#8561=FACE_OUTER_BOUND('',#8560,.T.);
#8562=ADVANCED_FACE('',(#8561),#8551,.T.);
#8563=DIRECTION('',(-0.998795,0,-0.049068));
#8564=DIRECTION('',(-0.049068,0,0.998795));
#8565=AXIS2_PLACEMENT_3D('',#1532,#8563,#8564);
#8566=PLANE('',#8565);
#8567=ORIENTED_EDGE('',*,*,#2400,.T.);
#8568=DIRECTION('',(0,1,0));
#8569=VECTOR('',#8568,2.399994);
#8570=LINE('',#1546,#8569);
#8571=EDGE_CURVE('',#1547,#1551,#8570,.T.);
#8572=ORIENTED_EDGE('',*,*,#8571,.T.);
#8573=ORIENTED_EDGE('',*,*,#3661,.F.);
#8574=ORIENTED_EDGE('',*,*,#8555,.F.);
#8575=EDGE_LOOP('',(#8567,#8572,#8573,#8574));
#8576=FACE_OUTER_BOUND('',#8575,.T.);
#8577=ADVANCED_FACE('',(#8576),#8566,.T.);
#8578=DIRECTION('',(-0.989177,0,-0.14673));
#8579=DIRECTION('',(-0.14673,0,0.989177));
#8580=AXIS2_PLACEMENT_3D('',#1548,#8578,#8579);
#8581=PLANE('',#8580);
#8582=DIRECTION('',(0,1,0));
#8583=VECTOR('',#8582,2.399994);
#8584=LINE('',#1548,#8583);
#8585=EDGE_CURVE('',#1549,#1553,#8584,.T.);
#8586=ORIENTED_EDGE('',*,*,#8585,.T.);
#8587=ORIENTED_EDGE('',*,*,#3666,.F.);
#8588=ORIENTED_EDGE('',*,*,#8571,.F.);
#8589=ORIENTED_EDGE('',*,*,#2395,.T.);
#8590=EDGE_LOOP('',(#8586,#8587,#8588,#8589));
#8591=FACE_OUTER_BOUND('',#8590,.T.);
#8592=ADVANCED_FACE('',(#8591),#8581,.T.);
#8593=DIRECTION('',(-0.970031,0,-0.24298));
#8594=DIRECTION('',(-0.24298,0,0.970031));
#8595=AXIS2_PLACEMENT_3D('',#1548,#8593,#8594);
#8596=PLANE('',#8595);
#8597=ORIENTED_EDGE('',*,*,#2390,.T.);
#8598=DIRECTION('',(0,1,0));
#8599=VECTOR('',#8598,2.399994);
#8600=LINE('',#1558,#8599);
#8601=EDGE_CURVE('',#1559,#1565,#8600,.T.);
#8602=ORIENTED_EDGE('',*,*,#8601,.T.);
#8603=ORIENTED_EDGE('',*,*,#3671,.F.);
#8604=ORIENTED_EDGE('',*,*,#8585,.F.);
#8605=EDGE_LOOP('',(#8597,#8602,#8603,#8604));
#8606=FACE_OUTER_BOUND('',#8605,.T.);
#8607=ADVANCED_FACE('',(#8606),#8596,.T.);
#8608=DIRECTION('',(-0.941544,0,-0.33689));
#8609=DIRECTION('',(-0.33689,0,0.941544));
#8610=AXIS2_PLACEMENT_3D('',#1558,#8608,#8609);
#8611=PLANE('',#8610);
#8612=ORIENTED_EDGE('',*,*,#2385,.T.);
#8613=DIRECTION('',(0,1,0));
#8614=VECTOR('',#8613,2.399994);
#8615=LINE('',#1560,#8614);
#8616=EDGE_CURVE('',#1561,#1567,#8615,.T.);
#8617=ORIENTED_EDGE('',*,*,#8616,.T.);
#8618=ORIENTED_EDGE('',*,*,#3676,.F.);
#8619=ORIENTED_EDGE('',*,*,#8601,.F.);
#8620=EDGE_LOOP('',(#8612,#8617,#8618,#8619));
#8621=FACE_OUTER_BOUND('',#8620,.T.);
#8622=ADVANCED_FACE('',(#8621),#8611,.T.);
#8623=DIRECTION('',(-0.903989,0,-0.427555));
#8624=DIRECTION('',(-0.427555,0,0.903989));
#8625=AXIS2_PLACEMENT_3D('',#1560,#8623,#8624);
#8626=PLANE('',#8625);
#8627=ORIENTED_EDGE('',*,*,#2380,.T.);
#8628=ORIENTED_EDGE('',*,*,#8497,.T.);
#8629=ORIENTED_EDGE('',*,*,#3681,.F.);
#8630=ORIENTED_EDGE('',*,*,#8616,.F.);
#8631=EDGE_LOOP('',(#8627,#8628,#8629,#8630));
#8632=FACE_OUTER_BOUND('',#8631,.T.);
#8633=ADVANCED_FACE('',(#8632),#8626,.T.);
#8634=DIRECTION('',(-0.427555,0,-0.903989));
#8635=DIRECTION('',(-0,1,0));
#8636=AXIS2_PLACEMENT_3D('',#1606,#8634,#8635);
#8637=PLANE('',#8636);
#8638=ORIENTED_EDGE('',*,*,#2345,.F.);
#8639=DIRECTION('',(0,1,0));
#8640=VECTOR('',#8639,2.399994);
#8641=LINE('',#1584,#8640);
#8642=EDGE_CURVE('',#1585,#1587,#8641,.T.);
#8643=ORIENTED_EDGE('',*,*,#8642,.T.);
#8644=ORIENTED_EDGE('',*,*,#3716,.T.);
#8645=DIRECTION('',(0,1,0));
#8646=VECTOR('',#8645,2.399994);
#8647=LINE('',#1606,#8646);
#8648=EDGE_CURVE('',#1607,#1613,#8647,.T.);
#8649=ORIENTED_EDGE('',*,*,#8648,.F.);
#8650=EDGE_LOOP('',(#8638,#8643,#8644,#8649));
#8651=FACE_OUTER_BOUND('',#8650,.T.);
#8652=ADVANCED_FACE('',(#8651),#8637,.T.);
#8653=DIRECTION('',(-0.336891,0,-0.941544));
#8654=DIRECTION('',(-0,1,0));
#8655=AXIS2_PLACEMENT_3D('',#1600,#8653,#8654);
#8656=PLANE('',#8655);
#8657=DIRECTION('',(0,1,0));
#8658=VECTOR('',#8657,2.399994);
#8659=LINE('',#1600,#8658);
#8660=EDGE_CURVE('',#1601,#1603,#8659,.T.);
#8661=ORIENTED_EDGE('',*,*,#8660,.T.);
#8662=ORIENTED_EDGE('',*,*,#3721,.F.);
#8663=ORIENTED_EDGE('',*,*,#8642,.F.);
#8664=ORIENTED_EDGE('',*,*,#2340,.T.);
#8665=EDGE_LOOP('',(#8661,#8662,#8663,#8664));
#8666=FACE_OUTER_BOUND('',#8665,.T.);
#8667=ADVANCED_FACE('',(#8666),#8656,.T.);
#8668=DIRECTION('',(-0.049069,0,-0.998795));
#8669=DIRECTION('',(-0,1,0));
#8670=AXIS2_PLACEMENT_3D('',#1596,#8668,#8669);
#8671=PLANE('',#8670);
#8672=DIRECTION('',(0,1,0));
#8673=VECTOR('',#8672,2.399994);
#8674=LINE('',#1590,#8673);
#8675=EDGE_CURVE('',#1591,#1597,#8674,.T.);
#8676=ORIENTED_EDGE('',*,*,#8675,.F.);
#8677=ORIENTED_EDGE('',*,*,#2325,.F.);
#8678=ORIENTED_EDGE('',*,*,#8266,.T.);
#8679=ORIENTED_EDGE('',*,*,#3736,.T.);
#8680=EDGE_LOOP('',(#8676,#8677,#8678,#8679));
#8681=FACE_OUTER_BOUND('',#8680,.T.);
#8682=ADVANCED_FACE('',(#8681),#8671,.T.);
#8683=DIRECTION('',(-0.14673,0,-0.989177));
#8684=DIRECTION('',(-0,1,0));
#8685=AXIS2_PLACEMENT_3D('',#1592,#8683,#8684);
#8686=PLANE('',#8685);
#8687=ORIENTED_EDGE('',*,*,#2330,.F.);
#8688=ORIENTED_EDGE('',*,*,#8675,.T.);
#8689=ORIENTED_EDGE('',*,*,#3731,.T.);
#8690=DIRECTION('',(0,1,0));
#8691=VECTOR('',#8690,2.399994);
#8692=LINE('',#1592,#8691);
#8693=EDGE_CURVE('',#1593,#1599,#8692,.T.);
#8694=ORIENTED_EDGE('',*,*,#8693,.F.);
#8695=EDGE_LOOP('',(#8687,#8688,#8689,#8694));
#8696=FACE_OUTER_BOUND('',#8695,.T.);
#8697=ADVANCED_FACE('',(#8696),#8686,.T.);
#8698=DIRECTION('',(-0.242979,0,-0.970032));
#8699=DIRECTION('',(-0,1,0));
#8700=AXIS2_PLACEMENT_3D('',#1592,#8698,#8699);
#8701=PLANE('',#8700);
#8702=ORIENTED_EDGE('',*,*,#8693,.T.);
#8703=ORIENTED_EDGE('',*,*,#3726,.T.);
#8704=ORIENTED_EDGE('',*,*,#8660,.F.);
#8705=ORIENTED_EDGE('',*,*,#2335,.F.);
#8706=EDGE_LOOP('',(#8702,#8703,#8704,#8705));
#8707=FACE_OUTER_BOUND('',#8706,.T.);
#8708=ADVANCED_FACE('',(#8707),#8701,.T.);
#8709=DIRECTION('',(-0.595699,0,-0.803207));
#8710=DIRECTION('',(-0,1,0));
#8711=AXIS2_PLACEMENT_3D('',#1614,#8709,#8710);
#8712=PLANE('',#8711);
#8713=ORIENTED_EDGE('',*,*,#3706,.F.);
#8714=DIRECTION('',(0,1,0));
#8715=VECTOR('',#8714,2.399994);
#8716=LINE('',#1604,#8715);
#8717=EDGE_CURVE('',#1605,#1611,#8716,.T.);
#8718=ORIENTED_EDGE('',*,*,#8717,.F.);
#8719=ORIENTED_EDGE('',*,*,#2355,.T.);
#8720=DIRECTION('',(0,1,0));
#8721=VECTOR('',#8720,2.399994);
#8722=LINE('',#1608,#8721);
#8723=EDGE_CURVE('',#1609,#1615,#8722,.T.);
#8724=ORIENTED_EDGE('',*,*,#8723,.T.);
#8725=EDGE_LOOP('',(#8713,#8718,#8719,#8724));
#8726=FACE_OUTER_BOUND('',#8725,.T.);
#8727=ADVANCED_FACE('',(#8726),#8712,.T.);
#8728=DIRECTION('',(-0.514101,0,-0.857729));
#8729=DIRECTION('',(-0,1,0));
#8730=AXIS2_PLACEMENT_3D('',#1612,#8728,#8729);
#8731=PLANE('',#8730);
#8732=ORIENTED_EDGE('',*,*,#3711,.T.);
#8733=ORIENTED_EDGE('',*,*,#8723,.F.);
#8734=ORIENTED_EDGE('',*,*,#2350,.F.);
#8735=ORIENTED_EDGE('',*,*,#8648,.T.);
#8736=EDGE_LOOP('',(#8732,#8733,#8734,#8735));
#8737=FACE_OUTER_BOUND('',#8736,.T.);
#8738=ADVANCED_FACE('',(#8737),#8731,.T.);
#8739=DIRECTION('',(-0.671559,0,-0.740951));
#8740=DIRECTION('',(-0,1,0));
#8741=AXIS2_PLACEMENT_3D('',#1610,#8739,#8740);
#8742=PLANE('',#8741);
#8743=ORIENTED_EDGE('',*,*,#3701,.F.);
#8744=ORIENTED_EDGE('',*,*,#8527,.F.);
#8745=ORIENTED_EDGE('',*,*,#2360,.T.);
#8746=ORIENTED_EDGE('',*,*,#8717,.T.);
#8747=EDGE_LOOP('',(#8743,#8744,#8745,#8746));
#8748=FACE_OUTER_BOUND('',#8747,.T.);
#8749=ADVANCED_FACE('',(#8748),#8742,.T.);
#8750=DIRECTION('',(-1,0,0));
#8751=DIRECTION('',(0,-0,1));
#8752=AXIS2_PLACEMENT_3D('',#1072,#8750,#8751);
#8753=PLANE('',#8752);
#8754=ORIENTED_EDGE('',*,*,#2158,.T.);
#8755=ORIENTED_EDGE('',*,*,#2569,.T.);
#8756=ORIENTED_EDGE('',*,*,#2602,.F.);
#8757=DIRECTION('',(0,1,0));
#8758=VECTOR('',#8757,68.399994);
#8759=LINE('',#1072,#8758);
#8760=EDGE_CURVE('',#1073,#1775,#8759,.T.);
#8761=ORIENTED_EDGE('',*,*,#8760,.F.);
#8762=EDGE_LOOP('',(#8754,#8755,#8756,#8761));
#8763=FACE_OUTER_BOUND('',#8762,.T.);
#8764=ADVANCED_FACE('',(#8763),#8753,.T.);
#8765=DIRECTION('',(0,0,-1));
#8766=DIRECTION('',(-0,1,0));
#8767=AXIS2_PLACEMENT_3D('',#2066,#8765,#8766);
#8768=PLANE('',#8767);
#8769=DIRECTION('',(0,1,0));
#8770=VECTOR('',#8769,68.399994);
#8771=LINE('',#1252,#8770);
#8772=EDGE_CURVE('',#1253,#2067,#8771,.T.);
#8773=ORIENTED_EDGE('',*,*,#8772,.F.);
#8774=ORIENTED_EDGE('',*,*,#2163,.F.);
#8775=ORIENTED_EDGE('',*,*,#8760,.T.);
#8776=ORIENTED_EDGE('',*,*,#2597,.T.);
#8777=EDGE_LOOP('',(#8773,#8774,#8775,#8776));
#8778=FACE_OUTER_BOUND('',#8777,.T.);
#8779=DIRECTION('',(0.9997,0.024505,0));
#8780=VECTOR('',#8779,0.16688);
#8781=LINE('',#1362,#8780);
#8782=EDGE_CURVE('',#1363,#1365,#8781,.T.);
#8783=ORIENTED_EDGE('',*,*,#8782,.T.);
#8784=DIRECTION('',(0.997294,0.073515,0));
#8785=VECTOR('',#8784,0.166879);
#8786=LINE('',#1364,#8785);
#8787=EDGE_CURVE('',#1365,#1367,#8786,.T.);
#8788=ORIENTED_EDGE('',*,*,#8787,.T.);
#8789=DIRECTION('',(0.992466,0.122521,0));
#8790=VECTOR('',#8789,0.166884);
#8791=LINE('',#1366,#8790);
#8792=EDGE_CURVE('',#1367,#1369,#8791,.T.);
#8793=ORIENTED_EDGE('',*,*,#8792,.T.);
#8794=DIRECTION('',(0.985274,0.170984,0));
#8795=VECTOR('',#8794,0.166881);
#8796=LINE('',#1368,#8795);
#8797=EDGE_CURVE('',#1369,#1371,#8796,.T.);
#8798=ORIENTED_EDGE('',*,*,#8797,.T.);
#8799=DIRECTION('',(0.975707,0.219082,0));
#8800=VECTOR('',#8799,0.166879);
#8801=LINE('',#1370,#8800);
#8802=EDGE_CURVE('',#1371,#1373,#8801,.T.);
#8803=ORIENTED_EDGE('',*,*,#8802,.T.);
#8804=DIRECTION('',(0.963798,0.266632,0));
#8805=VECTOR('',#8804,0.166876);
#8806=LINE('',#1372,#8805);
#8807=EDGE_CURVE('',#1373,#1375,#8806,.T.);
#8808=ORIENTED_EDGE('',*,*,#8807,.T.);
#8809=DIRECTION('',(0.949546,0.313627,0));
#8810=VECTOR('',#8809,0.166878);
#8811=LINE('',#1374,#8810);
#8812=EDGE_CURVE('',#1375,#1377,#8811,.T.);
#8813=ORIENTED_EDGE('',*,*,#8812,.T.);
#8814=DIRECTION('',(0.932995,0.35989,0));
#8815=VECTOR('',#8814,0.166881);
#8816=LINE('',#1376,#8815);
#8817=EDGE_CURVE('',#1377,#1379,#8816,.T.);
#8818=ORIENTED_EDGE('',*,*,#8817,.T.);
#8819=DIRECTION('',(0.914209,0.405243,0));
#8820=VECTOR('',#8819,0.16688);
#8821=LINE('',#1378,#8820);
#8822=EDGE_CURVE('',#1379,#1381,#8821,.T.);
#8823=ORIENTED_EDGE('',*,*,#8822,.T.);
#8824=DIRECTION('',(0.893196,0.449667,0));
#8825=VECTOR('',#8824,0.166885);
#8826=LINE('',#1380,#8825);
#8827=EDGE_CURVE('',#1381,#1383,#8826,.T.);
#8828=ORIENTED_EDGE('',*,*,#8827,.T.);
#8829=DIRECTION('',(0.870114,0.492851,0));
#8830=VECTOR('',#8829,0.166876);
#8831=LINE('',#1382,#8830);
#8832=EDGE_CURVE('',#1383,#1385,#8831,.T.);
#8833=ORIENTED_EDGE('',*,*,#8832,.T.);
#8834=DIRECTION('',(0.844816,0.535057,0));
#8835=VECTOR('',#8834,0.166888);
#8836=LINE('',#1384,#8835);
#8837=EDGE_CURVE('',#1385,#1387,#8836,.T.);
#8838=ORIENTED_EDGE('',*,*,#8837,.T.);
#8839=DIRECTION('',(0.817559,0.575845,0));
#8840=VECTOR('',#8839,0.166885);
#8841=LINE('',#1386,#8840);
#8842=EDGE_CURVE('',#1387,#1389,#8841,.T.);
#8843=ORIENTED_EDGE('',*,*,#8842,.T.);
#8844=DIRECTION('',(0.788372,0.615199,0));
#8845=VECTOR('',#8844,0.166875);
#8846=LINE('',#1388,#8845);
#8847=EDGE_CURVE('',#1389,#1391,#8846,.T.);
#8848=ORIENTED_EDGE('',*,*,#8847,.T.);
#8849=DIRECTION('',(0.757189,0.653196,0));
#8850=VECTOR('',#8849,0.166885);
#8851=LINE('',#1390,#8850);
#8852=EDGE_CURVE('',#1391,#1393,#8851,.T.);
#8853=ORIENTED_EDGE('',*,*,#8852,.T.);
#8854=DIRECTION('',(0.724306,0.689478,0));
#8855=VECTOR('',#8854,0.166867);
#8856=LINE('',#1392,#8855);
#8857=EDGE_CURVE('',#1393,#1395,#8856,.T.);
#8858=ORIENTED_EDGE('',*,*,#8857,.T.);
#8859=DIRECTION('',(0.689487,0.724298,0));
#8860=VECTOR('',#8859,0.166893);
#8861=LINE('',#1394,#8860);
#8862=EDGE_CURVE('',#1395,#1397,#8861,.T.);
#8863=ORIENTED_EDGE('',*,*,#8862,.T.);
#8864=DIRECTION('',(0.653232,0.757158,0));
#8865=VECTOR('',#8864,0.166864);
#8866=LINE('',#1396,#8865);
#8867=EDGE_CURVE('',#1397,#1399,#8866,.T.);
#8868=ORIENTED_EDGE('',*,*,#8867,.T.);
#8869=DIRECTION('',(0.615229,0.788349,0));
#8870=VECTOR('',#8869,0.166882);
#8871=LINE('',#1398,#8870);
#8872=EDGE_CURVE('',#1399,#1401,#8871,.T.);
#8873=ORIENTED_EDGE('',*,*,#8872,.T.);
#8874=DIRECTION('',(0.57579,0.817597,0));
#8875=VECTOR('',#8874,0.166884);
#8876=LINE('',#1400,#8875);
#8877=EDGE_CURVE('',#1401,#1403,#8876,.T.);
#8878=ORIENTED_EDGE('',*,*,#8877,.T.);
#8879=DIRECTION('',(0.534995,0.844855,0));
#8880=VECTOR('',#8879,0.166882);
#8881=LINE('',#1402,#8880);
#8882=EDGE_CURVE('',#1403,#1405,#8881,.T.);
#8883=ORIENTED_EDGE('',*,*,#8882,.T.);
#8884=DIRECTION('',(0.492898,0.870087,0));
#8885=VECTOR('',#8884,0.166883);
#8886=LINE('',#1404,#8885);
#8887=EDGE_CURVE('',#1405,#1407,#8886,.T.);
#8888=ORIENTED_EDGE('',*,*,#8887,.T.);
#8889=DIRECTION('',(0.449571,0.893245,0));
#8890=VECTOR('',#8889,0.166895);
#8891=LINE('',#1406,#8890);
#8892=EDGE_CURVE('',#1407,#1409,#8891,.T.);
#8893=ORIENTED_EDGE('',*,*,#8892,.T.);
#8894=DIRECTION('',(0.405246,0.914208,0));
#8895=VECTOR('',#8894,0.166874);
#8896=LINE('',#1408,#8895);
#8897=EDGE_CURVE('',#1409,#1411,#8896,.T.);
#8898=ORIENTED_EDGE('',*,*,#8897,.T.);
#8899=DIRECTION('',(0.359896,0.932993,0));
#8900=VECTOR('',#8899,0.166883);
#8901=LINE('',#1410,#8900);
#8902=EDGE_CURVE('',#1411,#1413,#8901,.T.);
#8903=ORIENTED_EDGE('',*,*,#8902,.T.);
#8904=DIRECTION('',(0.313699,0.949522,0));
#8905=VECTOR('',#8904,0.16687);
#8906=LINE('',#1412,#8905);
#8907=EDGE_CURVE('',#1413,#1415,#8906,.T.);
#8908=ORIENTED_EDGE('',*,*,#8907,.T.);
#8909=DIRECTION('',(0.266729,0.963772,0));
#8910=VECTOR('',#8909,0.166873);
#8911=LINE('',#1414,#8910);
#8912=EDGE_CURVE('',#1415,#1417,#8911,.T.);
#8913=ORIENTED_EDGE('',*,*,#8912,.T.);
#8914=DIRECTION('',(0.219071,0.975709,0));
#8915=VECTOR('',#8914,0.166896);
#8916=LINE('',#1416,#8915);
#8917=EDGE_CURVE('',#1417,#1419,#8916,.T.);
#8918=ORIENTED_EDGE('',*,*,#8917,.T.);
#8919=DIRECTION('',(0.170956,0.985279,0));
#8920=VECTOR('',#8919,0.166885);
#8921=LINE('',#1418,#8920);
#8922=EDGE_CURVE('',#1419,#1421,#8921,.T.);
#8923=ORIENTED_EDGE('',*,*,#8922,.T.);
#8924=DIRECTION('',(0.122425,0.992478,0));
#8925=VECTOR('',#8924,0.166874);
#8926=LINE('',#1420,#8925);
#8927=EDGE_CURVE('',#1421,#1423,#8926,.T.);
#8928=ORIENTED_EDGE('',*,*,#8927,.T.);
#8929=DIRECTION('',(0.073567,0.99729,0));
#8930=VECTOR('',#8929,0.166865);
#8931=LINE('',#1422,#8930);
#8932=EDGE_CURVE('',#1423,#1425,#8931,.T.);
#8933=ORIENTED_EDGE('',*,*,#8932,.T.);
#8934=DIRECTION('',(0.024538,0.999699,0));
#8935=VECTOR('',#8934,0.16689);
#8936=LINE('',#1424,#8935);
#8937=EDGE_CURVE('',#1425,#1427,#8936,.T.);
#8938=ORIENTED_EDGE('',*,*,#8937,.T.);
#8939=DIRECTION('',(0,1,0));
#8940=VECTOR('',#8939,16);
#8941=LINE('',#1426,#8940);
#8942=EDGE_CURVE('',#1427,#1911,#8941,.T.);
#8943=ORIENTED_EDGE('',*,*,#8942,.T.);
#8944=DIRECTION('',(-0.024538,0.999699,0));
#8945=VECTOR('',#8944,0.16689);
#8946=LINE('',#1910,#8945);
#8947=EDGE_CURVE('',#1911,#1913,#8946,.T.);
#8948=ORIENTED_EDGE('',*,*,#8947,.T.);
#8949=DIRECTION('',(-0.073567,0.99729,0));
#8950=VECTOR('',#8949,0.166865);
#8951=LINE('',#1912,#8950);
#8952=EDGE_CURVE('',#1913,#1915,#8951,.T.);
#8953=ORIENTED_EDGE('',*,*,#8952,.T.);
#8954=DIRECTION('',(-0.122425,0.992478,0));
#8955=VECTOR('',#8954,0.166874);
#8956=LINE('',#1914,#8955);
#8957=EDGE_CURVE('',#1915,#1917,#8956,.T.);
#8958=ORIENTED_EDGE('',*,*,#8957,.T.);
#8959=DIRECTION('',(-0.170956,0.985279,0));
#8960=VECTOR('',#8959,0.166885);
#8961=LINE('',#1916,#8960);
#8962=EDGE_CURVE('',#1917,#1919,#8961,.T.);
#8963=ORIENTED_EDGE('',*,*,#8962,.T.);
#8964=DIRECTION('',(-0.219071,0.975709,0));
#8965=VECTOR('',#8964,0.166896);
#8966=LINE('',#1918,#8965);
#8967=EDGE_CURVE('',#1919,#1921,#8966,.T.);
#8968=ORIENTED_EDGE('',*,*,#8967,.T.);
#8969=DIRECTION('',(-0.266729,0.963772,0));
#8970=VECTOR('',#8969,0.166873);
#8971=LINE('',#1920,#8970);
#8972=EDGE_CURVE('',#1921,#1923,#8971,.T.);
#8973=ORIENTED_EDGE('',*,*,#8972,.T.);
#8974=DIRECTION('',(-0.313699,0.949522,0));
#8975=VECTOR('',#8974,0.16687);
#8976=LINE('',#1922,#8975);
#8977=EDGE_CURVE('',#1923,#1945,#8976,.T.);
#8978=ORIENTED_EDGE('',*,*,#8977,.T.);
#8979=DIRECTION('',(-0.359896,0.932993,0));
#8980=VECTOR('',#8979,0.166883);
#8981=LINE('',#1944,#8980);
#8982=EDGE_CURVE('',#1945,#1947,#8981,.T.);
#8983=ORIENTED_EDGE('',*,*,#8982,.T.);
#8984=DIRECTION('',(0.405246,-0.914208,0));
#8985=VECTOR('',#8984,0.166874);
#8986=LINE('',#1924,#8985);
#8987=EDGE_CURVE('',#1925,#1947,#8986,.T.);
#8988=ORIENTED_EDGE('',*,*,#8987,.F.);
#8989=DIRECTION('',(-0.449571,0.893245,0));
#8990=VECTOR('',#8989,0.166895);
#8991=LINE('',#1924,#8990);
#8992=EDGE_CURVE('',#1925,#1933,#8991,.T.);
#8993=ORIENTED_EDGE('',*,*,#8992,.T.);
#8994=DIRECTION('',(0.492898,-0.870087,0));
#8995=VECTOR('',#8994,0.166883);
#8996=LINE('',#1930,#8995);
#8997=EDGE_CURVE('',#1931,#1933,#8996,.T.);
#8998=ORIENTED_EDGE('',*,*,#8997,.F.);
#8999=DIRECTION('',(0.534995,-0.844855,0));
#9000=VECTOR('',#8999,0.166882);
#9001=LINE('',#1926,#9000);
#9002=EDGE_CURVE('',#1927,#1931,#9001,.T.);
#9003=ORIENTED_EDGE('',*,*,#9002,.F.);
#9004=DIRECTION('',(-0.57579,0.817597,0));
#9005=VECTOR('',#9004,0.166884);
#9006=LINE('',#1926,#9005);
#9007=EDGE_CURVE('',#1927,#1929,#9006,.T.);
#9008=ORIENTED_EDGE('',*,*,#9007,.T.);
#9009=DIRECTION('',(-0.615229,0.788349,0));
#9010=VECTOR('',#9009,0.166882);
#9011=LINE('',#1928,#9010);
#9012=EDGE_CURVE('',#1929,#1943,#9011,.T.);
#9013=ORIENTED_EDGE('',*,*,#9012,.T.);
#9014=DIRECTION('',(0.653232,-0.757158,0));
#9015=VECTOR('',#9014,0.166864);
#9016=LINE('',#1938,#9015);
#9017=EDGE_CURVE('',#1939,#1943,#9016,.T.);
#9018=ORIENTED_EDGE('',*,*,#9017,.F.);
#9019=DIRECTION('',(-0.689487,0.724298,0));
#9020=VECTOR('',#9019,0.166893);
#9021=LINE('',#1938,#9020);
#9022=EDGE_CURVE('',#1939,#1941,#9021,.T.);
#9023=ORIENTED_EDGE('',*,*,#9022,.T.);
#9024=DIRECTION('',(0.724306,-0.689478,0));
#9025=VECTOR('',#9024,0.166867);
#9026=LINE('',#1936,#9025);
#9027=EDGE_CURVE('',#1937,#1941,#9026,.T.);
#9028=ORIENTED_EDGE('',*,*,#9027,.F.);
#9029=DIRECTION('',(0.757189,-0.653196,0));
#9030=VECTOR('',#9029,0.166885);
#9031=LINE('',#1934,#9030);
#9032=EDGE_CURVE('',#1935,#1937,#9031,.T.);
#9033=ORIENTED_EDGE('',*,*,#9032,.F.);
#9034=DIRECTION('',(0.788372,-0.615199,0));
#9035=VECTOR('',#9034,0.166875);
#9036=LINE('',#1908,#9035);
#9037=EDGE_CURVE('',#1909,#1935,#9036,.T.);
#9038=ORIENTED_EDGE('',*,*,#9037,.F.);
#9039=DIRECTION('',(0.817559,-0.575845,0));
#9040=VECTOR('',#9039,0.166885);
#9041=LINE('',#1906,#9040);
#9042=EDGE_CURVE('',#1907,#1909,#9041,.T.);
#9043=ORIENTED_EDGE('',*,*,#9042,.F.);
#9044=DIRECTION('',(0.844816,-0.535057,0));
#9045=VECTOR('',#9044,0.166888);
#9046=LINE('',#1904,#9045);
#9047=EDGE_CURVE('',#1905,#1907,#9046,.T.);
#9048=ORIENTED_EDGE('',*,*,#9047,.F.);
#9049=DIRECTION('',(0.870114,-0.492851,0));
#9050=VECTOR('',#9049,0.166876);
#9051=LINE('',#1902,#9050);
#9052=EDGE_CURVE('',#1903,#1905,#9051,.T.);
#9053=ORIENTED_EDGE('',*,*,#9052,.F.);
#9054=DIRECTION('',(0.893196,-0.449667,0));
#9055=VECTOR('',#9054,0.166885);
#9056=LINE('',#1900,#9055);
#9057=EDGE_CURVE('',#1901,#1903,#9056,.T.);
#9058=ORIENTED_EDGE('',*,*,#9057,.F.);
#9059=DIRECTION('',(0.914209,-0.405243,0));
#9060=VECTOR('',#9059,0.16688);
#9061=LINE('',#1898,#9060);
#9062=EDGE_CURVE('',#1899,#1901,#9061,.T.);
#9063=ORIENTED_EDGE('',*,*,#9062,.F.);
#9064=DIRECTION('',(-0.932995,0.35989,0));
#9065=VECTOR('',#9064,0.166881);
#9066=LINE('',#1898,#9065);
#9067=EDGE_CURVE('',#1899,#2035,#9066,.T.);
#9068=ORIENTED_EDGE('',*,*,#9067,.T.);
#9069=DIRECTION('',(0.949546,-0.313627,0));
#9070=VECTOR('',#9069,0.166878);
#9071=LINE('',#2032,#9070);
#9072=EDGE_CURVE('',#2033,#2035,#9071,.T.);
#9073=ORIENTED_EDGE('',*,*,#9072,.F.);
#9074=DIRECTION('',(0.963798,-0.266632,0));
#9075=VECTOR('',#9074,0.166876);
#9076=LINE('',#2030,#9075);
#9077=EDGE_CURVE('',#2031,#2033,#9076,.T.);
#9078=ORIENTED_EDGE('',*,*,#9077,.F.);
#9079=DIRECTION('',(0.975707,-0.219082,0));
#9080=VECTOR('',#9079,0.166879);
#9081=LINE('',#2028,#9080);
#9082=EDGE_CURVE('',#2029,#2031,#9081,.T.);
#9083=ORIENTED_EDGE('',*,*,#9082,.F.);
#9084=DIRECTION('',(0.985274,-0.170984,0));
#9085=VECTOR('',#9084,0.166881);
#9086=LINE('',#2026,#9085);
#9087=EDGE_CURVE('',#2027,#2029,#9086,.T.);
#9088=ORIENTED_EDGE('',*,*,#9087,.F.);
#9089=DIRECTION('',(0.992466,-0.122521,0));
#9090=VECTOR('',#9089,0.166884);
#9091=LINE('',#2024,#9090);
#9092=EDGE_CURVE('',#2025,#2027,#9091,.T.);
#9093=ORIENTED_EDGE('',*,*,#9092,.F.);
#9094=DIRECTION('',(0.997294,-0.073515,0));
#9095=VECTOR('',#9094,0.166879);
#9096=LINE('',#2022,#9095);
#9097=EDGE_CURVE('',#2023,#2025,#9096,.T.);
#9098=ORIENTED_EDGE('',*,*,#9097,.F.);
#9099=DIRECTION('',(0.9997,-0.024505,0));
#9100=VECTOR('',#9099,0.16688);
#9101=LINE('',#2020,#9100);
#9102=EDGE_CURVE('',#2021,#2023,#9101,.T.);
#9103=ORIENTED_EDGE('',*,*,#9102,.F.);
#9104=DIRECTION('',(0.9997,0.024505,0));
#9105=VECTOR('',#9104,0.16688);
#9106=LINE('',#2018,#9105);
#9107=EDGE_CURVE('',#2019,#2021,#9106,.T.);
#9108=ORIENTED_EDGE('',*,*,#9107,.F.);
#9109=DIRECTION('',(0.997294,0.073515,0));
#9110=VECTOR('',#9109,0.166879);
#9111=LINE('',#2016,#9110);
#9112=EDGE_CURVE('',#2017,#2019,#9111,.T.);
#9113=ORIENTED_EDGE('',*,*,#9112,.F.);
#9114=DIRECTION('',(0.992466,0.122521,0));
#9115=VECTOR('',#9114,0.166884);
#9116=LINE('',#2014,#9115);
#9117=EDGE_CURVE('',#2015,#2017,#9116,.T.);
#9118=ORIENTED_EDGE('',*,*,#9117,.F.);
#9119=DIRECTION('',(0.985274,0.170984,0));
#9120=VECTOR('',#9119,0.166881);
#9121=LINE('',#2012,#9120);
#9122=EDGE_CURVE('',#2013,#2015,#9121,.T.);
#9123=ORIENTED_EDGE('',*,*,#9122,.F.);
#9124=DIRECTION('',(0.975707,0.219082,0));
#9125=VECTOR('',#9124,0.166879);
#9126=LINE('',#2010,#9125);
#9127=EDGE_CURVE('',#2011,#2013,#9126,.T.);
#9128=ORIENTED_EDGE('',*,*,#9127,.F.);
#9129=DIRECTION('',(0.963798,0.266632,0));
#9130=VECTOR('',#9129,0.166876);
#9131=LINE('',#2008,#9130);
#9132=EDGE_CURVE('',#2009,#2011,#9131,.T.);
#9133=ORIENTED_EDGE('',*,*,#9132,.F.);
#9134=DIRECTION('',(0.949546,0.313627,0));
#9135=VECTOR('',#9134,0.166878);
#9136=LINE('',#2006,#9135);
#9137=EDGE_CURVE('',#2007,#2009,#9136,.T.);
#9138=ORIENTED_EDGE('',*,*,#9137,.F.);
#9139=DIRECTION('',(0.932995,0.35989,0));
#9140=VECTOR('',#9139,0.166881);
#9141=LINE('',#1896,#9140);
#9142=EDGE_CURVE('',#1897,#2007,#9141,.T.);
#9143=ORIENTED_EDGE('',*,*,#9142,.F.);
#9144=DIRECTION('',(0.914209,0.405243,0));
#9145=VECTOR('',#9144,0.16688);
#9146=LINE('',#1894,#9145);
#9147=EDGE_CURVE('',#1895,#1897,#9146,.T.);
#9148=ORIENTED_EDGE('',*,*,#9147,.F.);
#9149=DIRECTION('',(0.893196,0.449667,0));
#9150=VECTOR('',#9149,0.166885);
#9151=LINE('',#1892,#9150);
#9152=EDGE_CURVE('',#1893,#1895,#9151,.T.);
#9153=ORIENTED_EDGE('',*,*,#9152,.F.);
#9154=DIRECTION('',(0.870114,0.492851,0));
#9155=VECTOR('',#9154,0.166876);
#9156=LINE('',#1890,#9155);
#9157=EDGE_CURVE('',#1891,#1893,#9156,.T.);
#9158=ORIENTED_EDGE('',*,*,#9157,.F.);
#9159=DIRECTION('',(0.844816,0.535057,0));
#9160=VECTOR('',#9159,0.166888);
#9161=LINE('',#1846,#9160);
#9162=EDGE_CURVE('',#1847,#1891,#9161,.T.);
#9163=ORIENTED_EDGE('',*,*,#9162,.F.);
#9164=DIRECTION('',(0.817559,0.575845,0));
#9165=VECTOR('',#9164,0.166885);
#9166=LINE('',#1844,#9165);
#9167=EDGE_CURVE('',#1845,#1847,#9166,.T.);
#9168=ORIENTED_EDGE('',*,*,#9167,.F.);
#9169=DIRECTION('',(0.788372,0.615199,0));
#9170=VECTOR('',#9169,0.166875);
#9171=LINE('',#1842,#9170);
#9172=EDGE_CURVE('',#1843,#1845,#9171,.T.);
#9173=ORIENTED_EDGE('',*,*,#9172,.F.);
#9174=DIRECTION('',(0.757189,0.653196,0));
#9175=VECTOR('',#9174,0.166885);
#9176=LINE('',#1840,#9175);
#9177=EDGE_CURVE('',#1841,#1843,#9176,.T.);
#9178=ORIENTED_EDGE('',*,*,#9177,.F.);
#9179=DIRECTION('',(0.724306,0.689478,0));
#9180=VECTOR('',#9179,0.166867);
#9181=LINE('',#1838,#9180);
#9182=EDGE_CURVE('',#1839,#1841,#9181,.T.);
#9183=ORIENTED_EDGE('',*,*,#9182,.F.);
#9184=DIRECTION('',(0.689487,0.724298,0));
#9185=VECTOR('',#9184,0.166893);
#9186=LINE('',#1836,#9185);
#9187=EDGE_CURVE('',#1837,#1839,#9186,.T.);
#9188=ORIENTED_EDGE('',*,*,#9187,.F.);
#9189=DIRECTION('',(0.653232,0.757158,0));
#9190=VECTOR('',#9189,0.166864);
#9191=LINE('',#1834,#9190);
#9192=EDGE_CURVE('',#1835,#1837,#9191,.T.);
#9193=ORIENTED_EDGE('',*,*,#9192,.F.);
#9194=DIRECTION('',(0.615229,0.788349,0));
#9195=VECTOR('',#9194,0.166882);
#9196=LINE('',#1832,#9195);
#9197=EDGE_CURVE('',#1833,#1835,#9196,.T.);
#9198=ORIENTED_EDGE('',*,*,#9197,.F.);
#9199=DIRECTION('',(0.57579,0.817597,0));
#9200=VECTOR('',#9199,0.166884);
#9201=LINE('',#1830,#9200);
#9202=EDGE_CURVE('',#1831,#1833,#9201,.T.);
#9203=ORIENTED_EDGE('',*,*,#9202,.F.);
#9204=DIRECTION('',(0.534995,0.844855,0));
#9205=VECTOR('',#9204,0.166882);
#9206=LINE('',#1828,#9205);
#9207=EDGE_CURVE('',#1829,#1831,#9206,.T.);
#9208=ORIENTED_EDGE('',*,*,#9207,.F.);
#9209=DIRECTION('',(0.492898,0.870087,0));
#9210=VECTOR('',#9209,0.166883);
#9211=LINE('',#1826,#9210);
#9212=EDGE_CURVE('',#1827,#1829,#9211,.T.);
#9213=ORIENTED_EDGE('',*,*,#9212,.F.);
#9214=DIRECTION('',(0.449571,0.893245,0));
#9215=VECTOR('',#9214,0.166895);
#9216=LINE('',#1824,#9215);
#9217=EDGE_CURVE('',#1825,#1827,#9216,.T.);
#9218=ORIENTED_EDGE('',*,*,#9217,.F.);
#9219=DIRECTION('',(0.405246,0.914208,0));
#9220=VECTOR('',#9219,0.166874);
#9221=LINE('',#1822,#9220);
#9222=EDGE_CURVE('',#1823,#1825,#9221,.T.);
#9223=ORIENTED_EDGE('',*,*,#9222,.F.);
#9224=DIRECTION('',(0.359896,0.932993,0));
#9225=VECTOR('',#9224,0.166883);
#9226=LINE('',#1820,#9225);
#9227=EDGE_CURVE('',#1821,#1823,#9226,.T.);
#9228=ORIENTED_EDGE('',*,*,#9227,.F.);
#9229=DIRECTION('',(0.313699,0.949522,0));
#9230=VECTOR('',#9229,0.16687);
#9231=LINE('',#1818,#9230);
#9232=EDGE_CURVE('',#1819,#1821,#9231,.T.);
#9233=ORIENTED_EDGE('',*,*,#9232,.F.);
#9234=DIRECTION('',(0.266729,0.963772,0));
#9235=VECTOR('',#9234,0.166873);
#9236=LINE('',#1816,#9235);
#9237=EDGE_CURVE('',#1817,#1819,#9236,.T.);
#9238=ORIENTED_EDGE('',*,*,#9237,.F.);
#9239=DIRECTION('',(0.219071,0.975709,0));
#9240=VECTOR('',#9239,0.166896);
#9241=LINE('',#1814,#9240);
#9242=EDGE_CURVE('',#1815,#1817,#9241,.T.);
#9243=ORIENTED_EDGE('',*,*,#9242,.F.);
#9244=DIRECTION('',(0.170956,0.985279,0));
#9245=VECTOR('',#9244,0.166885);
#9246=LINE('',#1812,#9245);
#9247=EDGE_CURVE('',#1813,#1815,#9246,.T.);
#9248=ORIENTED_EDGE('',*,*,#9247,.F.);
#9249=DIRECTION('',(0.122425,0.992478,0));
#9250=VECTOR('',#9249,0.166874);
#9251=LINE('',#1810,#9250);
#9252=EDGE_CURVE('',#1811,#1813,#9251,.T.);
#9253=ORIENTED_EDGE('',*,*,#9252,.F.);
#9254=DIRECTION('',(0.073567,0.99729,0));
#9255=VECTOR('',#9254,0.166865);
#9256=LINE('',#1808,#9255);
#9257=EDGE_CURVE('',#1809,#1811,#9256,.T.);
#9258=ORIENTED_EDGE('',*,*,#9257,.F.);
#9259=DIRECTION('',(0.024538,0.999699,0));
#9260=VECTOR('',#9259,0.16689);
#9261=LINE('',#1806,#9260);
#9262=EDGE_CURVE('',#1807,#1809,#9261,.T.);
#9263=ORIENTED_EDGE('',*,*,#9262,.F.);
#9264=DIRECTION('',(0,1,0));
#9265=VECTOR('',#9264,16);
#9266=LINE('',#1296,#9265);
#9267=EDGE_CURVE('',#1297,#1807,#9266,.T.);
#9268=ORIENTED_EDGE('',*,*,#9267,.F.);
#9269=DIRECTION('',(-0.024538,0.999699,0));
#9270=VECTOR('',#9269,0.16689);
#9271=LINE('',#1292,#9270);
#9272=EDGE_CURVE('',#1293,#1297,#9271,.T.);
#9273=ORIENTED_EDGE('',*,*,#9272,.F.);
#9274=DIRECTION('',(-0.073567,0.99729,0));
#9275=VECTOR('',#9274,0.166865);
#9276=LINE('',#1290,#9275);
#9277=EDGE_CURVE('',#1291,#1293,#9276,.T.);
#9278=ORIENTED_EDGE('',*,*,#9277,.F.);
#9279=DIRECTION('',(-0.122425,0.992478,0));
#9280=VECTOR('',#9279,0.166874);
#9281=LINE('',#1288,#9280);
#9282=EDGE_CURVE('',#1289,#1291,#9281,.T.);
#9283=ORIENTED_EDGE('',*,*,#9282,.F.);
#9284=DIRECTION('',(-0.170956,0.985279,0));
#9285=VECTOR('',#9284,0.166885);
#9286=LINE('',#1284,#9285);
#9287=EDGE_CURVE('',#1285,#1289,#9286,.T.);
#9288=ORIENTED_EDGE('',*,*,#9287,.F.);
#9289=DIRECTION('',(0.219071,-0.975709,0));
#9290=VECTOR('',#9289,0.166896);
#9291=LINE('',#1284,#9290);
#9292=EDGE_CURVE('',#1285,#1287,#9291,.T.);
#9293=ORIENTED_EDGE('',*,*,#9292,.T.);
#9294=DIRECTION('',(-0.266729,0.963772,0));
#9295=VECTOR('',#9294,0.166873);
#9296=LINE('',#1282,#9295);
#9297=EDGE_CURVE('',#1283,#1287,#9296,.T.);
#9298=ORIENTED_EDGE('',*,*,#9297,.F.);
#9299=DIRECTION('',(-0.313699,0.949522,0));
#9300=VECTOR('',#9299,0.16687);
#9301=LINE('',#1280,#9300);
#9302=EDGE_CURVE('',#1281,#1283,#9301,.T.);
#9303=ORIENTED_EDGE('',*,*,#9302,.F.);
#9304=DIRECTION('',(-0.359896,0.932993,0));
#9305=VECTOR('',#9304,0.166883);
#9306=LINE('',#1278,#9305);
#9307=EDGE_CURVE('',#1279,#1281,#9306,.T.);
#9308=ORIENTED_EDGE('',*,*,#9307,.F.);
#9309=DIRECTION('',(-0.405246,0.914208,0));
#9310=VECTOR('',#9309,0.166874);
#9311=LINE('',#1276,#9310);
#9312=EDGE_CURVE('',#1277,#1279,#9311,.T.);
#9313=ORIENTED_EDGE('',*,*,#9312,.F.);
#9314=DIRECTION('',(-0.449571,0.893245,0));
#9315=VECTOR('',#9314,0.166895);
#9316=LINE('',#1274,#9315);
#9317=EDGE_CURVE('',#1275,#1277,#9316,.T.);
#9318=ORIENTED_EDGE('',*,*,#9317,.F.);
#9319=DIRECTION('',(-0.492898,0.870087,0));
#9320=VECTOR('',#9319,0.166883);
#9321=LINE('',#1270,#9320);
#9322=EDGE_CURVE('',#1271,#1275,#9321,.T.);
#9323=ORIENTED_EDGE('',*,*,#9322,.F.);
#9324=DIRECTION('',(0.534995,-0.844855,0));
#9325=VECTOR('',#9324,0.166882);
#9326=LINE('',#1270,#9325);
#9327=EDGE_CURVE('',#1271,#1273,#9326,.T.);
#9328=ORIENTED_EDGE('',*,*,#9327,.T.);
#9329=DIRECTION('',(-0.57579,0.817597,0));
#9330=VECTOR('',#9329,0.166884);
#9331=LINE('',#1268,#9330);
#9332=EDGE_CURVE('',#1269,#1273,#9331,.T.);
#9333=ORIENTED_EDGE('',*,*,#9332,.F.);
#9334=DIRECTION('',(0.615229,-0.788349,0));
#9335=VECTOR('',#9334,0.166882);
#9336=LINE('',#1268,#9335);
#9337=EDGE_CURVE('',#1269,#1295,#9336,.T.);
#9338=ORIENTED_EDGE('',*,*,#9337,.T.);
#9339=DIRECTION('',(-0.653232,0.757158,0));
#9340=VECTOR('',#9339,0.166864);
#9341=LINE('',#1256,#9340);
#9342=EDGE_CURVE('',#1257,#1295,#9341,.T.);
#9343=ORIENTED_EDGE('',*,*,#9342,.F.);
#9344=DIRECTION('',(0.689487,-0.724298,0));
#9345=VECTOR('',#9344,0.166893);
#9346=LINE('',#1256,#9345);
#9347=EDGE_CURVE('',#1257,#1261,#9346,.T.);
#9348=ORIENTED_EDGE('',*,*,#9347,.T.);
#9349=DIRECTION('',(-0.724306,0.689478,0));
#9350=VECTOR('',#9349,0.166867);
#9351=LINE('',#1258,#9350);
#9352=EDGE_CURVE('',#1259,#1261,#9351,.T.);
#9353=ORIENTED_EDGE('',*,*,#9352,.F.);
#9354=DIRECTION('',(0.757189,-0.653196,0));
#9355=VECTOR('',#9354,0.166885);
#9356=LINE('',#1258,#9355);
#9357=EDGE_CURVE('',#1259,#1267,#9356,.T.);
#9358=ORIENTED_EDGE('',*,*,#9357,.T.);
#9359=DIRECTION('',(-0.788372,0.615199,0));
#9360=VECTOR('',#9359,0.166875);
#9361=LINE('',#1262,#9360);
#9362=EDGE_CURVE('',#1263,#1267,#9361,.T.);
#9363=ORIENTED_EDGE('',*,*,#9362,.F.);
#9364=DIRECTION('',(0.817559,-0.575845,0));
#9365=VECTOR('',#9364,0.166885);
#9366=LINE('',#1262,#9365);
#9367=EDGE_CURVE('',#1263,#1265,#9366,.T.);
#9368=ORIENTED_EDGE('',*,*,#9367,.T.);
#9369=DIRECTION('',(0.844816,-0.535057,0));
#9370=VECTOR('',#9369,0.166888);
#9371=LINE('',#1264,#9370);
#9372=EDGE_CURVE('',#1265,#1345,#9371,.T.);
#9373=ORIENTED_EDGE('',*,*,#9372,.T.);
#9374=DIRECTION('',(-0.870114,0.492851,0));
#9375=VECTOR('',#9374,0.166876);
#9376=LINE('',#1342,#9375);
#9377=EDGE_CURVE('',#1343,#1345,#9376,.T.);
#9378=ORIENTED_EDGE('',*,*,#9377,.F.);
#9379=DIRECTION('',(0.893196,-0.449667,0));
#9380=VECTOR('',#9379,0.166885);
#9381=LINE('',#1342,#9380);
#9382=EDGE_CURVE('',#1343,#1347,#9381,.T.);
#9383=ORIENTED_EDGE('',*,*,#9382,.T.);
#9384=DIRECTION('',(0.914209,-0.405243,0));
#9385=VECTOR('',#9384,0.16688);
#9386=LINE('',#1346,#9385);
#9387=EDGE_CURVE('',#1347,#1349,#9386,.T.);
#9388=ORIENTED_EDGE('',*,*,#9387,.T.);
#9389=DIRECTION('',(0.932995,-0.35989,0));
#9390=VECTOR('',#9389,0.166881);
#9391=LINE('',#1348,#9390);
#9392=EDGE_CURVE('',#1349,#1351,#9391,.T.);
#9393=ORIENTED_EDGE('',*,*,#9392,.T.);
#9394=DIRECTION('',(0.949546,-0.313627,0));
#9395=VECTOR('',#9394,0.166878);
#9396=LINE('',#1350,#9395);
#9397=EDGE_CURVE('',#1351,#1353,#9396,.T.);
#9398=ORIENTED_EDGE('',*,*,#9397,.T.);
#9399=DIRECTION('',(-0.963798,0.266632,0));
#9400=VECTOR('',#9399,0.166876);
#9401=LINE('',#1340,#9400);
#9402=EDGE_CURVE('',#1341,#1353,#9401,.T.);
#9403=ORIENTED_EDGE('',*,*,#9402,.F.);
#9404=DIRECTION('',(0.975707,-0.219082,0));
#9405=VECTOR('',#9404,0.166879);
#9406=LINE('',#1340,#9405);
#9407=EDGE_CURVE('',#1341,#1355,#9406,.T.);
#9408=ORIENTED_EDGE('',*,*,#9407,.T.);
#9409=DIRECTION('',(0.985274,-0.170984,0));
#9410=VECTOR('',#9409,0.166881);
#9411=LINE('',#1354,#9410);
#9412=EDGE_CURVE('',#1355,#1357,#9411,.T.);
#9413=ORIENTED_EDGE('',*,*,#9412,.T.);
#9414=DIRECTION('',(0.992466,-0.122521,0));
#9415=VECTOR('',#9414,0.166884);
#9416=LINE('',#1356,#9415);
#9417=EDGE_CURVE('',#1357,#1359,#9416,.T.);
#9418=ORIENTED_EDGE('',*,*,#9417,.T.);
#9419=DIRECTION('',(0.997294,-0.073515,0));
#9420=VECTOR('',#9419,0.166879);
#9421=LINE('',#1358,#9420);
#9422=EDGE_CURVE('',#1359,#1361,#9421,.T.);
#9423=ORIENTED_EDGE('',*,*,#9422,.T.);
#9424=DIRECTION('',(0.9997,-0.024505,0));
#9425=VECTOR('',#9424,0.16688);
#9426=LINE('',#1360,#9425);
#9427=EDGE_CURVE('',#1361,#1363,#9426,.T.);
#9428=ORIENTED_EDGE('',*,*,#9427,.T.);
#9429=EDGE_LOOP('',(#8783,#8788,#8793,#8798,#8803,#8808,#8813,#8818,#8823,#8828,#8833,#8838,#8843,#8848,#8853,#8858,#8863,#8868,#8873,#8878,#8883,#8888,#8893,#8898,#8903,#8908,#8913,#8918,#8923,#8928,#8933,#8938,#8943,#8948,#8953,#8958,#8963,#8968,#8973,#8978,#8983,#8988,#8993,#8998,#9003,#9008,#9013,#9018,#9023,#9028,#9033,#9038,#9043,#9048,#9053,#9058,#9063,#9068,#9073,#9078,#9083,#9088,#9093,#9098,#9103,#9108,#9113,#9118,#9123,#9128,#9133,#9138,#9143,#9148,#9153,#9158,#9163,#9168,#9173,#9178,#9183,#9188,#9193,#9198,#9203,#9208,#9213,#9218,#9223,#9228,#9233,#9238,#9243,#9248,#9253,#9258,#9263,#9268,#9273,#9278,#9283,#9288,#9293,#9298,#9303,#9308,#9313,#9318,#9323,#9328,#9333,#9338,#9343,#9348,#9353,#9358,#9363,#9368,#9373,#9378,#9383,#9388,#9393,#9398,#9403,#9408,#9413,#9418,#9423,#9428));
#9430=FACE_BOUND('',#9429,.T.);
#9431=ADVANCED_FACE('',(#8778,#9430),#8768,.T.);
#9432=DIRECTION('',(0,0,-1));
#9433=DIRECTION('',(-0,1,0));
#9434=AXIS2_PLACEMENT_3D('',#278,#9432,#9433);
#9435=PLANE('',#9434);
#9436=ORIENTED_EDGE('',*,*,#2143,.F.);
#9437=DIRECTION('',(0,1,0));
#9438=VECTOR('',#9437,68.399994);
#9439=LINE('',#14,#9438);
#9440=EDGE_CURVE('',#15,#953,#9439,.T.);
#9441=ORIENTED_EDGE('',*,*,#9440,.T.);
#9442=ORIENTED_EDGE('',*,*,#2613,.T.);
#9443=DIRECTION('',(0,1,0));
#9444=VECTOR('',#9443,68.399994);
#9445=LINE('',#278,#9444);
#9446=EDGE_CURVE('',#279,#957,#9445,.T.);
#9447=ORIENTED_EDGE('',*,*,#9446,.F.);
#9448=EDGE_LOOP('',(#9436,#9441,#9442,#9447));
#9449=FACE_OUTER_BOUND('',#9448,.T.);
#9450=DIRECTION('',(0.992466,0.122521,0));
#9451=VECTOR('',#9450,0.166884);
#9452=LINE('',#900,#9451);
#9453=EDGE_CURVE('',#901,#903,#9452,.T.);
#9454=ORIENTED_EDGE('',*,*,#9453,.F.);
#9455=DIRECTION('',(0.985274,0.170984,0));
#9456=VECTOR('',#9455,0.166881);
#9457=LINE('',#898,#9456);
#9458=EDGE_CURVE('',#899,#901,#9457,.T.);
#9459=ORIENTED_EDGE('',*,*,#9458,.F.);
#9460=DIRECTION('',(0.975707,0.219082,0));
#9461=VECTOR('',#9460,0.166879);
#9462=LINE('',#896,#9461);
#9463=EDGE_CURVE('',#897,#899,#9462,.T.);
#9464=ORIENTED_EDGE('',*,*,#9463,.F.);
#9465=DIRECTION('',(0.963798,0.266632,0));
#9466=VECTOR('',#9465,0.166876);
#9467=LINE('',#894,#9466);
#9468=EDGE_CURVE('',#895,#897,#9467,.T.);
#9469=ORIENTED_EDGE('',*,*,#9468,.F.);
#9470=DIRECTION('',(0.949546,0.313627,0));
#9471=VECTOR('',#9470,0.166878);
#9472=LINE('',#892,#9471);
#9473=EDGE_CURVE('',#893,#895,#9472,.T.);
#9474=ORIENTED_EDGE('',*,*,#9473,.F.);
#9475=DIRECTION('',(0.932995,0.35989,0));
#9476=VECTOR('',#9475,0.166881);
#9477=LINE('',#740,#9476);
#9478=EDGE_CURVE('',#741,#893,#9477,.T.);
#9479=ORIENTED_EDGE('',*,*,#9478,.F.);
#9480=DIRECTION('',(0.914209,0.405243,0));
#9481=VECTOR('',#9480,0.16688);
#9482=LINE('',#738,#9481);
#9483=EDGE_CURVE('',#739,#741,#9482,.T.);
#9484=ORIENTED_EDGE('',*,*,#9483,.F.);
#9485=DIRECTION('',(0.893196,0.449667,0));
#9486=VECTOR('',#9485,0.166885);
#9487=LINE('',#736,#9486);
#9488=EDGE_CURVE('',#737,#739,#9487,.T.);
#9489=ORIENTED_EDGE('',*,*,#9488,.F.);
#9490=DIRECTION('',(0.870114,0.492851,0));
#9491=VECTOR('',#9490,0.166876);
#9492=LINE('',#734,#9491);
#9493=EDGE_CURVE('',#735,#737,#9492,.T.);
#9494=ORIENTED_EDGE('',*,*,#9493,.F.);
#9495=DIRECTION('',(0.844816,0.535057,0));
#9496=VECTOR('',#9495,0.166888);
#9497=LINE('',#732,#9496);
#9498=EDGE_CURVE('',#733,#735,#9497,.T.);
#9499=ORIENTED_EDGE('',*,*,#9498,.F.);
#9500=DIRECTION('',(0.817559,0.575845,0));
#9501=VECTOR('',#9500,0.166885);
#9502=LINE('',#730,#9501);
#9503=EDGE_CURVE('',#731,#733,#9502,.T.);
#9504=ORIENTED_EDGE('',*,*,#9503,.F.);
#9505=DIRECTION('',(0.788372,0.615199,0));
#9506=VECTOR('',#9505,0.166875);
#9507=LINE('',#728,#9506);
#9508=EDGE_CURVE('',#729,#731,#9507,.T.);
#9509=ORIENTED_EDGE('',*,*,#9508,.F.);
#9510=DIRECTION('',(0.757189,0.653196,0));
#9511=VECTOR('',#9510,0.166885);
#9512=LINE('',#726,#9511);
#9513=EDGE_CURVE('',#727,#729,#9512,.T.);
#9514=ORIENTED_EDGE('',*,*,#9513,.F.);
#9515=DIRECTION('',(0.724306,0.689478,0));
#9516=VECTOR('',#9515,0.166867);
#9517=LINE('',#724,#9516);
#9518=EDGE_CURVE('',#725,#727,#9517,.T.);
#9519=ORIENTED_EDGE('',*,*,#9518,.F.);
#9520=DIRECTION('',(0.689487,0.724298,0));
#9521=VECTOR('',#9520,0.166893);
#9522=LINE('',#722,#9521);
#9523=EDGE_CURVE('',#723,#725,#9522,.T.);
#9524=ORIENTED_EDGE('',*,*,#9523,.F.);
#9525=DIRECTION('',(0.653232,0.757158,0));
#9526=VECTOR('',#9525,0.166864);
#9527=LINE('',#720,#9526);
#9528=EDGE_CURVE('',#721,#723,#9527,.T.);
#9529=ORIENTED_EDGE('',*,*,#9528,.F.);
#9530=DIRECTION('',(0.615229,0.788349,0));
#9531=VECTOR('',#9530,0.166882);
#9532=LINE('',#718,#9531);
#9533=EDGE_CURVE('',#719,#721,#9532,.T.);
#9534=ORIENTED_EDGE('',*,*,#9533,.F.);
#9535=DIRECTION('',(0.57579,0.817597,0));
#9536=VECTOR('',#9535,0.166884);
#9537=LINE('',#716,#9536);
#9538=EDGE_CURVE('',#717,#719,#9537,.T.);
#9539=ORIENTED_EDGE('',*,*,#9538,.F.);
#9540=DIRECTION('',(0.534995,0.844855,0));
#9541=VECTOR('',#9540,0.166882);
#9542=LINE('',#714,#9541);
#9543=EDGE_CURVE('',#715,#717,#9542,.T.);
#9544=ORIENTED_EDGE('',*,*,#9543,.F.);
#9545=DIRECTION('',(0.492898,0.870087,0));
#9546=VECTOR('',#9545,0.166883);
#9547=LINE('',#712,#9546);
#9548=EDGE_CURVE('',#713,#715,#9547,.T.);
#9549=ORIENTED_EDGE('',*,*,#9548,.F.);
#9550=DIRECTION('',(0.449571,0.893245,0));
#9551=VECTOR('',#9550,0.166895);
#9552=LINE('',#710,#9551);
#9553=EDGE_CURVE('',#711,#713,#9552,.T.);
#9554=ORIENTED_EDGE('',*,*,#9553,.F.);
#9555=DIRECTION('',(0.405246,0.914208,0));
#9556=VECTOR('',#9555,0.166874);
#9557=LINE('',#708,#9556);
#9558=EDGE_CURVE('',#709,#711,#9557,.T.);
#9559=ORIENTED_EDGE('',*,*,#9558,.F.);
#9560=DIRECTION('',(0.359896,0.932993,0));
#9561=VECTOR('',#9560,0.166883);
#9562=LINE('',#706,#9561);
#9563=EDGE_CURVE('',#707,#709,#9562,.T.);
#9564=ORIENTED_EDGE('',*,*,#9563,.F.);
#9565=DIRECTION('',(0.313699,0.949522,0));
#9566=VECTOR('',#9565,0.16687);
#9567=LINE('',#704,#9566);
#9568=EDGE_CURVE('',#705,#707,#9567,.T.);
#9569=ORIENTED_EDGE('',*,*,#9568,.F.);
#9570=DIRECTION('',(0.266729,0.963772,0));
#9571=VECTOR('',#9570,0.166873);
#9572=LINE('',#702,#9571);
#9573=EDGE_CURVE('',#703,#705,#9572,.T.);
#9574=ORIENTED_EDGE('',*,*,#9573,.F.);
#9575=DIRECTION('',(0.219071,0.975709,0));
#9576=VECTOR('',#9575,0.166896);
#9577=LINE('',#700,#9576);
#9578=EDGE_CURVE('',#701,#703,#9577,.T.);
#9579=ORIENTED_EDGE('',*,*,#9578,.F.);
#9580=DIRECTION('',(0.170956,0.985279,0));
#9581=VECTOR('',#9580,0.166885);
#9582=LINE('',#698,#9581);
#9583=EDGE_CURVE('',#699,#701,#9582,.T.);
#9584=ORIENTED_EDGE('',*,*,#9583,.F.);
#9585=DIRECTION('',(0.122425,0.992478,0));
#9586=VECTOR('',#9585,0.166874);
#9587=LINE('',#696,#9586);
#9588=EDGE_CURVE('',#697,#699,#9587,.T.);
#9589=ORIENTED_EDGE('',*,*,#9588,.F.);
#9590=DIRECTION('',(0.073567,0.99729,0));
#9591=VECTOR('',#9590,0.166865);
#9592=LINE('',#694,#9591);
#9593=EDGE_CURVE('',#695,#697,#9592,.T.);
#9594=ORIENTED_EDGE('',*,*,#9593,.F.);
#9595=DIRECTION('',(0.024538,0.999699,0));
#9596=VECTOR('',#9595,0.16689);
#9597=LINE('',#692,#9596);
#9598=EDGE_CURVE('',#693,#695,#9597,.T.);
#9599=ORIENTED_EDGE('',*,*,#9598,.F.);
#9600=DIRECTION('',(0,1,0));
#9601=VECTOR('',#9600,16);
#9602=LINE('',#54,#9601);
#9603=EDGE_CURVE('',#55,#693,#9602,.T.);
#9604=ORIENTED_EDGE('',*,*,#9603,.F.);
#9605=DIRECTION('',(-0.024538,0.999699,0));
#9606=VECTOR('',#9605,0.16689);
#9607=LINE('',#40,#9606);
#9608=EDGE_CURVE('',#41,#55,#9607,.T.);
#9609=ORIENTED_EDGE('',*,*,#9608,.F.);
#9610=DIRECTION('',(-0.073567,0.99729,0));
#9611=VECTOR('',#9610,0.166865);
#9612=LINE('',#38,#9611);
#9613=EDGE_CURVE('',#39,#41,#9612,.T.);
#9614=ORIENTED_EDGE('',*,*,#9613,.F.);
#9615=DIRECTION('',(-0.122425,0.992478,0));
#9616=VECTOR('',#9615,0.166874);
#9617=LINE('',#36,#9616);
#9618=EDGE_CURVE('',#37,#39,#9617,.T.);
#9619=ORIENTED_EDGE('',*,*,#9618,.F.);
#9620=DIRECTION('',(-0.170956,0.985279,0));
#9621=VECTOR('',#9620,0.166885);
#9622=LINE('',#34,#9621);
#9623=EDGE_CURVE('',#35,#37,#9622,.T.);
#9624=ORIENTED_EDGE('',*,*,#9623,.F.);
#9625=DIRECTION('',(-0.219071,0.975709,0));
#9626=VECTOR('',#9625,0.166896);
#9627=LINE('',#32,#9626);
#9628=EDGE_CURVE('',#33,#35,#9627,.T.);
#9629=ORIENTED_EDGE('',*,*,#9628,.F.);
#9630=DIRECTION('',(-0.266729,0.963772,0));
#9631=VECTOR('',#9630,0.166873);
#9632=LINE('',#30,#9631);
#9633=EDGE_CURVE('',#31,#33,#9632,.T.);
#9634=ORIENTED_EDGE('',*,*,#9633,.F.);
#9635=DIRECTION('',(-0.313699,0.949522,0));
#9636=VECTOR('',#9635,0.16687);
#9637=LINE('',#28,#9636);
#9638=EDGE_CURVE('',#29,#31,#9637,.T.);
#9639=ORIENTED_EDGE('',*,*,#9638,.F.);
#9640=DIRECTION('',(-0.359896,0.932993,0));
#9641=VECTOR('',#9640,0.166883);
#9642=LINE('',#26,#9641);
#9643=EDGE_CURVE('',#27,#29,#9642,.T.);
#9644=ORIENTED_EDGE('',*,*,#9643,.F.);
#9645=DIRECTION('',(0.405246,-0.914208,0));
#9646=VECTOR('',#9645,0.166874);
#9647=LINE('',#26,#9646);
#9648=EDGE_CURVE('',#27,#53,#9647,.T.);
#9649=ORIENTED_EDGE('',*,*,#9648,.T.);
#9650=DIRECTION('',(-0.449571,0.893245,0));
#9651=VECTOR('',#9650,0.166895);
#9652=LINE('',#50,#9651);
#9653=EDGE_CURVE('',#51,#53,#9652,.T.);
#9654=ORIENTED_EDGE('',*,*,#9653,.F.);
#9655=DIRECTION('',(-0.492898,0.870087,0));
#9656=VECTOR('',#9655,0.166883);
#9657=LINE('',#42,#9656);
#9658=EDGE_CURVE('',#43,#51,#9657,.T.);
#9659=ORIENTED_EDGE('',*,*,#9658,.F.);
#9660=DIRECTION('',(0.534995,-0.844855,0));
#9661=VECTOR('',#9660,0.166882);
#9662=LINE('',#42,#9661);
#9663=EDGE_CURVE('',#43,#49,#9662,.T.);
#9664=ORIENTED_EDGE('',*,*,#9663,.T.);
#9665=DIRECTION('',(-0.57579,0.817597,0));
#9666=VECTOR('',#9665,0.166884);
#9667=LINE('',#44,#9666);
#9668=EDGE_CURVE('',#45,#49,#9667,.T.);
#9669=ORIENTED_EDGE('',*,*,#9668,.F.);
#9670=DIRECTION('',(0.615229,-0.788349,0));
#9671=VECTOR('',#9670,0.166882);
#9672=LINE('',#44,#9671);
#9673=EDGE_CURVE('',#45,#47,#9672,.T.);
#9674=ORIENTED_EDGE('',*,*,#9673,.T.);
#9675=DIRECTION('',(-0.653232,0.757158,0));
#9676=VECTOR('',#9675,0.166864);
#9677=LINE('',#18,#9676);
#9678=EDGE_CURVE('',#19,#47,#9677,.T.);
#9679=ORIENTED_EDGE('',*,*,#9678,.F.);
#9680=DIRECTION('',(0.689487,-0.724298,0));
#9681=VECTOR('',#9680,0.166893);
#9682=LINE('',#18,#9681);
#9683=EDGE_CURVE('',#19,#21,#9682,.T.);
#9684=ORIENTED_EDGE('',*,*,#9683,.T.);
#9685=DIRECTION('',(0.724306,-0.689478,0));
#9686=VECTOR('',#9685,0.166867);
#9687=LINE('',#20,#9686);
#9688=EDGE_CURVE('',#21,#23,#9687,.T.);
#9689=ORIENTED_EDGE('',*,*,#9688,.T.);
#9690=DIRECTION('',(0.757189,-0.653196,0));
#9691=VECTOR('',#9690,0.166885);
#9692=LINE('',#22,#9691);
#9693=EDGE_CURVE('',#23,#25,#9692,.T.);
#9694=ORIENTED_EDGE('',*,*,#9693,.T.);
#9695=DIRECTION('',(0.788372,-0.615199,0));
#9696=VECTOR('',#9695,0.166875);
#9697=LINE('',#24,#9696);
#9698=EDGE_CURVE('',#25,#57,#9697,.T.);
#9699=ORIENTED_EDGE('',*,*,#9698,.T.);
#9700=DIRECTION('',(0.817559,-0.575845,0));
#9701=VECTOR('',#9700,0.166885);
#9702=LINE('',#56,#9701);
#9703=EDGE_CURVE('',#57,#59,#9702,.T.);
#9704=ORIENTED_EDGE('',*,*,#9703,.T.);
#9705=DIRECTION('',(0.844816,-0.535057,0));
#9706=VECTOR('',#9705,0.166888);
#9707=LINE('',#58,#9706);
#9708=EDGE_CURVE('',#59,#61,#9707,.T.);
#9709=ORIENTED_EDGE('',*,*,#9708,.T.);
#9710=DIRECTION('',(0.870114,-0.492851,0));
#9711=VECTOR('',#9710,0.166876);
#9712=LINE('',#60,#9711);
#9713=EDGE_CURVE('',#61,#63,#9712,.T.);
#9714=ORIENTED_EDGE('',*,*,#9713,.T.);
#9715=DIRECTION('',(0.893196,-0.449667,0));
#9716=VECTOR('',#9715,0.166885);
#9717=LINE('',#62,#9716);
#9718=EDGE_CURVE('',#63,#65,#9717,.T.);
#9719=ORIENTED_EDGE('',*,*,#9718,.T.);
#9720=DIRECTION('',(0.914209,-0.405243,0));
#9721=VECTOR('',#9720,0.16688);
#9722=LINE('',#64,#9721);
#9723=EDGE_CURVE('',#65,#67,#9722,.T.);
#9724=ORIENTED_EDGE('',*,*,#9723,.T.);
#9725=DIRECTION('',(0.932995,-0.35989,0));
#9726=VECTOR('',#9725,0.166881);
#9727=LINE('',#66,#9726);
#9728=EDGE_CURVE('',#67,#77,#9727,.T.);
#9729=ORIENTED_EDGE('',*,*,#9728,.T.);
#9730=DIRECTION('',(0.949546,-0.313627,0));
#9731=VECTOR('',#9730,0.166878);
#9732=LINE('',#76,#9731);
#9733=EDGE_CURVE('',#77,#79,#9732,.T.);
#9734=ORIENTED_EDGE('',*,*,#9733,.T.);
#9735=DIRECTION('',(-0.963798,0.266632,0));
#9736=VECTOR('',#9735,0.166876);
#9737=LINE('',#68,#9736);
#9738=EDGE_CURVE('',#69,#79,#9737,.T.);
#9739=ORIENTED_EDGE('',*,*,#9738,.F.);
#9740=DIRECTION('',(0.975707,-0.219082,0));
#9741=VECTOR('',#9740,0.166879);
#9742=LINE('',#68,#9741);
#9743=EDGE_CURVE('',#69,#71,#9742,.T.);
#9744=ORIENTED_EDGE('',*,*,#9743,.T.);
#9745=DIRECTION('',(0.985274,-0.170984,0));
#9746=VECTOR('',#9745,0.166881);
#9747=LINE('',#70,#9746);
#9748=EDGE_CURVE('',#71,#73,#9747,.T.);
#9749=ORIENTED_EDGE('',*,*,#9748,.T.);
#9750=DIRECTION('',(0.992466,-0.122521,0));
#9751=VECTOR('',#9750,0.166884);
#9752=LINE('',#72,#9751);
#9753=EDGE_CURVE('',#73,#75,#9752,.T.);
#9754=ORIENTED_EDGE('',*,*,#9753,.T.);
#9755=DIRECTION('',(0.997294,-0.073515,0));
#9756=VECTOR('',#9755,0.166879);
#9757=LINE('',#74,#9756);
#9758=EDGE_CURVE('',#75,#81,#9757,.T.);
#9759=ORIENTED_EDGE('',*,*,#9758,.T.);
#9760=DIRECTION('',(0.9997,-0.024505,0));
#9761=VECTOR('',#9760,0.16688);
#9762=LINE('',#80,#9761);
#9763=EDGE_CURVE('',#81,#83,#9762,.T.);
#9764=ORIENTED_EDGE('',*,*,#9763,.T.);
#9765=DIRECTION('',(0.9997,0.024505,0));
#9766=VECTOR('',#9765,0.16688);
#9767=LINE('',#82,#9766);
#9768=EDGE_CURVE('',#83,#85,#9767,.T.);
#9769=ORIENTED_EDGE('',*,*,#9768,.T.);
#9770=DIRECTION('',(0.997294,0.073515,0));
#9771=VECTOR('',#9770,0.166879);
#9772=LINE('',#84,#9771);
#9773=EDGE_CURVE('',#85,#87,#9772,.T.);
#9774=ORIENTED_EDGE('',*,*,#9773,.T.);
#9775=DIRECTION('',(0.992466,0.122521,0));
#9776=VECTOR('',#9775,0.166884);
#9777=LINE('',#86,#9776);
#9778=EDGE_CURVE('',#87,#89,#9777,.T.);
#9779=ORIENTED_EDGE('',*,*,#9778,.T.);
#9780=DIRECTION('',(0.985274,0.170984,0));
#9781=VECTOR('',#9780,0.166881);
#9782=LINE('',#88,#9781);
#9783=EDGE_CURVE('',#89,#91,#9782,.T.);
#9784=ORIENTED_EDGE('',*,*,#9783,.T.);
#9785=DIRECTION('',(0.975707,0.219082,0));
#9786=VECTOR('',#9785,0.166879);
#9787=LINE('',#90,#9786);
#9788=EDGE_CURVE('',#91,#93,#9787,.T.);
#9789=ORIENTED_EDGE('',*,*,#9788,.T.);
#9790=DIRECTION('',(0.963798,0.266632,0));
#9791=VECTOR('',#9790,0.166876);
#9792=LINE('',#92,#9791);
#9793=EDGE_CURVE('',#93,#95,#9792,.T.);
#9794=ORIENTED_EDGE('',*,*,#9793,.T.);
#9795=DIRECTION('',(0.949546,0.313627,0));
#9796=VECTOR('',#9795,0.166878);
#9797=LINE('',#94,#9796);
#9798=EDGE_CURVE('',#95,#97,#9797,.T.);
#9799=ORIENTED_EDGE('',*,*,#9798,.T.);
#9800=DIRECTION('',(0.932995,0.35989,0));
#9801=VECTOR('',#9800,0.166881);
#9802=LINE('',#96,#9801);
#9803=EDGE_CURVE('',#97,#99,#9802,.T.);
#9804=ORIENTED_EDGE('',*,*,#9803,.T.);
#9805=DIRECTION('',(0.914209,0.405243,0));
#9806=VECTOR('',#9805,0.16688);
#9807=LINE('',#98,#9806);
#9808=EDGE_CURVE('',#99,#101,#9807,.T.);
#9809=ORIENTED_EDGE('',*,*,#9808,.T.);
#9810=DIRECTION('',(0.893196,0.449667,0));
#9811=VECTOR('',#9810,0.166885);
#9812=LINE('',#100,#9811);
#9813=EDGE_CURVE('',#101,#103,#9812,.T.);
#9814=ORIENTED_EDGE('',*,*,#9813,.T.);
#9815=DIRECTION('',(0.870114,0.492851,0));
#9816=VECTOR('',#9815,0.166876);
#9817=LINE('',#102,#9816);
#9818=EDGE_CURVE('',#103,#105,#9817,.T.);
#9819=ORIENTED_EDGE('',*,*,#9818,.T.);
#9820=DIRECTION('',(0.844816,0.535057,0));
#9821=VECTOR('',#9820,0.166888);
#9822=LINE('',#104,#9821);
#9823=EDGE_CURVE('',#105,#195,#9822,.T.);
#9824=ORIENTED_EDGE('',*,*,#9823,.T.);
#9825=DIRECTION('',(0.817559,0.575845,0));
#9826=VECTOR('',#9825,0.166885);
#9827=LINE('',#194,#9826);
#9828=EDGE_CURVE('',#195,#197,#9827,.T.);
#9829=ORIENTED_EDGE('',*,*,#9828,.T.);
#9830=DIRECTION('',(0.788372,0.615199,0));
#9831=VECTOR('',#9830,0.166875);
#9832=LINE('',#196,#9831);
#9833=EDGE_CURVE('',#197,#199,#9832,.T.);
#9834=ORIENTED_EDGE('',*,*,#9833,.T.);
#9835=DIRECTION('',(0.757189,0.653196,0));
#9836=VECTOR('',#9835,0.166885);
#9837=LINE('',#198,#9836);
#9838=EDGE_CURVE('',#199,#201,#9837,.T.);
#9839=ORIENTED_EDGE('',*,*,#9838,.T.);
#9840=DIRECTION('',(0.724306,0.689478,0));
#9841=VECTOR('',#9840,0.166867);
#9842=LINE('',#200,#9841);
#9843=EDGE_CURVE('',#201,#203,#9842,.T.);
#9844=ORIENTED_EDGE('',*,*,#9843,.T.);
#9845=DIRECTION('',(0.689487,0.724298,0));
#9846=VECTOR('',#9845,0.166893);
#9847=LINE('',#202,#9846);
#9848=EDGE_CURVE('',#203,#205,#9847,.T.);
#9849=ORIENTED_EDGE('',*,*,#9848,.T.);
#9850=DIRECTION('',(0.653232,0.757158,0));
#9851=VECTOR('',#9850,0.166864);
#9852=LINE('',#204,#9851);
#9853=EDGE_CURVE('',#205,#207,#9852,.T.);
#9854=ORIENTED_EDGE('',*,*,#9853,.T.);
#9855=DIRECTION('',(0.615229,0.788349,0));
#9856=VECTOR('',#9855,0.166882);
#9857=LINE('',#206,#9856);
#9858=EDGE_CURVE('',#207,#209,#9857,.T.);
#9859=ORIENTED_EDGE('',*,*,#9858,.T.);
#9860=DIRECTION('',(0.57579,0.817597,0));
#9861=VECTOR('',#9860,0.166884);
#9862=LINE('',#208,#9861);
#9863=EDGE_CURVE('',#209,#211,#9862,.T.);
#9864=ORIENTED_EDGE('',*,*,#9863,.T.);
#9865=DIRECTION('',(0.534995,0.844855,0));
#9866=VECTOR('',#9865,0.166882);
#9867=LINE('',#210,#9866);
#9868=EDGE_CURVE('',#211,#213,#9867,.T.);
#9869=ORIENTED_EDGE('',*,*,#9868,.T.);
#9870=DIRECTION('',(0.492898,0.870087,0));
#9871=VECTOR('',#9870,0.166883);
#9872=LINE('',#212,#9871);
#9873=EDGE_CURVE('',#213,#215,#9872,.T.);
#9874=ORIENTED_EDGE('',*,*,#9873,.T.);
#9875=DIRECTION('',(0.449571,0.893245,0));
#9876=VECTOR('',#9875,0.166895);
#9877=LINE('',#214,#9876);
#9878=EDGE_CURVE('',#215,#217,#9877,.T.);
#9879=ORIENTED_EDGE('',*,*,#9878,.T.);
#9880=DIRECTION('',(0.405246,0.914208,0));
#9881=VECTOR('',#9880,0.166874);
#9882=LINE('',#216,#9881);
#9883=EDGE_CURVE('',#217,#219,#9882,.T.);
#9884=ORIENTED_EDGE('',*,*,#9883,.T.);
#9885=DIRECTION('',(0.359896,0.932993,0));
#9886=VECTOR('',#9885,0.166883);
#9887=LINE('',#218,#9886);
#9888=EDGE_CURVE('',#219,#221,#9887,.T.);
#9889=ORIENTED_EDGE('',*,*,#9888,.T.);
#9890=DIRECTION('',(0.313699,0.949522,0));
#9891=VECTOR('',#9890,0.16687);
#9892=LINE('',#220,#9891);
#9893=EDGE_CURVE('',#221,#223,#9892,.T.);
#9894=ORIENTED_EDGE('',*,*,#9893,.T.);
#9895=DIRECTION('',(0.266729,0.963772,0));
#9896=VECTOR('',#9895,0.166873);
#9897=LINE('',#222,#9896);
#9898=EDGE_CURVE('',#223,#225,#9897,.T.);
#9899=ORIENTED_EDGE('',*,*,#9898,.T.);
#9900=DIRECTION('',(0.219071,0.975709,0));
#9901=VECTOR('',#9900,0.166896);
#9902=LINE('',#224,#9901);
#9903=EDGE_CURVE('',#225,#227,#9902,.T.);
#9904=ORIENTED_EDGE('',*,*,#9903,.T.);
#9905=DIRECTION('',(0.170956,0.985279,0));
#9906=VECTOR('',#9905,0.166885);
#9907=LINE('',#226,#9906);
#9908=EDGE_CURVE('',#227,#229,#9907,.T.);
#9909=ORIENTED_EDGE('',*,*,#9908,.T.);
#9910=DIRECTION('',(0.122425,0.992478,0));
#9911=VECTOR('',#9910,0.166874);
#9912=LINE('',#228,#9911);
#9913=EDGE_CURVE('',#229,#231,#9912,.T.);
#9914=ORIENTED_EDGE('',*,*,#9913,.T.);
#9915=DIRECTION('',(0.073567,0.99729,0));
#9916=VECTOR('',#9915,0.166865);
#9917=LINE('',#230,#9916);
#9918=EDGE_CURVE('',#231,#233,#9917,.T.);
#9919=ORIENTED_EDGE('',*,*,#9918,.T.);
#9920=DIRECTION('',(0.024538,0.999699,0));
#9921=VECTOR('',#9920,0.16689);
#9922=LINE('',#232,#9921);
#9923=EDGE_CURVE('',#233,#235,#9922,.T.);
#9924=ORIENTED_EDGE('',*,*,#9923,.T.);
#9925=DIRECTION('',(0,1,0));
#9926=VECTOR('',#9925,16);
#9927=LINE('',#234,#9926);
#9928=EDGE_CURVE('',#235,#809,#9927,.T.);
#9929=ORIENTED_EDGE('',*,*,#9928,.T.);
#9930=DIRECTION('',(-0.024538,0.999699,0));
#9931=VECTOR('',#9930,0.16689);
#9932=LINE('',#808,#9931);
#9933=EDGE_CURVE('',#809,#811,#9932,.T.);
#9934=ORIENTED_EDGE('',*,*,#9933,.T.);
#9935=DIRECTION('',(-0.073567,0.99729,0));
#9936=VECTOR('',#9935,0.166865);
#9937=LINE('',#810,#9936);
#9938=EDGE_CURVE('',#811,#813,#9937,.T.);
#9939=ORIENTED_EDGE('',*,*,#9938,.T.);
#9940=DIRECTION('',(-0.122425,0.992478,0));
#9941=VECTOR('',#9940,0.166874);
#9942=LINE('',#812,#9941);
#9943=EDGE_CURVE('',#813,#815,#9942,.T.);
#9944=ORIENTED_EDGE('',*,*,#9943,.T.);
#9945=DIRECTION('',(-0.170956,0.985279,0));
#9946=VECTOR('',#9945,0.166885);
#9947=LINE('',#814,#9946);
#9948=EDGE_CURVE('',#815,#817,#9947,.T.);
#9949=ORIENTED_EDGE('',*,*,#9948,.T.);
#9950=DIRECTION('',(-0.219071,0.975709,0));
#9951=VECTOR('',#9950,0.166896);
#9952=LINE('',#816,#9951);
#9953=EDGE_CURVE('',#817,#819,#9952,.T.);
#9954=ORIENTED_EDGE('',*,*,#9953,.T.);
#9955=DIRECTION('',(-0.266729,0.963772,0));
#9956=VECTOR('',#9955,0.166873);
#9957=LINE('',#818,#9956);
#9958=EDGE_CURVE('',#819,#821,#9957,.T.);
#9959=ORIENTED_EDGE('',*,*,#9958,.T.);
#9960=DIRECTION('',(-0.313699,0.949522,0));
#9961=VECTOR('',#9960,0.16687);
#9962=LINE('',#820,#9961);
#9963=EDGE_CURVE('',#821,#837,#9962,.T.);
#9964=ORIENTED_EDGE('',*,*,#9963,.T.);
#9965=DIRECTION('',(-0.359896,0.932993,0));
#9966=VECTOR('',#9965,0.166883);
#9967=LINE('',#836,#9966);
#9968=EDGE_CURVE('',#837,#839,#9967,.T.);
#9969=ORIENTED_EDGE('',*,*,#9968,.T.);
#9970=DIRECTION('',(-0.405246,0.914208,0));
#9971=VECTOR('',#9970,0.166874);
#9972=LINE('',#838,#9971);
#9973=EDGE_CURVE('',#839,#841,#9972,.T.);
#9974=ORIENTED_EDGE('',*,*,#9973,.T.);
#9975=DIRECTION('',(-0.449571,0.893245,0));
#9976=VECTOR('',#9975,0.166895);
#9977=LINE('',#840,#9976);
#9978=EDGE_CURVE('',#841,#849,#9977,.T.);
#9979=ORIENTED_EDGE('',*,*,#9978,.T.);
#9980=DIRECTION('',(0.492898,-0.870087,0));
#9981=VECTOR('',#9980,0.166883);
#9982=LINE('',#842,#9981);
#9983=EDGE_CURVE('',#843,#849,#9982,.T.);
#9984=ORIENTED_EDGE('',*,*,#9983,.F.);
#9985=DIRECTION('',(-0.534995,0.844855,0));
#9986=VECTOR('',#9985,0.166882);
#9987=LINE('',#842,#9986);
#9988=EDGE_CURVE('',#843,#845,#9987,.T.);
#9989=ORIENTED_EDGE('',*,*,#9988,.T.);
#9990=DIRECTION('',(-0.57579,0.817597,0));
#9991=VECTOR('',#9990,0.166884);
#9992=LINE('',#844,#9991);
#9993=EDGE_CURVE('',#845,#847,#9992,.T.);
#9994=ORIENTED_EDGE('',*,*,#9993,.T.);
#9995=DIRECTION('',(0.615229,-0.788349,0));
#9996=VECTOR('',#9995,0.166882);
#9997=LINE('',#834,#9996);
#9998=EDGE_CURVE('',#835,#847,#9997,.T.);
#9999=ORIENTED_EDGE('',*,*,#9998,.F.);
#10000=DIRECTION('',(0.653232,-0.757158,0));
#10001=VECTOR('',#10000,0.166864);
#10002=LINE('',#832,#10001);
#10003=EDGE_CURVE('',#833,#835,#10002,.T.);
#10004=ORIENTED_EDGE('',*,*,#10003,.F.);
#10005=DIRECTION('',(0.689487,-0.724298,0));
#10006=VECTOR('',#10005,0.166893);
#10007=LINE('',#830,#10006);
#10008=EDGE_CURVE('',#831,#833,#10007,.T.);
#10009=ORIENTED_EDGE('',*,*,#10008,.F.);
#10010=DIRECTION('',(0.724306,-0.689478,0));
#10011=VECTOR('',#10010,0.166867);
#10012=LINE('',#828,#10011);
#10013=EDGE_CURVE('',#829,#831,#10012,.T.);
#10014=ORIENTED_EDGE('',*,*,#10013,.F.);
#10015=DIRECTION('',(0.757189,-0.653196,0));
#10016=VECTOR('',#10015,0.166885);
#10017=LINE('',#822,#10016);
#10018=EDGE_CURVE('',#823,#829,#10017,.T.);
#10019=ORIENTED_EDGE('',*,*,#10018,.F.);
#10020=DIRECTION('',(-0.788372,0.615199,0));
#10021=VECTOR('',#10020,0.166875);
#10022=LINE('',#822,#10021);
#10023=EDGE_CURVE('',#823,#827,#10022,.T.);
#10024=ORIENTED_EDGE('',*,*,#10023,.T.);
#10025=DIRECTION('',(0.817559,-0.575845,0));
#10026=VECTOR('',#10025,0.166885);
#10027=LINE('',#824,#10026);
#10028=EDGE_CURVE('',#825,#827,#10027,.T.);
#10029=ORIENTED_EDGE('',*,*,#10028,.F.);
#10030=DIRECTION('',(0.844816,-0.535057,0));
#10031=VECTOR('',#10030,0.166888);
#10032=LINE('',#746,#10031);
#10033=EDGE_CURVE('',#747,#825,#10032,.T.);
#10034=ORIENTED_EDGE('',*,*,#10033,.F.);
#10035=DIRECTION('',(-0.870114,0.492851,0));
#10036=VECTOR('',#10035,0.166876);
#10037=LINE('',#746,#10036);
#10038=EDGE_CURVE('',#747,#749,#10037,.T.);
#10039=ORIENTED_EDGE('',*,*,#10038,.T.);
#10040=DIRECTION('',(0.893196,-0.449667,0));
#10041=VECTOR('',#10040,0.166885);
#10042=LINE('',#744,#10041);
#10043=EDGE_CURVE('',#745,#749,#10042,.T.);
#10044=ORIENTED_EDGE('',*,*,#10043,.F.);
#10045=DIRECTION('',(0.914209,-0.405243,0));
#10046=VECTOR('',#10045,0.16688);
#10047=LINE('',#742,#10046);
#10048=EDGE_CURVE('',#743,#745,#10047,.T.);
#10049=ORIENTED_EDGE('',*,*,#10048,.F.);
#10050=DIRECTION('',(-0.932995,0.35989,0));
#10051=VECTOR('',#10050,0.166881);
#10052=LINE('',#742,#10051);
#10053=EDGE_CURVE('',#743,#921,#10052,.T.);
#10054=ORIENTED_EDGE('',*,*,#10053,.T.);
#10055=DIRECTION('',(0.949546,-0.313627,0));
#10056=VECTOR('',#10055,0.166878);
#10057=LINE('',#918,#10056);
#10058=EDGE_CURVE('',#919,#921,#10057,.T.);
#10059=ORIENTED_EDGE('',*,*,#10058,.F.);
#10060=DIRECTION('',(0.963798,-0.266632,0));
#10061=VECTOR('',#10060,0.166876);
#10062=LINE('',#916,#10061);
#10063=EDGE_CURVE('',#917,#919,#10062,.T.);
#10064=ORIENTED_EDGE('',*,*,#10063,.F.);
#10065=DIRECTION('',(0.975707,-0.219082,0));
#10066=VECTOR('',#10065,0.166879);
#10067=LINE('',#914,#10066);
#10068=EDGE_CURVE('',#915,#917,#10067,.T.);
#10069=ORIENTED_EDGE('',*,*,#10068,.F.);
#10070=DIRECTION('',(0.985274,-0.170984,0));
#10071=VECTOR('',#10070,0.166881);
#10072=LINE('',#912,#10071);
#10073=EDGE_CURVE('',#913,#915,#10072,.T.);
#10074=ORIENTED_EDGE('',*,*,#10073,.F.);
#10075=DIRECTION('',(0.992466,-0.122521,0));
#10076=VECTOR('',#10075,0.166884);
#10077=LINE('',#910,#10076);
#10078=EDGE_CURVE('',#911,#913,#10077,.T.);
#10079=ORIENTED_EDGE('',*,*,#10078,.F.);
#10080=DIRECTION('',(0.997294,-0.073515,0));
#10081=VECTOR('',#10080,0.166879);
#10082=LINE('',#908,#10081);
#10083=EDGE_CURVE('',#909,#911,#10082,.T.);
#10084=ORIENTED_EDGE('',*,*,#10083,.F.);
#10085=DIRECTION('',(0.9997,-0.024505,0));
#10086=VECTOR('',#10085,0.16688);
#10087=LINE('',#906,#10086);
#10088=EDGE_CURVE('',#907,#909,#10087,.T.);
#10089=ORIENTED_EDGE('',*,*,#10088,.F.);
#10090=DIRECTION('',(0.9997,0.024505,0));
#10091=VECTOR('',#10090,0.16688);
#10092=LINE('',#904,#10091);
#10093=EDGE_CURVE('',#905,#907,#10092,.T.);
#10094=ORIENTED_EDGE('',*,*,#10093,.F.);
#10095=DIRECTION('',(0.997294,0.073515,0));
#10096=VECTOR('',#10095,0.166879);
#10097=LINE('',#902,#10096);
#10098=EDGE_CURVE('',#903,#905,#10097,.T.);
#10099=ORIENTED_EDGE('',*,*,#10098,.F.);
#10100=EDGE_LOOP('',(#9454,#9459,#9464,#9469,#9474,#9479,#9484,#9489,#9494,#9499,#9504,#9509,#9514,#9519,#9524,#9529,#9534,#9539,#9544,#9549,#9554,#9559,#9564,#9569,#9574,#9579,#9584,#9589,#9594,#9599,#9604,#9609,#9614,#9619,#9624,#9629,#9634,#9639,#9644,#9649,#9654,#9659,#9664,#9669,#9674,#9679,#9684,#9689,#9694,#9699,#9704,#9709,#9714,#9719,#9724,#9729,#9734,#9739,#9744,#9749,#9754,#9759,#9764,#9769,#9774,#9779,#9784,#9789,#9794,#9799,#9804,#9809,#9814,#9819,#9824,#9829,#9834,#9839,#9844,#9849,#9854,#9859,#9864,#9869,#9874,#9879,#9884,#9889,#9894,#9899,#9904,#9909,#9914,#9919,#9924,#9929,#9934,#9939,#9944,#9949,#9954,#9959,#9964,#9969,#9974,#9979,#9984,#9989,#9994,#9999,#10004,#10009,#10014,#10019,#10024,#10029,#10034,#10039,#10044,#10049,#10054,#10059,#10064,#10069,#10074,#10079,#10084,#10089,#10094,#10099));
#10101=FACE_BOUND('',#10100,.T.);
#10102=ADVANCED_FACE('',(#9449,#10101),#9435,.T.);
#10103=DIRECTION('',(0,0,1));
#10104=DIRECTION('',(0,-1,0));
#10105=AXIS2_PLACEMENT_3D('',#2068,#10103,#10104);
#10106=PLANE('',#10105);
#10107=ORIENTED_EDGE('',*,*,#2587,.F.);
#10108=ORIENTED_EDGE('',*,*,#3127,.F.);
#10109=ORIENTED_EDGE('',*,*,#2173,.T.);
#10110=DIRECTION('',(0,1,0));
#10111=VECTOR('',#10110,68.399994);
#10112=LINE('',#1254,#10111);
#10113=EDGE_CURVE('',#1255,#2069,#10112,.T.);
#10114=ORIENTED_EDGE('',*,*,#10113,.T.);
#10115=EDGE_LOOP('',(#10107,#10108,#10109,#10114));
#10116=FACE_OUTER_BOUND('',#10115,.T.);
#10117=DIRECTION('',(0.949546,-0.313627,0));
#10118=VECTOR('',#10117,0.166878);
#10119=LINE('',#1438,#10118);
#10120=EDGE_CURVE('',#1439,#1441,#10119,.T.);
#10121=ORIENTED_EDGE('',*,*,#10120,.F.);
#10122=DIRECTION('',(0.932995,-0.35989,0));
#10123=VECTOR('',#10122,0.166881);
#10124=LINE('',#1436,#10123);
#10125=EDGE_CURVE('',#1437,#1439,#10124,.T.);
#10126=ORIENTED_EDGE('',*,*,#10125,.F.);
#10127=DIRECTION('',(0.914209,-0.405243,0));
#10128=VECTOR('',#10127,0.16688);
#10129=LINE('',#1434,#10128);
#10130=EDGE_CURVE('',#1435,#1437,#10129,.T.);
#10131=ORIENTED_EDGE('',*,*,#10130,.F.);
#10132=DIRECTION('',(0.893196,-0.449667,0));
#10133=VECTOR('',#10132,0.166885);
#10134=LINE('',#1430,#10133);
#10135=EDGE_CURVE('',#1431,#1435,#10134,.T.);
#10136=ORIENTED_EDGE('',*,*,#10135,.F.);
#10137=DIRECTION('',(-0.870114,0.492851,0));
#10138=VECTOR('',#10137,0.166876);
#10139=LINE('',#1430,#10138);
#10140=EDGE_CURVE('',#1431,#1433,#10139,.T.);
#10141=ORIENTED_EDGE('',*,*,#10140,.T.);
#10142=DIRECTION('',(0.844816,-0.535057,0));
#10143=VECTOR('',#10142,0.166888);
#10144=LINE('',#1306,#10143);
#10145=EDGE_CURVE('',#1307,#1433,#10144,.T.);
#10146=ORIENTED_EDGE('',*,*,#10145,.F.);
#10147=DIRECTION('',(0.817559,-0.575845,0));
#10148=VECTOR('',#10147,0.166885);
#10149=LINE('',#1304,#10148);
#10150=EDGE_CURVE('',#1305,#1307,#10149,.T.);
#10151=ORIENTED_EDGE('',*,*,#10150,.F.);
#10152=DIRECTION('',(-0.788372,0.615199,0));
#10153=VECTOR('',#10152,0.166875);
#10154=LINE('',#1304,#10153);
#10155=EDGE_CURVE('',#1305,#1309,#10154,.T.);
#10156=ORIENTED_EDGE('',*,*,#10155,.T.);
#10157=DIRECTION('',(0.757189,-0.653196,0));
#10158=VECTOR('',#10157,0.166885);
#10159=LINE('',#1300,#10158);
#10160=EDGE_CURVE('',#1301,#1309,#10159,.T.);
#10161=ORIENTED_EDGE('',*,*,#10160,.F.);
#10162=DIRECTION('',(-0.724306,0.689478,0));
#10163=VECTOR('',#10162,0.166867);
#10164=LINE('',#1300,#10163);
#10165=EDGE_CURVE('',#1301,#1303,#10164,.T.);
#10166=ORIENTED_EDGE('',*,*,#10165,.T.);
#10167=DIRECTION('',(0.689487,-0.724298,0));
#10168=VECTOR('',#10167,0.166893);
#10169=LINE('',#1298,#10168);
#10170=EDGE_CURVE('',#1299,#1303,#10169,.T.);
#10171=ORIENTED_EDGE('',*,*,#10170,.F.);
#10172=DIRECTION('',(-0.653232,0.757158,0));
#10173=VECTOR('',#10172,0.166864);
#10174=LINE('',#1298,#10173);
#10175=EDGE_CURVE('',#1299,#1337,#10174,.T.);
#10176=ORIENTED_EDGE('',*,*,#10175,.T.);
#10177=DIRECTION('',(0.615229,-0.788349,0));
#10178=VECTOR('',#10177,0.166882);
#10179=LINE('',#1310,#10178);
#10180=EDGE_CURVE('',#1311,#1337,#10179,.T.);
#10181=ORIENTED_EDGE('',*,*,#10180,.F.);
#10182=DIRECTION('',(-0.57579,0.817597,0));
#10183=VECTOR('',#10182,0.166884);
#10184=LINE('',#1310,#10183);
#10185=EDGE_CURVE('',#1311,#1315,#10184,.T.);
#10186=ORIENTED_EDGE('',*,*,#10185,.T.);
#10187=DIRECTION('',(0.534995,-0.844855,0));
#10188=VECTOR('',#10187,0.166882);
#10189=LINE('',#1312,#10188);
#10190=EDGE_CURVE('',#1313,#1315,#10189,.T.);
#10191=ORIENTED_EDGE('',*,*,#10190,.F.);
#10192=DIRECTION('',(-0.492898,0.870087,0));
#10193=VECTOR('',#10192,0.166883);
#10194=LINE('',#1312,#10193);
#10195=EDGE_CURVE('',#1313,#1317,#10194,.T.);
#10196=ORIENTED_EDGE('',*,*,#10195,.T.);
#10197=DIRECTION('',(-0.449571,0.893245,0));
#10198=VECTOR('',#10197,0.166895);
#10199=LINE('',#1316,#10198);
#10200=EDGE_CURVE('',#1317,#1319,#10199,.T.);
#10201=ORIENTED_EDGE('',*,*,#10200,.T.);
#10202=DIRECTION('',(-0.405246,0.914208,0));
#10203=VECTOR('',#10202,0.166874);
#10204=LINE('',#1318,#10203);
#10205=EDGE_CURVE('',#1319,#1321,#10204,.T.);
#10206=ORIENTED_EDGE('',*,*,#10205,.T.);
#10207=DIRECTION('',(-0.359896,0.932993,0));
#10208=VECTOR('',#10207,0.166883);
#10209=LINE('',#1320,#10208);
#10210=EDGE_CURVE('',#1321,#1323,#10209,.T.);
#10211=ORIENTED_EDGE('',*,*,#10210,.T.);
#10212=DIRECTION('',(-0.313699,0.949522,0));
#10213=VECTOR('',#10212,0.16687);
#10214=LINE('',#1322,#10213);
#10215=EDGE_CURVE('',#1323,#1325,#10214,.T.);
#10216=ORIENTED_EDGE('',*,*,#10215,.T.);
#10217=DIRECTION('',(-0.266729,0.963772,0));
#10218=VECTOR('',#10217,0.166873);
#10219=LINE('',#1324,#10218);
#10220=EDGE_CURVE('',#1325,#1329,#10219,.T.);
#10221=ORIENTED_EDGE('',*,*,#10220,.T.);
#10222=DIRECTION('',(0.219071,-0.975709,0));
#10223=VECTOR('',#10222,0.166896);
#10224=LINE('',#1326,#10223);
#10225=EDGE_CURVE('',#1327,#1329,#10224,.T.);
#10226=ORIENTED_EDGE('',*,*,#10225,.F.);
#10227=DIRECTION('',(-0.170956,0.985279,0));
#10228=VECTOR('',#10227,0.166885);
#10229=LINE('',#1326,#10228);
#10230=EDGE_CURVE('',#1327,#1331,#10229,.T.);
#10231=ORIENTED_EDGE('',*,*,#10230,.T.);
#10232=DIRECTION('',(-0.122425,0.992478,0));
#10233=VECTOR('',#10232,0.166874);
#10234=LINE('',#1330,#10233);
#10235=EDGE_CURVE('',#1331,#1333,#10234,.T.);
#10236=ORIENTED_EDGE('',*,*,#10235,.T.);
#10237=DIRECTION('',(-0.073567,0.99729,0));
#10238=VECTOR('',#10237,0.166865);
#10239=LINE('',#1332,#10238);
#10240=EDGE_CURVE('',#1333,#1335,#10239,.T.);
#10241=ORIENTED_EDGE('',*,*,#10240,.T.);
#10242=DIRECTION('',(-0.024538,0.999699,0));
#10243=VECTOR('',#10242,0.16689);
#10244=LINE('',#1334,#10243);
#10245=EDGE_CURVE('',#1335,#1339,#10244,.T.);
#10246=ORIENTED_EDGE('',*,*,#10245,.T.);
#10247=DIRECTION('',(0,1,0));
#10248=VECTOR('',#10247,16);
#10249=LINE('',#1338,#10248);
#10250=EDGE_CURVE('',#1339,#1849,#10249,.T.);
#10251=ORIENTED_EDGE('',*,*,#10250,.T.);
#10252=DIRECTION('',(0.024538,0.999699,0));
#10253=VECTOR('',#10252,0.16689);
#10254=LINE('',#1848,#10253);
#10255=EDGE_CURVE('',#1849,#1851,#10254,.T.);
#10256=ORIENTED_EDGE('',*,*,#10255,.T.);
#10257=DIRECTION('',(0.073567,0.99729,0));
#10258=VECTOR('',#10257,0.166865);
#10259=LINE('',#1850,#10258);
#10260=EDGE_CURVE('',#1851,#1853,#10259,.T.);
#10261=ORIENTED_EDGE('',*,*,#10260,.T.);
#10262=DIRECTION('',(0.122425,0.992478,0));
#10263=VECTOR('',#10262,0.166874);
#10264=LINE('',#1852,#10263);
#10265=EDGE_CURVE('',#1853,#1855,#10264,.T.);
#10266=ORIENTED_EDGE('',*,*,#10265,.T.);
#10267=DIRECTION('',(0.170956,0.985279,0));
#10268=VECTOR('',#10267,0.166885);
#10269=LINE('',#1854,#10268);
#10270=EDGE_CURVE('',#1855,#1857,#10269,.T.);
#10271=ORIENTED_EDGE('',*,*,#10270,.T.);
#10272=DIRECTION('',(0.219071,0.975709,0));
#10273=VECTOR('',#10272,0.166896);
#10274=LINE('',#1856,#10273);
#10275=EDGE_CURVE('',#1857,#1859,#10274,.T.);
#10276=ORIENTED_EDGE('',*,*,#10275,.T.);
#10277=DIRECTION('',(0.266729,0.963772,0));
#10278=VECTOR('',#10277,0.166873);
#10279=LINE('',#1858,#10278);
#10280=EDGE_CURVE('',#1859,#1861,#10279,.T.);
#10281=ORIENTED_EDGE('',*,*,#10280,.T.);
#10282=DIRECTION('',(0.313699,0.949522,0));
#10283=VECTOR('',#10282,0.16687);
#10284=LINE('',#1860,#10283);
#10285=EDGE_CURVE('',#1861,#1863,#10284,.T.);
#10286=ORIENTED_EDGE('',*,*,#10285,.T.);
#10287=DIRECTION('',(0.359896,0.932993,0));
#10288=VECTOR('',#10287,0.166883);
#10289=LINE('',#1862,#10288);
#10290=EDGE_CURVE('',#1863,#1865,#10289,.T.);
#10291=ORIENTED_EDGE('',*,*,#10290,.T.);
#10292=DIRECTION('',(0.405246,0.914208,0));
#10293=VECTOR('',#10292,0.166874);
#10294=LINE('',#1864,#10293);
#10295=EDGE_CURVE('',#1865,#1867,#10294,.T.);
#10296=ORIENTED_EDGE('',*,*,#10295,.T.);
#10297=DIRECTION('',(0.449571,0.893245,0));
#10298=VECTOR('',#10297,0.166895);
#10299=LINE('',#1866,#10298);
#10300=EDGE_CURVE('',#1867,#1869,#10299,.T.);
#10301=ORIENTED_EDGE('',*,*,#10300,.T.);
#10302=DIRECTION('',(0.492898,0.870087,0));
#10303=VECTOR('',#10302,0.166883);
#10304=LINE('',#1868,#10303);
#10305=EDGE_CURVE('',#1869,#1871,#10304,.T.);
#10306=ORIENTED_EDGE('',*,*,#10305,.T.);
#10307=DIRECTION('',(0.534995,0.844855,0));
#10308=VECTOR('',#10307,0.166882);
#10309=LINE('',#1870,#10308);
#10310=EDGE_CURVE('',#1871,#1873,#10309,.T.);
#10311=ORIENTED_EDGE('',*,*,#10310,.T.);
#10312=DIRECTION('',(0.57579,0.817597,0));
#10313=VECTOR('',#10312,0.166884);
#10314=LINE('',#1872,#10313);
#10315=EDGE_CURVE('',#1873,#1875,#10314,.T.);
#10316=ORIENTED_EDGE('',*,*,#10315,.T.);
#10317=DIRECTION('',(0.615229,0.788349,0));
#10318=VECTOR('',#10317,0.166882);
#10319=LINE('',#1874,#10318);
#10320=EDGE_CURVE('',#1875,#1877,#10319,.T.);
#10321=ORIENTED_EDGE('',*,*,#10320,.T.);
#10322=DIRECTION('',(0.653232,0.757158,0));
#10323=VECTOR('',#10322,0.166864);
#10324=LINE('',#1876,#10323);
#10325=EDGE_CURVE('',#1877,#1879,#10324,.T.);
#10326=ORIENTED_EDGE('',*,*,#10325,.T.);
#10327=DIRECTION('',(0.689487,0.724298,0));
#10328=VECTOR('',#10327,0.166893);
#10329=LINE('',#1878,#10328);
#10330=EDGE_CURVE('',#1879,#1881,#10329,.T.);
#10331=ORIENTED_EDGE('',*,*,#10330,.T.);
#10332=DIRECTION('',(0.724306,0.689478,0));
#10333=VECTOR('',#10332,0.166867);
#10334=LINE('',#1880,#10333);
#10335=EDGE_CURVE('',#1881,#1883,#10334,.T.);
#10336=ORIENTED_EDGE('',*,*,#10335,.T.);
#10337=DIRECTION('',(0.757189,0.653196,0));
#10338=VECTOR('',#10337,0.166885);
#10339=LINE('',#1882,#10338);
#10340=EDGE_CURVE('',#1883,#1885,#10339,.T.);
#10341=ORIENTED_EDGE('',*,*,#10340,.T.);
#10342=DIRECTION('',(0.788372,0.615199,0));
#10343=VECTOR('',#10342,0.166875);
#10344=LINE('',#1884,#10343);
#10345=EDGE_CURVE('',#1885,#1887,#10344,.T.);
#10346=ORIENTED_EDGE('',*,*,#10345,.T.);
#10347=DIRECTION('',(0.817559,0.575845,0));
#10348=VECTOR('',#10347,0.166885);
#10349=LINE('',#1886,#10348);
#10350=EDGE_CURVE('',#1887,#1889,#10349,.T.);
#10351=ORIENTED_EDGE('',*,*,#10350,.T.);
#10352=DIRECTION('',(0.844816,0.535057,0));
#10353=VECTOR('',#10352,0.166888);
#10354=LINE('',#1888,#10353);
#10355=EDGE_CURVE('',#1889,#1949,#10354,.T.);
#10356=ORIENTED_EDGE('',*,*,#10355,.T.);
#10357=DIRECTION('',(0.870114,0.492851,0));
#10358=VECTOR('',#10357,0.166876);
#10359=LINE('',#1948,#10358);
#10360=EDGE_CURVE('',#1949,#1951,#10359,.T.);
#10361=ORIENTED_EDGE('',*,*,#10360,.T.);
#10362=DIRECTION('',(0.893196,0.449667,0));
#10363=VECTOR('',#10362,0.166885);
#10364=LINE('',#1950,#10363);
#10365=EDGE_CURVE('',#1951,#1953,#10364,.T.);
#10366=ORIENTED_EDGE('',*,*,#10365,.T.);
#10367=DIRECTION('',(0.914209,0.405243,0));
#10368=VECTOR('',#10367,0.16688);
#10369=LINE('',#1952,#10368);
#10370=EDGE_CURVE('',#1953,#1955,#10369,.T.);
#10371=ORIENTED_EDGE('',*,*,#10370,.T.);
#10372=DIRECTION('',(0.932995,0.35989,0));
#10373=VECTOR('',#10372,0.166881);
#10374=LINE('',#1954,#10373);
#10375=EDGE_CURVE('',#1955,#2037,#10374,.T.);
#10376=ORIENTED_EDGE('',*,*,#10375,.T.);
#10377=DIRECTION('',(0.949546,0.313627,0));
#10378=VECTOR('',#10377,0.166878);
#10379=LINE('',#2036,#10378);
#10380=EDGE_CURVE('',#2037,#2039,#10379,.T.);
#10381=ORIENTED_EDGE('',*,*,#10380,.T.);
#10382=DIRECTION('',(0.963798,0.266632,0));
#10383=VECTOR('',#10382,0.166876);
#10384=LINE('',#2038,#10383);
#10385=EDGE_CURVE('',#2039,#2041,#10384,.T.);
#10386=ORIENTED_EDGE('',*,*,#10385,.T.);
#10387=DIRECTION('',(0.975707,0.219082,0));
#10388=VECTOR('',#10387,0.166879);
#10389=LINE('',#2040,#10388);
#10390=EDGE_CURVE('',#2041,#2043,#10389,.T.);
#10391=ORIENTED_EDGE('',*,*,#10390,.T.);
#10392=DIRECTION('',(0.985274,0.170984,0));
#10393=VECTOR('',#10392,0.166881);
#10394=LINE('',#2042,#10393);
#10395=EDGE_CURVE('',#2043,#2045,#10394,.T.);
#10396=ORIENTED_EDGE('',*,*,#10395,.T.);
#10397=DIRECTION('',(0.992466,0.122521,0));
#10398=VECTOR('',#10397,0.166884);
#10399=LINE('',#2044,#10398);
#10400=EDGE_CURVE('',#2045,#2047,#10399,.T.);
#10401=ORIENTED_EDGE('',*,*,#10400,.T.);
#10402=DIRECTION('',(0.997294,0.073515,0));
#10403=VECTOR('',#10402,0.166879);
#10404=LINE('',#2046,#10403);
#10405=EDGE_CURVE('',#2047,#2049,#10404,.T.);
#10406=ORIENTED_EDGE('',*,*,#10405,.T.);
#10407=DIRECTION('',(0.9997,0.024505,0));
#10408=VECTOR('',#10407,0.16688);
#10409=LINE('',#2048,#10408);
#10410=EDGE_CURVE('',#2049,#2051,#10409,.T.);
#10411=ORIENTED_EDGE('',*,*,#10410,.T.);
#10412=DIRECTION('',(0.9997,-0.024505,0));
#10413=VECTOR('',#10412,0.16688);
#10414=LINE('',#2050,#10413);
#10415=EDGE_CURVE('',#2051,#2053,#10414,.T.);
#10416=ORIENTED_EDGE('',*,*,#10415,.T.);
#10417=DIRECTION('',(0.997294,-0.073515,0));
#10418=VECTOR('',#10417,0.166879);
#10419=LINE('',#2052,#10418);
#10420=EDGE_CURVE('',#2053,#2055,#10419,.T.);
#10421=ORIENTED_EDGE('',*,*,#10420,.T.);
#10422=DIRECTION('',(0.992466,-0.122521,0));
#10423=VECTOR('',#10422,0.166884);
#10424=LINE('',#2054,#10423);
#10425=EDGE_CURVE('',#2055,#2057,#10424,.T.);
#10426=ORIENTED_EDGE('',*,*,#10425,.T.);
#10427=DIRECTION('',(0.985274,-0.170984,0));
#10428=VECTOR('',#10427,0.166881);
#10429=LINE('',#2056,#10428);
#10430=EDGE_CURVE('',#2057,#2059,#10429,.T.);
#10431=ORIENTED_EDGE('',*,*,#10430,.T.);
#10432=DIRECTION('',(0.975707,-0.219082,0));
#10433=VECTOR('',#10432,0.166879);
#10434=LINE('',#2058,#10433);
#10435=EDGE_CURVE('',#2059,#2061,#10434,.T.);
#10436=ORIENTED_EDGE('',*,*,#10435,.T.);
#10437=DIRECTION('',(0.963798,-0.266632,0));
#10438=VECTOR('',#10437,0.166876);
#10439=LINE('',#2060,#10438);
#10440=EDGE_CURVE('',#2061,#2063,#10439,.T.);
#10441=ORIENTED_EDGE('',*,*,#10440,.T.);
#10442=DIRECTION('',(0.949546,-0.313627,0));
#10443=VECTOR('',#10442,0.166878);
#10444=LINE('',#2062,#10443);
#10445=EDGE_CURVE('',#2063,#2065,#10444,.T.);
#10446=ORIENTED_EDGE('',*,*,#10445,.T.);
#10447=DIRECTION('',(-0.932995,0.35989,0));
#10448=VECTOR('',#10447,0.166881);
#10449=LINE('',#1956,#10448);
#10450=EDGE_CURVE('',#1957,#2065,#10449,.T.);
#10451=ORIENTED_EDGE('',*,*,#10450,.F.);
#10452=DIRECTION('',(0.914209,-0.405243,0));
#10453=VECTOR('',#10452,0.16688);
#10454=LINE('',#1956,#10453);
#10455=EDGE_CURVE('',#1957,#1959,#10454,.T.);
#10456=ORIENTED_EDGE('',*,*,#10455,.T.);
#10457=DIRECTION('',(0.893196,-0.449667,0));
#10458=VECTOR('',#10457,0.166885);
#10459=LINE('',#1958,#10458);
#10460=EDGE_CURVE('',#1959,#1961,#10459,.T.);
#10461=ORIENTED_EDGE('',*,*,#10460,.T.);
#10462=DIRECTION('',(0.870114,-0.492851,0));
#10463=VECTOR('',#10462,0.166876);
#10464=LINE('',#1960,#10463);
#10465=EDGE_CURVE('',#1961,#1963,#10464,.T.);
#10466=ORIENTED_EDGE('',*,*,#10465,.T.);
#10467=DIRECTION('',(0.844816,-0.535057,0));
#10468=VECTOR('',#10467,0.166888);
#10469=LINE('',#1962,#10468);
#10470=EDGE_CURVE('',#1963,#1965,#10469,.T.);
#10471=ORIENTED_EDGE('',*,*,#10470,.T.);
#10472=DIRECTION('',(0.817559,-0.575845,0));
#10473=VECTOR('',#10472,0.166885);
#10474=LINE('',#1964,#10473);
#10475=EDGE_CURVE('',#1965,#1967,#10474,.T.);
#10476=ORIENTED_EDGE('',*,*,#10475,.T.);
#10477=DIRECTION('',(0.788372,-0.615199,0));
#10478=VECTOR('',#10477,0.166875);
#10479=LINE('',#1966,#10478);
#10480=EDGE_CURVE('',#1967,#1993,#10479,.T.);
#10481=ORIENTED_EDGE('',*,*,#10480,.T.);
#10482=DIRECTION('',(0.757189,-0.653196,0));
#10483=VECTOR('',#10482,0.166885);
#10484=LINE('',#1992,#10483);
#10485=EDGE_CURVE('',#1993,#1995,#10484,.T.);
#10486=ORIENTED_EDGE('',*,*,#10485,.T.);
#10487=DIRECTION('',(0.724306,-0.689478,0));
#10488=VECTOR('',#10487,0.166867);
#10489=LINE('',#1994,#10488);
#10490=EDGE_CURVE('',#1995,#1999,#10489,.T.);
#10491=ORIENTED_EDGE('',*,*,#10490,.T.);
#10492=DIRECTION('',(-0.689487,0.724298,0));
#10493=VECTOR('',#10492,0.166893);
#10494=LINE('',#1996,#10493);
#10495=EDGE_CURVE('',#1997,#1999,#10494,.T.);
#10496=ORIENTED_EDGE('',*,*,#10495,.F.);
#10497=DIRECTION('',(0.653232,-0.757158,0));
#10498=VECTOR('',#10497,0.166864);
#10499=LINE('',#1996,#10498);
#10500=EDGE_CURVE('',#1997,#2001,#10499,.T.);
#10501=ORIENTED_EDGE('',*,*,#10500,.T.);
#10502=DIRECTION('',(-0.615229,0.788349,0));
#10503=VECTOR('',#10502,0.166882);
#10504=LINE('',#1986,#10503);
#10505=EDGE_CURVE('',#1987,#2001,#10504,.T.);
#10506=ORIENTED_EDGE('',*,*,#10505,.F.);
#10507=DIRECTION('',(-0.57579,0.817597,0));
#10508=VECTOR('',#10507,0.166884);
#10509=LINE('',#1984,#10508);
#10510=EDGE_CURVE('',#1985,#1987,#10509,.T.);
#10511=ORIENTED_EDGE('',*,*,#10510,.F.);
#10512=DIRECTION('',(0.534995,-0.844855,0));
#10513=VECTOR('',#10512,0.166882);
#10514=LINE('',#1984,#10513);
#10515=EDGE_CURVE('',#1985,#1989,#10514,.T.);
#10516=ORIENTED_EDGE('',*,*,#10515,.T.);
#10517=DIRECTION('',(0.492898,-0.870087,0));
#10518=VECTOR('',#10517,0.166883);
#10519=LINE('',#1988,#10518);
#10520=EDGE_CURVE('',#1989,#1991,#10519,.T.);
#10521=ORIENTED_EDGE('',*,*,#10520,.T.);
#10522=DIRECTION('',(-0.449571,0.893245,0));
#10523=VECTOR('',#10522,0.166895);
#10524=LINE('',#1982,#10523);
#10525=EDGE_CURVE('',#1983,#1991,#10524,.T.);
#10526=ORIENTED_EDGE('',*,*,#10525,.F.);
#10527=DIRECTION('',(0.405246,-0.914208,0));
#10528=VECTOR('',#10527,0.166874);
#10529=LINE('',#1982,#10528);
#10530=EDGE_CURVE('',#1983,#2005,#10529,.T.);
#10531=ORIENTED_EDGE('',*,*,#10530,.T.);
#10532=DIRECTION('',(-0.359896,0.932993,0));
#10533=VECTOR('',#10532,0.166883);
#10534=LINE('',#2002,#10533);
#10535=EDGE_CURVE('',#2003,#2005,#10534,.T.);
#10536=ORIENTED_EDGE('',*,*,#10535,.F.);
#10537=DIRECTION('',(-0.313699,0.949522,0));
#10538=VECTOR('',#10537,0.16687);
#10539=LINE('',#1980,#10538);
#10540=EDGE_CURVE('',#1981,#2003,#10539,.T.);
#10541=ORIENTED_EDGE('',*,*,#10540,.F.);
#10542=DIRECTION('',(-0.266729,0.963772,0));
#10543=VECTOR('',#10542,0.166873);
#10544=LINE('',#1978,#10543);
#10545=EDGE_CURVE('',#1979,#1981,#10544,.T.);
#10546=ORIENTED_EDGE('',*,*,#10545,.F.);
#10547=DIRECTION('',(-0.219071,0.975709,0));
#10548=VECTOR('',#10547,0.166896);
#10549=LINE('',#1976,#10548);
#10550=EDGE_CURVE('',#1977,#1979,#10549,.T.);
#10551=ORIENTED_EDGE('',*,*,#10550,.F.);
#10552=DIRECTION('',(-0.170956,0.985279,0));
#10553=VECTOR('',#10552,0.166885);
#10554=LINE('',#1974,#10553);
#10555=EDGE_CURVE('',#1975,#1977,#10554,.T.);
#10556=ORIENTED_EDGE('',*,*,#10555,.F.);
#10557=DIRECTION('',(-0.122425,0.992478,0));
#10558=VECTOR('',#10557,0.166874);
#10559=LINE('',#1972,#10558);
#10560=EDGE_CURVE('',#1973,#1975,#10559,.T.);
#10561=ORIENTED_EDGE('',*,*,#10560,.F.);
#10562=DIRECTION('',(-0.073567,0.99729,0));
#10563=VECTOR('',#10562,0.166865);
#10564=LINE('',#1970,#10563);
#10565=EDGE_CURVE('',#1971,#1973,#10564,.T.);
#10566=ORIENTED_EDGE('',*,*,#10565,.F.);
#10567=DIRECTION('',(-0.024538,0.999699,0));
#10568=VECTOR('',#10567,0.16689);
#10569=LINE('',#1968,#10568);
#10570=EDGE_CURVE('',#1969,#1971,#10569,.T.);
#10571=ORIENTED_EDGE('',*,*,#10570,.F.);
#10572=DIRECTION('',(0,1,0));
#10573=VECTOR('',#10572,16);
#10574=LINE('',#1514,#10573);
#10575=EDGE_CURVE('',#1515,#1969,#10574,.T.);
#10576=ORIENTED_EDGE('',*,*,#10575,.F.);
#10577=DIRECTION('',(0.024538,0.999699,0));
#10578=VECTOR('',#10577,0.16689);
#10579=LINE('',#1512,#10578);
#10580=EDGE_CURVE('',#1513,#1515,#10579,.T.);
#10581=ORIENTED_EDGE('',*,*,#10580,.F.);
#10582=DIRECTION('',(0.073567,0.99729,0));
#10583=VECTOR('',#10582,0.166865);
#10584=LINE('',#1510,#10583);
#10585=EDGE_CURVE('',#1511,#1513,#10584,.T.);
#10586=ORIENTED_EDGE('',*,*,#10585,.F.);
#10587=DIRECTION('',(0.122425,0.992478,0));
#10588=VECTOR('',#10587,0.166874);
#10589=LINE('',#1508,#10588);
#10590=EDGE_CURVE('',#1509,#1511,#10589,.T.);
#10591=ORIENTED_EDGE('',*,*,#10590,.F.);
#10592=DIRECTION('',(0.170956,0.985279,0));
#10593=VECTOR('',#10592,0.166885);
#10594=LINE('',#1506,#10593);
#10595=EDGE_CURVE('',#1507,#1509,#10594,.T.);
#10596=ORIENTED_EDGE('',*,*,#10595,.F.);
#10597=DIRECTION('',(0.219071,0.975709,0));
#10598=VECTOR('',#10597,0.166896);
#10599=LINE('',#1504,#10598);
#10600=EDGE_CURVE('',#1505,#1507,#10599,.T.);
#10601=ORIENTED_EDGE('',*,*,#10600,.F.);
#10602=DIRECTION('',(0.266729,0.963772,0));
#10603=VECTOR('',#10602,0.166873);
#10604=LINE('',#1502,#10603);
#10605=EDGE_CURVE('',#1503,#1505,#10604,.T.);
#10606=ORIENTED_EDGE('',*,*,#10605,.F.);
#10607=DIRECTION('',(0.313699,0.949522,0));
#10608=VECTOR('',#10607,0.16687);
#10609=LINE('',#1500,#10608);
#10610=EDGE_CURVE('',#1501,#1503,#10609,.T.);
#10611=ORIENTED_EDGE('',*,*,#10610,.F.);
#10612=DIRECTION('',(0.359896,0.932993,0));
#10613=VECTOR('',#10612,0.166883);
#10614=LINE('',#1498,#10613);
#10615=EDGE_CURVE('',#1499,#1501,#10614,.T.);
#10616=ORIENTED_EDGE('',*,*,#10615,.F.);
#10617=DIRECTION('',(0.405246,0.914208,0));
#10618=VECTOR('',#10617,0.166874);
#10619=LINE('',#1496,#10618);
#10620=EDGE_CURVE('',#1497,#1499,#10619,.T.);
#10621=ORIENTED_EDGE('',*,*,#10620,.F.);
#10622=DIRECTION('',(0.449571,0.893245,0));
#10623=VECTOR('',#10622,0.166895);
#10624=LINE('',#1494,#10623);
#10625=EDGE_CURVE('',#1495,#1497,#10624,.T.);
#10626=ORIENTED_EDGE('',*,*,#10625,.F.);
#10627=DIRECTION('',(0.492898,0.870087,0));
#10628=VECTOR('',#10627,0.166883);
#10629=LINE('',#1492,#10628);
#10630=EDGE_CURVE('',#1493,#1495,#10629,.T.);
#10631=ORIENTED_EDGE('',*,*,#10630,.F.);
#10632=DIRECTION('',(0.534995,0.844855,0));
#10633=VECTOR('',#10632,0.166882);
#10634=LINE('',#1490,#10633);
#10635=EDGE_CURVE('',#1491,#1493,#10634,.T.);
#10636=ORIENTED_EDGE('',*,*,#10635,.F.);
#10637=DIRECTION('',(0.57579,0.817597,0));
#10638=VECTOR('',#10637,0.166884);
#10639=LINE('',#1488,#10638);
#10640=EDGE_CURVE('',#1489,#1491,#10639,.T.);
#10641=ORIENTED_EDGE('',*,*,#10640,.F.);
#10642=DIRECTION('',(0.615229,0.788349,0));
#10643=VECTOR('',#10642,0.166882);
#10644=LINE('',#1486,#10643);
#10645=EDGE_CURVE('',#1487,#1489,#10644,.T.);
#10646=ORIENTED_EDGE('',*,*,#10645,.F.);
#10647=DIRECTION('',(0.653232,0.757158,0));
#10648=VECTOR('',#10647,0.166864);
#10649=LINE('',#1484,#10648);
#10650=EDGE_CURVE('',#1485,#1487,#10649,.T.);
#10651=ORIENTED_EDGE('',*,*,#10650,.F.);
#10652=DIRECTION('',(0.689487,0.724298,0));
#10653=VECTOR('',#10652,0.166893);
#10654=LINE('',#1482,#10653);
#10655=EDGE_CURVE('',#1483,#1485,#10654,.T.);
#10656=ORIENTED_EDGE('',*,*,#10655,.F.);
#10657=DIRECTION('',(0.724306,0.689478,0));
#10658=VECTOR('',#10657,0.166867);
#10659=LINE('',#1480,#10658);
#10660=EDGE_CURVE('',#1481,#1483,#10659,.T.);
#10661=ORIENTED_EDGE('',*,*,#10660,.F.);
#10662=DIRECTION('',(0.757189,0.653196,0));
#10663=VECTOR('',#10662,0.166885);
#10664=LINE('',#1478,#10663);
#10665=EDGE_CURVE('',#1479,#1481,#10664,.T.);
#10666=ORIENTED_EDGE('',*,*,#10665,.F.);
#10667=DIRECTION('',(0.788372,0.615199,0));
#10668=VECTOR('',#10667,0.166875);
#10669=LINE('',#1476,#10668);
#10670=EDGE_CURVE('',#1477,#1479,#10669,.T.);
#10671=ORIENTED_EDGE('',*,*,#10670,.F.);
#10672=DIRECTION('',(0.817559,0.575845,0));
#10673=VECTOR('',#10672,0.166885);
#10674=LINE('',#1474,#10673);
#10675=EDGE_CURVE('',#1475,#1477,#10674,.T.);
#10676=ORIENTED_EDGE('',*,*,#10675,.F.);
#10677=DIRECTION('',(0.844816,0.535057,0));
#10678=VECTOR('',#10677,0.166888);
#10679=LINE('',#1472,#10678);
#10680=EDGE_CURVE('',#1473,#1475,#10679,.T.);
#10681=ORIENTED_EDGE('',*,*,#10680,.F.);
#10682=DIRECTION('',(0.870114,0.492851,0));
#10683=VECTOR('',#10682,0.166876);
#10684=LINE('',#1470,#10683);
#10685=EDGE_CURVE('',#1471,#1473,#10684,.T.);
#10686=ORIENTED_EDGE('',*,*,#10685,.F.);
#10687=DIRECTION('',(0.893196,0.449667,0));
#10688=VECTOR('',#10687,0.166885);
#10689=LINE('',#1468,#10688);
#10690=EDGE_CURVE('',#1469,#1471,#10689,.T.);
#10691=ORIENTED_EDGE('',*,*,#10690,.F.);
#10692=DIRECTION('',(0.914209,0.405243,0));
#10693=VECTOR('',#10692,0.16688);
#10694=LINE('',#1466,#10693);
#10695=EDGE_CURVE('',#1467,#1469,#10694,.T.);
#10696=ORIENTED_EDGE('',*,*,#10695,.F.);
#10697=DIRECTION('',(0.932995,0.35989,0));
#10698=VECTOR('',#10697,0.166881);
#10699=LINE('',#1464,#10698);
#10700=EDGE_CURVE('',#1465,#1467,#10699,.T.);
#10701=ORIENTED_EDGE('',*,*,#10700,.F.);
#10702=DIRECTION('',(0.949546,0.313627,0));
#10703=VECTOR('',#10702,0.166878);
#10704=LINE('',#1462,#10703);
#10705=EDGE_CURVE('',#1463,#1465,#10704,.T.);
#10706=ORIENTED_EDGE('',*,*,#10705,.F.);
#10707=DIRECTION('',(0.963798,0.266632,0));
#10708=VECTOR('',#10707,0.166876);
#10709=LINE('',#1460,#10708);
#10710=EDGE_CURVE('',#1461,#1463,#10709,.T.);
#10711=ORIENTED_EDGE('',*,*,#10710,.F.);
#10712=DIRECTION('',(0.975707,0.219082,0));
#10713=VECTOR('',#10712,0.166879);
#10714=LINE('',#1458,#10713);
#10715=EDGE_CURVE('',#1459,#1461,#10714,.T.);
#10716=ORIENTED_EDGE('',*,*,#10715,.F.);
#10717=DIRECTION('',(0.985274,0.170984,0));
#10718=VECTOR('',#10717,0.166881);
#10719=LINE('',#1456,#10718);
#10720=EDGE_CURVE('',#1457,#1459,#10719,.T.);
#10721=ORIENTED_EDGE('',*,*,#10720,.F.);
#10722=DIRECTION('',(0.992466,0.122521,0));
#10723=VECTOR('',#10722,0.166884);
#10724=LINE('',#1454,#10723);
#10725=EDGE_CURVE('',#1455,#1457,#10724,.T.);
#10726=ORIENTED_EDGE('',*,*,#10725,.F.);
#10727=DIRECTION('',(0.997294,0.073515,0));
#10728=VECTOR('',#10727,0.166879);
#10729=LINE('',#1452,#10728);
#10730=EDGE_CURVE('',#1453,#1455,#10729,.T.);
#10731=ORIENTED_EDGE('',*,*,#10730,.F.);
#10732=DIRECTION('',(0.9997,0.024505,0));
#10733=VECTOR('',#10732,0.16688);
#10734=LINE('',#1450,#10733);
#10735=EDGE_CURVE('',#1451,#1453,#10734,.T.);
#10736=ORIENTED_EDGE('',*,*,#10735,.F.);
#10737=DIRECTION('',(0.9997,-0.024505,0));
#10738=VECTOR('',#10737,0.16688);
#10739=LINE('',#1448,#10738);
#10740=EDGE_CURVE('',#1449,#1451,#10739,.T.);
#10741=ORIENTED_EDGE('',*,*,#10740,.F.);
#10742=DIRECTION('',(0.997294,-0.073515,0));
#10743=VECTOR('',#10742,0.166879);
#10744=LINE('',#1446,#10743);
#10745=EDGE_CURVE('',#1447,#1449,#10744,.T.);
#10746=ORIENTED_EDGE('',*,*,#10745,.F.);
#10747=DIRECTION('',(0.992466,-0.122521,0));
#10748=VECTOR('',#10747,0.166884);
#10749=LINE('',#1444,#10748);
#10750=EDGE_CURVE('',#1445,#1447,#10749,.T.);
#10751=ORIENTED_EDGE('',*,*,#10750,.F.);
#10752=DIRECTION('',(0.985274,-0.170984,0));
#10753=VECTOR('',#10752,0.166881);
#10754=LINE('',#1442,#10753);
#10755=EDGE_CURVE('',#1443,#1445,#10754,.T.);
#10756=ORIENTED_EDGE('',*,*,#10755,.F.);
#10757=DIRECTION('',(0.975707,-0.219082,0));
#10758=VECTOR('',#10757,0.166879);
#10759=LINE('',#1428,#10758);
#10760=EDGE_CURVE('',#1429,#1443,#10759,.T.);
#10761=ORIENTED_EDGE('',*,*,#10760,.F.);
#10762=DIRECTION('',(-0.963798,0.266632,0));
#10763=VECTOR('',#10762,0.166876);
#10764=LINE('',#1428,#10763);
#10765=EDGE_CURVE('',#1429,#1441,#10764,.T.);
#10766=ORIENTED_EDGE('',*,*,#10765,.T.);
#10767=EDGE_LOOP('',(#10121,#10126,#10131,#10136,#10141,#10146,#10151,#10156,#10161,#10166,#10171,#10176,#10181,#10186,#10191,#10196,#10201,#10206,#10211,#10216,#10221,#10226,#10231,#10236,#10241,#10246,#10251,#10256,#10261,#10266,#10271,#10276,#10281,#10286,#10291,#10296,#10301,#10306,#10311,#10316,#10321,#10326,#10331,#10336,#10341,#10346,#10351,#10356,#10361,#10366,#10371,#10376,#10381,#10386,#10391,#10396,#10401,#10406,#10411,#10416,#10421,#10426,#10431,#10436,#10441,#10446,#10451,#10456,#10461,#10466,#10471,#10476,#10481,#10486,#10491,#10496,#10501,#10506,#10511,#10516,#10521,#10526,#10531,#10536,#10541,#10546,#10551,#10556,#10561,#10566,#10571,#10576,#10581,#10586,#10591,#10596,#10601,#10606,#10611,#10616,#10621,#10626,#10631,#10636,#10641,#10646,#10651,#10656,#10661,#10666,#10671,#10676,#10681,#10686,#10691,#10696,#10701,#10706,#10711,#10716,#10721,#10726,#10731,#10736,#10741,#10746,#10751,#10756,#10761,#10766));
#10768=FACE_BOUND('',#10767,.T.);
#10769=ADVANCED_FACE('',(#10116,#10768),#10106,.T.);
#10770=DIRECTION('',(0,0,1));
#10771=DIRECTION('',(0,-1,0));
#10772=AXIS2_PLACEMENT_3D('',#954,#10770,#10771);
#10773=PLANE('',#10772);
#10774=DIRECTION('',(0,1,0));
#10775=VECTOR('',#10774,68.399994);
#10776=LINE('',#16,#10775);
#10777=EDGE_CURVE('',#17,#955,#10776,.T.);
#10778=ORIENTED_EDGE('',*,*,#10777,.F.);
#10779=ORIENTED_EDGE('',*,*,#2133,.T.);
#10780=ORIENTED_EDGE('',*,*,#2533,.T.);
#10781=ORIENTED_EDGE('',*,*,#2623,.F.);
#10782=EDGE_LOOP('',(#10778,#10779,#10780,#10781));
#10783=FACE_OUTER_BOUND('',#10782,.T.);
#10784=DIRECTION('',(0.492898,0.870087,0));
#10785=VECTOR('',#10784,0.166883);
#10786=LINE('',#770,#10785);
#10787=EDGE_CURVE('',#771,#773,#10786,.T.);
#10788=ORIENTED_EDGE('',*,*,#10787,.T.);
#10789=DIRECTION('',(0.534995,0.844855,0));
#10790=VECTOR('',#10789,0.166882);
#10791=LINE('',#772,#10790);
#10792=EDGE_CURVE('',#773,#775,#10791,.T.);
#10793=ORIENTED_EDGE('',*,*,#10792,.T.);
#10794=DIRECTION('',(0.57579,0.817597,0));
#10795=VECTOR('',#10794,0.166884);
#10796=LINE('',#774,#10795);
#10797=EDGE_CURVE('',#775,#777,#10796,.T.);
#10798=ORIENTED_EDGE('',*,*,#10797,.T.);
#10799=DIRECTION('',(0.615229,0.788349,0));
#10800=VECTOR('',#10799,0.166882);
#10801=LINE('',#776,#10800);
#10802=EDGE_CURVE('',#777,#779,#10801,.T.);
#10803=ORIENTED_EDGE('',*,*,#10802,.T.);
#10804=DIRECTION('',(0.653232,0.757158,0));
#10805=VECTOR('',#10804,0.166864);
#10806=LINE('',#778,#10805);
#10807=EDGE_CURVE('',#779,#781,#10806,.T.);
#10808=ORIENTED_EDGE('',*,*,#10807,.T.);
#10809=DIRECTION('',(0.689487,0.724298,0));
#10810=VECTOR('',#10809,0.166893);
#10811=LINE('',#780,#10810);
#10812=EDGE_CURVE('',#781,#783,#10811,.T.);
#10813=ORIENTED_EDGE('',*,*,#10812,.T.);
#10814=DIRECTION('',(0.724306,0.689478,0));
#10815=VECTOR('',#10814,0.166867);
#10816=LINE('',#782,#10815);
#10817=EDGE_CURVE('',#783,#785,#10816,.T.);
#10818=ORIENTED_EDGE('',*,*,#10817,.T.);
#10819=DIRECTION('',(0.757189,0.653196,0));
#10820=VECTOR('',#10819,0.166885);
#10821=LINE('',#784,#10820);
#10822=EDGE_CURVE('',#785,#787,#10821,.T.);
#10823=ORIENTED_EDGE('',*,*,#10822,.T.);
#10824=DIRECTION('',(0.788372,0.615199,0));
#10825=VECTOR('',#10824,0.166875);
#10826=LINE('',#786,#10825);
#10827=EDGE_CURVE('',#787,#789,#10826,.T.);
#10828=ORIENTED_EDGE('',*,*,#10827,.T.);
#10829=DIRECTION('',(0.817559,0.575845,0));
#10830=VECTOR('',#10829,0.166885);
#10831=LINE('',#788,#10830);
#10832=EDGE_CURVE('',#789,#791,#10831,.T.);
#10833=ORIENTED_EDGE('',*,*,#10832,.T.);
#10834=DIRECTION('',(0.844816,0.535057,0));
#10835=VECTOR('',#10834,0.166888);
#10836=LINE('',#790,#10835);
#10837=EDGE_CURVE('',#791,#793,#10836,.T.);
#10838=ORIENTED_EDGE('',*,*,#10837,.T.);
#10839=DIRECTION('',(0.870114,0.492851,0));
#10840=VECTOR('',#10839,0.166876);
#10841=LINE('',#792,#10840);
#10842=EDGE_CURVE('',#793,#795,#10841,.T.);
#10843=ORIENTED_EDGE('',*,*,#10842,.T.);
#10844=DIRECTION('',(0.893196,0.449667,0));
#10845=VECTOR('',#10844,0.166885);
#10846=LINE('',#794,#10845);
#10847=EDGE_CURVE('',#795,#797,#10846,.T.);
#10848=ORIENTED_EDGE('',*,*,#10847,.T.);
#10849=DIRECTION('',(0.914209,0.405243,0));
#10850=VECTOR('',#10849,0.16688);
#10851=LINE('',#796,#10850);
#10852=EDGE_CURVE('',#797,#799,#10851,.T.);
#10853=ORIENTED_EDGE('',*,*,#10852,.T.);
#10854=DIRECTION('',(0.932995,0.35989,0));
#10855=VECTOR('',#10854,0.166881);
#10856=LINE('',#798,#10855);
#10857=EDGE_CURVE('',#799,#923,#10856,.T.);
#10858=ORIENTED_EDGE('',*,*,#10857,.T.);
#10859=DIRECTION('',(0.949546,0.313627,0));
#10860=VECTOR('',#10859,0.166878);
#10861=LINE('',#922,#10860);
#10862=EDGE_CURVE('',#923,#925,#10861,.T.);
#10863=ORIENTED_EDGE('',*,*,#10862,.T.);
#10864=DIRECTION('',(0.963798,0.266632,0));
#10865=VECTOR('',#10864,0.166876);
#10866=LINE('',#924,#10865);
#10867=EDGE_CURVE('',#925,#927,#10866,.T.);
#10868=ORIENTED_EDGE('',*,*,#10867,.T.);
#10869=DIRECTION('',(0.975707,0.219082,0));
#10870=VECTOR('',#10869,0.166879);
#10871=LINE('',#926,#10870);
#10872=EDGE_CURVE('',#927,#929,#10871,.T.);
#10873=ORIENTED_EDGE('',*,*,#10872,.T.);
#10874=DIRECTION('',(0.985274,0.170984,0));
#10875=VECTOR('',#10874,0.166881);
#10876=LINE('',#928,#10875);
#10877=EDGE_CURVE('',#929,#931,#10876,.T.);
#10878=ORIENTED_EDGE('',*,*,#10877,.T.);
#10879=DIRECTION('',(0.992466,0.122521,0));
#10880=VECTOR('',#10879,0.166884);
#10881=LINE('',#930,#10880);
#10882=EDGE_CURVE('',#931,#933,#10881,.T.);
#10883=ORIENTED_EDGE('',*,*,#10882,.T.);
#10884=DIRECTION('',(0.997294,0.073515,0));
#10885=VECTOR('',#10884,0.166879);
#10886=LINE('',#932,#10885);
#10887=EDGE_CURVE('',#933,#935,#10886,.T.);
#10888=ORIENTED_EDGE('',*,*,#10887,.T.);
#10889=DIRECTION('',(0.9997,0.024505,0));
#10890=VECTOR('',#10889,0.16688);
#10891=LINE('',#934,#10890);
#10892=EDGE_CURVE('',#935,#937,#10891,.T.);
#10893=ORIENTED_EDGE('',*,*,#10892,.T.);
#10894=DIRECTION('',(0.9997,-0.024505,0));
#10895=VECTOR('',#10894,0.16688);
#10896=LINE('',#936,#10895);
#10897=EDGE_CURVE('',#937,#939,#10896,.T.);
#10898=ORIENTED_EDGE('',*,*,#10897,.T.);
#10899=DIRECTION('',(0.997294,-0.073515,0));
#10900=VECTOR('',#10899,0.166879);
#10901=LINE('',#938,#10900);
#10902=EDGE_CURVE('',#939,#941,#10901,.T.);
#10903=ORIENTED_EDGE('',*,*,#10902,.T.);
#10904=DIRECTION('',(0.992466,-0.122521,0));
#10905=VECTOR('',#10904,0.166884);
#10906=LINE('',#940,#10905);
#10907=EDGE_CURVE('',#941,#943,#10906,.T.);
#10908=ORIENTED_EDGE('',*,*,#10907,.T.);
#10909=DIRECTION('',(0.985274,-0.170984,0));
#10910=VECTOR('',#10909,0.166881);
#10911=LINE('',#942,#10910);
#10912=EDGE_CURVE('',#943,#945,#10911,.T.);
#10913=ORIENTED_EDGE('',*,*,#10912,.T.);
#10914=DIRECTION('',(0.975707,-0.219082,0));
#10915=VECTOR('',#10914,0.166879);
#10916=LINE('',#944,#10915);
#10917=EDGE_CURVE('',#945,#947,#10916,.T.);
#10918=ORIENTED_EDGE('',*,*,#10917,.T.);
#10919=DIRECTION('',(0.963798,-0.266632,0));
#10920=VECTOR('',#10919,0.166876);
#10921=LINE('',#946,#10920);
#10922=EDGE_CURVE('',#947,#949,#10921,.T.);
#10923=ORIENTED_EDGE('',*,*,#10922,.T.);
#10924=DIRECTION('',(0.949546,-0.313627,0));
#10925=VECTOR('',#10924,0.166878);
#10926=LINE('',#948,#10925);
#10927=EDGE_CURVE('',#949,#951,#10926,.T.);
#10928=ORIENTED_EDGE('',*,*,#10927,.T.);
#10929=DIRECTION('',(-0.932995,0.35989,0));
#10930=VECTOR('',#10929,0.166881);
#10931=LINE('',#800,#10930);
#10932=EDGE_CURVE('',#801,#951,#10931,.T.);
#10933=ORIENTED_EDGE('',*,*,#10932,.F.);
#10934=DIRECTION('',(0.914209,-0.405243,0));
#10935=VECTOR('',#10934,0.16688);
#10936=LINE('',#800,#10935);
#10937=EDGE_CURVE('',#801,#803,#10936,.T.);
#10938=ORIENTED_EDGE('',*,*,#10937,.T.);
#10939=DIRECTION('',(0.893196,-0.449667,0));
#10940=VECTOR('',#10939,0.166885);
#10941=LINE('',#802,#10940);
#10942=EDGE_CURVE('',#803,#807,#10941,.T.);
#10943=ORIENTED_EDGE('',*,*,#10942,.T.);
#10944=DIRECTION('',(-0.870114,0.492851,0));
#10945=VECTOR('',#10944,0.166876);
#10946=LINE('',#804,#10945);
#10947=EDGE_CURVE('',#805,#807,#10946,.T.);
#10948=ORIENTED_EDGE('',*,*,#10947,.F.);
#10949=DIRECTION('',(0.844816,-0.535057,0));
#10950=VECTOR('',#10949,0.166888);
#10951=LINE('',#804,#10950);
#10952=EDGE_CURVE('',#805,#867,#10951,.T.);
#10953=ORIENTED_EDGE('',*,*,#10952,.T.);
#10954=DIRECTION('',(0.817559,-0.575845,0));
#10955=VECTOR('',#10954,0.166885);
#10956=LINE('',#866,#10955);
#10957=EDGE_CURVE('',#867,#869,#10956,.T.);
#10958=ORIENTED_EDGE('',*,*,#10957,.T.);
#10959=DIRECTION('',(-0.788372,0.615199,0));
#10960=VECTOR('',#10959,0.166875);
#10961=LINE('',#864,#10960);
#10962=EDGE_CURVE('',#865,#869,#10961,.T.);
#10963=ORIENTED_EDGE('',*,*,#10962,.F.);
#10964=DIRECTION('',(0.757189,-0.653196,0));
#10965=VECTOR('',#10964,0.166885);
#10966=LINE('',#864,#10965);
#10967=EDGE_CURVE('',#865,#871,#10966,.T.);
#10968=ORIENTED_EDGE('',*,*,#10967,.T.);
#10969=DIRECTION('',(0.724306,-0.689478,0));
#10970=VECTOR('',#10969,0.166867);
#10971=LINE('',#870,#10970);
#10972=EDGE_CURVE('',#871,#873,#10971,.T.);
#10973=ORIENTED_EDGE('',*,*,#10972,.T.);
#10974=DIRECTION('',(0.689487,-0.724298,0));
#10975=VECTOR('',#10974,0.166893);
#10976=LINE('',#872,#10975);
#10977=EDGE_CURVE('',#873,#875,#10976,.T.);
#10978=ORIENTED_EDGE('',*,*,#10977,.T.);
#10979=DIRECTION('',(0.653232,-0.757158,0));
#10980=VECTOR('',#10979,0.166864);
#10981=LINE('',#874,#10980);
#10982=EDGE_CURVE('',#875,#877,#10981,.T.);
#10983=ORIENTED_EDGE('',*,*,#10982,.T.);
#10984=DIRECTION('',(0.615229,-0.788349,0));
#10985=VECTOR('',#10984,0.166882);
#10986=LINE('',#876,#10985);
#10987=EDGE_CURVE('',#877,#889,#10986,.T.);
#10988=ORIENTED_EDGE('',*,*,#10987,.T.);
#10989=DIRECTION('',(-0.57579,0.817597,0));
#10990=VECTOR('',#10989,0.166884);
#10991=LINE('',#886,#10990);
#10992=EDGE_CURVE('',#887,#889,#10991,.T.);
#10993=ORIENTED_EDGE('',*,*,#10992,.F.);
#10994=DIRECTION('',(-0.534995,0.844855,0));
#10995=VECTOR('',#10994,0.166882);
#10996=LINE('',#884,#10995);
#10997=EDGE_CURVE('',#885,#887,#10996,.T.);
#10998=ORIENTED_EDGE('',*,*,#10997,.F.);
#10999=DIRECTION('',(0.492898,-0.870087,0));
#11000=VECTOR('',#10999,0.166883);
#11001=LINE('',#884,#11000);
#11002=EDGE_CURVE('',#885,#891,#11001,.T.);
#11003=ORIENTED_EDGE('',*,*,#11002,.T.);
#11004=DIRECTION('',(-0.449571,0.893245,0));
#11005=VECTOR('',#11004,0.166895);
#11006=LINE('',#882,#11005);
#11007=EDGE_CURVE('',#883,#891,#11006,.T.);
#11008=ORIENTED_EDGE('',*,*,#11007,.F.);
#11009=DIRECTION('',(-0.405246,0.914208,0));
#11010=VECTOR('',#11009,0.166874);
#11011=LINE('',#880,#11010);
#11012=EDGE_CURVE('',#881,#883,#11011,.T.);
#11013=ORIENTED_EDGE('',*,*,#11012,.F.);
#11014=DIRECTION('',(-0.359896,0.932993,0));
#11015=VECTOR('',#11014,0.166883);
#11016=LINE('',#878,#11015);
#11017=EDGE_CURVE('',#879,#881,#11016,.T.);
#11018=ORIENTED_EDGE('',*,*,#11017,.F.);
#11019=DIRECTION('',(-0.313699,0.949522,0));
#11020=VECTOR('',#11019,0.16687);
#11021=LINE('',#862,#11020);
#11022=EDGE_CURVE('',#863,#879,#11021,.T.);
#11023=ORIENTED_EDGE('',*,*,#11022,.F.);
#11024=DIRECTION('',(-0.266729,0.963772,0));
#11025=VECTOR('',#11024,0.166873);
#11026=LINE('',#860,#11025);
#11027=EDGE_CURVE('',#861,#863,#11026,.T.);
#11028=ORIENTED_EDGE('',*,*,#11027,.F.);
#11029=DIRECTION('',(-0.219071,0.975709,0));
#11030=VECTOR('',#11029,0.166896);
#11031=LINE('',#858,#11030);
#11032=EDGE_CURVE('',#859,#861,#11031,.T.);
#11033=ORIENTED_EDGE('',*,*,#11032,.F.);
#11034=DIRECTION('',(-0.170956,0.985279,0));
#11035=VECTOR('',#11034,0.166885);
#11036=LINE('',#856,#11035);
#11037=EDGE_CURVE('',#857,#859,#11036,.T.);
#11038=ORIENTED_EDGE('',*,*,#11037,.F.);
#11039=DIRECTION('',(-0.122425,0.992478,0));
#11040=VECTOR('',#11039,0.166874);
#11041=LINE('',#854,#11040);
#11042=EDGE_CURVE('',#855,#857,#11041,.T.);
#11043=ORIENTED_EDGE('',*,*,#11042,.F.);
#11044=DIRECTION('',(-0.073567,0.99729,0));
#11045=VECTOR('',#11044,0.166865);
#11046=LINE('',#852,#11045);
#11047=EDGE_CURVE('',#853,#855,#11046,.T.);
#11048=ORIENTED_EDGE('',*,*,#11047,.F.);
#11049=DIRECTION('',(-0.024538,0.999699,0));
#11050=VECTOR('',#11049,0.16689);
#11051=LINE('',#850,#11050);
#11052=EDGE_CURVE('',#851,#853,#11051,.T.);
#11053=ORIENTED_EDGE('',*,*,#11052,.F.);
#11054=DIRECTION('',(0,1,0));
#11055=VECTOR('',#11054,16);
#11056=LINE('',#276,#11055);
#11057=EDGE_CURVE('',#277,#851,#11056,.T.);
#11058=ORIENTED_EDGE('',*,*,#11057,.F.);
#11059=DIRECTION('',(0.024538,0.999699,0));
#11060=VECTOR('',#11059,0.16689);
#11061=LINE('',#274,#11060);
#11062=EDGE_CURVE('',#275,#277,#11061,.T.);
#11063=ORIENTED_EDGE('',*,*,#11062,.F.);
#11064=DIRECTION('',(0.073567,0.99729,0));
#11065=VECTOR('',#11064,0.166865);
#11066=LINE('',#272,#11065);
#11067=EDGE_CURVE('',#273,#275,#11066,.T.);
#11068=ORIENTED_EDGE('',*,*,#11067,.F.);
#11069=DIRECTION('',(0.122425,0.992478,0));
#11070=VECTOR('',#11069,0.166874);
#11071=LINE('',#270,#11070);
#11072=EDGE_CURVE('',#271,#273,#11071,.T.);
#11073=ORIENTED_EDGE('',*,*,#11072,.F.);
#11074=DIRECTION('',(0.170956,0.985279,0));
#11075=VECTOR('',#11074,0.166885);
#11076=LINE('',#268,#11075);
#11077=EDGE_CURVE('',#269,#271,#11076,.T.);
#11078=ORIENTED_EDGE('',*,*,#11077,.F.);
#11079=DIRECTION('',(0.219071,0.975709,0));
#11080=VECTOR('',#11079,0.166896);
#11081=LINE('',#266,#11080);
#11082=EDGE_CURVE('',#267,#269,#11081,.T.);
#11083=ORIENTED_EDGE('',*,*,#11082,.F.);
#11084=DIRECTION('',(0.266729,0.963772,0));
#11085=VECTOR('',#11084,0.166873);
#11086=LINE('',#264,#11085);
#11087=EDGE_CURVE('',#265,#267,#11086,.T.);
#11088=ORIENTED_EDGE('',*,*,#11087,.F.);
#11089=DIRECTION('',(0.313699,0.949522,0));
#11090=VECTOR('',#11089,0.16687);
#11091=LINE('',#262,#11090);
#11092=EDGE_CURVE('',#263,#265,#11091,.T.);
#11093=ORIENTED_EDGE('',*,*,#11092,.F.);
#11094=DIRECTION('',(0.359896,0.932993,0));
#11095=VECTOR('',#11094,0.166883);
#11096=LINE('',#260,#11095);
#11097=EDGE_CURVE('',#261,#263,#11096,.T.);
#11098=ORIENTED_EDGE('',*,*,#11097,.F.);
#11099=DIRECTION('',(0.405246,0.914208,0));
#11100=VECTOR('',#11099,0.166874);
#11101=LINE('',#258,#11100);
#11102=EDGE_CURVE('',#259,#261,#11101,.T.);
#11103=ORIENTED_EDGE('',*,*,#11102,.F.);
#11104=DIRECTION('',(0.449571,0.893245,0));
#11105=VECTOR('',#11104,0.166895);
#11106=LINE('',#256,#11105);
#11107=EDGE_CURVE('',#257,#259,#11106,.T.);
#11108=ORIENTED_EDGE('',*,*,#11107,.F.);
#11109=DIRECTION('',(0.492898,0.870087,0));
#11110=VECTOR('',#11109,0.166883);
#11111=LINE('',#254,#11110);
#11112=EDGE_CURVE('',#255,#257,#11111,.T.);
#11113=ORIENTED_EDGE('',*,*,#11112,.F.);
#11114=DIRECTION('',(0.534995,0.844855,0));
#11115=VECTOR('',#11114,0.166882);
#11116=LINE('',#252,#11115);
#11117=EDGE_CURVE('',#253,#255,#11116,.T.);
#11118=ORIENTED_EDGE('',*,*,#11117,.F.);
#11119=DIRECTION('',(0.57579,0.817597,0));
#11120=VECTOR('',#11119,0.166884);
#11121=LINE('',#250,#11120);
#11122=EDGE_CURVE('',#251,#253,#11121,.T.);
#11123=ORIENTED_EDGE('',*,*,#11122,.F.);
#11124=DIRECTION('',(0.615229,0.788349,0));
#11125=VECTOR('',#11124,0.166882);
#11126=LINE('',#248,#11125);
#11127=EDGE_CURVE('',#249,#251,#11126,.T.);
#11128=ORIENTED_EDGE('',*,*,#11127,.F.);
#11129=DIRECTION('',(0.653232,0.757158,0));
#11130=VECTOR('',#11129,0.166864);
#11131=LINE('',#246,#11130);
#11132=EDGE_CURVE('',#247,#249,#11131,.T.);
#11133=ORIENTED_EDGE('',*,*,#11132,.F.);
#11134=DIRECTION('',(0.689487,0.724298,0));
#11135=VECTOR('',#11134,0.166893);
#11136=LINE('',#244,#11135);
#11137=EDGE_CURVE('',#245,#247,#11136,.T.);
#11138=ORIENTED_EDGE('',*,*,#11137,.F.);
#11139=DIRECTION('',(0.724306,0.689478,0));
#11140=VECTOR('',#11139,0.166867);
#11141=LINE('',#242,#11140);
#11142=EDGE_CURVE('',#243,#245,#11141,.T.);
#11143=ORIENTED_EDGE('',*,*,#11142,.F.);
#11144=DIRECTION('',(0.757189,0.653196,0));
#11145=VECTOR('',#11144,0.166885);
#11146=LINE('',#240,#11145);
#11147=EDGE_CURVE('',#241,#243,#11146,.T.);
#11148=ORIENTED_EDGE('',*,*,#11147,.F.);
#11149=DIRECTION('',(0.788372,0.615199,0));
#11150=VECTOR('',#11149,0.166875);
#11151=LINE('',#238,#11150);
#11152=EDGE_CURVE('',#239,#241,#11151,.T.);
#11153=ORIENTED_EDGE('',*,*,#11152,.F.);
#11154=DIRECTION('',(0.817559,0.575845,0));
#11155=VECTOR('',#11154,0.166885);
#11156=LINE('',#236,#11155);
#11157=EDGE_CURVE('',#237,#239,#11156,.T.);
#11158=ORIENTED_EDGE('',*,*,#11157,.F.);
#11159=DIRECTION('',(0.844816,0.535057,0));
#11160=VECTOR('',#11159,0.166888);
#11161=LINE('',#192,#11160);
#11162=EDGE_CURVE('',#193,#237,#11161,.T.);
#11163=ORIENTED_EDGE('',*,*,#11162,.F.);
#11164=DIRECTION('',(0.870114,0.492851,0));
#11165=VECTOR('',#11164,0.166876);
#11166=LINE('',#190,#11165);
#11167=EDGE_CURVE('',#191,#193,#11166,.T.);
#11168=ORIENTED_EDGE('',*,*,#11167,.F.);
#11169=DIRECTION('',(0.893196,0.449667,0));
#11170=VECTOR('',#11169,0.166885);
#11171=LINE('',#188,#11170);
#11172=EDGE_CURVE('',#189,#191,#11171,.T.);
#11173=ORIENTED_EDGE('',*,*,#11172,.F.);
#11174=DIRECTION('',(0.914209,0.405243,0));
#11175=VECTOR('',#11174,0.16688);
#11176=LINE('',#186,#11175);
#11177=EDGE_CURVE('',#187,#189,#11176,.T.);
#11178=ORIENTED_EDGE('',*,*,#11177,.F.);
#11179=DIRECTION('',(0.932995,0.35989,0));
#11180=VECTOR('',#11179,0.166881);
#11181=LINE('',#184,#11180);
#11182=EDGE_CURVE('',#185,#187,#11181,.T.);
#11183=ORIENTED_EDGE('',*,*,#11182,.F.);
#11184=DIRECTION('',(0.949546,0.313627,0));
#11185=VECTOR('',#11184,0.166878);
#11186=LINE('',#182,#11185);
#11187=EDGE_CURVE('',#183,#185,#11186,.T.);
#11188=ORIENTED_EDGE('',*,*,#11187,.F.);
#11189=DIRECTION('',(0.963798,0.266632,0));
#11190=VECTOR('',#11189,0.166876);
#11191=LINE('',#180,#11190);
#11192=EDGE_CURVE('',#181,#183,#11191,.T.);
#11193=ORIENTED_EDGE('',*,*,#11192,.F.);
#11194=DIRECTION('',(0.975707,0.219082,0));
#11195=VECTOR('',#11194,0.166879);
#11196=LINE('',#178,#11195);
#11197=EDGE_CURVE('',#179,#181,#11196,.T.);
#11198=ORIENTED_EDGE('',*,*,#11197,.F.);
#11199=DIRECTION('',(0.985274,0.170984,0));
#11200=VECTOR('',#11199,0.166881);
#11201=LINE('',#176,#11200);
#11202=EDGE_CURVE('',#177,#179,#11201,.T.);
#11203=ORIENTED_EDGE('',*,*,#11202,.F.);
#11204=DIRECTION('',(0.992466,0.122521,0));
#11205=VECTOR('',#11204,0.166884);
#11206=LINE('',#174,#11205);
#11207=EDGE_CURVE('',#175,#177,#11206,.T.);
#11208=ORIENTED_EDGE('',*,*,#11207,.F.);
#11209=DIRECTION('',(0.997294,0.073515,0));
#11210=VECTOR('',#11209,0.166879);
#11211=LINE('',#172,#11210);
#11212=EDGE_CURVE('',#173,#175,#11211,.T.);
#11213=ORIENTED_EDGE('',*,*,#11212,.F.);
#11214=DIRECTION('',(0.9997,0.024505,0));
#11215=VECTOR('',#11214,0.16688);
#11216=LINE('',#170,#11215);
#11217=EDGE_CURVE('',#171,#173,#11216,.T.);
#11218=ORIENTED_EDGE('',*,*,#11217,.F.);
#11219=DIRECTION('',(0.9997,-0.024505,0));
#11220=VECTOR('',#11219,0.16688);
#11221=LINE('',#168,#11220);
#11222=EDGE_CURVE('',#169,#171,#11221,.T.);
#11223=ORIENTED_EDGE('',*,*,#11222,.F.);
#11224=DIRECTION('',(0.997294,-0.073515,0));
#11225=VECTOR('',#11224,0.166879);
#11226=LINE('',#162,#11225);
#11227=EDGE_CURVE('',#163,#169,#11226,.T.);
#11228=ORIENTED_EDGE('',*,*,#11227,.F.);
#11229=DIRECTION('',(0.992466,-0.122521,0));
#11230=VECTOR('',#11229,0.166884);
#11231=LINE('',#160,#11230);
#11232=EDGE_CURVE('',#161,#163,#11231,.T.);
#11233=ORIENTED_EDGE('',*,*,#11232,.F.);
#11234=DIRECTION('',(0.985274,-0.170984,0));
#11235=VECTOR('',#11234,0.166881);
#11236=LINE('',#158,#11235);
#11237=EDGE_CURVE('',#159,#161,#11236,.T.);
#11238=ORIENTED_EDGE('',*,*,#11237,.F.);
#11239=DIRECTION('',(0.975707,-0.219082,0));
#11240=VECTOR('',#11239,0.166879);
#11241=LINE('',#156,#11240);
#11242=EDGE_CURVE('',#157,#159,#11241,.T.);
#11243=ORIENTED_EDGE('',*,*,#11242,.F.);
#11244=DIRECTION('',(-0.963798,0.266632,0));
#11245=VECTOR('',#11244,0.166876);
#11246=LINE('',#156,#11245);
#11247=EDGE_CURVE('',#157,#167,#11246,.T.);
#11248=ORIENTED_EDGE('',*,*,#11247,.T.);
#11249=DIRECTION('',(0.949546,-0.313627,0));
#11250=VECTOR('',#11249,0.166878);
#11251=LINE('',#164,#11250);
#11252=EDGE_CURVE('',#165,#167,#11251,.T.);
#11253=ORIENTED_EDGE('',*,*,#11252,.F.);
#11254=DIRECTION('',(0.932995,-0.35989,0));
#11255=VECTOR('',#11254,0.166881);
#11256=LINE('',#154,#11255);
#11257=EDGE_CURVE('',#155,#165,#11256,.T.);
#11258=ORIENTED_EDGE('',*,*,#11257,.F.);
#11259=DIRECTION('',(0.914209,-0.405243,0));
#11260=VECTOR('',#11259,0.16688);
#11261=LINE('',#152,#11260);
#11262=EDGE_CURVE('',#153,#155,#11261,.T.);
#11263=ORIENTED_EDGE('',*,*,#11262,.F.);
#11264=DIRECTION('',(0.893196,-0.449667,0));
#11265=VECTOR('',#11264,0.166885);
#11266=LINE('',#150,#11265);
#11267=EDGE_CURVE('',#151,#153,#11266,.T.);
#11268=ORIENTED_EDGE('',*,*,#11267,.F.);
#11269=DIRECTION('',(0.870114,-0.492851,0));
#11270=VECTOR('',#11269,0.166876);
#11271=LINE('',#148,#11270);
#11272=EDGE_CURVE('',#149,#151,#11271,.T.);
#11273=ORIENTED_EDGE('',*,*,#11272,.F.);
#11274=DIRECTION('',(0.844816,-0.535057,0));
#11275=VECTOR('',#11274,0.166888);
#11276=LINE('',#146,#11275);
#11277=EDGE_CURVE('',#147,#149,#11276,.T.);
#11278=ORIENTED_EDGE('',*,*,#11277,.F.);
#11279=DIRECTION('',(0.817559,-0.575845,0));
#11280=VECTOR('',#11279,0.166885);
#11281=LINE('',#144,#11280);
#11282=EDGE_CURVE('',#145,#147,#11281,.T.);
#11283=ORIENTED_EDGE('',*,*,#11282,.F.);
#11284=DIRECTION('',(0.788372,-0.615199,0));
#11285=VECTOR('',#11284,0.166875);
#11286=LINE('',#112,#11285);
#11287=EDGE_CURVE('',#113,#145,#11286,.T.);
#11288=ORIENTED_EDGE('',*,*,#11287,.F.);
#11289=DIRECTION('',(0.757189,-0.653196,0));
#11290=VECTOR('',#11289,0.166885);
#11291=LINE('',#110,#11290);
#11292=EDGE_CURVE('',#111,#113,#11291,.T.);
#11293=ORIENTED_EDGE('',*,*,#11292,.F.);
#11294=DIRECTION('',(0.724306,-0.689478,0));
#11295=VECTOR('',#11294,0.166867);
#11296=LINE('',#108,#11295);
#11297=EDGE_CURVE('',#109,#111,#11296,.T.);
#11298=ORIENTED_EDGE('',*,*,#11297,.F.);
#11299=DIRECTION('',(0.689487,-0.724298,0));
#11300=VECTOR('',#11299,0.166893);
#11301=LINE('',#106,#11300);
#11302=EDGE_CURVE('',#107,#109,#11301,.T.);
#11303=ORIENTED_EDGE('',*,*,#11302,.F.);
#11304=DIRECTION('',(-0.653232,0.757158,0));
#11305=VECTOR('',#11304,0.166864);
#11306=LINE('',#106,#11305);
#11307=EDGE_CURVE('',#107,#135,#11306,.T.);
#11308=ORIENTED_EDGE('',*,*,#11307,.T.);
#11309=DIRECTION('',(0.615229,-0.788349,0));
#11310=VECTOR('',#11309,0.166882);
#11311=LINE('',#132,#11310);
#11312=EDGE_CURVE('',#133,#135,#11311,.T.);
#11313=ORIENTED_EDGE('',*,*,#11312,.F.);
#11314=DIRECTION('',(-0.57579,0.817597,0));
#11315=VECTOR('',#11314,0.166884);
#11316=LINE('',#132,#11315);
#11317=EDGE_CURVE('',#133,#137,#11316,.T.);
#11318=ORIENTED_EDGE('',*,*,#11317,.T.);
#11319=DIRECTION('',(0.534995,-0.844855,0));
#11320=VECTOR('',#11319,0.166882);
#11321=LINE('',#130,#11320);
#11322=EDGE_CURVE('',#131,#137,#11321,.T.);
#11323=ORIENTED_EDGE('',*,*,#11322,.F.);
#11324=DIRECTION('',(-0.492898,0.870087,0));
#11325=VECTOR('',#11324,0.166883);
#11326=LINE('',#130,#11325);
#11327=EDGE_CURVE('',#131,#139,#11326,.T.);
#11328=ORIENTED_EDGE('',*,*,#11327,.T.);
#11329=DIRECTION('',(-0.449571,0.893245,0));
#11330=VECTOR('',#11329,0.166895);
#11331=LINE('',#138,#11330);
#11332=EDGE_CURVE('',#139,#141,#11331,.T.);
#11333=ORIENTED_EDGE('',*,*,#11332,.T.);
#11334=DIRECTION('',(0.405246,-0.914208,0));
#11335=VECTOR('',#11334,0.166874);
#11336=LINE('',#114,#11335);
#11337=EDGE_CURVE('',#115,#141,#11336,.T.);
#11338=ORIENTED_EDGE('',*,*,#11337,.F.);
#11339=DIRECTION('',(-0.359896,0.932993,0));
#11340=VECTOR('',#11339,0.166883);
#11341=LINE('',#114,#11340);
#11342=EDGE_CURVE('',#115,#117,#11341,.T.);
#11343=ORIENTED_EDGE('',*,*,#11342,.T.);
#11344=DIRECTION('',(-0.313699,0.949522,0));
#11345=VECTOR('',#11344,0.16687);
#11346=LINE('',#116,#11345);
#11347=EDGE_CURVE('',#117,#119,#11346,.T.);
#11348=ORIENTED_EDGE('',*,*,#11347,.T.);
#11349=DIRECTION('',(-0.266729,0.963772,0));
#11350=VECTOR('',#11349,0.166873);
#11351=LINE('',#118,#11350);
#11352=EDGE_CURVE('',#119,#121,#11351,.T.);
#11353=ORIENTED_EDGE('',*,*,#11352,.T.);
#11354=DIRECTION('',(-0.219071,0.975709,0));
#11355=VECTOR('',#11354,0.166896);
#11356=LINE('',#120,#11355);
#11357=EDGE_CURVE('',#121,#123,#11356,.T.);
#11358=ORIENTED_EDGE('',*,*,#11357,.T.);
#11359=DIRECTION('',(-0.170956,0.985279,0));
#11360=VECTOR('',#11359,0.166885);
#11361=LINE('',#122,#11360);
#11362=EDGE_CURVE('',#123,#125,#11361,.T.);
#11363=ORIENTED_EDGE('',*,*,#11362,.T.);
#11364=DIRECTION('',(-0.122425,0.992478,0));
#11365=VECTOR('',#11364,0.166874);
#11366=LINE('',#124,#11365);
#11367=EDGE_CURVE('',#125,#127,#11366,.T.);
#11368=ORIENTED_EDGE('',*,*,#11367,.T.);
#11369=DIRECTION('',(-0.073567,0.99729,0));
#11370=VECTOR('',#11369,0.166865);
#11371=LINE('',#126,#11370);
#11372=EDGE_CURVE('',#127,#129,#11371,.T.);
#11373=ORIENTED_EDGE('',*,*,#11372,.T.);
#11374=DIRECTION('',(-0.024538,0.999699,0));
#11375=VECTOR('',#11374,0.16689);
#11376=LINE('',#128,#11375);
#11377=EDGE_CURVE('',#129,#143,#11376,.T.);
#11378=ORIENTED_EDGE('',*,*,#11377,.T.);
#11379=DIRECTION('',(0,1,0));
#11380=VECTOR('',#11379,16);
#11381=LINE('',#142,#11380);
#11382=EDGE_CURVE('',#143,#751,#11381,.T.);
#11383=ORIENTED_EDGE('',*,*,#11382,.T.);
#11384=DIRECTION('',(0.024538,0.999699,0));
#11385=VECTOR('',#11384,0.16689);
#11386=LINE('',#750,#11385);
#11387=EDGE_CURVE('',#751,#753,#11386,.T.);
#11388=ORIENTED_EDGE('',*,*,#11387,.T.);
#11389=DIRECTION('',(0.073567,0.99729,0));
#11390=VECTOR('',#11389,0.166865);
#11391=LINE('',#752,#11390);
#11392=EDGE_CURVE('',#753,#755,#11391,.T.);
#11393=ORIENTED_EDGE('',*,*,#11392,.T.);
#11394=DIRECTION('',(0.122425,0.992478,0));
#11395=VECTOR('',#11394,0.166874);
#11396=LINE('',#754,#11395);
#11397=EDGE_CURVE('',#755,#757,#11396,.T.);
#11398=ORIENTED_EDGE('',*,*,#11397,.T.);
#11399=DIRECTION('',(0.170956,0.985279,0));
#11400=VECTOR('',#11399,0.166885);
#11401=LINE('',#756,#11400);
#11402=EDGE_CURVE('',#757,#759,#11401,.T.);
#11403=ORIENTED_EDGE('',*,*,#11402,.T.);
#11404=DIRECTION('',(0.219071,0.975709,0));
#11405=VECTOR('',#11404,0.166896);
#11406=LINE('',#758,#11405);
#11407=EDGE_CURVE('',#759,#761,#11406,.T.);
#11408=ORIENTED_EDGE('',*,*,#11407,.T.);
#11409=DIRECTION('',(0.266729,0.963772,0));
#11410=VECTOR('',#11409,0.166873);
#11411=LINE('',#760,#11410);
#11412=EDGE_CURVE('',#761,#763,#11411,.T.);
#11413=ORIENTED_EDGE('',*,*,#11412,.T.);
#11414=DIRECTION('',(0.313699,0.949522,0));
#11415=VECTOR('',#11414,0.16687);
#11416=LINE('',#762,#11415);
#11417=EDGE_CURVE('',#763,#765,#11416,.T.);
#11418=ORIENTED_EDGE('',*,*,#11417,.T.);
#11419=DIRECTION('',(0.359896,0.932993,0));
#11420=VECTOR('',#11419,0.166883);
#11421=LINE('',#764,#11420);
#11422=EDGE_CURVE('',#765,#767,#11421,.T.);
#11423=ORIENTED_EDGE('',*,*,#11422,.T.);
#11424=DIRECTION('',(0.405246,0.914208,0));
#11425=VECTOR('',#11424,0.166874);
#11426=LINE('',#766,#11425);
#11427=EDGE_CURVE('',#767,#769,#11426,.T.);
#11428=ORIENTED_EDGE('',*,*,#11427,.T.);
#11429=DIRECTION('',(0.449571,0.893245,0));
#11430=VECTOR('',#11429,0.166895);
#11431=LINE('',#768,#11430);
#11432=EDGE_CURVE('',#769,#771,#11431,.T.);
#11433=ORIENTED_EDGE('',*,*,#11432,.T.);
#11434=EDGE_LOOP('',(#10788,#10793,#10798,#10803,#10808,#10813,#10818,#10823,#10828,#10833,#10838,#10843,#10848,#10853,#10858,#10863,#10868,#10873,#10878,#10883,#10888,#10893,#10898,#10903,#10908,#10913,#10918,#10923,#10928,#10933,#10938,#10943,#10948,#10953,#10958,#10963,#10968,#10973,#10978,#10983,#10988,#10993,#10998,#11003,#11008,#11013,#11018,#11023,#11028,#11033,#11038,#11043,#11048,#11053,#11058,#11063,#11068,#11073,#11078,#11083,#11088,#11093,#11098,#11103,#11108,#11113,#11118,#11123,#11128,#11133,#11138,#11143,#11148,#11153,#11158,#11163,#11168,#11173,#11178,#11183,#11188,#11193,#11198,#11203,#11208,#11213,#11218,#11223,#11228,#11233,#11238,#11243,#11248,#11253,#11258,#11263,#11268,#11273,#11278,#11283,#11288,#11293,#11298,#11303,#11308,#11313,#11318,#11323,#11328,#11333,#11338,#11343,#11348,#11353,#11358,#11363,#11368,#11373,#11378,#11383,#11388,#11393,#11398,#11403,#11408,#11413,#11418,#11423,#11428,#11433));
#11435=FACE_BOUND('',#11434,.T.);
#11436=ADVANCED_FACE('',(#10783,#11435),#10773,.T.);
#11437=DIRECTION('',(1,0,0));
#11438=DIRECTION('',(0,0,-1));
#11439=AXIS2_PLACEMENT_3D('',#2068,#11437,#11438);
#11440=PLANE('',#11439);
#11441=ORIENTED_EDGE('',*,*,#10113,.F.);
#11442=ORIENTED_EDGE('',*,*,#2168,.F.);
#11443=ORIENTED_EDGE('',*,*,#8772,.T.);
#11444=ORIENTED_EDGE('',*,*,#2592,.T.);
#11445=EDGE_LOOP('',(#11441,#11442,#11443,#11444));
#11446=FACE_OUTER_BOUND('',#11445,.T.);
#11447=ADVANCED_FACE('',(#11446),#11440,.T.);
#11448=DIRECTION('',(0.724298,0.689487,-0));
#11449=DIRECTION('',(-0,0,1));
#11450=AXIS2_PLACEMENT_3D('',#1260,#11448,#11449);
#11451=PLANE('',#11450);
#11452=ORIENTED_EDGE('',*,*,#9347,.F.);
#11453=DIRECTION('',(0,0,1));
#11454=VECTOR('',#11453,5);
#11455=LINE('',#1256,#11454);
#11456=EDGE_CURVE('',#1257,#1299,#11455,.T.);
#11457=ORIENTED_EDGE('',*,*,#11456,.T.);
#11458=ORIENTED_EDGE('',*,*,#10170,.T.);
#11459=DIRECTION('',(0,0,1));
#11460=VECTOR('',#11459,5);
#11461=LINE('',#1260,#11460);
#11462=EDGE_CURVE('',#1261,#1303,#11461,.T.);
#11463=ORIENTED_EDGE('',*,*,#11462,.F.);
#11464=EDGE_LOOP('',(#11452,#11457,#11458,#11463));
#11465=FACE_OUTER_BOUND('',#11464,.T.);
#11466=ADVANCED_FACE('',(#11465),#11451,.T.);
#11467=DIRECTION('',(0.757158,0.653232,0));
#11468=DIRECTION('',(0,0,1));
#11469=AXIS2_PLACEMENT_3D('',#1298,#11467,#11468);
#11470=PLANE('',#11469);
#11471=ORIENTED_EDGE('',*,*,#11456,.F.);
#11472=ORIENTED_EDGE('',*,*,#9342,.T.);
#11473=DIRECTION('',(0,0,1));
#11474=VECTOR('',#11473,5);
#11475=LINE('',#1294,#11474);
#11476=EDGE_CURVE('',#1295,#1337,#11475,.T.);
#11477=ORIENTED_EDGE('',*,*,#11476,.T.);
#11478=ORIENTED_EDGE('',*,*,#10175,.F.);
#11479=EDGE_LOOP('',(#11471,#11472,#11477,#11478));
#11480=FACE_OUTER_BOUND('',#11479,.T.);
#11481=ADVANCED_FACE('',(#11480),#11470,.T.);
#11482=DIRECTION('',(0.653196,0.757189,-0));
#11483=DIRECTION('',(-0,0,1));
#11484=AXIS2_PLACEMENT_3D('',#1258,#11482,#11483);
#11485=PLANE('',#11484);
#11486=DIRECTION('',(0,0,1));
#11487=VECTOR('',#11486,5);
#11488=LINE('',#1258,#11487);
#11489=EDGE_CURVE('',#1259,#1301,#11488,.T.);
#11490=ORIENTED_EDGE('',*,*,#11489,.T.);
#11491=ORIENTED_EDGE('',*,*,#10160,.T.);
#11492=DIRECTION('',(0,0,1));
#11493=VECTOR('',#11492,5);
#11494=LINE('',#1266,#11493);
#11495=EDGE_CURVE('',#1267,#1309,#11494,.T.);
#11496=ORIENTED_EDGE('',*,*,#11495,.F.);
#11497=ORIENTED_EDGE('',*,*,#9357,.F.);
#11498=EDGE_LOOP('',(#11490,#11491,#11496,#11497));
#11499=FACE_OUTER_BOUND('',#11498,.T.);
#11500=ADVANCED_FACE('',(#11499),#11485,.T.);
#11501=DIRECTION('',(0.689478,0.724306,0));
#11502=DIRECTION('',(0,0,1));
#11503=AXIS2_PLACEMENT_3D('',#1260,#11501,#11502);
#11504=PLANE('',#11503);
#11505=ORIENTED_EDGE('',*,*,#11462,.T.);
#11506=ORIENTED_EDGE('',*,*,#10165,.F.);
#11507=ORIENTED_EDGE('',*,*,#11489,.F.);
#11508=ORIENTED_EDGE('',*,*,#9352,.T.);
#11509=EDGE_LOOP('',(#11505,#11506,#11507,#11508));
#11510=FACE_OUTER_BOUND('',#11509,.T.);
#11511=ADVANCED_FACE('',(#11510),#11504,.T.);
#11512=DIRECTION('',(0.575845,0.817559,-0));
#11513=DIRECTION('',(-0,0,1));
#11514=AXIS2_PLACEMENT_3D('',#1306,#11512,#11513);
#11515=PLANE('',#11514);
#11516=DIRECTION('',(0,0,1));
#11517=VECTOR('',#11516,5);
#11518=LINE('',#1264,#11517);
#11519=EDGE_CURVE('',#1265,#1307,#11518,.T.);
#11520=ORIENTED_EDGE('',*,*,#11519,.F.);
#11521=ORIENTED_EDGE('',*,*,#9367,.F.);
#11522=DIRECTION('',(0,0,1));
#11523=VECTOR('',#11522,5);
#11524=LINE('',#1262,#11523);
#11525=EDGE_CURVE('',#1263,#1305,#11524,.T.);
#11526=ORIENTED_EDGE('',*,*,#11525,.T.);
#11527=ORIENTED_EDGE('',*,*,#10150,.T.);
#11528=EDGE_LOOP('',(#11520,#11521,#11526,#11527));
#11529=FACE_OUTER_BOUND('',#11528,.T.);
#11530=ADVANCED_FACE('',(#11529),#11515,.T.);
#11531=DIRECTION('',(0.535057,0.844816,-0));
#11532=DIRECTION('',(-0,0,1));
#11533=AXIS2_PLACEMENT_3D('',#1432,#11531,#11532);
#11534=PLANE('',#11533);
#11535=DIRECTION('',(0,0,1));
#11536=VECTOR('',#11535,5);
#11537=LINE('',#1344,#11536);
#11538=EDGE_CURVE('',#1345,#1433,#11537,.T.);
#11539=ORIENTED_EDGE('',*,*,#11538,.F.);
#11540=ORIENTED_EDGE('',*,*,#9372,.F.);
#11541=ORIENTED_EDGE('',*,*,#11519,.T.);
#11542=ORIENTED_EDGE('',*,*,#10145,.T.);
#11543=EDGE_LOOP('',(#11539,#11540,#11541,#11542));
#11544=FACE_OUTER_BOUND('',#11543,.T.);
#11545=ADVANCED_FACE('',(#11544),#11534,.T.);
#11546=DIRECTION('',(0.615199,0.788372,0));
#11547=DIRECTION('',(0,0,1));
#11548=AXIS2_PLACEMENT_3D('',#1266,#11546,#11547);
#11549=PLANE('',#11548);
#11550=ORIENTED_EDGE('',*,*,#11495,.T.);
#11551=ORIENTED_EDGE('',*,*,#10155,.F.);
#11552=ORIENTED_EDGE('',*,*,#11525,.F.);
#11553=ORIENTED_EDGE('',*,*,#9362,.T.);
#11554=EDGE_LOOP('',(#11550,#11551,#11552,#11553));
#11555=FACE_OUTER_BOUND('',#11554,.T.);
#11556=ADVANCED_FACE('',(#11555),#11549,.T.);
#11557=DIRECTION('',(0.870087,0.492898,0));
#11558=DIRECTION('',(0,0,1));
#11559=AXIS2_PLACEMENT_3D('',#1274,#11557,#11558);
#11560=PLANE('',#11559);
#11561=DIRECTION('',(0,0,1));
#11562=VECTOR('',#11561,5);
#11563=LINE('',#1274,#11562);
#11564=EDGE_CURVE('',#1275,#1317,#11563,.T.);
#11565=ORIENTED_EDGE('',*,*,#11564,.T.);
#11566=ORIENTED_EDGE('',*,*,#10195,.F.);
#11567=DIRECTION('',(0,0,1));
#11568=VECTOR('',#11567,5);
#11569=LINE('',#1270,#11568);
#11570=EDGE_CURVE('',#1271,#1313,#11569,.T.);
#11571=ORIENTED_EDGE('',*,*,#11570,.F.);
#11572=ORIENTED_EDGE('',*,*,#9322,.T.);
#11573=EDGE_LOOP('',(#11565,#11566,#11571,#11572));
#11574=FACE_OUTER_BOUND('',#11573,.T.);
#11575=ADVANCED_FACE('',(#11574),#11560,.T.);
#11576=DIRECTION('',(0.817597,0.57579,0));
#11577=DIRECTION('',(0,0,1));
#11578=AXIS2_PLACEMENT_3D('',#1310,#11576,#11577);
#11579=PLANE('',#11578);
#11580=DIRECTION('',(0,0,1));
#11581=VECTOR('',#11580,5);
#11582=LINE('',#1268,#11581);
#11583=EDGE_CURVE('',#1269,#1311,#11582,.T.);
#11584=ORIENTED_EDGE('',*,*,#11583,.F.);
#11585=ORIENTED_EDGE('',*,*,#9332,.T.);
#11586=DIRECTION('',(0,0,1));
#11587=VECTOR('',#11586,5);
#11588=LINE('',#1272,#11587);
#11589=EDGE_CURVE('',#1273,#1315,#11588,.T.);
#11590=ORIENTED_EDGE('',*,*,#11589,.T.);
#11591=ORIENTED_EDGE('',*,*,#10185,.F.);
#11592=EDGE_LOOP('',(#11584,#11585,#11590,#11591));
#11593=FACE_OUTER_BOUND('',#11592,.T.);
#11594=ADVANCED_FACE('',(#11593),#11579,.T.);
#11595=DIRECTION('',(0.844855,0.534995,-0));
#11596=DIRECTION('',(-0,0,1));
#11597=AXIS2_PLACEMENT_3D('',#1312,#11595,#11596);
#11598=PLANE('',#11597);
#11599=ORIENTED_EDGE('',*,*,#10190,.T.);
#11600=ORIENTED_EDGE('',*,*,#11589,.F.);
#11601=ORIENTED_EDGE('',*,*,#9327,.F.);
#11602=ORIENTED_EDGE('',*,*,#11570,.T.);
#11603=EDGE_LOOP('',(#11599,#11600,#11601,#11602));
#11604=FACE_OUTER_BOUND('',#11603,.T.);
#11605=ADVANCED_FACE('',(#11604),#11598,.T.);
#11606=DIRECTION('',(0.893245,0.449571,0));
#11607=DIRECTION('',(0,0,1));
#11608=AXIS2_PLACEMENT_3D('',#1318,#11606,#11607);
#11609=PLANE('',#11608);
#11610=ORIENTED_EDGE('',*,*,#10200,.F.);
#11611=ORIENTED_EDGE('',*,*,#11564,.F.);
#11612=ORIENTED_EDGE('',*,*,#9317,.T.);
#11613=DIRECTION('',(0,0,1));
#11614=VECTOR('',#11613,5);
#11615=LINE('',#1276,#11614);
#11616=EDGE_CURVE('',#1277,#1319,#11615,.T.);
#11617=ORIENTED_EDGE('',*,*,#11616,.T.);
#11618=EDGE_LOOP('',(#11610,#11611,#11612,#11617));
#11619=FACE_OUTER_BOUND('',#11618,.T.);
#11620=ADVANCED_FACE('',(#11619),#11609,.T.);
#11621=DIRECTION('',(0.914208,0.405246,0));
#11622=DIRECTION('',(0,0,-1));
#11623=AXIS2_PLACEMENT_3D('',#1320,#11621,#11622);
#11624=PLANE('',#11623);
#11625=ORIENTED_EDGE('',*,*,#10205,.F.);
#11626=ORIENTED_EDGE('',*,*,#11616,.F.);
#11627=ORIENTED_EDGE('',*,*,#9312,.T.);
#11628=DIRECTION('',(0,0,1));
#11629=VECTOR('',#11628,5);
#11630=LINE('',#1278,#11629);
#11631=EDGE_CURVE('',#1279,#1321,#11630,.T.);
#11632=ORIENTED_EDGE('',*,*,#11631,.T.);
#11633=EDGE_LOOP('',(#11625,#11626,#11627,#11632));
#11634=FACE_OUTER_BOUND('',#11633,.T.);
#11635=ADVANCED_FACE('',(#11634),#11624,.T.);
#11636=DIRECTION('',(0.932993,0.359896,0));
#11637=DIRECTION('',(0,0,-1));
#11638=AXIS2_PLACEMENT_3D('',#1280,#11636,#11637);
#11639=PLANE('',#11638);
#11640=DIRECTION('',(0,0,1));
#11641=VECTOR('',#11640,5);
#11642=LINE('',#1280,#11641);
#11643=EDGE_CURVE('',#1281,#1323,#11642,.T.);
#11644=ORIENTED_EDGE('',*,*,#11643,.T.);
#11645=ORIENTED_EDGE('',*,*,#10210,.F.);
#11646=ORIENTED_EDGE('',*,*,#11631,.F.);
#11647=ORIENTED_EDGE('',*,*,#9307,.T.);
#11648=EDGE_LOOP('',(#11644,#11645,#11646,#11647));
#11649=FACE_OUTER_BOUND('',#11648,.T.);
#11650=ADVANCED_FACE('',(#11649),#11639,.T.);
#11651=DIRECTION('',(0.949522,0.313699,0));
#11652=DIRECTION('',(0,0,-1));
#11653=AXIS2_PLACEMENT_3D('',#1280,#11651,#11652);
#11654=PLANE('',#11653);
#11655=ORIENTED_EDGE('',*,*,#9302,.T.);
#11656=DIRECTION('',(0,0,1));
#11657=VECTOR('',#11656,5);
#11658=LINE('',#1282,#11657);
#11659=EDGE_CURVE('',#1283,#1325,#11658,.T.);
#11660=ORIENTED_EDGE('',*,*,#11659,.T.);
#11661=ORIENTED_EDGE('',*,*,#10215,.F.);
#11662=ORIENTED_EDGE('',*,*,#11643,.F.);
#11663=EDGE_LOOP('',(#11655,#11660,#11661,#11662));
#11664=FACE_OUTER_BOUND('',#11663,.T.);
#11665=ADVANCED_FACE('',(#11664),#11654,.T.);
#11666=DIRECTION('',(0.963772,0.266729,0));
#11667=DIRECTION('',(0,0,-1));
#11668=AXIS2_PLACEMENT_3D('',#1282,#11666,#11667);
#11669=PLANE('',#11668);
#11670=ORIENTED_EDGE('',*,*,#9297,.T.);
#11671=DIRECTION('',(0,0,1));
#11672=VECTOR('',#11671,5);
#11673=LINE('',#1286,#11672);
#11674=EDGE_CURVE('',#1287,#1329,#11673,.T.);
#11675=ORIENTED_EDGE('',*,*,#11674,.T.);
#11676=ORIENTED_EDGE('',*,*,#10220,.F.);
#11677=ORIENTED_EDGE('',*,*,#11659,.F.);
#11678=EDGE_LOOP('',(#11670,#11675,#11676,#11677));
#11679=FACE_OUTER_BOUND('',#11678,.T.);
#11680=ADVANCED_FACE('',(#11679),#11669,.T.);
#11681=DIRECTION('',(0.975709,0.219071,-0));
#11682=DIRECTION('',(-0,0,-1));
#11683=AXIS2_PLACEMENT_3D('',#1328,#11681,#11682);
#11684=PLANE('',#11683);
#11685=ORIENTED_EDGE('',*,*,#11674,.F.);
#11686=ORIENTED_EDGE('',*,*,#9292,.F.);
#11687=DIRECTION('',(0,0,1));
#11688=VECTOR('',#11687,5);
#11689=LINE('',#1284,#11688);
#11690=EDGE_CURVE('',#1285,#1327,#11689,.T.);
#11691=ORIENTED_EDGE('',*,*,#11690,.T.);
#11692=ORIENTED_EDGE('',*,*,#10225,.T.);
#11693=EDGE_LOOP('',(#11685,#11686,#11691,#11692));
#11694=FACE_OUTER_BOUND('',#11693,.T.);
#11695=ADVANCED_FACE('',(#11694),#11684,.T.);
#11696=DIRECTION('',(0.985279,0.170956,0));
#11697=DIRECTION('',(0,0,-1));
#11698=AXIS2_PLACEMENT_3D('',#1330,#11696,#11697);
#11699=PLANE('',#11698);
#11700=ORIENTED_EDGE('',*,*,#10230,.F.);
#11701=ORIENTED_EDGE('',*,*,#11690,.F.);
#11702=ORIENTED_EDGE('',*,*,#9287,.T.);
#11703=DIRECTION('',(0,0,1));
#11704=VECTOR('',#11703,5);
#11705=LINE('',#1288,#11704);
#11706=EDGE_CURVE('',#1289,#1331,#11705,.T.);
#11707=ORIENTED_EDGE('',*,*,#11706,.T.);
#11708=EDGE_LOOP('',(#11700,#11701,#11702,#11707));
#11709=FACE_OUTER_BOUND('',#11708,.T.);
#11710=ADVANCED_FACE('',(#11709),#11699,.T.);
#11711=DIRECTION('',(0.992478,0.122425,0));
#11712=DIRECTION('',(0,0,-1));
#11713=AXIS2_PLACEMENT_3D('',#1332,#11711,#11712);
#11714=PLANE('',#11713);
#11715=ORIENTED_EDGE('',*,*,#10235,.F.);
#11716=ORIENTED_EDGE('',*,*,#11706,.F.);
#11717=ORIENTED_EDGE('',*,*,#9282,.T.);
#11718=DIRECTION('',(0,0,1));
#11719=VECTOR('',#11718,5);
#11720=LINE('',#1290,#11719);
#11721=EDGE_CURVE('',#1291,#1333,#11720,.T.);
#11722=ORIENTED_EDGE('',*,*,#11721,.T.);
#11723=EDGE_LOOP('',(#11715,#11716,#11717,#11722));
#11724=FACE_OUTER_BOUND('',#11723,.T.);
#11725=ADVANCED_FACE('',(#11724),#11714,.T.);
#11726=DIRECTION('',(0.99729,0.073567,0));
#11727=DIRECTION('',(0,0,-1));
#11728=AXIS2_PLACEMENT_3D('',#1290,#11726,#11727);
#11729=PLANE('',#11728);
#11730=ORIENTED_EDGE('',*,*,#9277,.T.);
#11731=DIRECTION('',(0,0,1));
#11732=VECTOR('',#11731,5);
#11733=LINE('',#1292,#11732);
#11734=EDGE_CURVE('',#1293,#1335,#11733,.T.);
#11735=ORIENTED_EDGE('',*,*,#11734,.T.);
#11736=ORIENTED_EDGE('',*,*,#10240,.F.);
#11737=ORIENTED_EDGE('',*,*,#11721,.F.);
#11738=EDGE_LOOP('',(#11730,#11735,#11736,#11737));
#11739=FACE_OUTER_BOUND('',#11738,.T.);
#11740=ADVANCED_FACE('',(#11739),#11729,.T.);
#11741=DIRECTION('',(0.999699,0.024538,0));
#11742=DIRECTION('',(0,0,-1));
#11743=AXIS2_PLACEMENT_3D('',#1338,#11741,#11742);
#11744=PLANE('',#11743);
#11745=ORIENTED_EDGE('',*,*,#10245,.F.);
#11746=ORIENTED_EDGE('',*,*,#11734,.F.);
#11747=ORIENTED_EDGE('',*,*,#9272,.T.);
#11748=DIRECTION('',(0,0,1));
#11749=VECTOR('',#11748,5);
#11750=LINE('',#1296,#11749);
#11751=EDGE_CURVE('',#1297,#1339,#11750,.T.);
#11752=ORIENTED_EDGE('',*,*,#11751,.T.);
#11753=EDGE_LOOP('',(#11745,#11746,#11747,#11752));
#11754=FACE_OUTER_BOUND('',#11753,.T.);
#11755=ADVANCED_FACE('',(#11754),#11744,.T.);
#11756=DIRECTION('',(0.788349,0.615229,-0));
#11757=DIRECTION('',(-0,0,1));
#11758=AXIS2_PLACEMENT_3D('',#1336,#11756,#11757);
#11759=PLANE('',#11758);
#11760=ORIENTED_EDGE('',*,*,#11476,.F.);
#11761=ORIENTED_EDGE('',*,*,#9337,.F.);
#11762=ORIENTED_EDGE('',*,*,#11583,.T.);
#11763=ORIENTED_EDGE('',*,*,#10180,.T.);
#11764=EDGE_LOOP('',(#11760,#11761,#11762,#11763));
#11765=FACE_OUTER_BOUND('',#11764,.T.);
#11766=ADVANCED_FACE('',(#11765),#11759,.T.);
#11767=DIRECTION('',(0.266632,0.963798,0));
#11768=DIRECTION('',(0,0,1));
#11769=AXIS2_PLACEMENT_3D('',#1340,#11767,#11768);
#11770=PLANE('',#11769);
#11771=ORIENTED_EDGE('',*,*,#9402,.T.);
#11772=DIRECTION('',(0,0,1));
#11773=VECTOR('',#11772,5);
#11774=LINE('',#1352,#11773);
#11775=EDGE_CURVE('',#1353,#1441,#11774,.T.);
#11776=ORIENTED_EDGE('',*,*,#11775,.T.);
#11777=ORIENTED_EDGE('',*,*,#10765,.F.);
#11778=DIRECTION('',(0,0,1));
#11779=VECTOR('',#11778,5);
#11780=LINE('',#1340,#11779);
#11781=EDGE_CURVE('',#1341,#1429,#11780,.T.);
#11782=ORIENTED_EDGE('',*,*,#11781,.F.);
#11783=EDGE_LOOP('',(#11771,#11776,#11777,#11782));
#11784=FACE_OUTER_BOUND('',#11783,.T.);
#11785=ADVANCED_FACE('',(#11784),#11770,.T.);
#11786=DIRECTION('',(0.449667,0.893196,-0));
#11787=DIRECTION('',(-0,0,1));
#11788=AXIS2_PLACEMENT_3D('',#1434,#11786,#11787);
#11789=PLANE('',#11788);
#11790=DIRECTION('',(0,0,1));
#11791=VECTOR('',#11790,5);
#11792=LINE('',#1346,#11791);
#11793=EDGE_CURVE('',#1347,#1435,#11792,.T.);
#11794=ORIENTED_EDGE('',*,*,#11793,.F.);
#11795=ORIENTED_EDGE('',*,*,#9382,.F.);
#11796=DIRECTION('',(0,0,1));
#11797=VECTOR('',#11796,5);
#11798=LINE('',#1342,#11797);
#11799=EDGE_CURVE('',#1343,#1431,#11798,.T.);
#11800=ORIENTED_EDGE('',*,*,#11799,.T.);
#11801=ORIENTED_EDGE('',*,*,#10135,.T.);
#11802=EDGE_LOOP('',(#11794,#11795,#11800,#11801));
#11803=FACE_OUTER_BOUND('',#11802,.T.);
#11804=ADVANCED_FACE('',(#11803),#11789,.T.);
#11805=DIRECTION('',(0.492851,0.870114,0));
#11806=DIRECTION('',(0,0,1));
#11807=AXIS2_PLACEMENT_3D('',#1430,#11805,#11806);
#11808=PLANE('',#11807);
#11809=ORIENTED_EDGE('',*,*,#11799,.F.);
#11810=ORIENTED_EDGE('',*,*,#9377,.T.);
#11811=ORIENTED_EDGE('',*,*,#11538,.T.);
#11812=ORIENTED_EDGE('',*,*,#10140,.F.);
#11813=EDGE_LOOP('',(#11809,#11810,#11811,#11812));
#11814=FACE_OUTER_BOUND('',#11813,.T.);
#11815=ADVANCED_FACE('',(#11814),#11808,.T.);
#11816=DIRECTION('',(0.405243,0.914209,-0));
#11817=DIRECTION('',(-0,0,1));
#11818=AXIS2_PLACEMENT_3D('',#1434,#11816,#11817);
#11819=PLANE('',#11818);
#11820=ORIENTED_EDGE('',*,*,#10130,.T.);
#11821=DIRECTION('',(0,0,1));
#11822=VECTOR('',#11821,5);
#11823=LINE('',#1348,#11822);
#11824=EDGE_CURVE('',#1349,#1437,#11823,.T.);
#11825=ORIENTED_EDGE('',*,*,#11824,.F.);
#11826=ORIENTED_EDGE('',*,*,#9387,.F.);
#11827=ORIENTED_EDGE('',*,*,#11793,.T.);
#11828=EDGE_LOOP('',(#11820,#11825,#11826,#11827));
#11829=FACE_OUTER_BOUND('',#11828,.T.);
#11830=ADVANCED_FACE('',(#11829),#11819,.T.);
#11831=DIRECTION('',(0.35989,0.932995,-0));
#11832=DIRECTION('',(-0,0,1));
#11833=AXIS2_PLACEMENT_3D('',#1350,#11831,#11832);
#11834=PLANE('',#11833);
#11835=ORIENTED_EDGE('',*,*,#9392,.F.);
#11836=ORIENTED_EDGE('',*,*,#11824,.T.);
#11837=ORIENTED_EDGE('',*,*,#10125,.T.);
#11838=DIRECTION('',(0,0,1));
#11839=VECTOR('',#11838,5);
#11840=LINE('',#1350,#11839);
#11841=EDGE_CURVE('',#1351,#1439,#11840,.T.);
#11842=ORIENTED_EDGE('',*,*,#11841,.F.);
#11843=EDGE_LOOP('',(#11835,#11836,#11837,#11842));
#11844=FACE_OUTER_BOUND('',#11843,.T.);
#11845=ADVANCED_FACE('',(#11844),#11834,.T.);
#11846=DIRECTION('',(0.313627,0.949546,-0));
#11847=DIRECTION('',(-0,0,1));
#11848=AXIS2_PLACEMENT_3D('',#1350,#11846,#11847);
#11849=PLANE('',#11848);
#11850=ORIENTED_EDGE('',*,*,#11841,.T.);
#11851=ORIENTED_EDGE('',*,*,#10120,.T.);
#11852=ORIENTED_EDGE('',*,*,#11775,.F.);
#11853=ORIENTED_EDGE('',*,*,#9397,.F.);
#11854=EDGE_LOOP('',(#11850,#11851,#11852,#11853));
#11855=FACE_OUTER_BOUND('',#11854,.T.);
#11856=ADVANCED_FACE('',(#11855),#11849,.T.);
#11857=DIRECTION('',(0.219082,0.975707,-0));
#11858=DIRECTION('',(-0,0,1));
#11859=AXIS2_PLACEMENT_3D('',#1428,#11857,#11858);
#11860=PLANE('',#11859);
#11861=ORIENTED_EDGE('',*,*,#10760,.T.);
#11862=DIRECTION('',(0,0,1));
#11863=VECTOR('',#11862,5);
#11864=LINE('',#1354,#11863);
#11865=EDGE_CURVE('',#1355,#1443,#11864,.T.);
#11866=ORIENTED_EDGE('',*,*,#11865,.F.);
#11867=ORIENTED_EDGE('',*,*,#9407,.F.);
#11868=ORIENTED_EDGE('',*,*,#11781,.T.);
#11869=EDGE_LOOP('',(#11861,#11866,#11867,#11868));
#11870=FACE_OUTER_BOUND('',#11869,.T.);
#11871=ADVANCED_FACE('',(#11870),#11860,.T.);
#11872=DIRECTION('',(0.170984,0.985274,-0));
#11873=DIRECTION('',(-0,0,1));
#11874=AXIS2_PLACEMENT_3D('',#1354,#11872,#11873);
#11875=PLANE('',#11874);
#11876=ORIENTED_EDGE('',*,*,#11865,.T.);
#11877=ORIENTED_EDGE('',*,*,#10755,.T.);
#11878=DIRECTION('',(0,0,1));
#11879=VECTOR('',#11878,5);
#11880=LINE('',#1356,#11879);
#11881=EDGE_CURVE('',#1357,#1445,#11880,.T.);
#11882=ORIENTED_EDGE('',*,*,#11881,.F.);
#11883=ORIENTED_EDGE('',*,*,#9412,.F.);
#11884=EDGE_LOOP('',(#11876,#11877,#11882,#11883));
#11885=FACE_OUTER_BOUND('',#11884,.T.);
#11886=ADVANCED_FACE('',(#11885),#11875,.T.);
#11887=DIRECTION('',(0.122521,0.992466,-0));
#11888=DIRECTION('',(-0,0,1));
#11889=AXIS2_PLACEMENT_3D('',#1446,#11887,#11888);
#11890=PLANE('',#11889);
#11891=DIRECTION('',(0,0,1));
#11892=VECTOR('',#11891,5);
#11893=LINE('',#1358,#11892);
#11894=EDGE_CURVE('',#1359,#1447,#11893,.T.);
#11895=ORIENTED_EDGE('',*,*,#11894,.F.);
#11896=ORIENTED_EDGE('',*,*,#9417,.F.);
#11897=ORIENTED_EDGE('',*,*,#11881,.T.);
#11898=ORIENTED_EDGE('',*,*,#10750,.T.);
#11899=EDGE_LOOP('',(#11895,#11896,#11897,#11898));
#11900=FACE_OUTER_BOUND('',#11899,.T.);
#11901=ADVANCED_FACE('',(#11900),#11890,.T.);
#11902=DIRECTION('',(0.073515,0.997294,-0));
#11903=DIRECTION('',(-0,0,1));
#11904=AXIS2_PLACEMENT_3D('',#1448,#11902,#11903);
#11905=PLANE('',#11904);
#11906=DIRECTION('',(0,0,1));
#11907=VECTOR('',#11906,5);
#11908=LINE('',#1360,#11907);
#11909=EDGE_CURVE('',#1361,#1449,#11908,.T.);
#11910=ORIENTED_EDGE('',*,*,#11909,.F.);
#11911=ORIENTED_EDGE('',*,*,#9422,.F.);
#11912=ORIENTED_EDGE('',*,*,#11894,.T.);
#11913=ORIENTED_EDGE('',*,*,#10745,.T.);
#11914=EDGE_LOOP('',(#11910,#11911,#11912,#11913));
#11915=FACE_OUTER_BOUND('',#11914,.T.);
#11916=ADVANCED_FACE('',(#11915),#11905,.T.);
#11917=DIRECTION('',(0.024505,0.9997,-0));
#11918=DIRECTION('',(-0,0,1));
#11919=AXIS2_PLACEMENT_3D('',#1448,#11917,#11918);
#11920=PLANE('',#11919);
#11921=ORIENTED_EDGE('',*,*,#10740,.T.);
#11922=DIRECTION('',(0,0,1));
#11923=VECTOR('',#11922,5);
#11924=LINE('',#1362,#11923);
#11925=EDGE_CURVE('',#1363,#1451,#11924,.T.);
#11926=ORIENTED_EDGE('',*,*,#11925,.F.);
#11927=ORIENTED_EDGE('',*,*,#9427,.F.);
#11928=ORIENTED_EDGE('',*,*,#11909,.T.);
#11929=EDGE_LOOP('',(#11921,#11926,#11927,#11928));
#11930=FACE_OUTER_BOUND('',#11929,.T.);
#11931=ADVANCED_FACE('',(#11930),#11920,.T.);
#11932=DIRECTION('',(-0.024505,0.9997,0));
#11933=DIRECTION('',(0,-0,1));
#11934=AXIS2_PLACEMENT_3D('',#1452,#11932,#11933);
#11935=PLANE('',#11934);
#11936=DIRECTION('',(0,0,1));
#11937=VECTOR('',#11936,5);
#11938=LINE('',#1364,#11937);
#11939=EDGE_CURVE('',#1365,#1453,#11938,.T.);
#11940=ORIENTED_EDGE('',*,*,#11939,.F.);
#11941=ORIENTED_EDGE('',*,*,#8782,.F.);
#11942=ORIENTED_EDGE('',*,*,#11925,.T.);
#11943=ORIENTED_EDGE('',*,*,#10735,.T.);
#11944=EDGE_LOOP('',(#11940,#11941,#11942,#11943));
#11945=FACE_OUTER_BOUND('',#11944,.T.);
#11946=ADVANCED_FACE('',(#11945),#11935,.T.);
#11947=DIRECTION('',(-0.073515,0.997294,0));
#11948=DIRECTION('',(0,-0,1));
#11949=AXIS2_PLACEMENT_3D('',#1452,#11947,#11948);
#11950=PLANE('',#11949);
#11951=ORIENTED_EDGE('',*,*,#10730,.T.);
#11952=DIRECTION('',(0,0,1));
#11953=VECTOR('',#11952,5);
#11954=LINE('',#1366,#11953);
#11955=EDGE_CURVE('',#1367,#1455,#11954,.T.);
#11956=ORIENTED_EDGE('',*,*,#11955,.F.);
#11957=ORIENTED_EDGE('',*,*,#8787,.F.);
#11958=ORIENTED_EDGE('',*,*,#11939,.T.);
#11959=EDGE_LOOP('',(#11951,#11956,#11957,#11958));
#11960=FACE_OUTER_BOUND('',#11959,.T.);
#11961=ADVANCED_FACE('',(#11960),#11950,.T.);
#11962=DIRECTION('',(-0.122521,0.992466,0));
#11963=DIRECTION('',(0,-0,1));
#11964=AXIS2_PLACEMENT_3D('',#1368,#11962,#11963);
#11965=PLANE('',#11964);
#11966=ORIENTED_EDGE('',*,*,#8792,.F.);
#11967=ORIENTED_EDGE('',*,*,#11955,.T.);
#11968=ORIENTED_EDGE('',*,*,#10725,.T.);
#11969=DIRECTION('',(0,0,1));
#11970=VECTOR('',#11969,5);
#11971=LINE('',#1368,#11970);
#11972=EDGE_CURVE('',#1369,#1457,#11971,.T.);
#11973=ORIENTED_EDGE('',*,*,#11972,.F.);
#11974=EDGE_LOOP('',(#11966,#11967,#11968,#11973));
#11975=FACE_OUTER_BOUND('',#11974,.T.);
#11976=ADVANCED_FACE('',(#11975),#11965,.T.);
#11977=DIRECTION('',(-0.170984,0.985274,0));
#11978=DIRECTION('',(0,-0,1));
#11979=AXIS2_PLACEMENT_3D('',#1368,#11977,#11978);
#11980=PLANE('',#11979);
#11981=ORIENTED_EDGE('',*,*,#11972,.T.);
#11982=ORIENTED_EDGE('',*,*,#10720,.T.);
#11983=DIRECTION('',(0,0,1));
#11984=VECTOR('',#11983,5);
#11985=LINE('',#1370,#11984);
#11986=EDGE_CURVE('',#1371,#1459,#11985,.T.);
#11987=ORIENTED_EDGE('',*,*,#11986,.F.);
#11988=ORIENTED_EDGE('',*,*,#8797,.F.);
#11989=EDGE_LOOP('',(#11981,#11982,#11987,#11988));
#11990=FACE_OUTER_BOUND('',#11989,.T.);
#11991=ADVANCED_FACE('',(#11990),#11980,.T.);
#11992=DIRECTION('',(-0.219082,0.975707,0));
#11993=DIRECTION('',(0,-0,1));
#11994=AXIS2_PLACEMENT_3D('',#1460,#11992,#11993);
#11995=PLANE('',#11994);
#11996=DIRECTION('',(0,0,1));
#11997=VECTOR('',#11996,5);
#11998=LINE('',#1372,#11997);
#11999=EDGE_CURVE('',#1373,#1461,#11998,.T.);
#12000=ORIENTED_EDGE('',*,*,#11999,.F.);
#12001=ORIENTED_EDGE('',*,*,#8802,.F.);
#12002=ORIENTED_EDGE('',*,*,#11986,.T.);
#12003=ORIENTED_EDGE('',*,*,#10715,.T.);
#12004=EDGE_LOOP('',(#12000,#12001,#12002,#12003));
#12005=FACE_OUTER_BOUND('',#12004,.T.);
#12006=ADVANCED_FACE('',(#12005),#11995,.T.);
#12007=DIRECTION('',(-0.266632,0.963798,0));
#12008=DIRECTION('',(0,-0,1));
#12009=AXIS2_PLACEMENT_3D('',#1460,#12007,#12008);
#12010=PLANE('',#12009);
#12011=ORIENTED_EDGE('',*,*,#10710,.T.);
#12012=DIRECTION('',(0,0,1));
#12013=VECTOR('',#12012,5);
#12014=LINE('',#1374,#12013);
#12015=EDGE_CURVE('',#1375,#1463,#12014,.T.);
#12016=ORIENTED_EDGE('',*,*,#12015,.F.);
#12017=ORIENTED_EDGE('',*,*,#8807,.F.);
#12018=ORIENTED_EDGE('',*,*,#11999,.T.);
#12019=EDGE_LOOP('',(#12011,#12016,#12017,#12018));
#12020=FACE_OUTER_BOUND('',#12019,.T.);
#12021=ADVANCED_FACE('',(#12020),#12010,.T.);
#12022=DIRECTION('',(-0.313627,0.949546,0));
#12023=DIRECTION('',(0,-0,1));
#12024=AXIS2_PLACEMENT_3D('',#1374,#12022,#12023);
#12025=PLANE('',#12024);
#12026=ORIENTED_EDGE('',*,*,#12015,.T.);
#12027=ORIENTED_EDGE('',*,*,#10705,.T.);
#12028=DIRECTION('',(0,0,1));
#12029=VECTOR('',#12028,5);
#12030=LINE('',#1376,#12029);
#12031=EDGE_CURVE('',#1377,#1465,#12030,.T.);
#12032=ORIENTED_EDGE('',*,*,#12031,.F.);
#12033=ORIENTED_EDGE('',*,*,#8812,.F.);
#12034=EDGE_LOOP('',(#12026,#12027,#12032,#12033));
#12035=FACE_OUTER_BOUND('',#12034,.T.);
#12036=ADVANCED_FACE('',(#12035),#12025,.T.);
#12037=DIRECTION('',(-0.35989,0.932995,0));
#12038=DIRECTION('',(0,-0,1));
#12039=AXIS2_PLACEMENT_3D('',#1466,#12037,#12038);
#12040=PLANE('',#12039);
#12041=DIRECTION('',(0,0,1));
#12042=VECTOR('',#12041,5);
#12043=LINE('',#1378,#12042);
#12044=EDGE_CURVE('',#1379,#1467,#12043,.T.);
#12045=ORIENTED_EDGE('',*,*,#12044,.F.);
#12046=ORIENTED_EDGE('',*,*,#8817,.F.);
#12047=ORIENTED_EDGE('',*,*,#12031,.T.);
#12048=ORIENTED_EDGE('',*,*,#10700,.T.);
#12049=EDGE_LOOP('',(#12045,#12046,#12047,#12048));
#12050=FACE_OUTER_BOUND('',#12049,.T.);
#12051=ADVANCED_FACE('',(#12050),#12040,.T.);
#12052=DIRECTION('',(-0.405243,0.914209,0));
#12053=DIRECTION('',(0,-0,1));
#12054=AXIS2_PLACEMENT_3D('',#1466,#12052,#12053);
#12055=PLANE('',#12054);
#12056=ORIENTED_EDGE('',*,*,#10695,.T.);
#12057=DIRECTION('',(0,0,1));
#12058=VECTOR('',#12057,5);
#12059=LINE('',#1380,#12058);
#12060=EDGE_CURVE('',#1381,#1469,#12059,.T.);
#12061=ORIENTED_EDGE('',*,*,#12060,.F.);
#12062=ORIENTED_EDGE('',*,*,#8822,.F.);
#12063=ORIENTED_EDGE('',*,*,#12044,.T.);
#12064=EDGE_LOOP('',(#12056,#12061,#12062,#12063));
#12065=FACE_OUTER_BOUND('',#12064,.T.);
#12066=ADVANCED_FACE('',(#12065),#12055,.T.);
#12067=DIRECTION('',(-0.449667,0.893196,0));
#12068=DIRECTION('',(0,-0,1));
#12069=AXIS2_PLACEMENT_3D('',#1380,#12067,#12068);
#12070=PLANE('',#12069);
#12071=ORIENTED_EDGE('',*,*,#12060,.T.);
#12072=ORIENTED_EDGE('',*,*,#10690,.T.);
#12073=DIRECTION('',(0,0,1));
#12074=VECTOR('',#12073,5);
#12075=LINE('',#1382,#12074);
#12076=EDGE_CURVE('',#1383,#1471,#12075,.T.);
#12077=ORIENTED_EDGE('',*,*,#12076,.F.);
#12078=ORIENTED_EDGE('',*,*,#8827,.F.);
#12079=EDGE_LOOP('',(#12071,#12072,#12077,#12078));
#12080=FACE_OUTER_BOUND('',#12079,.T.);
#12081=ADVANCED_FACE('',(#12080),#12070,.T.);
#12082=DIRECTION('',(-0.492851,0.870114,0));
#12083=DIRECTION('',(0,-0,1));
#12084=AXIS2_PLACEMENT_3D('',#1384,#12082,#12083);
#12085=PLANE('',#12084);
#12086=ORIENTED_EDGE('',*,*,#8832,.F.);
#12087=ORIENTED_EDGE('',*,*,#12076,.T.);
#12088=ORIENTED_EDGE('',*,*,#10685,.T.);
#12089=DIRECTION('',(0,0,1));
#12090=VECTOR('',#12089,5);
#12091=LINE('',#1384,#12090);
#12092=EDGE_CURVE('',#1385,#1473,#12091,.T.);
#12093=ORIENTED_EDGE('',*,*,#12092,.F.);
#12094=EDGE_LOOP('',(#12086,#12087,#12088,#12093));
#12095=FACE_OUTER_BOUND('',#12094,.T.);
#12096=ADVANCED_FACE('',(#12095),#12085,.T.);
#12097=DIRECTION('',(-0.535057,0.844816,0));
#12098=DIRECTION('',(0,-0,1));
#12099=AXIS2_PLACEMENT_3D('',#1386,#12097,#12098);
#12100=PLANE('',#12099);
#12101=ORIENTED_EDGE('',*,*,#8837,.F.);
#12102=ORIENTED_EDGE('',*,*,#12092,.T.);
#12103=ORIENTED_EDGE('',*,*,#10680,.T.);
#12104=DIRECTION('',(0,0,1));
#12105=VECTOR('',#12104,5);
#12106=LINE('',#1386,#12105);
#12107=EDGE_CURVE('',#1387,#1475,#12106,.T.);
#12108=ORIENTED_EDGE('',*,*,#12107,.F.);
#12109=EDGE_LOOP('',(#12101,#12102,#12103,#12108));
#12110=FACE_OUTER_BOUND('',#12109,.T.);
#12111=ADVANCED_FACE('',(#12110),#12100,.T.);
#12112=DIRECTION('',(-0.575845,0.817559,0));
#12113=DIRECTION('',(0,-0,1));
#12114=AXIS2_PLACEMENT_3D('',#1386,#12112,#12113);
#12115=PLANE('',#12114);
#12116=ORIENTED_EDGE('',*,*,#12107,.T.);
#12117=ORIENTED_EDGE('',*,*,#10675,.T.);
#12118=DIRECTION('',(0,0,1));
#12119=VECTOR('',#12118,5);
#12120=LINE('',#1388,#12119);
#12121=EDGE_CURVE('',#1389,#1477,#12120,.T.);
#12122=ORIENTED_EDGE('',*,*,#12121,.F.);
#12123=ORIENTED_EDGE('',*,*,#8842,.F.);
#12124=EDGE_LOOP('',(#12116,#12117,#12122,#12123));
#12125=FACE_OUTER_BOUND('',#12124,.T.);
#12126=ADVANCED_FACE('',(#12125),#12115,.T.);
#12127=DIRECTION('',(-0.615199,0.788372,0));
#12128=DIRECTION('',(0,-0,1));
#12129=AXIS2_PLACEMENT_3D('',#1388,#12127,#12128);
#12130=PLANE('',#12129);
#12131=ORIENTED_EDGE('',*,*,#12121,.T.);
#12132=ORIENTED_EDGE('',*,*,#10670,.T.);
#12133=DIRECTION('',(0,0,1));
#12134=VECTOR('',#12133,5);
#12135=LINE('',#1390,#12134);
#12136=EDGE_CURVE('',#1391,#1479,#12135,.T.);
#12137=ORIENTED_EDGE('',*,*,#12136,.F.);
#12138=ORIENTED_EDGE('',*,*,#8847,.F.);
#12139=EDGE_LOOP('',(#12131,#12132,#12137,#12138));
#12140=FACE_OUTER_BOUND('',#12139,.T.);
#12141=ADVANCED_FACE('',(#12140),#12130,.T.);
#12142=DIRECTION('',(-0.653196,0.757189,0));
#12143=DIRECTION('',(0,-0,1));
#12144=AXIS2_PLACEMENT_3D('',#1478,#12142,#12143);
#12145=PLANE('',#12144);
#12146=ORIENTED_EDGE('',*,*,#10665,.T.);
#12147=DIRECTION('',(0,0,1));
#12148=VECTOR('',#12147,5);
#12149=LINE('',#1392,#12148);
#12150=EDGE_CURVE('',#1393,#1481,#12149,.T.);
#12151=ORIENTED_EDGE('',*,*,#12150,.F.);
#12152=ORIENTED_EDGE('',*,*,#8852,.F.);
#12153=ORIENTED_EDGE('',*,*,#12136,.T.);
#12154=EDGE_LOOP('',(#12146,#12151,#12152,#12153));
#12155=FACE_OUTER_BOUND('',#12154,.T.);
#12156=ADVANCED_FACE('',(#12155),#12145,.T.);
#12157=DIRECTION('',(-0.689478,0.724306,0));
#12158=DIRECTION('',(0,-0,1));
#12159=AXIS2_PLACEMENT_3D('',#1392,#12157,#12158);
#12160=PLANE('',#12159);
#12161=ORIENTED_EDGE('',*,*,#12150,.T.);
#12162=ORIENTED_EDGE('',*,*,#10660,.T.);
#12163=DIRECTION('',(0,0,1));
#12164=VECTOR('',#12163,5);
#12165=LINE('',#1394,#12164);
#12166=EDGE_CURVE('',#1395,#1483,#12165,.T.);
#12167=ORIENTED_EDGE('',*,*,#12166,.F.);
#12168=ORIENTED_EDGE('',*,*,#8857,.F.);
#12169=EDGE_LOOP('',(#12161,#12162,#12167,#12168));
#12170=FACE_OUTER_BOUND('',#12169,.T.);
#12171=ADVANCED_FACE('',(#12170),#12160,.T.);
#12172=DIRECTION('',(-0.724298,0.689487,0));
#12173=DIRECTION('',(0,-0,1));
#12174=AXIS2_PLACEMENT_3D('',#1484,#12172,#12173);
#12175=PLANE('',#12174);
#12176=DIRECTION('',(0,0,1));
#12177=VECTOR('',#12176,5);
#12178=LINE('',#1396,#12177);
#12179=EDGE_CURVE('',#1397,#1485,#12178,.T.);
#12180=ORIENTED_EDGE('',*,*,#12179,.F.);
#12181=ORIENTED_EDGE('',*,*,#8862,.F.);
#12182=ORIENTED_EDGE('',*,*,#12166,.T.);
#12183=ORIENTED_EDGE('',*,*,#10655,.T.);
#12184=EDGE_LOOP('',(#12180,#12181,#12182,#12183));
#12185=FACE_OUTER_BOUND('',#12184,.T.);
#12186=ADVANCED_FACE('',(#12185),#12175,.T.);
#12187=DIRECTION('',(-0.757158,0.653232,0));
#12188=DIRECTION('',(0,-0,1));
#12189=AXIS2_PLACEMENT_3D('',#1484,#12187,#12188);
#12190=PLANE('',#12189);
#12191=ORIENTED_EDGE('',*,*,#10650,.T.);
#12192=DIRECTION('',(0,0,1));
#12193=VECTOR('',#12192,5);
#12194=LINE('',#1398,#12193);
#12195=EDGE_CURVE('',#1399,#1487,#12194,.T.);
#12196=ORIENTED_EDGE('',*,*,#12195,.F.);
#12197=ORIENTED_EDGE('',*,*,#8867,.F.);
#12198=ORIENTED_EDGE('',*,*,#12179,.T.);
#12199=EDGE_LOOP('',(#12191,#12196,#12197,#12198));
#12200=FACE_OUTER_BOUND('',#12199,.T.);
#12201=ADVANCED_FACE('',(#12200),#12190,.T.);
#12202=DIRECTION('',(-0.788349,0.615229,0));
#12203=DIRECTION('',(0,-0,1));
#12204=AXIS2_PLACEMENT_3D('',#1398,#12202,#12203);
#12205=PLANE('',#12204);
#12206=ORIENTED_EDGE('',*,*,#12195,.T.);
#12207=ORIENTED_EDGE('',*,*,#10645,.T.);
#12208=DIRECTION('',(0,0,1));
#12209=VECTOR('',#12208,5);
#12210=LINE('',#1400,#12209);
#12211=EDGE_CURVE('',#1401,#1489,#12210,.T.);
#12212=ORIENTED_EDGE('',*,*,#12211,.F.);
#12213=ORIENTED_EDGE('',*,*,#8872,.F.);
#12214=EDGE_LOOP('',(#12206,#12207,#12212,#12213));
#12215=FACE_OUTER_BOUND('',#12214,.T.);
#12216=ADVANCED_FACE('',(#12215),#12205,.T.);
#12217=DIRECTION('',(-0.817597,0.57579,0));
#12218=DIRECTION('',(0,-0,1));
#12219=AXIS2_PLACEMENT_3D('',#1488,#12217,#12218);
#12220=PLANE('',#12219);
#12221=ORIENTED_EDGE('',*,*,#10640,.T.);
#12222=DIRECTION('',(0,0,1));
#12223=VECTOR('',#12222,5);
#12224=LINE('',#1402,#12223);
#12225=EDGE_CURVE('',#1403,#1491,#12224,.T.);
#12226=ORIENTED_EDGE('',*,*,#12225,.F.);
#12227=ORIENTED_EDGE('',*,*,#8877,.F.);
#12228=ORIENTED_EDGE('',*,*,#12211,.T.);
#12229=EDGE_LOOP('',(#12221,#12226,#12227,#12228));
#12230=FACE_OUTER_BOUND('',#12229,.T.);
#12231=ADVANCED_FACE('',(#12230),#12220,.T.);
#12232=DIRECTION('',(-0.844855,0.534995,0));
#12233=DIRECTION('',(0,-0,1));
#12234=AXIS2_PLACEMENT_3D('',#1404,#12232,#12233);
#12235=PLANE('',#12234);
#12236=ORIENTED_EDGE('',*,*,#8882,.F.);
#12237=ORIENTED_EDGE('',*,*,#12225,.T.);
#12238=ORIENTED_EDGE('',*,*,#10635,.T.);
#12239=DIRECTION('',(0,0,1));
#12240=VECTOR('',#12239,5);
#12241=LINE('',#1404,#12240);
#12242=EDGE_CURVE('',#1405,#1493,#12241,.T.);
#12243=ORIENTED_EDGE('',*,*,#12242,.F.);
#12244=EDGE_LOOP('',(#12236,#12237,#12238,#12243));
#12245=FACE_OUTER_BOUND('',#12244,.T.);
#12246=ADVANCED_FACE('',(#12245),#12235,.T.);
#12247=DIRECTION('',(-0.870087,0.492898,0));
#12248=DIRECTION('',(0,-0,1));
#12249=AXIS2_PLACEMENT_3D('',#1404,#12247,#12248);
#12250=PLANE('',#12249);
#12251=ORIENTED_EDGE('',*,*,#12242,.T.);
#12252=ORIENTED_EDGE('',*,*,#10630,.T.);
#12253=DIRECTION('',(0,0,1));
#12254=VECTOR('',#12253,5);
#12255=LINE('',#1406,#12254);
#12256=EDGE_CURVE('',#1407,#1495,#12255,.T.);
#12257=ORIENTED_EDGE('',*,*,#12256,.F.);
#12258=ORIENTED_EDGE('',*,*,#8887,.F.);
#12259=EDGE_LOOP('',(#12251,#12252,#12257,#12258));
#12260=FACE_OUTER_BOUND('',#12259,.T.);
#12261=ADVANCED_FACE('',(#12260),#12250,.T.);
#12262=DIRECTION('',(-0.893245,0.449571,0));
#12263=DIRECTION('',(0,-0,1));
#12264=AXIS2_PLACEMENT_3D('',#1406,#12262,#12263);
#12265=PLANE('',#12264);
#12266=ORIENTED_EDGE('',*,*,#12256,.T.);
#12267=ORIENTED_EDGE('',*,*,#10625,.T.);
#12268=DIRECTION('',(0,0,1));
#12269=VECTOR('',#12268,5);
#12270=LINE('',#1408,#12269);
#12271=EDGE_CURVE('',#1409,#1497,#12270,.T.);
#12272=ORIENTED_EDGE('',*,*,#12271,.F.);
#12273=ORIENTED_EDGE('',*,*,#8892,.F.);
#12274=EDGE_LOOP('',(#12266,#12267,#12272,#12273));
#12275=FACE_OUTER_BOUND('',#12274,.T.);
#12276=ADVANCED_FACE('',(#12275),#12265,.T.);
#12277=DIRECTION('',(-0.914208,0.405246,0));
#12278=DIRECTION('',(0,-0,1));
#12279=AXIS2_PLACEMENT_3D('',#1410,#12277,#12278);
#12280=PLANE('',#12279);
#12281=ORIENTED_EDGE('',*,*,#8897,.F.);
#12282=ORIENTED_EDGE('',*,*,#12271,.T.);
#12283=ORIENTED_EDGE('',*,*,#10620,.T.);
#12284=DIRECTION('',(0,0,1));
#12285=VECTOR('',#12284,5);
#12286=LINE('',#1410,#12285);
#12287=EDGE_CURVE('',#1411,#1499,#12286,.T.);
#12288=ORIENTED_EDGE('',*,*,#12287,.F.);
#12289=EDGE_LOOP('',(#12281,#12282,#12283,#12288));
#12290=FACE_OUTER_BOUND('',#12289,.T.);
#12291=ADVANCED_FACE('',(#12290),#12280,.T.);
#12292=DIRECTION('',(-0.932993,0.359896,0));
#12293=DIRECTION('',(0,-0,1));
#12294=AXIS2_PLACEMENT_3D('',#1412,#12292,#12293);
#12295=PLANE('',#12294);
#12296=ORIENTED_EDGE('',*,*,#8902,.F.);
#12297=ORIENTED_EDGE('',*,*,#12287,.T.);
#12298=ORIENTED_EDGE('',*,*,#10615,.T.);
#12299=DIRECTION('',(0,0,1));
#12300=VECTOR('',#12299,5);
#12301=LINE('',#1412,#12300);
#12302=EDGE_CURVE('',#1413,#1501,#12301,.T.);
#12303=ORIENTED_EDGE('',*,*,#12302,.F.);
#12304=EDGE_LOOP('',(#12296,#12297,#12298,#12303));
#12305=FACE_OUTER_BOUND('',#12304,.T.);
#12306=ADVANCED_FACE('',(#12305),#12295,.T.);
#12307=DIRECTION('',(-0.949522,0.313699,0));
#12308=DIRECTION('',(0,-0,1));
#12309=AXIS2_PLACEMENT_3D('',#1412,#12307,#12308);
#12310=PLANE('',#12309);
#12311=ORIENTED_EDGE('',*,*,#12302,.T.);
#12312=ORIENTED_EDGE('',*,*,#10610,.T.);
#12313=DIRECTION('',(0,0,1));
#12314=VECTOR('',#12313,5);
#12315=LINE('',#1414,#12314);
#12316=EDGE_CURVE('',#1415,#1503,#12315,.T.);
#12317=ORIENTED_EDGE('',*,*,#12316,.F.);
#12318=ORIENTED_EDGE('',*,*,#8907,.F.);
#12319=EDGE_LOOP('',(#12311,#12312,#12317,#12318));
#12320=FACE_OUTER_BOUND('',#12319,.T.);
#12321=ADVANCED_FACE('',(#12320),#12310,.T.);
#12322=DIRECTION('',(-0.963772,0.266729,0));
#12323=DIRECTION('',(0,-0,1));
#12324=AXIS2_PLACEMENT_3D('',#1502,#12322,#12323);
#12325=PLANE('',#12324);
#12326=ORIENTED_EDGE('',*,*,#10605,.T.);
#12327=DIRECTION('',(0,0,1));
#12328=VECTOR('',#12327,5);
#12329=LINE('',#1416,#12328);
#12330=EDGE_CURVE('',#1417,#1505,#12329,.T.);
#12331=ORIENTED_EDGE('',*,*,#12330,.F.);
#12332=ORIENTED_EDGE('',*,*,#8912,.F.);
#12333=ORIENTED_EDGE('',*,*,#12316,.T.);
#12334=EDGE_LOOP('',(#12326,#12331,#12332,#12333));
#12335=FACE_OUTER_BOUND('',#12334,.T.);
#12336=ADVANCED_FACE('',(#12335),#12325,.T.);
#12337=DIRECTION('',(-0.975709,0.219071,0));
#12338=DIRECTION('',(0,-0,1));
#12339=AXIS2_PLACEMENT_3D('',#1418,#12337,#12338);
#12340=PLANE('',#12339);
#12341=ORIENTED_EDGE('',*,*,#8917,.F.);
#12342=ORIENTED_EDGE('',*,*,#12330,.T.);
#12343=ORIENTED_EDGE('',*,*,#10600,.T.);
#12344=DIRECTION('',(0,0,1));
#12345=VECTOR('',#12344,5);
#12346=LINE('',#1418,#12345);
#12347=EDGE_CURVE('',#1419,#1507,#12346,.T.);
#12348=ORIENTED_EDGE('',*,*,#12347,.F.);
#12349=EDGE_LOOP('',(#12341,#12342,#12343,#12348));
#12350=FACE_OUTER_BOUND('',#12349,.T.);
#12351=ADVANCED_FACE('',(#12350),#12340,.T.);
#12352=DIRECTION('',(-0.985279,0.170956,0));
#12353=DIRECTION('',(0,-0,1));
#12354=AXIS2_PLACEMENT_3D('',#1418,#12352,#12353);
#12355=PLANE('',#12354);
#12356=ORIENTED_EDGE('',*,*,#12347,.T.);
#12357=ORIENTED_EDGE('',*,*,#10595,.T.);
#12358=DIRECTION('',(0,0,1));
#12359=VECTOR('',#12358,5);
#12360=LINE('',#1420,#12359);
#12361=EDGE_CURVE('',#1421,#1509,#12360,.T.);
#12362=ORIENTED_EDGE('',*,*,#12361,.F.);
#12363=ORIENTED_EDGE('',*,*,#8922,.F.);
#12364=EDGE_LOOP('',(#12356,#12357,#12362,#12363));
#12365=FACE_OUTER_BOUND('',#12364,.T.);
#12366=ADVANCED_FACE('',(#12365),#12355,.T.);
#12367=DIRECTION('',(-0.992478,0.122425,0));
#12368=DIRECTION('',(0,-0,1));
#12369=AXIS2_PLACEMENT_3D('',#1510,#12367,#12368);
#12370=PLANE('',#12369);
#12371=DIRECTION('',(0,0,1));
#12372=VECTOR('',#12371,5);
#12373=LINE('',#1422,#12372);
#12374=EDGE_CURVE('',#1423,#1511,#12373,.T.);
#12375=ORIENTED_EDGE('',*,*,#12374,.F.);
#12376=ORIENTED_EDGE('',*,*,#8927,.F.);
#12377=ORIENTED_EDGE('',*,*,#12361,.T.);
#12378=ORIENTED_EDGE('',*,*,#10590,.T.);
#12379=EDGE_LOOP('',(#12375,#12376,#12377,#12378));
#12380=FACE_OUTER_BOUND('',#12379,.T.);
#12381=ADVANCED_FACE('',(#12380),#12370,.T.);
#12382=DIRECTION('',(-0.99729,0.073567,0));
#12383=DIRECTION('',(0,-0,1));
#12384=AXIS2_PLACEMENT_3D('',#1512,#12382,#12383);
#12385=PLANE('',#12384);
#12386=DIRECTION('',(0,0,1));
#12387=VECTOR('',#12386,5);
#12388=LINE('',#1424,#12387);
#12389=EDGE_CURVE('',#1425,#1513,#12388,.T.);
#12390=ORIENTED_EDGE('',*,*,#12389,.F.);
#12391=ORIENTED_EDGE('',*,*,#8932,.F.);
#12392=ORIENTED_EDGE('',*,*,#12374,.T.);
#12393=ORIENTED_EDGE('',*,*,#10585,.T.);
#12394=EDGE_LOOP('',(#12390,#12391,#12392,#12393));
#12395=FACE_OUTER_BOUND('',#12394,.T.);
#12396=ADVANCED_FACE('',(#12395),#12385,.T.);
#12397=DIRECTION('',(-0.999699,0.024538,0));
#12398=DIRECTION('',(0,-0,1));
#12399=AXIS2_PLACEMENT_3D('',#1512,#12397,#12398);
#12400=PLANE('',#12399);
#12401=ORIENTED_EDGE('',*,*,#10580,.T.);
#12402=DIRECTION('',(0,0,1));
#12403=VECTOR('',#12402,5);
#12404=LINE('',#1426,#12403);
#12405=EDGE_CURVE('',#1427,#1515,#12404,.T.);
#12406=ORIENTED_EDGE('',*,*,#12405,.F.);
#12407=ORIENTED_EDGE('',*,*,#8937,.F.);
#12408=ORIENTED_EDGE('',*,*,#12389,.T.);
#12409=EDGE_LOOP('',(#12401,#12406,#12407,#12408));
#12410=FACE_OUTER_BOUND('',#12409,.T.);
#12411=ADVANCED_FACE('',(#12410),#12400,.T.);
#12412=DIRECTION('',(0.999699,-0.024538,0));
#12413=DIRECTION('',(0,0,-1));
#12414=AXIS2_PLACEMENT_3D('',#1806,#12412,#12413);
#12415=PLANE('',#12414);
#12416=ORIENTED_EDGE('',*,*,#9262,.T.);
#12417=DIRECTION('',(0,0,1));
#12418=VECTOR('',#12417,5);
#12419=LINE('',#1808,#12418);
#12420=EDGE_CURVE('',#1809,#1851,#12419,.T.);
#12421=ORIENTED_EDGE('',*,*,#12420,.T.);
#12422=ORIENTED_EDGE('',*,*,#10255,.F.);
#12423=DIRECTION('',(0,0,1));
#12424=VECTOR('',#12423,5);
#12425=LINE('',#1806,#12424);
#12426=EDGE_CURVE('',#1807,#1849,#12425,.T.);
#12427=ORIENTED_EDGE('',*,*,#12426,.F.);
#12428=EDGE_LOOP('',(#12416,#12421,#12422,#12427));
#12429=FACE_OUTER_BOUND('',#12428,.T.);
#12430=ADVANCED_FACE('',(#12429),#12415,.T.);
#12431=DIRECTION('',(0.99729,-0.073567,0));
#12432=DIRECTION('',(0,0,-1));
#12433=AXIS2_PLACEMENT_3D('',#1852,#12431,#12432);
#12434=PLANE('',#12433);
#12435=ORIENTED_EDGE('',*,*,#10260,.F.);
#12436=ORIENTED_EDGE('',*,*,#12420,.F.);
#12437=ORIENTED_EDGE('',*,*,#9257,.T.);
#12438=DIRECTION('',(0,0,1));
#12439=VECTOR('',#12438,5);
#12440=LINE('',#1810,#12439);
#12441=EDGE_CURVE('',#1811,#1853,#12440,.T.);
#12442=ORIENTED_EDGE('',*,*,#12441,.T.);
#12443=EDGE_LOOP('',(#12435,#12436,#12437,#12442));
#12444=FACE_OUTER_BOUND('',#12443,.T.);
#12445=ADVANCED_FACE('',(#12444),#12434,.T.);
#12446=DIRECTION('',(0.992478,-0.122425,0));
#12447=DIRECTION('',(0,0,-1));
#12448=AXIS2_PLACEMENT_3D('',#1812,#12446,#12447);
#12449=PLANE('',#12448);
#12450=DIRECTION('',(0,0,1));
#12451=VECTOR('',#12450,5);
#12452=LINE('',#1812,#12451);
#12453=EDGE_CURVE('',#1813,#1855,#12452,.T.);
#12454=ORIENTED_EDGE('',*,*,#12453,.T.);
#12455=ORIENTED_EDGE('',*,*,#10265,.F.);
#12456=ORIENTED_EDGE('',*,*,#12441,.F.);
#12457=ORIENTED_EDGE('',*,*,#9252,.T.);
#12458=EDGE_LOOP('',(#12454,#12455,#12456,#12457));
#12459=FACE_OUTER_BOUND('',#12458,.T.);
#12460=ADVANCED_FACE('',(#12459),#12449,.T.);
#12461=DIRECTION('',(0.985279,-0.170956,0));
#12462=DIRECTION('',(0,0,-1));
#12463=AXIS2_PLACEMENT_3D('',#1856,#12461,#12462);
#12464=PLANE('',#12463);
#12465=ORIENTED_EDGE('',*,*,#10270,.F.);
#12466=ORIENTED_EDGE('',*,*,#12453,.F.);
#12467=ORIENTED_EDGE('',*,*,#9247,.T.);
#12468=DIRECTION('',(0,0,1));
#12469=VECTOR('',#12468,5);
#12470=LINE('',#1814,#12469);
#12471=EDGE_CURVE('',#1815,#1857,#12470,.T.);
#12472=ORIENTED_EDGE('',*,*,#12471,.T.);
#12473=EDGE_LOOP('',(#12465,#12466,#12467,#12472));
#12474=FACE_OUTER_BOUND('',#12473,.T.);
#12475=ADVANCED_FACE('',(#12474),#12464,.T.);
#12476=DIRECTION('',(0.975709,-0.219071,0));
#12477=DIRECTION('',(0,0,-1));
#12478=AXIS2_PLACEMENT_3D('',#1816,#12476,#12477);
#12479=PLANE('',#12478);
#12480=DIRECTION('',(0,0,1));
#12481=VECTOR('',#12480,5);
#12482=LINE('',#1816,#12481);
#12483=EDGE_CURVE('',#1817,#1859,#12482,.T.);
#12484=ORIENTED_EDGE('',*,*,#12483,.T.);
#12485=ORIENTED_EDGE('',*,*,#10275,.F.);
#12486=ORIENTED_EDGE('',*,*,#12471,.F.);
#12487=ORIENTED_EDGE('',*,*,#9242,.T.);
#12488=EDGE_LOOP('',(#12484,#12485,#12486,#12487));
#12489=FACE_OUTER_BOUND('',#12488,.T.);
#12490=ADVANCED_FACE('',(#12489),#12479,.T.);
#12491=DIRECTION('',(0.963772,-0.266729,0));
#12492=DIRECTION('',(0,0,-1));
#12493=AXIS2_PLACEMENT_3D('',#1818,#12491,#12492);
#12494=PLANE('',#12493);
#12495=DIRECTION('',(0,0,1));
#12496=VECTOR('',#12495,5);
#12497=LINE('',#1818,#12496);
#12498=EDGE_CURVE('',#1819,#1861,#12497,.T.);
#12499=ORIENTED_EDGE('',*,*,#12498,.T.);
#12500=ORIENTED_EDGE('',*,*,#10280,.F.);
#12501=ORIENTED_EDGE('',*,*,#12483,.F.);
#12502=ORIENTED_EDGE('',*,*,#9237,.T.);
#12503=EDGE_LOOP('',(#12499,#12500,#12501,#12502));
#12504=FACE_OUTER_BOUND('',#12503,.T.);
#12505=ADVANCED_FACE('',(#12504),#12494,.T.);
#12506=DIRECTION('',(0.949522,-0.313699,0));
#12507=DIRECTION('',(0,0,-1));
#12508=AXIS2_PLACEMENT_3D('',#1818,#12506,#12507);
#12509=PLANE('',#12508);
#12510=ORIENTED_EDGE('',*,*,#9232,.T.);
#12511=DIRECTION('',(0,0,1));
#12512=VECTOR('',#12511,5);
#12513=LINE('',#1820,#12512);
#12514=EDGE_CURVE('',#1821,#1863,#12513,.T.);
#12515=ORIENTED_EDGE('',*,*,#12514,.T.);
#12516=ORIENTED_EDGE('',*,*,#10285,.F.);
#12517=ORIENTED_EDGE('',*,*,#12498,.F.);
#12518=EDGE_LOOP('',(#12510,#12515,#12516,#12517));
#12519=FACE_OUTER_BOUND('',#12518,.T.);
#12520=ADVANCED_FACE('',(#12519),#12509,.T.);
#12521=DIRECTION('',(0.932993,-0.359896,0));
#12522=DIRECTION('',(0,0,-1));
#12523=AXIS2_PLACEMENT_3D('',#1862,#12521,#12522);
#12524=PLANE('',#12523);
#12525=ORIENTED_EDGE('',*,*,#12514,.F.);
#12526=ORIENTED_EDGE('',*,*,#9227,.T.);
#12527=DIRECTION('',(0,0,1));
#12528=VECTOR('',#12527,5);
#12529=LINE('',#1822,#12528);
#12530=EDGE_CURVE('',#1823,#1865,#12529,.T.);
#12531=ORIENTED_EDGE('',*,*,#12530,.T.);
#12532=ORIENTED_EDGE('',*,*,#10290,.F.);
#12533=EDGE_LOOP('',(#12525,#12526,#12531,#12532));
#12534=FACE_OUTER_BOUND('',#12533,.T.);
#12535=ADVANCED_FACE('',(#12534),#12524,.T.);
#12536=DIRECTION('',(0.914208,-0.405246,0));
#12537=DIRECTION('',(0,0,-1));
#12538=AXIS2_PLACEMENT_3D('',#1866,#12536,#12537);
#12539=PLANE('',#12538);
#12540=ORIENTED_EDGE('',*,*,#10295,.F.);
#12541=ORIENTED_EDGE('',*,*,#12530,.F.);
#12542=ORIENTED_EDGE('',*,*,#9222,.T.);
#12543=DIRECTION('',(0,0,1));
#12544=VECTOR('',#12543,5);
#12545=LINE('',#1824,#12544);
#12546=EDGE_CURVE('',#1825,#1867,#12545,.T.);
#12547=ORIENTED_EDGE('',*,*,#12546,.T.);
#12548=EDGE_LOOP('',(#12540,#12541,#12542,#12547));
#12549=FACE_OUTER_BOUND('',#12548,.T.);
#12550=ADVANCED_FACE('',(#12549),#12539,.T.);
#12551=DIRECTION('',(0.893245,-0.449571,0));
#12552=DIRECTION('',(0,0,-1));
#12553=AXIS2_PLACEMENT_3D('',#1824,#12551,#12552);
#12554=PLANE('',#12553);
#12555=ORIENTED_EDGE('',*,*,#9217,.T.);
#12556=DIRECTION('',(0,0,1));
#12557=VECTOR('',#12556,5);
#12558=LINE('',#1826,#12557);
#12559=EDGE_CURVE('',#1827,#1869,#12558,.T.);
#12560=ORIENTED_EDGE('',*,*,#12559,.T.);
#12561=ORIENTED_EDGE('',*,*,#10300,.F.);
#12562=ORIENTED_EDGE('',*,*,#12546,.F.);
#12563=EDGE_LOOP('',(#12555,#12560,#12561,#12562));
#12564=FACE_OUTER_BOUND('',#12563,.T.);
#12565=ADVANCED_FACE('',(#12564),#12554,.T.);
#12566=DIRECTION('',(0.870087,-0.492898,0));
#12567=DIRECTION('',(0,0,-1));
#12568=AXIS2_PLACEMENT_3D('',#1828,#12566,#12567);
#12569=PLANE('',#12568);
#12570=DIRECTION('',(0,0,1));
#12571=VECTOR('',#12570,5);
#12572=LINE('',#1828,#12571);
#12573=EDGE_CURVE('',#1829,#1871,#12572,.T.);
#12574=ORIENTED_EDGE('',*,*,#12573,.T.);
#12575=ORIENTED_EDGE('',*,*,#10305,.F.);
#12576=ORIENTED_EDGE('',*,*,#12559,.F.);
#12577=ORIENTED_EDGE('',*,*,#9212,.T.);
#12578=EDGE_LOOP('',(#12574,#12575,#12576,#12577));
#12579=FACE_OUTER_BOUND('',#12578,.T.);
#12580=ADVANCED_FACE('',(#12579),#12569,.T.);
#12581=DIRECTION('',(0.844855,-0.534995,0));
#12582=DIRECTION('',(0,0,-1));
#12583=AXIS2_PLACEMENT_3D('',#1830,#12581,#12582);
#12584=PLANE('',#12583);
#12585=DIRECTION('',(0,0,1));
#12586=VECTOR('',#12585,5);
#12587=LINE('',#1830,#12586);
#12588=EDGE_CURVE('',#1831,#1873,#12587,.T.);
#12589=ORIENTED_EDGE('',*,*,#12588,.T.);
#12590=ORIENTED_EDGE('',*,*,#10310,.F.);
#12591=ORIENTED_EDGE('',*,*,#12573,.F.);
#12592=ORIENTED_EDGE('',*,*,#9207,.T.);
#12593=EDGE_LOOP('',(#12589,#12590,#12591,#12592));
#12594=FACE_OUTER_BOUND('',#12593,.T.);
#12595=ADVANCED_FACE('',(#12594),#12584,.T.);
#12596=DIRECTION('',(0.817597,-0.57579,0));
#12597=DIRECTION('',(0,0,-1));
#12598=AXIS2_PLACEMENT_3D('',#1874,#12596,#12597);
#12599=PLANE('',#12598);
#12600=ORIENTED_EDGE('',*,*,#10315,.F.);
#12601=ORIENTED_EDGE('',*,*,#12588,.F.);
#12602=ORIENTED_EDGE('',*,*,#9202,.T.);
#12603=DIRECTION('',(0,0,1));
#12604=VECTOR('',#12603,5);
#12605=LINE('',#1832,#12604);
#12606=EDGE_CURVE('',#1833,#1875,#12605,.T.);
#12607=ORIENTED_EDGE('',*,*,#12606,.T.);
#12608=EDGE_LOOP('',(#12600,#12601,#12602,#12607));
#12609=FACE_OUTER_BOUND('',#12608,.T.);
#12610=ADVANCED_FACE('',(#12609),#12599,.T.);
#12611=DIRECTION('',(0.788349,-0.615229,0));
#12612=DIRECTION('',(0,0,-1));
#12613=AXIS2_PLACEMENT_3D('',#1832,#12611,#12612);
#12614=PLANE('',#12613);
#12615=ORIENTED_EDGE('',*,*,#9197,.T.);
#12616=DIRECTION('',(0,0,1));
#12617=VECTOR('',#12616,5);
#12618=LINE('',#1834,#12617);
#12619=EDGE_CURVE('',#1835,#1877,#12618,.T.);
#12620=ORIENTED_EDGE('',*,*,#12619,.T.);
#12621=ORIENTED_EDGE('',*,*,#10320,.F.);
#12622=ORIENTED_EDGE('',*,*,#12606,.F.);
#12623=EDGE_LOOP('',(#12615,#12620,#12621,#12622));
#12624=FACE_OUTER_BOUND('',#12623,.T.);
#12625=ADVANCED_FACE('',(#12624),#12614,.T.);
#12626=DIRECTION('',(0.757158,-0.653232,0));
#12627=DIRECTION('',(0,0,-1));
#12628=AXIS2_PLACEMENT_3D('',#1836,#12626,#12627);
#12629=PLANE('',#12628);
#12630=DIRECTION('',(0,0,1));
#12631=VECTOR('',#12630,5);
#12632=LINE('',#1836,#12631);
#12633=EDGE_CURVE('',#1837,#1879,#12632,.T.);
#12634=ORIENTED_EDGE('',*,*,#12633,.T.);
#12635=ORIENTED_EDGE('',*,*,#10325,.F.);
#12636=ORIENTED_EDGE('',*,*,#12619,.F.);
#12637=ORIENTED_EDGE('',*,*,#9192,.T.);
#12638=EDGE_LOOP('',(#12634,#12635,#12636,#12637));
#12639=FACE_OUTER_BOUND('',#12638,.T.);
#12640=ADVANCED_FACE('',(#12639),#12629,.T.);
#12641=DIRECTION('',(0.724298,-0.689487,0));
#12642=DIRECTION('',(0,0,-1));
#12643=AXIS2_PLACEMENT_3D('',#1880,#12641,#12642);
#12644=PLANE('',#12643);
#12645=ORIENTED_EDGE('',*,*,#10330,.F.);
#12646=ORIENTED_EDGE('',*,*,#12633,.F.);
#12647=ORIENTED_EDGE('',*,*,#9187,.T.);
#12648=DIRECTION('',(0,0,1));
#12649=VECTOR('',#12648,5);
#12650=LINE('',#1838,#12649);
#12651=EDGE_CURVE('',#1839,#1881,#12650,.T.);
#12652=ORIENTED_EDGE('',*,*,#12651,.T.);
#12653=EDGE_LOOP('',(#12645,#12646,#12647,#12652));
#12654=FACE_OUTER_BOUND('',#12653,.T.);
#12655=ADVANCED_FACE('',(#12654),#12644,.T.);
#12656=DIRECTION('',(0.689478,-0.724306,0));
#12657=DIRECTION('',(0,0,-1));
#12658=AXIS2_PLACEMENT_3D('',#1838,#12656,#12657);
#12659=PLANE('',#12658);
#12660=ORIENTED_EDGE('',*,*,#9182,.T.);
#12661=DIRECTION('',(0,0,1));
#12662=VECTOR('',#12661,5);
#12663=LINE('',#1840,#12662);
#12664=EDGE_CURVE('',#1841,#1883,#12663,.T.);
#12665=ORIENTED_EDGE('',*,*,#12664,.T.);
#12666=ORIENTED_EDGE('',*,*,#10335,.F.);
#12667=ORIENTED_EDGE('',*,*,#12651,.F.);
#12668=EDGE_LOOP('',(#12660,#12665,#12666,#12667));
#12669=FACE_OUTER_BOUND('',#12668,.T.);
#12670=ADVANCED_FACE('',(#12669),#12659,.T.);
#12671=DIRECTION('',(0.653196,-0.757189,0));
#12672=DIRECTION('',(0,0,-1));
#12673=AXIS2_PLACEMENT_3D('',#1882,#12671,#12672);
#12674=PLANE('',#12673);
#12675=ORIENTED_EDGE('',*,*,#12664,.F.);
#12676=ORIENTED_EDGE('',*,*,#9177,.T.);
#12677=DIRECTION('',(0,0,1));
#12678=VECTOR('',#12677,5);
#12679=LINE('',#1842,#12678);
#12680=EDGE_CURVE('',#1843,#1885,#12679,.T.);
#12681=ORIENTED_EDGE('',*,*,#12680,.T.);
#12682=ORIENTED_EDGE('',*,*,#10340,.F.);
#12683=EDGE_LOOP('',(#12675,#12676,#12681,#12682));
#12684=FACE_OUTER_BOUND('',#12683,.T.);
#12685=ADVANCED_FACE('',(#12684),#12674,.T.);
#12686=DIRECTION('',(0.615199,-0.788372,0));
#12687=DIRECTION('',(0,0,-1));
#12688=AXIS2_PLACEMENT_3D('',#1886,#12686,#12687);
#12689=PLANE('',#12688);
#12690=ORIENTED_EDGE('',*,*,#10345,.F.);
#12691=ORIENTED_EDGE('',*,*,#12680,.F.);
#12692=ORIENTED_EDGE('',*,*,#9172,.T.);
#12693=DIRECTION('',(0,0,1));
#12694=VECTOR('',#12693,5);
#12695=LINE('',#1844,#12694);
#12696=EDGE_CURVE('',#1845,#1887,#12695,.T.);
#12697=ORIENTED_EDGE('',*,*,#12696,.T.);
#12698=EDGE_LOOP('',(#12690,#12691,#12692,#12697));
#12699=FACE_OUTER_BOUND('',#12698,.T.);
#12700=ADVANCED_FACE('',(#12699),#12689,.T.);
#12701=DIRECTION('',(0.575845,-0.817559,0));
#12702=DIRECTION('',(0,0,-1));
#12703=AXIS2_PLACEMENT_3D('',#1888,#12701,#12702);
#12704=PLANE('',#12703);
#12705=ORIENTED_EDGE('',*,*,#10350,.F.);
#12706=ORIENTED_EDGE('',*,*,#12696,.F.);
#12707=ORIENTED_EDGE('',*,*,#9167,.T.);
#12708=DIRECTION('',(0,0,1));
#12709=VECTOR('',#12708,5);
#12710=LINE('',#1846,#12709);
#12711=EDGE_CURVE('',#1847,#1889,#12710,.T.);
#12712=ORIENTED_EDGE('',*,*,#12711,.T.);
#12713=EDGE_LOOP('',(#12705,#12706,#12707,#12712));
#12714=FACE_OUTER_BOUND('',#12713,.T.);
#12715=ADVANCED_FACE('',(#12714),#12704,.T.);
#12716=DIRECTION('',(0.535057,-0.844816,0));
#12717=DIRECTION('',(0,0,-1));
#12718=AXIS2_PLACEMENT_3D('',#1890,#12716,#12717);
#12719=PLANE('',#12718);
#12720=DIRECTION('',(0,0,1));
#12721=VECTOR('',#12720,5);
#12722=LINE('',#1890,#12721);
#12723=EDGE_CURVE('',#1891,#1949,#12722,.T.);
#12724=ORIENTED_EDGE('',*,*,#12723,.T.);
#12725=ORIENTED_EDGE('',*,*,#10355,.F.);
#12726=ORIENTED_EDGE('',*,*,#12711,.F.);
#12727=ORIENTED_EDGE('',*,*,#9162,.T.);
#12728=EDGE_LOOP('',(#12724,#12725,#12726,#12727));
#12729=FACE_OUTER_BOUND('',#12728,.T.);
#12730=ADVANCED_FACE('',(#12729),#12719,.T.);
#12731=DIRECTION('',(0.492851,-0.870114,0));
#12732=DIRECTION('',(0,0,-1));
#12733=AXIS2_PLACEMENT_3D('',#1948,#12731,#12732);
#12734=PLANE('',#12733);
#12735=ORIENTED_EDGE('',*,*,#12723,.F.);
#12736=ORIENTED_EDGE('',*,*,#9157,.T.);
#12737=DIRECTION('',(0,0,1));
#12738=VECTOR('',#12737,5);
#12739=LINE('',#1892,#12738);
#12740=EDGE_CURVE('',#1893,#1951,#12739,.T.);
#12741=ORIENTED_EDGE('',*,*,#12740,.T.);
#12742=ORIENTED_EDGE('',*,*,#10360,.F.);
#12743=EDGE_LOOP('',(#12735,#12736,#12741,#12742));
#12744=FACE_OUTER_BOUND('',#12743,.T.);
#12745=ADVANCED_FACE('',(#12744),#12734,.T.);
#12746=DIRECTION('',(0.449667,-0.893196,0));
#12747=DIRECTION('',(0,0,-1));
#12748=AXIS2_PLACEMENT_3D('',#1950,#12746,#12747);
#12749=PLANE('',#12748);
#12750=ORIENTED_EDGE('',*,*,#12740,.F.);
#12751=ORIENTED_EDGE('',*,*,#9152,.T.);
#12752=DIRECTION('',(0,0,1));
#12753=VECTOR('',#12752,5);
#12754=LINE('',#1894,#12753);
#12755=EDGE_CURVE('',#1895,#1953,#12754,.T.);
#12756=ORIENTED_EDGE('',*,*,#12755,.T.);
#12757=ORIENTED_EDGE('',*,*,#10365,.F.);
#12758=EDGE_LOOP('',(#12750,#12751,#12756,#12757));
#12759=FACE_OUTER_BOUND('',#12758,.T.);
#12760=ADVANCED_FACE('',(#12759),#12749,.T.);
#12761=DIRECTION('',(0.405243,-0.914209,0));
#12762=DIRECTION('',(0,0,-1));
#12763=AXIS2_PLACEMENT_3D('',#1896,#12761,#12762);
#12764=PLANE('',#12763);
#12765=DIRECTION('',(0,0,1));
#12766=VECTOR('',#12765,5);
#12767=LINE('',#1896,#12766);
#12768=EDGE_CURVE('',#1897,#1955,#12767,.T.);
#12769=ORIENTED_EDGE('',*,*,#12768,.T.);
#12770=ORIENTED_EDGE('',*,*,#10370,.F.);
#12771=ORIENTED_EDGE('',*,*,#12755,.F.);
#12772=ORIENTED_EDGE('',*,*,#9147,.T.);
#12773=EDGE_LOOP('',(#12769,#12770,#12771,#12772));
#12774=FACE_OUTER_BOUND('',#12773,.T.);
#12775=ADVANCED_FACE('',(#12774),#12764,.T.);
#12776=DIRECTION('',(0.35989,-0.932995,0));
#12777=DIRECTION('',(0,0,-1));
#12778=AXIS2_PLACEMENT_3D('',#2036,#12776,#12777);
#12779=PLANE('',#12778);
#12780=ORIENTED_EDGE('',*,*,#10375,.F.);
#12781=ORIENTED_EDGE('',*,*,#12768,.F.);
#12782=ORIENTED_EDGE('',*,*,#9142,.T.);
#12783=DIRECTION('',(0,0,1));
#12784=VECTOR('',#12783,5);
#12785=LINE('',#2006,#12784);
#12786=EDGE_CURVE('',#2007,#2037,#12785,.T.);
#12787=ORIENTED_EDGE('',*,*,#12786,.T.);
#12788=EDGE_LOOP('',(#12780,#12781,#12782,#12787));
#12789=FACE_OUTER_BOUND('',#12788,.T.);
#12790=ADVANCED_FACE('',(#12789),#12779,.T.);
#12791=DIRECTION('',(-0.35989,-0.932995,0));
#12792=DIRECTION('',(0,-0,-1));
#12793=AXIS2_PLACEMENT_3D('',#2064,#12791,#12792);
#12794=PLANE('',#12793);
#12795=DIRECTION('',(0,0,1));
#12796=VECTOR('',#12795,5);
#12797=LINE('',#2034,#12796);
#12798=EDGE_CURVE('',#2035,#2065,#12797,.T.);
#12799=ORIENTED_EDGE('',*,*,#12798,.F.);
#12800=ORIENTED_EDGE('',*,*,#9067,.F.);
#12801=DIRECTION('',(0,0,1));
#12802=VECTOR('',#12801,5);
#12803=LINE('',#1898,#12802);
#12804=EDGE_CURVE('',#1899,#1957,#12803,.T.);
#12805=ORIENTED_EDGE('',*,*,#12804,.T.);
#12806=ORIENTED_EDGE('',*,*,#10450,.T.);
#12807=EDGE_LOOP('',(#12799,#12800,#12805,#12806));
#12808=FACE_OUTER_BOUND('',#12807,.T.);
#12809=ADVANCED_FACE('',(#12808),#12794,.T.);
#12810=DIRECTION('',(-0.405243,-0.914209,0));
#12811=DIRECTION('',(0,-0,-1));
#12812=AXIS2_PLACEMENT_3D('',#1900,#12810,#12811);
#12813=PLANE('',#12812);
#12814=DIRECTION('',(0,0,1));
#12815=VECTOR('',#12814,5);
#12816=LINE('',#1900,#12815);
#12817=EDGE_CURVE('',#1901,#1959,#12816,.T.);
#12818=ORIENTED_EDGE('',*,*,#12817,.T.);
#12819=ORIENTED_EDGE('',*,*,#10455,.F.);
#12820=ORIENTED_EDGE('',*,*,#12804,.F.);
#12821=ORIENTED_EDGE('',*,*,#9062,.T.);
#12822=EDGE_LOOP('',(#12818,#12819,#12820,#12821));
#12823=FACE_OUTER_BOUND('',#12822,.T.);
#12824=ADVANCED_FACE('',(#12823),#12813,.T.);
#12825=DIRECTION('',(-0.449667,-0.893196,0));
#12826=DIRECTION('',(0,-0,-1));
#12827=AXIS2_PLACEMENT_3D('',#1902,#12825,#12826);
#12828=PLANE('',#12827);
#12829=DIRECTION('',(0,0,1));
#12830=VECTOR('',#12829,5);
#12831=LINE('',#1902,#12830);
#12832=EDGE_CURVE('',#1903,#1961,#12831,.T.);
#12833=ORIENTED_EDGE('',*,*,#12832,.T.);
#12834=ORIENTED_EDGE('',*,*,#10460,.F.);
#12835=ORIENTED_EDGE('',*,*,#12817,.F.);
#12836=ORIENTED_EDGE('',*,*,#9057,.T.);
#12837=EDGE_LOOP('',(#12833,#12834,#12835,#12836));
#12838=FACE_OUTER_BOUND('',#12837,.T.);
#12839=ADVANCED_FACE('',(#12838),#12828,.T.);
#12840=DIRECTION('',(-0.535057,-0.844816,0));
#12841=DIRECTION('',(0,-0,-1));
#12842=AXIS2_PLACEMENT_3D('',#1962,#12840,#12841);
#12843=PLANE('',#12842);
#12844=DIRECTION('',(0,0,1));
#12845=VECTOR('',#12844,5);
#12846=LINE('',#1904,#12845);
#12847=EDGE_CURVE('',#1905,#1963,#12846,.T.);
#12848=ORIENTED_EDGE('',*,*,#12847,.F.);
#12849=ORIENTED_EDGE('',*,*,#9047,.T.);
#12850=DIRECTION('',(0,0,1));
#12851=VECTOR('',#12850,5);
#12852=LINE('',#1906,#12851);
#12853=EDGE_CURVE('',#1907,#1965,#12852,.T.);
#12854=ORIENTED_EDGE('',*,*,#12853,.T.);
#12855=ORIENTED_EDGE('',*,*,#10470,.F.);
#12856=EDGE_LOOP('',(#12848,#12849,#12854,#12855));
#12857=FACE_OUTER_BOUND('',#12856,.T.);
#12858=ADVANCED_FACE('',(#12857),#12843,.T.);
#12859=DIRECTION('',(-0.492851,-0.870114,0));
#12860=DIRECTION('',(0,-0,-1));
#12861=AXIS2_PLACEMENT_3D('',#1904,#12859,#12860);
#12862=PLANE('',#12861);
#12863=ORIENTED_EDGE('',*,*,#12847,.T.);
#12864=ORIENTED_EDGE('',*,*,#10465,.F.);
#12865=ORIENTED_EDGE('',*,*,#12832,.F.);
#12866=ORIENTED_EDGE('',*,*,#9052,.T.);
#12867=EDGE_LOOP('',(#12863,#12864,#12865,#12866));
#12868=FACE_OUTER_BOUND('',#12867,.T.);
#12869=ADVANCED_FACE('',(#12868),#12862,.T.);
#12870=DIRECTION('',(-0.575845,-0.817559,0));
#12871=DIRECTION('',(0,-0,-1));
#12872=AXIS2_PLACEMENT_3D('',#1906,#12870,#12871);
#12873=PLANE('',#12872);
#12874=ORIENTED_EDGE('',*,*,#9042,.T.);
#12875=DIRECTION('',(0,0,1));
#12876=VECTOR('',#12875,5);
#12877=LINE('',#1908,#12876);
#12878=EDGE_CURVE('',#1909,#1967,#12877,.T.);
#12879=ORIENTED_EDGE('',*,*,#12878,.T.);
#12880=ORIENTED_EDGE('',*,*,#10475,.F.);
#12881=ORIENTED_EDGE('',*,*,#12853,.F.);
#12882=EDGE_LOOP('',(#12874,#12879,#12880,#12881));
#12883=FACE_OUTER_BOUND('',#12882,.T.);
#12884=ADVANCED_FACE('',(#12883),#12873,.T.);
#12885=DIRECTION('',(-0.615199,-0.788372,0));
#12886=DIRECTION('',(0,-0,-1));
#12887=AXIS2_PLACEMENT_3D('',#1966,#12885,#12886);
#12888=PLANE('',#12887);
#12889=ORIENTED_EDGE('',*,*,#12878,.F.);
#12890=ORIENTED_EDGE('',*,*,#9037,.T.);
#12891=DIRECTION('',(0,0,1));
#12892=VECTOR('',#12891,5);
#12893=LINE('',#1934,#12892);
#12894=EDGE_CURVE('',#1935,#1993,#12893,.T.);
#12895=ORIENTED_EDGE('',*,*,#12894,.T.);
#12896=ORIENTED_EDGE('',*,*,#10480,.F.);
#12897=EDGE_LOOP('',(#12889,#12890,#12895,#12896));
#12898=FACE_OUTER_BOUND('',#12897,.T.);
#12899=ADVANCED_FACE('',(#12898),#12888,.T.);
#12900=DIRECTION('',(-0.999699,-0.024538,0));
#12901=DIRECTION('',(0,-0,1));
#12902=AXIS2_PLACEMENT_3D('',#1912,#12900,#12901);
#12903=PLANE('',#12902);
#12904=ORIENTED_EDGE('',*,*,#8947,.F.);
#12905=DIRECTION('',(0,0,1));
#12906=VECTOR('',#12905,5);
#12907=LINE('',#1910,#12906);
#12908=EDGE_CURVE('',#1911,#1969,#12907,.T.);
#12909=ORIENTED_EDGE('',*,*,#12908,.T.);
#12910=ORIENTED_EDGE('',*,*,#10570,.T.);
#12911=DIRECTION('',(0,0,1));
#12912=VECTOR('',#12911,5);
#12913=LINE('',#1912,#12912);
#12914=EDGE_CURVE('',#1913,#1971,#12913,.T.);
#12915=ORIENTED_EDGE('',*,*,#12914,.F.);
#12916=EDGE_LOOP('',(#12904,#12909,#12910,#12915));
#12917=FACE_OUTER_BOUND('',#12916,.T.);
#12918=ADVANCED_FACE('',(#12917),#12903,.T.);
#12919=DIRECTION('',(-0.99729,-0.073567,0));
#12920=DIRECTION('',(0,-0,1));
#12921=AXIS2_PLACEMENT_3D('',#1972,#12919,#12920);
#12922=PLANE('',#12921);
#12923=DIRECTION('',(0,0,1));
#12924=VECTOR('',#12923,5);
#12925=LINE('',#1914,#12924);
#12926=EDGE_CURVE('',#1915,#1973,#12925,.T.);
#12927=ORIENTED_EDGE('',*,*,#12926,.F.);
#12928=ORIENTED_EDGE('',*,*,#8952,.F.);
#12929=ORIENTED_EDGE('',*,*,#12914,.T.);
#12930=ORIENTED_EDGE('',*,*,#10565,.T.);
#12931=EDGE_LOOP('',(#12927,#12928,#12929,#12930));
#12932=FACE_OUTER_BOUND('',#12931,.T.);
#12933=ADVANCED_FACE('',(#12932),#12922,.T.);
#12934=DIRECTION('',(-0.992478,-0.122425,0));
#12935=DIRECTION('',(0,-0,1));
#12936=AXIS2_PLACEMENT_3D('',#1972,#12934,#12935);
#12937=PLANE('',#12936);
#12938=ORIENTED_EDGE('',*,*,#10560,.T.);
#12939=DIRECTION('',(0,0,1));
#12940=VECTOR('',#12939,5);
#12941=LINE('',#1916,#12940);
#12942=EDGE_CURVE('',#1917,#1975,#12941,.T.);
#12943=ORIENTED_EDGE('',*,*,#12942,.F.);
#12944=ORIENTED_EDGE('',*,*,#8957,.F.);
#12945=ORIENTED_EDGE('',*,*,#12926,.T.);
#12946=EDGE_LOOP('',(#12938,#12943,#12944,#12945));
#12947=FACE_OUTER_BOUND('',#12946,.T.);
#12948=ADVANCED_FACE('',(#12947),#12937,.T.);
#12949=DIRECTION('',(-0.975709,-0.219071,0));
#12950=DIRECTION('',(0,-0,1));
#12951=AXIS2_PLACEMENT_3D('',#1920,#12949,#12950);
#12952=PLANE('',#12951);
#12953=ORIENTED_EDGE('',*,*,#8967,.F.);
#12954=DIRECTION('',(0,0,1));
#12955=VECTOR('',#12954,5);
#12956=LINE('',#1918,#12955);
#12957=EDGE_CURVE('',#1919,#1977,#12956,.T.);
#12958=ORIENTED_EDGE('',*,*,#12957,.T.);
#12959=ORIENTED_EDGE('',*,*,#10550,.T.);
#12960=DIRECTION('',(0,0,1));
#12961=VECTOR('',#12960,5);
#12962=LINE('',#1920,#12961);
#12963=EDGE_CURVE('',#1921,#1979,#12962,.T.);
#12964=ORIENTED_EDGE('',*,*,#12963,.F.);
#12965=EDGE_LOOP('',(#12953,#12958,#12959,#12964));
#12966=FACE_OUTER_BOUND('',#12965,.T.);
#12967=ADVANCED_FACE('',(#12966),#12952,.T.);
#12968=DIRECTION('',(-0.963772,-0.266729,0));
#12969=DIRECTION('',(0,-0,1));
#12970=AXIS2_PLACEMENT_3D('',#1978,#12968,#12969);
#12971=PLANE('',#12970);
#12972=ORIENTED_EDGE('',*,*,#10545,.T.);
#12973=DIRECTION('',(0,0,1));
#12974=VECTOR('',#12973,5);
#12975=LINE('',#1922,#12974);
#12976=EDGE_CURVE('',#1923,#1981,#12975,.T.);
#12977=ORIENTED_EDGE('',*,*,#12976,.F.);
#12978=ORIENTED_EDGE('',*,*,#8972,.F.);
#12979=ORIENTED_EDGE('',*,*,#12963,.T.);
#12980=EDGE_LOOP('',(#12972,#12977,#12978,#12979));
#12981=FACE_OUTER_BOUND('',#12980,.T.);
#12982=ADVANCED_FACE('',(#12981),#12971,.T.);
#12983=DIRECTION('',(-0.949522,-0.313699,0));
#12984=DIRECTION('',(0,-0,1));
#12985=AXIS2_PLACEMENT_3D('',#1944,#12983,#12984);
#12986=PLANE('',#12985);
#12987=ORIENTED_EDGE('',*,*,#8977,.F.);
#12988=ORIENTED_EDGE('',*,*,#12976,.T.);
#12989=ORIENTED_EDGE('',*,*,#10540,.T.);
#12990=DIRECTION('',(0,0,1));
#12991=VECTOR('',#12990,5);
#12992=LINE('',#1944,#12991);
#12993=EDGE_CURVE('',#1945,#2003,#12992,.T.);
#12994=ORIENTED_EDGE('',*,*,#12993,.F.);
#12995=EDGE_LOOP('',(#12987,#12988,#12989,#12994));
#12996=FACE_OUTER_BOUND('',#12995,.T.);
#12997=ADVANCED_FACE('',(#12996),#12986,.T.);
#12998=DIRECTION('',(-0.985279,-0.170956,0));
#12999=DIRECTION('',(0,-0,1));
#13000=AXIS2_PLACEMENT_3D('',#1974,#12998,#12999);
#13001=PLANE('',#13000);
#13002=ORIENTED_EDGE('',*,*,#10555,.T.);
#13003=ORIENTED_EDGE('',*,*,#12957,.F.);
#13004=ORIENTED_EDGE('',*,*,#8962,.F.);
#13005=ORIENTED_EDGE('',*,*,#12942,.T.);
#13006=EDGE_LOOP('',(#13002,#13003,#13004,#13005));
#13007=FACE_OUTER_BOUND('',#13006,.T.);
#13008=ADVANCED_FACE('',(#13007),#13001,.T.);
#13009=DIRECTION('',(-0.893245,-0.449571,0));
#13010=DIRECTION('',(0,-0,-1));
#13011=AXIS2_PLACEMENT_3D('',#1982,#13009,#13010);
#13012=PLANE('',#13011);
#13013=ORIENTED_EDGE('',*,*,#10525,.T.);
#13014=DIRECTION('',(0,0,1));
#13015=VECTOR('',#13014,5);
#13016=LINE('',#1932,#13015);
#13017=EDGE_CURVE('',#1933,#1991,#13016,.T.);
#13018=ORIENTED_EDGE('',*,*,#13017,.F.);
#13019=ORIENTED_EDGE('',*,*,#8992,.F.);
#13020=DIRECTION('',(0,0,1));
#13021=VECTOR('',#13020,5);
#13022=LINE('',#1924,#13021);
#13023=EDGE_CURVE('',#1925,#1983,#13022,.T.);
#13024=ORIENTED_EDGE('',*,*,#13023,.T.);
#13025=EDGE_LOOP('',(#13013,#13018,#13019,#13024));
#13026=FACE_OUTER_BOUND('',#13025,.T.);
#13027=ADVANCED_FACE('',(#13026),#13012,.T.);
#13028=DIRECTION('',(-0.788349,-0.615229,0));
#13029=DIRECTION('',(0,-0,-1));
#13030=AXIS2_PLACEMENT_3D('',#2000,#13028,#13029);
#13031=PLANE('',#13030);
#13032=DIRECTION('',(0,0,1));
#13033=VECTOR('',#13032,5);
#13034=LINE('',#1942,#13033);
#13035=EDGE_CURVE('',#1943,#2001,#13034,.T.);
#13036=ORIENTED_EDGE('',*,*,#13035,.F.);
#13037=ORIENTED_EDGE('',*,*,#9012,.F.);
#13038=DIRECTION('',(0,0,1));
#13039=VECTOR('',#13038,5);
#13040=LINE('',#1928,#13039);
#13041=EDGE_CURVE('',#1929,#1987,#13040,.T.);
#13042=ORIENTED_EDGE('',*,*,#13041,.T.);
#13043=ORIENTED_EDGE('',*,*,#10505,.T.);
#13044=EDGE_LOOP('',(#13036,#13037,#13042,#13043));
#13045=FACE_OUTER_BOUND('',#13044,.T.);
#13046=ADVANCED_FACE('',(#13045),#13031,.T.);
#13047=DIRECTION('',(-0.817597,-0.57579,0));
#13048=DIRECTION('',(0,-0,-1));
#13049=AXIS2_PLACEMENT_3D('',#1984,#13047,#13048);
#13050=PLANE('',#13049);
#13051=ORIENTED_EDGE('',*,*,#10510,.T.);
#13052=ORIENTED_EDGE('',*,*,#13041,.F.);
#13053=ORIENTED_EDGE('',*,*,#9007,.F.);
#13054=DIRECTION('',(0,0,1));
#13055=VECTOR('',#13054,5);
#13056=LINE('',#1926,#13055);
#13057=EDGE_CURVE('',#1927,#1985,#13056,.T.);
#13058=ORIENTED_EDGE('',*,*,#13057,.T.);
#13059=EDGE_LOOP('',(#13051,#13052,#13053,#13058));
#13060=FACE_OUTER_BOUND('',#13059,.T.);
#13061=ADVANCED_FACE('',(#13060),#13050,.T.);
#13062=DIRECTION('',(-0.870087,-0.492898,0));
#13063=DIRECTION('',(0,-0,-1));
#13064=AXIS2_PLACEMENT_3D('',#1988,#13062,#13063);
#13065=PLANE('',#13064);
#13066=DIRECTION('',(0,0,1));
#13067=VECTOR('',#13066,5);
#13068=LINE('',#1930,#13067);
#13069=EDGE_CURVE('',#1931,#1989,#13068,.T.);
#13070=ORIENTED_EDGE('',*,*,#13069,.F.);
#13071=ORIENTED_EDGE('',*,*,#8997,.T.);
#13072=ORIENTED_EDGE('',*,*,#13017,.T.);
#13073=ORIENTED_EDGE('',*,*,#10520,.F.);
#13074=EDGE_LOOP('',(#13070,#13071,#13072,#13073));
#13075=FACE_OUTER_BOUND('',#13074,.T.);
#13076=ADVANCED_FACE('',(#13075),#13065,.T.);
#13077=DIRECTION('',(-0.844855,-0.534995,0));
#13078=DIRECTION('',(0,-0,-1));
#13079=AXIS2_PLACEMENT_3D('',#1930,#13077,#13078);
#13080=PLANE('',#13079);
#13081=ORIENTED_EDGE('',*,*,#13069,.T.);
#13082=ORIENTED_EDGE('',*,*,#10515,.F.);
#13083=ORIENTED_EDGE('',*,*,#13057,.F.);
#13084=ORIENTED_EDGE('',*,*,#9002,.T.);
#13085=EDGE_LOOP('',(#13081,#13082,#13083,#13084));
#13086=FACE_OUTER_BOUND('',#13085,.T.);
#13087=ADVANCED_FACE('',(#13086),#13080,.T.);
#13088=DIRECTION('',(-0.653196,-0.757189,0));
#13089=DIRECTION('',(0,-0,-1));
#13090=AXIS2_PLACEMENT_3D('',#1936,#13088,#13089);
#13091=PLANE('',#13090);
#13092=DIRECTION('',(0,0,1));
#13093=VECTOR('',#13092,5);
#13094=LINE('',#1936,#13093);
#13095=EDGE_CURVE('',#1937,#1995,#13094,.T.);
#13096=ORIENTED_EDGE('',*,*,#13095,.T.);
#13097=ORIENTED_EDGE('',*,*,#10485,.F.);
#13098=ORIENTED_EDGE('',*,*,#12894,.F.);
#13099=ORIENTED_EDGE('',*,*,#9032,.T.);
#13100=EDGE_LOOP('',(#13096,#13097,#13098,#13099));
#13101=FACE_OUTER_BOUND('',#13100,.T.);
#13102=ADVANCED_FACE('',(#13101),#13091,.T.);
#13103=DIRECTION('',(-0.689478,-0.724306,0));
#13104=DIRECTION('',(0,-0,-1));
#13105=AXIS2_PLACEMENT_3D('',#1936,#13103,#13104);
#13106=PLANE('',#13105);
#13107=ORIENTED_EDGE('',*,*,#9027,.T.);
#13108=DIRECTION('',(0,0,1));
#13109=VECTOR('',#13108,5);
#13110=LINE('',#1940,#13109);
#13111=EDGE_CURVE('',#1941,#1999,#13110,.T.);
#13112=ORIENTED_EDGE('',*,*,#13111,.T.);
#13113=ORIENTED_EDGE('',*,*,#10490,.F.);
#13114=ORIENTED_EDGE('',*,*,#13095,.F.);
#13115=EDGE_LOOP('',(#13107,#13112,#13113,#13114));
#13116=FACE_OUTER_BOUND('',#13115,.T.);
#13117=ADVANCED_FACE('',(#13116),#13106,.T.);
#13118=DIRECTION('',(-0.724298,-0.689487,0));
#13119=DIRECTION('',(0,-0,-1));
#13120=AXIS2_PLACEMENT_3D('',#1996,#13118,#13119);
#13121=PLANE('',#13120);
#13122=ORIENTED_EDGE('',*,*,#10495,.T.);
#13123=ORIENTED_EDGE('',*,*,#13111,.F.);
#13124=ORIENTED_EDGE('',*,*,#9022,.F.);
#13125=DIRECTION('',(0,0,1));
#13126=VECTOR('',#13125,5);
#13127=LINE('',#1938,#13126);
#13128=EDGE_CURVE('',#1939,#1997,#13127,.T.);
#13129=ORIENTED_EDGE('',*,*,#13128,.T.);
#13130=EDGE_LOOP('',(#13122,#13123,#13124,#13129));
#13131=FACE_OUTER_BOUND('',#13130,.T.);
#13132=ADVANCED_FACE('',(#13131),#13121,.T.);
#13133=DIRECTION('',(-0.757158,-0.653232,0));
#13134=DIRECTION('',(0,-0,-1));
#13135=AXIS2_PLACEMENT_3D('',#1942,#13133,#13134);
#13136=PLANE('',#13135);
#13137=ORIENTED_EDGE('',*,*,#13035,.T.);
#13138=ORIENTED_EDGE('',*,*,#10500,.F.);
#13139=ORIENTED_EDGE('',*,*,#13128,.F.);
#13140=ORIENTED_EDGE('',*,*,#9017,.T.);
#13141=EDGE_LOOP('',(#13137,#13138,#13139,#13140));
#13142=FACE_OUTER_BOUND('',#13141,.T.);
#13143=ADVANCED_FACE('',(#13142),#13136,.T.);
#13144=DIRECTION('',(-0.932993,-0.359896,0));
#13145=DIRECTION('',(0,-0,1));
#13146=AXIS2_PLACEMENT_3D('',#1946,#13144,#13145);
#13147=PLANE('',#13146);
#13148=ORIENTED_EDGE('',*,*,#8982,.F.);
#13149=ORIENTED_EDGE('',*,*,#12993,.T.);
#13150=ORIENTED_EDGE('',*,*,#10535,.T.);
#13151=DIRECTION('',(0,0,1));
#13152=VECTOR('',#13151,5);
#13153=LINE('',#1946,#13152);
#13154=EDGE_CURVE('',#1947,#2005,#13153,.T.);
#13155=ORIENTED_EDGE('',*,*,#13154,.F.);
#13156=EDGE_LOOP('',(#13148,#13149,#13150,#13155));
#13157=FACE_OUTER_BOUND('',#13156,.T.);
#13158=ADVANCED_FACE('',(#13157),#13147,.T.);
#13159=DIRECTION('',(-0.914208,-0.405246,0));
#13160=DIRECTION('',(0,-0,1));
#13161=AXIS2_PLACEMENT_3D('',#1982,#13159,#13160);
#13162=PLANE('',#13161);
#13163=ORIENTED_EDGE('',*,*,#13023,.F.);
#13164=ORIENTED_EDGE('',*,*,#8987,.T.);
#13165=ORIENTED_EDGE('',*,*,#13154,.T.);
#13166=ORIENTED_EDGE('',*,*,#10530,.F.);
#13167=EDGE_LOOP('',(#13163,#13164,#13165,#13166));
#13168=FACE_OUTER_BOUND('',#13167,.T.);
#13169=ADVANCED_FACE('',(#13168),#13162,.T.);
#13170=DIRECTION('',(0.313627,-0.949546,0));
#13171=DIRECTION('',(0,0,-1));
#13172=AXIS2_PLACEMENT_3D('',#2006,#13170,#13171);
#13173=PLANE('',#13172);
#13174=ORIENTED_EDGE('',*,*,#9137,.T.);
#13175=DIRECTION('',(0,0,1));
#13176=VECTOR('',#13175,5);
#13177=LINE('',#2008,#13176);
#13178=EDGE_CURVE('',#2009,#2039,#13177,.T.);
#13179=ORIENTED_EDGE('',*,*,#13178,.T.);
#13180=ORIENTED_EDGE('',*,*,#10380,.F.);
#13181=ORIENTED_EDGE('',*,*,#12786,.F.);
#13182=EDGE_LOOP('',(#13174,#13179,#13180,#13181));
#13183=FACE_OUTER_BOUND('',#13182,.T.);
#13184=ADVANCED_FACE('',(#13183),#13173,.T.);
#13185=DIRECTION('',(0.266632,-0.963798,0));
#13186=DIRECTION('',(0,0,-1));
#13187=AXIS2_PLACEMENT_3D('',#2040,#13185,#13186);
#13188=PLANE('',#13187);
#13189=ORIENTED_EDGE('',*,*,#10385,.F.);
#13190=ORIENTED_EDGE('',*,*,#13178,.F.);
#13191=ORIENTED_EDGE('',*,*,#9132,.T.);
#13192=DIRECTION('',(0,0,1));
#13193=VECTOR('',#13192,5);
#13194=LINE('',#2010,#13193);
#13195=EDGE_CURVE('',#2011,#2041,#13194,.T.);
#13196=ORIENTED_EDGE('',*,*,#13195,.T.);
#13197=EDGE_LOOP('',(#13189,#13190,#13191,#13196));
#13198=FACE_OUTER_BOUND('',#13197,.T.);
#13199=ADVANCED_FACE('',(#13198),#13188,.T.);
#13200=DIRECTION('',(0.219082,-0.975707,0));
#13201=DIRECTION('',(0,0,-1));
#13202=AXIS2_PLACEMENT_3D('',#2012,#13200,#13201);
#13203=PLANE('',#13202);
#13204=DIRECTION('',(0,0,1));
#13205=VECTOR('',#13204,5);
#13206=LINE('',#2012,#13205);
#13207=EDGE_CURVE('',#2013,#2043,#13206,.T.);
#13208=ORIENTED_EDGE('',*,*,#13207,.T.);
#13209=ORIENTED_EDGE('',*,*,#10390,.F.);
#13210=ORIENTED_EDGE('',*,*,#13195,.F.);
#13211=ORIENTED_EDGE('',*,*,#9127,.T.);
#13212=EDGE_LOOP('',(#13208,#13209,#13210,#13211));
#13213=FACE_OUTER_BOUND('',#13212,.T.);
#13214=ADVANCED_FACE('',(#13213),#13203,.T.);
#13215=DIRECTION('',(0.170984,-0.985274,0));
#13216=DIRECTION('',(0,0,-1));
#13217=AXIS2_PLACEMENT_3D('',#2044,#13215,#13216);
#13218=PLANE('',#13217);
#13219=ORIENTED_EDGE('',*,*,#10395,.F.);
#13220=ORIENTED_EDGE('',*,*,#13207,.F.);
#13221=ORIENTED_EDGE('',*,*,#9122,.T.);
#13222=DIRECTION('',(0,0,1));
#13223=VECTOR('',#13222,5);
#13224=LINE('',#2014,#13223);
#13225=EDGE_CURVE('',#2015,#2045,#13224,.T.);
#13226=ORIENTED_EDGE('',*,*,#13225,.T.);
#13227=EDGE_LOOP('',(#13219,#13220,#13221,#13226));
#13228=FACE_OUTER_BOUND('',#13227,.T.);
#13229=ADVANCED_FACE('',(#13228),#13218,.T.);
#13230=DIRECTION('',(0.122521,-0.992466,0));
#13231=DIRECTION('',(0,0,-1));
#13232=AXIS2_PLACEMENT_3D('',#2016,#13230,#13231);
#13233=PLANE('',#13232);
#13234=DIRECTION('',(0,0,1));
#13235=VECTOR('',#13234,5);
#13236=LINE('',#2016,#13235);
#13237=EDGE_CURVE('',#2017,#2047,#13236,.T.);
#13238=ORIENTED_EDGE('',*,*,#13237,.T.);
#13239=ORIENTED_EDGE('',*,*,#10400,.F.);
#13240=ORIENTED_EDGE('',*,*,#13225,.F.);
#13241=ORIENTED_EDGE('',*,*,#9117,.T.);
#13242=EDGE_LOOP('',(#13238,#13239,#13240,#13241));
#13243=FACE_OUTER_BOUND('',#13242,.T.);
#13244=ADVANCED_FACE('',(#13243),#13233,.T.);
#13245=DIRECTION('',(0.073515,-0.997294,0));
#13246=DIRECTION('',(0,0,-1));
#13247=AXIS2_PLACEMENT_3D('',#2048,#13245,#13246);
#13248=PLANE('',#13247);
#13249=ORIENTED_EDGE('',*,*,#10405,.F.);
#13250=ORIENTED_EDGE('',*,*,#13237,.F.);
#13251=ORIENTED_EDGE('',*,*,#9112,.T.);
#13252=DIRECTION('',(0,0,1));
#13253=VECTOR('',#13252,5);
#13254=LINE('',#2018,#13253);
#13255=EDGE_CURVE('',#2019,#2049,#13254,.T.);
#13256=ORIENTED_EDGE('',*,*,#13255,.T.);
#13257=EDGE_LOOP('',(#13249,#13250,#13251,#13256));
#13258=FACE_OUTER_BOUND('',#13257,.T.);
#13259=ADVANCED_FACE('',(#13258),#13248,.T.);
#13260=DIRECTION('',(0.024505,-0.9997,0));
#13261=DIRECTION('',(0,0,-1));
#13262=AXIS2_PLACEMENT_3D('',#2020,#13260,#13261);
#13263=PLANE('',#13262);
#13264=DIRECTION('',(0,0,1));
#13265=VECTOR('',#13264,5);
#13266=LINE('',#2020,#13265);
#13267=EDGE_CURVE('',#2021,#2051,#13266,.T.);
#13268=ORIENTED_EDGE('',*,*,#13267,.T.);
#13269=ORIENTED_EDGE('',*,*,#10410,.F.);
#13270=ORIENTED_EDGE('',*,*,#13255,.F.);
#13271=ORIENTED_EDGE('',*,*,#9107,.T.);
#13272=EDGE_LOOP('',(#13268,#13269,#13270,#13271));
#13273=FACE_OUTER_BOUND('',#13272,.T.);
#13274=ADVANCED_FACE('',(#13273),#13263,.T.);
#13275=DIRECTION('',(-0.024505,-0.9997,0));
#13276=DIRECTION('',(0,-0,-1));
#13277=AXIS2_PLACEMENT_3D('',#2050,#13275,#13276);
#13278=PLANE('',#13277);
#13279=ORIENTED_EDGE('',*,*,#13267,.F.);
#13280=ORIENTED_EDGE('',*,*,#9102,.T.);
#13281=DIRECTION('',(0,0,1));
#13282=VECTOR('',#13281,5);
#13283=LINE('',#2022,#13282);
#13284=EDGE_CURVE('',#2023,#2053,#13283,.T.);
#13285=ORIENTED_EDGE('',*,*,#13284,.T.);
#13286=ORIENTED_EDGE('',*,*,#10415,.F.);
#13287=EDGE_LOOP('',(#13279,#13280,#13285,#13286));
#13288=FACE_OUTER_BOUND('',#13287,.T.);
#13289=ADVANCED_FACE('',(#13288),#13278,.T.);
#13290=DIRECTION('',(-0.073515,-0.997294,0));
#13291=DIRECTION('',(0,-0,-1));
#13292=AXIS2_PLACEMENT_3D('',#2054,#13290,#13291);
#13293=PLANE('',#13292);
#13294=ORIENTED_EDGE('',*,*,#10420,.F.);
#13295=ORIENTED_EDGE('',*,*,#13284,.F.);
#13296=ORIENTED_EDGE('',*,*,#9097,.T.);
#13297=DIRECTION('',(0,0,1));
#13298=VECTOR('',#13297,5);
#13299=LINE('',#2024,#13298);
#13300=EDGE_CURVE('',#2025,#2055,#13299,.T.);
#13301=ORIENTED_EDGE('',*,*,#13300,.T.);
#13302=EDGE_LOOP('',(#13294,#13295,#13296,#13301));
#13303=FACE_OUTER_BOUND('',#13302,.T.);
#13304=ADVANCED_FACE('',(#13303),#13293,.T.);
#13305=DIRECTION('',(-0.122521,-0.992466,0));
#13306=DIRECTION('',(0,-0,-1));
#13307=AXIS2_PLACEMENT_3D('',#2024,#13305,#13306);
#13308=PLANE('',#13307);
#13309=ORIENTED_EDGE('',*,*,#9092,.T.);
#13310=DIRECTION('',(0,0,1));
#13311=VECTOR('',#13310,5);
#13312=LINE('',#2026,#13311);
#13313=EDGE_CURVE('',#2027,#2057,#13312,.T.);
#13314=ORIENTED_EDGE('',*,*,#13313,.T.);
#13315=ORIENTED_EDGE('',*,*,#10425,.F.);
#13316=ORIENTED_EDGE('',*,*,#13300,.F.);
#13317=EDGE_LOOP('',(#13309,#13314,#13315,#13316));
#13318=FACE_OUTER_BOUND('',#13317,.T.);
#13319=ADVANCED_FACE('',(#13318),#13308,.T.);
#13320=DIRECTION('',(-0.170984,-0.985274,0));
#13321=DIRECTION('',(0,-0,-1));
#13322=AXIS2_PLACEMENT_3D('',#2058,#13320,#13321);
#13323=PLANE('',#13322);
#13324=ORIENTED_EDGE('',*,*,#10430,.F.);
#13325=ORIENTED_EDGE('',*,*,#13313,.F.);
#13326=ORIENTED_EDGE('',*,*,#9087,.T.);
#13327=DIRECTION('',(0,0,1));
#13328=VECTOR('',#13327,5);
#13329=LINE('',#2028,#13328);
#13330=EDGE_CURVE('',#2029,#2059,#13329,.T.);
#13331=ORIENTED_EDGE('',*,*,#13330,.T.);
#13332=EDGE_LOOP('',(#13324,#13325,#13326,#13331));
#13333=FACE_OUTER_BOUND('',#13332,.T.);
#13334=ADVANCED_FACE('',(#13333),#13323,.T.);
#13335=DIRECTION('',(-0.219082,-0.975707,0));
#13336=DIRECTION('',(0,-0,-1));
#13337=AXIS2_PLACEMENT_3D('',#2030,#13335,#13336);
#13338=PLANE('',#13337);
#13339=DIRECTION('',(0,0,1));
#13340=VECTOR('',#13339,5);
#13341=LINE('',#2030,#13340);
#13342=EDGE_CURVE('',#2031,#2061,#13341,.T.);
#13343=ORIENTED_EDGE('',*,*,#13342,.T.);
#13344=ORIENTED_EDGE('',*,*,#10435,.F.);
#13345=ORIENTED_EDGE('',*,*,#13330,.F.);
#13346=ORIENTED_EDGE('',*,*,#9082,.T.);
#13347=EDGE_LOOP('',(#13343,#13344,#13345,#13346));
#13348=FACE_OUTER_BOUND('',#13347,.T.);
#13349=ADVANCED_FACE('',(#13348),#13338,.T.);
#13350=DIRECTION('',(-0.266632,-0.963798,0));
#13351=DIRECTION('',(0,-0,-1));
#13352=AXIS2_PLACEMENT_3D('',#2060,#13350,#13351);
#13353=PLANE('',#13352);
#13354=ORIENTED_EDGE('',*,*,#13342,.F.);
#13355=ORIENTED_EDGE('',*,*,#9077,.T.);
#13356=DIRECTION('',(0,0,1));
#13357=VECTOR('',#13356,5);
#13358=LINE('',#2032,#13357);
#13359=EDGE_CURVE('',#2033,#2063,#13358,.T.);
#13360=ORIENTED_EDGE('',*,*,#13359,.T.);
#13361=ORIENTED_EDGE('',*,*,#10440,.F.);
#13362=EDGE_LOOP('',(#13354,#13355,#13360,#13361));
#13363=FACE_OUTER_BOUND('',#13362,.T.);
#13364=ADVANCED_FACE('',(#13363),#13353,.T.);
#13365=DIRECTION('',(-0.313627,-0.949546,0));
#13366=DIRECTION('',(0,-0,-1));
#13367=AXIS2_PLACEMENT_3D('',#2034,#13365,#13366);
#13368=PLANE('',#13367);
#13369=ORIENTED_EDGE('',*,*,#12798,.T.);
#13370=ORIENTED_EDGE('',*,*,#10445,.F.);
#13371=ORIENTED_EDGE('',*,*,#13359,.F.);
#13372=ORIENTED_EDGE('',*,*,#9072,.T.);
#13373=EDGE_LOOP('',(#13369,#13370,#13371,#13372));
#13374=FACE_OUTER_BOUND('',#13373,.T.);
#13375=ADVANCED_FACE('',(#13374),#13368,.T.);
#13376=DIRECTION('',(1,0,0));
#13377=DIRECTION('',(0,0,-1));
#13378=AXIS2_PLACEMENT_3D('',#1338,#13376,#13377);
#13379=PLANE('',#13378);
#13380=ORIENTED_EDGE('',*,*,#11751,.F.);
#13381=ORIENTED_EDGE('',*,*,#9267,.T.);
#13382=ORIENTED_EDGE('',*,*,#12426,.T.);
#13383=ORIENTED_EDGE('',*,*,#10250,.F.);
#13384=EDGE_LOOP('',(#13380,#13381,#13382,#13383));
#13385=FACE_OUTER_BOUND('',#13384,.T.);
#13386=ADVANCED_FACE('',(#13385),#13379,.T.);
#13387=DIRECTION('',(-1,0,0));
#13388=DIRECTION('',(0,-0,1));
#13389=AXIS2_PLACEMENT_3D('',#1968,#13387,#13388);
#13390=PLANE('',#13389);
#13391=ORIENTED_EDGE('',*,*,#12908,.F.);
#13392=ORIENTED_EDGE('',*,*,#8942,.F.);
#13393=ORIENTED_EDGE('',*,*,#12405,.T.);
#13394=ORIENTED_EDGE('',*,*,#10575,.T.);
#13395=EDGE_LOOP('',(#13391,#13392,#13393,#13394));
#13396=FACE_OUTER_BOUND('',#13395,.T.);
#13397=ADVANCED_FACE('',(#13396),#13390,.T.);
#13398=DIRECTION('',(-1,0,0));
#13399=DIRECTION('',(0,-0,1));
#13400=AXIS2_PLACEMENT_3D('',#14,#13398,#13399);
#13401=PLANE('',#13400);
#13402=ORIENTED_EDGE('',*,*,#2138,.T.);
#13403=ORIENTED_EDGE('',*,*,#10777,.T.);
#13404=ORIENTED_EDGE('',*,*,#2618,.F.);
#13405=ORIENTED_EDGE('',*,*,#9440,.F.);
#13406=EDGE_LOOP('',(#13402,#13403,#13404,#13405));
#13407=FACE_OUTER_BOUND('',#13406,.T.);
#13408=ADVANCED_FACE('',(#13407),#13401,.T.);
#13409=DIRECTION('',(1,0,0));
#13410=DIRECTION('',(0,0,-1));
#13411=AXIS2_PLACEMENT_3D('',#278,#13409,#13410);
#13412=PLANE('',#13411);
#13413=ORIENTED_EDGE('',*,*,#9446,.T.);
#13414=ORIENTED_EDGE('',*,*,#2608,.T.);
#13415=ORIENTED_EDGE('',*,*,#2575,.F.);
#13416=ORIENTED_EDGE('',*,*,#2148,.F.);
#13417=EDGE_LOOP('',(#13413,#13414,#13415,#13416));
#13418=FACE_OUTER_BOUND('',#13417,.T.);
#13419=ADVANCED_FACE('',(#13418),#13412,.T.);
#13420=DIRECTION('',(0.757158,0.653232,0));
#13421=DIRECTION('',(0,0,1));
#13422=AXIS2_PLACEMENT_3D('',#134,#13420,#13421);
#13423=PLANE('',#13422);
#13424=ORIENTED_EDGE('',*,*,#11307,.F.);
#13425=DIRECTION('',(0,0,1));
#13426=VECTOR('',#13425,5);
#13427=LINE('',#18,#13426);
#13428=EDGE_CURVE('',#19,#107,#13427,.T.);
#13429=ORIENTED_EDGE('',*,*,#13428,.F.);
#13430=ORIENTED_EDGE('',*,*,#9678,.T.);
#13431=DIRECTION('',(0,0,1));
#13432=VECTOR('',#13431,5);
#13433=LINE('',#46,#13432);
#13434=EDGE_CURVE('',#47,#135,#13433,.T.);
#13435=ORIENTED_EDGE('',*,*,#13434,.T.);
#13436=EDGE_LOOP('',(#13424,#13429,#13430,#13435));
#13437=FACE_OUTER_BOUND('',#13436,.T.);
#13438=ADVANCED_FACE('',(#13437),#13423,.T.);
#13439=DIRECTION('',(0.724298,0.689487,-0));
#13440=DIRECTION('',(-0,0,1));
#13441=AXIS2_PLACEMENT_3D('',#18,#13439,#13440);
#13442=PLANE('',#13441);
#13443=ORIENTED_EDGE('',*,*,#13428,.T.);
#13444=ORIENTED_EDGE('',*,*,#11302,.T.);
#13445=DIRECTION('',(0,0,1));
#13446=VECTOR('',#13445,5);
#13447=LINE('',#20,#13446);
#13448=EDGE_CURVE('',#21,#109,#13447,.T.);
#13449=ORIENTED_EDGE('',*,*,#13448,.F.);
#13450=ORIENTED_EDGE('',*,*,#9683,.F.);
#13451=EDGE_LOOP('',(#13443,#13444,#13449,#13450));
#13452=FACE_OUTER_BOUND('',#13451,.T.);
#13453=ADVANCED_FACE('',(#13452),#13442,.T.);
#13454=DIRECTION('',(0.653196,0.757189,-0));
#13455=DIRECTION('',(-0,0,1));
#13456=AXIS2_PLACEMENT_3D('',#22,#13454,#13455);
#13457=PLANE('',#13456);
#13458=DIRECTION('',(0,0,1));
#13459=VECTOR('',#13458,5);
#13460=LINE('',#22,#13459);
#13461=EDGE_CURVE('',#23,#111,#13460,.T.);
#13462=ORIENTED_EDGE('',*,*,#13461,.T.);
#13463=ORIENTED_EDGE('',*,*,#11292,.T.);
#13464=DIRECTION('',(0,0,1));
#13465=VECTOR('',#13464,5);
#13466=LINE('',#24,#13465);
#13467=EDGE_CURVE('',#25,#113,#13466,.T.);
#13468=ORIENTED_EDGE('',*,*,#13467,.F.);
#13469=ORIENTED_EDGE('',*,*,#9693,.F.);
#13470=EDGE_LOOP('',(#13462,#13463,#13468,#13469));
#13471=FACE_OUTER_BOUND('',#13470,.T.);
#13472=ADVANCED_FACE('',(#13471),#13457,.T.);
#13473=DIRECTION('',(0.689478,0.724306,-0));
#13474=DIRECTION('',(-0,0,1));
#13475=AXIS2_PLACEMENT_3D('',#22,#13473,#13474);
#13476=PLANE('',#13475);
#13477=ORIENTED_EDGE('',*,*,#9688,.F.);
#13478=ORIENTED_EDGE('',*,*,#13448,.T.);
#13479=ORIENTED_EDGE('',*,*,#11297,.T.);
#13480=ORIENTED_EDGE('',*,*,#13461,.F.);
#13481=EDGE_LOOP('',(#13477,#13478,#13479,#13480));
#13482=FACE_OUTER_BOUND('',#13481,.T.);
#13483=ADVANCED_FACE('',(#13482),#13476,.T.);
#13484=DIRECTION('',(0.914208,0.405246,-0));
#13485=DIRECTION('',(-0,0,-1));
#13486=AXIS2_PLACEMENT_3D('',#114,#13484,#13485);
#13487=PLANE('',#13486);
#13488=ORIENTED_EDGE('',*,*,#11337,.T.);
#13489=DIRECTION('',(0,0,1));
#13490=VECTOR('',#13489,5);
#13491=LINE('',#52,#13490);
#13492=EDGE_CURVE('',#53,#141,#13491,.T.);
#13493=ORIENTED_EDGE('',*,*,#13492,.F.);
#13494=ORIENTED_EDGE('',*,*,#9648,.F.);
#13495=DIRECTION('',(0,0,1));
#13496=VECTOR('',#13495,5);
#13497=LINE('',#26,#13496);
#13498=EDGE_CURVE('',#27,#115,#13497,.T.);
#13499=ORIENTED_EDGE('',*,*,#13498,.T.);
#13500=EDGE_LOOP('',(#13488,#13493,#13494,#13499));
#13501=FACE_OUTER_BOUND('',#13500,.T.);
#13502=ADVANCED_FACE('',(#13501),#13487,.T.);
#13503=DIRECTION('',(0.932993,0.359896,0));
#13504=DIRECTION('',(0,0,-1));
#13505=AXIS2_PLACEMENT_3D('',#116,#13503,#13504);
#13506=PLANE('',#13505);
#13507=ORIENTED_EDGE('',*,*,#11342,.F.);
#13508=ORIENTED_EDGE('',*,*,#13498,.F.);
#13509=ORIENTED_EDGE('',*,*,#9643,.T.);
#13510=DIRECTION('',(0,0,1));
#13511=VECTOR('',#13510,5);
#13512=LINE('',#28,#13511);
#13513=EDGE_CURVE('',#29,#117,#13512,.T.);
#13514=ORIENTED_EDGE('',*,*,#13513,.T.);
#13515=EDGE_LOOP('',(#13507,#13508,#13509,#13514));
#13516=FACE_OUTER_BOUND('',#13515,.T.);
#13517=ADVANCED_FACE('',(#13516),#13506,.T.);
#13518=DIRECTION('',(0.949522,0.313699,0));
#13519=DIRECTION('',(0,0,-1));
#13520=AXIS2_PLACEMENT_3D('',#30,#13518,#13519);
#13521=PLANE('',#13520);
#13522=DIRECTION('',(0,0,1));
#13523=VECTOR('',#13522,5);
#13524=LINE('',#30,#13523);
#13525=EDGE_CURVE('',#31,#119,#13524,.T.);
#13526=ORIENTED_EDGE('',*,*,#13525,.T.);
#13527=ORIENTED_EDGE('',*,*,#11347,.F.);
#13528=ORIENTED_EDGE('',*,*,#13513,.F.);
#13529=ORIENTED_EDGE('',*,*,#9638,.T.);
#13530=EDGE_LOOP('',(#13526,#13527,#13528,#13529));
#13531=FACE_OUTER_BOUND('',#13530,.T.);
#13532=ADVANCED_FACE('',(#13531),#13521,.T.);
#13533=DIRECTION('',(0.963772,0.266729,0));
#13534=DIRECTION('',(0,0,-1));
#13535=AXIS2_PLACEMENT_3D('',#118,#13533,#13534);
#13536=PLANE('',#13535);
#13537=ORIENTED_EDGE('',*,*,#13525,.F.);
#13538=ORIENTED_EDGE('',*,*,#9633,.T.);
#13539=DIRECTION('',(0,0,1));
#13540=VECTOR('',#13539,5);
#13541=LINE('',#32,#13540);
#13542=EDGE_CURVE('',#33,#121,#13541,.T.);
#13543=ORIENTED_EDGE('',*,*,#13542,.T.);
#13544=ORIENTED_EDGE('',*,*,#11352,.F.);
#13545=EDGE_LOOP('',(#13537,#13538,#13543,#13544));
#13546=FACE_OUTER_BOUND('',#13545,.T.);
#13547=ADVANCED_FACE('',(#13546),#13536,.T.);
#13548=DIRECTION('',(0.975709,0.219071,0));
#13549=DIRECTION('',(0,0,-1));
#13550=AXIS2_PLACEMENT_3D('',#32,#13548,#13549);
#13551=PLANE('',#13550);
#13552=ORIENTED_EDGE('',*,*,#9628,.T.);
#13553=DIRECTION('',(0,0,1));
#13554=VECTOR('',#13553,5);
#13555=LINE('',#34,#13554);
#13556=EDGE_CURVE('',#35,#123,#13555,.T.);
#13557=ORIENTED_EDGE('',*,*,#13556,.T.);
#13558=ORIENTED_EDGE('',*,*,#11357,.F.);
#13559=ORIENTED_EDGE('',*,*,#13542,.F.);
#13560=EDGE_LOOP('',(#13552,#13557,#13558,#13559));
#13561=FACE_OUTER_BOUND('',#13560,.T.);
#13562=ADVANCED_FACE('',(#13561),#13551,.T.);
#13563=DIRECTION('',(0.985279,0.170956,0));
#13564=DIRECTION('',(0,0,-1));
#13565=AXIS2_PLACEMENT_3D('',#122,#13563,#13564);
#13566=PLANE('',#13565);
#13567=ORIENTED_EDGE('',*,*,#13556,.F.);
#13568=ORIENTED_EDGE('',*,*,#9623,.T.);
#13569=DIRECTION('',(0,0,1));
#13570=VECTOR('',#13569,5);
#13571=LINE('',#36,#13570);
#13572=EDGE_CURVE('',#37,#125,#13571,.T.);
#13573=ORIENTED_EDGE('',*,*,#13572,.T.);
#13574=ORIENTED_EDGE('',*,*,#11362,.F.);
#13575=EDGE_LOOP('',(#13567,#13568,#13573,#13574));
#13576=FACE_OUTER_BOUND('',#13575,.T.);
#13577=ADVANCED_FACE('',(#13576),#13566,.T.);
#13578=DIRECTION('',(0.992478,0.122425,0));
#13579=DIRECTION('',(0,0,-1));
#13580=AXIS2_PLACEMENT_3D('',#124,#13578,#13579);
#13581=PLANE('',#13580);
#13582=ORIENTED_EDGE('',*,*,#13572,.F.);
#13583=ORIENTED_EDGE('',*,*,#9618,.T.);
#13584=DIRECTION('',(0,0,1));
#13585=VECTOR('',#13584,5);
#13586=LINE('',#38,#13585);
#13587=EDGE_CURVE('',#39,#127,#13586,.T.);
#13588=ORIENTED_EDGE('',*,*,#13587,.T.);
#13589=ORIENTED_EDGE('',*,*,#11367,.F.);
#13590=EDGE_LOOP('',(#13582,#13583,#13588,#13589));
#13591=FACE_OUTER_BOUND('',#13590,.T.);
#13592=ADVANCED_FACE('',(#13591),#13581,.T.);
#13593=DIRECTION('',(0.99729,0.073567,0));
#13594=DIRECTION('',(0,0,-1));
#13595=AXIS2_PLACEMENT_3D('',#38,#13593,#13594);
#13596=PLANE('',#13595);
#13597=ORIENTED_EDGE('',*,*,#9613,.T.);
#13598=DIRECTION('',(0,0,1));
#13599=VECTOR('',#13598,5);
#13600=LINE('',#40,#13599);
#13601=EDGE_CURVE('',#41,#129,#13600,.T.);
#13602=ORIENTED_EDGE('',*,*,#13601,.T.);
#13603=ORIENTED_EDGE('',*,*,#11372,.F.);
#13604=ORIENTED_EDGE('',*,*,#13587,.F.);
#13605=EDGE_LOOP('',(#13597,#13602,#13603,#13604));
#13606=FACE_OUTER_BOUND('',#13605,.T.);
#13607=ADVANCED_FACE('',(#13606),#13596,.T.);
#13608=DIRECTION('',(0.999699,0.024538,0));
#13609=DIRECTION('',(0,0,-1));
#13610=AXIS2_PLACEMENT_3D('',#128,#13608,#13609);
#13611=PLANE('',#13610);
#13612=ORIENTED_EDGE('',*,*,#13601,.F.);
#13613=ORIENTED_EDGE('',*,*,#9608,.T.);
#13614=DIRECTION('',(0,0,1));
#13615=VECTOR('',#13614,5);
#13616=LINE('',#54,#13615);
#13617=EDGE_CURVE('',#55,#143,#13616,.T.);
#13618=ORIENTED_EDGE('',*,*,#13617,.T.);
#13619=ORIENTED_EDGE('',*,*,#11377,.F.);
#13620=EDGE_LOOP('',(#13612,#13613,#13618,#13619));
#13621=FACE_OUTER_BOUND('',#13620,.T.);
#13622=ADVANCED_FACE('',(#13621),#13611,.T.);
#13623=DIRECTION('',(0.844855,0.534995,-0));
#13624=DIRECTION('',(-0,0,1));
#13625=AXIS2_PLACEMENT_3D('',#136,#13623,#13624);
#13626=PLANE('',#13625);
#13627=DIRECTION('',(0,0,1));
#13628=VECTOR('',#13627,5);
#13629=LINE('',#48,#13628);
#13630=EDGE_CURVE('',#49,#137,#13629,.T.);
#13631=ORIENTED_EDGE('',*,*,#13630,.F.);
#13632=ORIENTED_EDGE('',*,*,#9663,.F.);
#13633=DIRECTION('',(0,0,1));
#13634=VECTOR('',#13633,5);
#13635=LINE('',#42,#13634);
#13636=EDGE_CURVE('',#43,#131,#13635,.T.);
#13637=ORIENTED_EDGE('',*,*,#13636,.T.);
#13638=ORIENTED_EDGE('',*,*,#11322,.T.);
#13639=EDGE_LOOP('',(#13631,#13632,#13637,#13638));
#13640=FACE_OUTER_BOUND('',#13639,.T.);
#13641=ADVANCED_FACE('',(#13640),#13626,.T.);
#13642=DIRECTION('',(0.870087,0.492898,0));
#13643=DIRECTION('',(0,0,1));
#13644=AXIS2_PLACEMENT_3D('',#50,#13642,#13643);
#13645=PLANE('',#13644);
#13646=DIRECTION('',(0,0,1));
#13647=VECTOR('',#13646,5);
#13648=LINE('',#50,#13647);
#13649=EDGE_CURVE('',#51,#139,#13648,.T.);
#13650=ORIENTED_EDGE('',*,*,#13649,.T.);
#13651=ORIENTED_EDGE('',*,*,#11327,.F.);
#13652=ORIENTED_EDGE('',*,*,#13636,.F.);
#13653=ORIENTED_EDGE('',*,*,#9658,.T.);
#13654=EDGE_LOOP('',(#13650,#13651,#13652,#13653));
#13655=FACE_OUTER_BOUND('',#13654,.T.);
#13656=ADVANCED_FACE('',(#13655),#13645,.T.);
#13657=DIRECTION('',(0.817597,0.57579,0));
#13658=DIRECTION('',(0,0,1));
#13659=AXIS2_PLACEMENT_3D('',#48,#13657,#13658);
#13660=PLANE('',#13659);
#13661=ORIENTED_EDGE('',*,*,#13630,.T.);
#13662=ORIENTED_EDGE('',*,*,#11317,.F.);
#13663=DIRECTION('',(0,0,1));
#13664=VECTOR('',#13663,5);
#13665=LINE('',#44,#13664);
#13666=EDGE_CURVE('',#45,#133,#13665,.T.);
#13667=ORIENTED_EDGE('',*,*,#13666,.F.);
#13668=ORIENTED_EDGE('',*,*,#9668,.T.);
#13669=EDGE_LOOP('',(#13661,#13662,#13667,#13668));
#13670=FACE_OUTER_BOUND('',#13669,.T.);
#13671=ADVANCED_FACE('',(#13670),#13660,.T.);
#13672=DIRECTION('',(0.788349,0.615229,-0));
#13673=DIRECTION('',(-0,0,1));
#13674=AXIS2_PLACEMENT_3D('',#44,#13672,#13673);
#13675=PLANE('',#13674);
#13676=ORIENTED_EDGE('',*,*,#13666,.T.);
#13677=ORIENTED_EDGE('',*,*,#11312,.T.);
#13678=ORIENTED_EDGE('',*,*,#13434,.F.);
#13679=ORIENTED_EDGE('',*,*,#9673,.F.);
#13680=EDGE_LOOP('',(#13676,#13677,#13678,#13679));
#13681=FACE_OUTER_BOUND('',#13680,.T.);
#13682=ADVANCED_FACE('',(#13681),#13675,.T.);
#13683=DIRECTION('',(0.893245,0.449571,0));
#13684=DIRECTION('',(0,0,1));
#13685=AXIS2_PLACEMENT_3D('',#50,#13683,#13684);
#13686=PLANE('',#13685);
#13687=ORIENTED_EDGE('',*,*,#9653,.T.);
#13688=ORIENTED_EDGE('',*,*,#13492,.T.);
#13689=ORIENTED_EDGE('',*,*,#11332,.F.);
#13690=ORIENTED_EDGE('',*,*,#13649,.F.);
#13691=EDGE_LOOP('',(#13687,#13688,#13689,#13690));
#13692=FACE_OUTER_BOUND('',#13691,.T.);
#13693=ADVANCED_FACE('',(#13692),#13686,.T.);
#13694=DIRECTION('',(0.575845,0.817559,-0));
#13695=DIRECTION('',(-0,0,1));
#13696=AXIS2_PLACEMENT_3D('',#56,#13694,#13695);
#13697=PLANE('',#13696);
#13698=DIRECTION('',(0,0,1));
#13699=VECTOR('',#13698,5);
#13700=LINE('',#56,#13699);
#13701=EDGE_CURVE('',#57,#145,#13700,.T.);
#13702=ORIENTED_EDGE('',*,*,#13701,.T.);
#13703=ORIENTED_EDGE('',*,*,#11282,.T.);
#13704=DIRECTION('',(0,0,1));
#13705=VECTOR('',#13704,5);
#13706=LINE('',#58,#13705);
#13707=EDGE_CURVE('',#59,#147,#13706,.T.);
#13708=ORIENTED_EDGE('',*,*,#13707,.F.);
#13709=ORIENTED_EDGE('',*,*,#9703,.F.);
#13710=EDGE_LOOP('',(#13702,#13703,#13708,#13709));
#13711=FACE_OUTER_BOUND('',#13710,.T.);
#13712=ADVANCED_FACE('',(#13711),#13697,.T.);
#13713=DIRECTION('',(0.535057,0.844816,-0));
#13714=DIRECTION('',(-0,0,1));
#13715=AXIS2_PLACEMENT_3D('',#58,#13713,#13714);
#13716=PLANE('',#13715);
#13717=ORIENTED_EDGE('',*,*,#13707,.T.);
#13718=ORIENTED_EDGE('',*,*,#11277,.T.);
#13719=DIRECTION('',(0,0,1));
#13720=VECTOR('',#13719,5);
#13721=LINE('',#60,#13720);
#13722=EDGE_CURVE('',#61,#149,#13721,.T.);
#13723=ORIENTED_EDGE('',*,*,#13722,.F.);
#13724=ORIENTED_EDGE('',*,*,#9708,.F.);
#13725=EDGE_LOOP('',(#13717,#13718,#13723,#13724));
#13726=FACE_OUTER_BOUND('',#13725,.T.);
#13727=ADVANCED_FACE('',(#13726),#13716,.T.);
#13728=DIRECTION('',(0.492851,0.870114,-0));
#13729=DIRECTION('',(-0,0,1));
#13730=AXIS2_PLACEMENT_3D('',#150,#13728,#13729);
#13731=PLANE('',#13730);
#13732=DIRECTION('',(0,0,1));
#13733=VECTOR('',#13732,5);
#13734=LINE('',#62,#13733);
#13735=EDGE_CURVE('',#63,#151,#13734,.T.);
#13736=ORIENTED_EDGE('',*,*,#13735,.F.);
#13737=ORIENTED_EDGE('',*,*,#9713,.F.);
#13738=ORIENTED_EDGE('',*,*,#13722,.T.);
#13739=ORIENTED_EDGE('',*,*,#11272,.T.);
#13740=EDGE_LOOP('',(#13736,#13737,#13738,#13739));
#13741=FACE_OUTER_BOUND('',#13740,.T.);
#13742=ADVANCED_FACE('',(#13741),#13731,.T.);
#13743=DIRECTION('',(0.615199,0.788372,-0));
#13744=DIRECTION('',(-0,0,1));
#13745=AXIS2_PLACEMENT_3D('',#144,#13743,#13744);
#13746=PLANE('',#13745);
#13747=ORIENTED_EDGE('',*,*,#13701,.F.);
#13748=ORIENTED_EDGE('',*,*,#9698,.F.);
#13749=ORIENTED_EDGE('',*,*,#13467,.T.);
#13750=ORIENTED_EDGE('',*,*,#11287,.T.);
#13751=EDGE_LOOP('',(#13747,#13748,#13749,#13750));
#13752=FACE_OUTER_BOUND('',#13751,.T.);
#13753=ADVANCED_FACE('',(#13752),#13746,.T.);
#13754=DIRECTION('',(0.449667,0.893196,-0));
#13755=DIRECTION('',(-0,0,1));
#13756=AXIS2_PLACEMENT_3D('',#150,#13754,#13755);
#13757=PLANE('',#13756);
#13758=ORIENTED_EDGE('',*,*,#11267,.T.);
#13759=DIRECTION('',(0,0,1));
#13760=VECTOR('',#13759,5);
#13761=LINE('',#64,#13760);
#13762=EDGE_CURVE('',#65,#153,#13761,.T.);
#13763=ORIENTED_EDGE('',*,*,#13762,.F.);
#13764=ORIENTED_EDGE('',*,*,#9718,.F.);
#13765=ORIENTED_EDGE('',*,*,#13735,.T.);
#13766=EDGE_LOOP('',(#13758,#13763,#13764,#13765));
#13767=FACE_OUTER_BOUND('',#13766,.T.);
#13768=ADVANCED_FACE('',(#13767),#13757,.T.);
#13769=DIRECTION('',(0.405243,0.914209,-0));
#13770=DIRECTION('',(-0,0,1));
#13771=AXIS2_PLACEMENT_3D('',#154,#13769,#13770);
#13772=PLANE('',#13771);
#13773=DIRECTION('',(0,0,1));
#13774=VECTOR('',#13773,5);
#13775=LINE('',#66,#13774);
#13776=EDGE_CURVE('',#67,#155,#13775,.T.);
#13777=ORIENTED_EDGE('',*,*,#13776,.F.);
#13778=ORIENTED_EDGE('',*,*,#9723,.F.);
#13779=ORIENTED_EDGE('',*,*,#13762,.T.);
#13780=ORIENTED_EDGE('',*,*,#11262,.T.);
#13781=EDGE_LOOP('',(#13777,#13778,#13779,#13780));
#13782=FACE_OUTER_BOUND('',#13781,.T.);
#13783=ADVANCED_FACE('',(#13782),#13772,.T.);
#13784=DIRECTION('',(0.35989,0.932995,-0));
#13785=DIRECTION('',(-0,0,1));
#13786=AXIS2_PLACEMENT_3D('',#76,#13784,#13785);
#13787=PLANE('',#13786);
#13788=ORIENTED_EDGE('',*,*,#9728,.F.);
#13789=ORIENTED_EDGE('',*,*,#13776,.T.);
#13790=ORIENTED_EDGE('',*,*,#11257,.T.);
#13791=DIRECTION('',(0,0,1));
#13792=VECTOR('',#13791,5);
#13793=LINE('',#76,#13792);
#13794=EDGE_CURVE('',#77,#165,#13793,.T.);
#13795=ORIENTED_EDGE('',*,*,#13794,.F.);
#13796=EDGE_LOOP('',(#13788,#13789,#13790,#13795));
#13797=FACE_OUTER_BOUND('',#13796,.T.);
#13798=ADVANCED_FACE('',(#13797),#13787,.T.);
#13799=DIRECTION('',(0.266632,0.963798,0));
#13800=DIRECTION('',(0,0,1));
#13801=AXIS2_PLACEMENT_3D('',#78,#13799,#13800);
#13802=PLANE('',#13801);
#13803=DIRECTION('',(0,0,1));
#13804=VECTOR('',#13803,5);
#13805=LINE('',#78,#13804);
#13806=EDGE_CURVE('',#79,#167,#13805,.T.);
#13807=ORIENTED_EDGE('',*,*,#13806,.T.);
#13808=ORIENTED_EDGE('',*,*,#11247,.F.);
#13809=DIRECTION('',(0,0,1));
#13810=VECTOR('',#13809,5);
#13811=LINE('',#68,#13810);
#13812=EDGE_CURVE('',#69,#157,#13811,.T.);
#13813=ORIENTED_EDGE('',*,*,#13812,.F.);
#13814=ORIENTED_EDGE('',*,*,#9738,.T.);
#13815=EDGE_LOOP('',(#13807,#13808,#13813,#13814));
#13816=FACE_OUTER_BOUND('',#13815,.T.);
#13817=ADVANCED_FACE('',(#13816),#13802,.T.);
#13818=DIRECTION('',(0.219082,0.975707,-0));
#13819=DIRECTION('',(-0,0,1));
#13820=AXIS2_PLACEMENT_3D('',#158,#13818,#13819);
#13821=PLANE('',#13820);
#13822=DIRECTION('',(0,0,1));
#13823=VECTOR('',#13822,5);
#13824=LINE('',#70,#13823);
#13825=EDGE_CURVE('',#71,#159,#13824,.T.);
#13826=ORIENTED_EDGE('',*,*,#13825,.F.);
#13827=ORIENTED_EDGE('',*,*,#9743,.F.);
#13828=ORIENTED_EDGE('',*,*,#13812,.T.);
#13829=ORIENTED_EDGE('',*,*,#11242,.T.);
#13830=EDGE_LOOP('',(#13826,#13827,#13828,#13829));
#13831=FACE_OUTER_BOUND('',#13830,.T.);
#13832=ADVANCED_FACE('',(#13831),#13821,.T.);
#13833=DIRECTION('',(0.170984,0.985274,-0));
#13834=DIRECTION('',(-0,0,1));
#13835=AXIS2_PLACEMENT_3D('',#158,#13833,#13834);
#13836=PLANE('',#13835);
#13837=ORIENTED_EDGE('',*,*,#11237,.T.);
#13838=DIRECTION('',(0,0,1));
#13839=VECTOR('',#13838,5);
#13840=LINE('',#72,#13839);
#13841=EDGE_CURVE('',#73,#161,#13840,.T.);
#13842=ORIENTED_EDGE('',*,*,#13841,.F.);
#13843=ORIENTED_EDGE('',*,*,#9748,.F.);
#13844=ORIENTED_EDGE('',*,*,#13825,.T.);
#13845=EDGE_LOOP('',(#13837,#13842,#13843,#13844));
#13846=FACE_OUTER_BOUND('',#13845,.T.);
#13847=ADVANCED_FACE('',(#13846),#13836,.T.);
#13848=DIRECTION('',(0.122521,0.992466,-0));
#13849=DIRECTION('',(-0,0,1));
#13850=AXIS2_PLACEMENT_3D('',#162,#13848,#13849);
#13851=PLANE('',#13850);
#13852=DIRECTION('',(0,0,1));
#13853=VECTOR('',#13852,5);
#13854=LINE('',#74,#13853);
#13855=EDGE_CURVE('',#75,#163,#13854,.T.);
#13856=ORIENTED_EDGE('',*,*,#13855,.F.);
#13857=ORIENTED_EDGE('',*,*,#9753,.F.);
#13858=ORIENTED_EDGE('',*,*,#13841,.T.);
#13859=ORIENTED_EDGE('',*,*,#11232,.T.);
#13860=EDGE_LOOP('',(#13856,#13857,#13858,#13859));
#13861=FACE_OUTER_BOUND('',#13860,.T.);
#13862=ADVANCED_FACE('',(#13861),#13851,.T.);
#13863=DIRECTION('',(0.073515,0.997294,-0));
#13864=DIRECTION('',(-0,0,1));
#13865=AXIS2_PLACEMENT_3D('',#162,#13863,#13864);
#13866=PLANE('',#13865);
#13867=ORIENTED_EDGE('',*,*,#11227,.T.);
#13868=DIRECTION('',(0,0,1));
#13869=VECTOR('',#13868,5);
#13870=LINE('',#80,#13869);
#13871=EDGE_CURVE('',#81,#169,#13870,.T.);
#13872=ORIENTED_EDGE('',*,*,#13871,.F.);
#13873=ORIENTED_EDGE('',*,*,#9758,.F.);
#13874=ORIENTED_EDGE('',*,*,#13855,.T.);
#13875=EDGE_LOOP('',(#13867,#13872,#13873,#13874));
#13876=FACE_OUTER_BOUND('',#13875,.T.);
#13877=ADVANCED_FACE('',(#13876),#13866,.T.);
#13878=DIRECTION('',(0.313627,0.949546,-0));
#13879=DIRECTION('',(-0,0,1));
#13880=AXIS2_PLACEMENT_3D('',#78,#13878,#13879);
#13881=PLANE('',#13880);
#13882=ORIENTED_EDGE('',*,*,#9733,.F.);
#13883=ORIENTED_EDGE('',*,*,#13794,.T.);
#13884=ORIENTED_EDGE('',*,*,#11252,.T.);
#13885=ORIENTED_EDGE('',*,*,#13806,.F.);
#13886=EDGE_LOOP('',(#13882,#13883,#13884,#13885));
#13887=FACE_OUTER_BOUND('',#13886,.T.);
#13888=ADVANCED_FACE('',(#13887),#13881,.T.);
#13889=DIRECTION('',(0.024505,0.9997,-0));
#13890=DIRECTION('',(-0,0,1));
#13891=AXIS2_PLACEMENT_3D('',#82,#13889,#13890);
#13892=PLANE('',#13891);
#13893=ORIENTED_EDGE('',*,*,#9763,.F.);
#13894=ORIENTED_EDGE('',*,*,#13871,.T.);
#13895=ORIENTED_EDGE('',*,*,#11222,.T.);
#13896=DIRECTION('',(0,0,1));
#13897=VECTOR('',#13896,5);
#13898=LINE('',#82,#13897);
#13899=EDGE_CURVE('',#83,#171,#13898,.T.);
#13900=ORIENTED_EDGE('',*,*,#13899,.F.);
#13901=EDGE_LOOP('',(#13893,#13894,#13895,#13900));
#13902=FACE_OUTER_BOUND('',#13901,.T.);
#13903=ADVANCED_FACE('',(#13902),#13892,.T.);
#13904=DIRECTION('',(-0.024505,0.9997,0));
#13905=DIRECTION('',(0,-0,1));
#13906=AXIS2_PLACEMENT_3D('',#82,#13904,#13905);
#13907=PLANE('',#13906);
#13908=ORIENTED_EDGE('',*,*,#13899,.T.);
#13909=ORIENTED_EDGE('',*,*,#11217,.T.);
#13910=DIRECTION('',(0,0,1));
#13911=VECTOR('',#13910,5);
#13912=LINE('',#84,#13911);
#13913=EDGE_CURVE('',#85,#173,#13912,.T.);
#13914=ORIENTED_EDGE('',*,*,#13913,.F.);
#13915=ORIENTED_EDGE('',*,*,#9768,.F.);
#13916=EDGE_LOOP('',(#13908,#13909,#13914,#13915));
#13917=FACE_OUTER_BOUND('',#13916,.T.);
#13918=ADVANCED_FACE('',(#13917),#13907,.T.);
#13919=DIRECTION('',(-0.073515,0.997294,0));
#13920=DIRECTION('',(0,-0,1));
#13921=AXIS2_PLACEMENT_3D('',#174,#13919,#13920);
#13922=PLANE('',#13921);
#13923=DIRECTION('',(0,0,1));
#13924=VECTOR('',#13923,5);
#13925=LINE('',#86,#13924);
#13926=EDGE_CURVE('',#87,#175,#13925,.T.);
#13927=ORIENTED_EDGE('',*,*,#13926,.F.);
#13928=ORIENTED_EDGE('',*,*,#9773,.F.);
#13929=ORIENTED_EDGE('',*,*,#13913,.T.);
#13930=ORIENTED_EDGE('',*,*,#11212,.T.);
#13931=EDGE_LOOP('',(#13927,#13928,#13929,#13930));
#13932=FACE_OUTER_BOUND('',#13931,.T.);
#13933=ADVANCED_FACE('',(#13932),#13922,.T.);
#13934=DIRECTION('',(-0.122521,0.992466,0));
#13935=DIRECTION('',(0,-0,1));
#13936=AXIS2_PLACEMENT_3D('',#176,#13934,#13935);
#13937=PLANE('',#13936);
#13938=DIRECTION('',(0,0,1));
#13939=VECTOR('',#13938,5);
#13940=LINE('',#88,#13939);
#13941=EDGE_CURVE('',#89,#177,#13940,.T.);
#13942=ORIENTED_EDGE('',*,*,#13941,.F.);
#13943=ORIENTED_EDGE('',*,*,#9778,.F.);
#13944=ORIENTED_EDGE('',*,*,#13926,.T.);
#13945=ORIENTED_EDGE('',*,*,#11207,.T.);
#13946=EDGE_LOOP('',(#13942,#13943,#13944,#13945));
#13947=FACE_OUTER_BOUND('',#13946,.T.);
#13948=ADVANCED_FACE('',(#13947),#13937,.T.);
#13949=DIRECTION('',(-0.170984,0.985274,0));
#13950=DIRECTION('',(0,-0,1));
#13951=AXIS2_PLACEMENT_3D('',#176,#13949,#13950);
#13952=PLANE('',#13951);
#13953=ORIENTED_EDGE('',*,*,#11202,.T.);
#13954=DIRECTION('',(0,0,1));
#13955=VECTOR('',#13954,5);
#13956=LINE('',#90,#13955);
#13957=EDGE_CURVE('',#91,#179,#13956,.T.);
#13958=ORIENTED_EDGE('',*,*,#13957,.F.);
#13959=ORIENTED_EDGE('',*,*,#9783,.F.);
#13960=ORIENTED_EDGE('',*,*,#13941,.T.);
#13961=EDGE_LOOP('',(#13953,#13958,#13959,#13960));
#13962=FACE_OUTER_BOUND('',#13961,.T.);
#13963=ADVANCED_FACE('',(#13962),#13952,.T.);
#13964=DIRECTION('',(-0.219082,0.975707,0));
#13965=DIRECTION('',(0,-0,1));
#13966=AXIS2_PLACEMENT_3D('',#180,#13964,#13965);
#13967=PLANE('',#13966);
#13968=DIRECTION('',(0,0,1));
#13969=VECTOR('',#13968,5);
#13970=LINE('',#92,#13969);
#13971=EDGE_CURVE('',#93,#181,#13970,.T.);
#13972=ORIENTED_EDGE('',*,*,#13971,.F.);
#13973=ORIENTED_EDGE('',*,*,#9788,.F.);
#13974=ORIENTED_EDGE('',*,*,#13957,.T.);
#13975=ORIENTED_EDGE('',*,*,#11197,.T.);
#13976=EDGE_LOOP('',(#13972,#13973,#13974,#13975));
#13977=FACE_OUTER_BOUND('',#13976,.T.);
#13978=ADVANCED_FACE('',(#13977),#13967,.T.);
#13979=DIRECTION('',(-0.266632,0.963798,0));
#13980=DIRECTION('',(0,-0,1));
#13981=AXIS2_PLACEMENT_3D('',#180,#13979,#13980);
#13982=PLANE('',#13981);
#13983=ORIENTED_EDGE('',*,*,#11192,.T.);
#13984=DIRECTION('',(0,0,1));
#13985=VECTOR('',#13984,5);
#13986=LINE('',#94,#13985);
#13987=EDGE_CURVE('',#95,#183,#13986,.T.);
#13988=ORIENTED_EDGE('',*,*,#13987,.F.);
#13989=ORIENTED_EDGE('',*,*,#9793,.F.);
#13990=ORIENTED_EDGE('',*,*,#13971,.T.);
#13991=EDGE_LOOP('',(#13983,#13988,#13989,#13990));
#13992=FACE_OUTER_BOUND('',#13991,.T.);
#13993=ADVANCED_FACE('',(#13992),#13982,.T.);
#13994=DIRECTION('',(-0.313627,0.949546,0));
#13995=DIRECTION('',(0,-0,1));
#13996=AXIS2_PLACEMENT_3D('',#96,#13994,#13995);
#13997=PLANE('',#13996);
#13998=ORIENTED_EDGE('',*,*,#9798,.F.);
#13999=ORIENTED_EDGE('',*,*,#13987,.T.);
#14000=ORIENTED_EDGE('',*,*,#11187,.T.);
#14001=DIRECTION('',(0,0,1));
#14002=VECTOR('',#14001,5);
#14003=LINE('',#96,#14002);
#14004=EDGE_CURVE('',#97,#185,#14003,.T.);
#14005=ORIENTED_EDGE('',*,*,#14004,.F.);
#14006=EDGE_LOOP('',(#13998,#13999,#14000,#14005));
#14007=FACE_OUTER_BOUND('',#14006,.T.);
#14008=ADVANCED_FACE('',(#14007),#13997,.T.);
#14009=DIRECTION('',(-0.35989,0.932995,0));
#14010=DIRECTION('',(0,-0,1));
#14011=AXIS2_PLACEMENT_3D('',#96,#14009,#14010);
#14012=PLANE('',#14011);
#14013=ORIENTED_EDGE('',*,*,#14004,.T.);
#14014=ORIENTED_EDGE('',*,*,#11182,.T.);
#14015=DIRECTION('',(0,0,1));
#14016=VECTOR('',#14015,5);
#14017=LINE('',#98,#14016);
#14018=EDGE_CURVE('',#99,#187,#14017,.T.);
#14019=ORIENTED_EDGE('',*,*,#14018,.F.);
#14020=ORIENTED_EDGE('',*,*,#9803,.F.);
#14021=EDGE_LOOP('',(#14013,#14014,#14019,#14020));
#14022=FACE_OUTER_BOUND('',#14021,.T.);
#14023=ADVANCED_FACE('',(#14022),#14012,.T.);
#14024=DIRECTION('',(-0.405243,0.914209,0));
#14025=DIRECTION('',(0,-0,1));
#14026=AXIS2_PLACEMENT_3D('',#98,#14024,#14025);
#14027=PLANE('',#14026);
#14028=ORIENTED_EDGE('',*,*,#14018,.T.);
#14029=ORIENTED_EDGE('',*,*,#11177,.T.);
#14030=DIRECTION('',(0,0,1));
#14031=VECTOR('',#14030,5);
#14032=LINE('',#100,#14031);
#14033=EDGE_CURVE('',#101,#189,#14032,.T.);
#14034=ORIENTED_EDGE('',*,*,#14033,.F.);
#14035=ORIENTED_EDGE('',*,*,#9808,.F.);
#14036=EDGE_LOOP('',(#14028,#14029,#14034,#14035));
#14037=FACE_OUTER_BOUND('',#14036,.T.);
#14038=ADVANCED_FACE('',(#14037),#14027,.T.);
#14039=DIRECTION('',(-0.449667,0.893196,0));
#14040=DIRECTION('',(0,-0,1));
#14041=AXIS2_PLACEMENT_3D('',#100,#14039,#14040);
#14042=PLANE('',#14041);
#14043=ORIENTED_EDGE('',*,*,#14033,.T.);
#14044=ORIENTED_EDGE('',*,*,#11172,.T.);
#14045=DIRECTION('',(0,0,1));
#14046=VECTOR('',#14045,5);
#14047=LINE('',#102,#14046);
#14048=EDGE_CURVE('',#103,#191,#14047,.T.);
#14049=ORIENTED_EDGE('',*,*,#14048,.F.);
#14050=ORIENTED_EDGE('',*,*,#9813,.F.);
#14051=EDGE_LOOP('',(#14043,#14044,#14049,#14050));
#14052=FACE_OUTER_BOUND('',#14051,.T.);
#14053=ADVANCED_FACE('',(#14052),#14042,.T.);
#14054=DIRECTION('',(-0.492851,0.870114,0));
#14055=DIRECTION('',(0,-0,1));
#14056=AXIS2_PLACEMENT_3D('',#192,#14054,#14055);
#14057=PLANE('',#14056);
#14058=DIRECTION('',(0,0,1));
#14059=VECTOR('',#14058,5);
#14060=LINE('',#104,#14059);
#14061=EDGE_CURVE('',#105,#193,#14060,.T.);
#14062=ORIENTED_EDGE('',*,*,#14061,.F.);
#14063=ORIENTED_EDGE('',*,*,#9818,.F.);
#14064=ORIENTED_EDGE('',*,*,#14048,.T.);
#14065=ORIENTED_EDGE('',*,*,#11167,.T.);
#14066=EDGE_LOOP('',(#14062,#14063,#14064,#14065));
#14067=FACE_OUTER_BOUND('',#14066,.T.);
#14068=ADVANCED_FACE('',(#14067),#14057,.T.);
#14069=DIRECTION('',(-0.535057,0.844816,0));
#14070=DIRECTION('',(0,-0,1));
#14071=AXIS2_PLACEMENT_3D('',#236,#14069,#14070);
#14072=PLANE('',#14071);
#14073=DIRECTION('',(0,0,1));
#14074=VECTOR('',#14073,5);
#14075=LINE('',#194,#14074);
#14076=EDGE_CURVE('',#195,#237,#14075,.T.);
#14077=ORIENTED_EDGE('',*,*,#14076,.F.);
#14078=ORIENTED_EDGE('',*,*,#9823,.F.);
#14079=ORIENTED_EDGE('',*,*,#14061,.T.);
#14080=ORIENTED_EDGE('',*,*,#11162,.T.);
#14081=EDGE_LOOP('',(#14077,#14078,#14079,#14080));
#14082=FACE_OUTER_BOUND('',#14081,.T.);
#14083=ADVANCED_FACE('',(#14082),#14072,.T.);
#14084=DIRECTION('',(-0.575845,0.817559,0));
#14085=DIRECTION('',(0,-0,1));
#14086=AXIS2_PLACEMENT_3D('',#238,#14084,#14085);
#14087=PLANE('',#14086);
#14088=DIRECTION('',(0,0,1));
#14089=VECTOR('',#14088,5);
#14090=LINE('',#196,#14089);
#14091=EDGE_CURVE('',#197,#239,#14090,.T.);
#14092=ORIENTED_EDGE('',*,*,#14091,.F.);
#14093=ORIENTED_EDGE('',*,*,#9828,.F.);
#14094=ORIENTED_EDGE('',*,*,#14076,.T.);
#14095=ORIENTED_EDGE('',*,*,#11157,.T.);
#14096=EDGE_LOOP('',(#14092,#14093,#14094,#14095));
#14097=FACE_OUTER_BOUND('',#14096,.T.);
#14098=ADVANCED_FACE('',(#14097),#14087,.T.);
#14099=DIRECTION('',(-0.615199,0.788372,0));
#14100=DIRECTION('',(0,-0,1));
#14101=AXIS2_PLACEMENT_3D('',#238,#14099,#14100);
#14102=PLANE('',#14101);
#14103=ORIENTED_EDGE('',*,*,#11152,.T.);
#14104=DIRECTION('',(0,0,1));
#14105=VECTOR('',#14104,5);
#14106=LINE('',#198,#14105);
#14107=EDGE_CURVE('',#199,#241,#14106,.T.);
#14108=ORIENTED_EDGE('',*,*,#14107,.F.);
#14109=ORIENTED_EDGE('',*,*,#9833,.F.);
#14110=ORIENTED_EDGE('',*,*,#14091,.T.);
#14111=EDGE_LOOP('',(#14103,#14108,#14109,#14110));
#14112=FACE_OUTER_BOUND('',#14111,.T.);
#14113=ADVANCED_FACE('',(#14112),#14102,.T.);
#14114=DIRECTION('',(-0.653196,0.757189,0));
#14115=DIRECTION('',(0,-0,1));
#14116=AXIS2_PLACEMENT_3D('',#242,#14114,#14115);
#14117=PLANE('',#14116);
#14118=DIRECTION('',(0,0,1));
#14119=VECTOR('',#14118,5);
#14120=LINE('',#200,#14119);
#14121=EDGE_CURVE('',#201,#243,#14120,.T.);
#14122=ORIENTED_EDGE('',*,*,#14121,.F.);
#14123=ORIENTED_EDGE('',*,*,#9838,.F.);
#14124=ORIENTED_EDGE('',*,*,#14107,.T.);
#14125=ORIENTED_EDGE('',*,*,#11147,.T.);
#14126=EDGE_LOOP('',(#14122,#14123,#14124,#14125));
#14127=FACE_OUTER_BOUND('',#14126,.T.);
#14128=ADVANCED_FACE('',(#14127),#14117,.T.);
#14129=DIRECTION('',(-0.689478,0.724306,0));
#14130=DIRECTION('',(0,-0,1));
#14131=AXIS2_PLACEMENT_3D('',#200,#14129,#14130);
#14132=PLANE('',#14131);
#14133=ORIENTED_EDGE('',*,*,#14121,.T.);
#14134=ORIENTED_EDGE('',*,*,#11142,.T.);
#14135=DIRECTION('',(0,0,1));
#14136=VECTOR('',#14135,5);
#14137=LINE('',#202,#14136);
#14138=EDGE_CURVE('',#203,#245,#14137,.T.);
#14139=ORIENTED_EDGE('',*,*,#14138,.F.);
#14140=ORIENTED_EDGE('',*,*,#9843,.F.);
#14141=EDGE_LOOP('',(#14133,#14134,#14139,#14140));
#14142=FACE_OUTER_BOUND('',#14141,.T.);
#14143=ADVANCED_FACE('',(#14142),#14132,.T.);
#14144=DIRECTION('',(-0.724298,0.689487,0));
#14145=DIRECTION('',(0,-0,1));
#14146=AXIS2_PLACEMENT_3D('',#204,#14144,#14145);
#14147=PLANE('',#14146);
#14148=ORIENTED_EDGE('',*,*,#9848,.F.);
#14149=ORIENTED_EDGE('',*,*,#14138,.T.);
#14150=ORIENTED_EDGE('',*,*,#11137,.T.);
#14151=DIRECTION('',(0,0,1));
#14152=VECTOR('',#14151,5);
#14153=LINE('',#204,#14152);
#14154=EDGE_CURVE('',#205,#247,#14153,.T.);
#14155=ORIENTED_EDGE('',*,*,#14154,.F.);
#14156=EDGE_LOOP('',(#14148,#14149,#14150,#14155));
#14157=FACE_OUTER_BOUND('',#14156,.T.);
#14158=ADVANCED_FACE('',(#14157),#14147,.T.);
#14159=DIRECTION('',(-0.757158,0.653232,0));
#14160=DIRECTION('',(0,-0,1));
#14161=AXIS2_PLACEMENT_3D('',#206,#14159,#14160);
#14162=PLANE('',#14161);
#14163=ORIENTED_EDGE('',*,*,#9853,.F.);
#14164=ORIENTED_EDGE('',*,*,#14154,.T.);
#14165=ORIENTED_EDGE('',*,*,#11132,.T.);
#14166=DIRECTION('',(0,0,1));
#14167=VECTOR('',#14166,5);
#14168=LINE('',#206,#14167);
#14169=EDGE_CURVE('',#207,#249,#14168,.T.);
#14170=ORIENTED_EDGE('',*,*,#14169,.F.);
#14171=EDGE_LOOP('',(#14163,#14164,#14165,#14170));
#14172=FACE_OUTER_BOUND('',#14171,.T.);
#14173=ADVANCED_FACE('',(#14172),#14162,.T.);
#14174=DIRECTION('',(-0.788349,0.615229,0));
#14175=DIRECTION('',(0,-0,1));
#14176=AXIS2_PLACEMENT_3D('',#206,#14174,#14175);
#14177=PLANE('',#14176);
#14178=ORIENTED_EDGE('',*,*,#14169,.T.);
#14179=ORIENTED_EDGE('',*,*,#11127,.T.);
#14180=DIRECTION('',(0,0,1));
#14181=VECTOR('',#14180,5);
#14182=LINE('',#208,#14181);
#14183=EDGE_CURVE('',#209,#251,#14182,.T.);
#14184=ORIENTED_EDGE('',*,*,#14183,.F.);
#14185=ORIENTED_EDGE('',*,*,#9858,.F.);
#14186=EDGE_LOOP('',(#14178,#14179,#14184,#14185));
#14187=FACE_OUTER_BOUND('',#14186,.T.);
#14188=ADVANCED_FACE('',(#14187),#14177,.T.);
#14189=DIRECTION('',(-0.817597,0.57579,0));
#14190=DIRECTION('',(0,-0,1));
#14191=AXIS2_PLACEMENT_3D('',#252,#14189,#14190);
#14192=PLANE('',#14191);
#14193=DIRECTION('',(0,0,1));
#14194=VECTOR('',#14193,5);
#14195=LINE('',#210,#14194);
#14196=EDGE_CURVE('',#211,#253,#14195,.T.);
#14197=ORIENTED_EDGE('',*,*,#14196,.F.);
#14198=ORIENTED_EDGE('',*,*,#9863,.F.);
#14199=ORIENTED_EDGE('',*,*,#14183,.T.);
#14200=ORIENTED_EDGE('',*,*,#11122,.T.);
#14201=EDGE_LOOP('',(#14197,#14198,#14199,#14200));
#14202=FACE_OUTER_BOUND('',#14201,.T.);
#14203=ADVANCED_FACE('',(#14202),#14192,.T.);
#14204=DIRECTION('',(-0.844855,0.534995,0));
#14205=DIRECTION('',(0,-0,1));
#14206=AXIS2_PLACEMENT_3D('',#252,#14204,#14205);
#14207=PLANE('',#14206);
#14208=ORIENTED_EDGE('',*,*,#11117,.T.);
#14209=DIRECTION('',(0,0,1));
#14210=VECTOR('',#14209,5);
#14211=LINE('',#212,#14210);
#14212=EDGE_CURVE('',#213,#255,#14211,.T.);
#14213=ORIENTED_EDGE('',*,*,#14212,.F.);
#14214=ORIENTED_EDGE('',*,*,#9868,.F.);
#14215=ORIENTED_EDGE('',*,*,#14196,.T.);
#14216=EDGE_LOOP('',(#14208,#14213,#14214,#14215));
#14217=FACE_OUTER_BOUND('',#14216,.T.);
#14218=ADVANCED_FACE('',(#14217),#14207,.T.);
#14219=DIRECTION('',(-0.870087,0.492898,0));
#14220=DIRECTION('',(0,-0,1));
#14221=AXIS2_PLACEMENT_3D('',#256,#14219,#14220);
#14222=PLANE('',#14221);
#14223=DIRECTION('',(0,0,1));
#14224=VECTOR('',#14223,5);
#14225=LINE('',#214,#14224);
#14226=EDGE_CURVE('',#215,#257,#14225,.T.);
#14227=ORIENTED_EDGE('',*,*,#14226,.F.);
#14228=ORIENTED_EDGE('',*,*,#9873,.F.);
#14229=ORIENTED_EDGE('',*,*,#14212,.T.);
#14230=ORIENTED_EDGE('',*,*,#11112,.T.);
#14231=EDGE_LOOP('',(#14227,#14228,#14229,#14230));
#14232=FACE_OUTER_BOUND('',#14231,.T.);
#14233=ADVANCED_FACE('',(#14232),#14222,.T.);
#14234=DIRECTION('',(-0.893245,0.449571,0));
#14235=DIRECTION('',(0,-0,1));
#14236=AXIS2_PLACEMENT_3D('',#256,#14234,#14235);
#14237=PLANE('',#14236);
#14238=ORIENTED_EDGE('',*,*,#11107,.T.);
#14239=DIRECTION('',(0,0,1));
#14240=VECTOR('',#14239,5);
#14241=LINE('',#216,#14240);
#14242=EDGE_CURVE('',#217,#259,#14241,.T.);
#14243=ORIENTED_EDGE('',*,*,#14242,.F.);
#14244=ORIENTED_EDGE('',*,*,#9878,.F.);
#14245=ORIENTED_EDGE('',*,*,#14226,.T.);
#14246=EDGE_LOOP('',(#14238,#14243,#14244,#14245));
#14247=FACE_OUTER_BOUND('',#14246,.T.);
#14248=ADVANCED_FACE('',(#14247),#14237,.T.);
#14249=DIRECTION('',(-0.914208,0.405246,0));
#14250=DIRECTION('',(0,-0,1));
#14251=AXIS2_PLACEMENT_3D('',#218,#14249,#14250);
#14252=PLANE('',#14251);
#14253=ORIENTED_EDGE('',*,*,#9883,.F.);
#14254=ORIENTED_EDGE('',*,*,#14242,.T.);
#14255=ORIENTED_EDGE('',*,*,#11102,.T.);
#14256=DIRECTION('',(0,0,1));
#14257=VECTOR('',#14256,5);
#14258=LINE('',#218,#14257);
#14259=EDGE_CURVE('',#219,#261,#14258,.T.);
#14260=ORIENTED_EDGE('',*,*,#14259,.F.);
#14261=EDGE_LOOP('',(#14253,#14254,#14255,#14260));
#14262=FACE_OUTER_BOUND('',#14261,.T.);
#14263=ADVANCED_FACE('',(#14262),#14252,.T.);
#14264=DIRECTION('',(-0.932993,0.359896,0));
#14265=DIRECTION('',(0,-0,1));
#14266=AXIS2_PLACEMENT_3D('',#218,#14264,#14265);
#14267=PLANE('',#14266);
#14268=ORIENTED_EDGE('',*,*,#14259,.T.);
#14269=ORIENTED_EDGE('',*,*,#11097,.T.);
#14270=DIRECTION('',(0,0,1));
#14271=VECTOR('',#14270,5);
#14272=LINE('',#220,#14271);
#14273=EDGE_CURVE('',#221,#263,#14272,.T.);
#14274=ORIENTED_EDGE('',*,*,#14273,.F.);
#14275=ORIENTED_EDGE('',*,*,#9888,.F.);
#14276=EDGE_LOOP('',(#14268,#14269,#14274,#14275));
#14277=FACE_OUTER_BOUND('',#14276,.T.);
#14278=ADVANCED_FACE('',(#14277),#14267,.T.);
#14279=DIRECTION('',(-0.949522,0.313699,0));
#14280=DIRECTION('',(0,-0,1));
#14281=AXIS2_PLACEMENT_3D('',#222,#14279,#14280);
#14282=PLANE('',#14281);
#14283=ORIENTED_EDGE('',*,*,#9893,.F.);
#14284=ORIENTED_EDGE('',*,*,#14273,.T.);
#14285=ORIENTED_EDGE('',*,*,#11092,.T.);
#14286=DIRECTION('',(0,0,1));
#14287=VECTOR('',#14286,5);
#14288=LINE('',#222,#14287);
#14289=EDGE_CURVE('',#223,#265,#14288,.T.);
#14290=ORIENTED_EDGE('',*,*,#14289,.F.);
#14291=EDGE_LOOP('',(#14283,#14284,#14285,#14290));
#14292=FACE_OUTER_BOUND('',#14291,.T.);
#14293=ADVANCED_FACE('',(#14292),#14282,.T.);
#14294=DIRECTION('',(-0.963772,0.266729,0));
#14295=DIRECTION('',(0,-0,1));
#14296=AXIS2_PLACEMENT_3D('',#224,#14294,#14295);
#14297=PLANE('',#14296);
#14298=ORIENTED_EDGE('',*,*,#9898,.F.);
#14299=ORIENTED_EDGE('',*,*,#14289,.T.);
#14300=ORIENTED_EDGE('',*,*,#11087,.T.);
#14301=DIRECTION('',(0,0,1));
#14302=VECTOR('',#14301,5);
#14303=LINE('',#224,#14302);
#14304=EDGE_CURVE('',#225,#267,#14303,.T.);
#14305=ORIENTED_EDGE('',*,*,#14304,.F.);
#14306=EDGE_LOOP('',(#14298,#14299,#14300,#14305));
#14307=FACE_OUTER_BOUND('',#14306,.T.);
#14308=ADVANCED_FACE('',(#14307),#14297,.T.);
#14309=DIRECTION('',(-0.975709,0.219071,0));
#14310=DIRECTION('',(0,-0,1));
#14311=AXIS2_PLACEMENT_3D('',#266,#14309,#14310);
#14312=PLANE('',#14311);
#14313=ORIENTED_EDGE('',*,*,#11082,.T.);
#14314=DIRECTION('',(0,0,1));
#14315=VECTOR('',#14314,5);
#14316=LINE('',#226,#14315);
#14317=EDGE_CURVE('',#227,#269,#14316,.T.);
#14318=ORIENTED_EDGE('',*,*,#14317,.F.);
#14319=ORIENTED_EDGE('',*,*,#9903,.F.);
#14320=ORIENTED_EDGE('',*,*,#14304,.T.);
#14321=EDGE_LOOP('',(#14313,#14318,#14319,#14320));
#14322=FACE_OUTER_BOUND('',#14321,.T.);
#14323=ADVANCED_FACE('',(#14322),#14312,.T.);
#14324=DIRECTION('',(-0.985279,0.170956,0));
#14325=DIRECTION('',(0,-0,1));
#14326=AXIS2_PLACEMENT_3D('',#270,#14324,#14325);
#14327=PLANE('',#14326);
#14328=DIRECTION('',(0,0,1));
#14329=VECTOR('',#14328,5);
#14330=LINE('',#228,#14329);
#14331=EDGE_CURVE('',#229,#271,#14330,.T.);
#14332=ORIENTED_EDGE('',*,*,#14331,.F.);
#14333=ORIENTED_EDGE('',*,*,#9908,.F.);
#14334=ORIENTED_EDGE('',*,*,#14317,.T.);
#14335=ORIENTED_EDGE('',*,*,#11077,.T.);
#14336=EDGE_LOOP('',(#14332,#14333,#14334,#14335));
#14337=FACE_OUTER_BOUND('',#14336,.T.);
#14338=ADVANCED_FACE('',(#14337),#14327,.T.);
#14339=DIRECTION('',(-0.992478,0.122425,0));
#14340=DIRECTION('',(0,-0,1));
#14341=AXIS2_PLACEMENT_3D('',#270,#14339,#14340);
#14342=PLANE('',#14341);
#14343=ORIENTED_EDGE('',*,*,#11072,.T.);
#14344=DIRECTION('',(0,0,1));
#14345=VECTOR('',#14344,5);
#14346=LINE('',#230,#14345);
#14347=EDGE_CURVE('',#231,#273,#14346,.T.);
#14348=ORIENTED_EDGE('',*,*,#14347,.F.);
#14349=ORIENTED_EDGE('',*,*,#9913,.F.);
#14350=ORIENTED_EDGE('',*,*,#14331,.T.);
#14351=EDGE_LOOP('',(#14343,#14348,#14349,#14350));
#14352=FACE_OUTER_BOUND('',#14351,.T.);
#14353=ADVANCED_FACE('',(#14352),#14342,.T.);
#14354=DIRECTION('',(-0.99729,0.073567,0));
#14355=DIRECTION('',(0,-0,1));
#14356=AXIS2_PLACEMENT_3D('',#272,#14354,#14355);
#14357=PLANE('',#14356);
#14358=ORIENTED_EDGE('',*,*,#11067,.T.);
#14359=DIRECTION('',(0,0,1));
#14360=VECTOR('',#14359,5);
#14361=LINE('',#232,#14360);
#14362=EDGE_CURVE('',#233,#275,#14361,.T.);
#14363=ORIENTED_EDGE('',*,*,#14362,.F.);
#14364=ORIENTED_EDGE('',*,*,#9918,.F.);
#14365=ORIENTED_EDGE('',*,*,#14347,.T.);
#14366=EDGE_LOOP('',(#14358,#14363,#14364,#14365));
#14367=FACE_OUTER_BOUND('',#14366,.T.);
#14368=ADVANCED_FACE('',(#14367),#14357,.T.);
#14369=DIRECTION('',(-0.999699,0.024538,0));
#14370=DIRECTION('',(0,-0,1));
#14371=AXIS2_PLACEMENT_3D('',#274,#14369,#14370);
#14372=PLANE('',#14371);
#14373=ORIENTED_EDGE('',*,*,#11062,.T.);
#14374=DIRECTION('',(0,0,1));
#14375=VECTOR('',#14374,5);
#14376=LINE('',#234,#14375);
#14377=EDGE_CURVE('',#235,#277,#14376,.T.);
#14378=ORIENTED_EDGE('',*,*,#14377,.F.);
#14379=ORIENTED_EDGE('',*,*,#9923,.F.);
#14380=ORIENTED_EDGE('',*,*,#14362,.T.);
#14381=EDGE_LOOP('',(#14373,#14378,#14379,#14380));
#14382=FACE_OUTER_BOUND('',#14381,.T.);
#14383=ADVANCED_FACE('',(#14382),#14372,.T.);
#14384=DIRECTION('',(0.999699,-0.024538,0));
#14385=DIRECTION('',(0,0,-1));
#14386=AXIS2_PLACEMENT_3D('',#750,#14384,#14385);
#14387=PLANE('',#14386);
#14388=DIRECTION('',(0,0,1));
#14389=VECTOR('',#14388,5);
#14390=LINE('',#692,#14389);
#14391=EDGE_CURVE('',#693,#751,#14390,.T.);
#14392=ORIENTED_EDGE('',*,*,#14391,.F.);
#14393=ORIENTED_EDGE('',*,*,#9598,.T.);
#14394=DIRECTION('',(0,0,1));
#14395=VECTOR('',#14394,5);
#14396=LINE('',#694,#14395);
#14397=EDGE_CURVE('',#695,#753,#14396,.T.);
#14398=ORIENTED_EDGE('',*,*,#14397,.T.);
#14399=ORIENTED_EDGE('',*,*,#11387,.F.);
#14400=EDGE_LOOP('',(#14392,#14393,#14398,#14399));
#14401=FACE_OUTER_BOUND('',#14400,.T.);
#14402=ADVANCED_FACE('',(#14401),#14387,.T.);
#14403=DIRECTION('',(0.99729,-0.073567,0));
#14404=DIRECTION('',(0,0,-1));
#14405=AXIS2_PLACEMENT_3D('',#694,#14403,#14404);
#14406=PLANE('',#14405);
#14407=ORIENTED_EDGE('',*,*,#9593,.T.);
#14408=DIRECTION('',(0,0,1));
#14409=VECTOR('',#14408,5);
#14410=LINE('',#696,#14409);
#14411=EDGE_CURVE('',#697,#755,#14410,.T.);
#14412=ORIENTED_EDGE('',*,*,#14411,.T.);
#14413=ORIENTED_EDGE('',*,*,#11392,.F.);
#14414=ORIENTED_EDGE('',*,*,#14397,.F.);
#14415=EDGE_LOOP('',(#14407,#14412,#14413,#14414));
#14416=FACE_OUTER_BOUND('',#14415,.T.);
#14417=ADVANCED_FACE('',(#14416),#14406,.T.);
#14418=DIRECTION('',(0.992478,-0.122425,0));
#14419=DIRECTION('',(0,0,-1));
#14420=AXIS2_PLACEMENT_3D('',#698,#14418,#14419);
#14421=PLANE('',#14420);
#14422=DIRECTION('',(0,0,1));
#14423=VECTOR('',#14422,5);
#14424=LINE('',#698,#14423);
#14425=EDGE_CURVE('',#699,#757,#14424,.T.);
#14426=ORIENTED_EDGE('',*,*,#14425,.T.);
#14427=ORIENTED_EDGE('',*,*,#11397,.F.);
#14428=ORIENTED_EDGE('',*,*,#14411,.F.);
#14429=ORIENTED_EDGE('',*,*,#9588,.T.);
#14430=EDGE_LOOP('',(#14426,#14427,#14428,#14429));
#14431=FACE_OUTER_BOUND('',#14430,.T.);
#14432=ADVANCED_FACE('',(#14431),#14421,.T.);
#14433=DIRECTION('',(0.985279,-0.170956,0));
#14434=DIRECTION('',(0,0,-1));
#14435=AXIS2_PLACEMENT_3D('',#758,#14433,#14434);
#14436=PLANE('',#14435);
#14437=ORIENTED_EDGE('',*,*,#11402,.F.);
#14438=ORIENTED_EDGE('',*,*,#14425,.F.);
#14439=ORIENTED_EDGE('',*,*,#9583,.T.);
#14440=DIRECTION('',(0,0,1));
#14441=VECTOR('',#14440,5);
#14442=LINE('',#700,#14441);
#14443=EDGE_CURVE('',#701,#759,#14442,.T.);
#14444=ORIENTED_EDGE('',*,*,#14443,.T.);
#14445=EDGE_LOOP('',(#14437,#14438,#14439,#14444));
#14446=FACE_OUTER_BOUND('',#14445,.T.);
#14447=ADVANCED_FACE('',(#14446),#14436,.T.);
#14448=DIRECTION('',(0.975709,-0.219071,0));
#14449=DIRECTION('',(0,0,-1));
#14450=AXIS2_PLACEMENT_3D('',#700,#14448,#14449);
#14451=PLANE('',#14450);
#14452=ORIENTED_EDGE('',*,*,#9578,.T.);
#14453=DIRECTION('',(0,0,1));
#14454=VECTOR('',#14453,5);
#14455=LINE('',#702,#14454);
#14456=EDGE_CURVE('',#703,#761,#14455,.T.);
#14457=ORIENTED_EDGE('',*,*,#14456,.T.);
#14458=ORIENTED_EDGE('',*,*,#11407,.F.);
#14459=ORIENTED_EDGE('',*,*,#14443,.F.);
#14460=EDGE_LOOP('',(#14452,#14457,#14458,#14459));
#14461=FACE_OUTER_BOUND('',#14460,.T.);
#14462=ADVANCED_FACE('',(#14461),#14451,.T.);
#14463=DIRECTION('',(0.963772,-0.266729,0));
#14464=DIRECTION('',(0,0,-1));
#14465=AXIS2_PLACEMENT_3D('',#760,#14463,#14464);
#14466=PLANE('',#14465);
#14467=ORIENTED_EDGE('',*,*,#14456,.F.);
#14468=ORIENTED_EDGE('',*,*,#9573,.T.);
#14469=DIRECTION('',(0,0,1));
#14470=VECTOR('',#14469,5);
#14471=LINE('',#704,#14470);
#14472=EDGE_CURVE('',#705,#763,#14471,.T.);
#14473=ORIENTED_EDGE('',*,*,#14472,.T.);
#14474=ORIENTED_EDGE('',*,*,#11412,.F.);
#14475=EDGE_LOOP('',(#14467,#14468,#14473,#14474));
#14476=FACE_OUTER_BOUND('',#14475,.T.);
#14477=ADVANCED_FACE('',(#14476),#14466,.T.);
#14478=DIRECTION('',(0.949522,-0.313699,0));
#14479=DIRECTION('',(0,0,-1));
#14480=AXIS2_PLACEMENT_3D('',#704,#14478,#14479);
#14481=PLANE('',#14480);
#14482=ORIENTED_EDGE('',*,*,#9568,.T.);
#14483=DIRECTION('',(0,0,1));
#14484=VECTOR('',#14483,5);
#14485=LINE('',#706,#14484);
#14486=EDGE_CURVE('',#707,#765,#14485,.T.);
#14487=ORIENTED_EDGE('',*,*,#14486,.T.);
#14488=ORIENTED_EDGE('',*,*,#11417,.F.);
#14489=ORIENTED_EDGE('',*,*,#14472,.F.);
#14490=EDGE_LOOP('',(#14482,#14487,#14488,#14489));
#14491=FACE_OUTER_BOUND('',#14490,.T.);
#14492=ADVANCED_FACE('',(#14491),#14481,.T.);
#14493=DIRECTION('',(0.932993,-0.359896,0));
#14494=DIRECTION('',(0,0,-1));
#14495=AXIS2_PLACEMENT_3D('',#764,#14493,#14494);
#14496=PLANE('',#14495);
#14497=ORIENTED_EDGE('',*,*,#14486,.F.);
#14498=ORIENTED_EDGE('',*,*,#9563,.T.);
#14499=DIRECTION('',(0,0,1));
#14500=VECTOR('',#14499,5);
#14501=LINE('',#708,#14500);
#14502=EDGE_CURVE('',#709,#767,#14501,.T.);
#14503=ORIENTED_EDGE('',*,*,#14502,.T.);
#14504=ORIENTED_EDGE('',*,*,#11422,.F.);
#14505=EDGE_LOOP('',(#14497,#14498,#14503,#14504));
#14506=FACE_OUTER_BOUND('',#14505,.T.);
#14507=ADVANCED_FACE('',(#14506),#14496,.T.);
#14508=DIRECTION('',(0.914208,-0.405246,0));
#14509=DIRECTION('',(0,0,-1));
#14510=AXIS2_PLACEMENT_3D('',#708,#14508,#14509);
#14511=PLANE('',#14510);
#14512=ORIENTED_EDGE('',*,*,#9558,.T.);
#14513=DIRECTION('',(0,0,1));
#14514=VECTOR('',#14513,5);
#14515=LINE('',#710,#14514);
#14516=EDGE_CURVE('',#711,#769,#14515,.T.);
#14517=ORIENTED_EDGE('',*,*,#14516,.T.);
#14518=ORIENTED_EDGE('',*,*,#11427,.F.);
#14519=ORIENTED_EDGE('',*,*,#14502,.F.);
#14520=EDGE_LOOP('',(#14512,#14517,#14518,#14519));
#14521=FACE_OUTER_BOUND('',#14520,.T.);
#14522=ADVANCED_FACE('',(#14521),#14511,.T.);
#14523=DIRECTION('',(0.893245,-0.449571,0));
#14524=DIRECTION('',(0,0,-1));
#14525=AXIS2_PLACEMENT_3D('',#768,#14523,#14524);
#14526=PLANE('',#14525);
#14527=ORIENTED_EDGE('',*,*,#14516,.F.);
#14528=ORIENTED_EDGE('',*,*,#9553,.T.);
#14529=DIRECTION('',(0,0,1));
#14530=VECTOR('',#14529,5);
#14531=LINE('',#712,#14530);
#14532=EDGE_CURVE('',#713,#771,#14531,.T.);
#14533=ORIENTED_EDGE('',*,*,#14532,.T.);
#14534=ORIENTED_EDGE('',*,*,#11432,.F.);
#14535=EDGE_LOOP('',(#14527,#14528,#14533,#14534));
#14536=FACE_OUTER_BOUND('',#14535,.T.);
#14537=ADVANCED_FACE('',(#14536),#14526,.T.);
#14538=DIRECTION('',(0.870087,-0.492898,0));
#14539=DIRECTION('',(0,0,-1));
#14540=AXIS2_PLACEMENT_3D('',#772,#14538,#14539);
#14541=PLANE('',#14540);
#14542=ORIENTED_EDGE('',*,*,#10787,.F.);
#14543=ORIENTED_EDGE('',*,*,#14532,.F.);
#14544=ORIENTED_EDGE('',*,*,#9548,.T.);
#14545=DIRECTION('',(0,0,1));
#14546=VECTOR('',#14545,5);
#14547=LINE('',#714,#14546);
#14548=EDGE_CURVE('',#715,#773,#14547,.T.);
#14549=ORIENTED_EDGE('',*,*,#14548,.T.);
#14550=EDGE_LOOP('',(#14542,#14543,#14544,#14549));
#14551=FACE_OUTER_BOUND('',#14550,.T.);
#14552=ADVANCED_FACE('',(#14551),#14541,.T.);
#14553=DIRECTION('',(0.844855,-0.534995,0));
#14554=DIRECTION('',(0,0,-1));
#14555=AXIS2_PLACEMENT_3D('',#774,#14553,#14554);
#14556=PLANE('',#14555);
#14557=ORIENTED_EDGE('',*,*,#10792,.F.);
#14558=ORIENTED_EDGE('',*,*,#14548,.F.);
#14559=ORIENTED_EDGE('',*,*,#9543,.T.);
#14560=DIRECTION('',(0,0,1));
#14561=VECTOR('',#14560,5);
#14562=LINE('',#716,#14561);
#14563=EDGE_CURVE('',#717,#775,#14562,.T.);
#14564=ORIENTED_EDGE('',*,*,#14563,.T.);
#14565=EDGE_LOOP('',(#14557,#14558,#14559,#14564));
#14566=FACE_OUTER_BOUND('',#14565,.T.);
#14567=ADVANCED_FACE('',(#14566),#14556,.T.);
#14568=DIRECTION('',(0.817597,-0.57579,0));
#14569=DIRECTION('',(0,0,-1));
#14570=AXIS2_PLACEMENT_3D('',#776,#14568,#14569);
#14571=PLANE('',#14570);
#14572=ORIENTED_EDGE('',*,*,#10797,.F.);
#14573=ORIENTED_EDGE('',*,*,#14563,.F.);
#14574=ORIENTED_EDGE('',*,*,#9538,.T.);
#14575=DIRECTION('',(0,0,1));
#14576=VECTOR('',#14575,5);
#14577=LINE('',#718,#14576);
#14578=EDGE_CURVE('',#719,#777,#14577,.T.);
#14579=ORIENTED_EDGE('',*,*,#14578,.T.);
#14580=EDGE_LOOP('',(#14572,#14573,#14574,#14579));
#14581=FACE_OUTER_BOUND('',#14580,.T.);
#14582=ADVANCED_FACE('',(#14581),#14571,.T.);
#14583=DIRECTION('',(0.788349,-0.615229,0));
#14584=DIRECTION('',(0,0,-1));
#14585=AXIS2_PLACEMENT_3D('',#718,#14583,#14584);
#14586=PLANE('',#14585);
#14587=ORIENTED_EDGE('',*,*,#9533,.T.);
#14588=DIRECTION('',(0,0,1));
#14589=VECTOR('',#14588,5);
#14590=LINE('',#720,#14589);
#14591=EDGE_CURVE('',#721,#779,#14590,.T.);
#14592=ORIENTED_EDGE('',*,*,#14591,.T.);
#14593=ORIENTED_EDGE('',*,*,#10802,.F.);
#14594=ORIENTED_EDGE('',*,*,#14578,.F.);
#14595=EDGE_LOOP('',(#14587,#14592,#14593,#14594));
#14596=FACE_OUTER_BOUND('',#14595,.T.);
#14597=ADVANCED_FACE('',(#14596),#14586,.T.);
#14598=DIRECTION('',(0.757158,-0.653232,0));
#14599=DIRECTION('',(0,0,-1));
#14600=AXIS2_PLACEMENT_3D('',#720,#14598,#14599);
#14601=PLANE('',#14600);
#14602=ORIENTED_EDGE('',*,*,#9528,.T.);
#14603=DIRECTION('',(0,0,1));
#14604=VECTOR('',#14603,5);
#14605=LINE('',#722,#14604);
#14606=EDGE_CURVE('',#723,#781,#14605,.T.);
#14607=ORIENTED_EDGE('',*,*,#14606,.T.);
#14608=ORIENTED_EDGE('',*,*,#10807,.F.);
#14609=ORIENTED_EDGE('',*,*,#14591,.F.);
#14610=EDGE_LOOP('',(#14602,#14607,#14608,#14609));
#14611=FACE_OUTER_BOUND('',#14610,.T.);
#14612=ADVANCED_FACE('',(#14611),#14601,.T.);
#14613=DIRECTION('',(0.724298,-0.689487,0));
#14614=DIRECTION('',(0,0,-1));
#14615=AXIS2_PLACEMENT_3D('',#722,#14613,#14614);
#14616=PLANE('',#14615);
#14617=ORIENTED_EDGE('',*,*,#9523,.T.);
#14618=DIRECTION('',(0,0,1));
#14619=VECTOR('',#14618,5);
#14620=LINE('',#724,#14619);
#14621=EDGE_CURVE('',#725,#783,#14620,.T.);
#14622=ORIENTED_EDGE('',*,*,#14621,.T.);
#14623=ORIENTED_EDGE('',*,*,#10812,.F.);
#14624=ORIENTED_EDGE('',*,*,#14606,.F.);
#14625=EDGE_LOOP('',(#14617,#14622,#14623,#14624));
#14626=FACE_OUTER_BOUND('',#14625,.T.);
#14627=ADVANCED_FACE('',(#14626),#14616,.T.);
#14628=DIRECTION('',(0.689478,-0.724306,0));
#14629=DIRECTION('',(0,0,-1));
#14630=AXIS2_PLACEMENT_3D('',#726,#14628,#14629);
#14631=PLANE('',#14630);
#14632=DIRECTION('',(0,0,1));
#14633=VECTOR('',#14632,5);
#14634=LINE('',#726,#14633);
#14635=EDGE_CURVE('',#727,#785,#14634,.T.);
#14636=ORIENTED_EDGE('',*,*,#14635,.T.);
#14637=ORIENTED_EDGE('',*,*,#10817,.F.);
#14638=ORIENTED_EDGE('',*,*,#14621,.F.);
#14639=ORIENTED_EDGE('',*,*,#9518,.T.);
#14640=EDGE_LOOP('',(#14636,#14637,#14638,#14639));
#14641=FACE_OUTER_BOUND('',#14640,.T.);
#14642=ADVANCED_FACE('',(#14641),#14631,.T.);
#14643=DIRECTION('',(0.653196,-0.757189,0));
#14644=DIRECTION('',(0,0,-1));
#14645=AXIS2_PLACEMENT_3D('',#784,#14643,#14644);
#14646=PLANE('',#14645);
#14647=ORIENTED_EDGE('',*,*,#14635,.F.);
#14648=ORIENTED_EDGE('',*,*,#9513,.T.);
#14649=DIRECTION('',(0,0,1));
#14650=VECTOR('',#14649,5);
#14651=LINE('',#728,#14650);
#14652=EDGE_CURVE('',#729,#787,#14651,.T.);
#14653=ORIENTED_EDGE('',*,*,#14652,.T.);
#14654=ORIENTED_EDGE('',*,*,#10822,.F.);
#14655=EDGE_LOOP('',(#14647,#14648,#14653,#14654));
#14656=FACE_OUTER_BOUND('',#14655,.T.);
#14657=ADVANCED_FACE('',(#14656),#14646,.T.);
#14658=DIRECTION('',(0.615199,-0.788372,0));
#14659=DIRECTION('',(0,0,-1));
#14660=AXIS2_PLACEMENT_3D('',#786,#14658,#14659);
#14661=PLANE('',#14660);
#14662=ORIENTED_EDGE('',*,*,#14652,.F.);
#14663=ORIENTED_EDGE('',*,*,#9508,.T.);
#14664=DIRECTION('',(0,0,1));
#14665=VECTOR('',#14664,5);
#14666=LINE('',#730,#14665);
#14667=EDGE_CURVE('',#731,#789,#14666,.T.);
#14668=ORIENTED_EDGE('',*,*,#14667,.T.);
#14669=ORIENTED_EDGE('',*,*,#10827,.F.);
#14670=EDGE_LOOP('',(#14662,#14663,#14668,#14669));
#14671=FACE_OUTER_BOUND('',#14670,.T.);
#14672=ADVANCED_FACE('',(#14671),#14661,.T.);
#14673=DIRECTION('',(0.575845,-0.817559,0));
#14674=DIRECTION('',(0,0,-1));
#14675=AXIS2_PLACEMENT_3D('',#730,#14673,#14674);
#14676=PLANE('',#14675);
#14677=ORIENTED_EDGE('',*,*,#9503,.T.);
#14678=DIRECTION('',(0,0,1));
#14679=VECTOR('',#14678,5);
#14680=LINE('',#732,#14679);
#14681=EDGE_CURVE('',#733,#791,#14680,.T.);
#14682=ORIENTED_EDGE('',*,*,#14681,.T.);
#14683=ORIENTED_EDGE('',*,*,#10832,.F.);
#14684=ORIENTED_EDGE('',*,*,#14667,.F.);
#14685=EDGE_LOOP('',(#14677,#14682,#14683,#14684));
#14686=FACE_OUTER_BOUND('',#14685,.T.);
#14687=ADVANCED_FACE('',(#14686),#14676,.T.);
#14688=DIRECTION('',(0.535057,-0.844816,0));
#14689=DIRECTION('',(0,0,-1));
#14690=AXIS2_PLACEMENT_3D('',#732,#14688,#14689);
#14691=PLANE('',#14690);
#14692=ORIENTED_EDGE('',*,*,#9498,.T.);
#14693=DIRECTION('',(0,0,1));
#14694=VECTOR('',#14693,5);
#14695=LINE('',#734,#14694);
#14696=EDGE_CURVE('',#735,#793,#14695,.T.);
#14697=ORIENTED_EDGE('',*,*,#14696,.T.);
#14698=ORIENTED_EDGE('',*,*,#10837,.F.);
#14699=ORIENTED_EDGE('',*,*,#14681,.F.);
#14700=EDGE_LOOP('',(#14692,#14697,#14698,#14699));
#14701=FACE_OUTER_BOUND('',#14700,.T.);
#14702=ADVANCED_FACE('',(#14701),#14691,.T.);
#14703=DIRECTION('',(0.492851,-0.870114,0));
#14704=DIRECTION('',(0,0,-1));
#14705=AXIS2_PLACEMENT_3D('',#734,#14703,#14704);
#14706=PLANE('',#14705);
#14707=ORIENTED_EDGE('',*,*,#9493,.T.);
#14708=DIRECTION('',(0,0,1));
#14709=VECTOR('',#14708,5);
#14710=LINE('',#736,#14709);
#14711=EDGE_CURVE('',#737,#795,#14710,.T.);
#14712=ORIENTED_EDGE('',*,*,#14711,.T.);
#14713=ORIENTED_EDGE('',*,*,#10842,.F.);
#14714=ORIENTED_EDGE('',*,*,#14696,.F.);
#14715=EDGE_LOOP('',(#14707,#14712,#14713,#14714));
#14716=FACE_OUTER_BOUND('',#14715,.T.);
#14717=ADVANCED_FACE('',(#14716),#14706,.T.);
#14718=DIRECTION('',(0.449667,-0.893196,0));
#14719=DIRECTION('',(0,0,-1));
#14720=AXIS2_PLACEMENT_3D('',#738,#14718,#14719);
#14721=PLANE('',#14720);
#14722=DIRECTION('',(0,0,1));
#14723=VECTOR('',#14722,5);
#14724=LINE('',#738,#14723);
#14725=EDGE_CURVE('',#739,#797,#14724,.T.);
#14726=ORIENTED_EDGE('',*,*,#14725,.T.);
#14727=ORIENTED_EDGE('',*,*,#10847,.F.);
#14728=ORIENTED_EDGE('',*,*,#14711,.F.);
#14729=ORIENTED_EDGE('',*,*,#9488,.T.);
#14730=EDGE_LOOP('',(#14726,#14727,#14728,#14729));
#14731=FACE_OUTER_BOUND('',#14730,.T.);
#14732=ADVANCED_FACE('',(#14731),#14721,.T.);
#14733=DIRECTION('',(0.405243,-0.914209,0));
#14734=DIRECTION('',(0,0,-1));
#14735=AXIS2_PLACEMENT_3D('',#738,#14733,#14734);
#14736=PLANE('',#14735);
#14737=ORIENTED_EDGE('',*,*,#9483,.T.);
#14738=DIRECTION('',(0,0,1));
#14739=VECTOR('',#14738,5);
#14740=LINE('',#740,#14739);
#14741=EDGE_CURVE('',#741,#799,#14740,.T.);
#14742=ORIENTED_EDGE('',*,*,#14741,.T.);
#14743=ORIENTED_EDGE('',*,*,#10852,.F.);
#14744=ORIENTED_EDGE('',*,*,#14725,.F.);
#14745=EDGE_LOOP('',(#14737,#14742,#14743,#14744));
#14746=FACE_OUTER_BOUND('',#14745,.T.);
#14747=ADVANCED_FACE('',(#14746),#14736,.T.);
#14748=DIRECTION('',(0.35989,-0.932995,0));
#14749=DIRECTION('',(0,0,-1));
#14750=AXIS2_PLACEMENT_3D('',#922,#14748,#14749);
#14751=PLANE('',#14750);
#14752=ORIENTED_EDGE('',*,*,#10857,.F.);
#14753=ORIENTED_EDGE('',*,*,#14741,.F.);
#14754=ORIENTED_EDGE('',*,*,#9478,.T.);
#14755=DIRECTION('',(0,0,1));
#14756=VECTOR('',#14755,5);
#14757=LINE('',#892,#14756);
#14758=EDGE_CURVE('',#893,#923,#14757,.T.);
#14759=ORIENTED_EDGE('',*,*,#14758,.T.);
#14760=EDGE_LOOP('',(#14752,#14753,#14754,#14759));
#14761=FACE_OUTER_BOUND('',#14760,.T.);
#14762=ADVANCED_FACE('',(#14761),#14751,.T.);
#14763=DIRECTION('',(-0.35989,-0.932995,0));
#14764=DIRECTION('',(0,-0,-1));
#14765=AXIS2_PLACEMENT_3D('',#950,#14763,#14764);
#14766=PLANE('',#14765);
#14767=DIRECTION('',(0,0,1));
#14768=VECTOR('',#14767,5);
#14769=LINE('',#920,#14768);
#14770=EDGE_CURVE('',#921,#951,#14769,.T.);
#14771=ORIENTED_EDGE('',*,*,#14770,.F.);
#14772=ORIENTED_EDGE('',*,*,#10053,.F.);
#14773=DIRECTION('',(0,0,1));
#14774=VECTOR('',#14773,5);
#14775=LINE('',#742,#14774);
#14776=EDGE_CURVE('',#743,#801,#14775,.T.);
#14777=ORIENTED_EDGE('',*,*,#14776,.T.);
#14778=ORIENTED_EDGE('',*,*,#10932,.T.);
#14779=EDGE_LOOP('',(#14771,#14772,#14777,#14778));
#14780=FACE_OUTER_BOUND('',#14779,.T.);
#14781=ADVANCED_FACE('',(#14780),#14766,.T.);
#14782=DIRECTION('',(-0.405243,-0.914209,0));
#14783=DIRECTION('',(0,-0,-1));
#14784=AXIS2_PLACEMENT_3D('',#742,#14782,#14783);
#14785=PLANE('',#14784);
#14786=ORIENTED_EDGE('',*,*,#10048,.T.);
#14787=DIRECTION('',(0,0,1));
#14788=VECTOR('',#14787,5);
#14789=LINE('',#744,#14788);
#14790=EDGE_CURVE('',#745,#803,#14789,.T.);
#14791=ORIENTED_EDGE('',*,*,#14790,.T.);
#14792=ORIENTED_EDGE('',*,*,#10937,.F.);
#14793=ORIENTED_EDGE('',*,*,#14776,.F.);
#14794=EDGE_LOOP('',(#14786,#14791,#14792,#14793));
#14795=FACE_OUTER_BOUND('',#14794,.T.);
#14796=ADVANCED_FACE('',(#14795),#14785,.T.);
#14797=DIRECTION('',(-0.449667,-0.893196,0));
#14798=DIRECTION('',(0,-0,-1));
#14799=AXIS2_PLACEMENT_3D('',#744,#14797,#14798);
#14800=PLANE('',#14799);
#14801=ORIENTED_EDGE('',*,*,#10043,.T.);
#14802=DIRECTION('',(0,0,1));
#14803=VECTOR('',#14802,5);
#14804=LINE('',#748,#14803);
#14805=EDGE_CURVE('',#749,#807,#14804,.T.);
#14806=ORIENTED_EDGE('',*,*,#14805,.T.);
#14807=ORIENTED_EDGE('',*,*,#10942,.F.);
#14808=ORIENTED_EDGE('',*,*,#14790,.F.);
#14809=EDGE_LOOP('',(#14801,#14806,#14807,#14808));
#14810=FACE_OUTER_BOUND('',#14809,.T.);
#14811=ADVANCED_FACE('',(#14810),#14800,.T.);
#14812=DIRECTION('',(-0.492851,-0.870114,0));
#14813=DIRECTION('',(0,-0,-1));
#14814=AXIS2_PLACEMENT_3D('',#746,#14812,#14813);
#14815=PLANE('',#14814);
#14816=DIRECTION('',(0,0,1));
#14817=VECTOR('',#14816,5);
#14818=LINE('',#746,#14817);
#14819=EDGE_CURVE('',#747,#805,#14818,.T.);
#14820=ORIENTED_EDGE('',*,*,#14819,.T.);
#14821=ORIENTED_EDGE('',*,*,#10947,.T.);
#14822=ORIENTED_EDGE('',*,*,#14805,.F.);
#14823=ORIENTED_EDGE('',*,*,#10038,.F.);
#14824=EDGE_LOOP('',(#14820,#14821,#14822,#14823));
#14825=FACE_OUTER_BOUND('',#14824,.T.);
#14826=ADVANCED_FACE('',(#14825),#14815,.T.);
#14827=DIRECTION('',(-0.999699,-0.024538,0));
#14828=DIRECTION('',(0,-0,1));
#14829=AXIS2_PLACEMENT_3D('',#852,#14827,#14828);
#14830=PLANE('',#14829);
#14831=DIRECTION('',(0,0,1));
#14832=VECTOR('',#14831,5);
#14833=LINE('',#810,#14832);
#14834=EDGE_CURVE('',#811,#853,#14833,.T.);
#14835=ORIENTED_EDGE('',*,*,#14834,.F.);
#14836=ORIENTED_EDGE('',*,*,#9933,.F.);
#14837=DIRECTION('',(0,0,1));
#14838=VECTOR('',#14837,5);
#14839=LINE('',#808,#14838);
#14840=EDGE_CURVE('',#809,#851,#14839,.T.);
#14841=ORIENTED_EDGE('',*,*,#14840,.T.);
#14842=ORIENTED_EDGE('',*,*,#11052,.T.);
#14843=EDGE_LOOP('',(#14835,#14836,#14841,#14842));
#14844=FACE_OUTER_BOUND('',#14843,.T.);
#14845=ADVANCED_FACE('',(#14844),#14830,.T.);
#14846=DIRECTION('',(-0.99729,-0.073567,0));
#14847=DIRECTION('',(0,-0,1));
#14848=AXIS2_PLACEMENT_3D('',#812,#14846,#14847);
#14849=PLANE('',#14848);
#14850=ORIENTED_EDGE('',*,*,#9938,.F.);
#14851=ORIENTED_EDGE('',*,*,#14834,.T.);
#14852=ORIENTED_EDGE('',*,*,#11047,.T.);
#14853=DIRECTION('',(0,0,1));
#14854=VECTOR('',#14853,5);
#14855=LINE('',#812,#14854);
#14856=EDGE_CURVE('',#813,#855,#14855,.T.);
#14857=ORIENTED_EDGE('',*,*,#14856,.F.);
#14858=EDGE_LOOP('',(#14850,#14851,#14852,#14857));
#14859=FACE_OUTER_BOUND('',#14858,.T.);
#14860=ADVANCED_FACE('',(#14859),#14849,.T.);
#14861=DIRECTION('',(-0.992478,-0.122425,0));
#14862=DIRECTION('',(0,-0,1));
#14863=AXIS2_PLACEMENT_3D('',#812,#14861,#14862);
#14864=PLANE('',#14863);
#14865=ORIENTED_EDGE('',*,*,#14856,.T.);
#14866=ORIENTED_EDGE('',*,*,#11042,.T.);
#14867=DIRECTION('',(0,0,1));
#14868=VECTOR('',#14867,5);
#14869=LINE('',#814,#14868);
#14870=EDGE_CURVE('',#815,#857,#14869,.T.);
#14871=ORIENTED_EDGE('',*,*,#14870,.F.);
#14872=ORIENTED_EDGE('',*,*,#9943,.F.);
#14873=EDGE_LOOP('',(#14865,#14866,#14871,#14872));
#14874=FACE_OUTER_BOUND('',#14873,.T.);
#14875=ADVANCED_FACE('',(#14874),#14864,.T.);
#14876=DIRECTION('',(-0.975709,-0.219071,0));
#14877=DIRECTION('',(0,-0,1));
#14878=AXIS2_PLACEMENT_3D('',#818,#14876,#14877);
#14879=PLANE('',#14878);
#14880=ORIENTED_EDGE('',*,*,#9953,.F.);
#14881=DIRECTION('',(0,0,1));
#14882=VECTOR('',#14881,5);
#14883=LINE('',#816,#14882);
#14884=EDGE_CURVE('',#817,#859,#14883,.T.);
#14885=ORIENTED_EDGE('',*,*,#14884,.T.);
#14886=ORIENTED_EDGE('',*,*,#11032,.T.);
#14887=DIRECTION('',(0,0,1));
#14888=VECTOR('',#14887,5);
#14889=LINE('',#818,#14888);
#14890=EDGE_CURVE('',#819,#861,#14889,.T.);
#14891=ORIENTED_EDGE('',*,*,#14890,.F.);
#14892=EDGE_LOOP('',(#14880,#14885,#14886,#14891));
#14893=FACE_OUTER_BOUND('',#14892,.T.);
#14894=ADVANCED_FACE('',(#14893),#14879,.T.);
#14895=DIRECTION('',(-0.985279,-0.170956,0));
#14896=DIRECTION('',(0,-0,1));
#14897=AXIS2_PLACEMENT_3D('',#858,#14895,#14896);
#14898=PLANE('',#14897);
#14899=ORIENTED_EDGE('',*,*,#14884,.F.);
#14900=ORIENTED_EDGE('',*,*,#9948,.F.);
#14901=ORIENTED_EDGE('',*,*,#14870,.T.);
#14902=ORIENTED_EDGE('',*,*,#11037,.T.);
#14903=EDGE_LOOP('',(#14899,#14900,#14901,#14902));
#14904=FACE_OUTER_BOUND('',#14903,.T.);
#14905=ADVANCED_FACE('',(#14904),#14898,.T.);
#14906=DIRECTION('',(-0.963772,-0.266729,0));
#14907=DIRECTION('',(0,-0,1));
#14908=AXIS2_PLACEMENT_3D('',#860,#14906,#14907);
#14909=PLANE('',#14908);
#14910=ORIENTED_EDGE('',*,*,#11027,.T.);
#14911=DIRECTION('',(0,0,1));
#14912=VECTOR('',#14911,5);
#14913=LINE('',#820,#14912);
#14914=EDGE_CURVE('',#821,#863,#14913,.T.);
#14915=ORIENTED_EDGE('',*,*,#14914,.F.);
#14916=ORIENTED_EDGE('',*,*,#9958,.F.);
#14917=ORIENTED_EDGE('',*,*,#14890,.T.);
#14918=EDGE_LOOP('',(#14910,#14915,#14916,#14917));
#14919=FACE_OUTER_BOUND('',#14918,.T.);
#14920=ADVANCED_FACE('',(#14919),#14909,.T.);
#14921=DIRECTION('',(-0.949522,-0.313699,0));
#14922=DIRECTION('',(0,-0,1));
#14923=AXIS2_PLACEMENT_3D('',#820,#14921,#14922);
#14924=PLANE('',#14923);
#14925=ORIENTED_EDGE('',*,*,#14914,.T.);
#14926=ORIENTED_EDGE('',*,*,#11022,.T.);
#14927=DIRECTION('',(0,0,1));
#14928=VECTOR('',#14927,5);
#14929=LINE('',#836,#14928);
#14930=EDGE_CURVE('',#837,#879,#14929,.T.);
#14931=ORIENTED_EDGE('',*,*,#14930,.F.);
#14932=ORIENTED_EDGE('',*,*,#9963,.F.);
#14933=EDGE_LOOP('',(#14925,#14926,#14931,#14932));
#14934=FACE_OUTER_BOUND('',#14933,.T.);
#14935=ADVANCED_FACE('',(#14934),#14924,.T.);
#14936=DIRECTION('',(-0.788349,-0.615229,0));
#14937=DIRECTION('',(0,-0,-1));
#14938=AXIS2_PLACEMENT_3D('',#888,#14936,#14937);
#14939=PLANE('',#14938);
#14940=ORIENTED_EDGE('',*,*,#10987,.F.);
#14941=DIRECTION('',(0,0,1));
#14942=VECTOR('',#14941,5);
#14943=LINE('',#834,#14942);
#14944=EDGE_CURVE('',#835,#877,#14943,.T.);
#14945=ORIENTED_EDGE('',*,*,#14944,.F.);
#14946=ORIENTED_EDGE('',*,*,#9998,.T.);
#14947=DIRECTION('',(0,0,1));
#14948=VECTOR('',#14947,5);
#14949=LINE('',#846,#14948);
#14950=EDGE_CURVE('',#847,#889,#14949,.T.);
#14951=ORIENTED_EDGE('',*,*,#14950,.T.);
#14952=EDGE_LOOP('',(#14940,#14945,#14946,#14951));
#14953=FACE_OUTER_BOUND('',#14952,.T.);
#14954=ADVANCED_FACE('',(#14953),#14939,.T.);
#14955=DIRECTION('',(-0.535057,-0.844816,0));
#14956=DIRECTION('',(0,-0,-1));
#14957=AXIS2_PLACEMENT_3D('',#804,#14955,#14956);
#14958=PLANE('',#14957);
#14959=ORIENTED_EDGE('',*,*,#14819,.F.);
#14960=ORIENTED_EDGE('',*,*,#10033,.T.);
#14961=DIRECTION('',(0,0,1));
#14962=VECTOR('',#14961,5);
#14963=LINE('',#824,#14962);
#14964=EDGE_CURVE('',#825,#867,#14963,.T.);
#14965=ORIENTED_EDGE('',*,*,#14964,.T.);
#14966=ORIENTED_EDGE('',*,*,#10952,.F.);
#14967=EDGE_LOOP('',(#14959,#14960,#14965,#14966));
#14968=FACE_OUTER_BOUND('',#14967,.T.);
#14969=ADVANCED_FACE('',(#14968),#14958,.T.);
#14970=DIRECTION('',(-0.575845,-0.817559,0));
#14971=DIRECTION('',(0,-0,-1));
#14972=AXIS2_PLACEMENT_3D('',#824,#14970,#14971);
#14973=PLANE('',#14972);
#14974=ORIENTED_EDGE('',*,*,#10028,.T.);
#14975=DIRECTION('',(0,0,1));
#14976=VECTOR('',#14975,5);
#14977=LINE('',#826,#14976);
#14978=EDGE_CURVE('',#827,#869,#14977,.T.);
#14979=ORIENTED_EDGE('',*,*,#14978,.T.);
#14980=ORIENTED_EDGE('',*,*,#10957,.F.);
#14981=ORIENTED_EDGE('',*,*,#14964,.F.);
#14982=EDGE_LOOP('',(#14974,#14979,#14980,#14981));
#14983=FACE_OUTER_BOUND('',#14982,.T.);
#14984=ADVANCED_FACE('',(#14983),#14973,.T.);
#14985=DIRECTION('',(-0.615199,-0.788372,0));
#14986=DIRECTION('',(0,-0,-1));
#14987=AXIS2_PLACEMENT_3D('',#826,#14985,#14986);
#14988=PLANE('',#14987);
#14989=ORIENTED_EDGE('',*,*,#10023,.F.);
#14990=DIRECTION('',(0,0,1));
#14991=VECTOR('',#14990,5);
#14992=LINE('',#822,#14991);
#14993=EDGE_CURVE('',#823,#865,#14992,.T.);
#14994=ORIENTED_EDGE('',*,*,#14993,.T.);
#14995=ORIENTED_EDGE('',*,*,#10962,.T.);
#14996=ORIENTED_EDGE('',*,*,#14978,.F.);
#14997=EDGE_LOOP('',(#14989,#14994,#14995,#14996));
#14998=FACE_OUTER_BOUND('',#14997,.T.);
#14999=ADVANCED_FACE('',(#14998),#14988,.T.);
#15000=DIRECTION('',(-0.653196,-0.757189,0));
#15001=DIRECTION('',(0,-0,-1));
#15002=AXIS2_PLACEMENT_3D('',#828,#15000,#15001);
#15003=PLANE('',#15002);
#15004=DIRECTION('',(0,0,1));
#15005=VECTOR('',#15004,5);
#15006=LINE('',#828,#15005);
#15007=EDGE_CURVE('',#829,#871,#15006,.T.);
#15008=ORIENTED_EDGE('',*,*,#15007,.T.);
#15009=ORIENTED_EDGE('',*,*,#10967,.F.);
#15010=ORIENTED_EDGE('',*,*,#14993,.F.);
#15011=ORIENTED_EDGE('',*,*,#10018,.T.);
#15012=EDGE_LOOP('',(#15008,#15009,#15010,#15011));
#15013=FACE_OUTER_BOUND('',#15012,.T.);
#15014=ADVANCED_FACE('',(#15013),#15003,.T.);
#15015=DIRECTION('',(-0.689478,-0.724306,0));
#15016=DIRECTION('',(0,-0,-1));
#15017=AXIS2_PLACEMENT_3D('',#830,#15015,#15016);
#15018=PLANE('',#15017);
#15019=DIRECTION('',(0,0,1));
#15020=VECTOR('',#15019,5);
#15021=LINE('',#830,#15020);
#15022=EDGE_CURVE('',#831,#873,#15021,.T.);
#15023=ORIENTED_EDGE('',*,*,#15022,.T.);
#15024=ORIENTED_EDGE('',*,*,#10972,.F.);
#15025=ORIENTED_EDGE('',*,*,#15007,.F.);
#15026=ORIENTED_EDGE('',*,*,#10013,.T.);
#15027=EDGE_LOOP('',(#15023,#15024,#15025,#15026));
#15028=FACE_OUTER_BOUND('',#15027,.T.);
#15029=ADVANCED_FACE('',(#15028),#15018,.T.);
#15030=DIRECTION('',(-0.757158,-0.653232,0));
#15031=DIRECTION('',(0,-0,-1));
#15032=AXIS2_PLACEMENT_3D('',#834,#15030,#15031);
#15033=PLANE('',#15032);
#15034=ORIENTED_EDGE('',*,*,#14944,.T.);
#15035=ORIENTED_EDGE('',*,*,#10982,.F.);
#15036=DIRECTION('',(0,0,1));
#15037=VECTOR('',#15036,5);
#15038=LINE('',#832,#15037);
#15039=EDGE_CURVE('',#833,#875,#15038,.T.);
#15040=ORIENTED_EDGE('',*,*,#15039,.F.);
#15041=ORIENTED_EDGE('',*,*,#10003,.T.);
#15042=EDGE_LOOP('',(#15034,#15035,#15040,#15041));
#15043=FACE_OUTER_BOUND('',#15042,.T.);
#15044=ADVANCED_FACE('',(#15043),#15033,.T.);
#15045=DIRECTION('',(-0.724298,-0.689487,0));
#15046=DIRECTION('',(0,-0,-1));
#15047=AXIS2_PLACEMENT_3D('',#832,#15045,#15046);
#15048=PLANE('',#15047);
#15049=ORIENTED_EDGE('',*,*,#15039,.T.);
#15050=ORIENTED_EDGE('',*,*,#10977,.F.);
#15051=ORIENTED_EDGE('',*,*,#15022,.F.);
#15052=ORIENTED_EDGE('',*,*,#10008,.T.);
#15053=EDGE_LOOP('',(#15049,#15050,#15051,#15052));
#15054=FACE_OUTER_BOUND('',#15053,.T.);
#15055=ADVANCED_FACE('',(#15054),#15048,.T.);
#15056=DIRECTION('',(-0.932993,-0.359896,0));
#15057=DIRECTION('',(0,-0,1));
#15058=AXIS2_PLACEMENT_3D('',#878,#15056,#15057);
#15059=PLANE('',#15058);
#15060=ORIENTED_EDGE('',*,*,#11017,.T.);
#15061=DIRECTION('',(0,0,1));
#15062=VECTOR('',#15061,5);
#15063=LINE('',#838,#15062);
#15064=EDGE_CURVE('',#839,#881,#15063,.T.);
#15065=ORIENTED_EDGE('',*,*,#15064,.F.);
#15066=ORIENTED_EDGE('',*,*,#9968,.F.);
#15067=ORIENTED_EDGE('',*,*,#14930,.T.);
#15068=EDGE_LOOP('',(#15060,#15065,#15066,#15067));
#15069=FACE_OUTER_BOUND('',#15068,.T.);
#15070=ADVANCED_FACE('',(#15069),#15059,.T.);
#15071=DIRECTION('',(-0.893245,-0.449571,0));
#15072=DIRECTION('',(0,-0,-1));
#15073=AXIS2_PLACEMENT_3D('',#890,#15071,#15072);
#15074=PLANE('',#15073);
#15075=DIRECTION('',(0,0,1));
#15076=VECTOR('',#15075,5);
#15077=LINE('',#848,#15076);
#15078=EDGE_CURVE('',#849,#891,#15077,.T.);
#15079=ORIENTED_EDGE('',*,*,#15078,.F.);
#15080=ORIENTED_EDGE('',*,*,#9978,.F.);
#15081=DIRECTION('',(0,0,1));
#15082=VECTOR('',#15081,5);
#15083=LINE('',#840,#15082);
#15084=EDGE_CURVE('',#841,#883,#15083,.T.);
#15085=ORIENTED_EDGE('',*,*,#15084,.T.);
#15086=ORIENTED_EDGE('',*,*,#11007,.T.);
#15087=EDGE_LOOP('',(#15079,#15080,#15085,#15086));
#15088=FACE_OUTER_BOUND('',#15087,.T.);
#15089=ADVANCED_FACE('',(#15088),#15074,.T.);
#15090=DIRECTION('',(-0.914208,-0.405246,0));
#15091=DIRECTION('',(0,-0,1));
#15092=AXIS2_PLACEMENT_3D('',#880,#15090,#15091);
#15093=PLANE('',#15092);
#15094=ORIENTED_EDGE('',*,*,#11012,.T.);
#15095=ORIENTED_EDGE('',*,*,#15084,.F.);
#15096=ORIENTED_EDGE('',*,*,#9973,.F.);
#15097=ORIENTED_EDGE('',*,*,#15064,.T.);
#15098=EDGE_LOOP('',(#15094,#15095,#15096,#15097));
#15099=FACE_OUTER_BOUND('',#15098,.T.);
#15100=ADVANCED_FACE('',(#15099),#15093,.T.);
#15101=DIRECTION('',(-0.844855,-0.534995,0));
#15102=DIRECTION('',(0,-0,-1));
#15103=AXIS2_PLACEMENT_3D('',#886,#15101,#15102);
#15104=PLANE('',#15103);
#15105=DIRECTION('',(0,0,1));
#15106=VECTOR('',#15105,5);
#15107=LINE('',#844,#15106);
#15108=EDGE_CURVE('',#845,#887,#15107,.T.);
#15109=ORIENTED_EDGE('',*,*,#15108,.F.);
#15110=ORIENTED_EDGE('',*,*,#9988,.F.);
#15111=DIRECTION('',(0,0,1));
#15112=VECTOR('',#15111,5);
#15113=LINE('',#842,#15112);
#15114=EDGE_CURVE('',#843,#885,#15113,.T.);
#15115=ORIENTED_EDGE('',*,*,#15114,.T.);
#15116=ORIENTED_EDGE('',*,*,#10997,.T.);
#15117=EDGE_LOOP('',(#15109,#15110,#15115,#15116));
#15118=FACE_OUTER_BOUND('',#15117,.T.);
#15119=ADVANCED_FACE('',(#15118),#15104,.T.);
#15120=DIRECTION('',(-0.817597,-0.57579,0));
#15121=DIRECTION('',(0,-0,-1));
#15122=AXIS2_PLACEMENT_3D('',#844,#15120,#15121);
#15123=PLANE('',#15122);
#15124=ORIENTED_EDGE('',*,*,#15108,.T.);
#15125=ORIENTED_EDGE('',*,*,#10992,.T.);
#15126=ORIENTED_EDGE('',*,*,#14950,.F.);
#15127=ORIENTED_EDGE('',*,*,#9993,.F.);
#15128=EDGE_LOOP('',(#15124,#15125,#15126,#15127));
#15129=FACE_OUTER_BOUND('',#15128,.T.);
#15130=ADVANCED_FACE('',(#15129),#15123,.T.);
#15131=DIRECTION('',(-0.870087,-0.492898,0));
#15132=DIRECTION('',(0,-0,-1));
#15133=AXIS2_PLACEMENT_3D('',#884,#15131,#15132);
#15134=PLANE('',#15133);
#15135=ORIENTED_EDGE('',*,*,#15114,.F.);
#15136=ORIENTED_EDGE('',*,*,#9983,.T.);
#15137=ORIENTED_EDGE('',*,*,#15078,.T.);
#15138=ORIENTED_EDGE('',*,*,#11002,.F.);
#15139=EDGE_LOOP('',(#15135,#15136,#15137,#15138));
#15140=FACE_OUTER_BOUND('',#15139,.T.);
#15141=ADVANCED_FACE('',(#15140),#15134,.T.);
#15142=DIRECTION('',(0.313627,-0.949546,0));
#15143=DIRECTION('',(0,0,-1));
#15144=AXIS2_PLACEMENT_3D('',#892,#15142,#15143);
#15145=PLANE('',#15144);
#15146=ORIENTED_EDGE('',*,*,#9473,.T.);
#15147=DIRECTION('',(0,0,1));
#15148=VECTOR('',#15147,5);
#15149=LINE('',#894,#15148);
#15150=EDGE_CURVE('',#895,#925,#15149,.T.);
#15151=ORIENTED_EDGE('',*,*,#15150,.T.);
#15152=ORIENTED_EDGE('',*,*,#10862,.F.);
#15153=ORIENTED_EDGE('',*,*,#14758,.F.);
#15154=EDGE_LOOP('',(#15146,#15151,#15152,#15153));
#15155=FACE_OUTER_BOUND('',#15154,.T.);
#15156=ADVANCED_FACE('',(#15155),#15145,.T.);
#15157=DIRECTION('',(0.266632,-0.963798,0));
#15158=DIRECTION('',(0,0,-1));
#15159=AXIS2_PLACEMENT_3D('',#924,#15157,#15158);
#15160=PLANE('',#15159);
#15161=ORIENTED_EDGE('',*,*,#15150,.F.);
#15162=ORIENTED_EDGE('',*,*,#9468,.T.);
#15163=DIRECTION('',(0,0,1));
#15164=VECTOR('',#15163,5);
#15165=LINE('',#896,#15164);
#15166=EDGE_CURVE('',#897,#927,#15165,.T.);
#15167=ORIENTED_EDGE('',*,*,#15166,.T.);
#15168=ORIENTED_EDGE('',*,*,#10867,.F.);
#15169=EDGE_LOOP('',(#15161,#15162,#15167,#15168));
#15170=FACE_OUTER_BOUND('',#15169,.T.);
#15171=ADVANCED_FACE('',(#15170),#15160,.T.);
#15172=DIRECTION('',(0.219082,-0.975707,0));
#15173=DIRECTION('',(0,0,-1));
#15174=AXIS2_PLACEMENT_3D('',#928,#15172,#15173);
#15175=PLANE('',#15174);
#15176=ORIENTED_EDGE('',*,*,#10872,.F.);
#15177=ORIENTED_EDGE('',*,*,#15166,.F.);
#15178=ORIENTED_EDGE('',*,*,#9463,.T.);
#15179=DIRECTION('',(0,0,1));
#15180=VECTOR('',#15179,5);
#15181=LINE('',#898,#15180);
#15182=EDGE_CURVE('',#899,#929,#15181,.T.);
#15183=ORIENTED_EDGE('',*,*,#15182,.T.);
#15184=EDGE_LOOP('',(#15176,#15177,#15178,#15183));
#15185=FACE_OUTER_BOUND('',#15184,.T.);
#15186=ADVANCED_FACE('',(#15185),#15175,.T.);
#15187=DIRECTION('',(0.170984,-0.985274,0));
#15188=DIRECTION('',(0,0,-1));
#15189=AXIS2_PLACEMENT_3D('',#898,#15187,#15188);
#15190=PLANE('',#15189);
#15191=ORIENTED_EDGE('',*,*,#9458,.T.);
#15192=DIRECTION('',(0,0,1));
#15193=VECTOR('',#15192,5);
#15194=LINE('',#900,#15193);
#15195=EDGE_CURVE('',#901,#931,#15194,.T.);
#15196=ORIENTED_EDGE('',*,*,#15195,.T.);
#15197=ORIENTED_EDGE('',*,*,#10877,.F.);
#15198=ORIENTED_EDGE('',*,*,#15182,.F.);
#15199=EDGE_LOOP('',(#15191,#15196,#15197,#15198));
#15200=FACE_OUTER_BOUND('',#15199,.T.);
#15201=ADVANCED_FACE('',(#15200),#15190,.T.);
#15202=DIRECTION('',(0.122521,-0.992466,0));
#15203=DIRECTION('',(0,0,-1));
#15204=AXIS2_PLACEMENT_3D('',#900,#15202,#15203);
#15205=PLANE('',#15204);
#15206=ORIENTED_EDGE('',*,*,#9453,.T.);
#15207=DIRECTION('',(0,0,1));
#15208=VECTOR('',#15207,5);
#15209=LINE('',#902,#15208);
#15210=EDGE_CURVE('',#903,#933,#15209,.T.);
#15211=ORIENTED_EDGE('',*,*,#15210,.T.);
#15212=ORIENTED_EDGE('',*,*,#10882,.F.);
#15213=ORIENTED_EDGE('',*,*,#15195,.F.);
#15214=EDGE_LOOP('',(#15206,#15211,#15212,#15213));
#15215=FACE_OUTER_BOUND('',#15214,.T.);
#15216=ADVANCED_FACE('',(#15215),#15205,.T.);
#15217=DIRECTION('',(0.073515,-0.997294,0));
#15218=DIRECTION('',(0,0,-1));
#15219=AXIS2_PLACEMENT_3D('',#902,#15217,#15218);
#15220=PLANE('',#15219);
#15221=ORIENTED_EDGE('',*,*,#10098,.T.);
#15222=DIRECTION('',(0,0,1));
#15223=VECTOR('',#15222,5);
#15224=LINE('',#904,#15223);
#15225=EDGE_CURVE('',#905,#935,#15224,.T.);
#15226=ORIENTED_EDGE('',*,*,#15225,.T.);
#15227=ORIENTED_EDGE('',*,*,#10887,.F.);
#15228=ORIENTED_EDGE('',*,*,#15210,.F.);
#15229=EDGE_LOOP('',(#15221,#15226,#15227,#15228));
#15230=FACE_OUTER_BOUND('',#15229,.T.);
#15231=ADVANCED_FACE('',(#15230),#15220,.T.);
#15232=DIRECTION('',(0.024505,-0.9997,0));
#15233=DIRECTION('',(0,0,-1));
#15234=AXIS2_PLACEMENT_3D('',#904,#15232,#15233);
#15235=PLANE('',#15234);
#15236=ORIENTED_EDGE('',*,*,#10093,.T.);
#15237=DIRECTION('',(0,0,1));
#15238=VECTOR('',#15237,5);
#15239=LINE('',#906,#15238);
#15240=EDGE_CURVE('',#907,#937,#15239,.T.);
#15241=ORIENTED_EDGE('',*,*,#15240,.T.);
#15242=ORIENTED_EDGE('',*,*,#10892,.F.);
#15243=ORIENTED_EDGE('',*,*,#15225,.F.);
#15244=EDGE_LOOP('',(#15236,#15241,#15242,#15243));
#15245=FACE_OUTER_BOUND('',#15244,.T.);
#15246=ADVANCED_FACE('',(#15245),#15235,.T.);
#15247=DIRECTION('',(-0.024505,-0.9997,0));
#15248=DIRECTION('',(0,-0,-1));
#15249=AXIS2_PLACEMENT_3D('',#936,#15247,#15248);
#15250=PLANE('',#15249);
#15251=ORIENTED_EDGE('',*,*,#15240,.F.);
#15252=ORIENTED_EDGE('',*,*,#10088,.T.);
#15253=DIRECTION('',(0,0,1));
#15254=VECTOR('',#15253,5);
#15255=LINE('',#908,#15254);
#15256=EDGE_CURVE('',#909,#939,#15255,.T.);
#15257=ORIENTED_EDGE('',*,*,#15256,.T.);
#15258=ORIENTED_EDGE('',*,*,#10897,.F.);
#15259=EDGE_LOOP('',(#15251,#15252,#15257,#15258));
#15260=FACE_OUTER_BOUND('',#15259,.T.);
#15261=ADVANCED_FACE('',(#15260),#15250,.T.);
#15262=DIRECTION('',(-0.073515,-0.997294,0));
#15263=DIRECTION('',(0,-0,-1));
#15264=AXIS2_PLACEMENT_3D('',#938,#15262,#15263);
#15265=PLANE('',#15264);
#15266=ORIENTED_EDGE('',*,*,#15256,.F.);
#15267=ORIENTED_EDGE('',*,*,#10083,.T.);
#15268=DIRECTION('',(0,0,1));
#15269=VECTOR('',#15268,5);
#15270=LINE('',#910,#15269);
#15271=EDGE_CURVE('',#911,#941,#15270,.T.);
#15272=ORIENTED_EDGE('',*,*,#15271,.T.);
#15273=ORIENTED_EDGE('',*,*,#10902,.F.);
#15274=EDGE_LOOP('',(#15266,#15267,#15272,#15273));
#15275=FACE_OUTER_BOUND('',#15274,.T.);
#15276=ADVANCED_FACE('',(#15275),#15265,.T.);
#15277=DIRECTION('',(-0.122521,-0.992466,0));
#15278=DIRECTION('',(0,-0,-1));
#15279=AXIS2_PLACEMENT_3D('',#942,#15277,#15278);
#15280=PLANE('',#15279);
#15281=ORIENTED_EDGE('',*,*,#10907,.F.);
#15282=ORIENTED_EDGE('',*,*,#15271,.F.);
#15283=ORIENTED_EDGE('',*,*,#10078,.T.);
#15284=DIRECTION('',(0,0,1));
#15285=VECTOR('',#15284,5);
#15286=LINE('',#912,#15285);
#15287=EDGE_CURVE('',#913,#943,#15286,.T.);
#15288=ORIENTED_EDGE('',*,*,#15287,.T.);
#15289=EDGE_LOOP('',(#15281,#15282,#15283,#15288));
#15290=FACE_OUTER_BOUND('',#15289,.T.);
#15291=ADVANCED_FACE('',(#15290),#15280,.T.);
#15292=DIRECTION('',(-0.170984,-0.985274,0));
#15293=DIRECTION('',(0,-0,-1));
#15294=AXIS2_PLACEMENT_3D('',#914,#15292,#15293);
#15295=PLANE('',#15294);
#15296=DIRECTION('',(0,0,1));
#15297=VECTOR('',#15296,5);
#15298=LINE('',#914,#15297);
#15299=EDGE_CURVE('',#915,#945,#15298,.T.);
#15300=ORIENTED_EDGE('',*,*,#15299,.T.);
#15301=ORIENTED_EDGE('',*,*,#10912,.F.);
#15302=ORIENTED_EDGE('',*,*,#15287,.F.);
#15303=ORIENTED_EDGE('',*,*,#10073,.T.);
#15304=EDGE_LOOP('',(#15300,#15301,#15302,#15303));
#15305=FACE_OUTER_BOUND('',#15304,.T.);
#15306=ADVANCED_FACE('',(#15305),#15295,.T.);
#15307=DIRECTION('',(-0.219082,-0.975707,0));
#15308=DIRECTION('',(0,-0,-1));
#15309=AXIS2_PLACEMENT_3D('',#916,#15307,#15308);
#15310=PLANE('',#15309);
#15311=DIRECTION('',(0,0,1));
#15312=VECTOR('',#15311,5);
#15313=LINE('',#916,#15312);
#15314=EDGE_CURVE('',#917,#947,#15313,.T.);
#15315=ORIENTED_EDGE('',*,*,#15314,.T.);
#15316=ORIENTED_EDGE('',*,*,#10917,.F.);
#15317=ORIENTED_EDGE('',*,*,#15299,.F.);
#15318=ORIENTED_EDGE('',*,*,#10068,.T.);
#15319=EDGE_LOOP('',(#15315,#15316,#15317,#15318));
#15320=FACE_OUTER_BOUND('',#15319,.T.);
#15321=ADVANCED_FACE('',(#15320),#15310,.T.);
#15322=DIRECTION('',(-0.266632,-0.963798,0));
#15323=DIRECTION('',(0,-0,-1));
#15324=AXIS2_PLACEMENT_3D('',#916,#15322,#15323);
#15325=PLANE('',#15324);
#15326=ORIENTED_EDGE('',*,*,#10063,.T.);
#15327=DIRECTION('',(0,0,1));
#15328=VECTOR('',#15327,5);
#15329=LINE('',#918,#15328);
#15330=EDGE_CURVE('',#919,#949,#15329,.T.);
#15331=ORIENTED_EDGE('',*,*,#15330,.T.);
#15332=ORIENTED_EDGE('',*,*,#10922,.F.);
#15333=ORIENTED_EDGE('',*,*,#15314,.F.);
#15334=EDGE_LOOP('',(#15326,#15331,#15332,#15333));
#15335=FACE_OUTER_BOUND('',#15334,.T.);
#15336=ADVANCED_FACE('',(#15335),#15325,.T.);
#15337=DIRECTION('',(-0.313627,-0.949546,0));
#15338=DIRECTION('',(0,-0,-1));
#15339=AXIS2_PLACEMENT_3D('',#918,#15337,#15338);
#15340=PLANE('',#15339);
#15341=ORIENTED_EDGE('',*,*,#10058,.T.);
#15342=ORIENTED_EDGE('',*,*,#14770,.T.);
#15343=ORIENTED_EDGE('',*,*,#10927,.F.);
#15344=ORIENTED_EDGE('',*,*,#15330,.F.);
#15345=EDGE_LOOP('',(#15341,#15342,#15343,#15344));
#15346=FACE_OUTER_BOUND('',#15345,.T.);
#15347=ADVANCED_FACE('',(#15346),#15340,.T.);
#15348=DIRECTION('',(1,0,0));
#15349=DIRECTION('',(0,0,-1));
#15350=AXIS2_PLACEMENT_3D('',#142,#15348,#15349);
#15351=PLANE('',#15350);
#15352=ORIENTED_EDGE('',*,*,#13617,.F.);
#15353=ORIENTED_EDGE('',*,*,#9603,.T.);
#15354=ORIENTED_EDGE('',*,*,#14391,.T.);
#15355=ORIENTED_EDGE('',*,*,#11382,.F.);
#15356=EDGE_LOOP('',(#15352,#15353,#15354,#15355));
#15357=FACE_OUTER_BOUND('',#15356,.T.);
#15358=ADVANCED_FACE('',(#15357),#15351,.T.);
#15359=DIRECTION('',(-1,0,0));
#15360=DIRECTION('',(0,-0,1));
#15361=AXIS2_PLACEMENT_3D('',#808,#15359,#15360);
#15362=PLANE('',#15361);
#15363=ORIENTED_EDGE('',*,*,#9928,.F.);
#15364=ORIENTED_EDGE('',*,*,#14377,.T.);
#15365=ORIENTED_EDGE('',*,*,#11057,.T.);
#15366=ORIENTED_EDGE('',*,*,#14840,.F.);
#15367=EDGE_LOOP('',(#15363,#15364,#15365,#15366));
#15368=FACE_OUTER_BOUND('',#15367,.T.);
#15369=ADVANCED_FACE('',(#15368),#15362,.T.);
#15370=CLOSED_SHELL('',(#2514,#2537,#2556,#2579,#3116,#3131,#3940,#3963,#3982,#4001,#4020,#4039,#4058,#4077,#4100,#4119,#4138,#4157,#4176,#4195,#4214,#4233,#4252,#4271,#4294,#4313,#4328,#4343,#4362,#4381,#4400,#4419,#4438,#4457,#4476,#4495,#4514,#4533,#4552,#4571,#4590,#4609,#4628,#4647,#4666,#4685,#4704,#4723,#4742,#4761,#4780,#4799,#4818,#4837,#4856,#4875,#4894,#4913,#4932,#4951,#4970,#4989,#5008,#5027,#5046,#5065,#5084,#5103,#5122,#5141,#5160,#5179,#5198,#5217,#5236,#5255,#5274,#5293,#5312,#5331,#5350,#5369,#5388,#5407,#5426,#5445,#5464,#5483,#5506,#5525,#5548,#5567,#5582,#5601,#5620,#5639,#5662,#5677,#5696,#5711,#5730,#5749,#5764,#6349,#6368,#6387,#6402,#6413,#6428,#6443,#6458,#6473,#6488,#6507,#6526,#6537,#6556,#6571,#6582,#6601,#6616,#6631,#6646,#6661,#6672,#6683,#6698,#6713,#6728,#6743,#6758,#6773,#6788,#6803,#6818,#6833,#6848,#6863,#6878,#6893,#6908,#6923,#6938,#6953,#6968,#6983,#6998,#7013,#7028,#7043,#7058,#7073,#7088,#7103,#7118,#7133,#7148,#7163,#7178,#7193,#7208,#7223,#7238,#7253,#7268,#7283,#7298,#7313,#7328,#7343,#7358,#7373,#7388,#7403,#7418,#7433,#7448,#7463,#7478,#7497,#7512,#7527,#7542,#7553,#7572,#7587,#7602,#7617,#7632,#7647,#7662,#7677,#7692,#7703,#7722,#7737,#7748,#7767,#7778,#7789,#7808,#7823,#7838,#7853,#7872,#7887,#7902,#7917,#7932,#7947,#7962,#7977,#7992,#8003,#8018,#8033,#8048,#8063,#8078,#8093,#8108,#8123,#8138,#8153,#8168,#8183,#8198,#8213,#8228,#8243,#8258,#8273,#8288,#8303,#8318,#8333,#8348,#8363,#8378,#8393,#8408,#8423,#8438,#8453,#8468,#8483,#8502,#8517,#8532,#8547,#8562,#8577,#8592,#8607,#8622,#8633,#8652,#8667,#8682,#8697,#8708,#8727,#8738,#8749,#8764,#9431,#10102,#10769,#11436,#11447,#11466,#11481,#11500,#11511,#11530,#11545,#11556,#11575,#11594,#11605,#11620,#11635,#11650,#11665,#11680,#11695,#11710,#11725,#11740,#11755,#11766,#11785,#11804,#11815,#11830,#11845,#11856,#11871,#11886,#11901,#11916,#11931,#11946,#11961,#11976,#11991,#12006,#12021,#12036,#12051,#12066,#12081,#12096,#12111,#12126,#12141,#12156,#12171,#12186,#12201,#12216,#12231,#12246,#12261,#12276,#12291,#12306,#12321,#12336,#12351,#12366,#12381,#12396,#12411,#12430,#12445,#12460,#12475,#12490,#12505,#12520,#12535,#12550,#12565,#12580,#12595,#12610,#12625,#12640,#12655,#12670,#12685,#12700,#12715,#12730,#12745,#12760,#12775,#12790,#12809,#12824,#12839,#12858,#12869,#12884,#12899,#12918,#12933,#12948,#12967,#12982,#12997,#13008,#13027,#13046,#13061,#13076,#13087,#13102,#13117,#13132,#13143,#13158,#13169,#13184,#13199,#13214,#13229,#13244,#13259,#13274,#13289,#13304,#13319,#13334,#13349,#13364,#13375,#13386,#13397,#13408,#13419,#13438,#13453,#13472,#13483,#13502,#13517,#13532,#13547,#13562,#13577,#13592,#13607,#13622,#13641,#13656,#13671,#13682,#13693,#13712,#13727,#13742,#13753,#13768,#13783,#13798,#13817,#13832,#13847,#13862,#13877,#13888,#13903,#13918,#13933,#13948,#13963,#13978,#13993,#14008,#14023,#14038,#14053,#14068,#14083,#14098,#14113,#14128,#14143,#14158,#14173,#14188,#14203,#14218,#14233,#14248,#14263,#14278,#14293,#14308,#14323,#14338,#14353,#14368,#14383,#14402,#14417,#14432,#14447,#14462,#14477,#14492,#14507,#14522,#14537,#14552,#14567,#14582,#14597,#14612,#14627,#14642,#14657,#14672,#14687,#14702,#14717,#14732,#14747,#14762,#14781,#14796,#14811,#14826,#14845,#14860,#14875,#14894,#14905,#14920,#14935,#14954,#14969,#14984,#14999,#15014,#15029,#15044,#15055,#15070,#15089,#15100,#15119,#15130,#15141,#15156,#15171,#15186,#15201,#15216,#15231,#15246,#15261,#15276,#15291,#15306,#15321,#15336,#15347,#15358,#15369));
#15371=MANIFOLD_SOLID_BREP('bracket_shell',#15370);
#15372=CARTESIAN_POINT('',(0.,0.,0.));
#15373=DIRECTION('',(0.,0.,1.));
#15374=DIRECTION('',(1.,0.,0.));
#15375=AXIS2_PLACEMENT_3D('',#15372,#15373,#15374);
#15376=ADVANCED_BREP_SHAPE_REPRESENTATION('bracket_shell',(#15371,#15375),#13);
#15377=SHAPE_DEFINITION_REPRESENTATION(#8,#15376);
ENDSEC;
END-ISO-10303-21;
