ISO-10303-21;
HEADER;
FILE_DESCRIPTION(('Wafer Halo'),'2;1');
FILE_NAME('pinion','2026-07-22T00:00:00',('wafer-flower'),('scripts/step_export.py'),'','','');
FILE_SCHEMA(('AUTOMOTIVE_DESIGN { 1 0 10303 214 1 1 1 1 }'));
ENDSEC;
DATA;
#1=APPLICATION_CONTEXT('automotive design');
#2=APPLICATION_PROTOCOL_DEFINITION('international standard','automotive_design',2010,#1);
#3=PRODUCT_CONTEXT('',#1,'mechanical');
#4=PRODUCT('pinion','pinion','',(#3));
#5=PRODUCT_DEFINITION_FORMATION('','',#4);
#6=PRODUCT_DEFINITION_CONTEXT('part definition',#1,'design');
#7=PRODUCT_DEFINITION('design','',#5,#6);
#8=PRODUCT_DEFINITION_SHAPE('','',#7);
#9=(LENGTH_UNIT()NAMED_UNIT(*)SI_UNIT(.MILLI.,.METRE.));
#10=(NAMED_UNIT(*)PLANE_ANGLE_UNIT()SI_UNIT($,.RADIAN.));
#11=(NAMED_UNIT(*)SI_UNIT($,.STERADIAN.)SOLID_ANGLE_UNIT());
#12=UNCERTAINTY_MEASURE_WITH_UNIT(LENGTH_MEASURE(1.E-03),#9,'distance_accuracy_value','');
#13=(GEOMETRIC_REPRESENTATION_CONTEXT(3)GLOBAL_UNCERTAINTY_ASSIGNED_CONTEXT((#12))GLOBAL_UNIT_ASSIGNED_CONTEXT((#9,#10,#11))REPRESENTATION_CONTEXT('',''));
#14=CARTESIAN_POINT('',(-24.788963,-29.260365,0));
#15=VERTEX_POINT('',#14);
#16=CARTESIAN_POINT('',(-23.010683,-30.678495,0));
#17=VERTEX_POINT('',#16);
#18=CARTESIAN_POINT('',(-21.994917,-30.310986,0));
#19=VERTEX_POINT('',#18);
#20=CARTESIAN_POINT('',(-21.023607,-29.900276,0));
#21=VERTEX_POINT('',#20);
#22=CARTESIAN_POINT('',(-20.100025,-29.446724,0));
#23=VERTEX_POINT('',#22);
#24=CARTESIAN_POINT('',(-19.22821,-28.950203,0));
#25=VERTEX_POINT('',#24);
#26=CARTESIAN_POINT('',(-24.656696,-28.188288,0));
#27=VERTEX_POINT('',#26);
#28=CARTESIAN_POINT('',(-24.472422,-27.149939,0));
#29=VERTEX_POINT('',#28);
#30=CARTESIAN_POINT('',(-24.235756,-26.148588,0));
#31=VERTEX_POINT('',#30);
#32=CARTESIAN_POINT('',(-23.945681,-25.188147,0));
#33=VERTEX_POINT('',#32);
#34=CARTESIAN_POINT('',(-23.600023,-24.273663,0));
#35=VERTEX_POINT('',#34);
#36=CARTESIAN_POINT('',(-23.194252,-23.412552,0));
#37=VERTEX_POINT('',#36);
#38=CARTESIAN_POINT('',(-22.717375,-22.618725,0));
#39=VERTEX_POINT('',#38);
#40=CARTESIAN_POINT('',(-22.124674,-21.940037,0));
#41=VERTEX_POINT('',#40);
#42=CARTESIAN_POINT('',(-21.486462,-21.307152,0));
#43=VERTEX_POINT('',#42);
#44=CARTESIAN_POINT('',(-20.848251,-20.674267,0));
#45=VERTEX_POINT('',#44);
#46=CARTESIAN_POINT('',(-20.210039,-20.04138,0));
#47=VERTEX_POINT('',#46);
#48=CARTESIAN_POINT('',(-19.571827,-19.408495,0));
#49=VERTEX_POINT('',#48);
#50=CARTESIAN_POINT('',(-34.042809,-17.656408,0));
#51=VERTEX_POINT('',#50);
#52=CARTESIAN_POINT('',(-35.029678,-15.60715,0));
#53=VERTEX_POINT('',#52);
#54=CARTESIAN_POINT('',(-34.445354,-14.698629,0));
#55=VERTEX_POINT('',#54);
#56=CARTESIAN_POINT('',(-33.828808,-13.843063,0));
#57=VERTEX_POINT('',#56);
#58=CARTESIAN_POINT('',(-32.968178,-17.766018,0));
#59=VERTEX_POINT('',#58);
#60=CARTESIAN_POINT('',(-31.914858,-17.817417,0));
#61=VERTEX_POINT('',#60);
#62=CARTESIAN_POINT('',(-30.885952,-17.809507,0));
#63=VERTEX_POINT('',#62);
#64=CARTESIAN_POINT('',(-29.885042,-17.740423,0));
#65=VERTEX_POINT('',#64);
#66=CARTESIAN_POINT('',(-28.916571,-17.606922,0));
#67=VERTEX_POINT('',#66);
#68=CARTESIAN_POINT('',(-33.18111,-13.043564,0));
#69=VERTEX_POINT('',#68);
#70=CARTESIAN_POINT('',(-32.50304,-12.304094,0));
#71=VERTEX_POINT('',#70);
#72=CARTESIAN_POINT('',(-31.794834,-11.630148,0));
#73=VERTEX_POINT('',#72);
#74=CARTESIAN_POINT('',(-31.055626,-11.030371,0));
#75=VERTEX_POINT('',#74);
#76=CARTESIAN_POINT('',(-30.281544,-10.522067,0));
#77=VERTEX_POINT('',#76);
#78=CARTESIAN_POINT('',(-29.453068,-10.167754,0));
#79=VERTEX_POINT('',#78);
#80=CARTESIAN_POINT('',(-37.41169,-1.702272,0));
#81=VERTEX_POINT('',#80);
#82=CARTESIAN_POINT('',(-38.33234,-1.137252,0));
#83=VERTEX_POINT('',#82);
#84=CARTESIAN_POINT('',(-36.484982,-2.2056,0));
#85=VERTEX_POINT('',#84);
#86=CARTESIAN_POINT('',(-35.554535,-2.644899,0));
#87=VERTEX_POINT('',#86);
#88=CARTESIAN_POINT('',(-34.622772,-3.016935,0));
#89=VERTEX_POINT('',#88);
#90=CARTESIAN_POINT('',(-33.692287,-3.31686,0));
#91=VERTEX_POINT('',#90);
#92=CARTESIAN_POINT('',(-32.766048,-3.53651,0));
#93=VERTEX_POINT('',#92);
#94=CARTESIAN_POINT('',(-31.848083,-3.658615,0));
#95=VERTEX_POINT('',#94);
#96=CARTESIAN_POINT('',(-30.947922,-3.618377,0));
#97=VERTEX_POINT('',#96);
#98=CARTESIAN_POINT('',(-30.055193,-3.514001,0));
#99=VERTEX_POINT('',#98);
#100=CARTESIAN_POINT('',(-29.162464,-3.409625,0));
#101=VERTEX_POINT('',#100);
#102=CARTESIAN_POINT('',(-27.986757,-17.402941,0));
#103=VERTEX_POINT('',#102);
#104=CARTESIAN_POINT('',(-27.106718,-17.114664,0));
#105=VERTEX_POINT('',#104);
#106=CARTESIAN_POINT('',(-26.313158,-16.687845,0));
#107=VERTEX_POINT('',#106);
#108=CARTESIAN_POINT('',(-25.554125,-16.206465,0));
#109=VERTEX_POINT('',#108);
#110=CARTESIAN_POINT('',(-24.795092,-15.725084,0));
#111=VERTEX_POINT('',#110);
#112=CARTESIAN_POINT('',(-24.036058,-15.243705,0));
#113=VERTEX_POINT('',#112);
#114=CARTESIAN_POINT('',(-28.60346,-9.874454,0));
#115=VERTEX_POINT('',#114);
#116=CARTESIAN_POINT('',(-27.753853,-9.581153,0));
#117=VERTEX_POINT('',#116);
#118=CARTESIAN_POINT('',(-23.277025,-14.762324,0));
#119=VERTEX_POINT('',#118);
#120=CARTESIAN_POINT('',(-26.904245,-9.287852,0));
#121=VERTEX_POINT('',#120);
#122=CARTESIAN_POINT('',(-26.054638,-8.994552,0));
#123=VERTEX_POINT('',#122);
#124=CARTESIAN_POINT('',(-28.269735,-3.305248,0));
#125=VERTEX_POINT('',#124);
#126=CARTESIAN_POINT('',(-27.377007,-3.200872,0));
#127=VERTEX_POINT('',#126);
#128=CARTESIAN_POINT('',(-18.413572,-28.409719,0));
#129=VERTEX_POINT('',#128);
#130=CARTESIAN_POINT('',(-9.638487,-37.118206,0));
#131=VERTEX_POINT('',#130);
#132=CARTESIAN_POINT('',(-9.984476,-36.09491,0));
#133=VERTEX_POINT('',#132);
#134=CARTESIAN_POINT('',(-10.268972,-35.079433,0));
#135=VERTEX_POINT('',#134);
#136=CARTESIAN_POINT('',(-10.490214,-34.074566,0));
#137=VERTEX_POINT('',#136);
#138=CARTESIAN_POINT('',(-10.645586,-33.083378,0));
#139=VERTEX_POINT('',#138);
#140=CARTESIAN_POINT('',(-10.730938,-32.109482,0));
#141=VERTEX_POINT('',#140);
#142=CARTESIAN_POINT('',(-10.738975,-31.157589,0));
#143=VERTEX_POINT('',#142);
#144=CARTESIAN_POINT('',(-10.65375,-30.235466,0));
#145=VERTEX_POINT('',#144);
#146=CARTESIAN_POINT('',(-10.414217,-29.366827,0));
#147=VERTEX_POINT('',#146);
#148=CARTESIAN_POINT('',(-10.113807,-28.519707,0));
#149=VERTEX_POINT('',#148);
#150=CARTESIAN_POINT('',(-17.664343,-27.822508,0));
#151=VERTEX_POINT('',#150);
#152=CARTESIAN_POINT('',(-16.996534,-27.180943,0));
#153=VERTEX_POINT('',#152);
#154=CARTESIAN_POINT('',(-16.466751,-26.45208,0));
#155=VERTEX_POINT('',#154);
#156=CARTESIAN_POINT('',(-15.99175,-25.689039,0));
#157=VERTEX_POINT('',#156);
#158=CARTESIAN_POINT('',(-15.516747,-24.925999,0));
#159=VERTEX_POINT('',#158);
#160=CARTESIAN_POINT('',(-15.041744,-24.162958,0));
#161=VERTEX_POINT('',#160);
#162=CARTESIAN_POINT('',(-14.566742,-23.399918,0));
#163=VERTEX_POINT('',#162);
#164=CARTESIAN_POINT('',(-9.813396,-27.672586,0));
#165=VERTEX_POINT('',#164);
#166=CARTESIAN_POINT('',(-7.421009,-37.624332,0));
#167=VERTEX_POINT('',#166);
#168=CARTESIAN_POINT('',(-6.665292,-36.852489,0));
#169=VERTEX_POINT('',#168);
#170=CARTESIAN_POINT('',(-5.968372,-36.06102,0));
#171=VERTEX_POINT('',#170);
#172=CARTESIAN_POINT('',(-5.333043,-35.251656,0));
#173=VERTEX_POINT('',#172);
#174=CARTESIAN_POINT('',(-4.762998,-34.426041,0));
#175=VERTEX_POINT('',#174);
#176=CARTESIAN_POINT('',(-4.26354,-33.585621,0));
#177=VERTEX_POINT('',#176);
#178=CARTESIAN_POINT('',(-3.84329,-32.731483,0));
#179=VERTEX_POINT('',#178);
#180=CARTESIAN_POINT('',(-3.51998,-31.863703,0));
#181=VERTEX_POINT('',#180);
#182=CARTESIAN_POINT('',(-3.358903,-30.977156,0));
#183=VERTEX_POINT('',#182);
#184=CARTESIAN_POINT('',(-3.262012,-30.083586,0));
#185=VERTEX_POINT('',#184);
#186=CARTESIAN_POINT('',(-3.165121,-29.190014,0));
#187=VERTEX_POINT('',#186);
#188=CARTESIAN_POINT('',(-3.068229,-28.296442,0));
#189=VERTEX_POINT('',#188);
#190=CARTESIAN_POINT('',(-9.512987,-26.825468,0));
#191=VERTEX_POINT('',#190);
#192=CARTESIAN_POINT('',(-9.212577,-25.978348,0));
#193=VERTEX_POINT('',#192);
#194=CARTESIAN_POINT('',(-2.971338,-27.40287,0));
#195=VERTEX_POINT('',#194);
#196=CARTESIAN_POINT('',(-2.451963,-0.487726,0));
#197=VERTEX_POINT('',#196);
#198=CARTESIAN_POINT('',(-2.487962,-0.245043,0));
#199=VERTEX_POINT('',#198);
#200=CARTESIAN_POINT('',(-0.725712,-2.392351,0));
#201=VERTEX_POINT('',#200);
#202=CARTESIAN_POINT('',(-0.487726,-2.451963,0));
#203=VERTEX_POINT('',#202);
#204=CARTESIAN_POINT('',(-0.245043,-2.487962,0));
#205=VERTEX_POINT('',#204);
#206=CARTESIAN_POINT('',(-2.204803,-1.178492,0));
#207=VERTEX_POINT('',#206);
#208=CARTESIAN_POINT('',(-1.932526,-1.585983,0));
#209=VERTEX_POINT('',#208);
#210=CARTESIAN_POINT('',(-2.078674,-1.388926,0));
#211=VERTEX_POINT('',#210);
#212=CARTESIAN_POINT('',(-1.767767,-1.767767,0));
#213=VERTEX_POINT('',#212);
#214=CARTESIAN_POINT('',(-1.585983,-1.932526,0));
#215=VERTEX_POINT('',#214);
#216=CARTESIAN_POINT('',(-1.388926,-2.078674,0));
#217=VERTEX_POINT('',#216);
#218=CARTESIAN_POINT('',(-2.309699,-0.956709,0));
#219=VERTEX_POINT('',#218);
#220=CARTESIAN_POINT('',(-2.392351,-0.725712,0));
#221=VERTEX_POINT('',#220);
#222=CARTESIAN_POINT('',(-1.178492,-2.204803,0));
#223=VERTEX_POINT('',#222);
#224=CARTESIAN_POINT('',(-0.956709,-2.309699,0));
#225=VERTEX_POINT('',#224);
#226=CARTESIAN_POINT('',(-24.590372,-10.956013,10));
#227=VERTEX_POINT('',#226);
#228=CARTESIAN_POINT('',(-24.180183,-10.318243,10));
#229=VERTEX_POINT('',#228);
#230=CARTESIAN_POINT('',(-23.897602,-12.394565,10));
#231=VERTEX_POINT('',#230);
#232=CARTESIAN_POINT('',(-23.143225,-12.471509,10));
#233=VERTEX_POINT('',#232);
#234=CARTESIAN_POINT('',(-22.403809,-12.50759,10));
#235=VERTEX_POINT('',#234);
#236=CARTESIAN_POINT('',(-21.68153,-12.502038,10));
#237=VERTEX_POINT('',#236);
#238=CARTESIAN_POINT('',(-23.747374,-9.717648,10));
#239=VERTEX_POINT('',#238);
#240=CARTESIAN_POINT('',(-20.978903,-12.453542,10));
#241=VERTEX_POINT('',#240);
#242=CARTESIAN_POINT('',(-20.299049,-12.359827,10));
#243=VERTEX_POINT('',#242);
#244=CARTESIAN_POINT('',(-19.646334,-12.216635,10));
#245=VERTEX_POINT('',#244);
#246=CARTESIAN_POINT('',(-26.908794,-0.798336,10));
#247=VERTEX_POINT('',#246);
#248=CARTESIAN_POINT('',(-26.26251,-1.194972,10));
#249=VERTEX_POINT('',#248);
#250=CARTESIAN_POINT('',(-25.611973,-1.548302,10));
#251=VERTEX_POINT('',#250);
#252=CARTESIAN_POINT('',(-24.958815,-1.856684,10));
#253=VERTEX_POINT('',#252);
#254=CARTESIAN_POINT('',(-24.304728,-2.117848,10));
#255=VERTEX_POINT('',#254);
#256=CARTESIAN_POINT('',(-23.2927,-9.156409,10));
#257=VERTEX_POINT('',#256);
#258=CARTESIAN_POINT('',(-22.816704,-8.637311,10));
#259=VERTEX_POINT('',#258);
#260=CARTESIAN_POINT('',(-22.319551,-8.16421,10));
#261=VERTEX_POINT('',#260);
#262=CARTESIAN_POINT('',(-21.800638,-7.743175,10));
#263=VERTEX_POINT('',#262);
#264=CARTESIAN_POINT('',(-21.257244,-7.386352,10));
#265=VERTEX_POINT('',#264);
#266=CARTESIAN_POINT('',(-20.675663,-7.137629,10));
#267=VERTEX_POINT('',#266);
#268=CARTESIAN_POINT('',(-20.07925,-6.931736,10));
#269=VERTEX_POINT('',#268);
#270=CARTESIAN_POINT('',(-19.482838,-6.725843,10));
#271=VERTEX_POINT('',#270);
#272=CARTESIAN_POINT('',(-23.001333,-2.482583,10));
#273=VERTEX_POINT('',#272);
#274=CARTESIAN_POINT('',(-22.356932,-2.568299,10));
#275=VERTEX_POINT('',#274);
#276=CARTESIAN_POINT('',(-21.725031,-2.540053,10));
#277=VERTEX_POINT('',#276);
#278=CARTESIAN_POINT('',(-23.651539,-2.328392,10));
#279=VERTEX_POINT('',#278);
#280=CARTESIAN_POINT('',(-21.098347,-2.466782,10));
#281=VERTEX_POINT('',#280);
#282=CARTESIAN_POINT('',(-20.471663,-2.393511,10));
#283=VERTEX_POINT('',#282);
#284=CARTESIAN_POINT('',(-19.84498,-2.32024,10));
#285=VERTEX_POINT('',#284);
#286=CARTESIAN_POINT('',(-19.218296,-2.24697,10));
#287=VERTEX_POINT('',#286);
#288=CARTESIAN_POINT('',(-17.401524,-20.540388,10));
#289=VERTEX_POINT('',#288);
#290=CARTESIAN_POINT('',(-17.308674,-19.787804,10));
#291=VERTEX_POINT('',#290);
#292=CARTESIAN_POINT('',(-17.179316,-19.058897,10));
#293=VERTEX_POINT('',#292);
#294=CARTESIAN_POINT('',(-16.153194,-21.535898,10));
#295=VERTEX_POINT('',#294);
#296=CARTESIAN_POINT('',(-15.440141,-21.27791,10));
#297=VERTEX_POINT('',#296);
#298=CARTESIAN_POINT('',(-14.758293,-20.989597,10));
#299=VERTEX_POINT('',#298);
#300=CARTESIAN_POINT('',(-14.109952,-20.671209,10));
#301=VERTEX_POINT('',#300);
#302=CARTESIAN_POINT('',(-13.49795,-20.322659,10));
#303=VERTEX_POINT('',#302);
#304=CARTESIAN_POINT('',(-12.926084,-19.943247,10));
#305=VERTEX_POINT('',#304);
#306=CARTESIAN_POINT('',(-12.400135,-19.531033,10));
#307=VERTEX_POINT('',#306);
#308=CARTESIAN_POINT('',(-11.931342,-19.080662,10));
#309=VERTEX_POINT('',#308);
#310=CARTESIAN_POINT('',(-7.208683,-24.625298,10));
#311=VERTEX_POINT('',#310);
#312=CARTESIAN_POINT('',(-7.363992,-23.919893,10));
#313=VERTEX_POINT('',#312);
#314=CARTESIAN_POINT('',(-6.76609,-26.056488,10));
#315=VERTEX_POINT('',#314);
#316=CARTESIAN_POINT('',(-5.20945,-26.411781,10));
#317=VERTEX_POINT('',#316);
#318=CARTESIAN_POINT('',(-7.00897,-25.338148,10));
#319=VERTEX_POINT('',#318);
#320=CARTESIAN_POINT('',(-7.47306,-23.224092,10));
#321=VERTEX_POINT('',#320);
#322=CARTESIAN_POINT('',(-7.532977,-22.54043,10));
#323=VERTEX_POINT('',#322);
#324=CARTESIAN_POINT('',(-7.538618,-21.872215,10));
#325=VERTEX_POINT('',#324);
#326=CARTESIAN_POINT('',(-7.478792,-21.224897,10));
#327=VERTEX_POINT('',#326);
#328=CARTESIAN_POINT('',(-7.310642,-20.615124,10));
#329=VERTEX_POINT('',#328);
#330=CARTESIAN_POINT('',(-7.099759,-20.020456,10));
#331=VERTEX_POINT('',#330);
#332=CARTESIAN_POINT('',(-6.888875,-19.425789,10));
#333=VERTEX_POINT('',#332);
#334=CARTESIAN_POINT('',(-6.677991,-18.831123,10));
#335=VERTEX_POINT('',#334);
#336=CARTESIAN_POINT('',(-4.678946,-25.869961,10));
#337=VERTEX_POINT('',#336);
#338=CARTESIAN_POINT('',(-4.189718,-25.314358,10));
#339=VERTEX_POINT('',#338);
#340=CARTESIAN_POINT('',(-3.743726,-24.746195,10));
#341=VERTEX_POINT('',#340);
#342=CARTESIAN_POINT('',(-3.343561,-24.166624,10));
#343=VERTEX_POINT('',#342);
#344=CARTESIAN_POINT('',(-2.992949,-23.576662,10));
#345=VERTEX_POINT('',#344);
#346=CARTESIAN_POINT('',(-2.697939,-22.977068,10));
#347=VERTEX_POINT('',#346);
#348=CARTESIAN_POINT('',(-2.470979,-22.367897,10));
#349=VERTEX_POINT('',#348);
#350=CARTESIAN_POINT('',(-2.357906,-21.745554,10));
#351=VERTEX_POINT('',#350);
#352=CARTESIAN_POINT('',(-2.289889,-21.118279,10));
#353=VERTEX_POINT('',#352);
#354=CARTESIAN_POINT('',(-2.221873,-20.491003,10));
#355=VERTEX_POINT('',#354);
#356=CARTESIAN_POINT('',(-2.153856,-19.863728,10));
#357=VERTEX_POINT('',#356);
#358=CARTESIAN_POINT('',(-2.08584,-19.236452,10));
#359=VERTEX_POINT('',#358);
#360=CARTESIAN_POINT('',(-17.01318,-18.355963,10));
#361=VERTEX_POINT('',#360);
#362=CARTESIAN_POINT('',(-16.809551,-17.681746,10));
#363=VERTEX_POINT('',#362);
#364=CARTESIAN_POINT('',(-16.566904,-17.039789,10));
#365=VERTEX_POINT('',#364);
#366=CARTESIAN_POINT('',(-16.282059,-16.435301,10));
#367=VERTEX_POINT('',#366);
#368=CARTESIAN_POINT('',(-15.947296,-15.878045,10));
#369=VERTEX_POINT('',#368);
#370=CARTESIAN_POINT('',(-15.531228,-15.401616,10));
#371=VERTEX_POINT('',#370);
#372=CARTESIAN_POINT('',(-15.083212,-14.957338,10));
#373=VERTEX_POINT('',#372);
#374=CARTESIAN_POINT('',(-14.635196,-14.513062,10));
#375=VERTEX_POINT('',#374);
#376=CARTESIAN_POINT('',(-19.028557,-12.014267,10));
#377=VERTEX_POINT('',#376);
#378=CARTESIAN_POINT('',(-18.471489,-11.714646,10));
#379=VERTEX_POINT('',#378);
#380=CARTESIAN_POINT('',(-17.938658,-11.376723,10));
#381=VERTEX_POINT('',#380);
#382=CARTESIAN_POINT('',(-17.405827,-11.038801,10));
#383=VERTEX_POINT('',#382);
#384=CARTESIAN_POINT('',(-16.872993,-10.700878,10));
#385=VERTEX_POINT('',#384);
#386=CARTESIAN_POINT('',(-16.340162,-10.362956,10));
#387=VERTEX_POINT('',#386);
#388=CARTESIAN_POINT('',(-11.559442,-18.56901,10));
#389=VERTEX_POINT('',#388);
#390=CARTESIAN_POINT('',(-11.225996,-18.033365,10));
#391=VERTEX_POINT('',#390);
#392=CARTESIAN_POINT('',(-10.89255,-17.497721,10));
#393=VERTEX_POINT('',#392);
#394=CARTESIAN_POINT('',(-10.559106,-16.962076,10));
#395=VERTEX_POINT('',#394);
#396=CARTESIAN_POINT('',(-10.22566,-16.426432,10));
#397=VERTEX_POINT('',#396);
#398=CARTESIAN_POINT('',(-14.18718,-14.068784,10));
#399=VERTEX_POINT('',#398);
#400=CARTESIAN_POINT('',(-13.739163,-13.624506,10));
#401=VERTEX_POINT('',#400);
#402=CARTESIAN_POINT('',(-18.886423,-6.519949,10));
#403=VERTEX_POINT('',#402);
#404=CARTESIAN_POINT('',(-18.29001,-6.314056,10));
#405=VERTEX_POINT('',#404);
#406=CARTESIAN_POINT('',(-6.467107,-18.236456,10));
#407=VERTEX_POINT('',#406);
#408=CARTESIAN_POINT('',(-2.451963,-0.487726,10));
#409=VERTEX_POINT('',#408);
#410=CARTESIAN_POINT('',(-2.487962,-0.245043,10));
#411=VERTEX_POINT('',#410);
#412=CARTESIAN_POINT('',(-0.725712,-2.392351,10));
#413=VERTEX_POINT('',#412);
#414=CARTESIAN_POINT('',(-0.487726,-2.451963,10));
#415=VERTEX_POINT('',#414);
#416=CARTESIAN_POINT('',(-0.245043,-2.487962,10));
#417=VERTEX_POINT('',#416);
#418=CARTESIAN_POINT('',(-2.204803,-1.178492,10));
#419=VERTEX_POINT('',#418);
#420=CARTESIAN_POINT('',(-1.932526,-1.585983,10));
#421=VERTEX_POINT('',#420);
#422=CARTESIAN_POINT('',(-2.078674,-1.388926,10));
#423=VERTEX_POINT('',#422);
#424=CARTESIAN_POINT('',(-1.767767,-1.767767,10));
#425=VERTEX_POINT('',#424);
#426=CARTESIAN_POINT('',(-1.585983,-1.932526,10));
#427=VERTEX_POINT('',#426);
#428=CARTESIAN_POINT('',(-1.388926,-2.078674,10));
#429=VERTEX_POINT('',#428);
#430=CARTESIAN_POINT('',(-2.309699,-0.956709,10));
#431=VERTEX_POINT('',#430);
#432=CARTESIAN_POINT('',(-2.392351,-0.725712,10));
#433=VERTEX_POINT('',#432);
#434=CARTESIAN_POINT('',(-1.178492,-2.204803,10));
#435=VERTEX_POINT('',#434);
#436=CARTESIAN_POINT('',(-0.956709,-2.309699,10));
#437=VERTEX_POINT('',#436);
#438=CARTESIAN_POINT('',(-38.33234,1.137252,0));
#439=VERTEX_POINT('',#438);
#440=CARTESIAN_POINT('',(-37.41169,1.702272,0));
#441=VERTEX_POINT('',#440);
#442=CARTESIAN_POINT('',(-36.484982,2.2056,0));
#443=VERTEX_POINT('',#442);
#444=CARTESIAN_POINT('',(-35.554535,2.644899,0));
#445=VERTEX_POINT('',#444);
#446=CARTESIAN_POINT('',(-34.622772,3.016935,0));
#447=VERTEX_POINT('',#446);
#448=CARTESIAN_POINT('',(-33.692287,3.31686,0));
#449=VERTEX_POINT('',#448);
#450=CARTESIAN_POINT('',(-32.766048,3.53651,0));
#451=VERTEX_POINT('',#450);
#452=CARTESIAN_POINT('',(-31.848083,3.658615,0));
#453=VERTEX_POINT('',#452);
#454=CARTESIAN_POINT('',(-30.055193,3.514001,0));
#455=VERTEX_POINT('',#454);
#456=CARTESIAN_POINT('',(-30.947922,3.618377,0));
#457=VERTEX_POINT('',#456);
#458=CARTESIAN_POINT('',(-29.162464,3.409625,0));
#459=VERTEX_POINT('',#458);
#460=CARTESIAN_POINT('',(-33.828808,13.843063,0));
#461=VERTEX_POINT('',#460);
#462=CARTESIAN_POINT('',(-35.029678,15.60715,0));
#463=VERTEX_POINT('',#462);
#464=CARTESIAN_POINT('',(-34.445354,14.698629,0));
#465=VERTEX_POINT('',#464);
#466=CARTESIAN_POINT('',(-34.042809,17.656408,0));
#467=VERTEX_POINT('',#466);
#468=CARTESIAN_POINT('',(-31.794834,11.630148,0));
#469=VERTEX_POINT('',#468);
#470=CARTESIAN_POINT('',(-32.50304,12.304094,0));
#471=VERTEX_POINT('',#470);
#472=CARTESIAN_POINT('',(-33.18111,13.043564,0));
#473=VERTEX_POINT('',#472);
#474=CARTESIAN_POINT('',(-30.281544,10.522067,0));
#475=VERTEX_POINT('',#474);
#476=CARTESIAN_POINT('',(-31.055626,11.030371,0));
#477=VERTEX_POINT('',#476);
#478=CARTESIAN_POINT('',(-29.453068,10.167754,0));
#479=VERTEX_POINT('',#478);
#480=CARTESIAN_POINT('',(-32.968178,17.766018,0));
#481=VERTEX_POINT('',#480);
#482=CARTESIAN_POINT('',(-31.914858,17.817417,0));
#483=VERTEX_POINT('',#482);
#484=CARTESIAN_POINT('',(-30.885952,17.809507,0));
#485=VERTEX_POINT('',#484);
#486=CARTESIAN_POINT('',(-28.916571,17.606922,0));
#487=VERTEX_POINT('',#486);
#488=CARTESIAN_POINT('',(-29.885042,17.740423,0));
#489=VERTEX_POINT('',#488);
#490=CARTESIAN_POINT('',(-28.269735,3.305248,0));
#491=VERTEX_POINT('',#490);
#492=CARTESIAN_POINT('',(-27.377007,3.200872,0));
#493=VERTEX_POINT('',#492);
#494=CARTESIAN_POINT('',(-26.904245,9.287852,0));
#495=VERTEX_POINT('',#494);
#496=CARTESIAN_POINT('',(-26.054638,8.994552,0));
#497=VERTEX_POINT('',#496);
#498=CARTESIAN_POINT('',(-28.60346,9.874454,0));
#499=VERTEX_POINT('',#498);
#500=CARTESIAN_POINT('',(-27.753853,9.581153,0));
#501=VERTEX_POINT('',#500);
#502=CARTESIAN_POINT('',(-27.986757,17.402941,0));
#503=VERTEX_POINT('',#502);
#504=CARTESIAN_POINT('',(-27.106718,17.114664,0));
#505=VERTEX_POINT('',#504);
#506=CARTESIAN_POINT('',(-25.554125,16.206465,0));
#507=VERTEX_POINT('',#506);
#508=CARTESIAN_POINT('',(-24.036058,15.243705,0));
#509=VERTEX_POINT('',#508);
#510=CARTESIAN_POINT('',(-24.795092,15.725084,0));
#511=VERTEX_POINT('',#510);
#512=CARTESIAN_POINT('',(-26.313158,16.687845,0));
#513=VERTEX_POINT('',#512);
#514=CARTESIAN_POINT('',(-23.277025,14.762324,0));
#515=VERTEX_POINT('',#514);
#516=CARTESIAN_POINT('',(-24.235756,26.148588,0));
#517=VERTEX_POINT('',#516);
#518=CARTESIAN_POINT('',(-24.656696,28.188288,0));
#519=VERTEX_POINT('',#518);
#520=CARTESIAN_POINT('',(-24.472422,27.149939,0));
#521=VERTEX_POINT('',#520);
#522=CARTESIAN_POINT('',(-23.194252,23.412552,0));
#523=VERTEX_POINT('',#522);
#524=CARTESIAN_POINT('',(-22.124674,21.940037,0));
#525=VERTEX_POINT('',#524);
#526=CARTESIAN_POINT('',(-22.717375,22.618725,0));
#527=VERTEX_POINT('',#526);
#528=CARTESIAN_POINT('',(-20.848251,20.674267,0));
#529=VERTEX_POINT('',#528);
#530=CARTESIAN_POINT('',(-19.571827,19.408495,0));
#531=VERTEX_POINT('',#530);
#532=CARTESIAN_POINT('',(-20.210039,20.04138,0));
#533=VERTEX_POINT('',#532);
#534=CARTESIAN_POINT('',(-21.486462,21.307152,0));
#535=VERTEX_POINT('',#534);
#536=CARTESIAN_POINT('',(-23.600023,24.273663,0));
#537=VERTEX_POINT('',#536);
#538=CARTESIAN_POINT('',(-23.945681,25.188147,0));
#539=VERTEX_POINT('',#538);
#540=CARTESIAN_POINT('',(-24.788963,29.260365,0));
#541=VERTEX_POINT('',#540);
#542=CARTESIAN_POINT('',(-21.994917,30.310986,0));
#543=VERTEX_POINT('',#542);
#544=CARTESIAN_POINT('',(-23.010683,30.678495,0));
#545=VERTEX_POINT('',#544);
#546=CARTESIAN_POINT('',(-21.023607,29.900276,0));
#547=VERTEX_POINT('',#546);
#548=CARTESIAN_POINT('',(-19.22821,28.950203,0));
#549=VERTEX_POINT('',#548);
#550=CARTESIAN_POINT('',(-20.100025,29.446724,0));
#551=VERTEX_POINT('',#550);
#552=CARTESIAN_POINT('',(-2.5,0,0));
#553=VERTEX_POINT('',#552);
#554=CARTESIAN_POINT('',(-2.487962,0.245043,0));
#555=VERTEX_POINT('',#554);
#556=CARTESIAN_POINT('',(-2.451963,0.487726,0));
#557=VERTEX_POINT('',#556);
#558=CARTESIAN_POINT('',(-2.392351,0.725712,0));
#559=VERTEX_POINT('',#558);
#560=CARTESIAN_POINT('',(-2.309699,0.956709,0));
#561=VERTEX_POINT('',#560);
#562=CARTESIAN_POINT('',(-2.204803,1.178492,0));
#563=VERTEX_POINT('',#562);
#564=CARTESIAN_POINT('',(-2.078674,1.388926,0));
#565=VERTEX_POINT('',#564);
#566=CARTESIAN_POINT('',(-1.932526,1.585983,0));
#567=VERTEX_POINT('',#566);
#568=CARTESIAN_POINT('',(-1.767767,1.767767,0));
#569=VERTEX_POINT('',#568);
#570=CARTESIAN_POINT('',(-1.585983,1.932526,0));
#571=VERTEX_POINT('',#570);
#572=CARTESIAN_POINT('',(-1.388926,2.078674,0));
#573=VERTEX_POINT('',#572);
#574=CARTESIAN_POINT('',(-1.178492,2.204803,0));
#575=VERTEX_POINT('',#574);
#576=CARTESIAN_POINT('',(-0.956709,2.309699,0));
#577=VERTEX_POINT('',#576);
#578=CARTESIAN_POINT('',(-0.725712,2.392351,0));
#579=VERTEX_POINT('',#578);
#580=CARTESIAN_POINT('',(-0.487726,2.451963,0));
#581=VERTEX_POINT('',#580);
#582=CARTESIAN_POINT('',(-0.245043,2.487962,0));
#583=VERTEX_POINT('',#582);
#584=CARTESIAN_POINT('',(-14.566742,23.399918,0));
#585=VERTEX_POINT('',#584);
#586=CARTESIAN_POINT('',(-17.664343,27.822508,0));
#587=VERTEX_POINT('',#586);
#588=CARTESIAN_POINT('',(-16.996534,27.180943,0));
#589=VERTEX_POINT('',#588);
#590=CARTESIAN_POINT('',(-15.99175,25.689039,0));
#591=VERTEX_POINT('',#590);
#592=CARTESIAN_POINT('',(-15.041744,24.162958,0));
#593=VERTEX_POINT('',#592);
#594=CARTESIAN_POINT('',(-15.516747,24.925999,0));
#595=VERTEX_POINT('',#594);
#596=CARTESIAN_POINT('',(-16.466751,26.45208,0));
#597=VERTEX_POINT('',#596);
#598=CARTESIAN_POINT('',(-9.813396,27.672586,0));
#599=VERTEX_POINT('',#598);
#600=CARTESIAN_POINT('',(-18.413572,28.409719,0));
#601=VERTEX_POINT('',#600);
#602=CARTESIAN_POINT('',(-10.414217,29.366827,0));
#603=VERTEX_POINT('',#602);
#604=CARTESIAN_POINT('',(-10.113807,28.519707,0));
#605=VERTEX_POINT('',#604);
#606=CARTESIAN_POINT('',(-10.65375,30.235466,0));
#607=VERTEX_POINT('',#606);
#608=CARTESIAN_POINT('',(-10.738975,31.157589,0));
#609=VERTEX_POINT('',#608);
#610=CARTESIAN_POINT('',(-10.730938,32.109482,0));
#611=VERTEX_POINT('',#610);
#612=CARTESIAN_POINT('',(-10.645586,33.083378,0));
#613=VERTEX_POINT('',#612);
#614=CARTESIAN_POINT('',(-10.490214,34.074566,0));
#615=VERTEX_POINT('',#614);
#616=CARTESIAN_POINT('',(-10.268972,35.079433,0));
#617=VERTEX_POINT('',#616);
#618=CARTESIAN_POINT('',(-9.984476,36.09491,0));
#619=VERTEX_POINT('',#618);
#620=CARTESIAN_POINT('',(-9.638487,37.118206,0));
#621=VERTEX_POINT('',#620);
#622=CARTESIAN_POINT('',(-9.212577,25.978348,0));
#623=VERTEX_POINT('',#622);
#624=CARTESIAN_POINT('',(-9.512987,26.825468,0));
#625=VERTEX_POINT('',#624);
#626=CARTESIAN_POINT('',(-2.971338,27.40287,0));
#627=VERTEX_POINT('',#626);
#628=CARTESIAN_POINT('',(-7.421009,37.624332,0));
#629=VERTEX_POINT('',#628);
#630=CARTESIAN_POINT('',(-5.333043,35.251656,0));
#631=VERTEX_POINT('',#630);
#632=CARTESIAN_POINT('',(-6.665292,36.852489,0));
#633=VERTEX_POINT('',#632);
#634=CARTESIAN_POINT('',(-5.968372,36.06102,0));
#635=VERTEX_POINT('',#634);
#636=CARTESIAN_POINT('',(-3.068229,28.296442,0));
#637=VERTEX_POINT('',#636);
#638=CARTESIAN_POINT('',(-3.165121,29.190014,0));
#639=VERTEX_POINT('',#638);
#640=CARTESIAN_POINT('',(-3.262012,30.083586,0));
#641=VERTEX_POINT('',#640);
#642=CARTESIAN_POINT('',(-3.84329,32.731483,0));
#643=VERTEX_POINT('',#642);
#644=CARTESIAN_POINT('',(-3.358903,30.977156,0));
#645=VERTEX_POINT('',#644);
#646=CARTESIAN_POINT('',(-3.51998,31.863703,0));
#647=VERTEX_POINT('',#646);
#648=CARTESIAN_POINT('',(-4.26354,33.585621,0));
#649=VERTEX_POINT('',#648);
#650=CARTESIAN_POINT('',(-4.762998,34.426041,0));
#651=VERTEX_POINT('',#650);
#652=CARTESIAN_POINT('',(-26.908794,0.798336,10));
#653=VERTEX_POINT('',#652);
#654=CARTESIAN_POINT('',(-26.26251,1.194972,10));
#655=VERTEX_POINT('',#654);
#656=CARTESIAN_POINT('',(-25.611973,1.548302,10));
#657=VERTEX_POINT('',#656);
#658=CARTESIAN_POINT('',(-24.958815,1.856684,10));
#659=VERTEX_POINT('',#658);
#660=CARTESIAN_POINT('',(-24.304728,2.117848,10));
#661=VERTEX_POINT('',#660);
#662=CARTESIAN_POINT('',(-23.651539,2.328392,10));
#663=VERTEX_POINT('',#662);
#664=CARTESIAN_POINT('',(-23.001333,2.482583,10));
#665=VERTEX_POINT('',#664);
#666=CARTESIAN_POINT('',(-22.356932,2.568299,10));
#667=VERTEX_POINT('',#666);
#668=CARTESIAN_POINT('',(-21.725031,2.540053,10));
#669=VERTEX_POINT('',#668);
#670=CARTESIAN_POINT('',(-19.84498,2.32024,10));
#671=VERTEX_POINT('',#670);
#672=CARTESIAN_POINT('',(-19.218296,2.24697,10));
#673=VERTEX_POINT('',#672);
#674=CARTESIAN_POINT('',(-21.098347,2.466782,10));
#675=VERTEX_POINT('',#674);
#676=CARTESIAN_POINT('',(-20.471663,2.393511,10));
#677=VERTEX_POINT('',#676);
#678=CARTESIAN_POINT('',(-22.816704,8.637311,10));
#679=VERTEX_POINT('',#678);
#680=CARTESIAN_POINT('',(-23.2927,9.156409,10));
#681=VERTEX_POINT('',#680);
#682=CARTESIAN_POINT('',(-22.319551,8.16421,10));
#683=VERTEX_POINT('',#682);
#684=CARTESIAN_POINT('',(-21.800638,7.743175,10));
#685=VERTEX_POINT('',#684);
#686=CARTESIAN_POINT('',(-20.07925,6.931736,10));
#687=VERTEX_POINT('',#686);
#688=CARTESIAN_POINT('',(-19.482838,6.725843,10));
#689=VERTEX_POINT('',#688);
#690=CARTESIAN_POINT('',(-21.257244,7.386352,10));
#691=VERTEX_POINT('',#690);
#692=CARTESIAN_POINT('',(-20.675663,7.137629,10));
#693=VERTEX_POINT('',#692);
#694=CARTESIAN_POINT('',(-24.180183,10.318243,10));
#695=VERTEX_POINT('',#694);
#696=CARTESIAN_POINT('',(-24.590372,10.956013,10));
#697=VERTEX_POINT('',#696);
#698=CARTESIAN_POINT('',(-23.747374,9.717648,10));
#699=VERTEX_POINT('',#698);
#700=CARTESIAN_POINT('',(-23.897602,12.394565,10));
#701=VERTEX_POINT('',#700);
#702=CARTESIAN_POINT('',(-23.143225,12.471509,10));
#703=VERTEX_POINT('',#702);
#704=CARTESIAN_POINT('',(-22.403809,12.50759,10));
#705=VERTEX_POINT('',#704);
#706=CARTESIAN_POINT('',(-21.68153,12.502038,10));
#707=VERTEX_POINT('',#706);
#708=CARTESIAN_POINT('',(-20.978903,12.453542,10));
#709=VERTEX_POINT('',#708);
#710=CARTESIAN_POINT('',(-20.299049,12.359827,10));
#711=VERTEX_POINT('',#710);
#712=CARTESIAN_POINT('',(-19.646334,12.216635,10));
#713=VERTEX_POINT('',#712);
#714=CARTESIAN_POINT('',(-18.886423,6.519949,10));
#715=VERTEX_POINT('',#714);
#716=CARTESIAN_POINT('',(-18.29001,6.314056,10));
#717=VERTEX_POINT('',#716);
#718=CARTESIAN_POINT('',(-18.471489,11.714646,10));
#719=VERTEX_POINT('',#718);
#720=CARTESIAN_POINT('',(-17.405827,11.038801,10));
#721=VERTEX_POINT('',#720);
#722=CARTESIAN_POINT('',(-17.938658,11.376723,10));
#723=VERTEX_POINT('',#722);
#724=CARTESIAN_POINT('',(-16.872993,10.700878,10));
#725=VERTEX_POINT('',#724);
#726=CARTESIAN_POINT('',(-19.028557,12.014267,10));
#727=VERTEX_POINT('',#726);
#728=CARTESIAN_POINT('',(-16.340162,10.362956,10));
#729=VERTEX_POINT('',#728);
#730=CARTESIAN_POINT('',(-16.809551,17.681746,10));
#731=VERTEX_POINT('',#730);
#732=CARTESIAN_POINT('',(-17.01318,18.355963,10));
#733=VERTEX_POINT('',#732);
#734=CARTESIAN_POINT('',(-16.282059,16.435301,10));
#735=VERTEX_POINT('',#734);
#736=CARTESIAN_POINT('',(-15.947296,15.878045,10));
#737=VERTEX_POINT('',#736);
#738=CARTESIAN_POINT('',(-15.083212,14.957338,10));
#739=VERTEX_POINT('',#738);
#740=CARTESIAN_POINT('',(-14.635196,14.513062,10));
#741=VERTEX_POINT('',#740);
#742=CARTESIAN_POINT('',(-15.531228,15.401616,10));
#743=VERTEX_POINT('',#742);
#744=CARTESIAN_POINT('',(-16.566904,17.039789,10));
#745=VERTEX_POINT('',#744);
#746=CARTESIAN_POINT('',(-14.18718,14.068784,10));
#747=VERTEX_POINT('',#746);
#748=CARTESIAN_POINT('',(-13.739163,13.624506,10));
#749=VERTEX_POINT('',#748);
#750=CARTESIAN_POINT('',(-10.22566,16.426432,10));
#751=VERTEX_POINT('',#750);
#752=CARTESIAN_POINT('',(-10.89255,17.497721,10));
#753=VERTEX_POINT('',#752);
#754=CARTESIAN_POINT('',(-11.559442,18.56901,10));
#755=VERTEX_POINT('',#754);
#756=CARTESIAN_POINT('',(-11.225996,18.033365,10));
#757=VERTEX_POINT('',#756);
#758=CARTESIAN_POINT('',(-10.559106,16.962076,10));
#759=VERTEX_POINT('',#758);
#760=CARTESIAN_POINT('',(-2.5,0,10));
#761=VERTEX_POINT('',#760);
#762=CARTESIAN_POINT('',(-2.487962,0.245043,10));
#763=VERTEX_POINT('',#762);
#764=CARTESIAN_POINT('',(-2.451963,0.487726,10));
#765=VERTEX_POINT('',#764);
#766=CARTESIAN_POINT('',(-2.392351,0.725712,10));
#767=VERTEX_POINT('',#766);
#768=CARTESIAN_POINT('',(-2.309699,0.956709,10));
#769=VERTEX_POINT('',#768);
#770=CARTESIAN_POINT('',(-2.204803,1.178492,10));
#771=VERTEX_POINT('',#770);
#772=CARTESIAN_POINT('',(-2.078674,1.388926,10));
#773=VERTEX_POINT('',#772);
#774=CARTESIAN_POINT('',(-1.932526,1.585983,10));
#775=VERTEX_POINT('',#774);
#776=CARTESIAN_POINT('',(-1.767767,1.767767,10));
#777=VERTEX_POINT('',#776);
#778=CARTESIAN_POINT('',(-1.585983,1.932526,10));
#779=VERTEX_POINT('',#778);
#780=CARTESIAN_POINT('',(-1.388926,2.078674,10));
#781=VERTEX_POINT('',#780);
#782=CARTESIAN_POINT('',(-1.178492,2.204803,10));
#783=VERTEX_POINT('',#782);
#784=CARTESIAN_POINT('',(-0.956709,2.309699,10));
#785=VERTEX_POINT('',#784);
#786=CARTESIAN_POINT('',(-0.725712,2.392351,10));
#787=VERTEX_POINT('',#786);
#788=CARTESIAN_POINT('',(-0.487726,2.451963,10));
#789=VERTEX_POINT('',#788);
#790=CARTESIAN_POINT('',(-0.245043,2.487962,10));
#791=VERTEX_POINT('',#790);
#792=CARTESIAN_POINT('',(-6.467107,18.236456,10));
#793=VERTEX_POINT('',#792);
#794=CARTESIAN_POINT('',(-17.179316,19.058897,10));
#795=VERTEX_POINT('',#794);
#796=CARTESIAN_POINT('',(-17.308674,19.787804,10));
#797=VERTEX_POINT('',#796);
#798=CARTESIAN_POINT('',(-17.401524,20.540388,10));
#799=VERTEX_POINT('',#798);
#800=CARTESIAN_POINT('',(-14.758293,20.989597,10));
#801=VERTEX_POINT('',#800);
#802=CARTESIAN_POINT('',(-16.153194,21.535898,10));
#803=VERTEX_POINT('',#802);
#804=CARTESIAN_POINT('',(-15.440141,21.27791,10));
#805=VERTEX_POINT('',#804);
#806=CARTESIAN_POINT('',(-14.109952,20.671209,10));
#807=VERTEX_POINT('',#806);
#808=CARTESIAN_POINT('',(-13.49795,20.322659,10));
#809=VERTEX_POINT('',#808);
#810=CARTESIAN_POINT('',(-12.926084,19.943247,10));
#811=VERTEX_POINT('',#810);
#812=CARTESIAN_POINT('',(-12.400135,19.531033,10));
#813=VERTEX_POINT('',#812);
#814=CARTESIAN_POINT('',(-11.931342,19.080662,10));
#815=VERTEX_POINT('',#814);
#816=CARTESIAN_POINT('',(-7.310642,20.615124,10));
#817=VERTEX_POINT('',#816);
#818=CARTESIAN_POINT('',(-7.478792,21.224897,10));
#819=VERTEX_POINT('',#818);
#820=CARTESIAN_POINT('',(-7.538618,21.872215,10));
#821=VERTEX_POINT('',#820);
#822=CARTESIAN_POINT('',(-7.532977,22.54043,10));
#823=VERTEX_POINT('',#822);
#824=CARTESIAN_POINT('',(-7.47306,23.224092,10));
#825=VERTEX_POINT('',#824);
#826=CARTESIAN_POINT('',(-6.677991,18.831123,10));
#827=VERTEX_POINT('',#826);
#828=CARTESIAN_POINT('',(-6.888875,19.425789,10));
#829=VERTEX_POINT('',#828);
#830=CARTESIAN_POINT('',(-7.099759,20.020456,10));
#831=VERTEX_POINT('',#830);
#832=CARTESIAN_POINT('',(-7.363992,23.919893,10));
#833=VERTEX_POINT('',#832);
#834=CARTESIAN_POINT('',(-7.208683,24.625298,10));
#835=VERTEX_POINT('',#834);
#836=CARTESIAN_POINT('',(-7.00897,25.338148,10));
#837=VERTEX_POINT('',#836);
#838=CARTESIAN_POINT('',(-6.76609,26.056488,10));
#839=VERTEX_POINT('',#838);
#840=CARTESIAN_POINT('',(-5.20945,26.411781,10));
#841=VERTEX_POINT('',#840);
#842=CARTESIAN_POINT('',(-2.470979,22.367897,10));
#843=VERTEX_POINT('',#842);
#844=CARTESIAN_POINT('',(-2.697939,22.977068,10));
#845=VERTEX_POINT('',#844);
#846=CARTESIAN_POINT('',(-2.08584,19.236452,10));
#847=VERTEX_POINT('',#846);
#848=CARTESIAN_POINT('',(-2.153856,19.863728,10));
#849=VERTEX_POINT('',#848);
#850=CARTESIAN_POINT('',(-2.221873,20.491003,10));
#851=VERTEX_POINT('',#850);
#852=CARTESIAN_POINT('',(-2.289889,21.118279,10));
#853=VERTEX_POINT('',#852);
#854=CARTESIAN_POINT('',(-2.357906,21.745554,10));
#855=VERTEX_POINT('',#854);
#856=CARTESIAN_POINT('',(-3.743726,24.746195,10));
#857=VERTEX_POINT('',#856);
#858=CARTESIAN_POINT('',(-4.189718,25.314358,10));
#859=VERTEX_POINT('',#858);
#860=CARTESIAN_POINT('',(-3.343561,24.166624,10));
#861=VERTEX_POINT('',#860);
#862=CARTESIAN_POINT('',(-2.992949,23.576662,10));
#863=VERTEX_POINT('',#862);
#864=CARTESIAN_POINT('',(-4.678946,25.869961,10));
#865=VERTEX_POINT('',#864);
#866=CARTESIAN_POINT('',(4.762998,-34.426041,0));
#867=VERTEX_POINT('',#866);
#868=CARTESIAN_POINT('',(4.26354,-33.585621,0));
#869=VERTEX_POINT('',#868);
#870=CARTESIAN_POINT('',(3.51998,-31.863703,0));
#871=VERTEX_POINT('',#870);
#872=CARTESIAN_POINT('',(3.358903,-30.977156,0));
#873=VERTEX_POINT('',#872);
#874=CARTESIAN_POINT('',(3.84329,-32.731483,0));
#875=VERTEX_POINT('',#874);
#876=CARTESIAN_POINT('',(3.262012,-30.083586,0));
#877=VERTEX_POINT('',#876);
#878=CARTESIAN_POINT('',(3.165121,-29.190014,0));
#879=VERTEX_POINT('',#878);
#880=CARTESIAN_POINT('',(3.068229,-28.296442,0));
#881=VERTEX_POINT('',#880);
#882=CARTESIAN_POINT('',(5.968372,-36.06102,0));
#883=VERTEX_POINT('',#882);
#884=CARTESIAN_POINT('',(6.665292,-36.852489,0));
#885=VERTEX_POINT('',#884);
#886=CARTESIAN_POINT('',(5.333043,-35.251656,0));
#887=VERTEX_POINT('',#886);
#888=CARTESIAN_POINT('',(7.421009,-37.624332,0));
#889=VERTEX_POINT('',#888);
#890=CARTESIAN_POINT('',(2.971338,-27.40287,0));
#891=VERTEX_POINT('',#890);
#892=CARTESIAN_POINT('',(9.512987,-26.825468,0));
#893=VERTEX_POINT('',#892);
#894=CARTESIAN_POINT('',(9.212577,-25.978348,0));
#895=VERTEX_POINT('',#894);
#896=CARTESIAN_POINT('',(9.638487,-37.118206,0));
#897=VERTEX_POINT('',#896);
#898=CARTESIAN_POINT('',(9.984476,-36.09491,0));
#899=VERTEX_POINT('',#898);
#900=CARTESIAN_POINT('',(10.268972,-35.079433,0));
#901=VERTEX_POINT('',#900);
#902=CARTESIAN_POINT('',(10.490214,-34.074566,0));
#903=VERTEX_POINT('',#902);
#904=CARTESIAN_POINT('',(10.645586,-33.083378,0));
#905=VERTEX_POINT('',#904);
#906=CARTESIAN_POINT('',(10.730938,-32.109482,0));
#907=VERTEX_POINT('',#906);
#908=CARTESIAN_POINT('',(10.738975,-31.157589,0));
#909=VERTEX_POINT('',#908);
#910=CARTESIAN_POINT('',(10.65375,-30.235466,0));
#911=VERTEX_POINT('',#910);
#912=CARTESIAN_POINT('',(10.113807,-28.519707,0));
#913=VERTEX_POINT('',#912);
#914=CARTESIAN_POINT('',(10.414217,-29.366827,0));
#915=VERTEX_POINT('',#914);
#916=CARTESIAN_POINT('',(18.413572,-28.409719,0));
#917=VERTEX_POINT('',#916);
#918=CARTESIAN_POINT('',(9.813396,-27.672586,0));
#919=VERTEX_POINT('',#918);
#920=CARTESIAN_POINT('',(16.466751,-26.45208,0));
#921=VERTEX_POINT('',#920);
#922=CARTESIAN_POINT('',(15.516747,-24.925999,0));
#923=VERTEX_POINT('',#922);
#924=CARTESIAN_POINT('',(15.041744,-24.162958,0));
#925=VERTEX_POINT('',#924);
#926=CARTESIAN_POINT('',(15.99175,-25.689039,0));
#927=VERTEX_POINT('',#926);
#928=CARTESIAN_POINT('',(16.996534,-27.180943,0));
#929=VERTEX_POINT('',#928);
#930=CARTESIAN_POINT('',(17.664343,-27.822508,0));
#931=VERTEX_POINT('',#930);
#932=CARTESIAN_POINT('',(14.566742,-23.399918,0));
#933=VERTEX_POINT('',#932);
#934=CARTESIAN_POINT('',(2,-5,0));
#935=VERTEX_POINT('',#934);
#936=CARTESIAN_POINT('',(0,-2.5,0));
#937=VERTEX_POINT('',#936);
#938=CARTESIAN_POINT('',(0.245043,-2.487962,0));
#939=VERTEX_POINT('',#938);
#940=CARTESIAN_POINT('',(0.487726,-2.451963,0));
#941=VERTEX_POINT('',#940);
#942=CARTESIAN_POINT('',(0.725712,-2.392351,0));
#943=VERTEX_POINT('',#942);
#944=CARTESIAN_POINT('',(0.956709,-2.309699,0));
#945=VERTEX_POINT('',#944);
#946=CARTESIAN_POINT('',(1.178492,-2.204803,0));
#947=VERTEX_POINT('',#946);
#948=CARTESIAN_POINT('',(1.388926,-2.078674,0));
#949=VERTEX_POINT('',#948);
#950=CARTESIAN_POINT('',(1.585983,-1.932526,0));
#951=VERTEX_POINT('',#950);
#952=CARTESIAN_POINT('',(1.767767,-1.767767,0));
#953=VERTEX_POINT('',#952);
#954=CARTESIAN_POINT('',(1.932526,-1.585983,0));
#955=VERTEX_POINT('',#954);
#956=CARTESIAN_POINT('',(2,-1.495005,0));
#957=VERTEX_POINT('',#956);
#958=CARTESIAN_POINT('',(5,-5,0));
#959=VERTEX_POINT('',#958);
#960=CARTESIAN_POINT('',(20.100025,-29.446724,0));
#961=VERTEX_POINT('',#960);
#962=CARTESIAN_POINT('',(19.22821,-28.950203,0));
#963=VERTEX_POINT('',#962);
#964=CARTESIAN_POINT('',(21.023607,-29.900276,0));
#965=VERTEX_POINT('',#964);
#966=CARTESIAN_POINT('',(23.010683,-30.678495,0));
#967=VERTEX_POINT('',#966);
#968=CARTESIAN_POINT('',(21.994917,-30.310986,0));
#969=VERTEX_POINT('',#968);
#970=CARTESIAN_POINT('',(24.788963,-29.260365,0));
#971=VERTEX_POINT('',#970);
#972=CARTESIAN_POINT('',(23.945681,-25.188147,0));
#973=VERTEX_POINT('',#972);
#974=CARTESIAN_POINT('',(23.600023,-24.273663,0));
#975=VERTEX_POINT('',#974);
#976=CARTESIAN_POINT('',(21.486462,-21.307152,0));
#977=VERTEX_POINT('',#976);
#978=CARTESIAN_POINT('',(20.210039,-20.04138,0));
#979=VERTEX_POINT('',#978);
#980=CARTESIAN_POINT('',(19.571827,-19.408495,0));
#981=VERTEX_POINT('',#980);
#982=CARTESIAN_POINT('',(20.848251,-20.674267,0));
#983=VERTEX_POINT('',#982);
#984=CARTESIAN_POINT('',(22.717375,-22.618725,0));
#985=VERTEX_POINT('',#984);
#986=CARTESIAN_POINT('',(22.124674,-21.940037,0));
#987=VERTEX_POINT('',#986);
#988=CARTESIAN_POINT('',(23.194252,-23.412552,0));
#989=VERTEX_POINT('',#988);
#990=CARTESIAN_POINT('',(24.472422,-27.149939,0));
#991=VERTEX_POINT('',#990);
#992=CARTESIAN_POINT('',(24.656696,-28.188288,0));
#993=VERTEX_POINT('',#992);
#994=CARTESIAN_POINT('',(24.235756,-26.148588,0));
#995=VERTEX_POINT('',#994);
#996=CARTESIAN_POINT('',(23.277025,-14.762324,0));
#997=VERTEX_POINT('',#996);
#998=CARTESIAN_POINT('',(26.313158,-16.687845,0));
#999=VERTEX_POINT('',#998);
#1000=CARTESIAN_POINT('',(24.795092,-15.725084,0));
#1001=VERTEX_POINT('',#1000);
#1002=CARTESIAN_POINT('',(24.036058,-15.243705,0));
#1003=VERTEX_POINT('',#1002);
#1004=CARTESIAN_POINT('',(25.554125,-16.206465,0));
#1005=VERTEX_POINT('',#1004);
#1006=CARTESIAN_POINT('',(27.106718,-17.114664,0));
#1007=VERTEX_POINT('',#1006);
#1008=CARTESIAN_POINT('',(27.986757,-17.402941,0));
#1009=VERTEX_POINT('',#1008);
#1010=CARTESIAN_POINT('',(27.753853,-9.581153,0));
#1011=VERTEX_POINT('',#1010);
#1012=CARTESIAN_POINT('',(28.60346,-9.874454,0));
#1013=VERTEX_POINT('',#1012);
#1014=CARTESIAN_POINT('',(26.054638,-8.994552,0));
#1015=VERTEX_POINT('',#1014);
#1016=CARTESIAN_POINT('',(26.904245,-9.287852,0));
#1017=VERTEX_POINT('',#1016);
#1018=CARTESIAN_POINT('',(27.377007,-3.200872,0));
#1019=VERTEX_POINT('',#1018);
#1020=CARTESIAN_POINT('',(28.269735,-3.305248,0));
#1021=VERTEX_POINT('',#1020);
#1022=CARTESIAN_POINT('',(29.885042,-17.740423,0));
#1023=VERTEX_POINT('',#1022);
#1024=CARTESIAN_POINT('',(28.916571,-17.606922,0));
#1025=VERTEX_POINT('',#1024);
#1026=CARTESIAN_POINT('',(30.885952,-17.809507,0));
#1027=VERTEX_POINT('',#1026);
#1028=CARTESIAN_POINT('',(31.914858,-17.817417,0));
#1029=VERTEX_POINT('',#1028);
#1030=CARTESIAN_POINT('',(32.968178,-17.766018,0));
#1031=VERTEX_POINT('',#1030);
#1032=CARTESIAN_POINT('',(29.453068,-10.167754,0));
#1033=VERTEX_POINT('',#1032);
#1034=CARTESIAN_POINT('',(31.055626,-11.030371,0));
#1035=VERTEX_POINT('',#1034);
#1036=CARTESIAN_POINT('',(30.281544,-10.522067,0));
#1037=VERTEX_POINT('',#1036);
#1038=CARTESIAN_POINT('',(33.18111,-13.043564,0));
#1039=VERTEX_POINT('',#1038);
#1040=CARTESIAN_POINT('',(32.50304,-12.304094,0));
#1041=VERTEX_POINT('',#1040);
#1042=CARTESIAN_POINT('',(31.794834,-11.630148,0));
#1043=VERTEX_POINT('',#1042);
#1044=CARTESIAN_POINT('',(34.042809,-17.656408,0));
#1045=VERTEX_POINT('',#1044);
#1046=CARTESIAN_POINT('',(34.445354,-14.698629,0));
#1047=VERTEX_POINT('',#1046);
#1048=CARTESIAN_POINT('',(35.029678,-15.60715,0));
#1049=VERTEX_POINT('',#1048);
#1050=CARTESIAN_POINT('',(33.828808,-13.843063,0));
#1051=VERTEX_POINT('',#1050);
#1052=CARTESIAN_POINT('',(29.162464,-3.409625,0));
#1053=VERTEX_POINT('',#1052);
#1054=CARTESIAN_POINT('',(30.947922,-3.618377,0));
#1055=VERTEX_POINT('',#1054);
#1056=CARTESIAN_POINT('',(30.055193,-3.514001,0));
#1057=VERTEX_POINT('',#1056);
#1058=CARTESIAN_POINT('',(31.848083,-3.658615,0));
#1059=VERTEX_POINT('',#1058);
#1060=CARTESIAN_POINT('',(32.766048,-3.53651,0));
#1061=VERTEX_POINT('',#1060);
#1062=CARTESIAN_POINT('',(33.692287,-3.31686,0));
#1063=VERTEX_POINT('',#1062);
#1064=CARTESIAN_POINT('',(34.622772,-3.016935,0));
#1065=VERTEX_POINT('',#1064);
#1066=CARTESIAN_POINT('',(35.554535,-2.644899,0));
#1067=VERTEX_POINT('',#1066);
#1068=CARTESIAN_POINT('',(36.484982,-2.2056,0));
#1069=VERTEX_POINT('',#1068);
#1070=CARTESIAN_POINT('',(37.41169,-1.702272,0));
#1071=VERTEX_POINT('',#1070);
#1072=CARTESIAN_POINT('',(38.33234,-1.137252,0));
#1073=VERTEX_POINT('',#1072);
#1074=CARTESIAN_POINT('',(4.678946,-25.869961,10));
#1075=VERTEX_POINT('',#1074);
#1076=CARTESIAN_POINT('',(2.992949,-23.576662,10));
#1077=VERTEX_POINT('',#1076);
#1078=CARTESIAN_POINT('',(3.343561,-24.166624,10));
#1079=VERTEX_POINT('',#1078);
#1080=CARTESIAN_POINT('',(4.189718,-25.314358,10));
#1081=VERTEX_POINT('',#1080);
#1082=CARTESIAN_POINT('',(3.743726,-24.746195,10));
#1083=VERTEX_POINT('',#1082);
#1084=CARTESIAN_POINT('',(2.357906,-21.745554,10));
#1085=VERTEX_POINT('',#1084);
#1086=CARTESIAN_POINT('',(2.289889,-21.118279,10));
#1087=VERTEX_POINT('',#1086);
#1088=CARTESIAN_POINT('',(2.221873,-20.491003,10));
#1089=VERTEX_POINT('',#1088);
#1090=CARTESIAN_POINT('',(2.153856,-19.863728,10));
#1091=VERTEX_POINT('',#1090);
#1092=CARTESIAN_POINT('',(2.08584,-19.236452,10));
#1093=VERTEX_POINT('',#1092);
#1094=CARTESIAN_POINT('',(2.697939,-22.977068,10));
#1095=VERTEX_POINT('',#1094);
#1096=CARTESIAN_POINT('',(2.470979,-22.367897,10));
#1097=VERTEX_POINT('',#1096);
#1098=CARTESIAN_POINT('',(5.20945,-26.411781,10));
#1099=VERTEX_POINT('',#1098);
#1100=CARTESIAN_POINT('',(6.76609,-26.056488,10));
#1101=VERTEX_POINT('',#1100);
#1102=CARTESIAN_POINT('',(7.00897,-25.338148,10));
#1103=VERTEX_POINT('',#1102);
#1104=CARTESIAN_POINT('',(7.208683,-24.625298,10));
#1105=VERTEX_POINT('',#1104);
#1106=CARTESIAN_POINT('',(7.363992,-23.919893,10));
#1107=VERTEX_POINT('',#1106);
#1108=CARTESIAN_POINT('',(7.099759,-20.020456,10));
#1109=VERTEX_POINT('',#1108);
#1110=CARTESIAN_POINT('',(6.888875,-19.425789,10));
#1111=VERTEX_POINT('',#1110);
#1112=CARTESIAN_POINT('',(6.677991,-18.831123,10));
#1113=VERTEX_POINT('',#1112);
#1114=CARTESIAN_POINT('',(7.47306,-23.224092,10));
#1115=VERTEX_POINT('',#1114);
#1116=CARTESIAN_POINT('',(7.532977,-22.54043,10));
#1117=VERTEX_POINT('',#1116);
#1118=CARTESIAN_POINT('',(7.538618,-21.872215,10));
#1119=VERTEX_POINT('',#1118);
#1120=CARTESIAN_POINT('',(7.478792,-21.224897,10));
#1121=VERTEX_POINT('',#1120);
#1122=CARTESIAN_POINT('',(7.310642,-20.615124,10));
#1123=VERTEX_POINT('',#1122);
#1124=CARTESIAN_POINT('',(11.931342,-19.080662,10));
#1125=VERTEX_POINT('',#1124);
#1126=CARTESIAN_POINT('',(12.400135,-19.531033,10));
#1127=VERTEX_POINT('',#1126);
#1128=CARTESIAN_POINT('',(12.926084,-19.943247,10));
#1129=VERTEX_POINT('',#1128);
#1130=CARTESIAN_POINT('',(13.49795,-20.322659,10));
#1131=VERTEX_POINT('',#1130);
#1132=CARTESIAN_POINT('',(14.109952,-20.671209,10));
#1133=VERTEX_POINT('',#1132);
#1134=CARTESIAN_POINT('',(15.440141,-21.27791,10));
#1135=VERTEX_POINT('',#1134);
#1136=CARTESIAN_POINT('',(16.153194,-21.535898,10));
#1137=VERTEX_POINT('',#1136);
#1138=CARTESIAN_POINT('',(14.758293,-20.989597,10));
#1139=VERTEX_POINT('',#1138);
#1140=CARTESIAN_POINT('',(17.401524,-20.540388,10));
#1141=VERTEX_POINT('',#1140);
#1142=CARTESIAN_POINT('',(17.308674,-19.787804,10));
#1143=VERTEX_POINT('',#1142);
#1144=CARTESIAN_POINT('',(17.179316,-19.058897,10));
#1145=VERTEX_POINT('',#1144);
#1146=CARTESIAN_POINT('',(6.467107,-18.236456,10));
#1147=VERTEX_POINT('',#1146);
#1148=CARTESIAN_POINT('',(2,-5,10));
#1149=VERTEX_POINT('',#1148);
#1150=CARTESIAN_POINT('',(0,-2.5,10));
#1151=VERTEX_POINT('',#1150);
#1152=CARTESIAN_POINT('',(0.245043,-2.487962,10));
#1153=VERTEX_POINT('',#1152);
#1154=CARTESIAN_POINT('',(0.487726,-2.451963,10));
#1155=VERTEX_POINT('',#1154);
#1156=CARTESIAN_POINT('',(0.725712,-2.392351,10));
#1157=VERTEX_POINT('',#1156);
#1158=CARTESIAN_POINT('',(0.956709,-2.309699,10));
#1159=VERTEX_POINT('',#1158);
#1160=CARTESIAN_POINT('',(1.178492,-2.204803,10));
#1161=VERTEX_POINT('',#1160);
#1162=CARTESIAN_POINT('',(1.388926,-2.078674,10));
#1163=VERTEX_POINT('',#1162);
#1164=CARTESIAN_POINT('',(1.585983,-1.932526,10));
#1165=VERTEX_POINT('',#1164);
#1166=CARTESIAN_POINT('',(1.767767,-1.767767,10));
#1167=VERTEX_POINT('',#1166);
#1168=CARTESIAN_POINT('',(1.932526,-1.585983,10));
#1169=VERTEX_POINT('',#1168);
#1170=CARTESIAN_POINT('',(2,-1.495005,10));
#1171=VERTEX_POINT('',#1170);
#1172=CARTESIAN_POINT('',(5,-5,10));
#1173=VERTEX_POINT('',#1172);
#1174=CARTESIAN_POINT('',(10.559106,-16.962076,10));
#1175=VERTEX_POINT('',#1174);
#1176=CARTESIAN_POINT('',(11.225996,-18.033365,10));
#1177=VERTEX_POINT('',#1176);
#1178=CARTESIAN_POINT('',(11.559442,-18.56901,10));
#1179=VERTEX_POINT('',#1178);
#1180=CARTESIAN_POINT('',(10.89255,-17.497721,10));
#1181=VERTEX_POINT('',#1180);
#1182=CARTESIAN_POINT('',(10.22566,-16.426432,10));
#1183=VERTEX_POINT('',#1182);
#1184=CARTESIAN_POINT('',(13.739163,-13.624506,10));
#1185=VERTEX_POINT('',#1184);
#1186=CARTESIAN_POINT('',(14.18718,-14.068784,10));
#1187=VERTEX_POINT('',#1186);
#1188=CARTESIAN_POINT('',(16.566904,-17.039789,10));
#1189=VERTEX_POINT('',#1188);
#1190=CARTESIAN_POINT('',(15.531228,-15.401616,10));
#1191=VERTEX_POINT('',#1190);
#1192=CARTESIAN_POINT('',(14.635196,-14.513062,10));
#1193=VERTEX_POINT('',#1192);
#1194=CARTESIAN_POINT('',(15.083212,-14.957338,10));
#1195=VERTEX_POINT('',#1194);
#1196=CARTESIAN_POINT('',(15.947296,-15.878045,10));
#1197=VERTEX_POINT('',#1196);
#1198=CARTESIAN_POINT('',(16.282059,-16.435301,10));
#1199=VERTEX_POINT('',#1198);
#1200=CARTESIAN_POINT('',(17.01318,-18.355963,10));
#1201=VERTEX_POINT('',#1200);
#1202=CARTESIAN_POINT('',(16.809551,-17.681746,10));
#1203=VERTEX_POINT('',#1202);
#1204=CARTESIAN_POINT('',(16.340162,-10.362956,10));
#1205=VERTEX_POINT('',#1204);
#1206=CARTESIAN_POINT('',(19.028557,-12.014267,10));
#1207=VERTEX_POINT('',#1206);
#1208=CARTESIAN_POINT('',(16.872993,-10.700878,10));
#1209=VERTEX_POINT('',#1208);
#1210=CARTESIAN_POINT('',(17.938658,-11.376723,10));
#1211=VERTEX_POINT('',#1210);
#1212=CARTESIAN_POINT('',(17.405827,-11.038801,10));
#1213=VERTEX_POINT('',#1212);
#1214=CARTESIAN_POINT('',(18.471489,-11.714646,10));
#1215=VERTEX_POINT('',#1214);
#1216=CARTESIAN_POINT('',(18.29001,-6.314056,10));
#1217=VERTEX_POINT('',#1216);
#1218=CARTESIAN_POINT('',(18.886423,-6.519949,10));
#1219=VERTEX_POINT('',#1218);
#1220=CARTESIAN_POINT('',(19.646334,-12.216635,10));
#1221=VERTEX_POINT('',#1220);
#1222=CARTESIAN_POINT('',(20.299049,-12.359827,10));
#1223=VERTEX_POINT('',#1222);
#1224=CARTESIAN_POINT('',(20.978903,-12.453542,10));
#1225=VERTEX_POINT('',#1224);
#1226=CARTESIAN_POINT('',(21.68153,-12.502038,10));
#1227=VERTEX_POINT('',#1226);
#1228=CARTESIAN_POINT('',(22.403809,-12.50759,10));
#1229=VERTEX_POINT('',#1228);
#1230=CARTESIAN_POINT('',(23.143225,-12.471509,10));
#1231=VERTEX_POINT('',#1230);
#1232=CARTESIAN_POINT('',(23.897602,-12.394565,10));
#1233=VERTEX_POINT('',#1232);
#1234=CARTESIAN_POINT('',(23.747374,-9.717648,10));
#1235=VERTEX_POINT('',#1234);
#1236=CARTESIAN_POINT('',(24.590372,-10.956013,10));
#1237=VERTEX_POINT('',#1236);
#1238=CARTESIAN_POINT('',(24.180183,-10.318243,10));
#1239=VERTEX_POINT('',#1238);
#1240=CARTESIAN_POINT('',(20.675663,-7.137629,10));
#1241=VERTEX_POINT('',#1240);
#1242=CARTESIAN_POINT('',(21.257244,-7.386352,10));
#1243=VERTEX_POINT('',#1242);
#1244=CARTESIAN_POINT('',(19.482838,-6.725843,10));
#1245=VERTEX_POINT('',#1244);
#1246=CARTESIAN_POINT('',(20.07925,-6.931736,10));
#1247=VERTEX_POINT('',#1246);
#1248=CARTESIAN_POINT('',(21.800638,-7.743175,10));
#1249=VERTEX_POINT('',#1248);
#1250=CARTESIAN_POINT('',(22.319551,-8.16421,10));
#1251=VERTEX_POINT('',#1250);
#1252=CARTESIAN_POINT('',(23.2927,-9.156409,10));
#1253=VERTEX_POINT('',#1252);
#1254=CARTESIAN_POINT('',(22.816704,-8.637311,10));
#1255=VERTEX_POINT('',#1254);
#1256=CARTESIAN_POINT('',(20.471663,-2.393511,10));
#1257=VERTEX_POINT('',#1256);
#1258=CARTESIAN_POINT('',(21.098347,-2.466782,10));
#1259=VERTEX_POINT('',#1258);
#1260=CARTESIAN_POINT('',(19.218296,-2.24697,10));
#1261=VERTEX_POINT('',#1260);
#1262=CARTESIAN_POINT('',(19.84498,-2.32024,10));
#1263=VERTEX_POINT('',#1262);
#1264=CARTESIAN_POINT('',(21.725031,-2.540053,10));
#1265=VERTEX_POINT('',#1264);
#1266=CARTESIAN_POINT('',(22.356932,-2.568299,10));
#1267=VERTEX_POINT('',#1266);
#1268=CARTESIAN_POINT('',(23.001333,-2.482583,10));
#1269=VERTEX_POINT('',#1268);
#1270=CARTESIAN_POINT('',(23.651539,-2.328392,10));
#1271=VERTEX_POINT('',#1270);
#1272=CARTESIAN_POINT('',(24.304728,-2.117848,10));
#1273=VERTEX_POINT('',#1272);
#1274=CARTESIAN_POINT('',(24.958815,-1.856684,10));
#1275=VERTEX_POINT('',#1274);
#1276=CARTESIAN_POINT('',(25.611973,-1.548302,10));
#1277=VERTEX_POINT('',#1276);
#1278=CARTESIAN_POINT('',(26.26251,-1.194972,10));
#1279=VERTEX_POINT('',#1278);
#1280=CARTESIAN_POINT('',(26.908794,-0.798336,10));
#1281=VERTEX_POINT('',#1280);
#1282=CARTESIAN_POINT('',(0.956709,2.309699,0));
#1283=VERTEX_POINT('',#1282);
#1284=CARTESIAN_POINT('',(1.178492,2.204803,0));
#1285=VERTEX_POINT('',#1284);
#1286=CARTESIAN_POINT('',(1.388926,2.078674,0));
#1287=VERTEX_POINT('',#1286);
#1288=CARTESIAN_POINT('',(1.585983,1.932526,0));
#1289=VERTEX_POINT('',#1288);
#1290=CARTESIAN_POINT('',(1.767767,1.767767,0));
#1291=VERTEX_POINT('',#1290);
#1292=CARTESIAN_POINT('',(1.932526,1.585983,0));
#1293=VERTEX_POINT('',#1292);
#1294=CARTESIAN_POINT('',(2,1.495005,0));
#1295=VERTEX_POINT('',#1294);
#1296=CARTESIAN_POINT('',(0,2.5,0));
#1297=VERTEX_POINT('',#1296);
#1298=CARTESIAN_POINT('',(0.245043,2.487962,0));
#1299=VERTEX_POINT('',#1298);
#1300=CARTESIAN_POINT('',(0.487726,2.451963,0));
#1301=VERTEX_POINT('',#1300);
#1302=CARTESIAN_POINT('',(0.725712,2.392351,0));
#1303=VERTEX_POINT('',#1302);
#1304=CARTESIAN_POINT('',(2,5,0));
#1305=VERTEX_POINT('',#1304);
#1306=CARTESIAN_POINT('',(5,5,0));
#1307=VERTEX_POINT('',#1306);
#1308=CARTESIAN_POINT('',(2.971338,27.40287,0));
#1309=VERTEX_POINT('',#1308);
#1310=CARTESIAN_POINT('',(9.212577,25.978348,0));
#1311=VERTEX_POINT('',#1310);
#1312=CARTESIAN_POINT('',(9.512987,26.825468,0));
#1313=VERTEX_POINT('',#1312);
#1314=CARTESIAN_POINT('',(3.068229,28.296442,0));
#1315=VERTEX_POINT('',#1314);
#1316=CARTESIAN_POINT('',(3.165121,29.190014,0));
#1317=VERTEX_POINT('',#1316);
#1318=CARTESIAN_POINT('',(3.262012,30.083586,0));
#1319=VERTEX_POINT('',#1318);
#1320=CARTESIAN_POINT('',(3.358903,30.977156,0));
#1321=VERTEX_POINT('',#1320);
#1322=CARTESIAN_POINT('',(3.51998,31.863703,0));
#1323=VERTEX_POINT('',#1322);
#1324=CARTESIAN_POINT('',(3.84329,32.731483,0));
#1325=VERTEX_POINT('',#1324);
#1326=CARTESIAN_POINT('',(4.26354,33.585621,0));
#1327=VERTEX_POINT('',#1326);
#1328=CARTESIAN_POINT('',(4.762998,34.426041,0));
#1329=VERTEX_POINT('',#1328);
#1330=CARTESIAN_POINT('',(5.333043,35.251656,0));
#1331=VERTEX_POINT('',#1330);
#1332=CARTESIAN_POINT('',(5.968372,36.06102,0));
#1333=VERTEX_POINT('',#1332);
#1334=CARTESIAN_POINT('',(6.665292,36.852489,0));
#1335=VERTEX_POINT('',#1334);
#1336=CARTESIAN_POINT('',(7.421009,37.624332,0));
#1337=VERTEX_POINT('',#1336);
#1338=CARTESIAN_POINT('',(9.813396,27.672586,0));
#1339=VERTEX_POINT('',#1338);
#1340=CARTESIAN_POINT('',(14.566742,23.399918,0));
#1341=VERTEX_POINT('',#1340);
#1342=CARTESIAN_POINT('',(15.041744,24.162958,0));
#1343=VERTEX_POINT('',#1342);
#1344=CARTESIAN_POINT('',(15.516747,24.925999,0));
#1345=VERTEX_POINT('',#1344);
#1346=CARTESIAN_POINT('',(15.99175,25.689039,0));
#1347=VERTEX_POINT('',#1346);
#1348=CARTESIAN_POINT('',(16.466751,26.45208,0));
#1349=VERTEX_POINT('',#1348);
#1350=CARTESIAN_POINT('',(16.996534,27.180943,0));
#1351=VERTEX_POINT('',#1350);
#1352=CARTESIAN_POINT('',(17.664343,27.822508,0));
#1353=VERTEX_POINT('',#1352);
#1354=CARTESIAN_POINT('',(10.113807,28.519707,0));
#1355=VERTEX_POINT('',#1354);
#1356=CARTESIAN_POINT('',(10.414217,29.366827,0));
#1357=VERTEX_POINT('',#1356);
#1358=CARTESIAN_POINT('',(10.65375,30.235466,0));
#1359=VERTEX_POINT('',#1358);
#1360=CARTESIAN_POINT('',(10.738975,31.157589,0));
#1361=VERTEX_POINT('',#1360);
#1362=CARTESIAN_POINT('',(10.730938,32.109482,0));
#1363=VERTEX_POINT('',#1362);
#1364=CARTESIAN_POINT('',(10.645586,33.083378,0));
#1365=VERTEX_POINT('',#1364);
#1366=CARTESIAN_POINT('',(10.490214,34.074566,0));
#1367=VERTEX_POINT('',#1366);
#1368=CARTESIAN_POINT('',(10.268972,35.079433,0));
#1369=VERTEX_POINT('',#1368);
#1370=CARTESIAN_POINT('',(9.984476,36.09491,0));
#1371=VERTEX_POINT('',#1370);
#1372=CARTESIAN_POINT('',(9.638487,37.118206,0));
#1373=VERTEX_POINT('',#1372);
#1374=CARTESIAN_POINT('',(18.413572,28.409719,0));
#1375=VERTEX_POINT('',#1374);
#1376=CARTESIAN_POINT('',(27.377007,3.200872,0));
#1377=VERTEX_POINT('',#1376);
#1378=CARTESIAN_POINT('',(28.269735,3.305248,0));
#1379=VERTEX_POINT('',#1378);
#1380=CARTESIAN_POINT('',(26.054638,8.994552,0));
#1381=VERTEX_POINT('',#1380);
#1382=CARTESIAN_POINT('',(26.904245,9.287852,0));
#1383=VERTEX_POINT('',#1382);
#1384=CARTESIAN_POINT('',(23.277025,14.762324,0));
#1385=VERTEX_POINT('',#1384);
#1386=CARTESIAN_POINT('',(27.753853,9.581153,0));
#1387=VERTEX_POINT('',#1386);
#1388=CARTESIAN_POINT('',(28.60346,9.874454,0));
#1389=VERTEX_POINT('',#1388);
#1390=CARTESIAN_POINT('',(24.036058,15.243705,0));
#1391=VERTEX_POINT('',#1390);
#1392=CARTESIAN_POINT('',(24.795092,15.725084,0));
#1393=VERTEX_POINT('',#1392);
#1394=CARTESIAN_POINT('',(25.554125,16.206465,0));
#1395=VERTEX_POINT('',#1394);
#1396=CARTESIAN_POINT('',(26.313158,16.687845,0));
#1397=VERTEX_POINT('',#1396);
#1398=CARTESIAN_POINT('',(27.106718,17.114664,0));
#1399=VERTEX_POINT('',#1398);
#1400=CARTESIAN_POINT('',(27.986757,17.402941,0));
#1401=VERTEX_POINT('',#1400);
#1402=CARTESIAN_POINT('',(29.162464,3.409625,0));
#1403=VERTEX_POINT('',#1402);
#1404=CARTESIAN_POINT('',(30.055193,3.514001,0));
#1405=VERTEX_POINT('',#1404);
#1406=CARTESIAN_POINT('',(30.947922,3.618377,0));
#1407=VERTEX_POINT('',#1406);
#1408=CARTESIAN_POINT('',(31.848083,3.658615,0));
#1409=VERTEX_POINT('',#1408);
#1410=CARTESIAN_POINT('',(32.766048,3.53651,0));
#1411=VERTEX_POINT('',#1410);
#1412=CARTESIAN_POINT('',(33.692287,3.31686,0));
#1413=VERTEX_POINT('',#1412);
#1414=CARTESIAN_POINT('',(34.622772,3.016935,0));
#1415=VERTEX_POINT('',#1414);
#1416=CARTESIAN_POINT('',(35.554535,2.644899,0));
#1417=VERTEX_POINT('',#1416);
#1418=CARTESIAN_POINT('',(36.484982,2.2056,0));
#1419=VERTEX_POINT('',#1418);
#1420=CARTESIAN_POINT('',(38.33234,1.137252,0));
#1421=VERTEX_POINT('',#1420);
#1422=CARTESIAN_POINT('',(37.41169,1.702272,0));
#1423=VERTEX_POINT('',#1422);
#1424=CARTESIAN_POINT('',(29.453068,10.167754,0));
#1425=VERTEX_POINT('',#1424);
#1426=CARTESIAN_POINT('',(30.281544,10.522067,0));
#1427=VERTEX_POINT('',#1426);
#1428=CARTESIAN_POINT('',(31.055626,11.030371,0));
#1429=VERTEX_POINT('',#1428);
#1430=CARTESIAN_POINT('',(31.794834,11.630148,0));
#1431=VERTEX_POINT('',#1430);
#1432=CARTESIAN_POINT('',(32.50304,12.304094,0));
#1433=VERTEX_POINT('',#1432);
#1434=CARTESIAN_POINT('',(33.18111,13.043564,0));
#1435=VERTEX_POINT('',#1434);
#1436=CARTESIAN_POINT('',(28.916571,17.606922,0));
#1437=VERTEX_POINT('',#1436);
#1438=CARTESIAN_POINT('',(29.885042,17.740423,0));
#1439=VERTEX_POINT('',#1438);
#1440=CARTESIAN_POINT('',(30.885952,17.809507,0));
#1441=VERTEX_POINT('',#1440);
#1442=CARTESIAN_POINT('',(31.914858,17.817417,0));
#1443=VERTEX_POINT('',#1442);
#1444=CARTESIAN_POINT('',(32.968178,17.766018,0));
#1445=VERTEX_POINT('',#1444);
#1446=CARTESIAN_POINT('',(33.828808,13.843063,0));
#1447=VERTEX_POINT('',#1446);
#1448=CARTESIAN_POINT('',(34.445354,14.698629,0));
#1449=VERTEX_POINT('',#1448);
#1450=CARTESIAN_POINT('',(35.029678,15.60715,0));
#1451=VERTEX_POINT('',#1450);
#1452=CARTESIAN_POINT('',(34.042809,17.656408,0));
#1453=VERTEX_POINT('',#1452);
#1454=CARTESIAN_POINT('',(19.571827,19.408495,0));
#1455=VERTEX_POINT('',#1454);
#1456=CARTESIAN_POINT('',(20.210039,20.04138,0));
#1457=VERTEX_POINT('',#1456);
#1458=CARTESIAN_POINT('',(20.848251,20.674267,0));
#1459=VERTEX_POINT('',#1458);
#1460=CARTESIAN_POINT('',(21.486462,21.307152,0));
#1461=VERTEX_POINT('',#1460);
#1462=CARTESIAN_POINT('',(22.124674,21.940037,0));
#1463=VERTEX_POINT('',#1462);
#1464=CARTESIAN_POINT('',(22.717375,22.618725,0));
#1465=VERTEX_POINT('',#1464);
#1466=CARTESIAN_POINT('',(23.194252,23.412552,0));
#1467=VERTEX_POINT('',#1466);
#1468=CARTESIAN_POINT('',(23.600023,24.273663,0));
#1469=VERTEX_POINT('',#1468);
#1470=CARTESIAN_POINT('',(23.945681,25.188147,0));
#1471=VERTEX_POINT('',#1470);
#1472=CARTESIAN_POINT('',(24.235756,26.148588,0));
#1473=VERTEX_POINT('',#1472);
#1474=CARTESIAN_POINT('',(24.472422,27.149939,0));
#1475=VERTEX_POINT('',#1474);
#1476=CARTESIAN_POINT('',(24.656696,28.188288,0));
#1477=VERTEX_POINT('',#1476);
#1478=CARTESIAN_POINT('',(19.22821,28.950203,0));
#1479=VERTEX_POINT('',#1478);
#1480=CARTESIAN_POINT('',(20.100025,29.446724,0));
#1481=VERTEX_POINT('',#1480);
#1482=CARTESIAN_POINT('',(21.023607,29.900276,0));
#1483=VERTEX_POINT('',#1482);
#1484=CARTESIAN_POINT('',(21.994917,30.310986,0));
#1485=VERTEX_POINT('',#1484);
#1486=CARTESIAN_POINT('',(23.010683,30.678495,0));
#1487=VERTEX_POINT('',#1486);
#1488=CARTESIAN_POINT('',(24.788963,29.260365,0));
#1489=VERTEX_POINT('',#1488);
#1490=CARTESIAN_POINT('',(0.956709,2.309699,10));
#1491=VERTEX_POINT('',#1490);
#1492=CARTESIAN_POINT('',(1.178492,2.204803,10));
#1493=VERTEX_POINT('',#1492);
#1494=CARTESIAN_POINT('',(1.388926,2.078674,10));
#1495=VERTEX_POINT('',#1494);
#1496=CARTESIAN_POINT('',(1.585983,1.932526,10));
#1497=VERTEX_POINT('',#1496);
#1498=CARTESIAN_POINT('',(1.767767,1.767767,10));
#1499=VERTEX_POINT('',#1498);
#1500=CARTESIAN_POINT('',(1.932526,1.585983,10));
#1501=VERTEX_POINT('',#1500);
#1502=CARTESIAN_POINT('',(2,1.495005,10));
#1503=VERTEX_POINT('',#1502);
#1504=CARTESIAN_POINT('',(0,2.5,10));
#1505=VERTEX_POINT('',#1504);
#1506=CARTESIAN_POINT('',(0.245043,2.487962,10));
#1507=VERTEX_POINT('',#1506);
#1508=CARTESIAN_POINT('',(0.487726,2.451963,10));
#1509=VERTEX_POINT('',#1508);
#1510=CARTESIAN_POINT('',(0.725712,2.392351,10));
#1511=VERTEX_POINT('',#1510);
#1512=CARTESIAN_POINT('',(2,5,10));
#1513=VERTEX_POINT('',#1512);
#1514=CARTESIAN_POINT('',(5,5,10));
#1515=VERTEX_POINT('',#1514);
#1516=CARTESIAN_POINT('',(6.467107,18.236456,10));
#1517=VERTEX_POINT('',#1516);
#1518=CARTESIAN_POINT('',(18.29001,6.314056,10));
#1519=VERTEX_POINT('',#1518);
#1520=CARTESIAN_POINT('',(18.886423,6.519949,10));
#1521=VERTEX_POINT('',#1520);
#1522=CARTESIAN_POINT('',(13.739163,13.624506,10));
#1523=VERTEX_POINT('',#1522);
#1524=CARTESIAN_POINT('',(14.18718,14.068784,10));
#1525=VERTEX_POINT('',#1524);
#1526=CARTESIAN_POINT('',(10.22566,16.426432,10));
#1527=VERTEX_POINT('',#1526);
#1528=CARTESIAN_POINT('',(10.559106,16.962076,10));
#1529=VERTEX_POINT('',#1528);
#1530=CARTESIAN_POINT('',(10.89255,17.497721,10));
#1531=VERTEX_POINT('',#1530);
#1532=CARTESIAN_POINT('',(11.225996,18.033365,10));
#1533=VERTEX_POINT('',#1532);
#1534=CARTESIAN_POINT('',(11.559442,18.56901,10));
#1535=VERTEX_POINT('',#1534);
#1536=CARTESIAN_POINT('',(16.340162,10.362956,10));
#1537=VERTEX_POINT('',#1536);
#1538=CARTESIAN_POINT('',(16.872993,10.700878,10));
#1539=VERTEX_POINT('',#1538);
#1540=CARTESIAN_POINT('',(17.405827,11.038801,10));
#1541=VERTEX_POINT('',#1540);
#1542=CARTESIAN_POINT('',(17.938658,11.376723,10));
#1543=VERTEX_POINT('',#1542);
#1544=CARTESIAN_POINT('',(18.471489,11.714646,10));
#1545=VERTEX_POINT('',#1544);
#1546=CARTESIAN_POINT('',(19.028557,12.014267,10));
#1547=VERTEX_POINT('',#1546);
#1548=CARTESIAN_POINT('',(14.635196,14.513062,10));
#1549=VERTEX_POINT('',#1548);
#1550=CARTESIAN_POINT('',(15.083212,14.957338,10));
#1551=VERTEX_POINT('',#1550);
#1552=CARTESIAN_POINT('',(15.531228,15.401616,10));
#1553=VERTEX_POINT('',#1552);
#1554=CARTESIAN_POINT('',(15.947296,15.878045,10));
#1555=VERTEX_POINT('',#1554);
#1556=CARTESIAN_POINT('',(16.282059,16.435301,10));
#1557=VERTEX_POINT('',#1556);
#1558=CARTESIAN_POINT('',(16.566904,17.039789,10));
#1559=VERTEX_POINT('',#1558);
#1560=CARTESIAN_POINT('',(16.809551,17.681746,10));
#1561=VERTEX_POINT('',#1560);
#1562=CARTESIAN_POINT('',(17.01318,18.355963,10));
#1563=VERTEX_POINT('',#1562);
#1564=CARTESIAN_POINT('',(2.08584,19.236452,10));
#1565=VERTEX_POINT('',#1564);
#1566=CARTESIAN_POINT('',(2.153856,19.863728,10));
#1567=VERTEX_POINT('',#1566);
#1568=CARTESIAN_POINT('',(2.221873,20.491003,10));
#1569=VERTEX_POINT('',#1568);
#1570=CARTESIAN_POINT('',(2.289889,21.118279,10));
#1571=VERTEX_POINT('',#1570);
#1572=CARTESIAN_POINT('',(2.357906,21.745554,10));
#1573=VERTEX_POINT('',#1572);
#1574=CARTESIAN_POINT('',(2.470979,22.367897,10));
#1575=VERTEX_POINT('',#1574);
#1576=CARTESIAN_POINT('',(2.697939,22.977068,10));
#1577=VERTEX_POINT('',#1576);
#1578=CARTESIAN_POINT('',(2.992949,23.576662,10));
#1579=VERTEX_POINT('',#1578);
#1580=CARTESIAN_POINT('',(3.343561,24.166624,10));
#1581=VERTEX_POINT('',#1580);
#1582=CARTESIAN_POINT('',(3.743726,24.746195,10));
#1583=VERTEX_POINT('',#1582);
#1584=CARTESIAN_POINT('',(4.189718,25.314358,10));
#1585=VERTEX_POINT('',#1584);
#1586=CARTESIAN_POINT('',(4.678946,25.869961,10));
#1587=VERTEX_POINT('',#1586);
#1588=CARTESIAN_POINT('',(6.677991,18.831123,10));
#1589=VERTEX_POINT('',#1588);
#1590=CARTESIAN_POINT('',(6.888875,19.425789,10));
#1591=VERTEX_POINT('',#1590);
#1592=CARTESIAN_POINT('',(7.099759,20.020456,10));
#1593=VERTEX_POINT('',#1592);
#1594=CARTESIAN_POINT('',(7.310642,20.615124,10));
#1595=VERTEX_POINT('',#1594);
#1596=CARTESIAN_POINT('',(7.478792,21.224897,10));
#1597=VERTEX_POINT('',#1596);
#1598=CARTESIAN_POINT('',(7.538618,21.872215,10));
#1599=VERTEX_POINT('',#1598);
#1600=CARTESIAN_POINT('',(7.532977,22.54043,10));
#1601=VERTEX_POINT('',#1600);
#1602=CARTESIAN_POINT('',(7.47306,23.224092,10));
#1603=VERTEX_POINT('',#1602);
#1604=CARTESIAN_POINT('',(7.00897,25.338148,10));
#1605=VERTEX_POINT('',#1604);
#1606=CARTESIAN_POINT('',(5.20945,26.411781,10));
#1607=VERTEX_POINT('',#1606);
#1608=CARTESIAN_POINT('',(6.76609,26.056488,10));
#1609=VERTEX_POINT('',#1608);
#1610=CARTESIAN_POINT('',(7.363992,23.919893,10));
#1611=VERTEX_POINT('',#1610);
#1612=CARTESIAN_POINT('',(7.208683,24.625298,10));
#1613=VERTEX_POINT('',#1612);
#1614=CARTESIAN_POINT('',(11.931342,19.080662,10));
#1615=VERTEX_POINT('',#1614);
#1616=CARTESIAN_POINT('',(12.400135,19.531033,10));
#1617=VERTEX_POINT('',#1616);
#1618=CARTESIAN_POINT('',(12.926084,19.943247,10));
#1619=VERTEX_POINT('',#1618);
#1620=CARTESIAN_POINT('',(13.49795,20.322659,10));
#1621=VERTEX_POINT('',#1620);
#1622=CARTESIAN_POINT('',(14.109952,20.671209,10));
#1623=VERTEX_POINT('',#1622);
#1624=CARTESIAN_POINT('',(14.758293,20.989597,10));
#1625=VERTEX_POINT('',#1624);
#1626=CARTESIAN_POINT('',(15.440141,21.27791,10));
#1627=VERTEX_POINT('',#1626);
#1628=CARTESIAN_POINT('',(16.153194,21.535898,10));
#1629=VERTEX_POINT('',#1628);
#1630=CARTESIAN_POINT('',(17.179316,19.058897,10));
#1631=VERTEX_POINT('',#1630);
#1632=CARTESIAN_POINT('',(17.308674,19.787804,10));
#1633=VERTEX_POINT('',#1632);
#1634=CARTESIAN_POINT('',(17.401524,20.540388,10));
#1635=VERTEX_POINT('',#1634);
#1636=CARTESIAN_POINT('',(19.218296,2.24697,10));
#1637=VERTEX_POINT('',#1636);
#1638=CARTESIAN_POINT('',(19.84498,2.32024,10));
#1639=VERTEX_POINT('',#1638);
#1640=CARTESIAN_POINT('',(20.471663,2.393511,10));
#1641=VERTEX_POINT('',#1640);
#1642=CARTESIAN_POINT('',(21.098347,2.466782,10));
#1643=VERTEX_POINT('',#1642);
#1644=CARTESIAN_POINT('',(23.651539,2.328392,10));
#1645=VERTEX_POINT('',#1644);
#1646=CARTESIAN_POINT('',(21.725031,2.540053,10));
#1647=VERTEX_POINT('',#1646);
#1648=CARTESIAN_POINT('',(22.356932,2.568299,10));
#1649=VERTEX_POINT('',#1648);
#1650=CARTESIAN_POINT('',(23.001333,2.482583,10));
#1651=VERTEX_POINT('',#1650);
#1652=CARTESIAN_POINT('',(19.482838,6.725843,10));
#1653=VERTEX_POINT('',#1652);
#1654=CARTESIAN_POINT('',(20.07925,6.931736,10));
#1655=VERTEX_POINT('',#1654);
#1656=CARTESIAN_POINT('',(20.675663,7.137629,10));
#1657=VERTEX_POINT('',#1656);
#1658=CARTESIAN_POINT('',(21.257244,7.386352,10));
#1659=VERTEX_POINT('',#1658);
#1660=CARTESIAN_POINT('',(21.800638,7.743175,10));
#1661=VERTEX_POINT('',#1660);
#1662=CARTESIAN_POINT('',(22.319551,8.16421,10));
#1663=VERTEX_POINT('',#1662);
#1664=CARTESIAN_POINT('',(22.816704,8.637311,10));
#1665=VERTEX_POINT('',#1664);
#1666=CARTESIAN_POINT('',(23.2927,9.156409,10));
#1667=VERTEX_POINT('',#1666);
#1668=CARTESIAN_POINT('',(24.304728,2.117848,10));
#1669=VERTEX_POINT('',#1668);
#1670=CARTESIAN_POINT('',(24.958815,1.856684,10));
#1671=VERTEX_POINT('',#1670);
#1672=CARTESIAN_POINT('',(25.611973,1.548302,10));
#1673=VERTEX_POINT('',#1672);
#1674=CARTESIAN_POINT('',(26.26251,1.194972,10));
#1675=VERTEX_POINT('',#1674);
#1676=CARTESIAN_POINT('',(26.908794,0.798336,10));
#1677=VERTEX_POINT('',#1676);
#1678=CARTESIAN_POINT('',(19.646334,12.216635,10));
#1679=VERTEX_POINT('',#1678);
#1680=CARTESIAN_POINT('',(20.299049,12.359827,10));
#1681=VERTEX_POINT('',#1680);
#1682=CARTESIAN_POINT('',(20.978903,12.453542,10));
#1683=VERTEX_POINT('',#1682);
#1684=CARTESIAN_POINT('',(23.747374,9.717648,10));
#1685=VERTEX_POINT('',#1684);
#1686=CARTESIAN_POINT('',(21.68153,12.502038,10));
#1687=VERTEX_POINT('',#1686);
#1688=CARTESIAN_POINT('',(22.403809,12.50759,10));
#1689=VERTEX_POINT('',#1688);
#1690=CARTESIAN_POINT('',(23.143225,12.471509,10));
#1691=VERTEX_POINT('',#1690);
#1692=CARTESIAN_POINT('',(23.897602,12.394565,10));
#1693=VERTEX_POINT('',#1692);
#1694=CARTESIAN_POINT('',(24.180183,10.318243,10));
#1695=VERTEX_POINT('',#1694);
#1696=CARTESIAN_POINT('',(24.590372,10.956013,10));
#1697=VERTEX_POINT('',#1696);
#1698=DIRECTION('',(0,0,-1));
#1699=DIRECTION('',(-0,1,0));
#1700=AXIS2_PLACEMENT_3D('',#96,#1698,#1699);
#1701=PLANE('',#1700);
#1702=DIRECTION('',(0.999002,0.044656,0));
#1703=VECTOR('',#1702,0.901061);
#1704=LINE('',#94,#1703);
#1705=EDGE_CURVE('',#95,#97,#1704,.T.);
#1706=ORIENTED_EDGE('',*,*,#1705,.F.);
#1707=DIRECTION('',(0.991269,-0.131856,0));
#1708=VECTOR('',#1707,0.92605);
#1709=LINE('',#92,#1708);
#1710=EDGE_CURVE('',#93,#95,#1709,.T.);
#1711=ORIENTED_EDGE('',*,*,#1710,.F.);
#1712=DIRECTION('',(0.973015,-0.230743,0));
#1713=VECTOR('',#1712,0.951927);
#1714=LINE('',#90,#1713);
#1715=EDGE_CURVE('',#91,#93,#1714,.T.);
#1716=ORIENTED_EDGE('',*,*,#1715,.F.);
#1717=DIRECTION('',(0.951778,-0.306788,0));
#1718=VECTOR('',#1717,0.977628);
#1719=LINE('',#88,#1718);
#1720=EDGE_CURVE('',#89,#91,#1719,.T.);
#1721=ORIENTED_EDGE('',*,*,#1720,.F.);
#1722=DIRECTION('',(0.928706,-0.370816,0));
#1723=VECTOR('',#1722,1.003291);
#1724=LINE('',#86,#1723);
#1725=EDGE_CURVE('',#87,#89,#1724,.T.);
#1726=ORIENTED_EDGE('',*,*,#1725,.F.);
#1727=DIRECTION('',(0.904278,-0.426944,0));
#1728=VECTOR('',#1727,1.028939);
#1729=LINE('',#84,#1728);
#1730=EDGE_CURVE('',#85,#87,#1729,.T.);
#1731=ORIENTED_EDGE('',*,*,#1730,.F.);
#1732=DIRECTION('',(0.878751,-0.47728,0));
#1733=VECTOR('',#1732,1.054574);
#1734=LINE('',#80,#1733);
#1735=EDGE_CURVE('',#81,#85,#1734,.T.);
#1736=ORIENTED_EDGE('',*,*,#1735,.F.);
#1737=DIRECTION('',(-0.852292,0.523067,0));
#1738=VECTOR('',#1737,1.080206);
#1739=LINE('',#80,#1738);
#1740=EDGE_CURVE('',#81,#83,#1739,.T.);
#1741=ORIENTED_EDGE('',*,*,#1740,.T.);
#1742=DIRECTION('',(0,1,0));
#1743=VECTOR('',#1742,2.274504);
#1744=LINE('',#82,#1743);
#1745=EDGE_CURVE('',#83,#439,#1744,.T.);
#1746=ORIENTED_EDGE('',*,*,#1745,.T.);
#1747=DIRECTION('',(0.852292,0.523067,0));
#1748=VECTOR('',#1747,1.080206);
#1749=LINE('',#438,#1748);
#1750=EDGE_CURVE('',#439,#441,#1749,.T.);
#1751=ORIENTED_EDGE('',*,*,#1750,.T.);
#1752=DIRECTION('',(0.878751,0.47728,0));
#1753=VECTOR('',#1752,1.054574);
#1754=LINE('',#440,#1753);
#1755=EDGE_CURVE('',#441,#443,#1754,.T.);
#1756=ORIENTED_EDGE('',*,*,#1755,.T.);
#1757=DIRECTION('',(0.904278,0.426944,0));
#1758=VECTOR('',#1757,1.028939);
#1759=LINE('',#442,#1758);
#1760=EDGE_CURVE('',#443,#445,#1759,.T.);
#1761=ORIENTED_EDGE('',*,*,#1760,.T.);
#1762=DIRECTION('',(0.928706,0.370816,0));
#1763=VECTOR('',#1762,1.003291);
#1764=LINE('',#444,#1763);
#1765=EDGE_CURVE('',#445,#447,#1764,.T.);
#1766=ORIENTED_EDGE('',*,*,#1765,.T.);
#1767=DIRECTION('',(0.951778,0.306788,0));
#1768=VECTOR('',#1767,0.977628);
#1769=LINE('',#446,#1768);
#1770=EDGE_CURVE('',#447,#449,#1769,.T.);
#1771=ORIENTED_EDGE('',*,*,#1770,.T.);
#1772=DIRECTION('',(0.973015,0.230743,0));
#1773=VECTOR('',#1772,0.951927);
#1774=LINE('',#448,#1773);
#1775=EDGE_CURVE('',#449,#451,#1774,.T.);
#1776=ORIENTED_EDGE('',*,*,#1775,.T.);
#1777=DIRECTION('',(0.991269,0.131856,0));
#1778=VECTOR('',#1777,0.92605);
#1779=LINE('',#450,#1778);
#1780=EDGE_CURVE('',#451,#453,#1779,.T.);
#1781=ORIENTED_EDGE('',*,*,#1780,.T.);
#1782=DIRECTION('',(0.999002,-0.044656,0));
#1783=VECTOR('',#1782,0.901061);
#1784=LINE('',#452,#1783);
#1785=EDGE_CURVE('',#453,#457,#1784,.T.);
#1786=ORIENTED_EDGE('',*,*,#1785,.T.);
#1787=DIRECTION('',(-0.993234,0.116127,0));
#1788=VECTOR('',#1787,0.89881);
#1789=LINE('',#454,#1788);
#1790=EDGE_CURVE('',#455,#457,#1789,.T.);
#1791=ORIENTED_EDGE('',*,*,#1790,.F.);
#1792=DIRECTION('',(0.993234,-0.116127,0));
#1793=VECTOR('',#1792,0.89881);
#1794=LINE('',#454,#1793);
#1795=EDGE_CURVE('',#455,#459,#1794,.T.);
#1796=ORIENTED_EDGE('',*,*,#1795,.T.);
#1797=DIRECTION('',(0.993234,-0.116127,0));
#1798=VECTOR('',#1797,0.89881);
#1799=LINE('',#458,#1798);
#1800=EDGE_CURVE('',#459,#491,#1799,.T.);
#1801=ORIENTED_EDGE('',*,*,#1800,.T.);
#1802=DIRECTION('',(0.993234,-0.116127,0));
#1803=VECTOR('',#1802,0.89881);
#1804=LINE('',#490,#1803);
#1805=EDGE_CURVE('',#491,#493,#1804,.T.);
#1806=ORIENTED_EDGE('',*,*,#1805,.T.);
#1807=DIRECTION('',(0.222521,0.974928,0));
#1808=VECTOR('',#1807,5.942675);
#1809=LINE('',#492,#1808);
#1810=EDGE_CURVE('',#493,#497,#1809,.T.);
#1811=ORIENTED_EDGE('',*,*,#1810,.T.);
#1812=DIRECTION('',(0.945259,-0.326321,0));
#1813=VECTOR('',#1812,0.898809);
#1814=LINE('',#494,#1813);
#1815=EDGE_CURVE('',#495,#497,#1814,.T.);
#1816=ORIENTED_EDGE('',*,*,#1815,.F.);
#1817=DIRECTION('',(-0.945259,0.326321,0));
#1818=VECTOR('',#1817,0.898809);
#1819=LINE('',#494,#1818);
#1820=EDGE_CURVE('',#495,#501,#1819,.T.);
#1821=ORIENTED_EDGE('',*,*,#1820,.T.);
#1822=DIRECTION('',(0.945259,-0.326321,0));
#1823=VECTOR('',#1822,0.898809);
#1824=LINE('',#498,#1823);
#1825=EDGE_CURVE('',#499,#501,#1824,.T.);
#1826=ORIENTED_EDGE('',*,*,#1825,.F.);
#1827=DIRECTION('',(0.945259,-0.326321,0));
#1828=VECTOR('',#1827,0.898809);
#1829=LINE('',#478,#1828);
#1830=EDGE_CURVE('',#479,#499,#1829,.T.);
#1831=ORIENTED_EDGE('',*,*,#1830,.F.);
#1832=DIRECTION('',(0.919445,-0.393218,0));
#1833=VECTOR('',#1832,0.901061);
#1834=LINE('',#474,#1833);
#1835=EDGE_CURVE('',#475,#479,#1834,.T.);
#1836=ORIENTED_EDGE('',*,*,#1835,.F.);
#1837=DIRECTION('',(-0.835893,0.548892,0));
#1838=VECTOR('',#1837,0.926054);
#1839=LINE('',#474,#1838);
#1840=EDGE_CURVE('',#475,#477,#1839,.T.);
#1841=ORIENTED_EDGE('',*,*,#1840,.T.);
#1842=DIRECTION('',(0.77654,-0.630068,0));
#1843=VECTOR('',#1842,0.951925);
#1844=LINE('',#468,#1843);
#1845=EDGE_CURVE('',#469,#477,#1844,.T.);
#1846=ORIENTED_EDGE('',*,*,#1845,.F.);
#1847=DIRECTION('',(-0.724412,0.689368,0));
#1848=VECTOR('',#1847,0.97763);
#1849=LINE('',#468,#1848);
#1850=EDGE_CURVE('',#469,#471,#1849,.T.);
#1851=ORIENTED_EDGE('',*,*,#1850,.T.);
#1852=DIRECTION('',(-0.675845,0.737043,0));
#1853=VECTOR('',#1852,1.003292);
#1854=LINE('',#470,#1853);
#1855=EDGE_CURVE('',#471,#473,#1854,.T.);
#1856=ORIENTED_EDGE('',*,*,#1855,.T.);
#1857=DIRECTION('',(0.629482,-0.777015,0));
#1858=VECTOR('',#1857,1.028937);
#1859=LINE('',#460,#1858);
#1860=EDGE_CURVE('',#461,#473,#1859,.T.);
#1861=ORIENTED_EDGE('',*,*,#1860,.F.);
#1862=DIRECTION('',(-0.584641,0.811292,0));
#1863=VECTOR('',#1862,1.054572);
#1864=LINE('',#460,#1863);
#1865=EDGE_CURVE('',#461,#465,#1864,.T.);
#1866=ORIENTED_EDGE('',*,*,#1865,.T.);
#1867=DIRECTION('',(0.540938,-0.841063,0));
#1868=VECTOR('',#1867,1.080206);
#1869=LINE('',#462,#1868);
#1870=EDGE_CURVE('',#463,#465,#1869,.T.);
#1871=ORIENTED_EDGE('',*,*,#1870,.F.);
#1872=DIRECTION('',(0.433883,0.900969,0));
#1873=VECTOR('',#1872,2.274505);
#1874=LINE('',#462,#1873);
#1875=EDGE_CURVE('',#463,#467,#1874,.T.);
#1876=ORIENTED_EDGE('',*,*,#1875,.T.);
#1877=DIRECTION('',(0.994838,0.101471,0));
#1878=VECTOR('',#1877,1.080206);
#1879=LINE('',#466,#1878);
#1880=EDGE_CURVE('',#467,#481,#1879,.T.);
#1881=ORIENTED_EDGE('',*,*,#1880,.T.);
#1882=DIRECTION('',(0.998812,0.048739,0));
#1883=VECTOR('',#1882,1.054573);
#1884=LINE('',#480,#1883);
#1885=EDGE_CURVE('',#481,#483,#1884,.T.);
#1886=ORIENTED_EDGE('',*,*,#1885,.T.);
#1887=DIRECTION('',(0.99997,-0.007687,0));
#1888=VECTOR('',#1887,1.028936);
#1889=LINE('',#482,#1888);
#1890=EDGE_CURVE('',#483,#485,#1889,.T.);
#1891=ORIENTED_EDGE('',*,*,#1890,.T.);
#1892=DIRECTION('',(0.997627,-0.068858,0));
#1893=VECTOR('',#1892,1.003291);
#1894=LINE('',#484,#1893);
#1895=EDGE_CURVE('',#485,#489,#1894,.T.);
#1896=ORIENTED_EDGE('',*,*,#1895,.T.);
#1897=DIRECTION('',(-0.990632,0.136556,0));
#1898=VECTOR('',#1897,0.97763);
#1899=LINE('',#486,#1898);
#1900=EDGE_CURVE('',#487,#489,#1899,.T.);
#1901=ORIENTED_EDGE('',*,*,#1900,.F.);
#1902=DIRECTION('',(0.976772,-0.214283,0));
#1903=VECTOR('',#1902,0.951925);
#1904=LINE('',#486,#1903);
#1905=EDGE_CURVE('',#487,#503,#1904,.T.);
#1906=ORIENTED_EDGE('',*,*,#1905,.T.);
#1907=DIRECTION('',(0.950313,-0.311296,0));
#1908=VECTOR('',#1907,0.926052);
#1909=LINE('',#502,#1908);
#1910=EDGE_CURVE('',#503,#505,#1909,.T.);
#1911=ORIENTED_EDGE('',*,*,#1910,.T.);
#1912=DIRECTION('',(0.880695,-0.473684,0));
#1913=VECTOR('',#1912,0.901062);
#1914=LINE('',#504,#1913);
#1915=EDGE_CURVE('',#505,#513,#1914,.T.);
#1916=ORIENTED_EDGE('',*,*,#1915,.T.);
#1917=DIRECTION('',(-0.844487,0.535576,0));
#1918=VECTOR('',#1917,0.89881);
#1919=LINE('',#506,#1918);
#1920=EDGE_CURVE('',#507,#513,#1919,.T.);
#1921=ORIENTED_EDGE('',*,*,#1920,.F.);
#1922=DIRECTION('',(0.844487,-0.535576,0));
#1923=VECTOR('',#1922,0.89881);
#1924=LINE('',#506,#1923);
#1925=EDGE_CURVE('',#507,#511,#1924,.T.);
#1926=ORIENTED_EDGE('',*,*,#1925,.T.);
#1927=DIRECTION('',(-0.844488,0.535575,0));
#1928=VECTOR('',#1927,0.898809);
#1929=LINE('',#508,#1928);
#1930=EDGE_CURVE('',#509,#511,#1929,.T.);
#1931=ORIENTED_EDGE('',*,*,#1930,.F.);
#1932=DIRECTION('',(0.844487,-0.535576,0));
#1933=VECTOR('',#1932,0.89881);
#1934=LINE('',#508,#1933);
#1935=EDGE_CURVE('',#509,#515,#1934,.T.);
#1936=ORIENTED_EDGE('',*,*,#1935,.T.);
#1937=DIRECTION('',(0.62349,0.781831,0));
#1938=VECTOR('',#1937,5.942676);
#1939=LINE('',#514,#1938);
#1940=EDGE_CURVE('',#515,#531,#1939,.T.);
#1941=ORIENTED_EDGE('',*,*,#1940,.T.);
#1942=DIRECTION('',(-0.710064,0.704137,0));
#1943=VECTOR('',#1942,0.898809);
#1944=LINE('',#530,#1943);
#1945=EDGE_CURVE('',#531,#533,#1944,.T.);
#1946=ORIENTED_EDGE('',*,*,#1945,.T.);
#1947=DIRECTION('',(0.710063,-0.704138,0));
#1948=VECTOR('',#1947,0.898811);
#1949=LINE('',#528,#1948);
#1950=EDGE_CURVE('',#529,#533,#1949,.T.);
#1951=ORIENTED_EDGE('',*,*,#1950,.F.);
#1952=DIRECTION('',(-0.710063,0.704138,0));
#1953=VECTOR('',#1952,0.898808);
#1954=LINE('',#528,#1953);
#1955=EDGE_CURVE('',#529,#535,#1954,.T.);
#1956=ORIENTED_EDGE('',*,*,#1955,.T.);
#1957=DIRECTION('',(0.710064,-0.704137,0));
#1958=VECTOR('',#1957,0.898809);
#1959=LINE('',#524,#1958);
#1960=EDGE_CURVE('',#525,#535,#1959,.T.);
#1961=ORIENTED_EDGE('',*,*,#1960,.F.);
#1962=DIRECTION('',(-0.657781,0.753209,0));
#1963=VECTOR('',#1962,0.901062);
#1964=LINE('',#524,#1963);
#1965=EDGE_CURVE('',#525,#527,#1964,.T.);
#1966=ORIENTED_EDGE('',*,*,#1965,.T.);
#1967=DIRECTION('',(0.514957,-0.857216,0));
#1968=VECTOR('',#1967,0.926053);
#1969=LINE('',#522,#1968);
#1970=EDGE_CURVE('',#523,#527,#1969,.T.);
#1971=ORIENTED_EDGE('',*,*,#1970,.F.);
#1972=DIRECTION('',(-0.426264,0.904599,0));
#1973=VECTOR('',#1972,0.951925);
#1974=LINE('',#522,#1973);
#1975=EDGE_CURVE('',#523,#537,#1974,.T.);
#1976=ORIENTED_EDGE('',*,*,#1975,.T.);
#1977=DIRECTION('',(-0.353567,0.935409,0));
#1978=VECTOR('',#1977,0.97763);
#1979=LINE('',#536,#1978);
#1980=EDGE_CURVE('',#537,#539,#1979,.T.);
#1981=ORIENTED_EDGE('',*,*,#1980,.T.);
#1982=DIRECTION('',(0.289124,-0.957292,0));
#1983=VECTOR('',#1982,1.00329);
#1984=LINE('',#516,#1983);
#1985=EDGE_CURVE('',#517,#539,#1984,.T.);
#1986=ORIENTED_EDGE('',*,*,#1985,.F.);
#1987=DIRECTION('',(-0.23001,0.973188,0));
#1988=VECTOR('',#1987,1.028938);
#1989=LINE('',#516,#1988);
#1990=EDGE_CURVE('',#517,#521,#1989,.T.);
#1991=ORIENTED_EDGE('',*,*,#1990,.T.);
#1992=DIRECTION('',(0.174739,-0.984615,0));
#1993=VECTOR('',#1992,1.054574);
#1994=LINE('',#518,#1993);
#1995=EDGE_CURVE('',#519,#521,#1994,.T.);
#1996=ORIENTED_EDGE('',*,*,#1995,.F.);
#1997=DIRECTION('',(-0.122446,0.992475,0));
#1998=VECTOR('',#1997,1.080205);
#1999=LINE('',#518,#1998);
#2000=EDGE_CURVE('',#519,#541,#1999,.T.);
#2001=ORIENTED_EDGE('',*,*,#2000,.T.);
#2002=DIRECTION('',(0.781832,0.62349,0));
#2003=VECTOR('',#2002,2.274506);
#2004=LINE('',#540,#2003);
#2005=EDGE_CURVE('',#541,#545,#2004,.T.);
#2006=ORIENTED_EDGE('',*,*,#2005,.T.);
#2007=DIRECTION('',(-0.940345,0.340222,0));
#2008=VECTOR('',#2007,1.080206);
#2009=LINE('',#542,#2008);
#2010=EDGE_CURVE('',#543,#545,#2009,.T.);
#2011=ORIENTED_EDGE('',*,*,#2010,.F.);
#2012=DIRECTION('',(0.921045,-0.389456,0));
#2013=VECTOR('',#2012,1.054573);
#2014=LINE('',#542,#2013);
#2015=EDGE_CURVE('',#543,#547,#2014,.T.);
#2016=ORIENTED_EDGE('',*,*,#2015,.T.);
#2017=DIRECTION('',(0.897607,-0.440796,0));
#2018=VECTOR('',#2017,1.028938);
#2019=LINE('',#546,#2018);
#2020=EDGE_CURVE('',#547,#551,#2019,.T.);
#2021=ORIENTED_EDGE('',*,*,#2020,.T.);
#2022=DIRECTION('',(-0.868954,0.494892,0));
#2023=VECTOR('',#2022,1.003292);
#2024=LINE('',#548,#2023);
#2025=EDGE_CURVE('',#549,#551,#2024,.T.);
#2026=ORIENTED_EDGE('',*,*,#2025,.F.);
#2027=DIRECTION('',(0.83328,-0.552852,0));
#2028=VECTOR('',#2027,0.977629);
#2029=LINE('',#548,#2028);
#2030=EDGE_CURVE('',#549,#601,#2029,.T.);
#2031=ORIENTED_EDGE('',*,*,#2030,.T.);
#2032=DIRECTION('',(-0.787067,0.616867,0));
#2033=VECTOR('',#2032,0.951926);
#2034=LINE('',#586,#2033);
#2035=EDGE_CURVE('',#587,#601,#2034,.T.);
#2036=ORIENTED_EDGE('',*,*,#2035,.F.);
#2037=DIRECTION('',(0.721134,-0.692795,0));
#2038=VECTOR('',#2037,0.926053);
#2039=LINE('',#586,#2038);
#2040=EDGE_CURVE('',#587,#589,#2039,.T.);
#2041=ORIENTED_EDGE('',*,*,#2040,.T.);
#2042=DIRECTION('',(0.587955,-0.808894,0));
#2043=VECTOR('',#2042,0.901061);
#2044=LINE('',#588,#2043);
#2045=EDGE_CURVE('',#589,#597,#2044,.T.);
#2046=ORIENTED_EDGE('',*,*,#2045,.T.);
#2047=DIRECTION('',(-0.528479,0.848947,0));
#2048=VECTOR('',#2047,0.898809);
#2049=LINE('',#590,#2048);
#2050=EDGE_CURVE('',#591,#597,#2049,.T.);
#2051=ORIENTED_EDGE('',*,*,#2050,.F.);
#2052=DIRECTION('',(0.52848,-0.848946,0));
#2053=VECTOR('',#2052,0.898809);
#2054=LINE('',#590,#2053);
#2055=EDGE_CURVE('',#591,#595,#2054,.T.);
#2056=ORIENTED_EDGE('',*,*,#2055,.T.);
#2057=DIRECTION('',(-0.52848,0.848946,0));
#2058=VECTOR('',#2057,0.89881);
#2059=LINE('',#592,#2058);
#2060=EDGE_CURVE('',#593,#595,#2059,.T.);
#2061=ORIENTED_EDGE('',*,*,#2060,.F.);
#2062=DIRECTION('',(-0.52848,0.848946,0));
#2063=VECTOR('',#2062,0.898809);
#2064=LINE('',#584,#2063);
#2065=EDGE_CURVE('',#585,#593,#2064,.T.);
#2066=ORIENTED_EDGE('',*,*,#2065,.F.);
#2067=DIRECTION('',(0.900969,0.433884,0));
#2068=VECTOR('',#2067,5.942675);
#2069=LINE('',#584,#2068);
#2070=EDGE_CURVE('',#585,#623,#2069,.T.);
#2071=ORIENTED_EDGE('',*,*,#2070,.T.);
#2072=DIRECTION('',(-0.334231,0.942491,0));
#2073=VECTOR('',#2072,0.89881);
#2074=LINE('',#622,#2073);
#2075=EDGE_CURVE('',#623,#625,#2074,.T.);
#2076=ORIENTED_EDGE('',*,*,#2075,.T.);
#2077=DIRECTION('',(0.334231,-0.942491,0));
#2078=VECTOR('',#2077,0.898808);
#2079=LINE('',#598,#2078);
#2080=EDGE_CURVE('',#599,#625,#2079,.T.);
#2081=ORIENTED_EDGE('',*,*,#2080,.F.);
#2082=DIRECTION('',(-0.334231,0.942491,0));
#2083=VECTOR('',#2082,0.89881);
#2084=LINE('',#598,#2083);
#2085=EDGE_CURVE('',#599,#605,#2084,.T.);
#2086=ORIENTED_EDGE('',*,*,#2085,.T.);
#2087=DIRECTION('',(0.334231,-0.942491,0));
#2088=VECTOR('',#2087,0.89881);
#2089=LINE('',#602,#2088);
#2090=EDGE_CURVE('',#603,#605,#2089,.T.);
#2091=ORIENTED_EDGE('',*,*,#2090,.F.);
#2092=DIRECTION('',(-0.265835,0.964019,0));
#2093=VECTOR('',#2092,0.90106);
#2094=LINE('',#602,#2093);
#2095=EDGE_CURVE('',#603,#607,#2094,.T.);
#2096=ORIENTED_EDGE('',*,*,#2095,.T.);
#2097=DIRECTION('',(-0.092029,0.995756,0));
#2098=VECTOR('',#2097,0.926053);
#2099=LINE('',#606,#2098);
#2100=EDGE_CURVE('',#607,#609,#2099,.T.);
#2101=ORIENTED_EDGE('',*,*,#2100,.T.);
#2102=DIRECTION('',(0.008442,0.999964,0));
#2103=VECTOR('',#2102,0.951927);
#2104=LINE('',#608,#2103);
#2105=EDGE_CURVE('',#609,#611,#2104,.T.);
#2106=ORIENTED_EDGE('',*,*,#2105,.T.);
#2107=DIRECTION('',(0.087305,0.996182,0));
#2108=VECTOR('',#2107,0.977629);
#2109=LINE('',#610,#2108);
#2110=EDGE_CURVE('',#611,#613,#2109,.T.);
#2111=ORIENTED_EDGE('',*,*,#2110,.T.);
#2112=DIRECTION('',(0.154862,0.987936,0));
#2113=VECTOR('',#2112,1.003292);
#2114=LINE('',#612,#2113);
#2115=EDGE_CURVE('',#613,#615,#2114,.T.);
#2116=ORIENTED_EDGE('',*,*,#2115,.T.);
#2117=DIRECTION('',(0.21502,0.97661,0));
#2118=VECTOR('',#2117,1.028935);
#2119=LINE('',#614,#2118);
#2120=EDGE_CURVE('',#615,#617,#2119,.T.);
#2121=ORIENTED_EDGE('',*,*,#2120,.T.);
#2122=DIRECTION('',(0.269773,0.962924,0));
#2123=VECTOR('',#2122,1.054576);
#2124=LINE('',#616,#2123);
#2125=EDGE_CURVE('',#617,#619,#2124,.T.);
#2126=ORIENTED_EDGE('',*,*,#2125,.T.);
#2127=DIRECTION('',(0.320299,0.947316,0));
#2128=VECTOR('',#2127,1.080206);
#2129=LINE('',#618,#2128);
#2130=EDGE_CURVE('',#619,#621,#2129,.T.);
#2131=ORIENTED_EDGE('',*,*,#2130,.T.);
#2132=DIRECTION('',(0.974928,0.222522,0));
#2133=VECTOR('',#2132,2.274505);
#2134=LINE('',#620,#2133);
#2135=EDGE_CURVE('',#621,#629,#2134,.T.);
#2136=ORIENTED_EDGE('',*,*,#2135,.T.);
#2137=DIRECTION('',(0.699603,-0.714532,0));
#2138=VECTOR('',#2137,1.080208);
#2139=LINE('',#628,#2138);
#2140=EDGE_CURVE('',#629,#633,#2139,.T.);
#2141=ORIENTED_EDGE('',*,*,#2140,.T.);
#2142=DIRECTION('',(0.660856,-0.750513,0));
#2143=VECTOR('',#2142,1.054572);
#2144=LINE('',#632,#2143);
#2145=EDGE_CURVE('',#633,#635,#2144,.T.);
#2146=ORIENTED_EDGE('',*,*,#2145,.T.);
#2147=DIRECTION('',(-0.617461,0.786602,0));
#2148=VECTOR('',#2147,1.028938);
#2149=LINE('',#630,#2148);
#2150=EDGE_CURVE('',#631,#635,#2149,.T.);
#2151=ORIENTED_EDGE('',*,*,#2150,.F.);
#2152=DIRECTION('',(0.568176,-0.822907,0));
#2153=VECTOR('',#2152,1.003291);
#2154=LINE('',#630,#2153);
#2155=EDGE_CURVE('',#631,#651,#2154,.T.);
#2156=ORIENTED_EDGE('',*,*,#2155,.T.);
#2157=DIRECTION('',(-0.510885,0.859649,0));
#2158=VECTOR('',#2157,0.977631);
#2159=LINE('',#648,#2158);
#2160=EDGE_CURVE('',#649,#651,#2159,.T.);
#2161=ORIENTED_EDGE('',*,*,#2160,.F.);
#2162=DIRECTION('',(-0.441474,0.897274,0));
#2163=VECTOR('',#2162,0.951925);
#2164=LINE('',#642,#2163);
#2165=EDGE_CURVE('',#643,#649,#2164,.T.);
#2166=ORIENTED_EDGE('',*,*,#2165,.F.);
#2167=DIRECTION('',(0.349128,-0.937075,0));
#2168=VECTOR('',#2167,0.926052);
#2169=LINE('',#642,#2168);
#2170=EDGE_CURVE('',#643,#647,#2169,.T.);
#2171=ORIENTED_EDGE('',*,*,#2170,.T.);
#2172=DIRECTION('',(-0.178763,0.983892,0));
#2173=VECTOR('',#2172,0.901061);
#2174=LINE('',#644,#2173);
#2175=EDGE_CURVE('',#645,#647,#2174,.T.);
#2176=ORIENTED_EDGE('',*,*,#2175,.F.);
#2177=DIRECTION('',(-0.1078,0.994173,0));
#2178=VECTOR('',#2177,0.898808);
#2179=LINE('',#640,#2178);
#2180=EDGE_CURVE('',#641,#645,#2179,.T.);
#2181=ORIENTED_EDGE('',*,*,#2180,.F.);
#2182=DIRECTION('',(-0.1078,0.994173,0));
#2183=VECTOR('',#2182,0.89881);
#2184=LINE('',#638,#2183);
#2185=EDGE_CURVE('',#639,#641,#2184,.T.);
#2186=ORIENTED_EDGE('',*,*,#2185,.F.);
#2187=DIRECTION('',(-0.1078,0.994173,0));
#2188=VECTOR('',#2187,0.89881);
#2189=LINE('',#636,#2188);
#2190=EDGE_CURVE('',#637,#639,#2189,.T.);
#2191=ORIENTED_EDGE('',*,*,#2190,.F.);
#2192=DIRECTION('',(-0.1078,0.994173,0));
#2193=VECTOR('',#2192,0.89881);
#2194=LINE('',#626,#2193);
#2195=EDGE_CURVE('',#627,#637,#2194,.T.);
#2196=ORIENTED_EDGE('',*,*,#2195,.F.);
#2197=DIRECTION('',(1,0,0));
#2198=VECTOR('',#2197,5.942675);
#2199=LINE('',#626,#2198);
#2200=EDGE_CURVE('',#627,#1309,#2199,.T.);
#2201=ORIENTED_EDGE('',*,*,#2200,.T.);
#2202=DIRECTION('',(0.1078,0.994173,0));
#2203=VECTOR('',#2202,0.89881);
#2204=LINE('',#1308,#2203);
#2205=EDGE_CURVE('',#1309,#1315,#2204,.T.);
#2206=ORIENTED_EDGE('',*,*,#2205,.T.);
#2207=DIRECTION('',(0.1078,0.994173,0));
#2208=VECTOR('',#2207,0.89881);
#2209=LINE('',#1314,#2208);
#2210=EDGE_CURVE('',#1315,#1317,#2209,.T.);
#2211=ORIENTED_EDGE('',*,*,#2210,.T.);
#2212=DIRECTION('',(0.1078,0.994173,0));
#2213=VECTOR('',#2212,0.89881);
#2214=LINE('',#1316,#2213);
#2215=EDGE_CURVE('',#1317,#1319,#2214,.T.);
#2216=ORIENTED_EDGE('',*,*,#2215,.T.);
#2217=DIRECTION('',(0.1078,0.994173,0));
#2218=VECTOR('',#2217,0.898808);
#2219=LINE('',#1318,#2218);
#2220=EDGE_CURVE('',#1319,#1321,#2219,.T.);
#2221=ORIENTED_EDGE('',*,*,#2220,.T.);
#2222=DIRECTION('',(0.178763,0.983892,0));
#2223=VECTOR('',#2222,0.901061);
#2224=LINE('',#1320,#2223);
#2225=EDGE_CURVE('',#1321,#1323,#2224,.T.);
#2226=ORIENTED_EDGE('',*,*,#2225,.T.);
#2227=DIRECTION('',(0.349128,0.937075,0));
#2228=VECTOR('',#2227,0.926052);
#2229=LINE('',#1322,#2228);
#2230=EDGE_CURVE('',#1323,#1325,#2229,.T.);
#2231=ORIENTED_EDGE('',*,*,#2230,.T.);
#2232=DIRECTION('',(0.441474,0.897274,0));
#2233=VECTOR('',#2232,0.951925);
#2234=LINE('',#1324,#2233);
#2235=EDGE_CURVE('',#1325,#1327,#2234,.T.);
#2236=ORIENTED_EDGE('',*,*,#2235,.T.);
#2237=DIRECTION('',(0.510885,0.859649,0));
#2238=VECTOR('',#2237,0.977631);
#2239=LINE('',#1326,#2238);
#2240=EDGE_CURVE('',#1327,#1329,#2239,.T.);
#2241=ORIENTED_EDGE('',*,*,#2240,.T.);
#2242=DIRECTION('',(0.568176,0.822907,0));
#2243=VECTOR('',#2242,1.003291);
#2244=LINE('',#1328,#2243);
#2245=EDGE_CURVE('',#1329,#1331,#2244,.T.);
#2246=ORIENTED_EDGE('',*,*,#2245,.T.);
#2247=DIRECTION('',(0.617461,0.786602,0));
#2248=VECTOR('',#2247,1.028938);
#2249=LINE('',#1330,#2248);
#2250=EDGE_CURVE('',#1331,#1333,#2249,.T.);
#2251=ORIENTED_EDGE('',*,*,#2250,.T.);
#2252=DIRECTION('',(0.660856,0.750513,0));
#2253=VECTOR('',#2252,1.054572);
#2254=LINE('',#1332,#2253);
#2255=EDGE_CURVE('',#1333,#1335,#2254,.T.);
#2256=ORIENTED_EDGE('',*,*,#2255,.T.);
#2257=DIRECTION('',(0.699603,0.714532,0));
#2258=VECTOR('',#2257,1.080208);
#2259=LINE('',#1334,#2258);
#2260=EDGE_CURVE('',#1335,#1337,#2259,.T.);
#2261=ORIENTED_EDGE('',*,*,#2260,.T.);
#2262=DIRECTION('',(0.974928,-0.222522,0));
#2263=VECTOR('',#2262,2.274505);
#2264=LINE('',#1336,#2263);
#2265=EDGE_CURVE('',#1337,#1373,#2264,.T.);
#2266=ORIENTED_EDGE('',*,*,#2265,.T.);
#2267=DIRECTION('',(-0.320299,0.947316,0));
#2268=VECTOR('',#2267,1.080206);
#2269=LINE('',#1370,#2268);
#2270=EDGE_CURVE('',#1371,#1373,#2269,.T.);
#2271=ORIENTED_EDGE('',*,*,#2270,.F.);
#2272=DIRECTION('',(-0.269773,0.962924,0));
#2273=VECTOR('',#2272,1.054576);
#2274=LINE('',#1368,#2273);
#2275=EDGE_CURVE('',#1369,#1371,#2274,.T.);
#2276=ORIENTED_EDGE('',*,*,#2275,.F.);
#2277=DIRECTION('',(-0.21502,0.97661,0));
#2278=VECTOR('',#2277,1.028935);
#2279=LINE('',#1366,#2278);
#2280=EDGE_CURVE('',#1367,#1369,#2279,.T.);
#2281=ORIENTED_EDGE('',*,*,#2280,.F.);
#2282=DIRECTION('',(-0.154862,0.987936,0));
#2283=VECTOR('',#2282,1.003292);
#2284=LINE('',#1364,#2283);
#2285=EDGE_CURVE('',#1365,#1367,#2284,.T.);
#2286=ORIENTED_EDGE('',*,*,#2285,.F.);
#2287=DIRECTION('',(-0.087305,0.996182,0));
#2288=VECTOR('',#2287,0.977629);
#2289=LINE('',#1362,#2288);
#2290=EDGE_CURVE('',#1363,#1365,#2289,.T.);
#2291=ORIENTED_EDGE('',*,*,#2290,.F.);
#2292=DIRECTION('',(-0.008442,0.999964,0));
#2293=VECTOR('',#2292,0.951927);
#2294=LINE('',#1360,#2293);
#2295=EDGE_CURVE('',#1361,#1363,#2294,.T.);
#2296=ORIENTED_EDGE('',*,*,#2295,.F.);
#2297=DIRECTION('',(0.092029,0.995756,0));
#2298=VECTOR('',#2297,0.926053);
#2299=LINE('',#1358,#2298);
#2300=EDGE_CURVE('',#1359,#1361,#2299,.T.);
#2301=ORIENTED_EDGE('',*,*,#2300,.F.);
#2302=DIRECTION('',(0.265835,0.964019,0));
#2303=VECTOR('',#2302,0.90106);
#2304=LINE('',#1356,#2303);
#2305=EDGE_CURVE('',#1357,#1359,#2304,.T.);
#2306=ORIENTED_EDGE('',*,*,#2305,.F.);
#2307=DIRECTION('',(0.334231,0.942491,0));
#2308=VECTOR('',#2307,0.89881);
#2309=LINE('',#1354,#2308);
#2310=EDGE_CURVE('',#1355,#1357,#2309,.T.);
#2311=ORIENTED_EDGE('',*,*,#2310,.F.);
#2312=DIRECTION('',(0.334231,0.942491,0));
#2313=VECTOR('',#2312,0.89881);
#2314=LINE('',#1338,#2313);
#2315=EDGE_CURVE('',#1339,#1355,#2314,.T.);
#2316=ORIENTED_EDGE('',*,*,#2315,.F.);
#2317=DIRECTION('',(0.334231,0.942491,0));
#2318=VECTOR('',#2317,0.898808);
#2319=LINE('',#1312,#2318);
#2320=EDGE_CURVE('',#1313,#1339,#2319,.T.);
#2321=ORIENTED_EDGE('',*,*,#2320,.F.);
#2322=DIRECTION('',(0.334231,0.942491,0));
#2323=VECTOR('',#2322,0.89881);
#2324=LINE('',#1310,#2323);
#2325=EDGE_CURVE('',#1311,#1313,#2324,.T.);
#2326=ORIENTED_EDGE('',*,*,#2325,.F.);
#2327=DIRECTION('',(0.900969,-0.433884,0));
#2328=VECTOR('',#2327,5.942675);
#2329=LINE('',#1310,#2328);
#2330=EDGE_CURVE('',#1311,#1341,#2329,.T.);
#2331=ORIENTED_EDGE('',*,*,#2330,.T.);
#2332=DIRECTION('',(0.52848,0.848946,0));
#2333=VECTOR('',#2332,0.898809);
#2334=LINE('',#1340,#2333);
#2335=EDGE_CURVE('',#1341,#1343,#2334,.T.);
#2336=ORIENTED_EDGE('',*,*,#2335,.T.);
#2337=DIRECTION('',(0.52848,0.848946,0));
#2338=VECTOR('',#2337,0.89881);
#2339=LINE('',#1342,#2338);
#2340=EDGE_CURVE('',#1343,#1345,#2339,.T.);
#2341=ORIENTED_EDGE('',*,*,#2340,.T.);
#2342=DIRECTION('',(0.52848,0.848946,0));
#2343=VECTOR('',#2342,0.898809);
#2344=LINE('',#1344,#2343);
#2345=EDGE_CURVE('',#1345,#1347,#2344,.T.);
#2346=ORIENTED_EDGE('',*,*,#2345,.T.);
#2347=DIRECTION('',(0.528479,0.848947,0));
#2348=VECTOR('',#2347,0.898809);
#2349=LINE('',#1346,#2348);
#2350=EDGE_CURVE('',#1347,#1349,#2349,.T.);
#2351=ORIENTED_EDGE('',*,*,#2350,.T.);
#2352=DIRECTION('',(0.587955,0.808894,0));
#2353=VECTOR('',#2352,0.901061);
#2354=LINE('',#1348,#2353);
#2355=EDGE_CURVE('',#1349,#1351,#2354,.T.);
#2356=ORIENTED_EDGE('',*,*,#2355,.T.);
#2357=DIRECTION('',(0.721134,0.692795,0));
#2358=VECTOR('',#2357,0.926053);
#2359=LINE('',#1350,#2358);
#2360=EDGE_CURVE('',#1351,#1353,#2359,.T.);
#2361=ORIENTED_EDGE('',*,*,#2360,.T.);
#2362=DIRECTION('',(0.787067,0.616867,0));
#2363=VECTOR('',#2362,0.951926);
#2364=LINE('',#1352,#2363);
#2365=EDGE_CURVE('',#1353,#1375,#2364,.T.);
#2366=ORIENTED_EDGE('',*,*,#2365,.T.);
#2367=DIRECTION('',(0.83328,0.552852,0));
#2368=VECTOR('',#2367,0.977629);
#2369=LINE('',#1374,#2368);
#2370=EDGE_CURVE('',#1375,#1479,#2369,.T.);
#2371=ORIENTED_EDGE('',*,*,#2370,.T.);
#2372=DIRECTION('',(0.868954,0.494892,0));
#2373=VECTOR('',#2372,1.003292);
#2374=LINE('',#1478,#2373);
#2375=EDGE_CURVE('',#1479,#1481,#2374,.T.);
#2376=ORIENTED_EDGE('',*,*,#2375,.T.);
#2377=DIRECTION('',(0.897607,0.440796,0));
#2378=VECTOR('',#2377,1.028938);
#2379=LINE('',#1480,#2378);
#2380=EDGE_CURVE('',#1481,#1483,#2379,.T.);
#2381=ORIENTED_EDGE('',*,*,#2380,.T.);
#2382=DIRECTION('',(0.921045,0.389456,0));
#2383=VECTOR('',#2382,1.054573);
#2384=LINE('',#1482,#2383);
#2385=EDGE_CURVE('',#1483,#1485,#2384,.T.);
#2386=ORIENTED_EDGE('',*,*,#2385,.T.);
#2387=DIRECTION('',(0.940345,0.340222,0));
#2388=VECTOR('',#2387,1.080206);
#2389=LINE('',#1484,#2388);
#2390=EDGE_CURVE('',#1485,#1487,#2389,.T.);
#2391=ORIENTED_EDGE('',*,*,#2390,.T.);
#2392=DIRECTION('',(0.781832,-0.62349,0));
#2393=VECTOR('',#2392,2.274506);
#2394=LINE('',#1486,#2393);
#2395=EDGE_CURVE('',#1487,#1489,#2394,.T.);
#2396=ORIENTED_EDGE('',*,*,#2395,.T.);
#2397=DIRECTION('',(0.122446,0.992475,0));
#2398=VECTOR('',#2397,1.080205);
#2399=LINE('',#1476,#2398);
#2400=EDGE_CURVE('',#1477,#1489,#2399,.T.);
#2401=ORIENTED_EDGE('',*,*,#2400,.F.);
#2402=DIRECTION('',(0.174739,0.984615,0));
#2403=VECTOR('',#2402,1.054574);
#2404=LINE('',#1474,#2403);
#2405=EDGE_CURVE('',#1475,#1477,#2404,.T.);
#2406=ORIENTED_EDGE('',*,*,#2405,.F.);
#2407=DIRECTION('',(0.23001,0.973188,0));
#2408=VECTOR('',#2407,1.028938);
#2409=LINE('',#1472,#2408);
#2410=EDGE_CURVE('',#1473,#1475,#2409,.T.);
#2411=ORIENTED_EDGE('',*,*,#2410,.F.);
#2412=DIRECTION('',(0.289124,0.957292,0));
#2413=VECTOR('',#2412,1.00329);
#2414=LINE('',#1470,#2413);
#2415=EDGE_CURVE('',#1471,#1473,#2414,.T.);
#2416=ORIENTED_EDGE('',*,*,#2415,.F.);
#2417=DIRECTION('',(0.353567,0.935409,0));
#2418=VECTOR('',#2417,0.97763);
#2419=LINE('',#1468,#2418);
#2420=EDGE_CURVE('',#1469,#1471,#2419,.T.);
#2421=ORIENTED_EDGE('',*,*,#2420,.F.);
#2422=DIRECTION('',(0.426264,0.904599,0));
#2423=VECTOR('',#2422,0.951925);
#2424=LINE('',#1466,#2423);
#2425=EDGE_CURVE('',#1467,#1469,#2424,.T.);
#2426=ORIENTED_EDGE('',*,*,#2425,.F.);
#2427=DIRECTION('',(0.514957,0.857216,0));
#2428=VECTOR('',#2427,0.926053);
#2429=LINE('',#1464,#2428);
#2430=EDGE_CURVE('',#1465,#1467,#2429,.T.);
#2431=ORIENTED_EDGE('',*,*,#2430,.F.);
#2432=DIRECTION('',(0.657781,0.753209,0));
#2433=VECTOR('',#2432,0.901062);
#2434=LINE('',#1462,#2433);
#2435=EDGE_CURVE('',#1463,#1465,#2434,.T.);
#2436=ORIENTED_EDGE('',*,*,#2435,.F.);
#2437=DIRECTION('',(0.710064,0.704137,0));
#2438=VECTOR('',#2437,0.898809);
#2439=LINE('',#1460,#2438);
#2440=EDGE_CURVE('',#1461,#1463,#2439,.T.);
#2441=ORIENTED_EDGE('',*,*,#2440,.F.);
#2442=DIRECTION('',(0.710063,0.704138,0));
#2443=VECTOR('',#2442,0.898808);
#2444=LINE('',#1458,#2443);
#2445=EDGE_CURVE('',#1459,#1461,#2444,.T.);
#2446=ORIENTED_EDGE('',*,*,#2445,.F.);
#2447=DIRECTION('',(0.710063,0.704138,0));
#2448=VECTOR('',#2447,0.898811);
#2449=LINE('',#1456,#2448);
#2450=EDGE_CURVE('',#1457,#1459,#2449,.T.);
#2451=ORIENTED_EDGE('',*,*,#2450,.F.);
#2452=DIRECTION('',(0.710064,0.704137,0));
#2453=VECTOR('',#2452,0.898809);
#2454=LINE('',#1454,#2453);
#2455=EDGE_CURVE('',#1455,#1457,#2454,.T.);
#2456=ORIENTED_EDGE('',*,*,#2455,.F.);
#2457=DIRECTION('',(-0.62349,0.781831,0));
#2458=VECTOR('',#2457,5.942676);
#2459=LINE('',#1384,#2458);
#2460=EDGE_CURVE('',#1385,#1455,#2459,.T.);
#2461=ORIENTED_EDGE('',*,*,#2460,.F.);
#2462=DIRECTION('',(0.844487,0.535576,0));
#2463=VECTOR('',#2462,0.89881);
#2464=LINE('',#1384,#2463);
#2465=EDGE_CURVE('',#1385,#1391,#2464,.T.);
#2466=ORIENTED_EDGE('',*,*,#2465,.T.);
#2467=DIRECTION('',(0.844488,0.535575,0));
#2468=VECTOR('',#2467,0.898809);
#2469=LINE('',#1390,#2468);
#2470=EDGE_CURVE('',#1391,#1393,#2469,.T.);
#2471=ORIENTED_EDGE('',*,*,#2470,.T.);
#2472=DIRECTION('',(0.844487,0.535576,0));
#2473=VECTOR('',#2472,0.89881);
#2474=LINE('',#1392,#2473);
#2475=EDGE_CURVE('',#1393,#1395,#2474,.T.);
#2476=ORIENTED_EDGE('',*,*,#2475,.T.);
#2477=DIRECTION('',(0.844487,0.535576,0));
#2478=VECTOR('',#2477,0.89881);
#2479=LINE('',#1394,#2478);
#2480=EDGE_CURVE('',#1395,#1397,#2479,.T.);
#2481=ORIENTED_EDGE('',*,*,#2480,.T.);
#2482=DIRECTION('',(0.880695,0.473684,0));
#2483=VECTOR('',#2482,0.901062);
#2484=LINE('',#1396,#2483);
#2485=EDGE_CURVE('',#1397,#1399,#2484,.T.);
#2486=ORIENTED_EDGE('',*,*,#2485,.T.);
#2487=DIRECTION('',(0.950313,0.311296,0));
#2488=VECTOR('',#2487,0.926052);
#2489=LINE('',#1398,#2488);
#2490=EDGE_CURVE('',#1399,#1401,#2489,.T.);
#2491=ORIENTED_EDGE('',*,*,#2490,.T.);
#2492=DIRECTION('',(0.976772,0.214283,0));
#2493=VECTOR('',#2492,0.951925);
#2494=LINE('',#1400,#2493);
#2495=EDGE_CURVE('',#1401,#1437,#2494,.T.);
#2496=ORIENTED_EDGE('',*,*,#2495,.T.);
#2497=DIRECTION('',(0.990632,0.136556,0));
#2498=VECTOR('',#2497,0.97763);
#2499=LINE('',#1436,#2498);
#2500=EDGE_CURVE('',#1437,#1439,#2499,.T.);
#2501=ORIENTED_EDGE('',*,*,#2500,.T.);
#2502=DIRECTION('',(0.997627,0.068858,0));
#2503=VECTOR('',#2502,1.003291);
#2504=LINE('',#1438,#2503);
#2505=EDGE_CURVE('',#1439,#1441,#2504,.T.);
#2506=ORIENTED_EDGE('',*,*,#2505,.T.);
#2507=DIRECTION('',(0.99997,0.007687,0));
#2508=VECTOR('',#2507,1.028936);
#2509=LINE('',#1440,#2508);
#2510=EDGE_CURVE('',#1441,#1443,#2509,.T.);
#2511=ORIENTED_EDGE('',*,*,#2510,.T.);
#2512=DIRECTION('',(0.998812,-0.048739,0));
#2513=VECTOR('',#2512,1.054573);
#2514=LINE('',#1442,#2513);
#2515=EDGE_CURVE('',#1443,#1445,#2514,.T.);
#2516=ORIENTED_EDGE('',*,*,#2515,.T.);
#2517=DIRECTION('',(0.994838,-0.101471,0));
#2518=VECTOR('',#2517,1.080206);
#2519=LINE('',#1444,#2518);
#2520=EDGE_CURVE('',#1445,#1453,#2519,.T.);
#2521=ORIENTED_EDGE('',*,*,#2520,.T.);
#2522=DIRECTION('',(-0.433883,0.900969,0));
#2523=VECTOR('',#2522,2.274505);
#2524=LINE('',#1450,#2523);
#2525=EDGE_CURVE('',#1451,#1453,#2524,.T.);
#2526=ORIENTED_EDGE('',*,*,#2525,.F.);
#2527=DIRECTION('',(0.540938,0.841063,0));
#2528=VECTOR('',#2527,1.080206);
#2529=LINE('',#1448,#2528);
#2530=EDGE_CURVE('',#1449,#1451,#2529,.T.);
#2531=ORIENTED_EDGE('',*,*,#2530,.F.);
#2532=DIRECTION('',(0.584641,0.811292,0));
#2533=VECTOR('',#2532,1.054572);
#2534=LINE('',#1446,#2533);
#2535=EDGE_CURVE('',#1447,#1449,#2534,.T.);
#2536=ORIENTED_EDGE('',*,*,#2535,.F.);
#2537=DIRECTION('',(0.629482,0.777015,0));
#2538=VECTOR('',#2537,1.028937);
#2539=LINE('',#1434,#2538);
#2540=EDGE_CURVE('',#1435,#1447,#2539,.T.);
#2541=ORIENTED_EDGE('',*,*,#2540,.F.);
#2542=DIRECTION('',(0.675845,0.737043,0));
#2543=VECTOR('',#2542,1.003292);
#2544=LINE('',#1432,#2543);
#2545=EDGE_CURVE('',#1433,#1435,#2544,.T.);
#2546=ORIENTED_EDGE('',*,*,#2545,.F.);
#2547=DIRECTION('',(0.724412,0.689368,0));
#2548=VECTOR('',#2547,0.97763);
#2549=LINE('',#1430,#2548);
#2550=EDGE_CURVE('',#1431,#1433,#2549,.T.);
#2551=ORIENTED_EDGE('',*,*,#2550,.F.);
#2552=DIRECTION('',(0.77654,0.630068,0));
#2553=VECTOR('',#2552,0.951925);
#2554=LINE('',#1428,#2553);
#2555=EDGE_CURVE('',#1429,#1431,#2554,.T.);
#2556=ORIENTED_EDGE('',*,*,#2555,.F.);
#2557=DIRECTION('',(0.835893,0.548892,0));
#2558=VECTOR('',#2557,0.926054);
#2559=LINE('',#1426,#2558);
#2560=EDGE_CURVE('',#1427,#1429,#2559,.T.);
#2561=ORIENTED_EDGE('',*,*,#2560,.F.);
#2562=DIRECTION('',(0.919445,0.393218,0));
#2563=VECTOR('',#2562,0.901061);
#2564=LINE('',#1424,#2563);
#2565=EDGE_CURVE('',#1425,#1427,#2564,.T.);
#2566=ORIENTED_EDGE('',*,*,#2565,.F.);
#2567=DIRECTION('',(0.945259,0.326321,0));
#2568=VECTOR('',#2567,0.898809);
#2569=LINE('',#1388,#2568);
#2570=EDGE_CURVE('',#1389,#1425,#2569,.T.);
#2571=ORIENTED_EDGE('',*,*,#2570,.F.);
#2572=DIRECTION('',(0.945259,0.326321,0));
#2573=VECTOR('',#2572,0.898809);
#2574=LINE('',#1386,#2573);
#2575=EDGE_CURVE('',#1387,#1389,#2574,.T.);
#2576=ORIENTED_EDGE('',*,*,#2575,.F.);
#2577=DIRECTION('',(0.945259,0.326321,0));
#2578=VECTOR('',#2577,0.898809);
#2579=LINE('',#1382,#2578);
#2580=EDGE_CURVE('',#1383,#1387,#2579,.T.);
#2581=ORIENTED_EDGE('',*,*,#2580,.F.);
#2582=DIRECTION('',(0.945259,0.326321,0));
#2583=VECTOR('',#2582,0.898809);
#2584=LINE('',#1380,#2583);
#2585=EDGE_CURVE('',#1381,#1383,#2584,.T.);
#2586=ORIENTED_EDGE('',*,*,#2585,.F.);
#2587=DIRECTION('',(-0.222521,0.974928,0));
#2588=VECTOR('',#2587,5.942675);
#2589=LINE('',#1376,#2588);
#2590=EDGE_CURVE('',#1377,#1381,#2589,.T.);
#2591=ORIENTED_EDGE('',*,*,#2590,.F.);
#2592=DIRECTION('',(0.993234,0.116127,0));
#2593=VECTOR('',#2592,0.89881);
#2594=LINE('',#1376,#2593);
#2595=EDGE_CURVE('',#1377,#1379,#2594,.T.);
#2596=ORIENTED_EDGE('',*,*,#2595,.T.);
#2597=DIRECTION('',(0.993234,0.116127,0));
#2598=VECTOR('',#2597,0.89881);
#2599=LINE('',#1378,#2598);
#2600=EDGE_CURVE('',#1379,#1403,#2599,.T.);
#2601=ORIENTED_EDGE('',*,*,#2600,.T.);
#2602=DIRECTION('',(0.993234,0.116127,0));
#2603=VECTOR('',#2602,0.89881);
#2604=LINE('',#1402,#2603);
#2605=EDGE_CURVE('',#1403,#1405,#2604,.T.);
#2606=ORIENTED_EDGE('',*,*,#2605,.T.);
#2607=DIRECTION('',(0.993234,0.116127,0));
#2608=VECTOR('',#2607,0.89881);
#2609=LINE('',#1404,#2608);
#2610=EDGE_CURVE('',#1405,#1407,#2609,.T.);
#2611=ORIENTED_EDGE('',*,*,#2610,.T.);
#2612=DIRECTION('',(0.999002,0.044656,0));
#2613=VECTOR('',#2612,0.901061);
#2614=LINE('',#1406,#2613);
#2615=EDGE_CURVE('',#1407,#1409,#2614,.T.);
#2616=ORIENTED_EDGE('',*,*,#2615,.T.);
#2617=DIRECTION('',(0.991269,-0.131856,0));
#2618=VECTOR('',#2617,0.92605);
#2619=LINE('',#1408,#2618);
#2620=EDGE_CURVE('',#1409,#1411,#2619,.T.);
#2621=ORIENTED_EDGE('',*,*,#2620,.T.);
#2622=DIRECTION('',(0.973015,-0.230743,0));
#2623=VECTOR('',#2622,0.951927);
#2624=LINE('',#1410,#2623);
#2625=EDGE_CURVE('',#1411,#1413,#2624,.T.);
#2626=ORIENTED_EDGE('',*,*,#2625,.T.);
#2627=DIRECTION('',(0.951778,-0.306788,0));
#2628=VECTOR('',#2627,0.977628);
#2629=LINE('',#1412,#2628);
#2630=EDGE_CURVE('',#1413,#1415,#2629,.T.);
#2631=ORIENTED_EDGE('',*,*,#2630,.T.);
#2632=DIRECTION('',(0.928706,-0.370816,0));
#2633=VECTOR('',#2632,1.003291);
#2634=LINE('',#1414,#2633);
#2635=EDGE_CURVE('',#1415,#1417,#2634,.T.);
#2636=ORIENTED_EDGE('',*,*,#2635,.T.);
#2637=DIRECTION('',(0.904278,-0.426944,0));
#2638=VECTOR('',#2637,1.028939);
#2639=LINE('',#1416,#2638);
#2640=EDGE_CURVE('',#1417,#1419,#2639,.T.);
#2641=ORIENTED_EDGE('',*,*,#2640,.T.);
#2642=DIRECTION('',(0.878751,-0.47728,0));
#2643=VECTOR('',#2642,1.054574);
#2644=LINE('',#1418,#2643);
#2645=EDGE_CURVE('',#1419,#1423,#2644,.T.);
#2646=ORIENTED_EDGE('',*,*,#2645,.T.);
#2647=DIRECTION('',(-0.852292,0.523067,0));
#2648=VECTOR('',#2647,1.080206);
#2649=LINE('',#1420,#2648);
#2650=EDGE_CURVE('',#1421,#1423,#2649,.T.);
#2651=ORIENTED_EDGE('',*,*,#2650,.F.);
#2652=DIRECTION('',(0,1,0));
#2653=VECTOR('',#2652,2.274504);
#2654=LINE('',#1072,#2653);
#2655=EDGE_CURVE('',#1073,#1421,#2654,.T.);
#2656=ORIENTED_EDGE('',*,*,#2655,.F.);
#2657=DIRECTION('',(0.852292,0.523067,0));
#2658=VECTOR('',#2657,1.080206);
#2659=LINE('',#1070,#2658);
#2660=EDGE_CURVE('',#1071,#1073,#2659,.T.);
#2661=ORIENTED_EDGE('',*,*,#2660,.F.);
#2662=DIRECTION('',(0.878751,0.47728,0));
#2663=VECTOR('',#2662,1.054574);
#2664=LINE('',#1068,#2663);
#2665=EDGE_CURVE('',#1069,#1071,#2664,.T.);
#2666=ORIENTED_EDGE('',*,*,#2665,.F.);
#2667=DIRECTION('',(0.904278,0.426944,0));
#2668=VECTOR('',#2667,1.028939);
#2669=LINE('',#1066,#2668);
#2670=EDGE_CURVE('',#1067,#1069,#2669,.T.);
#2671=ORIENTED_EDGE('',*,*,#2670,.F.);
#2672=DIRECTION('',(0.928706,0.370816,0));
#2673=VECTOR('',#2672,1.003291);
#2674=LINE('',#1064,#2673);
#2675=EDGE_CURVE('',#1065,#1067,#2674,.T.);
#2676=ORIENTED_EDGE('',*,*,#2675,.F.);
#2677=DIRECTION('',(0.951778,0.306788,0));
#2678=VECTOR('',#2677,0.977628);
#2679=LINE('',#1062,#2678);
#2680=EDGE_CURVE('',#1063,#1065,#2679,.T.);
#2681=ORIENTED_EDGE('',*,*,#2680,.F.);
#2682=DIRECTION('',(0.973015,0.230743,0));
#2683=VECTOR('',#2682,0.951927);
#2684=LINE('',#1060,#2683);
#2685=EDGE_CURVE('',#1061,#1063,#2684,.T.);
#2686=ORIENTED_EDGE('',*,*,#2685,.F.);
#2687=DIRECTION('',(0.991269,0.131856,0));
#2688=VECTOR('',#2687,0.92605);
#2689=LINE('',#1058,#2688);
#2690=EDGE_CURVE('',#1059,#1061,#2689,.T.);
#2691=ORIENTED_EDGE('',*,*,#2690,.F.);
#2692=DIRECTION('',(0.999002,-0.044656,0));
#2693=VECTOR('',#2692,0.901061);
#2694=LINE('',#1054,#2693);
#2695=EDGE_CURVE('',#1055,#1059,#2694,.T.);
#2696=ORIENTED_EDGE('',*,*,#2695,.F.);
#2697=DIRECTION('',(-0.993234,0.116127,0));
#2698=VECTOR('',#2697,0.89881);
#2699=LINE('',#1054,#2698);
#2700=EDGE_CURVE('',#1055,#1057,#2699,.T.);
#2701=ORIENTED_EDGE('',*,*,#2700,.T.);
#2702=DIRECTION('',(0.993234,-0.116127,0));
#2703=VECTOR('',#2702,0.89881);
#2704=LINE('',#1052,#2703);
#2705=EDGE_CURVE('',#1053,#1057,#2704,.T.);
#2706=ORIENTED_EDGE('',*,*,#2705,.F.);
#2707=DIRECTION('',(0.993234,-0.116127,0));
#2708=VECTOR('',#2707,0.89881);
#2709=LINE('',#1020,#2708);
#2710=EDGE_CURVE('',#1021,#1053,#2709,.T.);
#2711=ORIENTED_EDGE('',*,*,#2710,.F.);
#2712=DIRECTION('',(0.993234,-0.116127,0));
#2713=VECTOR('',#2712,0.89881);
#2714=LINE('',#1018,#2713);
#2715=EDGE_CURVE('',#1019,#1021,#2714,.T.);
#2716=ORIENTED_EDGE('',*,*,#2715,.F.);
#2717=DIRECTION('',(0.222521,0.974928,0));
#2718=VECTOR('',#2717,5.942675);
#2719=LINE('',#1014,#2718);
#2720=EDGE_CURVE('',#1015,#1019,#2719,.T.);
#2721=ORIENTED_EDGE('',*,*,#2720,.F.);
#2722=DIRECTION('',(0.945259,-0.326321,0));
#2723=VECTOR('',#2722,0.898809);
#2724=LINE('',#1014,#2723);
#2725=EDGE_CURVE('',#1015,#1017,#2724,.T.);
#2726=ORIENTED_EDGE('',*,*,#2725,.T.);
#2727=DIRECTION('',(-0.945259,0.326321,0));
#2728=VECTOR('',#2727,0.898809);
#2729=LINE('',#1010,#2728);
#2730=EDGE_CURVE('',#1011,#1017,#2729,.T.);
#2731=ORIENTED_EDGE('',*,*,#2730,.F.);
#2732=DIRECTION('',(0.945259,-0.326321,0));
#2733=VECTOR('',#2732,0.898809);
#2734=LINE('',#1010,#2733);
#2735=EDGE_CURVE('',#1011,#1013,#2734,.T.);
#2736=ORIENTED_EDGE('',*,*,#2735,.T.);
#2737=DIRECTION('',(0.945259,-0.326321,0));
#2738=VECTOR('',#2737,0.898809);
#2739=LINE('',#1012,#2738);
#2740=EDGE_CURVE('',#1013,#1033,#2739,.T.);
#2741=ORIENTED_EDGE('',*,*,#2740,.T.);
#2742=DIRECTION('',(0.919445,-0.393218,0));
#2743=VECTOR('',#2742,0.901061);
#2744=LINE('',#1032,#2743);
#2745=EDGE_CURVE('',#1033,#1037,#2744,.T.);
#2746=ORIENTED_EDGE('',*,*,#2745,.T.);
#2747=DIRECTION('',(-0.835893,0.548892,0));
#2748=VECTOR('',#2747,0.926054);
#2749=LINE('',#1034,#2748);
#2750=EDGE_CURVE('',#1035,#1037,#2749,.T.);
#2751=ORIENTED_EDGE('',*,*,#2750,.F.);
#2752=DIRECTION('',(0.77654,-0.630068,0));
#2753=VECTOR('',#2752,0.951925);
#2754=LINE('',#1034,#2753);
#2755=EDGE_CURVE('',#1035,#1043,#2754,.T.);
#2756=ORIENTED_EDGE('',*,*,#2755,.T.);
#2757=DIRECTION('',(-0.724412,0.689368,0));
#2758=VECTOR('',#2757,0.97763);
#2759=LINE('',#1040,#2758);
#2760=EDGE_CURVE('',#1041,#1043,#2759,.T.);
#2761=ORIENTED_EDGE('',*,*,#2760,.F.);
#2762=DIRECTION('',(-0.675845,0.737043,0));
#2763=VECTOR('',#2762,1.003292);
#2764=LINE('',#1038,#2763);
#2765=EDGE_CURVE('',#1039,#1041,#2764,.T.);
#2766=ORIENTED_EDGE('',*,*,#2765,.F.);
#2767=DIRECTION('',(0.629482,-0.777015,0));
#2768=VECTOR('',#2767,1.028937);
#2769=LINE('',#1038,#2768);
#2770=EDGE_CURVE('',#1039,#1051,#2769,.T.);
#2771=ORIENTED_EDGE('',*,*,#2770,.T.);
#2772=DIRECTION('',(-0.584641,0.811292,0));
#2773=VECTOR('',#2772,1.054572);
#2774=LINE('',#1046,#2773);
#2775=EDGE_CURVE('',#1047,#1051,#2774,.T.);
#2776=ORIENTED_EDGE('',*,*,#2775,.F.);
#2777=DIRECTION('',(0.540938,-0.841063,0));
#2778=VECTOR('',#2777,1.080206);
#2779=LINE('',#1046,#2778);
#2780=EDGE_CURVE('',#1047,#1049,#2779,.T.);
#2781=ORIENTED_EDGE('',*,*,#2780,.T.);
#2782=DIRECTION('',(0.433883,0.900969,0));
#2783=VECTOR('',#2782,2.274505);
#2784=LINE('',#1044,#2783);
#2785=EDGE_CURVE('',#1045,#1049,#2784,.T.);
#2786=ORIENTED_EDGE('',*,*,#2785,.F.);
#2787=DIRECTION('',(0.994838,0.101471,0));
#2788=VECTOR('',#2787,1.080206);
#2789=LINE('',#1030,#2788);
#2790=EDGE_CURVE('',#1031,#1045,#2789,.T.);
#2791=ORIENTED_EDGE('',*,*,#2790,.F.);
#2792=DIRECTION('',(0.998812,0.048739,0));
#2793=VECTOR('',#2792,1.054573);
#2794=LINE('',#1028,#2793);
#2795=EDGE_CURVE('',#1029,#1031,#2794,.T.);
#2796=ORIENTED_EDGE('',*,*,#2795,.F.);
#2797=DIRECTION('',(0.99997,-0.007687,0));
#2798=VECTOR('',#2797,1.028936);
#2799=LINE('',#1026,#2798);
#2800=EDGE_CURVE('',#1027,#1029,#2799,.T.);
#2801=ORIENTED_EDGE('',*,*,#2800,.F.);
#2802=DIRECTION('',(0.997627,-0.068858,0));
#2803=VECTOR('',#2802,1.003291);
#2804=LINE('',#1022,#2803);
#2805=EDGE_CURVE('',#1023,#1027,#2804,.T.);
#2806=ORIENTED_EDGE('',*,*,#2805,.F.);
#2807=DIRECTION('',(-0.990632,0.136556,0));
#2808=VECTOR('',#2807,0.97763);
#2809=LINE('',#1022,#2808);
#2810=EDGE_CURVE('',#1023,#1025,#2809,.T.);
#2811=ORIENTED_EDGE('',*,*,#2810,.T.);
#2812=DIRECTION('',(0.976772,-0.214283,0));
#2813=VECTOR('',#2812,0.951925);
#2814=LINE('',#1008,#2813);
#2815=EDGE_CURVE('',#1009,#1025,#2814,.T.);
#2816=ORIENTED_EDGE('',*,*,#2815,.F.);
#2817=DIRECTION('',(0.950313,-0.311296,0));
#2818=VECTOR('',#2817,0.926052);
#2819=LINE('',#1006,#2818);
#2820=EDGE_CURVE('',#1007,#1009,#2819,.T.);
#2821=ORIENTED_EDGE('',*,*,#2820,.F.);
#2822=DIRECTION('',(0.880695,-0.473684,0));
#2823=VECTOR('',#2822,0.901062);
#2824=LINE('',#998,#2823);
#2825=EDGE_CURVE('',#999,#1007,#2824,.T.);
#2826=ORIENTED_EDGE('',*,*,#2825,.F.);
#2827=DIRECTION('',(-0.844487,0.535576,0));
#2828=VECTOR('',#2827,0.89881);
#2829=LINE('',#998,#2828);
#2830=EDGE_CURVE('',#999,#1005,#2829,.T.);
#2831=ORIENTED_EDGE('',*,*,#2830,.T.);
#2832=DIRECTION('',(0.844487,-0.535576,0));
#2833=VECTOR('',#2832,0.89881);
#2834=LINE('',#1000,#2833);
#2835=EDGE_CURVE('',#1001,#1005,#2834,.T.);
#2836=ORIENTED_EDGE('',*,*,#2835,.F.);
#2837=DIRECTION('',(-0.844488,0.535575,0));
#2838=VECTOR('',#2837,0.898809);
#2839=LINE('',#1000,#2838);
#2840=EDGE_CURVE('',#1001,#1003,#2839,.T.);
#2841=ORIENTED_EDGE('',*,*,#2840,.T.);
#2842=DIRECTION('',(0.844487,-0.535576,0));
#2843=VECTOR('',#2842,0.89881);
#2844=LINE('',#996,#2843);
#2845=EDGE_CURVE('',#997,#1003,#2844,.T.);
#2846=ORIENTED_EDGE('',*,*,#2845,.F.);
#2847=DIRECTION('',(0.62349,0.781831,0));
#2848=VECTOR('',#2847,5.942676);
#2849=LINE('',#980,#2848);
#2850=EDGE_CURVE('',#981,#997,#2849,.T.);
#2851=ORIENTED_EDGE('',*,*,#2850,.F.);
#2852=DIRECTION('',(-0.710064,0.704137,0));
#2853=VECTOR('',#2852,0.898809);
#2854=LINE('',#978,#2853);
#2855=EDGE_CURVE('',#979,#981,#2854,.T.);
#2856=ORIENTED_EDGE('',*,*,#2855,.F.);
#2857=DIRECTION('',(0.710063,-0.704138,0));
#2858=VECTOR('',#2857,0.898811);
#2859=LINE('',#978,#2858);
#2860=EDGE_CURVE('',#979,#983,#2859,.T.);
#2861=ORIENTED_EDGE('',*,*,#2860,.T.);
#2862=DIRECTION('',(-0.710063,0.704138,0));
#2863=VECTOR('',#2862,0.898808);
#2864=LINE('',#976,#2863);
#2865=EDGE_CURVE('',#977,#983,#2864,.T.);
#2866=ORIENTED_EDGE('',*,*,#2865,.F.);
#2867=DIRECTION('',(0.710064,-0.704137,0));
#2868=VECTOR('',#2867,0.898809);
#2869=LINE('',#976,#2868);
#2870=EDGE_CURVE('',#977,#987,#2869,.T.);
#2871=ORIENTED_EDGE('',*,*,#2870,.T.);
#2872=DIRECTION('',(-0.657781,0.753209,0));
#2873=VECTOR('',#2872,0.901062);
#2874=LINE('',#984,#2873);
#2875=EDGE_CURVE('',#985,#987,#2874,.T.);
#2876=ORIENTED_EDGE('',*,*,#2875,.F.);
#2877=DIRECTION('',(0.514957,-0.857216,0));
#2878=VECTOR('',#2877,0.926053);
#2879=LINE('',#984,#2878);
#2880=EDGE_CURVE('',#985,#989,#2879,.T.);
#2881=ORIENTED_EDGE('',*,*,#2880,.T.);
#2882=DIRECTION('',(-0.426264,0.904599,0));
#2883=VECTOR('',#2882,0.951925);
#2884=LINE('',#974,#2883);
#2885=EDGE_CURVE('',#975,#989,#2884,.T.);
#2886=ORIENTED_EDGE('',*,*,#2885,.F.);
#2887=DIRECTION('',(-0.353567,0.935409,0));
#2888=VECTOR('',#2887,0.97763);
#2889=LINE('',#972,#2888);
#2890=EDGE_CURVE('',#973,#975,#2889,.T.);
#2891=ORIENTED_EDGE('',*,*,#2890,.F.);
#2892=DIRECTION('',(0.289124,-0.957292,0));
#2893=VECTOR('',#2892,1.00329);
#2894=LINE('',#972,#2893);
#2895=EDGE_CURVE('',#973,#995,#2894,.T.);
#2896=ORIENTED_EDGE('',*,*,#2895,.T.);
#2897=DIRECTION('',(-0.23001,0.973188,0));
#2898=VECTOR('',#2897,1.028938);
#2899=LINE('',#990,#2898);
#2900=EDGE_CURVE('',#991,#995,#2899,.T.);
#2901=ORIENTED_EDGE('',*,*,#2900,.F.);
#2902=DIRECTION('',(0.174739,-0.984615,0));
#2903=VECTOR('',#2902,1.054574);
#2904=LINE('',#990,#2903);
#2905=EDGE_CURVE('',#991,#993,#2904,.T.);
#2906=ORIENTED_EDGE('',*,*,#2905,.T.);
#2907=DIRECTION('',(-0.122446,0.992475,0));
#2908=VECTOR('',#2907,1.080205);
#2909=LINE('',#970,#2908);
#2910=EDGE_CURVE('',#971,#993,#2909,.T.);
#2911=ORIENTED_EDGE('',*,*,#2910,.F.);
#2912=DIRECTION('',(0.781832,0.62349,0));
#2913=VECTOR('',#2912,2.274506);
#2914=LINE('',#966,#2913);
#2915=EDGE_CURVE('',#967,#971,#2914,.T.);
#2916=ORIENTED_EDGE('',*,*,#2915,.F.);
#2917=DIRECTION('',(-0.940345,0.340222,0));
#2918=VECTOR('',#2917,1.080206);
#2919=LINE('',#966,#2918);
#2920=EDGE_CURVE('',#967,#969,#2919,.T.);
#2921=ORIENTED_EDGE('',*,*,#2920,.T.);
#2922=DIRECTION('',(0.921045,-0.389456,0));
#2923=VECTOR('',#2922,1.054573);
#2924=LINE('',#964,#2923);
#2925=EDGE_CURVE('',#965,#969,#2924,.T.);
#2926=ORIENTED_EDGE('',*,*,#2925,.F.);
#2927=DIRECTION('',(0.897607,-0.440796,0));
#2928=VECTOR('',#2927,1.028938);
#2929=LINE('',#960,#2928);
#2930=EDGE_CURVE('',#961,#965,#2929,.T.);
#2931=ORIENTED_EDGE('',*,*,#2930,.F.);
#2932=DIRECTION('',(-0.868954,0.494892,0));
#2933=VECTOR('',#2932,1.003292);
#2934=LINE('',#960,#2933);
#2935=EDGE_CURVE('',#961,#963,#2934,.T.);
#2936=ORIENTED_EDGE('',*,*,#2935,.T.);
#2937=DIRECTION('',(0.83328,-0.552852,0));
#2938=VECTOR('',#2937,0.977629);
#2939=LINE('',#916,#2938);
#2940=EDGE_CURVE('',#917,#963,#2939,.T.);
#2941=ORIENTED_EDGE('',*,*,#2940,.F.);
#2942=DIRECTION('',(-0.787067,0.616867,0));
#2943=VECTOR('',#2942,0.951926);
#2944=LINE('',#916,#2943);
#2945=EDGE_CURVE('',#917,#931,#2944,.T.);
#2946=ORIENTED_EDGE('',*,*,#2945,.T.);
#2947=DIRECTION('',(0.721134,-0.692795,0));
#2948=VECTOR('',#2947,0.926053);
#2949=LINE('',#928,#2948);
#2950=EDGE_CURVE('',#929,#931,#2949,.T.);
#2951=ORIENTED_EDGE('',*,*,#2950,.F.);
#2952=DIRECTION('',(0.587955,-0.808894,0));
#2953=VECTOR('',#2952,0.901061);
#2954=LINE('',#920,#2953);
#2955=EDGE_CURVE('',#921,#929,#2954,.T.);
#2956=ORIENTED_EDGE('',*,*,#2955,.F.);
#2957=DIRECTION('',(-0.528479,0.848947,0));
#2958=VECTOR('',#2957,0.898809);
#2959=LINE('',#920,#2958);
#2960=EDGE_CURVE('',#921,#927,#2959,.T.);
#2961=ORIENTED_EDGE('',*,*,#2960,.T.);
#2962=DIRECTION('',(0.52848,-0.848946,0));
#2963=VECTOR('',#2962,0.898809);
#2964=LINE('',#922,#2963);
#2965=EDGE_CURVE('',#923,#927,#2964,.T.);
#2966=ORIENTED_EDGE('',*,*,#2965,.F.);
#2967=DIRECTION('',(-0.52848,0.848946,0));
#2968=VECTOR('',#2967,0.89881);
#2969=LINE('',#922,#2968);
#2970=EDGE_CURVE('',#923,#925,#2969,.T.);
#2971=ORIENTED_EDGE('',*,*,#2970,.T.);
#2972=DIRECTION('',(-0.52848,0.848946,0));
#2973=VECTOR('',#2972,0.898809);
#2974=LINE('',#924,#2973);
#2975=EDGE_CURVE('',#925,#933,#2974,.T.);
#2976=ORIENTED_EDGE('',*,*,#2975,.T.);
#2977=DIRECTION('',(0.900969,0.433884,0));
#2978=VECTOR('',#2977,5.942675);
#2979=LINE('',#894,#2978);
#2980=EDGE_CURVE('',#895,#933,#2979,.T.);
#2981=ORIENTED_EDGE('',*,*,#2980,.F.);
#2982=DIRECTION('',(-0.334231,0.942491,0));
#2983=VECTOR('',#2982,0.89881);
#2984=LINE('',#892,#2983);
#2985=EDGE_CURVE('',#893,#895,#2984,.T.);
#2986=ORIENTED_EDGE('',*,*,#2985,.F.);
#2987=DIRECTION('',(0.334231,-0.942491,0));
#2988=VECTOR('',#2987,0.898808);
#2989=LINE('',#892,#2988);
#2990=EDGE_CURVE('',#893,#919,#2989,.T.);
#2991=ORIENTED_EDGE('',*,*,#2990,.T.);
#2992=DIRECTION('',(-0.334231,0.942491,0));
#2993=VECTOR('',#2992,0.89881);
#2994=LINE('',#912,#2993);
#2995=EDGE_CURVE('',#913,#919,#2994,.T.);
#2996=ORIENTED_EDGE('',*,*,#2995,.F.);
#2997=DIRECTION('',(0.334231,-0.942491,0));
#2998=VECTOR('',#2997,0.89881);
#2999=LINE('',#912,#2998);
#3000=EDGE_CURVE('',#913,#915,#2999,.T.);
#3001=ORIENTED_EDGE('',*,*,#3000,.T.);
#3002=DIRECTION('',(-0.265835,0.964019,0));
#3003=VECTOR('',#3002,0.90106);
#3004=LINE('',#910,#3003);
#3005=EDGE_CURVE('',#911,#915,#3004,.T.);
#3006=ORIENTED_EDGE('',*,*,#3005,.F.);
#3007=DIRECTION('',(-0.092029,0.995756,0));
#3008=VECTOR('',#3007,0.926053);
#3009=LINE('',#908,#3008);
#3010=EDGE_CURVE('',#909,#911,#3009,.T.);
#3011=ORIENTED_EDGE('',*,*,#3010,.F.);
#3012=DIRECTION('',(0.008442,0.999964,0));
#3013=VECTOR('',#3012,0.951927);
#3014=LINE('',#906,#3013);
#3015=EDGE_CURVE('',#907,#909,#3014,.T.);
#3016=ORIENTED_EDGE('',*,*,#3015,.F.);
#3017=DIRECTION('',(0.087305,0.996182,0));
#3018=VECTOR('',#3017,0.977629);
#3019=LINE('',#904,#3018);
#3020=EDGE_CURVE('',#905,#907,#3019,.T.);
#3021=ORIENTED_EDGE('',*,*,#3020,.F.);
#3022=DIRECTION('',(0.154862,0.987936,0));
#3023=VECTOR('',#3022,1.003292);
#3024=LINE('',#902,#3023);
#3025=EDGE_CURVE('',#903,#905,#3024,.T.);
#3026=ORIENTED_EDGE('',*,*,#3025,.F.);
#3027=DIRECTION('',(0.21502,0.97661,0));
#3028=VECTOR('',#3027,1.028935);
#3029=LINE('',#900,#3028);
#3030=EDGE_CURVE('',#901,#903,#3029,.T.);
#3031=ORIENTED_EDGE('',*,*,#3030,.F.);
#3032=DIRECTION('',(0.269773,0.962924,0));
#3033=VECTOR('',#3032,1.054576);
#3034=LINE('',#898,#3033);
#3035=EDGE_CURVE('',#899,#901,#3034,.T.);
#3036=ORIENTED_EDGE('',*,*,#3035,.F.);
#3037=DIRECTION('',(0.320299,0.947316,0));
#3038=VECTOR('',#3037,1.080206);
#3039=LINE('',#896,#3038);
#3040=EDGE_CURVE('',#897,#899,#3039,.T.);
#3041=ORIENTED_EDGE('',*,*,#3040,.F.);
#3042=DIRECTION('',(0.974928,0.222522,0));
#3043=VECTOR('',#3042,2.274505);
#3044=LINE('',#888,#3043);
#3045=EDGE_CURVE('',#889,#897,#3044,.T.);
#3046=ORIENTED_EDGE('',*,*,#3045,.F.);
#3047=DIRECTION('',(0.699603,-0.714532,0));
#3048=VECTOR('',#3047,1.080208);
#3049=LINE('',#884,#3048);
#3050=EDGE_CURVE('',#885,#889,#3049,.T.);
#3051=ORIENTED_EDGE('',*,*,#3050,.F.);
#3052=DIRECTION('',(0.660856,-0.750513,0));
#3053=VECTOR('',#3052,1.054572);
#3054=LINE('',#882,#3053);
#3055=EDGE_CURVE('',#883,#885,#3054,.T.);
#3056=ORIENTED_EDGE('',*,*,#3055,.F.);
#3057=DIRECTION('',(-0.617461,0.786602,0));
#3058=VECTOR('',#3057,1.028938);
#3059=LINE('',#882,#3058);
#3060=EDGE_CURVE('',#883,#887,#3059,.T.);
#3061=ORIENTED_EDGE('',*,*,#3060,.T.);
#3062=DIRECTION('',(0.568176,-0.822907,0));
#3063=VECTOR('',#3062,1.003291);
#3064=LINE('',#866,#3063);
#3065=EDGE_CURVE('',#867,#887,#3064,.T.);
#3066=ORIENTED_EDGE('',*,*,#3065,.F.);
#3067=DIRECTION('',(-0.510885,0.859649,0));
#3068=VECTOR('',#3067,0.977631);
#3069=LINE('',#866,#3068);
#3070=EDGE_CURVE('',#867,#869,#3069,.T.);
#3071=ORIENTED_EDGE('',*,*,#3070,.T.);
#3072=DIRECTION('',(-0.441474,0.897274,0));
#3073=VECTOR('',#3072,0.951925);
#3074=LINE('',#868,#3073);
#3075=EDGE_CURVE('',#869,#875,#3074,.T.);
#3076=ORIENTED_EDGE('',*,*,#3075,.T.);
#3077=DIRECTION('',(0.349128,-0.937075,0));
#3078=VECTOR('',#3077,0.926052);
#3079=LINE('',#870,#3078);
#3080=EDGE_CURVE('',#871,#875,#3079,.T.);
#3081=ORIENTED_EDGE('',*,*,#3080,.F.);
#3082=DIRECTION('',(-0.178763,0.983892,0));
#3083=VECTOR('',#3082,0.901061);
#3084=LINE('',#870,#3083);
#3085=EDGE_CURVE('',#871,#873,#3084,.T.);
#3086=ORIENTED_EDGE('',*,*,#3085,.T.);
#3087=DIRECTION('',(-0.1078,0.994173,0));
#3088=VECTOR('',#3087,0.898808);
#3089=LINE('',#872,#3088);
#3090=EDGE_CURVE('',#873,#877,#3089,.T.);
#3091=ORIENTED_EDGE('',*,*,#3090,.T.);
#3092=DIRECTION('',(-0.1078,0.994173,0));
#3093=VECTOR('',#3092,0.89881);
#3094=LINE('',#876,#3093);
#3095=EDGE_CURVE('',#877,#879,#3094,.T.);
#3096=ORIENTED_EDGE('',*,*,#3095,.T.);
#3097=DIRECTION('',(-0.1078,0.994173,0));
#3098=VECTOR('',#3097,0.89881);
#3099=LINE('',#878,#3098);
#3100=EDGE_CURVE('',#879,#881,#3099,.T.);
#3101=ORIENTED_EDGE('',*,*,#3100,.T.);
#3102=DIRECTION('',(-0.1078,0.994173,0));
#3103=VECTOR('',#3102,0.89881);
#3104=LINE('',#880,#3103);
#3105=EDGE_CURVE('',#881,#891,#3104,.T.);
#3106=ORIENTED_EDGE('',*,*,#3105,.T.);
#3107=DIRECTION('',(1,0,0));
#3108=VECTOR('',#3107,5.942675);
#3109=LINE('',#194,#3108);
#3110=EDGE_CURVE('',#195,#891,#3109,.T.);
#3111=ORIENTED_EDGE('',*,*,#3110,.F.);
#3112=DIRECTION('',(0.1078,0.994173,0));
#3113=VECTOR('',#3112,0.89881);
#3114=LINE('',#188,#3113);
#3115=EDGE_CURVE('',#189,#195,#3114,.T.);
#3116=ORIENTED_EDGE('',*,*,#3115,.F.);
#3117=DIRECTION('',(0.1078,0.994173,0));
#3118=VECTOR('',#3117,0.89881);
#3119=LINE('',#186,#3118);
#3120=EDGE_CURVE('',#187,#189,#3119,.T.);
#3121=ORIENTED_EDGE('',*,*,#3120,.F.);
#3122=DIRECTION('',(0.1078,0.994173,0));
#3123=VECTOR('',#3122,0.89881);
#3124=LINE('',#184,#3123);
#3125=EDGE_CURVE('',#185,#187,#3124,.T.);
#3126=ORIENTED_EDGE('',*,*,#3125,.F.);
#3127=DIRECTION('',(0.1078,0.994173,0));
#3128=VECTOR('',#3127,0.898808);
#3129=LINE('',#182,#3128);
#3130=EDGE_CURVE('',#183,#185,#3129,.T.);
#3131=ORIENTED_EDGE('',*,*,#3130,.F.);
#3132=DIRECTION('',(0.178763,0.983892,0));
#3133=VECTOR('',#3132,0.901061);
#3134=LINE('',#180,#3133);
#3135=EDGE_CURVE('',#181,#183,#3134,.T.);
#3136=ORIENTED_EDGE('',*,*,#3135,.F.);
#3137=DIRECTION('',(0.349128,0.937075,0));
#3138=VECTOR('',#3137,0.926052);
#3139=LINE('',#178,#3138);
#3140=EDGE_CURVE('',#179,#181,#3139,.T.);
#3141=ORIENTED_EDGE('',*,*,#3140,.F.);
#3142=DIRECTION('',(0.441474,0.897274,0));
#3143=VECTOR('',#3142,0.951925);
#3144=LINE('',#176,#3143);
#3145=EDGE_CURVE('',#177,#179,#3144,.T.);
#3146=ORIENTED_EDGE('',*,*,#3145,.F.);
#3147=DIRECTION('',(0.510885,0.859649,0));
#3148=VECTOR('',#3147,0.977631);
#3149=LINE('',#174,#3148);
#3150=EDGE_CURVE('',#175,#177,#3149,.T.);
#3151=ORIENTED_EDGE('',*,*,#3150,.F.);
#3152=DIRECTION('',(0.568176,0.822907,0));
#3153=VECTOR('',#3152,1.003291);
#3154=LINE('',#172,#3153);
#3155=EDGE_CURVE('',#173,#175,#3154,.T.);
#3156=ORIENTED_EDGE('',*,*,#3155,.F.);
#3157=DIRECTION('',(0.617461,0.786602,0));
#3158=VECTOR('',#3157,1.028938);
#3159=LINE('',#170,#3158);
#3160=EDGE_CURVE('',#171,#173,#3159,.T.);
#3161=ORIENTED_EDGE('',*,*,#3160,.F.);
#3162=DIRECTION('',(0.660856,0.750513,0));
#3163=VECTOR('',#3162,1.054572);
#3164=LINE('',#168,#3163);
#3165=EDGE_CURVE('',#169,#171,#3164,.T.);
#3166=ORIENTED_EDGE('',*,*,#3165,.F.);
#3167=DIRECTION('',(0.699603,0.714532,0));
#3168=VECTOR('',#3167,1.080208);
#3169=LINE('',#166,#3168);
#3170=EDGE_CURVE('',#167,#169,#3169,.T.);
#3171=ORIENTED_EDGE('',*,*,#3170,.F.);
#3172=DIRECTION('',(0.974928,-0.222522,0));
#3173=VECTOR('',#3172,2.274505);
#3174=LINE('',#130,#3173);
#3175=EDGE_CURVE('',#131,#167,#3174,.T.);
#3176=ORIENTED_EDGE('',*,*,#3175,.F.);
#3177=DIRECTION('',(-0.320299,0.947316,0));
#3178=VECTOR('',#3177,1.080206);
#3179=LINE('',#130,#3178);
#3180=EDGE_CURVE('',#131,#133,#3179,.T.);
#3181=ORIENTED_EDGE('',*,*,#3180,.T.);
#3182=DIRECTION('',(-0.269773,0.962924,0));
#3183=VECTOR('',#3182,1.054576);
#3184=LINE('',#132,#3183);
#3185=EDGE_CURVE('',#133,#135,#3184,.T.);
#3186=ORIENTED_EDGE('',*,*,#3185,.T.);
#3187=DIRECTION('',(-0.21502,0.97661,0));
#3188=VECTOR('',#3187,1.028935);
#3189=LINE('',#134,#3188);
#3190=EDGE_CURVE('',#135,#137,#3189,.T.);
#3191=ORIENTED_EDGE('',*,*,#3190,.T.);
#3192=DIRECTION('',(-0.154862,0.987936,0));
#3193=VECTOR('',#3192,1.003292);
#3194=LINE('',#136,#3193);
#3195=EDGE_CURVE('',#137,#139,#3194,.T.);
#3196=ORIENTED_EDGE('',*,*,#3195,.T.);
#3197=DIRECTION('',(-0.087305,0.996182,0));
#3198=VECTOR('',#3197,0.977629);
#3199=LINE('',#138,#3198);
#3200=EDGE_CURVE('',#139,#141,#3199,.T.);
#3201=ORIENTED_EDGE('',*,*,#3200,.T.);
#3202=DIRECTION('',(-0.008442,0.999964,0));
#3203=VECTOR('',#3202,0.951927);
#3204=LINE('',#140,#3203);
#3205=EDGE_CURVE('',#141,#143,#3204,.T.);
#3206=ORIENTED_EDGE('',*,*,#3205,.T.);
#3207=DIRECTION('',(0.092029,0.995756,0));
#3208=VECTOR('',#3207,0.926053);
#3209=LINE('',#142,#3208);
#3210=EDGE_CURVE('',#143,#145,#3209,.T.);
#3211=ORIENTED_EDGE('',*,*,#3210,.T.);
#3212=DIRECTION('',(0.265835,0.964019,0));
#3213=VECTOR('',#3212,0.90106);
#3214=LINE('',#144,#3213);
#3215=EDGE_CURVE('',#145,#147,#3214,.T.);
#3216=ORIENTED_EDGE('',*,*,#3215,.T.);
#3217=DIRECTION('',(0.334231,0.942491,0));
#3218=VECTOR('',#3217,0.89881);
#3219=LINE('',#146,#3218);
#3220=EDGE_CURVE('',#147,#149,#3219,.T.);
#3221=ORIENTED_EDGE('',*,*,#3220,.T.);
#3222=DIRECTION('',(0.334231,0.942491,0));
#3223=VECTOR('',#3222,0.89881);
#3224=LINE('',#148,#3223);
#3225=EDGE_CURVE('',#149,#165,#3224,.T.);
#3226=ORIENTED_EDGE('',*,*,#3225,.T.);
#3227=DIRECTION('',(0.334231,0.942491,0));
#3228=VECTOR('',#3227,0.898808);
#3229=LINE('',#164,#3228);
#3230=EDGE_CURVE('',#165,#191,#3229,.T.);
#3231=ORIENTED_EDGE('',*,*,#3230,.T.);
#3232=DIRECTION('',(0.334231,0.942491,0));
#3233=VECTOR('',#3232,0.89881);
#3234=LINE('',#190,#3233);
#3235=EDGE_CURVE('',#191,#193,#3234,.T.);
#3236=ORIENTED_EDGE('',*,*,#3235,.T.);
#3237=DIRECTION('',(0.900969,-0.433884,0));
#3238=VECTOR('',#3237,5.942675);
#3239=LINE('',#162,#3238);
#3240=EDGE_CURVE('',#163,#193,#3239,.T.);
#3241=ORIENTED_EDGE('',*,*,#3240,.F.);
#3242=DIRECTION('',(0.52848,0.848946,0));
#3243=VECTOR('',#3242,0.898809);
#3244=LINE('',#160,#3243);
#3245=EDGE_CURVE('',#161,#163,#3244,.T.);
#3246=ORIENTED_EDGE('',*,*,#3245,.F.);
#3247=DIRECTION('',(0.52848,0.848946,0));
#3248=VECTOR('',#3247,0.89881);
#3249=LINE('',#158,#3248);
#3250=EDGE_CURVE('',#159,#161,#3249,.T.);
#3251=ORIENTED_EDGE('',*,*,#3250,.F.);
#3252=DIRECTION('',(0.52848,0.848946,0));
#3253=VECTOR('',#3252,0.898809);
#3254=LINE('',#156,#3253);
#3255=EDGE_CURVE('',#157,#159,#3254,.T.);
#3256=ORIENTED_EDGE('',*,*,#3255,.F.);
#3257=DIRECTION('',(0.528479,0.848947,0));
#3258=VECTOR('',#3257,0.898809);
#3259=LINE('',#154,#3258);
#3260=EDGE_CURVE('',#155,#157,#3259,.T.);
#3261=ORIENTED_EDGE('',*,*,#3260,.F.);
#3262=DIRECTION('',(0.587955,0.808894,0));
#3263=VECTOR('',#3262,0.901061);
#3264=LINE('',#152,#3263);
#3265=EDGE_CURVE('',#153,#155,#3264,.T.);
#3266=ORIENTED_EDGE('',*,*,#3265,.F.);
#3267=DIRECTION('',(0.721134,0.692795,0));
#3268=VECTOR('',#3267,0.926053);
#3269=LINE('',#150,#3268);
#3270=EDGE_CURVE('',#151,#153,#3269,.T.);
#3271=ORIENTED_EDGE('',*,*,#3270,.F.);
#3272=DIRECTION('',(0.787067,0.616867,0));
#3273=VECTOR('',#3272,0.951926);
#3274=LINE('',#128,#3273);
#3275=EDGE_CURVE('',#129,#151,#3274,.T.);
#3276=ORIENTED_EDGE('',*,*,#3275,.F.);
#3277=DIRECTION('',(0.83328,0.552852,0));
#3278=VECTOR('',#3277,0.977629);
#3279=LINE('',#24,#3278);
#3280=EDGE_CURVE('',#25,#129,#3279,.T.);
#3281=ORIENTED_EDGE('',*,*,#3280,.F.);
#3282=DIRECTION('',(0.868954,0.494892,0));
#3283=VECTOR('',#3282,1.003292);
#3284=LINE('',#22,#3283);
#3285=EDGE_CURVE('',#23,#25,#3284,.T.);
#3286=ORIENTED_EDGE('',*,*,#3285,.F.);
#3287=DIRECTION('',(0.897607,0.440796,0));
#3288=VECTOR('',#3287,1.028938);
#3289=LINE('',#20,#3288);
#3290=EDGE_CURVE('',#21,#23,#3289,.T.);
#3291=ORIENTED_EDGE('',*,*,#3290,.F.);
#3292=DIRECTION('',(0.921045,0.389456,0));
#3293=VECTOR('',#3292,1.054573);
#3294=LINE('',#18,#3293);
#3295=EDGE_CURVE('',#19,#21,#3294,.T.);
#3296=ORIENTED_EDGE('',*,*,#3295,.F.);
#3297=DIRECTION('',(0.940345,0.340222,0));
#3298=VECTOR('',#3297,1.080206);
#3299=LINE('',#16,#3298);
#3300=EDGE_CURVE('',#17,#19,#3299,.T.);
#3301=ORIENTED_EDGE('',*,*,#3300,.F.);
#3302=DIRECTION('',(0.781832,-0.62349,0));
#3303=VECTOR('',#3302,2.274506);
#3304=LINE('',#14,#3303);
#3305=EDGE_CURVE('',#15,#17,#3304,.T.);
#3306=ORIENTED_EDGE('',*,*,#3305,.F.);
#3307=DIRECTION('',(0.122446,0.992475,0));
#3308=VECTOR('',#3307,1.080205);
#3309=LINE('',#14,#3308);
#3310=EDGE_CURVE('',#15,#27,#3309,.T.);
#3311=ORIENTED_EDGE('',*,*,#3310,.T.);
#3312=DIRECTION('',(0.174739,0.984615,0));
#3313=VECTOR('',#3312,1.054574);
#3314=LINE('',#26,#3313);
#3315=EDGE_CURVE('',#27,#29,#3314,.T.);
#3316=ORIENTED_EDGE('',*,*,#3315,.T.);
#3317=DIRECTION('',(0.23001,0.973188,0));
#3318=VECTOR('',#3317,1.028938);
#3319=LINE('',#28,#3318);
#3320=EDGE_CURVE('',#29,#31,#3319,.T.);
#3321=ORIENTED_EDGE('',*,*,#3320,.T.);
#3322=DIRECTION('',(0.289124,0.957292,0));
#3323=VECTOR('',#3322,1.00329);
#3324=LINE('',#30,#3323);
#3325=EDGE_CURVE('',#31,#33,#3324,.T.);
#3326=ORIENTED_EDGE('',*,*,#3325,.T.);
#3327=DIRECTION('',(0.353567,0.935409,0));
#3328=VECTOR('',#3327,0.97763);
#3329=LINE('',#32,#3328);
#3330=EDGE_CURVE('',#33,#35,#3329,.T.);
#3331=ORIENTED_EDGE('',*,*,#3330,.T.);
#3332=DIRECTION('',(0.426264,0.904599,0));
#3333=VECTOR('',#3332,0.951925);
#3334=LINE('',#34,#3333);
#3335=EDGE_CURVE('',#35,#37,#3334,.T.);
#3336=ORIENTED_EDGE('',*,*,#3335,.T.);
#3337=DIRECTION('',(0.514957,0.857216,0));
#3338=VECTOR('',#3337,0.926053);
#3339=LINE('',#36,#3338);
#3340=EDGE_CURVE('',#37,#39,#3339,.T.);
#3341=ORIENTED_EDGE('',*,*,#3340,.T.);
#3342=DIRECTION('',(0.657781,0.753209,0));
#3343=VECTOR('',#3342,0.901062);
#3344=LINE('',#38,#3343);
#3345=EDGE_CURVE('',#39,#41,#3344,.T.);
#3346=ORIENTED_EDGE('',*,*,#3345,.T.);
#3347=DIRECTION('',(0.710064,0.704137,0));
#3348=VECTOR('',#3347,0.898809);
#3349=LINE('',#40,#3348);
#3350=EDGE_CURVE('',#41,#43,#3349,.T.);
#3351=ORIENTED_EDGE('',*,*,#3350,.T.);
#3352=DIRECTION('',(0.710063,0.704138,0));
#3353=VECTOR('',#3352,0.898808);
#3354=LINE('',#42,#3353);
#3355=EDGE_CURVE('',#43,#45,#3354,.T.);
#3356=ORIENTED_EDGE('',*,*,#3355,.T.);
#3357=DIRECTION('',(0.710063,0.704138,0));
#3358=VECTOR('',#3357,0.898811);
#3359=LINE('',#44,#3358);
#3360=EDGE_CURVE('',#45,#47,#3359,.T.);
#3361=ORIENTED_EDGE('',*,*,#3360,.T.);
#3362=DIRECTION('',(0.710064,0.704137,0));
#3363=VECTOR('',#3362,0.898809);
#3364=LINE('',#46,#3363);
#3365=EDGE_CURVE('',#47,#49,#3364,.T.);
#3366=ORIENTED_EDGE('',*,*,#3365,.T.);
#3367=DIRECTION('',(-0.62349,0.781831,0));
#3368=VECTOR('',#3367,5.942676);
#3369=LINE('',#48,#3368);
#3370=EDGE_CURVE('',#49,#119,#3369,.T.);
#3371=ORIENTED_EDGE('',*,*,#3370,.T.);
#3372=DIRECTION('',(0.844487,0.535576,0));
#3373=VECTOR('',#3372,0.89881);
#3374=LINE('',#112,#3373);
#3375=EDGE_CURVE('',#113,#119,#3374,.T.);
#3376=ORIENTED_EDGE('',*,*,#3375,.F.);
#3377=DIRECTION('',(0.844488,0.535575,0));
#3378=VECTOR('',#3377,0.898809);
#3379=LINE('',#110,#3378);
#3380=EDGE_CURVE('',#111,#113,#3379,.T.);
#3381=ORIENTED_EDGE('',*,*,#3380,.F.);
#3382=DIRECTION('',(0.844487,0.535576,0));
#3383=VECTOR('',#3382,0.89881);
#3384=LINE('',#108,#3383);
#3385=EDGE_CURVE('',#109,#111,#3384,.T.);
#3386=ORIENTED_EDGE('',*,*,#3385,.F.);
#3387=DIRECTION('',(0.844487,0.535576,0));
#3388=VECTOR('',#3387,0.89881);
#3389=LINE('',#106,#3388);
#3390=EDGE_CURVE('',#107,#109,#3389,.T.);
#3391=ORIENTED_EDGE('',*,*,#3390,.F.);
#3392=DIRECTION('',(0.880695,0.473684,0));
#3393=VECTOR('',#3392,0.901062);
#3394=LINE('',#104,#3393);
#3395=EDGE_CURVE('',#105,#107,#3394,.T.);
#3396=ORIENTED_EDGE('',*,*,#3395,.F.);
#3397=DIRECTION('',(0.950313,0.311296,0));
#3398=VECTOR('',#3397,0.926052);
#3399=LINE('',#102,#3398);
#3400=EDGE_CURVE('',#103,#105,#3399,.T.);
#3401=ORIENTED_EDGE('',*,*,#3400,.F.);
#3402=DIRECTION('',(0.976772,0.214283,0));
#3403=VECTOR('',#3402,0.951925);
#3404=LINE('',#66,#3403);
#3405=EDGE_CURVE('',#67,#103,#3404,.T.);
#3406=ORIENTED_EDGE('',*,*,#3405,.F.);
#3407=DIRECTION('',(0.990632,0.136556,0));
#3408=VECTOR('',#3407,0.97763);
#3409=LINE('',#64,#3408);
#3410=EDGE_CURVE('',#65,#67,#3409,.T.);
#3411=ORIENTED_EDGE('',*,*,#3410,.F.);
#3412=DIRECTION('',(0.997627,0.068858,0));
#3413=VECTOR('',#3412,1.003291);
#3414=LINE('',#62,#3413);
#3415=EDGE_CURVE('',#63,#65,#3414,.T.);
#3416=ORIENTED_EDGE('',*,*,#3415,.F.);
#3417=DIRECTION('',(0.99997,0.007687,0));
#3418=VECTOR('',#3417,1.028936);
#3419=LINE('',#60,#3418);
#3420=EDGE_CURVE('',#61,#63,#3419,.T.);
#3421=ORIENTED_EDGE('',*,*,#3420,.F.);
#3422=DIRECTION('',(0.998812,-0.048739,0));
#3423=VECTOR('',#3422,1.054573);
#3424=LINE('',#58,#3423);
#3425=EDGE_CURVE('',#59,#61,#3424,.T.);
#3426=ORIENTED_EDGE('',*,*,#3425,.F.);
#3427=DIRECTION('',(0.994838,-0.101471,0));
#3428=VECTOR('',#3427,1.080206);
#3429=LINE('',#50,#3428);
#3430=EDGE_CURVE('',#51,#59,#3429,.T.);
#3431=ORIENTED_EDGE('',*,*,#3430,.F.);
#3432=DIRECTION('',(-0.433883,0.900969,0));
#3433=VECTOR('',#3432,2.274505);
#3434=LINE('',#50,#3433);
#3435=EDGE_CURVE('',#51,#53,#3434,.T.);
#3436=ORIENTED_EDGE('',*,*,#3435,.T.);
#3437=DIRECTION('',(0.540938,0.841063,0));
#3438=VECTOR('',#3437,1.080206);
#3439=LINE('',#52,#3438);
#3440=EDGE_CURVE('',#53,#55,#3439,.T.);
#3441=ORIENTED_EDGE('',*,*,#3440,.T.);
#3442=DIRECTION('',(0.584641,0.811292,0));
#3443=VECTOR('',#3442,1.054572);
#3444=LINE('',#54,#3443);
#3445=EDGE_CURVE('',#55,#57,#3444,.T.);
#3446=ORIENTED_EDGE('',*,*,#3445,.T.);
#3447=DIRECTION('',(0.629482,0.777015,0));
#3448=VECTOR('',#3447,1.028937);
#3449=LINE('',#56,#3448);
#3450=EDGE_CURVE('',#57,#69,#3449,.T.);
#3451=ORIENTED_EDGE('',*,*,#3450,.T.);
#3452=DIRECTION('',(0.675845,0.737043,0));
#3453=VECTOR('',#3452,1.003292);
#3454=LINE('',#68,#3453);
#3455=EDGE_CURVE('',#69,#71,#3454,.T.);
#3456=ORIENTED_EDGE('',*,*,#3455,.T.);
#3457=DIRECTION('',(0.724412,0.689368,0));
#3458=VECTOR('',#3457,0.97763);
#3459=LINE('',#70,#3458);
#3460=EDGE_CURVE('',#71,#73,#3459,.T.);
#3461=ORIENTED_EDGE('',*,*,#3460,.T.);
#3462=DIRECTION('',(0.77654,0.630068,0));
#3463=VECTOR('',#3462,0.951925);
#3464=LINE('',#72,#3463);
#3465=EDGE_CURVE('',#73,#75,#3464,.T.);
#3466=ORIENTED_EDGE('',*,*,#3465,.T.);
#3467=DIRECTION('',(0.835893,0.548892,0));
#3468=VECTOR('',#3467,0.926054);
#3469=LINE('',#74,#3468);
#3470=EDGE_CURVE('',#75,#77,#3469,.T.);
#3471=ORIENTED_EDGE('',*,*,#3470,.T.);
#3472=DIRECTION('',(0.919445,0.393218,0));
#3473=VECTOR('',#3472,0.901061);
#3474=LINE('',#76,#3473);
#3475=EDGE_CURVE('',#77,#79,#3474,.T.);
#3476=ORIENTED_EDGE('',*,*,#3475,.T.);
#3477=DIRECTION('',(0.945259,0.326321,0));
#3478=VECTOR('',#3477,0.898809);
#3479=LINE('',#78,#3478);
#3480=EDGE_CURVE('',#79,#115,#3479,.T.);
#3481=ORIENTED_EDGE('',*,*,#3480,.T.);
#3482=DIRECTION('',(0.945259,0.326321,0));
#3483=VECTOR('',#3482,0.898809);
#3484=LINE('',#114,#3483);
#3485=EDGE_CURVE('',#115,#117,#3484,.T.);
#3486=ORIENTED_EDGE('',*,*,#3485,.T.);
#3487=DIRECTION('',(0.945259,0.326321,0));
#3488=VECTOR('',#3487,0.898809);
#3489=LINE('',#116,#3488);
#3490=EDGE_CURVE('',#117,#121,#3489,.T.);
#3491=ORIENTED_EDGE('',*,*,#3490,.T.);
#3492=DIRECTION('',(0.945259,0.326321,0));
#3493=VECTOR('',#3492,0.898809);
#3494=LINE('',#120,#3493);
#3495=EDGE_CURVE('',#121,#123,#3494,.T.);
#3496=ORIENTED_EDGE('',*,*,#3495,.T.);
#3497=DIRECTION('',(-0.222521,0.974928,0));
#3498=VECTOR('',#3497,5.942675);
#3499=LINE('',#122,#3498);
#3500=EDGE_CURVE('',#123,#127,#3499,.T.);
#3501=ORIENTED_EDGE('',*,*,#3500,.T.);
#3502=DIRECTION('',(0.993234,0.116127,0));
#3503=VECTOR('',#3502,0.89881);
#3504=LINE('',#124,#3503);
#3505=EDGE_CURVE('',#125,#127,#3504,.T.);
#3506=ORIENTED_EDGE('',*,*,#3505,.F.);
#3507=DIRECTION('',(0.993234,0.116127,0));
#3508=VECTOR('',#3507,0.89881);
#3509=LINE('',#100,#3508);
#3510=EDGE_CURVE('',#101,#125,#3509,.T.);
#3511=ORIENTED_EDGE('',*,*,#3510,.F.);
#3512=DIRECTION('',(0.993234,0.116127,0));
#3513=VECTOR('',#3512,0.89881);
#3514=LINE('',#98,#3513);
#3515=EDGE_CURVE('',#99,#101,#3514,.T.);
#3516=ORIENTED_EDGE('',*,*,#3515,.F.);
#3517=DIRECTION('',(0.993234,0.116127,0));
#3518=VECTOR('',#3517,0.89881);
#3519=LINE('',#96,#3518);
#3520=EDGE_CURVE('',#97,#99,#3519,.T.);
#3521=ORIENTED_EDGE('',*,*,#3520,.F.);
#3522=EDGE_LOOP('',(#1706,#1711,#1716,#1721,#1726,#1731,#1736,#1741,#1746,#1751,#1756,#1761,#1766,#1771,#1776,#1781,#1786,#1791,#1796,#1801,#1806,#1811,#1816,#1821,#1826,#1831,#1836,#1841,#1846,#1851,#1856,#1861,#1866,#1871,#1876,#1881,#1886,#1891,#1896,#1901,#1906,#1911,#1916,#1921,#1926,#1931,#1936,#1941,#1946,#1951,#1956,#1961,#1966,#1971,#1976,#1981,#1986,#1991,#1996,#2001,#2006,#2011,#2016,#2021,#2026,#2031,#2036,#2041,#2046,#2051,#2056,#2061,#2066,#2071,#2076,#2081,#2086,#2091,#2096,#2101,#2106,#2111,#2116,#2121,#2126,#2131,#2136,#2141,#2146,#2151,#2156,#2161,#2166,#2171,#2176,#2181,#2186,#2191,#2196,#2201,#2206,#2211,#2216,#2221,#2226,#2231,#2236,#2241,#2246,#2251,#2256,#2261,#2266,#2271,#2276,#2281,#2286,#2291,#2296,#2301,#2306,#2311,#2316,#2321,#2326,#2331,#2336,#2341,#2346,#2351,#2356,#2361,#2366,#2371,#2376,#2381,#2386,#2391,#2396,#2401,#2406,#2411,#2416,#2421,#2426,#2431,#2436,#2441,#2446,#2451,#2456,#2461,#2466,#2471,#2476,#2481,#2486,#2491,#2496,#2501,#2506,#2511,#2516,#2521,#2526,#2531,#2536,#2541,#2546,#2551,#2556,#2561,#2566,#2571,#2576,#2581,#2586,#2591,#2596,#2601,#2606,#2611,#2616,#2621,#2626,#2631,#2636,#2641,#2646,#2651,#2656,#2661,#2666,#2671,#2676,#2681,#2686,#2691,#2696,#2701,#2706,#2711,#2716,#2721,#2726,#2731,#2736,#2741,#2746,#2751,#2756,#2761,#2766,#2771,#2776,#2781,#2786,#2791,#2796,#2801,#2806,#2811,#2816,#2821,#2826,#2831,#2836,#2841,#2846,#2851,#2856,#2861,#2866,#2871,#2876,#2881,#2886,#2891,#2896,#2901,#2906,#2911,#2916,#2921,#2926,#2931,#2936,#2941,#2946,#2951,#2956,#2961,#2966,#2971,#2976,#2981,#2986,#2991,#2996,#3001,#3006,#3011,#3016,#3021,#3026,#3031,#3036,#3041,#3046,#3051,#3056,#3061,#3066,#3071,#3076,#3081,#3086,#3091,#3096,#3101,#3106,#3111,#3116,#3121,#3126,#3131,#3136,#3141,#3146,#3151,#3156,#3161,#3166,#3171,#3176,#3181,#3186,#3191,#3196,#3201,#3206,#3211,#3216,#3221,#3226,#3231,#3236,#3241,#3246,#3251,#3256,#3261,#3266,#3271,#3276,#3281,#3286,#3291,#3296,#3301,#3306,#3311,#3316,#3321,#3326,#3331,#3336,#3341,#3346,#3351,#3356,#3361,#3366,#3371,#3376,#3381,#3386,#3391,#3396,#3401,#3406,#3411,#3416,#3421,#3426,#3431,#3436,#3441,#3446,#3451,#3456,#3461,#3466,#3471,#3476,#3481,#3486,#3491,#3496,#3501,#3506,#3511,#3516,#3521));
#3523=FACE_OUTER_BOUND('',#3522,.T.);
#3524=DIRECTION('',(0.989177,0.14673,0));
#3525=VECTOR('',#3524,0.245338);
#3526=LINE('',#580,#3525);
#3527=EDGE_CURVE('',#581,#583,#3526,.T.);
#3528=ORIENTED_EDGE('',*,*,#3527,.F.);
#3529=DIRECTION('',(0.970031,0.24298,0));
#3530=VECTOR('',#3529,0.245338);
#3531=LINE('',#578,#3530);
#3532=EDGE_CURVE('',#579,#581,#3531,.T.);
#3533=ORIENTED_EDGE('',*,*,#3532,.F.);
#3534=DIRECTION('',(0.941544,0.33689,0));
#3535=VECTOR('',#3534,0.245338);
#3536=LINE('',#576,#3535);
#3537=EDGE_CURVE('',#577,#579,#3536,.T.);
#3538=ORIENTED_EDGE('',*,*,#3537,.F.);
#3539=DIRECTION('',(0.903989,0.427555,0));
#3540=VECTOR('',#3539,0.245338);
#3541=LINE('',#574,#3540);
#3542=EDGE_CURVE('',#575,#577,#3541,.T.);
#3543=ORIENTED_EDGE('',*,*,#3542,.F.);
#3544=DIRECTION('',(0.857729,0.514103,0));
#3545=VECTOR('',#3544,0.245338);
#3546=LINE('',#572,#3545);
#3547=EDGE_CURVE('',#573,#575,#3546,.T.);
#3548=ORIENTED_EDGE('',*,*,#3547,.F.);
#3549=DIRECTION('',(0.803207,0.5957,0));
#3550=VECTOR('',#3549,0.245338);
#3551=LINE('',#570,#3550);
#3552=EDGE_CURVE('',#571,#573,#3551,.T.);
#3553=ORIENTED_EDGE('',*,*,#3552,.F.);
#3554=DIRECTION('',(0.740951,0.671559,0));
#3555=VECTOR('',#3554,0.245338);
#3556=LINE('',#568,#3555);
#3557=EDGE_CURVE('',#569,#571,#3556,.T.);
#3558=ORIENTED_EDGE('',*,*,#3557,.F.);
#3559=DIRECTION('',(0.671559,0.740951,0));
#3560=VECTOR('',#3559,0.245338);
#3561=LINE('',#566,#3560);
#3562=EDGE_CURVE('',#567,#569,#3561,.T.);
#3563=ORIENTED_EDGE('',*,*,#3562,.F.);
#3564=DIRECTION('',(0.5957,0.803207,0));
#3565=VECTOR('',#3564,0.245338);
#3566=LINE('',#564,#3565);
#3567=EDGE_CURVE('',#565,#567,#3566,.T.);
#3568=ORIENTED_EDGE('',*,*,#3567,.F.);
#3569=DIRECTION('',(0.514103,0.857729,0));
#3570=VECTOR('',#3569,0.245338);
#3571=LINE('',#562,#3570);
#3572=EDGE_CURVE('',#563,#565,#3571,.T.);
#3573=ORIENTED_EDGE('',*,*,#3572,.F.);
#3574=DIRECTION('',(0.427555,0.903989,0));
#3575=VECTOR('',#3574,0.245338);
#3576=LINE('',#560,#3575);
#3577=EDGE_CURVE('',#561,#563,#3576,.T.);
#3578=ORIENTED_EDGE('',*,*,#3577,.F.);
#3579=DIRECTION('',(0.33689,0.941544,0));
#3580=VECTOR('',#3579,0.245338);
#3581=LINE('',#558,#3580);
#3582=EDGE_CURVE('',#559,#561,#3581,.T.);
#3583=ORIENTED_EDGE('',*,*,#3582,.F.);
#3584=DIRECTION('',(0.24298,0.970031,0));
#3585=VECTOR('',#3584,0.245338);
#3586=LINE('',#556,#3585);
#3587=EDGE_CURVE('',#557,#559,#3586,.T.);
#3588=ORIENTED_EDGE('',*,*,#3587,.F.);
#3589=DIRECTION('',(0.14673,0.989177,0));
#3590=VECTOR('',#3589,0.245338);
#3591=LINE('',#554,#3590);
#3592=EDGE_CURVE('',#555,#557,#3591,.T.);
#3593=ORIENTED_EDGE('',*,*,#3592,.F.);
#3594=DIRECTION('',(0.049068,0.998795,0));
#3595=VECTOR('',#3594,0.245338);
#3596=LINE('',#552,#3595);
#3597=EDGE_CURVE('',#553,#555,#3596,.T.);
#3598=ORIENTED_EDGE('',*,*,#3597,.F.);
#3599=DIRECTION('',(-0.049068,0.998795,0));
#3600=VECTOR('',#3599,0.245338);
#3601=LINE('',#198,#3600);
#3602=EDGE_CURVE('',#199,#553,#3601,.T.);
#3603=ORIENTED_EDGE('',*,*,#3602,.F.);
#3604=DIRECTION('',(-0.14673,0.989177,0));
#3605=VECTOR('',#3604,0.245338);
#3606=LINE('',#196,#3605);
#3607=EDGE_CURVE('',#197,#199,#3606,.T.);
#3608=ORIENTED_EDGE('',*,*,#3607,.F.);
#3609=DIRECTION('',(0.24298,-0.970031,0));
#3610=VECTOR('',#3609,0.245338);
#3611=LINE('',#196,#3610);
#3612=EDGE_CURVE('',#197,#221,#3611,.T.);
#3613=ORIENTED_EDGE('',*,*,#3612,.T.);
#3614=DIRECTION('',(-0.33689,0.941544,0));
#3615=VECTOR('',#3614,0.245338);
#3616=LINE('',#218,#3615);
#3617=EDGE_CURVE('',#219,#221,#3616,.T.);
#3618=ORIENTED_EDGE('',*,*,#3617,.F.);
#3619=DIRECTION('',(-0.427555,0.903989,0));
#3620=VECTOR('',#3619,0.245338);
#3621=LINE('',#206,#3620);
#3622=EDGE_CURVE('',#207,#219,#3621,.T.);
#3623=ORIENTED_EDGE('',*,*,#3622,.F.);
#3624=DIRECTION('',(0.514103,-0.857729,0));
#3625=VECTOR('',#3624,0.245338);
#3626=LINE('',#206,#3625);
#3627=EDGE_CURVE('',#207,#211,#3626,.T.);
#3628=ORIENTED_EDGE('',*,*,#3627,.T.);
#3629=DIRECTION('',(-0.5957,0.803207,0));
#3630=VECTOR('',#3629,0.245338);
#3631=LINE('',#208,#3630);
#3632=EDGE_CURVE('',#209,#211,#3631,.T.);
#3633=ORIENTED_EDGE('',*,*,#3632,.F.);
#3634=DIRECTION('',(0.671559,-0.740951,0));
#3635=VECTOR('',#3634,0.245338);
#3636=LINE('',#208,#3635);
#3637=EDGE_CURVE('',#209,#213,#3636,.T.);
#3638=ORIENTED_EDGE('',*,*,#3637,.T.);
#3639=DIRECTION('',(0.740951,-0.671559,0));
#3640=VECTOR('',#3639,0.245338);
#3641=LINE('',#212,#3640);
#3642=EDGE_CURVE('',#213,#215,#3641,.T.);
#3643=ORIENTED_EDGE('',*,*,#3642,.T.);
#3644=DIRECTION('',(0.803207,-0.5957,0));
#3645=VECTOR('',#3644,0.245338);
#3646=LINE('',#214,#3645);
#3647=EDGE_CURVE('',#215,#217,#3646,.T.);
#3648=ORIENTED_EDGE('',*,*,#3647,.T.);
#3649=DIRECTION('',(0.857729,-0.514103,0));
#3650=VECTOR('',#3649,0.245338);
#3651=LINE('',#216,#3650);
#3652=EDGE_CURVE('',#217,#223,#3651,.T.);
#3653=ORIENTED_EDGE('',*,*,#3652,.T.);
#3654=DIRECTION('',(0.903989,-0.427555,0));
#3655=VECTOR('',#3654,0.245338);
#3656=LINE('',#222,#3655);
#3657=EDGE_CURVE('',#223,#225,#3656,.T.);
#3658=ORIENTED_EDGE('',*,*,#3657,.T.);
#3659=DIRECTION('',(-0.941544,0.33689,0));
#3660=VECTOR('',#3659,0.245338);
#3661=LINE('',#200,#3660);
#3662=EDGE_CURVE('',#201,#225,#3661,.T.);
#3663=ORIENTED_EDGE('',*,*,#3662,.F.);
#3664=DIRECTION('',(0.970031,-0.24298,0));
#3665=VECTOR('',#3664,0.245338);
#3666=LINE('',#200,#3665);
#3667=EDGE_CURVE('',#201,#203,#3666,.T.);
#3668=ORIENTED_EDGE('',*,*,#3667,.T.);
#3669=DIRECTION('',(0.989177,-0.14673,0));
#3670=VECTOR('',#3669,0.245338);
#3671=LINE('',#202,#3670);
#3672=EDGE_CURVE('',#203,#205,#3671,.T.);
#3673=ORIENTED_EDGE('',*,*,#3672,.T.);
#3674=DIRECTION('',(0.998795,-0.049068,0));
#3675=VECTOR('',#3674,0.245338);
#3676=LINE('',#204,#3675);
#3677=EDGE_CURVE('',#205,#937,#3676,.T.);
#3678=ORIENTED_EDGE('',*,*,#3677,.T.);
#3679=DIRECTION('',(0.998795,0.049068,0));
#3680=VECTOR('',#3679,0.245338);
#3681=LINE('',#936,#3680);
#3682=EDGE_CURVE('',#937,#939,#3681,.T.);
#3683=ORIENTED_EDGE('',*,*,#3682,.T.);
#3684=DIRECTION('',(0.989177,0.14673,0));
#3685=VECTOR('',#3684,0.245338);
#3686=LINE('',#938,#3685);
#3687=EDGE_CURVE('',#939,#941,#3686,.T.);
#3688=ORIENTED_EDGE('',*,*,#3687,.T.);
#3689=DIRECTION('',(0.970031,0.24298,0));
#3690=VECTOR('',#3689,0.245338);
#3691=LINE('',#940,#3690);
#3692=EDGE_CURVE('',#941,#943,#3691,.T.);
#3693=ORIENTED_EDGE('',*,*,#3692,.T.);
#3694=DIRECTION('',(0.941544,0.33689,0));
#3695=VECTOR('',#3694,0.245338);
#3696=LINE('',#942,#3695);
#3697=EDGE_CURVE('',#943,#945,#3696,.T.);
#3698=ORIENTED_EDGE('',*,*,#3697,.T.);
#3699=DIRECTION('',(0.903989,0.427555,0));
#3700=VECTOR('',#3699,0.245338);
#3701=LINE('',#944,#3700);
#3702=EDGE_CURVE('',#945,#947,#3701,.T.);
#3703=ORIENTED_EDGE('',*,*,#3702,.T.);
#3704=DIRECTION('',(0.857729,0.514103,0));
#3705=VECTOR('',#3704,0.245338);
#3706=LINE('',#946,#3705);
#3707=EDGE_CURVE('',#947,#949,#3706,.T.);
#3708=ORIENTED_EDGE('',*,*,#3707,.T.);
#3709=DIRECTION('',(0.803207,0.5957,0));
#3710=VECTOR('',#3709,0.245338);
#3711=LINE('',#948,#3710);
#3712=EDGE_CURVE('',#949,#951,#3711,.T.);
#3713=ORIENTED_EDGE('',*,*,#3712,.T.);
#3714=DIRECTION('',(0.740951,0.671559,0));
#3715=VECTOR('',#3714,0.245338);
#3716=LINE('',#950,#3715);
#3717=EDGE_CURVE('',#951,#953,#3716,.T.);
#3718=ORIENTED_EDGE('',*,*,#3717,.T.);
#3719=DIRECTION('',(0.671559,0.740951,0));
#3720=VECTOR('',#3719,0.245338);
#3721=LINE('',#952,#3720);
#3722=EDGE_CURVE('',#953,#955,#3721,.T.);
#3723=ORIENTED_EDGE('',*,*,#3722,.T.);
#3724=DIRECTION('',(0.5957,0.803207,0));
#3725=VECTOR('',#3724,0.113268);
#3726=LINE('',#954,#3725);
#3727=EDGE_CURVE('',#955,#957,#3726,.T.);
#3728=ORIENTED_EDGE('',*,*,#3727,.T.);
#3729=DIRECTION('',(0,1,0));
#3730=VECTOR('',#3729,3.504995);
#3731=LINE('',#934,#3730);
#3732=EDGE_CURVE('',#935,#957,#3731,.T.);
#3733=ORIENTED_EDGE('',*,*,#3732,.F.);
#3734=DIRECTION('',(1,0,0));
#3735=VECTOR('',#3734,3);
#3736=LINE('',#934,#3735);
#3737=EDGE_CURVE('',#935,#959,#3736,.T.);
#3738=ORIENTED_EDGE('',*,*,#3737,.T.);
#3739=DIRECTION('',(0,1,0));
#3740=VECTOR('',#3739,10);
#3741=LINE('',#958,#3740);
#3742=EDGE_CURVE('',#959,#1307,#3741,.T.);
#3743=ORIENTED_EDGE('',*,*,#3742,.T.);
#3744=DIRECTION('',(1,0,0));
#3745=VECTOR('',#3744,3);
#3746=LINE('',#1304,#3745);
#3747=EDGE_CURVE('',#1305,#1307,#3746,.T.);
#3748=ORIENTED_EDGE('',*,*,#3747,.F.);
#3749=DIRECTION('',(0,1,0));
#3750=VECTOR('',#3749,3.504995);
#3751=LINE('',#1294,#3750);
#3752=EDGE_CURVE('',#1295,#1305,#3751,.T.);
#3753=ORIENTED_EDGE('',*,*,#3752,.F.);
#3754=DIRECTION('',(0.5957,-0.803207,0));
#3755=VECTOR('',#3754,0.113268);
#3756=LINE('',#1292,#3755);
#3757=EDGE_CURVE('',#1293,#1295,#3756,.T.);
#3758=ORIENTED_EDGE('',*,*,#3757,.F.);
#3759=DIRECTION('',(0.671559,-0.740951,0));
#3760=VECTOR('',#3759,0.245338);
#3761=LINE('',#1290,#3760);
#3762=EDGE_CURVE('',#1291,#1293,#3761,.T.);
#3763=ORIENTED_EDGE('',*,*,#3762,.F.);
#3764=DIRECTION('',(0.740951,-0.671559,0));
#3765=VECTOR('',#3764,0.245338);
#3766=LINE('',#1288,#3765);
#3767=EDGE_CURVE('',#1289,#1291,#3766,.T.);
#3768=ORIENTED_EDGE('',*,*,#3767,.F.);
#3769=DIRECTION('',(0.803207,-0.5957,0));
#3770=VECTOR('',#3769,0.245338);
#3771=LINE('',#1286,#3770);
#3772=EDGE_CURVE('',#1287,#1289,#3771,.T.);
#3773=ORIENTED_EDGE('',*,*,#3772,.F.);
#3774=DIRECTION('',(0.857729,-0.514103,0));
#3775=VECTOR('',#3774,0.245338);
#3776=LINE('',#1284,#3775);
#3777=EDGE_CURVE('',#1285,#1287,#3776,.T.);
#3778=ORIENTED_EDGE('',*,*,#3777,.F.);
#3779=DIRECTION('',(0.903989,-0.427555,0));
#3780=VECTOR('',#3779,0.245338);
#3781=LINE('',#1282,#3780);
#3782=EDGE_CURVE('',#1283,#1285,#3781,.T.);
#3783=ORIENTED_EDGE('',*,*,#3782,.F.);
#3784=DIRECTION('',(-0.941544,0.33689,0));
#3785=VECTOR('',#3784,0.245338);
#3786=LINE('',#1282,#3785);
#3787=EDGE_CURVE('',#1283,#1303,#3786,.T.);
#3788=ORIENTED_EDGE('',*,*,#3787,.T.);
#3789=DIRECTION('',(0.970031,-0.24298,0));
#3790=VECTOR('',#3789,0.245338);
#3791=LINE('',#1300,#3790);
#3792=EDGE_CURVE('',#1301,#1303,#3791,.T.);
#3793=ORIENTED_EDGE('',*,*,#3792,.F.);
#3794=DIRECTION('',(0.989177,-0.14673,0));
#3795=VECTOR('',#3794,0.245338);
#3796=LINE('',#1298,#3795);
#3797=EDGE_CURVE('',#1299,#1301,#3796,.T.);
#3798=ORIENTED_EDGE('',*,*,#3797,.F.);
#3799=DIRECTION('',(0.998795,-0.049068,0));
#3800=VECTOR('',#3799,0.245338);
#3801=LINE('',#1296,#3800);
#3802=EDGE_CURVE('',#1297,#1299,#3801,.T.);
#3803=ORIENTED_EDGE('',*,*,#3802,.F.);
#3804=DIRECTION('',(0.998795,0.049068,0));
#3805=VECTOR('',#3804,0.245338);
#3806=LINE('',#582,#3805);
#3807=EDGE_CURVE('',#583,#1297,#3806,.T.);
#3808=ORIENTED_EDGE('',*,*,#3807,.F.);
#3809=EDGE_LOOP('',(#3528,#3533,#3538,#3543,#3548,#3553,#3558,#3563,#3568,#3573,#3578,#3583,#3588,#3593,#3598,#3603,#3608,#3613,#3618,#3623,#3628,#3633,#3638,#3643,#3648,#3653,#3658,#3663,#3668,#3673,#3678,#3683,#3688,#3693,#3698,#3703,#3708,#3713,#3718,#3723,#3728,#3733,#3738,#3743,#3748,#3753,#3758,#3763,#3768,#3773,#3778,#3783,#3788,#3793,#3798,#3803,#3808));
#3810=FACE_BOUND('',#3809,.T.);
#3811=ADVANCED_FACE('',(#3523,#3810),#1701,.T.);
#3812=DIRECTION('',(-0.410673,-0.514968,0.752433));
#3813=DIRECTION('',(0,-0.825233,-0.564793));
#3814=AXIS2_PLACEMENT_3D('',#14,#3812,#3813);
#3815=PLANE('',#3814);
#3816=ORIENTED_EDGE('',*,*,#3305,.T.);
#3817=DIRECTION('',(0.451569,0.602044,0.658505));
#3818=VECTOR('',#3817,15.185922);
#3819=LINE('',#16,#3818);
#3820=EDGE_CURVE('',#17,#295,#3819,.T.);
#3821=ORIENTED_EDGE('',*,*,#3820,.T.);
#3822=DIRECTION('',(0.781831,-0.62349,0));
#3823=VECTOR('',#3822,1.596673);
#3824=LINE('',#288,#3823);
#3825=EDGE_CURVE('',#289,#295,#3824,.T.);
#3826=ORIENTED_EDGE('',*,*,#3825,.F.);
#3827=DIRECTION('',(0.486466,0.574214,0.658505));
#3828=VECTOR('',#3827,15.185923);
#3829=LINE('',#14,#3828);
#3830=EDGE_CURVE('',#15,#289,#3829,.T.);
#3831=ORIENTED_EDGE('',*,*,#3830,.F.);
#3832=EDGE_LOOP('',(#3816,#3821,#3826,#3831));
#3833=FACE_OUTER_BOUND('',#3832,.T.);
#3834=ADVANCED_FACE('',(#3833),#3815,.T.);
#3835=DIRECTION('',(-0.841083,0.103768,0.530859));
#3836=DIRECTION('',(0,-0.981426,0.191841));
#3837=AXIS2_PLACEMENT_3D('',#288,#3835,#3836);
#3838=PLANE('',#3837);
#3839=DIRECTION('',(0.122446,0.992475,0));
#3840=VECTOR('',#3839,0.75829);
#3841=LINE('',#288,#3840);
#3842=EDGE_CURVE('',#289,#291,#3841,.T.);
#3843=ORIENTED_EDGE('',*,*,#3842,.T.);
#3844=DIRECTION('',(0.490346,0.560579,0.667317));
#3845=VECTOR('',#3844,14.985378);
#3846=LINE('',#26,#3845);
#3847=EDGE_CURVE('',#27,#291,#3846,.T.);
#3848=ORIENTED_EDGE('',*,*,#3847,.F.);
#3849=ORIENTED_EDGE('',*,*,#3310,.F.);
#3850=ORIENTED_EDGE('',*,*,#3830,.T.);
#3851=EDGE_LOOP('',(#3843,#3848,#3849,#3850));
#3852=FACE_OUTER_BOUND('',#3851,.T.);
#3853=ADVANCED_FACE('',(#3852),#3838,.T.);
#3854=DIRECTION('',(-0.852938,0.15137,0.499583));
#3855=DIRECTION('',(0,-0.957034,0.289974));
#3856=AXIS2_PLACEMENT_3D('',#290,#3854,#3855);
#3857=PLANE('',#3856);
#3858=DIRECTION('',(0.174739,0.984615,0));
#3859=VECTOR('',#3858,0.740296);
#3860=LINE('',#290,#3859);
#3861=EDGE_CURVE('',#291,#293,#3860,.T.);
#3862=ORIENTED_EDGE('',*,*,#3861,.T.);
#3863=DIRECTION('',(0.493212,0.547174,0.676271));
#3864=VECTOR('',#3863,14.786966);
#3865=LINE('',#28,#3864);
#3866=EDGE_CURVE('',#29,#293,#3865,.T.);
#3867=ORIENTED_EDGE('',*,*,#3866,.F.);
#3868=ORIENTED_EDGE('',*,*,#3315,.F.);
#3869=ORIENTED_EDGE('',*,*,#3847,.T.);
#3870=EDGE_LOOP('',(#3862,#3867,#3868,#3869));
#3871=FACE_OUTER_BOUND('',#3870,.T.);
#3872=ADVANCED_FACE('',(#3871),#3857,.T.);
#3873=DIRECTION('',(-0.862136,0.203763,0.463899));
#3874=DIRECTION('',(0,-0.915571,0.402156));
#3875=AXIS2_PLACEMENT_3D('',#30,#3873,#3874);
#3876=PLANE('',#3875);
#3877=ORIENTED_EDGE('',*,*,#3320,.F.);
#3878=DIRECTION('',(0.488698,0.576144,0.655158));
#3879=VECTOR('',#3878,15.263496);
#3880=LINE('',#28,#3879);
#3881=EDGE_CURVE('',#29,#361,#3880,.T.);
#3882=ORIENTED_EDGE('',*,*,#3881,.T.);
#3883=DIRECTION('',(0.49501,0.534079,0.685365));
#3884=VECTOR('',#3883,14.590772);
#3885=LINE('',#30,#3884);
#3886=EDGE_CURVE('',#31,#361,#3885,.T.);
#3887=ORIENTED_EDGE('',*,*,#3886,.F.);
#3888=EDGE_LOOP('',(#3877,#3882,#3887));
#3889=FACE_OUTER_BOUND('',#3888,.T.);
#3890=ADVANCED_FACE('',(#3889),#3876,.T.);
#3891=DIRECTION('',(0.288325,-0.796905,0.53086));
#3892=DIRECTION('',(0,-0.554404,-0.832248));
#3893=AXIS2_PLACEMENT_3D('',#18,#3891,#3892);
#3894=PLANE('',#3893);
#3895=DIRECTION('',(0.402039,0.603919,0.68822));
#3896=VECTOR('',#3895,14.53024);
#3897=LINE('',#18,#3896);
#3898=EDGE_CURVE('',#19,#295,#3897,.T.);
#3899=ORIENTED_EDGE('',*,*,#3898,.T.);
#3900=ORIENTED_EDGE('',*,*,#3820,.F.);
#3901=ORIENTED_EDGE('',*,*,#3300,.T.);
#3902=EDGE_LOOP('',(#3899,#3900,#3901));
#3903=FACE_OUTER_BOUND('',#3902,.T.);
#3904=ADVANCED_FACE('',(#3903),#3894,.T.);
#3905=DIRECTION('',(0.337372,-0.79787,0.499582));
#3906=DIRECTION('',(0,-0.530696,-0.847562));
#3907=AXIS2_PLACEMENT_3D('',#18,#3905,#3906);
#3908=PLANE('',#3907);
#3909=ORIENTED_EDGE('',*,*,#3295,.T.);
#3910=DIRECTION('',(0.389472,0.601449,0.697546));
#3911=VECTOR('',#3910,14.335979);
#3912=LINE('',#20,#3911);
#3913=EDGE_CURVE('',#21,#297,#3912,.T.);
#3914=ORIENTED_EDGE('',*,*,#3913,.T.);
#3915=DIRECTION('',(0.437411,0.602793,0.667317));
#3916=VECTOR('',#3915,14.985378);
#3917=LINE('',#18,#3916);
#3918=EDGE_CURVE('',#19,#297,#3917,.T.);
#3919=ORIENTED_EDGE('',*,*,#3918,.F.);
#3920=EDGE_LOOP('',(#3909,#3914,#3919));
#3921=FACE_OUTER_BOUND('',#3920,.T.);
#3922=ADVANCED_FACE('',(#3921),#3908,.T.);
#3923=DIRECTION('',(-0.867667,0.262055,0.422469));
#3924=DIRECTION('',(0,-0.849791,0.52712));
#3925=AXIS2_PLACEMENT_3D('',#32,#3923,#3924);
#3926=PLANE('',#3925);
#3927=ORIENTED_EDGE('',*,*,#3325,.F.);
#3928=DIRECTION('',(0.493073,0.562167,0.663963));
#3929=VECTOR('',#3928,15.061074);
#3930=LINE('',#30,#3929);
#3931=EDGE_CURVE('',#31,#363,#3930,.T.);
#3932=ORIENTED_EDGE('',*,*,#3931,.T.);
#3933=DIRECTION('',(0.495672,0.521391,0.694595));
#3934=VECTOR('',#3933,14.396889);
#3935=LINE('',#32,#3934);
#3936=EDGE_CURVE('',#33,#363,#3935,.T.);
#3937=ORIENTED_EDGE('',*,*,#3936,.F.);
#3938=EDGE_LOOP('',(#3927,#3932,#3937));
#3939=FACE_OUTER_BOUND('',#3938,.T.);
#3940=ADVANCED_FACE('',(#3939),#3926,.T.);
#3941=DIRECTION('',(-0.86787,0.328038,0.373085));
#3942=DIRECTION('',(0,-0.75099,0.660314));
#3943=AXIS2_PLACEMENT_3D('',#364,#3941,#3942);
#3944=PLANE('',#3943);
#3945=DIRECTION('',(0.495101,0.509234,0.703957));
#3946=VECTOR('',#3945,14.205411);
#3947=LINE('',#34,#3946);
#3948=EDGE_CURVE('',#35,#365,#3947,.T.);
#3949=ORIENTED_EDGE('',*,*,#3948,.F.);
#3950=ORIENTED_EDGE('',*,*,#3330,.F.);
#3951=ORIENTED_EDGE('',*,*,#3936,.T.);
#3952=DIRECTION('',(0.353567,0.935409,0));
#3953=VECTOR('',#3952,0.686284);
#3954=LINE('',#362,#3953);
#3955=EDGE_CURVE('',#363,#365,#3954,.T.);
#3956=ORIENTED_EDGE('',*,*,#3955,.T.);
#3957=EDGE_LOOP('',(#3949,#3950,#3951,#3956));
#3958=FACE_OUTER_BOUND('',#3957,.T.);
#3959=ADVANCED_FACE('',(#3958),#3944,.T.);
#3960=DIRECTION('',(-0.859579,0.405049,0.311544));
#3961=DIRECTION('',(0,-0.609671,0.792654));
#3962=AXIS2_PLACEMENT_3D('',#36,#3960,#3961);
#3963=PLANE('',#3962);
#3964=ORIENTED_EDGE('',*,*,#3335,.F.);
#3965=DIRECTION('',(0.49909,0.534581,0.682006));
#3966=VECTOR('',#3965,14.662623);
#3967=LINE('',#34,#3966);
#3968=EDGE_CURVE('',#35,#367,#3967,.T.);
#3969=ORIENTED_EDGE('',*,*,#3968,.T.);
#3970=DIRECTION('',(0.493149,0.497791,0.713448));
#3971=VECTOR('',#3970,14.016435);
#3972=LINE('',#36,#3971);
#3973=EDGE_CURVE('',#37,#367,#3972,.T.);
#3974=ORIENTED_EDGE('',*,*,#3973,.F.);
#3975=EDGE_LOOP('',(#3964,#3969,#3974));
#3976=FACE_OUTER_BOUND('',#3975,.T.);
#3977=ADVANCED_FACE('',(#3976),#3963,.T.);
#3978=DIRECTION('',(-0.834812,0.501498,0.22713));
#3979=DIRECTION('',(0,-0.412563,0.910929));
#3980=AXIS2_PLACEMENT_3D('',#368,#3978,#3979);
#3981=PLANE('',#3980);
#3982=DIRECTION('',(0.489519,0.487393,0.723062));
#3983=VECTOR('',#3982,13.830066);
#3984=LINE('',#38,#3983);
#3985=EDGE_CURVE('',#39,#369,#3984,.T.);
#3986=ORIENTED_EDGE('',*,*,#3985,.F.);
#3987=ORIENTED_EDGE('',*,*,#3340,.F.);
#3988=DIRECTION('',(0.500938,0.520815,0.69124));
#3989=VECTOR('',#3988,14.466761);
#3990=LINE('',#36,#3989);
#3991=EDGE_CURVE('',#37,#369,#3990,.T.);
#3992=ORIENTED_EDGE('',*,*,#3991,.T.);
#3993=EDGE_LOOP('',(#3986,#3987,#3992));
#3994=FACE_OUTER_BOUND('',#3993,.T.);
#3995=ADVANCED_FACE('',(#3994),#3981,.T.);
#3996=DIRECTION('',(-0.751548,0.656329,0.066393));
#3997=DIRECTION('',(0,-0.100644,0.994922));
#3998=AXIS2_PLACEMENT_3D('',#370,#3996,#3997);
#3999=PLANE('',#3998);
#4000=DIRECTION('',(0.483163,0.479131,0.732794));
#4001=VECTOR('',#4000,13.646409);
#4002=LINE('',#40,#4001);
#4003=EDGE_CURVE('',#41,#371,#4002,.T.);
#4004=ORIENTED_EDGE('',*,*,#4003,.F.);
#4005=ORIENTED_EDGE('',*,*,#3345,.F.);
#4006=DIRECTION('',(0.503467,0.505637,0.700608));
#4007=VECTOR('',#4006,14.273309);
#4008=LINE('',#38,#4007);
#4009=EDGE_CURVE('',#39,#371,#4008,.T.);
#4010=ORIENTED_EDGE('',*,*,#4009,.T.);
#4011=EDGE_LOOP('',(#4004,#4005,#4010));
#4012=FACE_OUTER_BOUND('',#4011,.T.);
#4013=ADVANCED_FACE('',(#4012),#3999,.T.);
#4014=DIRECTION('',(-0.704137,0.710064,-0.000001));
#4015=DIRECTION('',(-0,0.000001,1));
#4016=AXIS2_PLACEMENT_3D('',#372,#4014,#4015);
#4017=PLANE('',#4016);
#4018=DIRECTION('',(0.710064,0.704137,0));
#4019=VECTOR('',#4018,0.630952);
#4020=LINE('',#372,#4019);
#4021=EDGE_CURVE('',#373,#375,#4020,.T.);
#4022=ORIENTED_EDGE('',*,*,#4021,.T.);
#4023=DIRECTION('',(0.493038,0.488923,0.71963));
#4024=VECTOR('',#4023,13.896025);
#4025=LINE('',#42,#4024);
#4026=EDGE_CURVE('',#43,#375,#4025,.T.);
#4027=ORIENTED_EDGE('',*,*,#4026,.F.);
#4028=ORIENTED_EDGE('',*,*,#3350,.F.);
#4029=DIRECTION('',(0.499985,0.495813,0.710059));
#4030=VECTOR('',#4029,14.083333);
#4031=LINE('',#40,#4030);
#4032=EDGE_CURVE('',#41,#373,#4031,.T.);
#4033=ORIENTED_EDGE('',*,*,#4032,.T.);
#4034=EDGE_LOOP('',(#4022,#4027,#4028,#4033));
#4035=FACE_OUTER_BOUND('',#4034,.T.);
#4036=ADVANCED_FACE('',(#4035),#4017,.T.);
#4037=DIRECTION('',(-0.704137,0.710064,-0.000001));
#4038=DIRECTION('',(-0,0.000001,1));
#4039=AXIS2_PLACEMENT_3D('',#46,#4037,#4038);
#4040=PLANE('',#4039);
#4041=DIRECTION('',(0.478278,0.474286,0.739123));
#4042=VECTOR('',#4041,13.529542);
#4043=LINE('',#46,#4042);
#4044=EDGE_CURVE('',#47,#401,#4043,.T.);
#4045=ORIENTED_EDGE('',*,*,#4044,.T.);
#4046=DIRECTION('',(0.450705,0.446944,0.772726));
#4047=VECTOR('',#4046,12.941194);
#4048=LINE('',#48,#4047);
#4049=EDGE_CURVE('',#49,#401,#4048,.T.);
#4050=ORIENTED_EDGE('',*,*,#4049,.F.);
#4051=ORIENTED_EDGE('',*,*,#3365,.F.);
#4052=EDGE_LOOP('',(#4045,#4050,#4051));
#4053=FACE_OUTER_BOUND('',#4052,.T.);
#4054=ADVANCED_FACE('',(#4053),#4040,.T.);
#4055=DIRECTION('',(-0.59344,-0.285785,0.752433));
#4056=DIRECTION('',(0,-0.934841,-0.355066));
#4057=AXIS2_PLACEMENT_3D('',#52,#4055,#4056);
#4058=PLANE('',#4057);
#4059=ORIENTED_EDGE('',*,*,#3435,.F.);
#4060=DIRECTION('',(0.617603,0.437791,0.65338));
#4061=VECTOR('',#4060,15.305027);
#4062=LINE('',#50,#4061);
#4063=EDGE_CURVE('',#51,#227,#4062,.T.);
#4064=ORIENTED_EDGE('',*,*,#4063,.T.);
#4065=DIRECTION('',(0.687433,0.30628,0.658505));
#4066=VECTOR('',#4065,15.185921);
#4067=LINE('',#52,#4066);
#4068=EDGE_CURVE('',#53,#227,#4067,.T.);
#4069=ORIENTED_EDGE('',*,*,#4068,.F.);
#4070=EDGE_LOOP('',(#4059,#4064,#4069));
#4071=FACE_OUTER_BOUND('',#4070,.T.);
#4072=ADVANCED_FACE('',(#4071),#4058,.T.);
#4073=DIRECTION('',(-0.085993,-0.843086,0.53086));
#4074=DIRECTION('',(0,-0.532833,-0.84622));
#4075=AXIS2_PLACEMENT_3D('',#58,#4073,#4074);
#4076=PLANE('',#4075);
#4077=DIRECTION('',(0.624255,0.369674,0.68822));
#4078=VECTOR('',#4077,14.530239);
#4079=LINE('',#58,#4078);
#4080=EDGE_CURVE('',#59,#231,#4079,.T.);
#4081=ORIENTED_EDGE('',*,*,#4080,.T.);
#4082=DIRECTION('',(0.668067,0.346495,0.658505));
#4083=VECTOR('',#4082,15.185922);
#4084=LINE('',#50,#4083);
#4085=EDGE_CURVE('',#51,#231,#4084,.T.);
#4086=ORIENTED_EDGE('',*,*,#4085,.F.);
#4087=ORIENTED_EDGE('',*,*,#3430,.T.);
#4088=EDGE_LOOP('',(#4081,#4086,#4087));
#4089=FACE_OUTER_BOUND('',#4088,.T.);
#4090=ADVANCED_FACE('',(#4089),#4076,.T.);
#4091=DIRECTION('',(-0.042221,-0.865237,0.499583));
#4092=DIRECTION('',(0,-0.500029,-0.866009));
#4093=AXIS2_PLACEMENT_3D('',#232,#4091,#4092);
#4094=PLANE('',#4093);
#4095=DIRECTION('',(0.655636,0.353312,0.667317));
#4096=VECTOR('',#4095,14.985377);
#4097=LINE('',#58,#4096);
#4098=EDGE_CURVE('',#59,#233,#4097,.T.);
#4099=ORIENTED_EDGE('',*,*,#4098,.F.);
#4100=ORIENTED_EDGE('',*,*,#3425,.T.);
#4101=DIRECTION('',(0.611861,0.372902,0.697546));
#4102=VECTOR('',#4101,14.335979);
#4103=LINE('',#60,#4102);
#4104=EDGE_CURVE('',#61,#233,#4103,.T.);
#4105=ORIENTED_EDGE('',*,*,#4104,.T.);
#4106=EDGE_LOOP('',(#4099,#4100,#4105));
#4107=FACE_OUTER_BOUND('',#4106,.T.);
#4108=ADVANCED_FACE('',(#4107),#4094,.T.);
#4109=DIRECTION('',(-0.712767,0.458423,0.53086));
#4110=DIRECTION('',(0,-0.756856,0.653581));
#4111=AXIS2_PLACEMENT_3D('',#228,#4109,#4110);
#4112=PLANE('',#4111);
#4113=DIRECTION('',(0.685013,0.292311,0.667317));
#4114=VECTOR('',#4113,14.985377);
#4115=LINE('',#54,#4114);
#4116=EDGE_CURVE('',#55,#229,#4115,.T.);
#4117=ORIENTED_EDGE('',*,*,#4116,.F.);
#4118=ORIENTED_EDGE('',*,*,#3440,.F.);
#4119=DIRECTION('',(0.692183,0.337425,0.637987));
#4120=VECTOR('',#4119,15.674313);
#4121=LINE('',#52,#4120);
#4122=EDGE_CURVE('',#53,#229,#4121,.T.);
#4123=ORIENTED_EDGE('',*,*,#4122,.T.);
#4124=EDGE_LOOP('',(#4117,#4118,#4123));
#4125=FACE_OUTER_BOUND('',#4124,.T.);
#4126=ADVANCED_FACE('',(#4125),#4112,.T.);
#4127=DIRECTION('',(-0.702794,0.506455,0.499584));
#4128=DIRECTION('',(0,-0.702261,0.71192));
#4129=AXIS2_PLACEMENT_3D('',#54,#4127,#4128);
#4130=PLANE('',#4129);
#4131=DIRECTION('',(0.691623,0.32202,0.646499));
#4132=VECTOR('',#4131,15.467934);
#4133=LINE('',#54,#4132);
#4134=EDGE_CURVE('',#55,#239,#4133,.T.);
#4135=ORIENTED_EDGE('',*,*,#4134,.T.);
#4136=DIRECTION('',(0.681778,0.27899,0.676271));
#4137=VECTOR('',#4136,14.786966);
#4138=LINE('',#56,#4137);
#4139=EDGE_CURVE('',#57,#239,#4138,.T.);
#4140=ORIENTED_EDGE('',*,*,#4139,.F.);
#4141=ORIENTED_EDGE('',*,*,#3445,.F.);
#4142=EDGE_LOOP('',(#4135,#4140,#4141));
#4143=FACE_OUTER_BOUND('',#4142,.T.);
#4144=ADVANCED_FACE('',(#4143),#4130,.T.);
#4145=DIRECTION('',(-0.688348,0.557651,0.4639));
#4146=DIRECTION('',(0,-0.639526,0.76877));
#4147=AXIS2_PLACEMENT_3D('',#56,#4145,#4146);
#4148=PLANE('',#4147);
#4149=DIRECTION('',(0.690281,0.30705,0.655158));
#4150=VECTOR('',#4149,15.263496);
#4151=LINE('',#56,#4150);
#4152=EDGE_CURVE('',#57,#257,#4151,.T.);
#4153=ORIENTED_EDGE('',*,*,#4152,.T.);
#4154=DIRECTION('',(0.677717,0.266412,0.685365));
#4155=VECTOR('',#4154,14.590772);
#4156=LINE('',#68,#4155);
#4157=EDGE_CURVE('',#69,#257,#4156,.T.);
#4158=ORIENTED_EDGE('',*,*,#4157,.F.);
#4159=ORIENTED_EDGE('',*,*,#3450,.F.);
#4160=EDGE_LOOP('',(#4153,#4158,#4159));
#4161=FACE_OUTER_BOUND('',#4160,.T.);
#4162=ADVANCED_FACE('',(#4161),#4148,.T.);
#4163=DIRECTION('',(-0.668039,0.612571,0.422469));
#4164=DIRECTION('',(0,-0.567739,0.823209));
#4165=AXIS2_PLACEMENT_3D('',#68,#4163,#4164);
#4166=PLANE('',#4165);
#4167=DIRECTION('',(0.688158,0.292559,0.663963));
#4168=VECTOR('',#4167,15.061075);
#4169=LINE('',#68,#4168);
#4170=EDGE_CURVE('',#69,#259,#4169,.T.);
#4171=ORIENTED_EDGE('',*,*,#4170,.T.);
#4172=DIRECTION('',(0.672808,0.254693,0.694595));
#4173=VECTOR('',#4172,14.396889);
#4174=LINE('',#70,#4173);
#4175=EDGE_CURVE('',#71,#259,#4174,.T.);
#4176=ORIENTED_EDGE('',*,*,#4175,.F.);
#4177=ORIENTED_EDGE('',*,*,#3455,.F.);
#4178=EDGE_LOOP('',(#4171,#4176,#4177));
#4179=FACE_OUTER_BOUND('',#4178,.T.);
#4180=ADVANCED_FACE('',(#4179),#4166,.T.);
#4181=DIRECTION('',(-0.639594,0.672107,0.373085));
#4182=DIRECTION('',(0,-0.485337,0.874327));
#4183=AXIS2_PLACEMENT_3D('',#70,#4181,#4182);
#4184=PLANE('',#4183);
#4185=DIRECTION('',(0.68526,0.278578,0.672913));
#4186=VECTOR('',#4185,14.860757);
#4187=LINE('',#70,#4186);
#4188=EDGE_CURVE('',#71,#261,#4187,.T.);
#4189=ORIENTED_EDGE('',*,*,#4188,.T.);
#4190=DIRECTION('',(0.667019,0.243987,0.703957));
#4191=VECTOR('',#4190,14.205411);
#4192=LINE('',#72,#4191);
#4193=EDGE_CURVE('',#73,#261,#4192,.T.);
#4194=ORIENTED_EDGE('',*,*,#4193,.F.);
#4195=ORIENTED_EDGE('',*,*,#3460,.F.);
#4196=EDGE_LOOP('',(#4189,#4194,#4195));
#4197=FACE_OUTER_BOUND('',#4196,.T.);
#4198=ADVANCED_FACE('',(#4197),#4184,.T.);
#4199=DIRECTION('',(-0.443278,-0.722283,0.53086));
#4200=DIRECTION('',(0,-0.592224,-0.805774));
#4201=AXIS2_PLACEMENT_3D('',#82,#4199,#4200);
#4202=PLANE('',#4201);
#4203=ORIENTED_EDGE('',*,*,#1740,.F.);
#4204=DIRECTION('',(0.744004,0.033853,0.667317));
#4205=VECTOR('',#4204,14.985378);
#4206=LINE('',#80,#4205);
#4207=EDGE_CURVE('',#81,#249,#4206,.T.);
#4208=ORIENTED_EDGE('',*,*,#4207,.T.);
#4209=DIRECTION('',(0.852292,-0.523067,0));
#4210=VECTOR('',#4209,0.75829);
#4211=LINE('',#246,#4210);
#4212=EDGE_CURVE('',#247,#249,#4211,.T.);
#4213=ORIENTED_EDGE('',*,*,#4212,.F.);
#4214=DIRECTION('',(0.752246,0.022318,0.658505));
#4215=VECTOR('',#4214,15.185923);
#4216=LINE('',#82,#4215);
#4217=EDGE_CURVE('',#83,#247,#4216,.T.);
#4218=ORIENTED_EDGE('',*,*,#4217,.F.);
#4219=EDGE_LOOP('',(#4203,#4208,#4213,#4218));
#4220=FACE_OUTER_BOUND('',#4219,.T.);
#4221=ADVANCED_FACE('',(#4220),#4202,.T.);
#4222=DIRECTION('',(-0.336099,-0.841758,0.42247));
#4223=DIRECTION('',(0,-0.448565,-0.89375));
#4224=AXIS2_PLACEMENT_3D('',#252,#4222,#4223);
#4225=PLANE('',#4224);
#4226=DIRECTION('',(0.726193,0.054021,0.685365));
#4227=VECTOR('',#4226,14.59077);
#4228=LINE('',#86,#4227);
#4229=EDGE_CURVE('',#87,#253,#4228,.T.);
#4230=ORIENTED_EDGE('',*,*,#4229,.F.);
#4231=ORIENTED_EDGE('',*,*,#1725,.T.);
#4232=DIRECTION('',(0.692515,0.083143,0.716596));
#4233=VECTOR('',#4232,13.954865);
#4234=LINE('',#88,#4233);
#4235=EDGE_CURVE('',#89,#253,#4234,.T.);
#4236=ORIENTED_EDGE('',*,*,#4235,.T.);
#4237=EDGE_LOOP('',(#4230,#4231,#4236));
#4238=FACE_OUTER_BOUND('',#4237,.T.);
#4239=ADVANCED_FACE('',(#4238),#4225,.T.);
#4240=DIRECTION('',(-0.413452,-0.761232,0.499582));
#4241=DIRECTION('',(0,-0.548674,-0.836036));
#4242=AXIS2_PLACEMENT_3D('',#80,#4240,#4241);
#4243=PLANE('',#4242);
#4244=ORIENTED_EDGE('',*,*,#1735,.T.);
#4245=DIRECTION('',(0.713064,0.070496,0.697546));
#4246=VECTOR('',#4245,14.335979);
#4247=LINE('',#84,#4246);
#4248=EDGE_CURVE('',#85,#249,#4247,.T.);
#4249=ORIENTED_EDGE('',*,*,#4248,.T.);
#4250=ORIENTED_EDGE('',*,*,#4207,.F.);
#4251=EDGE_LOOP('',(#4244,#4249,#4250));
#4252=FACE_OUTER_BOUND('',#4251,.T.);
#4253=ADVANCED_FACE('',(#4252),#4243,.T.);
#4254=DIRECTION('',(-0.378225,-0.801089,0.463899));
#4255=DIRECTION('',(0,-0.501126,-0.865374));
#4256=AXIS2_PLACEMENT_3D('',#84,#4254,#4255);
#4257=PLANE('',#4256);
#4258=ORIENTED_EDGE('',*,*,#1730,.T.);
#4259=DIRECTION('',(0.702945,0.07753,0.707006));
#4260=VECTOR('',#4259,14.144153);
#4261=LINE('',#86,#4260);
#4262=EDGE_CURVE('',#87,#251,#4261,.T.);
#4263=ORIENTED_EDGE('',*,*,#4262,.T.);
#4264=DIRECTION('',(0.73531,0.044451,0.676271));
#4265=VECTOR('',#4264,14.786966);
#4266=LINE('',#84,#4265);
#4267=EDGE_CURVE('',#85,#251,#4266,.T.);
#4268=ORIENTED_EDGE('',*,*,#4267,.F.);
#4269=EDGE_LOOP('',(#4258,#4263,#4268));
#4270=FACE_OUTER_BOUND('',#4269,.T.);
#4271=ADVANCED_FACE('',(#4270),#4257,.T.);
#4272=DIRECTION('',(-0.284637,-0.883057,0.373085));
#4273=DIRECTION('',(0,-0.389183,-0.92116));
#4274=AXIS2_PLACEMENT_3D('',#88,#4272,#4273);
#4275=PLANE('',#4274);
#4276=ORIENTED_EDGE('',*,*,#1720,.T.);
#4277=DIRECTION('',(0.681828,0.087085,0.72631));
#4278=VECTOR('',#4277,13.768221);
#4279=LINE('',#90,#4278);
#4280=EDGE_CURVE('',#91,#255,#4279,.T.);
#4281=ORIENTED_EDGE('',*,*,#4280,.T.);
#4282=DIRECTION('',(0.716686,0.06245,0.694595));
#4283=VECTOR('',#4282,14.396889);
#4284=LINE('',#88,#4283);
#4285=EDGE_CURVE('',#89,#255,#4284,.T.);
#4286=ORIENTED_EDGE('',*,*,#4285,.F.);
#4287=EDGE_LOOP('',(#4276,#4281,#4286));
#4288=FACE_OUTER_BOUND('',#4287,.T.);
#4289=ADVANCED_FACE('',(#4288),#4275,.T.);
#4290=DIRECTION('',(-0.219259,-0.924589,0.311545));
#4291=DIRECTION('',(0,-0.319315,-0.947649));
#4292=AXIS2_PLACEMENT_3D('',#278,#4290,#4291);
#4293=PLANE('',#4292);
#4294=DIRECTION('',(0.706826,0.069584,0.703957));
#4295=VECTOR('',#4294,14.205411);
#4296=LINE('',#90,#4295);
#4297=EDGE_CURVE('',#91,#279,#4296,.T.);
#4298=ORIENTED_EDGE('',*,*,#4297,.F.);
#4299=ORIENTED_EDGE('',*,*,#1715,.T.);
#4300=DIRECTION('',(0.670958,0.088935,0.736143));
#4301=VECTOR('',#4300,13.584323);
#4302=LINE('',#92,#4301);
#4303=EDGE_CURVE('',#93,#279,#4302,.T.);
#4304=ORIENTED_EDGE('',*,*,#4303,.T.);
#4305=EDGE_LOOP('',(#4298,#4299,#4304));
#4306=FACE_OUTER_BOUND('',#4305,.T.);
#4307=ADVANCED_FACE('',(#4306),#4293,.T.);
#4308=DIRECTION('',(-0.128409,-0.965362,0.22713));
#4309=DIRECTION('',(0,-0.229026,-0.97342));
#4310=AXIS2_PLACEMENT_3D('',#92,#4308,#4309);
#4311=PLANE('',#4310);
#4312=ORIENTED_EDGE('',*,*,#1710,.T.);
#4313=DIRECTION('',(0.686269,0.078837,0.723062));
#4314=VECTOR('',#4313,13.830067);
#4315=LINE('',#94,#4314);
#4316=EDGE_CURVE('',#95,#275,#4315,.T.);
#4317=ORIENTED_EDGE('',*,*,#4316,.T.);
#4318=DIRECTION('',(0.991269,-0.131855,0));
#4319=VECTOR('',#4318,0.650077);
#4320=LINE('',#272,#4319);
#4321=EDGE_CURVE('',#273,#275,#4320,.T.);
#4322=ORIENTED_EDGE('',*,*,#4321,.F.);
#4323=DIRECTION('',(0.696662,0.075192,0.713448));
#4324=VECTOR('',#4323,14.016434);
#4325=LINE('',#92,#4324);
#4326=EDGE_CURVE('',#93,#273,#4325,.T.);
#4327=ORIENTED_EDGE('',*,*,#4326,.F.);
#4328=EDGE_LOOP('',(#4312,#4317,#4322,#4327));
#4329=FACE_OUTER_BOUND('',#4328,.T.);
#4330=ADVANCED_FACE('',(#4329),#4311,.T.);
#4331=DIRECTION('',(0.00681,-0.885861,0.4639));
#4332=DIRECTION('',(0,-0.463911,-0.885882));
#4333=AXIS2_PLACEMENT_3D('',#236,#4331,#4332);
#4334=PLANE('',#4333);
#4335=DIRECTION('',(0.99997,0.007687,0));
#4336=VECTOR('',#4335,0.7223);
#4337=LINE('',#234,#4336);
#4338=EDGE_CURVE('',#235,#237,#4337,.T.);
#4339=ORIENTED_EDGE('',*,*,#4338,.F.);
#4340=DIRECTION('',(0.643205,0.359088,0.676271));
#4341=VECTOR('',#4340,14.786965);
#4342=LINE('',#60,#4341);
#4343=EDGE_CURVE('',#61,#235,#4342,.T.);
#4344=ORIENTED_EDGE('',*,*,#4343,.F.);
#4345=ORIENTED_EDGE('',*,*,#3420,.T.);
#4346=DIRECTION('',(0.630839,0.363755,0.685365));
#4347=VECTOR('',#4346,14.590772);
#4348=LINE('',#62,#4347);
#4349=EDGE_CURVE('',#63,#237,#4348,.T.);
#4350=ORIENTED_EDGE('',*,*,#4349,.T.);
#4351=EDGE_LOOP('',(#4339,#4344,#4345,#4350));
#4352=FACE_OUTER_BOUND('',#4351,.T.);
#4353=ADVANCED_FACE('',(#4352),#4334,.T.);
#4354=DIRECTION('',(0.062411,-0.904226,0.422469));
#4355=DIRECTION('',(0,-0.423294,-0.905992));
#4356=AXIS2_PLACEMENT_3D('',#62,#4354,#4355);
#4357=PLANE('',#4356);
#4358=ORIENTED_EDGE('',*,*,#3415,.T.);
#4359=DIRECTION('',(0.58786,0.375381,0.716596));
#4360=VECTOR('',#4359,13.954866);
#4361=LINE('',#64,#4360);
#4362=EDGE_CURVE('',#65,#237,#4361,.T.);
#4363=ORIENTED_EDGE('',*,*,#4362,.T.);
#4364=ORIENTED_EDGE('',*,*,#4349,.F.);
#4365=EDGE_LOOP('',(#4358,#4363,#4364));
#4366=FACE_OUTER_BOUND('',#4365,.T.);
#4367=ADVANCED_FACE('',(#4366),#4357,.T.);
#4368=DIRECTION('',(0.126696,-0.919107,0.373083));
#4369=DIRECTION('',(0,-0.376114,-0.926573));
#4370=AXIS2_PLACEMENT_3D('',#240,#4368,#4369);
#4371=PLANE('',#4370);
#4372=DIRECTION('',(0.618616,0.367224,0.694594));
#4373=VECTOR('',#4372,14.39689);
#4374=LINE('',#64,#4373);
#4375=EDGE_CURVE('',#65,#241,#4374,.T.);
#4376=ORIENTED_EDGE('',*,*,#4375,.F.);
#4377=ORIENTED_EDGE('',*,*,#3410,.T.);
#4378=DIRECTION('',(0.576521,0.374295,0.72631));
#4379=VECTOR('',#4378,13.768221);
#4380=LINE('',#66,#4379);
#4381=EDGE_CURVE('',#67,#241,#4380,.T.);
#4382=ORIENTED_EDGE('',*,*,#4381,.T.);
#4383=EDGE_LOOP('',(#4376,#4377,#4382));
#4384=FACE_OUTER_BOUND('',#4383,.T.);
#4385=ADVANCED_FACE('',(#4384),#4371,.T.);
#4386=DIRECTION('',(0.203618,-0.928159,0.311545));
#4387=DIRECTION('',(0,-0.318211,-0.94802));
#4388=AXIS2_PLACEMENT_3D('',#242,#4386,#4387);
#4389=PLANE('',#4388);
#4390=DIRECTION('',(0.606637,0.369373,0.703957));
#4391=VECTOR('',#4390,14.20541);
#4392=LINE('',#66,#4391);
#4393=EDGE_CURVE('',#67,#243,#4392,.T.);
#4394=ORIENTED_EDGE('',*,*,#4393,.F.);
#4395=ORIENTED_EDGE('',*,*,#3405,.T.);
#4396=DIRECTION('',(0.565925,0.371245,0.736143));
#4397=VECTOR('',#4396,13.584324);
#4398=LINE('',#102,#4397);
#4399=EDGE_CURVE('',#103,#243,#4398,.T.);
#4400=ORIENTED_EDGE('',*,*,#4399,.T.);
#4401=EDGE_LOOP('',(#4394,#4395,#4400));
#4402=FACE_OUTER_BOUND('',#4401,.T.);
#4403=ADVANCED_FACE('',(#4402),#4389,.T.);
#4404=DIRECTION('',(0.30316,-0.925476,0.227131));
#4405=DIRECTION('',(0,-0.238348,-0.97118));
#4406=AXIS2_PLACEMENT_3D('',#102,#4404,#4405);
#4407=PLANE('',#4406);
#4408=ORIENTED_EDGE('',*,*,#3400,.T.);
#4409=DIRECTION('',(0.556609,0.365435,0.746086));
#4410=VECTOR('',#4409,13.403284);
#4411=LINE('',#104,#4410);
#4412=EDGE_CURVE('',#105,#245,#4411,.T.);
#4413=ORIENTED_EDGE('',*,*,#4412,.T.);
#4414=DIRECTION('',(0.595046,0.370016,0.713448));
#4415=VECTOR('',#4414,14.016434);
#4416=LINE('',#102,#4415);
#4417=EDGE_CURVE('',#103,#245,#4416,.T.);
#4418=ORIENTED_EDGE('',*,*,#4417,.F.);
#4419=EDGE_LOOP('',(#4408,#4413,#4418));
#4420=FACE_OUTER_BOUND('',#4419,.T.);
#4421=ADVANCED_FACE('',(#4420),#4407,.T.);
#4422=DIRECTION('',(0.472639,-0.878751,0.066392));
#4423=DIRECTION('',(0,-0.075338,-0.997158));
#4424=AXIS2_PLACEMENT_3D('',#376,#4422,#4423);
#4425=PLANE('',#4424);
#4426=DIRECTION('',(0.584101,0.36879,0.723062));
#4427=VECTOR('',#4426,13.830067);
#4428=LINE('',#104,#4427);
#4429=EDGE_CURVE('',#105,#377,#4428,.T.);
#4430=ORIENTED_EDGE('',*,*,#4429,.F.);
#4431=ORIENTED_EDGE('',*,*,#3395,.T.);
#4432=DIRECTION('',(0.550809,0.353382,0.756128));
#4433=VECTOR('',#4432,13.225269);
#4434=LINE('',#106,#4433);
#4435=EDGE_CURVE('',#107,#377,#4434,.T.);
#4436=ORIENTED_EDGE('',*,*,#4435,.T.);
#4437=EDGE_LOOP('',(#4430,#4431,#4436));
#4438=FACE_OUTER_BOUND('',#4437,.T.);
#4439=ADVANCED_FACE('',(#4438),#4425,.T.);
#4440=DIRECTION('',(-0.59871,0.737893,0.311545));
#4441=DIRECTION('',(0,-0.388962,0.921254));
#4442=AXIS2_PLACEMENT_3D('',#72,#4440,#4441);
#4443=PLANE('',#4442);
#4444=DIRECTION('',(0.68161,0.265094,0.682006));
#4445=VECTOR('',#4444,14.662623);
#4446=LINE('',#72,#4445);
#4447=EDGE_CURVE('',#73,#263,#4446,.T.);
#4448=ORIENTED_EDGE('',*,*,#4447,.T.);
#4449=DIRECTION('',(0.660295,0.234524,0.713448));
#4450=VECTOR('',#4449,14.016435);
#4451=LINE('',#74,#4450);
#4452=EDGE_CURVE('',#75,#263,#4451,.T.);
#4453=ORIENTED_EDGE('',*,*,#4452,.F.);
#4454=ORIENTED_EDGE('',*,*,#3465,.F.);
#4455=EDGE_LOOP('',(#4448,#4453,#4454));
#4456=FACE_OUTER_BOUND('',#4455,.T.);
#4457=ADVANCED_FACE('',(#4456),#4443,.T.);
#4458=DIRECTION('',(-0.534547,0.814047,0.227129));
#4459=DIRECTION('',(0,-0.268747,0.963211));
#4460=AXIS2_PLACEMENT_3D('',#74,#4458,#4459);
#4461=PLANE('',#4460);
#4462=DIRECTION('',(0.677303,0.251889,0.69124));
#4463=VECTOR('',#4462,14.46676);
#4464=LINE('',#74,#4463);
#4465=EDGE_CURVE('',#75,#265,#4464,.T.);
#4466=ORIENTED_EDGE('',*,*,#4465,.T.);
#4467=DIRECTION('',(0.652513,0.226732,0.723062));
#4468=VECTOR('',#4467,13.830065);
#4469=LINE('',#76,#4468);
#4470=EDGE_CURVE('',#77,#265,#4469,.T.);
#4471=ORIENTED_EDGE('',*,*,#4470,.F.);
#4472=ORIENTED_EDGE('',*,*,#3470,.F.);
#4473=EDGE_LOOP('',(#4466,#4471,#4472));
#4474=FACE_OUTER_BOUND('',#4473,.T.);
#4475=ADVANCED_FACE('',(#4474),#4461,.T.);
#4476=DIRECTION('',(0.535576,-0.844487,-0));
#4477=DIRECTION('',(0,0,-1));
#4478=AXIS2_PLACEMENT_3D('',#378,#4476,#4477);
#4479=PLANE('',#4478);
#4480=DIRECTION('',(0.574632,0.364433,0.732794));
#4481=VECTOR('',#4480,13.646409);
#4482=LINE('',#106,#4481);
#4483=EDGE_CURVE('',#107,#379,#4482,.T.);
#4484=ORIENTED_EDGE('',*,*,#4483,.F.);
#4485=ORIENTED_EDGE('',*,*,#3390,.T.);
#4486=DIRECTION('',(0.542671,0.344163,0.766199));
#4487=VECTOR('',#4486,13.051443);
#4488=LINE('',#108,#4487);
#4489=EDGE_CURVE('',#109,#379,#4488,.T.);
#4490=ORIENTED_EDGE('',*,*,#4489,.T.);
#4491=EDGE_LOOP('',(#4484,#4485,#4490));
#4492=FACE_OUTER_BOUND('',#4491,.T.);
#4493=ADVANCED_FACE('',(#4492),#4479,.T.);
#4494=DIRECTION('',(0.535576,-0.844487,-0));
#4495=DIRECTION('',(0,0,-1));
#4496=AXIS2_PLACEMENT_3D('',#380,#4494,#4495);
#4497=PLANE('',#4496);
#4498=DIRECTION('',(0.565551,0.358673,0.742634));
#4499=VECTOR('',#4498,13.465576);
#4500=LINE('',#108,#4499);
#4501=EDGE_CURVE('',#109,#381,#4500,.T.);
#4502=ORIENTED_EDGE('',*,*,#4501,.F.);
#4503=ORIENTED_EDGE('',*,*,#3385,.T.);
#4504=DIRECTION('',(0.532292,0.337581,0.77634));
#4505=VECTOR('',#4504,12.880952);
#4506=LINE('',#110,#4505);
#4507=EDGE_CURVE('',#111,#381,#4506,.T.);
#4508=ORIENTED_EDGE('',*,*,#4507,.T.);
#4509=EDGE_LOOP('',(#4502,#4503,#4508));
#4510=FACE_OUTER_BOUND('',#4509,.T.);
#4511=ADVANCED_FACE('',(#4510),#4497,.T.);
#4512=DIRECTION('',(0.535576,-0.844487,-0));
#4513=DIRECTION('',(0,0,-1));
#4514=AXIS2_PLACEMENT_3D('',#112,#4512,#4513);
#4515=PLANE('',#4514);
#4516=ORIENTED_EDGE('',*,*,#3375,.T.);
#4517=DIRECTION('',(0.510274,0.323617,0.796801));
#4518=VECTOR('',#4517,12.550178);
#4519=LINE('',#118,#4518);
#4520=EDGE_CURVE('',#119,#385,#4519,.T.);
#4521=ORIENTED_EDGE('',*,*,#4520,.T.);
#4522=DIRECTION('',(0.546263,0.346441,0.762611));
#4523=VECTOR('',#4522,13.112848);
#4524=LINE('',#112,#4523);
#4525=EDGE_CURVE('',#113,#385,#4524,.T.);
#4526=ORIENTED_EDGE('',*,*,#4525,.F.);
#4527=EDGE_LOOP('',(#4516,#4521,#4526));
#4528=FACE_OUTER_BOUND('',#4527,.T.);
#4529=ADVANCED_FACE('',(#4528),#4515,.T.);
#4530=DIRECTION('',(-0.605561,-0.482919,0.632523));
#4531=DIRECTION('',(0,-0.794828,-0.606835));
#4532=AXIS2_PLACEMENT_3D('',#118,#4530,#4531);
#4533=PLANE('',#4532);
#4534=ORIENTED_EDGE('',*,*,#3370,.F.);
#4535=ORIENTED_EDGE('',*,*,#4049,.T.);
#4536=DIRECTION('',(0.62349,-0.781832,0));
#4537=VECTOR('',#4536,4.171679);
#4538=LINE('',#386,#4537);
#4539=EDGE_CURVE('',#387,#401,#4538,.T.);
#4540=ORIENTED_EDGE('',*,*,#4539,.F.);
#4541=DIRECTION('',(0.53603,0.339951,0.772726));
#4542=VECTOR('',#4541,12.941194);
#4543=LINE('',#118,#4542);
#4544=EDGE_CURVE('',#119,#387,#4543,.T.);
#4545=ORIENTED_EDGE('',*,*,#4544,.F.);
#4546=EDGE_LOOP('',(#4534,#4535,#4540,#4545));
#4547=FACE_OUTER_BOUND('',#4546,.T.);
#4548=ADVANCED_FACE('',(#4547),#4533,.T.);
#4549=DIRECTION('',(0.535575,-0.844488,0));
#4550=DIRECTION('',(0,0,-1));
#4551=AXIS2_PLACEMENT_3D('',#110,#4549,#4550);
#4552=PLANE('',#4551);
#4553=ORIENTED_EDGE('',*,*,#3380,.T.);
#4554=DIRECTION('',(0.521498,0.330735,0.786546));
#4555=VECTOR('',#4554,12.713819);
#4556=LINE('',#112,#4555);
#4557=EDGE_CURVE('',#113,#383,#4556,.T.);
#4558=ORIENTED_EDGE('',*,*,#4557,.T.);
#4559=DIRECTION('',(0.844488,0.535575,0));
#4560=VECTOR('',#4559,0.630952);
#4561=LINE('',#380,#4560);
#4562=EDGE_CURVE('',#381,#383,#4561,.T.);
#4563=ORIENTED_EDGE('',*,*,#4562,.F.);
#4564=ORIENTED_EDGE('',*,*,#4507,.F.);
#4565=EDGE_LOOP('',(#4553,#4558,#4563,#4564));
#4566=FACE_OUTER_BOUND('',#4565,.T.);
#4567=ADVANCED_FACE('',(#4566),#4552,.T.);
#4568=DIRECTION('',(0.535575,-0.844488,0));
#4569=DIRECTION('',(0,0,-1));
#4570=AXIS2_PLACEMENT_3D('',#118,#4568,#4569);
#4571=PLANE('',#4570);
#4572=ORIENTED_EDGE('',*,*,#4544,.T.);
#4573=DIRECTION('',(0.844488,0.535575,0));
#4574=VECTOR('',#4573,0.630952);
#4575=LINE('',#384,#4574);
#4576=EDGE_CURVE('',#385,#387,#4575,.T.);
#4577=ORIENTED_EDGE('',*,*,#4576,.F.);
#4578=ORIENTED_EDGE('',*,*,#4520,.F.);
#4579=EDGE_LOOP('',(#4572,#4577,#4578));
#4580=FACE_OUTER_BOUND('',#4579,.T.);
#4581=ADVANCED_FACE('',(#4580),#4571,.T.);
#4582=DIRECTION('',(-0.39235,0.917417,0.066393));
#4583=DIRECTION('',(0,-0.072181,0.997392));
#4584=AXIS2_PLACEMENT_3D('',#78,#4582,#4583);
#4585=PLANE('',#4584);
#4586=ORIENTED_EDGE('',*,*,#3475,.F.);
#4587=DIRECTION('',(0.672996,0.237117,0.700608));
#4588=VECTOR('',#4587,14.27331);
#4589=LINE('',#76,#4588);
#4590=EDGE_CURVE('',#77,#267,#4589,.T.);
#4591=ORIENTED_EDGE('',*,*,#4590,.T.);
#4592=DIRECTION('',(0.643203,0.222046,0.732793));
#4593=VECTOR('',#4592,13.64641);
#4594=LINE('',#78,#4593);
#4595=EDGE_CURVE('',#79,#267,#4594,.T.);
#4596=ORIENTED_EDGE('',*,*,#4595,.F.);
#4597=EDGE_LOOP('',(#4586,#4591,#4596));
#4598=FACE_OUTER_BOUND('',#4597,.T.);
#4599=ADVANCED_FACE('',(#4598),#4585,.T.);
#4600=DIRECTION('',(-0.326321,0.945259,0));
#4601=DIRECTION('',(0,-0,1));
#4602=AXIS2_PLACEMENT_3D('',#270,#4600,#4601);
#4603=PLANE('',#4602);
#4604=DIRECTION('',(0.945259,0.326321,0));
#4605=VECTOR('',#4604,0.630954);
#4606=LINE('',#270,#4605);
#4607=EDGE_CURVE('',#271,#403,#4606,.T.);
#4608=ORIENTED_EDGE('',*,*,#4607,.T.);
#4609=DIRECTION('',(0.945259,0.326321,0));
#4610=VECTOR('',#4609,0.630952);
#4611=LINE('',#402,#4610);
#4612=EDGE_CURVE('',#403,#405,#4611,.T.);
#4613=ORIENTED_EDGE('',*,*,#4612,.T.);
#4614=DIRECTION('',(0.599993,0.207129,0.772726));
#4615=VECTOR('',#4614,12.941194);
#4616=LINE('',#122,#4615);
#4617=EDGE_CURVE('',#123,#405,#4616,.T.);
#4618=ORIENTED_EDGE('',*,*,#4617,.F.);
#4619=ORIENTED_EDGE('',*,*,#3495,.F.);
#4620=ORIENTED_EDGE('',*,*,#3490,.F.);
#4621=ORIENTED_EDGE('',*,*,#3485,.F.);
#4622=ORIENTED_EDGE('',*,*,#3480,.F.);
#4623=ORIENTED_EDGE('',*,*,#4595,.T.);
#4624=DIRECTION('',(0.945259,0.326321,0));
#4625=VECTOR('',#4624,0.630952);
#4626=LINE('',#266,#4625);
#4627=EDGE_CURVE('',#267,#269,#4626,.T.);
#4628=ORIENTED_EDGE('',*,*,#4627,.T.);
#4629=DIRECTION('',(0.945259,0.326321,0));
#4630=VECTOR('',#4629,0.630952);
#4631=LINE('',#268,#4630);
#4632=EDGE_CURVE('',#269,#271,#4631,.T.);
#4633=ORIENTED_EDGE('',*,*,#4632,.T.);
#4634=EDGE_LOOP('',(#4608,#4613,#4618,#4619,#4620,#4621,#4622,#4623,#4628,#4633));
#4635=FACE_OUTER_BOUND('',#4634,.T.);
#4636=ADVANCED_FACE('',(#4635),#4603,.T.);
#4637=DIRECTION('',(-0.755122,-0.172352,0.632523));
#4638=DIRECTION('',(0,-0.964824,-0.262898));
#4639=AXIS2_PLACEMENT_3D('',#404,#4637,#4638);
#4640=PLANE('',#4639);
#4641=DIRECTION('',(0.222521,-0.974928,0));
#4642=VECTOR('',#4641,4.171679);
#4643=LINE('',#286,#4642);
#4644=EDGE_CURVE('',#287,#405,#4643,.T.);
#4645=ORIENTED_EDGE('',*,*,#4644,.F.);
#4646=DIRECTION('',(0.630445,0.073711,0.772726));
#4647=VECTOR('',#4646,12.941193);
#4648=LINE('',#126,#4647);
#4649=EDGE_CURVE('',#127,#287,#4648,.T.);
#4650=ORIENTED_EDGE('',*,*,#4649,.F.);
#4651=ORIENTED_EDGE('',*,*,#3500,.F.);
#4652=ORIENTED_EDGE('',*,*,#4617,.T.);
#4653=EDGE_LOOP('',(#4645,#4650,#4651,#4652));
#4654=FACE_OUTER_BOUND('',#4653,.T.);
#4655=ADVANCED_FACE('',(#4654),#4640,.T.);
#4656=DIRECTION('',(0.044557,-0.996798,0.066393));
#4657=DIRECTION('',(0,-0.066459,-0.997789));
#4658=AXIS2_PLACEMENT_3D('',#276,#4656,#4657);
#4659=PLANE('',#4658);
#4660=DIRECTION('',(0.999002,0.044656,0));
#4661=VECTOR('',#4660,0.632532);
#4662=LINE('',#274,#4661);
#4663=EDGE_CURVE('',#275,#277,#4662,.T.);
#4664=ORIENTED_EDGE('',*,*,#4663,.F.);
#4665=ORIENTED_EDGE('',*,*,#4316,.F.);
#4666=ORIENTED_EDGE('',*,*,#1705,.T.);
#4667=DIRECTION('',(0.675847,0.079019,0.732793));
#4668=VECTOR('',#4667,13.64641);
#4669=LINE('',#96,#4668);
#4670=EDGE_CURVE('',#97,#277,#4669,.T.);
#4671=ORIENTED_EDGE('',*,*,#4670,.T.);
#4672=EDGE_LOOP('',(#4664,#4665,#4666,#4671));
#4673=FACE_OUTER_BOUND('',#4672,.T.);
#4674=ADVANCED_FACE('',(#4673),#4659,.T.);
#4675=DIRECTION('',(0.116127,-0.993234,-0));
#4676=DIRECTION('',(0,0,-1));
#4677=AXIS2_PLACEMENT_3D('',#96,#4675,#4676);
#4678=PLANE('',#4677);
#4679=ORIENTED_EDGE('',*,*,#3520,.T.);
#4680=ORIENTED_EDGE('',*,*,#3515,.T.);
#4681=ORIENTED_EDGE('',*,*,#3510,.T.);
#4682=DIRECTION('',(0.613354,0.071712,0.786546));
#4683=VECTOR('',#4682,12.713819);
#4684=LINE('',#124,#4683);
#4685=EDGE_CURVE('',#125,#283,#4684,.T.);
#4686=ORIENTED_EDGE('',*,*,#4685,.T.);
#4687=DIRECTION('',(0.993234,0.116127,0));
#4688=VECTOR('',#4687,0.630953);
#4689=LINE('',#280,#4688);
#4690=EDGE_CURVE('',#281,#283,#4689,.T.);
#4691=ORIENTED_EDGE('',*,*,#4690,.F.);
#4692=DIRECTION('',(0.993234,0.116127,0));
#4693=VECTOR('',#4692,0.630953);
#4694=LINE('',#276,#4693);
#4695=EDGE_CURVE('',#277,#281,#4694,.T.);
#4696=ORIENTED_EDGE('',*,*,#4695,.F.);
#4697=ORIENTED_EDGE('',*,*,#4670,.F.);
#4698=EDGE_LOOP('',(#4679,#4680,#4681,#4686,#4691,#4696,#4697));
#4699=FACE_OUTER_BOUND('',#4698,.T.);
#4700=ADVANCED_FACE('',(#4699),#4678,.T.);
#4701=DIRECTION('',(0.116127,-0.993234,-0));
#4702=DIRECTION('',(0,0,-1));
#4703=AXIS2_PLACEMENT_3D('',#126,#4701,#4702);
#4704=PLANE('',#4703);
#4705=ORIENTED_EDGE('',*,*,#4649,.T.);
#4706=DIRECTION('',(0.993234,0.116127,0));
#4707=VECTOR('',#4706,0.630953);
#4708=LINE('',#284,#4707);
#4709=EDGE_CURVE('',#285,#287,#4708,.T.);
#4710=ORIENTED_EDGE('',*,*,#4709,.F.);
#4711=DIRECTION('',(0.642481,0.075118,0.762611));
#4712=VECTOR('',#4711,13.112846);
#4713=LINE('',#124,#4712);
#4714=EDGE_CURVE('',#125,#285,#4713,.T.);
#4715=ORIENTED_EDGE('',*,*,#4714,.F.);
#4716=ORIENTED_EDGE('',*,*,#3505,.T.);
#4717=EDGE_LOOP('',(#4705,#4710,#4715,#4716));
#4718=FACE_OUTER_BOUND('',#4717,.T.);
#4719=ADVANCED_FACE('',(#4718),#4704,.T.);
#4720=DIRECTION('',(-0.924255,-0.081001,0.373084));
#4721=DIRECTION('',(0.374314,-0,0.927302));
#4722=AXIS2_PLACEMENT_3D('',#138,#4720,#4721);
#4723=PLANE('',#4722);
#4724=DIRECTION('',(0.209452,0.709449,0.672913));
#4725=VECTOR('',#4724,14.860757);
#4726=LINE('',#138,#4725);
#4727=EDGE_CURVE('',#139,#323,#4726,.T.);
#4728=ORIENTED_EDGE('',*,*,#4727,.T.);
#4729=DIRECTION('',(0.225123,0.67362,0.703957));
#4730=VECTOR('',#4729,14.205411);
#4731=LINE('',#140,#4730);
#4732=EDGE_CURVE('',#141,#323,#4731,.T.);
#4733=ORIENTED_EDGE('',*,*,#4732,.F.);
#4734=ORIENTED_EDGE('',*,*,#3200,.F.);
#4735=EDGE_LOOP('',(#4728,#4733,#4734));
#4736=FACE_OUTER_BOUND('',#4735,.T.);
#4737=ADVANCED_FACE('',(#4736),#4723,.T.);
#4738=DIRECTION('',(-0.950197,-0.008022,0.311546));
#4739=DIRECTION('',(0.311556,-0,0.950228));
#4740=AXIS2_PLACEMENT_3D('',#324,#4738,#4739);
#4741=PLANE('',#4740);
#4742=DIRECTION('',(0.228329,0.662463,0.713448));
#4743=VECTOR('',#4742,14.016435);
#4744=LINE('',#142,#4743);
#4745=EDGE_CURVE('',#143,#325,#4744,.T.);
#4746=ORIENTED_EDGE('',*,*,#4745,.F.);
#4747=ORIENTED_EDGE('',*,*,#3205,.F.);
#4748=DIRECTION('',(0.217718,0.698188,0.682006));
#4749=VECTOR('',#4748,14.662624);
#4750=LINE('',#140,#4749);
#4751=EDGE_CURVE('',#141,#325,#4750,.T.);
#4752=ORIENTED_EDGE('',*,*,#4751,.T.);
#4753=EDGE_LOOP('',(#4746,#4747,#4752));
#4754=FACE_OUTER_BOUND('',#4753,.T.);
#4755=ADVANCED_FACE('',(#4754),#4741,.T.);
#4756=DIRECTION('',(0.390496,-0.795179,0.4639));
#4757=DIRECTION('',(0,-0.503908,-0.863757));
#4758=AXIS2_PLACEMENT_3D('',#20,#4756,#4757);
#4759=PLANE('',#4758);
#4760=ORIENTED_EDGE('',*,*,#3290,.T.);
#4761=DIRECTION('',(0.377664,0.597924,0.707006));
#4762=VECTOR('',#4761,14.144154);
#4763=LINE('',#22,#4762);
#4764=EDGE_CURVE('',#23,#299,#4763,.T.);
#4765=ORIENTED_EDGE('',*,*,#4764,.T.);
#4766=DIRECTION('',(0.423705,0.602604,0.676271));
#4767=VECTOR('',#4766,14.786966);
#4768=LINE('',#20,#4767);
#4769=EDGE_CURVE('',#21,#299,#4768,.T.);
#4770=ORIENTED_EDGE('',*,*,#4769,.F.);
#4771=EDGE_LOOP('',(#4760,#4765,#4770));
#4772=FACE_OUTER_BOUND('',#4771,.T.);
#4773=ADVANCED_FACE('',(#4772),#4759,.T.);
#4774=DIRECTION('',(0.448559,-0.7876,0.42247));
#4775=DIRECTION('',(0,-0.472692,-0.881228));
#4776=AXIS2_PLACEMENT_3D('',#300,#4774,#4775);
#4777=PLANE('',#4776);
#4778=DIRECTION('',(0.410538,0.601443,0.685365));
#4779=VECTOR('',#4778,14.590772);
#4780=LINE('',#22,#4779);
#4781=EDGE_CURVE('',#23,#301,#4780,.T.);
#4782=ORIENTED_EDGE('',*,*,#4781,.F.);
#4783=ORIENTED_EDGE('',*,*,#3285,.T.);
#4784=DIRECTION('',(0.366772,0.593269,0.716596));
#4785=VECTOR('',#4784,13.954867);
#4786=LINE('',#24,#4785);
#4787=EDGE_CURVE('',#25,#301,#4786,.T.);
#4788=ORIENTED_EDGE('',*,*,#4787,.T.);
#4789=EDGE_LOOP('',(#4782,#4783,#4788));
#4790=FACE_OUTER_BOUND('',#4789,.T.);
#4791=ADVANCED_FACE('',(#4790),#4777,.T.);
#4792=DIRECTION('',(0.512934,-0.773115,0.373084));
#4793=DIRECTION('',(0,-0.434613,-0.900617));
#4794=AXIS2_PLACEMENT_3D('',#128,#4792,#4793);
#4795=PLANE('',#4794);
#4796=DIRECTION('',(0.357027,0.587372,0.72631));
#4797=VECTOR('',#4796,13.768221);
#4798=LINE('',#128,#4797);
#4799=EDGE_CURVE('',#129,#303,#4798,.T.);
#4800=ORIENTED_EDGE('',*,*,#4799,.T.);
#4801=DIRECTION('',(0.398021,0.599264,0.694595));
#4802=VECTOR('',#4801,14.396889);
#4803=LINE('',#24,#4802);
#4804=EDGE_CURVE('',#25,#303,#4803,.T.);
#4805=ORIENTED_EDGE('',*,*,#4804,.F.);
#4806=ORIENTED_EDGE('',*,*,#3280,.T.);
#4807=EDGE_LOOP('',(#4800,#4805,#4806));
#4808=FACE_OUTER_BOUND('',#4807,.T.);
#4809=ADVANCED_FACE('',(#4808),#4795,.T.);
#4810=DIRECTION('',(0.586166,-0.747896,0.311546));
#4811=DIRECTION('',(0,-0.384534,-0.923111));
#4812=AXIS2_PLACEMENT_3D('',#306,#4810,#4811);
#4813=PLANE('',#4812);
#4814=DIRECTION('',(0.787067,0.616867,0));
#4815=VECTOR('',#4814,0.668238);
#4816=LINE('',#304,#4815);
#4817=EDGE_CURVE('',#305,#307,#4816,.T.);
#4818=ORIENTED_EDGE('',*,*,#4817,.F.);
#4819=DIRECTION('',(0.386296,0.596003,0.703957));
#4820=VECTOR('',#4819,14.205411);
#4821=LINE('',#128,#4820);
#4822=EDGE_CURVE('',#129,#305,#4821,.T.);
#4823=ORIENTED_EDGE('',*,*,#4822,.F.);
#4824=ORIENTED_EDGE('',*,*,#3275,.T.);
#4825=DIRECTION('',(0.375574,0.591554,0.713448));
#4826=VECTOR('',#4825,14.016435);
#4827=LINE('',#150,#4826);
#4828=EDGE_CURVE('',#151,#307,#4827,.T.);
#4829=ORIENTED_EDGE('',*,*,#4828,.T.);
#4830=EDGE_LOOP('',(#4818,#4823,#4824,#4829));
#4831=FACE_OUTER_BOUND('',#4830,.T.);
#4832=ADVANCED_FACE('',(#4831),#4813,.T.);
#4833=DIRECTION('',(0.674689,-0.702287,0.227129));
#4834=DIRECTION('',(0,-0.30772,-0.951477));
#4835=AXIS2_PLACEMENT_3D('',#150,#4833,#4834);
#4836=PLANE('',#4835);
#4837=ORIENTED_EDGE('',*,*,#3270,.T.);
#4838=DIRECTION('',(0.342931,0.570749,0.746086));
#4839=VECTOR('',#4838,13.403284);
#4840=LINE('',#152,#4839);
#4841=EDGE_CURVE('',#153,#307,#4840,.T.);
#4842=ORIENTED_EDGE('',*,*,#4841,.T.);
#4843=ORIENTED_EDGE('',*,*,#4828,.F.);
#4844=EDGE_LOOP('',(#4837,#4842,#4843));
#4845=FACE_OUTER_BOUND('',#4844,.T.);
#4846=ADVANCED_FACE('',(#4845),#4836,.T.);
#4847=DIRECTION('',(0.807109,-0.586658,0.066393));
#4848=DIRECTION('',(0,-0.112454,-0.993657));
#4849=AXIS2_PLACEMENT_3D('',#308,#4847,#4848);
#4850=PLANE('',#4849);
#4851=DIRECTION('',(0.366245,0.585701,0.723062));
#4852=VECTOR('',#4851,13.830066);
#4853=LINE('',#152,#4852);
#4854=EDGE_CURVE('',#153,#309,#4853,.T.);
#4855=ORIENTED_EDGE('',*,*,#4854,.F.);
#4856=ORIENTED_EDGE('',*,*,#3265,.T.);
#4857=DIRECTION('',(0.342935,0.557374,0.756128));
#4858=VECTOR('',#4857,13.225269);
#4859=LINE('',#154,#4858);
#4860=EDGE_CURVE('',#155,#309,#4859,.T.);
#4861=ORIENTED_EDGE('',*,*,#4860,.T.);
#4862=EDGE_LOOP('',(#4855,#4856,#4861));
#4863=FACE_OUTER_BOUND('',#4862,.T.);
#4864=ADVANCED_FACE('',(#4863),#4850,.T.);
#4865=DIRECTION('',(0.848947,-0.528479,-0.000001));
#4866=DIRECTION('',(0,0.000002,-1));
#4867=AXIS2_PLACEMENT_3D('',#156,#4865,#4866);
#4868=PLANE('',#4867);
#4869=DIRECTION('',(0.339603,0.545536,0.766199));
#4870=VECTOR('',#4869,13.051443);
#4871=LINE('',#156,#4870);
#4872=EDGE_CURVE('',#157,#389,#4871,.T.);
#4873=ORIENTED_EDGE('',*,*,#4872,.T.);
#4874=DIRECTION('',(0.359604,0.577666,0.732794));
#4875=VECTOR('',#4874,13.646409);
#4876=LINE('',#154,#4875);
#4877=EDGE_CURVE('',#155,#389,#4876,.T.);
#4878=ORIENTED_EDGE('',*,*,#4877,.F.);
#4879=ORIENTED_EDGE('',*,*,#3260,.T.);
#4880=EDGE_LOOP('',(#4873,#4878,#4879));
#4881=FACE_OUTER_BOUND('',#4880,.T.);
#4882=ADVANCED_FACE('',(#4881),#4868,.T.);
#4883=DIRECTION('',(0.848947,-0.528479,-0.000001));
#4884=DIRECTION('',(0,0.000002,-1));
#4885=AXIS2_PLACEMENT_3D('',#394,#4883,#4884);
#4886=PLANE('',#4885);
#4887=DIRECTION('',(0.528479,0.848947,0));
#4888=VECTOR('',#4887,0.630952);
#4889=LINE('',#392,#4888);
#4890=EDGE_CURVE('',#393,#395,#4889,.T.);
#4891=ORIENTED_EDGE('',*,*,#4890,.F.);
#4892=DIRECTION('',(0.326353,0.524251,0.786546));
#4893=VECTOR('',#4892,12.713819);
#4894=LINE('',#160,#4893);
#4895=EDGE_CURVE('',#161,#393,#4894,.T.);
#4896=ORIENTED_EDGE('',*,*,#4895,.F.);
#4897=DIRECTION('',(0.341851,0.549147,0.762611));
#4898=VECTOR('',#4897,13.112847);
#4899=LINE('',#160,#4898);
#4900=EDGE_CURVE('',#161,#395,#4899,.T.);
#4901=ORIENTED_EDGE('',*,*,#4900,.T.);
#4902=EDGE_LOOP('',(#4891,#4896,#4901));
#4903=FACE_OUTER_BOUND('',#4902,.T.);
#4904=ADVANCED_FACE('',(#4903),#4886,.T.);
#4905=DIRECTION('',(-0.704138,0.710063,0.000001));
#4906=DIRECTION('',(0,-0.000001,1));
#4907=AXIS2_PLACEMENT_3D('',#374,#4905,#4906);
#4908=PLANE('',#4907);
#4909=DIRECTION('',(0.46758,0.463678,0.752577));
#4910=VECTOR('',#4909,13.287683);
#4911=LINE('',#44,#4910);
#4912=EDGE_CURVE('',#45,#375,#4911,.T.);
#4913=ORIENTED_EDGE('',*,*,#4912,.F.);
#4914=ORIENTED_EDGE('',*,*,#3355,.F.);
#4915=ORIENTED_EDGE('',*,*,#4026,.T.);
#4916=EDGE_LOOP('',(#4913,#4914,#4915));
#4917=FACE_OUTER_BOUND('',#4916,.T.);
#4918=ADVANCED_FACE('',(#4917),#4908,.T.);
#4919=DIRECTION('',(-0.704138,0.710063,0.000001));
#4920=DIRECTION('',(0,-0.000001,1));
#4921=AXIS2_PLACEMENT_3D('',#398,#4919,#4920);
#4922=PLANE('',#4921);
#4923=DIRECTION('',(0.45931,0.455477,0.762611));
#4924=VECTOR('',#4923,13.112846);
#4925=LINE('',#46,#4924);
#4926=EDGE_CURVE('',#47,#399,#4925,.T.);
#4927=ORIENTED_EDGE('',*,*,#4926,.F.);
#4928=ORIENTED_EDGE('',*,*,#3360,.F.);
#4929=DIRECTION('',(0.485806,0.481751,0.729321));
#4930=VECTOR('',#4929,13.711392);
#4931=LINE('',#44,#4930);
#4932=EDGE_CURVE('',#45,#399,#4931,.T.);
#4933=ORIENTED_EDGE('',*,*,#4932,.T.);
#4934=EDGE_LOOP('',(#4927,#4928,#4933));
#4935=FACE_OUTER_BOUND('',#4934,.T.);
#4936=ADVANCED_FACE('',(#4935),#4922,.T.);
#4937=DIRECTION('',(-0.704138,0.710063,0.000001));
#4938=DIRECTION('',(0,-0.000001,1));
#4939=AXIS2_PLACEMENT_3D('',#370,#4937,#4938);
#4940=PLANE('',#4939);
#4941=DIRECTION('',(0.710063,0.704138,0));
#4942=VECTOR('',#4941,0.630953);
#4943=LINE('',#370,#4942);
#4944=EDGE_CURVE('',#371,#373,#4943,.T.);
#4945=ORIENTED_EDGE('',*,*,#4944,.T.);
#4946=ORIENTED_EDGE('',*,*,#4032,.F.);
#4947=ORIENTED_EDGE('',*,*,#4003,.T.);
#4948=EDGE_LOOP('',(#4945,#4946,#4947));
#4949=FACE_OUTER_BOUND('',#4948,.T.);
#4950=ADVANCED_FACE('',(#4949),#4940,.T.);
#4951=DIRECTION('',(-0.969732,0.089624,0.227129));
#4952=DIRECTION('',(0.228047,-0,0.97365));
#4953=AXIS2_PLACEMENT_3D('',#142,#4951,#4952);
#4954=PLANE('',#4953);
#4955=DIRECTION('',(0.225357,0.686587,0.69124));
#4956=VECTOR('',#4955,14.46676);
#4957=LINE('',#142,#4956);
#4958=EDGE_CURVE('',#143,#327,#4957,.T.);
#4959=ORIENTED_EDGE('',*,*,#4958,.T.);
#4960=DIRECTION('',(0.229569,0.65152,0.723062));
#4961=VECTOR('',#4960,13.830065);
#4962=LINE('',#144,#4961);
#4963=EDGE_CURVE('',#145,#327,#4962,.T.);
#4964=ORIENTED_EDGE('',*,*,#4963,.F.);
#4965=ORIENTED_EDGE('',*,*,#3210,.F.);
#4966=EDGE_LOOP('',(#4959,#4964,#4965));
#4967=FACE_OUTER_BOUND('',#4966,.T.);
#4968=ADVANCED_FACE('',(#4967),#4954,.T.);
#4969=DIRECTION('',(0.848946,-0.52848,-0));
#4970=DIRECTION('',(0,0,-1));
#4971=AXIS2_PLACEMENT_3D('',#158,#4969,#4970);
#4972=PLANE('',#4971);
#4973=DIRECTION('',(0.348006,0.559035,0.752577));
#4974=VECTOR('',#4973,13.287683);
#4975=LINE('',#158,#4974);
#4976=EDGE_CURVE('',#159,#393,#4975,.T.);
#4977=ORIENTED_EDGE('',*,*,#4976,.T.);
#4978=DIRECTION('',(0.52848,0.848946,0));
#4979=VECTOR('',#4978,0.630952);
#4980=LINE('',#390,#4979);
#4981=EDGE_CURVE('',#391,#393,#4980,.T.);
#4982=ORIENTED_EDGE('',*,*,#4981,.F.);
#4983=DIRECTION('',(0.52848,0.848946,0));
#4984=VECTOR('',#4983,0.630952);
#4985=LINE('',#388,#4984);
#4986=EDGE_CURVE('',#389,#391,#4985,.T.);
#4987=ORIENTED_EDGE('',*,*,#4986,.F.);
#4988=ORIENTED_EDGE('',*,*,#4872,.F.);
#4989=ORIENTED_EDGE('',*,*,#3255,.T.);
#4990=EDGE_LOOP('',(#4977,#4982,#4987,#4988,#4989));
#4991=FACE_OUTER_BOUND('',#4990,.T.);
#4992=ADVANCED_FACE('',(#4991),#4972,.T.);
#4993=DIRECTION('',(0.848946,-0.52848,-0));
#4994=DIRECTION('',(0,0,-1));
#4995=AXIS2_PLACEMENT_3D('',#162,#4993,#4994);
#4996=PLANE('',#4995);
#4997=DIRECTION('',(0.335447,0.53886,0.772726));
#4998=VECTOR('',#4997,12.941194);
#4999=LINE('',#162,#4998);
#5000=EDGE_CURVE('',#163,#397,#4999,.T.);
#5001=ORIENTED_EDGE('',*,*,#5000,.T.);
#5002=DIRECTION('',(0.52848,0.848946,0));
#5003=VECTOR('',#5002,0.630952);
#5004=LINE('',#394,#5003);
#5005=EDGE_CURVE('',#395,#397,#5004,.T.);
#5006=ORIENTED_EDGE('',*,*,#5005,.F.);
#5007=ORIENTED_EDGE('',*,*,#4900,.F.);
#5008=ORIENTED_EDGE('',*,*,#3245,.T.);
#5009=EDGE_LOOP('',(#5001,#5006,#5007,#5008));
#5010=FACE_OUTER_BOUND('',#5009,.T.);
#5011=ADVANCED_FACE('',(#5010),#4996,.T.);
#5012=DIRECTION('',(0.848946,-0.52848,0.000001));
#5013=DIRECTION('',(0,-0.000002,-1));
#5014=AXIS2_PLACEMENT_3D('',#158,#5012,#5013);
#5015=PLANE('',#5014);
#5016=ORIENTED_EDGE('',*,*,#3250,.T.);
#5017=ORIENTED_EDGE('',*,*,#4895,.T.);
#5018=ORIENTED_EDGE('',*,*,#4976,.F.);
#5019=EDGE_LOOP('',(#5016,#5017,#5018));
#5020=FACE_OUTER_BOUND('',#5019,.T.);
#5021=ADVANCED_FACE('',(#5020),#5015,.T.);
#5022=DIRECTION('',(-0.336061,-0.697838,0.632523));
#5023=DIRECTION('',(0,-0.671582,-0.74093));
#5024=AXIS2_PLACEMENT_3D('',#396,#5022,#5023);
#5025=PLANE('',#5024);
#5026=ORIENTED_EDGE('',*,*,#5000,.F.);
#5027=ORIENTED_EDGE('',*,*,#3240,.T.);
#5028=DIRECTION('',(0.21215,0.598236,0.772726));
#5029=VECTOR('',#5028,12.941194);
#5030=LINE('',#192,#5029);
#5031=EDGE_CURVE('',#193,#407,#5030,.T.);
#5032=ORIENTED_EDGE('',*,*,#5031,.T.);
#5033=DIRECTION('',(0.900969,-0.433884,0));
#5034=VECTOR('',#5033,4.17168);
#5035=LINE('',#396,#5034);
#5036=EDGE_CURVE('',#397,#407,#5035,.T.);
#5037=ORIENTED_EDGE('',*,*,#5036,.F.);
#5038=EDGE_LOOP('',(#5026,#5027,#5032,#5037));
#5039=FACE_OUTER_BOUND('',#5038,.T.);
#5040=ADVANCED_FACE('',(#5039),#5025,.T.);
#5041=DIRECTION('',(-0.146568,-0.642154,0.752433));
#5042=DIRECTION('',(0,-0.760648,-0.649165));
#5043=AXIS2_PLACEMENT_3D('',#314,#5041,#5042);
#5044=PLANE('',#5043);
#5045=DIRECTION('',(0.189149,0.728419,0.658505));
#5046=VECTOR('',#5045,15.185923);
#5047=LINE('',#130,#5046);
#5048=EDGE_CURVE('',#131,#315,#5047,.T.);
#5049=ORIENTED_EDGE('',*,*,#5048,.F.);
#5050=ORIENTED_EDGE('',*,*,#3175,.T.);
#5051=DIRECTION('',(0.145632,0.738352,0.658505));
#5052=VECTOR('',#5051,15.185924);
#5053=LINE('',#166,#5052);
#5054=EDGE_CURVE('',#167,#317,#5053,.T.);
#5055=ORIENTED_EDGE('',*,*,#5054,.T.);
#5056=DIRECTION('',(0.974928,-0.222521,0));
#5057=VECTOR('',#5056,1.596672);
#5058=LINE('',#314,#5057);
#5059=EDGE_CURVE('',#315,#317,#5058,.T.);
#5060=ORIENTED_EDGE('',*,*,#5059,.F.);
#5061=EDGE_LOOP('',(#5049,#5050,#5055,#5060));
#5062=FACE_OUTER_BOUND('',#5061,.T.);
#5063=ADVANCED_FACE('',(#5062),#5044,.T.);
#5064=DIRECTION('',(0.605537,-0.592886,0.530858));
#5065=DIRECTION('',(0,-0.667061,-0.745003));
#5066=AXIS2_PLACEMENT_3D('',#166,#5064,#5065);
#5067=PLANE('',#5066);
#5068=ORIENTED_EDGE('',*,*,#3170,.T.);
#5069=DIRECTION('',(0.100194,0.71855,0.68822));
#5070=VECTOR('',#5069,14.53024);
#5071=LINE('',#168,#5070);
#5072=EDGE_CURVE('',#169,#317,#5071,.T.);
#5073=ORIENTED_EDGE('',*,*,#5072,.T.);
#5074=ORIENTED_EDGE('',*,*,#5054,.F.);
#5075=EDGE_LOOP('',(#5068,#5073,#5074));
#5076=FACE_OUTER_BOUND('',#5075,.T.);
#5077=ADVANCED_FACE('',(#5076),#5067,.T.);
#5078=DIRECTION('',(0.650144,-0.572477,0.499583));
#5079=DIRECTION('',(0,-0.657509,-0.753446));
#5080=AXIS2_PLACEMENT_3D('',#170,#5078,#5079);
#5081=PLANE('',#5080);
#5082=DIRECTION('',(0.089943,0.710873,0.697546));
#5083=VECTOR('',#5082,14.335979);
#5084=LINE('',#170,#5083);
#5085=EDGE_CURVE('',#171,#337,#5084,.T.);
#5086=ORIENTED_EDGE('',*,*,#5085,.T.);
#5087=DIRECTION('',(0.132552,0.732883,0.667317));
#5088=VECTOR('',#5087,14.985376);
#5089=LINE('',#168,#5088);
#5090=EDGE_CURVE('',#169,#337,#5089,.T.);
#5091=ORIENTED_EDGE('',*,*,#5090,.F.);
#5092=ORIENTED_EDGE('',*,*,#3165,.T.);
#5093=EDGE_LOOP('',(#5086,#5091,#5092));
#5094=FACE_OUTER_BOUND('',#5093,.T.);
#5095=ADVANCED_FACE('',(#5094),#5081,.T.);
#5096=DIRECTION('',(-0.834149,-0.233696,0.499582));
#5097=DIRECTION('',(0,-0.905795,-0.423716));
#5098=AXIS2_PLACEMENT_3D('',#310,#5096,#5097);
#5099=PLANE('',#5098);
#5100=DIRECTION('',(0.206959,0.706983,0.676271));
#5101=VECTOR('',#5100,14.786965);
#5102=LINE('',#134,#5101);
#5103=EDGE_CURVE('',#135,#311,#5102,.T.);
#5104=ORIENTED_EDGE('',*,*,#5103,.F.);
#5105=ORIENTED_EDGE('',*,*,#3185,.F.);
#5106=DIRECTION('',(0.179455,0.741509,0.646499));
#5107=VECTOR('',#5106,15.467936);
#5108=LINE('',#132,#5107);
#5109=EDGE_CURVE('',#133,#311,#5108,.T.);
#5110=ORIENTED_EDGE('',*,*,#5109,.T.);
#5111=EDGE_LOOP('',(#5104,#5105,#5110));
#5112=FACE_OUTER_BOUND('',#5111,.T.);
#5113=ADVANCED_FACE('',(#5112),#5099,.T.);
#5114=DIRECTION('',(-0.802812,-0.271441,0.53086));
#5115=DIRECTION('',(0,-0.890358,-0.455261));
#5116=AXIS2_PLACEMENT_3D('',#314,#5114,#5115);
#5117=PLANE('',#5116);
#5118=DIRECTION('',(-0.3203,0.947316,0));
#5119=VECTOR('',#5118,0.758289);
#5120=LINE('',#314,#5119);
#5121=EDGE_CURVE('',#315,#319,#5120,.T.);
#5122=ORIENTED_EDGE('',*,*,#5121,.T.);
#5123=DIRECTION('',(0.198561,0.717817,0.667317));
#5124=VECTOR('',#5123,14.985378);
#5125=LINE('',#132,#5124);
#5126=EDGE_CURVE('',#133,#319,#5125,.T.);
#5127=ORIENTED_EDGE('',*,*,#5126,.F.);
#5128=ORIENTED_EDGE('',*,*,#3180,.F.);
#5129=ORIENTED_EDGE('',*,*,#5048,.T.);
#5130=EDGE_LOOP('',(#5122,#5127,#5128,#5129));
#5131=FACE_OUTER_BOUND('',#5130,.T.);
#5132=ADVANCED_FACE('',(#5131),#5117,.T.);
#5133=DIRECTION('',(-0.865166,-0.190484,0.4639));
#5134=DIRECTION('',(0,-0.925052,-0.37984));
#5135=AXIS2_PLACEMENT_3D('',#312,#5133,#5134);
#5136=PLANE('',#5135);
#5137=DIRECTION('',(0.21426,0.695965,0.685365));
#5138=VECTOR('',#5137,14.590773);
#5139=LINE('',#136,#5138);
#5140=EDGE_CURVE('',#137,#313,#5139,.T.);
#5141=ORIENTED_EDGE('',*,*,#5140,.F.);
#5142=ORIENTED_EDGE('',*,*,#3190,.F.);
#5143=ORIENTED_EDGE('',*,*,#5103,.T.);
#5144=DIRECTION('',(-0.215021,0.97661,0));
#5145=VECTOR('',#5144,0.722299);
#5146=LINE('',#310,#5145);
#5147=EDGE_CURVE('',#311,#313,#5146,.T.);
#5148=ORIENTED_EDGE('',*,*,#5147,.T.);
#5149=EDGE_LOOP('',(#5141,#5142,#5143,#5148));
#5150=FACE_OUTER_BOUND('',#5149,.T.);
#5151=ADVANCED_FACE('',(#5150),#5136,.T.);
#5152=DIRECTION('',(-0.895443,-0.140363,0.42247));
#5153=DIRECTION('',(0,-0.948993,-0.315297));
#5154=AXIS2_PLACEMENT_3D('',#320,#5152,#5153);
#5155=PLANE('',#5154);
#5156=DIRECTION('',(0.220362,0.684821,0.694594));
#5157=VECTOR('',#5156,14.39689);
#5158=LINE('',#138,#5157);
#5159=EDGE_CURVE('',#139,#321,#5158,.T.);
#5160=ORIENTED_EDGE('',*,*,#5159,.F.);
#5161=ORIENTED_EDGE('',*,*,#3195,.F.);
#5162=DIRECTION('',(0.200328,0.720432,0.663963));
#5163=VECTOR('',#5162,15.061075);
#5164=LINE('',#136,#5163);
#5165=EDGE_CURVE('',#137,#321,#5164,.T.);
#5166=ORIENTED_EDGE('',*,*,#5165,.T.);
#5167=EDGE_LOOP('',(#5160,#5161,#5166));
#5168=FACE_OUTER_BOUND('',#5167,.T.);
#5169=ADVANCED_FACE('',(#5168),#5155,.T.);
#5170=DIRECTION('',(0.696841,-0.547001,0.4639));
#5171=DIRECTION('',(0,-0.646797,-0.762662));
#5172=AXIS2_PLACEMENT_3D('',#338,#5170,#5171);
#5173=PLANE('',#5172);
#5174=DIRECTION('',(0.120285,0.726766,0.676271));
#5175=VECTOR('',#5174,14.786966);
#5176=LINE('',#170,#5175);
#5177=EDGE_CURVE('',#171,#339,#5176,.T.);
#5178=ORIENTED_EDGE('',*,*,#5177,.F.);
#5179=ORIENTED_EDGE('',*,*,#3160,.T.);
#5180=DIRECTION('',(0.108926,0.720007,0.685365));
#5181=VECTOR('',#5180,14.590772);
#5182=LINE('',#172,#5181);
#5183=EDGE_CURVE('',#173,#341,#5182,.T.);
#5184=ORIENTED_EDGE('',*,*,#5183,.T.);
#5185=DIRECTION('',(0.617461,0.786602,0));
#5186=VECTOR('',#5185,0.722301);
#5187=LINE('',#338,#5186);
#5188=EDGE_CURVE('',#339,#341,#5187,.T.);
#5189=ORIENTED_EDGE('',*,*,#5188,.F.);
#5190=EDGE_LOOP('',(#5178,#5179,#5184,#5189));
#5191=FACE_OUTER_BOUND('',#5190,.T.);
#5192=ADVANCED_FACE('',(#5191),#5173,.T.);
#5193=DIRECTION('',(0.745864,-0.514981,0.42247));
#5194=DIRECTION('',(0,-0.634246,-0.773131));
#5195=AXIS2_PLACEMENT_3D('',#342,#5193,#5194);
#5196=PLANE('',#5195);
#5197=DIRECTION('',(0.568176,0.822907,0));
#5198=VECTOR('',#5197,0.704297);
#5199=LINE('',#340,#5198);
#5200=EDGE_CURVE('',#341,#343,#5199,.T.);
#5201=ORIENTED_EDGE('',*,*,#5200,.F.);
#5202=ORIENTED_EDGE('',*,*,#5183,.F.);
#5203=ORIENTED_EDGE('',*,*,#3155,.T.);
#5204=DIRECTION('',(0.098593,0.712613,0.694594));
#5205=VECTOR('',#5204,14.39689);
#5206=LINE('',#174,#5205);
#5207=EDGE_CURVE('',#175,#343,#5206,.T.);
#5208=ORIENTED_EDGE('',*,*,#5207,.T.);
#5209=EDGE_LOOP('',(#5201,#5202,#5203,#5208));
#5210=FACE_OUTER_BOUND('',#5209,.T.);
#5211=ADVANCED_FACE('',(#5210),#5196,.T.);
#5212=DIRECTION('',(0.797581,-0.473998,0.373083));
#5213=DIRECTION('',(0,-0.618494,-0.78579));
#5214=AXIS2_PLACEMENT_3D('',#342,#5212,#5213);
#5215=PLANE('',#5214);
#5216=ORIENTED_EDGE('',*,*,#5207,.F.);
#5217=ORIENTED_EDGE('',*,*,#3150,.T.);
#5218=DIRECTION('',(0.066819,0.684111,0.72631));
#5219=VECTOR('',#5218,13.768219);
#5220=LINE('',#176,#5219);
#5221=EDGE_CURVE('',#177,#343,#5220,.T.);
#5222=ORIENTED_EDGE('',*,*,#5221,.T.);
#5223=EDGE_LOOP('',(#5216,#5217,#5222));
#5224=FACE_OUTER_BOUND('',#5223,.T.);
#5225=ADVANCED_FACE('',(#5224),#5215,.T.);
#5226=DIRECTION('',(0.852618,-0.419502,0.311545));
#5227=DIRECTION('',(0,-0.596219,-0.802822));
#5228=AXIS2_PLACEMENT_3D('',#344,#5226,#5227);
#5229=PLANE('',#5228);
#5230=DIRECTION('',(0.089444,0.704588,0.703957));
#5231=VECTOR('',#5230,14.20541);
#5232=LINE('',#176,#5231);
#5233=EDGE_CURVE('',#177,#345,#5232,.T.);
#5234=ORIENTED_EDGE('',*,*,#5233,.F.);
#5235=ORIENTED_EDGE('',*,*,#3145,.T.);
#5236=DIRECTION('',(0.081715,0.695927,0.713448));
#5237=VECTOR('',#5236,14.016435);
#5238=LINE('',#178,#5237);
#5239=EDGE_CURVE('',#179,#347,#5238,.T.);
#5240=ORIENTED_EDGE('',*,*,#5239,.T.);
#5241=DIRECTION('',(0.441474,0.897274,0));
#5242=VECTOR('',#5241,0.66824);
#5243=LINE('',#344,#5242);
#5244=EDGE_CURVE('',#345,#347,#5243,.T.);
#5245=ORIENTED_EDGE('',*,*,#5244,.F.);
#5246=EDGE_LOOP('',(#5234,#5235,#5240,#5245));
#5247=FACE_OUTER_BOUND('',#5246,.T.);
#5248=ADVANCED_FACE('',(#5247),#5229,.T.);
#5249=DIRECTION('',(0.912584,-0.340003,0.22713));
#5250=DIRECTION('',(0.241519,0,-0.970396));
#5251=AXIS2_PLACEMENT_3D('',#180,#5249,#5250);
#5252=PLANE('',#5251);
#5253=DIRECTION('',(0.075849,0.686606,0.723062));
#5254=VECTOR('',#5253,13.830066);
#5255=LINE('',#180,#5254);
#5256=EDGE_CURVE('',#181,#349,#5255,.T.);
#5257=ORIENTED_EDGE('',*,*,#5256,.T.);
#5258=DIRECTION('',(0.349128,0.937075,0));
#5259=VECTOR('',#5258,0.650077);
#5260=LINE('',#346,#5259);
#5261=EDGE_CURVE('',#347,#349,#5260,.T.);
#5262=ORIENTED_EDGE('',*,*,#5261,.F.);
#5263=ORIENTED_EDGE('',*,*,#5239,.F.);
#5264=ORIENTED_EDGE('',*,*,#3140,.T.);
#5265=EDGE_LOOP('',(#5257,#5262,#5263,#5264));
#5266=FACE_OUTER_BOUND('',#5265,.T.);
#5267=ADVANCED_FACE('',(#5266),#5252,.T.);
#5268=DIRECTION('',(0.981721,-0.178368,0.066393));
#5269=DIRECTION('',(0.067475,0,-0.997721));
#5270=AXIS2_PLACEMENT_3D('',#348,#5268,#5269);
#5271=PLANE('',#5270);
#5272=ORIENTED_EDGE('',*,*,#5256,.F.);
#5273=ORIENTED_EDGE('',*,*,#3135,.T.);
#5274=DIRECTION('',(0.067138,0.65097,0.756128));
#5275=VECTOR('',#5274,13.225269);
#5276=LINE('',#182,#5275);
#5277=EDGE_CURVE('',#183,#349,#5276,.T.);
#5278=ORIENTED_EDGE('',*,*,#5277,.T.);
#5279=EDGE_LOOP('',(#5272,#5273,#5278));
#5280=FACE_OUTER_BOUND('',#5279,.T.);
#5281=ADVANCED_FACE('',(#5280),#5271,.T.);
#5282=DIRECTION('',(-0.961892,0.265248,0.066393));
#5283=DIRECTION('',(0.06886,-0,0.997626));
#5284=AXIS2_PLACEMENT_3D('',#146,#5282,#5283);
#5285=PLANE('',#5284);
#5286=ORIENTED_EDGE('',*,*,#3215,.F.);
#5287=DIRECTION('',(0.234221,0.674009,0.700608));
#5288=VECTOR('',#5287,14.273309);
#5289=LINE('',#144,#5288);
#5290=EDGE_CURVE('',#145,#329,#5289,.T.);
#5291=ORIENTED_EDGE('',*,*,#5290,.T.);
#5292=DIRECTION('',(0.227428,0.641319,0.732793));
#5293=VECTOR('',#5292,13.646409);
#5294=LINE('',#146,#5293);
#5295=EDGE_CURVE('',#147,#329,#5294,.T.);
#5296=ORIENTED_EDGE('',*,*,#5295,.F.);
#5297=EDGE_LOOP('',(#5286,#5291,#5296));
#5298=FACE_OUTER_BOUND('',#5297,.T.);
#5299=ADVANCED_FACE('',(#5298),#5285,.T.);
#5300=DIRECTION('',(-0.942491,0.334231,-0));
#5301=DIRECTION('',(-0,0,1));
#5302=AXIS2_PLACEMENT_3D('',#192,#5300,#5301);
#5303=PLANE('',#5302);
#5304=ORIENTED_EDGE('',*,*,#3235,.F.);
#5305=ORIENTED_EDGE('',*,*,#3230,.F.);
#5306=ORIENTED_EDGE('',*,*,#3225,.F.);
#5307=ORIENTED_EDGE('',*,*,#3220,.F.);
#5308=DIRECTION('',(0.235346,0.663648,0.710059));
#5309=VECTOR('',#5308,14.083333);
#5310=LINE('',#146,#5309);
#5311=EDGE_CURVE('',#147,#331,#5310,.T.);
#5312=ORIENTED_EDGE('',*,*,#5311,.T.);
#5313=DIRECTION('',(0.334231,0.942491,0));
#5314=VECTOR('',#5313,0.630953);
#5315=LINE('',#330,#5314);
#5316=EDGE_CURVE('',#331,#333,#5315,.T.);
#5317=ORIENTED_EDGE('',*,*,#5316,.T.);
#5318=DIRECTION('',(0.334231,0.942491,0));
#5319=VECTOR('',#5318,0.630951);
#5320=LINE('',#332,#5319);
#5321=EDGE_CURVE('',#333,#335,#5320,.T.);
#5322=ORIENTED_EDGE('',*,*,#5321,.T.);
#5323=DIRECTION('',(0.334231,0.942491,0));
#5324=VECTOR('',#5323,0.630953);
#5325=LINE('',#334,#5324);
#5326=EDGE_CURVE('',#335,#407,#5325,.T.);
#5327=ORIENTED_EDGE('',*,*,#5326,.T.);
#5328=ORIENTED_EDGE('',*,*,#5031,.F.);
#5329=EDGE_LOOP('',(#5304,#5305,#5306,#5307,#5312,#5317,#5322,#5327,#5328));
#5330=FACE_OUTER_BOUND('',#5329,.T.);
#5331=ADVANCED_FACE('',(#5330),#5303,.T.);
#5332=DIRECTION('',(0.994173,-0.1078,0));
#5333=DIRECTION('',(0,0,-1));
#5334=AXIS2_PLACEMENT_3D('',#352,#5332,#5333);
#5335=PLANE('',#5334);
#5336=DIRECTION('',(0.1078,0.994173,0));
#5337=VECTOR('',#5336,0.630952);
#5338=LINE('',#350,#5337);
#5339=EDGE_CURVE('',#351,#353,#5338,.T.);
#5340=ORIENTED_EDGE('',*,*,#5339,.F.);
#5341=DIRECTION('',(0.073352,0.676486,0.732794));
#5342=VECTOR('',#5341,13.646409);
#5343=LINE('',#182,#5342);
#5344=EDGE_CURVE('',#183,#351,#5343,.T.);
#5345=ORIENTED_EDGE('',*,*,#5344,.F.);
#5346=ORIENTED_EDGE('',*,*,#3130,.T.);
#5347=ORIENTED_EDGE('',*,*,#3125,.T.);
#5348=DIRECTION('',(0.067948,0.626641,0.77634));
#5349=VECTOR('',#5348,12.880953);
#5350=LINE('',#186,#5349);
#5351=EDGE_CURVE('',#187,#353,#5350,.T.);
#5352=ORIENTED_EDGE('',*,*,#5351,.T.);
#5353=EDGE_LOOP('',(#5340,#5345,#5346,#5347,#5352));
#5354=FACE_OUTER_BOUND('',#5353,.T.);
#5355=ADVANCED_FACE('',(#5354),#5335,.T.);
#5356=DIRECTION('',(0.994173,-0.1078,0));
#5357=DIRECTION('',(0,0,-1));
#5358=AXIS2_PLACEMENT_3D('',#358,#5356,#5357);
#5359=PLANE('',#5358);
#5360=DIRECTION('',(0.1078,0.994173,0));
#5361=VECTOR('',#5360,0.630952);
#5362=LINE('',#356,#5361);
#5363=EDGE_CURVE('',#357,#359,#5362,.T.);
#5364=ORIENTED_EDGE('',*,*,#5363,.F.);
#5365=DIRECTION('',(0.1078,0.994173,0));
#5366=VECTOR('',#5365,0.630952);
#5367=LINE('',#354,#5366);
#5368=EDGE_CURVE('',#355,#357,#5367,.T.);
#5369=ORIENTED_EDGE('',*,*,#5368,.F.);
#5370=DIRECTION('',(0.070987,0.654667,0.752577));
#5371=VECTOR('',#5370,13.287682);
#5372=LINE('',#186,#5371);
#5373=EDGE_CURVE('',#187,#355,#5372,.T.);
#5374=ORIENTED_EDGE('',*,*,#5373,.F.);
#5375=ORIENTED_EDGE('',*,*,#3120,.T.);
#5376=ORIENTED_EDGE('',*,*,#3115,.T.);
#5377=DIRECTION('',(0.068425,0.631041,0.772726));
#5378=VECTOR('',#5377,12.941194);
#5379=LINE('',#194,#5378);
#5380=EDGE_CURVE('',#195,#359,#5379,.T.);
#5381=ORIENTED_EDGE('',*,*,#5380,.T.);
#5382=EDGE_LOOP('',(#5364,#5369,#5374,#5375,#5376,#5381));
#5383=FACE_OUTER_BOUND('',#5382,.T.);
#5384=ADVANCED_FACE('',(#5383),#5359,.T.);
#5385=DIRECTION('',(0,-0.774542,0.632523));
#5386=DIRECTION('',(0,-0.632523,-0.774542));
#5387=AXIS2_PLACEMENT_3D('',#194,#5385,#5386);
#5388=PLANE('',#5387);
#5389=ORIENTED_EDGE('',*,*,#3110,.T.);
#5390=DIRECTION('',(-0.068425,0.631041,0.772726));
#5391=VECTOR('',#5390,12.941194);
#5392=LINE('',#890,#5391);
#5393=EDGE_CURVE('',#891,#1093,#5392,.T.);
#5394=ORIENTED_EDGE('',*,*,#5393,.T.);
#5395=DIRECTION('',(1,0,0));
#5396=VECTOR('',#5395,4.171679);
#5397=LINE('',#358,#5396);
#5398=EDGE_CURVE('',#359,#1093,#5397,.T.);
#5399=ORIENTED_EDGE('',*,*,#5398,.F.);
#5400=ORIENTED_EDGE('',*,*,#5380,.F.);
#5401=EDGE_LOOP('',(#5389,#5394,#5399,#5400));
#5402=FACE_OUTER_BOUND('',#5401,.T.);
#5403=ADVANCED_FACE('',(#5402),#5388,.T.);
#5404=DIRECTION('',(-0.862136,0.203762,0.4639));
#5405=DIRECTION('',(0,-0.915572,0.402153));
#5406=AXIS2_PLACEMENT_3D('',#28,#5404,#5405);
#5407=PLANE('',#5406);
#5408=ORIENTED_EDGE('',*,*,#3866,.T.);
#5409=DIRECTION('',(0.230009,0.973188,0));
#5410=VECTOR('',#5409,0.7223);
#5411=LINE('',#292,#5410);
#5412=EDGE_CURVE('',#293,#361,#5411,.T.);
#5413=ORIENTED_EDGE('',*,*,#5412,.T.);
#5414=ORIENTED_EDGE('',*,*,#3881,.F.);
#5415=EDGE_LOOP('',(#5408,#5413,#5414));
#5416=FACE_OUTER_BOUND('',#5415,.T.);
#5417=ADVANCED_FACE('',(#5416),#5407,.T.);
#5418=DIRECTION('',(-0.867667,0.262055,0.42247));
#5419=DIRECTION('',(0,-0.849791,0.527119));
#5420=AXIS2_PLACEMENT_3D('',#362,#5418,#5419);
#5421=PLANE('',#5420);
#5422=ORIENTED_EDGE('',*,*,#3931,.F.);
#5423=ORIENTED_EDGE('',*,*,#3886,.T.);
#5424=DIRECTION('',(0.289123,0.957292,0));
#5425=VECTOR('',#5424,0.704296);
#5426=LINE('',#360,#5425);
#5427=EDGE_CURVE('',#361,#363,#5426,.T.);
#5428=ORIENTED_EDGE('',*,*,#5427,.T.);
#5429=EDGE_LOOP('',(#5422,#5423,#5428));
#5430=FACE_OUTER_BOUND('',#5429,.T.);
#5431=ADVANCED_FACE('',(#5430),#5421,.T.);
#5432=DIRECTION('',(-0.658669,0,0.752433));
#5433=DIRECTION('',(0,-1,0));
#5434=AXIS2_PLACEMENT_3D('',#82,#5432,#5433);
#5435=PLANE('',#5434);
#5436=ORIENTED_EDGE('',*,*,#4217,.T.);
#5437=DIRECTION('',(0,1,0));
#5438=VECTOR('',#5437,1.596672);
#5439=LINE('',#246,#5438);
#5440=EDGE_CURVE('',#247,#653,#5439,.T.);
#5441=ORIENTED_EDGE('',*,*,#5440,.T.);
#5442=DIRECTION('',(0.752246,-0.022318,0.658505));
#5443=VECTOR('',#5442,15.185923);
#5444=LINE('',#438,#5443);
#5445=EDGE_CURVE('',#439,#653,#5444,.T.);
#5446=ORIENTED_EDGE('',*,*,#5445,.F.);
#5447=ORIENTED_EDGE('',*,*,#1745,.F.);
#5448=EDGE_LOOP('',(#5436,#5441,#5446,#5447));
#5449=FACE_OUTER_BOUND('',#5448,.T.);
#5450=ADVANCED_FACE('',(#5449),#5435,.T.);
#5451=DIRECTION('',(-0.413452,-0.761233,0.499582));
#5452=DIRECTION('',(0,-0.548674,-0.836036));
#5453=AXIS2_PLACEMENT_3D('',#250,#5451,#5452);
#5454=PLANE('',#5453);
#5455=DIRECTION('',(0.878751,-0.47728,0));
#5456=VECTOR('',#5455,0.740298);
#5457=LINE('',#248,#5456);
#5458=EDGE_CURVE('',#249,#251,#5457,.T.);
#5459=ORIENTED_EDGE('',*,*,#5458,.F.);
#5460=ORIENTED_EDGE('',*,*,#4248,.F.);
#5461=ORIENTED_EDGE('',*,*,#4267,.T.);
#5462=EDGE_LOOP('',(#5459,#5460,#5461));
#5463=FACE_OUTER_BOUND('',#5462,.T.);
#5464=ADVANCED_FACE('',(#5463),#5454,.T.);
#5465=DIRECTION('',(-0.085992,-0.843086,0.53086));
#5466=DIRECTION('',(0,-0.532833,-0.84622));
#5467=AXIS2_PLACEMENT_3D('',#58,#5465,#5466);
#5468=PLANE('',#5467);
#5469=ORIENTED_EDGE('',*,*,#4098,.T.);
#5470=DIRECTION('',(0.994839,-0.101471,0));
#5471=VECTOR('',#5470,0.758291);
#5472=LINE('',#230,#5471);
#5473=EDGE_CURVE('',#231,#233,#5472,.T.);
#5474=ORIENTED_EDGE('',*,*,#5473,.F.);
#5475=ORIENTED_EDGE('',*,*,#4080,.F.);
#5476=EDGE_LOOP('',(#5469,#5474,#5475));
#5477=FACE_OUTER_BOUND('',#5476,.T.);
#5478=ADVANCED_FACE('',(#5477),#5468,.T.);
#5479=DIRECTION('',(-0.042221,-0.865237,0.499582));
#5480=DIRECTION('',(0,-0.500028,-0.866009));
#5481=AXIS2_PLACEMENT_3D('',#232,#5479,#5480);
#5482=PLANE('',#5481);
#5483=ORIENTED_EDGE('',*,*,#4104,.F.);
#5484=ORIENTED_EDGE('',*,*,#4343,.T.);
#5485=DIRECTION('',(0.998812,-0.048739,0));
#5486=VECTOR('',#5485,0.740296);
#5487=LINE('',#232,#5486);
#5488=EDGE_CURVE('',#233,#235,#5487,.T.);
#5489=ORIENTED_EDGE('',*,*,#5488,.F.);
#5490=EDGE_LOOP('',(#5483,#5484,#5489));
#5491=FACE_OUTER_BOUND('',#5490,.T.);
#5492=ADVANCED_FACE('',(#5491),#5482,.T.);
#5493=DIRECTION('',(0.062411,-0.904226,0.42247));
#5494=DIRECTION('',(0,-0.423295,-0.905992));
#5495=AXIS2_PLACEMENT_3D('',#64,#5493,#5494);
#5496=PLANE('',#5495);
#5497=ORIENTED_EDGE('',*,*,#4375,.T.);
#5498=DIRECTION('',(0.997627,0.068857,0));
#5499=VECTOR('',#5498,0.704299);
#5500=LINE('',#236,#5499);
#5501=EDGE_CURVE('',#237,#241,#5500,.T.);
#5502=ORIENTED_EDGE('',*,*,#5501,.F.);
#5503=ORIENTED_EDGE('',*,*,#4362,.F.);
#5504=EDGE_LOOP('',(#5497,#5502,#5503));
#5505=FACE_OUTER_BOUND('',#5504,.T.);
#5506=ADVANCED_FACE('',(#5505),#5496,.T.);
#5507=DIRECTION('',(-0.712766,0.458424,0.53086));
#5508=DIRECTION('',(0,-0.756855,0.653582));
#5509=AXIS2_PLACEMENT_3D('',#228,#5507,#5508);
#5510=PLANE('',#5509);
#5511=ORIENTED_EDGE('',*,*,#4122,.F.);
#5512=ORIENTED_EDGE('',*,*,#4068,.T.);
#5513=DIRECTION('',(0.540938,0.841062,0));
#5514=VECTOR('',#5513,0.758291);
#5515=LINE('',#226,#5514);
#5516=EDGE_CURVE('',#227,#229,#5515,.T.);
#5517=ORIENTED_EDGE('',*,*,#5516,.T.);
#5518=EDGE_LOOP('',(#5511,#5512,#5517));
#5519=FACE_OUTER_BOUND('',#5518,.T.);
#5520=ADVANCED_FACE('',(#5519),#5510,.T.);
#5521=DIRECTION('',(-0.59344,-0.285786,0.752433));
#5522=DIRECTION('',(0,-0.934841,-0.355067));
#5523=AXIS2_PLACEMENT_3D('',#226,#5521,#5522);
#5524=PLANE('',#5523);
#5525=ORIENTED_EDGE('',*,*,#4063,.F.);
#5526=ORIENTED_EDGE('',*,*,#4085,.T.);
#5527=DIRECTION('',(0.433884,-0.900969,0));
#5528=VECTOR('',#5527,1.596672);
#5529=LINE('',#226,#5528);
#5530=EDGE_CURVE('',#227,#231,#5529,.T.);
#5531=ORIENTED_EDGE('',*,*,#5530,.F.);
#5532=EDGE_LOOP('',(#5525,#5526,#5531));
#5533=FACE_OUTER_BOUND('',#5532,.T.);
#5534=ADVANCED_FACE('',(#5533),#5524,.T.);
#5535=DIRECTION('',(-0.702794,0.506457,0.499582));
#5536=DIRECTION('',(0,-0.702258,0.711922));
#5537=AXIS2_PLACEMENT_3D('',#54,#5535,#5536);
#5538=PLANE('',#5537);
#5539=ORIENTED_EDGE('',*,*,#4116,.T.);
#5540=DIRECTION('',(0.584644,0.81129,0));
#5541=VECTOR('',#5540,0.740297);
#5542=LINE('',#228,#5541);
#5543=EDGE_CURVE('',#229,#239,#5542,.T.);
#5544=ORIENTED_EDGE('',*,*,#5543,.T.);
#5545=ORIENTED_EDGE('',*,*,#4134,.F.);
#5546=EDGE_LOOP('',(#5539,#5544,#5545));
#5547=FACE_OUTER_BOUND('',#5546,.T.);
#5548=ADVANCED_FACE('',(#5547),#5538,.T.);
#5549=DIRECTION('',(-0.688349,0.557649,0.463901));
#5550=DIRECTION('',(0,-0.639528,0.768768));
#5551=AXIS2_PLACEMENT_3D('',#256,#5549,#5550);
#5552=PLANE('',#5551);
#5553=ORIENTED_EDGE('',*,*,#4152,.F.);
#5554=ORIENTED_EDGE('',*,*,#4139,.T.);
#5555=DIRECTION('',(0.629481,0.777016,0));
#5556=VECTOR('',#5555,0.7223);
#5557=LINE('',#238,#5556);
#5558=EDGE_CURVE('',#239,#257,#5557,.T.);
#5559=ORIENTED_EDGE('',*,*,#5558,.T.);
#5560=EDGE_LOOP('',(#5553,#5554,#5559));
#5561=FACE_OUTER_BOUND('',#5560,.T.);
#5562=ADVANCED_FACE('',(#5561),#5552,.T.);
#5563=DIRECTION('',(-0.66804,0.61257,0.42247));
#5564=DIRECTION('',(0,-0.56774,0.823208));
#5565=AXIS2_PLACEMENT_3D('',#256,#5563,#5564);
#5566=PLANE('',#5565);
#5567=DIRECTION('',(0.675845,0.737044,0));
#5568=VECTOR('',#5567,0.704298);
#5569=LINE('',#256,#5568);
#5570=EDGE_CURVE('',#257,#259,#5569,.T.);
#5571=ORIENTED_EDGE('',*,*,#5570,.T.);
#5572=ORIENTED_EDGE('',*,*,#4170,.F.);
#5573=ORIENTED_EDGE('',*,*,#4157,.T.);
#5574=EDGE_LOOP('',(#5571,#5572,#5573));
#5575=FACE_OUTER_BOUND('',#5574,.T.);
#5576=ADVANCED_FACE('',(#5575),#5566,.T.);
#5577=DIRECTION('',(-0.639593,0.672109,0.373083));
#5578=DIRECTION('',(0,-0.485334,0.874329));
#5579=AXIS2_PLACEMENT_3D('',#260,#5577,#5578);
#5580=PLANE('',#5579);
#5581=ORIENTED_EDGE('',*,*,#4188,.F.);
#5582=ORIENTED_EDGE('',*,*,#4175,.T.);
#5583=DIRECTION('',(0.724413,0.689366,0));
#5584=VECTOR('',#5583,0.686283);
#5585=LINE('',#258,#5584);
#5586=EDGE_CURVE('',#259,#261,#5585,.T.);
#5587=ORIENTED_EDGE('',*,*,#5586,.T.);
#5588=EDGE_LOOP('',(#5581,#5582,#5587));
#5589=FACE_OUTER_BOUND('',#5588,.T.);
#5590=ADVANCED_FACE('',(#5589),#5580,.T.);
#5591=DIRECTION('',(0.126695,-0.919106,0.373084));
#5592=DIRECTION('',(0,-0.376115,-0.926573));
#5593=AXIS2_PLACEMENT_3D('',#240,#5591,#5592);
#5594=PLANE('',#5593);
#5595=ORIENTED_EDGE('',*,*,#4381,.F.);
#5596=ORIENTED_EDGE('',*,*,#4393,.T.);
#5597=DIRECTION('',(0.990633,0.136554,0));
#5598=VECTOR('',#5597,0.686282);
#5599=LINE('',#240,#5598);
#5600=EDGE_CURVE('',#241,#243,#5599,.T.);
#5601=ORIENTED_EDGE('',*,*,#5600,.F.);
#5602=EDGE_LOOP('',(#5595,#5596,#5601));
#5603=FACE_OUTER_BOUND('',#5602,.T.);
#5604=ADVANCED_FACE('',(#5603),#5594,.T.);
#5605=DIRECTION('',(0.203619,-0.928159,0.311545));
#5606=DIRECTION('',(0,-0.318211,-0.94802));
#5607=AXIS2_PLACEMENT_3D('',#242,#5605,#5606);
#5608=PLANE('',#5607);
#5609=ORIENTED_EDGE('',*,*,#4399,.F.);
#5610=ORIENTED_EDGE('',*,*,#4417,.T.);
#5611=DIRECTION('',(0.976772,0.214283,0));
#5612=VECTOR('',#5611,0.668238);
#5613=LINE('',#242,#5612);
#5614=EDGE_CURVE('',#243,#245,#5613,.T.);
#5615=ORIENTED_EDGE('',*,*,#5614,.F.);
#5616=EDGE_LOOP('',(#5609,#5610,#5615));
#5617=FACE_OUTER_BOUND('',#5616,.T.);
#5618=ADVANCED_FACE('',(#5617),#5608,.T.);
#5619=DIRECTION('',(0.303162,-0.925475,0.22713));
#5620=DIRECTION('',(0,-0.238347,-0.97118));
#5621=AXIS2_PLACEMENT_3D('',#244,#5619,#5620);
#5622=PLANE('',#5621);
#5623=ORIENTED_EDGE('',*,*,#4412,.F.);
#5624=ORIENTED_EDGE('',*,*,#4429,.T.);
#5625=DIRECTION('',(0.950312,0.311298,0));
#5626=VECTOR('',#5625,0.650078);
#5627=LINE('',#244,#5626);
#5628=EDGE_CURVE('',#245,#377,#5627,.T.);
#5629=ORIENTED_EDGE('',*,*,#5628,.F.);
#5630=EDGE_LOOP('',(#5623,#5624,#5629));
#5631=FACE_OUTER_BOUND('',#5630,.T.);
#5632=ADVANCED_FACE('',(#5631),#5622,.T.);
#5633=DIRECTION('',(0.472639,-0.878752,0.066393));
#5634=DIRECTION('',(0,-0.075339,-0.997158));
#5635=AXIS2_PLACEMENT_3D('',#378,#5633,#5634);
#5636=PLANE('',#5635);
#5637=DIRECTION('',(0.880695,0.473684,0));
#5638=VECTOR('',#5637,0.632532);
#5639=LINE('',#376,#5638);
#5640=EDGE_CURVE('',#377,#379,#5639,.T.);
#5641=ORIENTED_EDGE('',*,*,#5640,.F.);
#5642=ORIENTED_EDGE('',*,*,#4435,.F.);
#5643=ORIENTED_EDGE('',*,*,#4483,.T.);
#5644=EDGE_LOOP('',(#5641,#5642,#5643));
#5645=FACE_OUTER_BOUND('',#5644,.T.);
#5646=ADVANCED_FACE('',(#5645),#5636,.T.);
#5647=DIRECTION('',(0.535576,-0.844487,-0.000001));
#5648=DIRECTION('',(0,0.000001,-1));
#5649=AXIS2_PLACEMENT_3D('',#380,#5647,#5648);
#5650=PLANE('',#5649);
#5651=DIRECTION('',(0.844487,0.535576,0));
#5652=VECTOR('',#5651,0.630953);
#5653=LINE('',#378,#5652);
#5654=EDGE_CURVE('',#379,#381,#5653,.T.);
#5655=ORIENTED_EDGE('',*,*,#5654,.F.);
#5656=ORIENTED_EDGE('',*,*,#4489,.F.);
#5657=ORIENTED_EDGE('',*,*,#4501,.T.);
#5658=EDGE_LOOP('',(#5655,#5656,#5657));
#5659=FACE_OUTER_BOUND('',#5658,.T.);
#5660=ADVANCED_FACE('',(#5659),#5650,.T.);
#5661=DIRECTION('',(0.535575,-0.844488,0.000001));
#5662=DIRECTION('',(0,-0.000001,-1));
#5663=AXIS2_PLACEMENT_3D('',#382,#5661,#5662);
#5664=PLANE('',#5663);
#5665=ORIENTED_EDGE('',*,*,#4557,.F.);
#5666=ORIENTED_EDGE('',*,*,#4525,.T.);
#5667=DIRECTION('',(0.844488,0.535575,0));
#5668=VECTOR('',#5667,0.630954);
#5669=LINE('',#382,#5668);
#5670=EDGE_CURVE('',#383,#385,#5669,.T.);
#5671=ORIENTED_EDGE('',*,*,#5670,.F.);
#5672=EDGE_LOOP('',(#5665,#5666,#5671));
#5673=FACE_OUTER_BOUND('',#5672,.T.);
#5674=ADVANCED_FACE('',(#5673),#5664,.T.);
#5675=DIRECTION('',(-0.598711,0.737892,0.311546));
#5676=DIRECTION('',(0,-0.388963,0.921253));
#5677=AXIS2_PLACEMENT_3D('',#260,#5675,#5676);
#5678=PLANE('',#5677);
#5679=DIRECTION('',(0.77654,0.630069,0));
#5680=VECTOR('',#5679,0.668238);
#5681=LINE('',#260,#5680);
#5682=EDGE_CURVE('',#261,#263,#5681,.T.);
#5683=ORIENTED_EDGE('',*,*,#5682,.T.);
#5684=ORIENTED_EDGE('',*,*,#4447,.F.);
#5685=ORIENTED_EDGE('',*,*,#4193,.T.);
#5686=EDGE_LOOP('',(#5683,#5684,#5685));
#5687=FACE_OUTER_BOUND('',#5686,.T.);
#5688=ADVANCED_FACE('',(#5687),#5678,.T.);
#5689=DIRECTION('',(-0.534547,0.814046,0.22713));
#5690=DIRECTION('',(0,-0.268749,0.96321));
#5691=AXIS2_PLACEMENT_3D('',#264,#5689,#5690);
#5692=PLANE('',#5691);
#5693=ORIENTED_EDGE('',*,*,#4465,.F.);
#5694=ORIENTED_EDGE('',*,*,#4452,.T.);
#5695=DIRECTION('',(0.835893,0.548893,0));
#5696=VECTOR('',#5695,0.650076);
#5697=LINE('',#262,#5696);
#5698=EDGE_CURVE('',#263,#265,#5697,.T.);
#5699=ORIENTED_EDGE('',*,*,#5698,.T.);
#5700=EDGE_LOOP('',(#5693,#5694,#5699));
#5701=FACE_OUTER_BOUND('',#5700,.T.);
#5702=ADVANCED_FACE('',(#5701),#5692,.T.);
#5703=DIRECTION('',(-0.392349,0.917417,0.066392));
#5704=DIRECTION('',(0,-0.07218,0.997392));
#5705=AXIS2_PLACEMENT_3D('',#264,#5703,#5704);
#5706=PLANE('',#5705);
#5707=DIRECTION('',(0.919446,0.393217,0));
#5708=VECTOR('',#5707,0.632534);
#5709=LINE('',#264,#5708);
#5710=EDGE_CURVE('',#265,#267,#5709,.T.);
#5711=ORIENTED_EDGE('',*,*,#5710,.T.);
#5712=ORIENTED_EDGE('',*,*,#4590,.F.);
#5713=ORIENTED_EDGE('',*,*,#4470,.T.);
#5714=EDGE_LOOP('',(#5711,#5712,#5713));
#5715=FACE_OUTER_BOUND('',#5714,.T.);
#5716=ADVANCED_FACE('',(#5715),#5706,.T.);
#5717=DIRECTION('',(-0.284637,-0.883057,0.373084));
#5718=DIRECTION('',(0,-0.389182,-0.921161));
#5719=AXIS2_PLACEMENT_3D('',#90,#5717,#5718);
#5720=PLANE('',#5719);
#5721=ORIENTED_EDGE('',*,*,#4297,.T.);
#5722=DIRECTION('',(0.951778,-0.306788,0));
#5723=VECTOR('',#5722,0.686283);
#5724=LINE('',#254,#5723);
#5725=EDGE_CURVE('',#255,#279,#5724,.T.);
#5726=ORIENTED_EDGE('',*,*,#5725,.F.);
#5727=ORIENTED_EDGE('',*,*,#4280,.F.);
#5728=EDGE_LOOP('',(#5721,#5726,#5727));
#5729=FACE_OUTER_BOUND('',#5728,.T.);
#5730=ADVANCED_FACE('',(#5729),#5720,.T.);
#5731=DIRECTION('',(-0.219259,-0.924589,0.311546));
#5732=DIRECTION('',(0,-0.319316,-0.947648));
#5733=AXIS2_PLACEMENT_3D('',#92,#5731,#5732);
#5734=PLANE('',#5733);
#5735=ORIENTED_EDGE('',*,*,#4326,.T.);
#5736=DIRECTION('',(-0.973015,0.230743,0));
#5737=VECTOR('',#5736,0.668238);
#5738=LINE('',#272,#5737);
#5739=EDGE_CURVE('',#273,#279,#5738,.T.);
#5740=ORIENTED_EDGE('',*,*,#5739,.T.);
#5741=ORIENTED_EDGE('',*,*,#4303,.F.);
#5742=EDGE_LOOP('',(#5735,#5740,#5741));
#5743=FACE_OUTER_BOUND('',#5742,.T.);
#5744=ADVANCED_FACE('',(#5743),#5734,.T.);
#5745=DIRECTION('',(-0.378226,-0.801088,0.463901));
#5746=DIRECTION('',(0,-0.501128,-0.865373));
#5747=AXIS2_PLACEMENT_3D('',#86,#5745,#5746);
#5748=PLANE('',#5747);
#5749=ORIENTED_EDGE('',*,*,#4229,.T.);
#5750=DIRECTION('',(0.904277,-0.426946,0));
#5751=VECTOR('',#5750,0.722299);
#5752=LINE('',#250,#5751);
#5753=EDGE_CURVE('',#251,#253,#5752,.T.);
#5754=ORIENTED_EDGE('',*,*,#5753,.F.);
#5755=ORIENTED_EDGE('',*,*,#4262,.F.);
#5756=EDGE_LOOP('',(#5749,#5754,#5755));
#5757=FACE_OUTER_BOUND('',#5756,.T.);
#5758=ADVANCED_FACE('',(#5757),#5748,.T.);
#5759=DIRECTION('',(-0.336098,-0.841759,0.422469));
#5760=DIRECTION('',(0,-0.448563,-0.893751));
#5761=AXIS2_PLACEMENT_3D('',#254,#5759,#5760);
#5762=PLANE('',#5761);
#5763=DIRECTION('',(0.928707,-0.370815,0));
#5764=VECTOR('',#5763,0.704299);
#5765=LINE('',#252,#5764);
#5766=EDGE_CURVE('',#253,#255,#5765,.T.);
#5767=ORIENTED_EDGE('',*,*,#5766,.F.);
#5768=ORIENTED_EDGE('',*,*,#4235,.F.);
#5769=ORIENTED_EDGE('',*,*,#4285,.T.);
#5770=EDGE_LOOP('',(#5767,#5768,#5769));
#5771=FACE_OUTER_BOUND('',#5770,.T.);
#5772=ADVANCED_FACE('',(#5771),#5762,.T.);
#5773=DIRECTION('',(0.116128,-0.993234,-0));
#5774=DIRECTION('',(0,0,-1));
#5775=AXIS2_PLACEMENT_3D('',#282,#5773,#5774);
#5776=PLANE('',#5775);
#5777=ORIENTED_EDGE('',*,*,#4685,.F.);
#5778=ORIENTED_EDGE('',*,*,#4714,.T.);
#5779=DIRECTION('',(0.993234,0.116128,0));
#5780=VECTOR('',#5779,0.630951);
#5781=LINE('',#282,#5780);
#5782=EDGE_CURVE('',#283,#285,#5781,.T.);
#5783=ORIENTED_EDGE('',*,*,#5782,.F.);
#5784=EDGE_LOOP('',(#5777,#5778,#5783));
#5785=FACE_OUTER_BOUND('',#5784,.T.);
#5786=ADVANCED_FACE('',(#5785),#5776,.T.);
#5787=DIRECTION('',(-0,0,1));
#5788=DIRECTION('',(0,-1,0));
#5789=AXIS2_PLACEMENT_3D('',#1638,#5787,#5788);
#5790=PLANE('',#5789);
#5791=DIRECTION('',(0.993234,0.116127,0));
#5792=VECTOR('',#5791,0.630953);
#5793=LINE('',#1636,#5792);
#5794=EDGE_CURVE('',#1637,#1639,#5793,.T.);
#5795=ORIENTED_EDGE('',*,*,#5794,.F.);
#5796=DIRECTION('',(0.222521,-0.974928,0));
#5797=VECTOR('',#5796,4.171679);
#5798=LINE('',#1518,#5797);
#5799=EDGE_CURVE('',#1519,#1637,#5798,.T.);
#5800=ORIENTED_EDGE('',*,*,#5799,.F.);
#5801=DIRECTION('',(0.945259,0.326321,0));
#5802=VECTOR('',#5801,0.630952);
#5803=LINE('',#1518,#5802);
#5804=EDGE_CURVE('',#1519,#1521,#5803,.T.);
#5805=ORIENTED_EDGE('',*,*,#5804,.T.);
#5806=DIRECTION('',(0.945259,0.326321,0));
#5807=VECTOR('',#5806,0.630954);
#5808=LINE('',#1520,#5807);
#5809=EDGE_CURVE('',#1521,#1653,#5808,.T.);
#5810=ORIENTED_EDGE('',*,*,#5809,.T.);
#5811=DIRECTION('',(0.945259,0.326321,0));
#5812=VECTOR('',#5811,0.630952);
#5813=LINE('',#1652,#5812);
#5814=EDGE_CURVE('',#1653,#1655,#5813,.T.);
#5815=ORIENTED_EDGE('',*,*,#5814,.T.);
#5816=DIRECTION('',(0.945259,0.326321,0));
#5817=VECTOR('',#5816,0.630952);
#5818=LINE('',#1654,#5817);
#5819=EDGE_CURVE('',#1655,#1657,#5818,.T.);
#5820=ORIENTED_EDGE('',*,*,#5819,.T.);
#5821=DIRECTION('',(0.919446,0.393217,0));
#5822=VECTOR('',#5821,0.632534);
#5823=LINE('',#1656,#5822);
#5824=EDGE_CURVE('',#1657,#1659,#5823,.T.);
#5825=ORIENTED_EDGE('',*,*,#5824,.T.);
#5826=DIRECTION('',(0.835893,0.548893,0));
#5827=VECTOR('',#5826,0.650076);
#5828=LINE('',#1658,#5827);
#5829=EDGE_CURVE('',#1659,#1661,#5828,.T.);
#5830=ORIENTED_EDGE('',*,*,#5829,.T.);
#5831=DIRECTION('',(0.77654,0.630069,0));
#5832=VECTOR('',#5831,0.668238);
#5833=LINE('',#1660,#5832);
#5834=EDGE_CURVE('',#1661,#1663,#5833,.T.);
#5835=ORIENTED_EDGE('',*,*,#5834,.T.);
#5836=DIRECTION('',(0.724413,0.689366,0));
#5837=VECTOR('',#5836,0.686283);
#5838=LINE('',#1662,#5837);
#5839=EDGE_CURVE('',#1663,#1665,#5838,.T.);
#5840=ORIENTED_EDGE('',*,*,#5839,.T.);
#5841=DIRECTION('',(0.675845,0.737044,0));
#5842=VECTOR('',#5841,0.704298);
#5843=LINE('',#1664,#5842);
#5844=EDGE_CURVE('',#1665,#1667,#5843,.T.);
#5845=ORIENTED_EDGE('',*,*,#5844,.T.);
#5846=DIRECTION('',(0.629481,0.777016,0));
#5847=VECTOR('',#5846,0.7223);
#5848=LINE('',#1666,#5847);
#5849=EDGE_CURVE('',#1667,#1685,#5848,.T.);
#5850=ORIENTED_EDGE('',*,*,#5849,.T.);
#5851=DIRECTION('',(0.584644,0.81129,0));
#5852=VECTOR('',#5851,0.740297);
#5853=LINE('',#1684,#5852);
#5854=EDGE_CURVE('',#1685,#1695,#5853,.T.);
#5855=ORIENTED_EDGE('',*,*,#5854,.T.);
#5856=DIRECTION('',(0.540938,0.841062,0));
#5857=VECTOR('',#5856,0.758291);
#5858=LINE('',#1694,#5857);
#5859=EDGE_CURVE('',#1695,#1697,#5858,.T.);
#5860=ORIENTED_EDGE('',*,*,#5859,.T.);
#5861=DIRECTION('',(0.433884,-0.900969,0));
#5862=VECTOR('',#5861,1.596672);
#5863=LINE('',#1692,#5862);
#5864=EDGE_CURVE('',#1693,#1697,#5863,.T.);
#5865=ORIENTED_EDGE('',*,*,#5864,.F.);
#5866=DIRECTION('',(0.994839,-0.101471,0));
#5867=VECTOR('',#5866,0.758291);
#5868=LINE('',#1690,#5867);
#5869=EDGE_CURVE('',#1691,#1693,#5868,.T.);
#5870=ORIENTED_EDGE('',*,*,#5869,.F.);
#5871=DIRECTION('',(0.998812,-0.048739,0));
#5872=VECTOR('',#5871,0.740296);
#5873=LINE('',#1688,#5872);
#5874=EDGE_CURVE('',#1689,#1691,#5873,.T.);
#5875=ORIENTED_EDGE('',*,*,#5874,.F.);
#5876=DIRECTION('',(0.99997,0.007687,0));
#5877=VECTOR('',#5876,0.7223);
#5878=LINE('',#1686,#5877);
#5879=EDGE_CURVE('',#1687,#1689,#5878,.T.);
#5880=ORIENTED_EDGE('',*,*,#5879,.F.);
#5881=DIRECTION('',(0.997627,0.068857,0));
#5882=VECTOR('',#5881,0.704299);
#5883=LINE('',#1682,#5882);
#5884=EDGE_CURVE('',#1683,#1687,#5883,.T.);
#5885=ORIENTED_EDGE('',*,*,#5884,.F.);
#5886=DIRECTION('',(0.990633,0.136554,0));
#5887=VECTOR('',#5886,0.686282);
#5888=LINE('',#1680,#5887);
#5889=EDGE_CURVE('',#1681,#1683,#5888,.T.);
#5890=ORIENTED_EDGE('',*,*,#5889,.F.);
#5891=DIRECTION('',(0.976772,0.214283,0));
#5892=VECTOR('',#5891,0.668238);
#5893=LINE('',#1678,#5892);
#5894=EDGE_CURVE('',#1679,#1681,#5893,.T.);
#5895=ORIENTED_EDGE('',*,*,#5894,.F.);
#5896=DIRECTION('',(0.950312,0.311298,0));
#5897=VECTOR('',#5896,0.650078);
#5898=LINE('',#1546,#5897);
#5899=EDGE_CURVE('',#1547,#1679,#5898,.T.);
#5900=ORIENTED_EDGE('',*,*,#5899,.F.);
#5901=DIRECTION('',(0.880695,0.473684,0));
#5902=VECTOR('',#5901,0.632532);
#5903=LINE('',#1544,#5902);
#5904=EDGE_CURVE('',#1545,#1547,#5903,.T.);
#5905=ORIENTED_EDGE('',*,*,#5904,.F.);
#5906=DIRECTION('',(0.844487,0.535576,0));
#5907=VECTOR('',#5906,0.630953);
#5908=LINE('',#1542,#5907);
#5909=EDGE_CURVE('',#1543,#1545,#5908,.T.);
#5910=ORIENTED_EDGE('',*,*,#5909,.F.);
#5911=DIRECTION('',(0.844488,0.535575,0));
#5912=VECTOR('',#5911,0.630952);
#5913=LINE('',#1540,#5912);
#5914=EDGE_CURVE('',#1541,#1543,#5913,.T.);
#5915=ORIENTED_EDGE('',*,*,#5914,.F.);
#5916=DIRECTION('',(0.844488,0.535575,0));
#5917=VECTOR('',#5916,0.630954);
#5918=LINE('',#1538,#5917);
#5919=EDGE_CURVE('',#1539,#1541,#5918,.T.);
#5920=ORIENTED_EDGE('',*,*,#5919,.F.);
#5921=DIRECTION('',(0.844488,0.535575,0));
#5922=VECTOR('',#5921,0.630952);
#5923=LINE('',#1536,#5922);
#5924=EDGE_CURVE('',#1537,#1539,#5923,.T.);
#5925=ORIENTED_EDGE('',*,*,#5924,.F.);
#5926=DIRECTION('',(0.62349,-0.781832,0));
#5927=VECTOR('',#5926,4.171679);
#5928=LINE('',#1522,#5927);
#5929=EDGE_CURVE('',#1523,#1537,#5928,.T.);
#5930=ORIENTED_EDGE('',*,*,#5929,.F.);
#5931=DIRECTION('',(0.710063,0.704138,0));
#5932=VECTOR('',#5931,0.630953);
#5933=LINE('',#1522,#5932);
#5934=EDGE_CURVE('',#1523,#1525,#5933,.T.);
#5935=ORIENTED_EDGE('',*,*,#5934,.T.);
#5936=DIRECTION('',(0.710063,0.704138,0));
#5937=VECTOR('',#5936,0.630953);
#5938=LINE('',#1524,#5937);
#5939=EDGE_CURVE('',#1525,#1549,#5938,.T.);
#5940=ORIENTED_EDGE('',*,*,#5939,.T.);
#5941=DIRECTION('',(0.710064,0.704137,0));
#5942=VECTOR('',#5941,0.630952);
#5943=LINE('',#1548,#5942);
#5944=EDGE_CURVE('',#1549,#1551,#5943,.T.);
#5945=ORIENTED_EDGE('',*,*,#5944,.T.);
#5946=DIRECTION('',(0.710063,0.704138,0));
#5947=VECTOR('',#5946,0.630953);
#5948=LINE('',#1550,#5947);
#5949=EDGE_CURVE('',#1551,#1553,#5948,.T.);
#5950=ORIENTED_EDGE('',*,*,#5949,.T.);
#5951=DIRECTION('',(0.657781,0.753209,0));
#5952=VECTOR('',#5951,0.632532);
#5953=LINE('',#1552,#5952);
#5954=EDGE_CURVE('',#1553,#1555,#5953,.T.);
#5955=ORIENTED_EDGE('',*,*,#5954,.T.);
#5956=DIRECTION('',(0.514958,0.857215,0));
#5957=VECTOR('',#5956,0.650077);
#5958=LINE('',#1554,#5957);
#5959=EDGE_CURVE('',#1555,#1557,#5958,.T.);
#5960=ORIENTED_EDGE('',*,*,#5959,.T.);
#5961=DIRECTION('',(0.426263,0.904599,0));
#5962=VECTOR('',#5961,0.668239);
#5963=LINE('',#1556,#5962);
#5964=EDGE_CURVE('',#1557,#1559,#5963,.T.);
#5965=ORIENTED_EDGE('',*,*,#5964,.T.);
#5966=DIRECTION('',(0.353567,0.935409,0));
#5967=VECTOR('',#5966,0.686284);
#5968=LINE('',#1558,#5967);
#5969=EDGE_CURVE('',#1559,#1561,#5968,.T.);
#5970=ORIENTED_EDGE('',*,*,#5969,.T.);
#5971=DIRECTION('',(0.289123,0.957292,0));
#5972=VECTOR('',#5971,0.704296);
#5973=LINE('',#1560,#5972);
#5974=EDGE_CURVE('',#1561,#1563,#5973,.T.);
#5975=ORIENTED_EDGE('',*,*,#5974,.T.);
#5976=DIRECTION('',(0.230009,0.973188,0));
#5977=VECTOR('',#5976,0.7223);
#5978=LINE('',#1562,#5977);
#5979=EDGE_CURVE('',#1563,#1631,#5978,.T.);
#5980=ORIENTED_EDGE('',*,*,#5979,.T.);
#5981=DIRECTION('',(0.174739,0.984615,0));
#5982=VECTOR('',#5981,0.740296);
#5983=LINE('',#1630,#5982);
#5984=EDGE_CURVE('',#1631,#1633,#5983,.T.);
#5985=ORIENTED_EDGE('',*,*,#5984,.T.);
#5986=DIRECTION('',(0.122446,0.992475,0));
#5987=VECTOR('',#5986,0.75829);
#5988=LINE('',#1632,#5987);
#5989=EDGE_CURVE('',#1633,#1635,#5988,.T.);
#5990=ORIENTED_EDGE('',*,*,#5989,.T.);
#5991=DIRECTION('',(0.781831,-0.62349,0));
#5992=VECTOR('',#5991,1.596673);
#5993=LINE('',#1628,#5992);
#5994=EDGE_CURVE('',#1629,#1635,#5993,.T.);
#5995=ORIENTED_EDGE('',*,*,#5994,.F.);
#5996=DIRECTION('',(0.940345,0.340223,0));
#5997=VECTOR('',#5996,0.75829);
#5998=LINE('',#1626,#5997);
#5999=EDGE_CURVE('',#1627,#1629,#5998,.T.);
#6000=ORIENTED_EDGE('',*,*,#5999,.F.);
#6001=DIRECTION('',(0.921045,0.389455,0));
#6002=VECTOR('',#6001,0.740298);
#6003=LINE('',#1624,#6002);
#6004=EDGE_CURVE('',#1625,#1627,#6003,.T.);
#6005=ORIENTED_EDGE('',*,*,#6004,.F.);
#6006=DIRECTION('',(0.897607,0.440797,0));
#6007=VECTOR('',#6006,0.7223);
#6008=LINE('',#1622,#6007);
#6009=EDGE_CURVE('',#1623,#1625,#6008,.T.);
#6010=ORIENTED_EDGE('',*,*,#6009,.F.);
#6011=DIRECTION('',(0.868955,0.494892,0));
#6012=VECTOR('',#6011,0.704297);
#6013=LINE('',#1620,#6012);
#6014=EDGE_CURVE('',#1621,#1623,#6013,.T.);
#6015=ORIENTED_EDGE('',*,*,#6014,.F.);
#6016=DIRECTION('',(0.833281,0.55285,0));
#6017=VECTOR('',#6016,0.686283);
#6018=LINE('',#1618,#6017);
#6019=EDGE_CURVE('',#1619,#1621,#6018,.T.);
#6020=ORIENTED_EDGE('',*,*,#6019,.F.);
#6021=DIRECTION('',(0.787067,0.616867,0));
#6022=VECTOR('',#6021,0.668238);
#6023=LINE('',#1616,#6022);
#6024=EDGE_CURVE('',#1617,#1619,#6023,.T.);
#6025=ORIENTED_EDGE('',*,*,#6024,.F.);
#6026=DIRECTION('',(0.721134,0.692796,0));
#6027=VECTOR('',#6026,0.650077);
#6028=LINE('',#1614,#6027);
#6029=EDGE_CURVE('',#1615,#1617,#6028,.T.);
#6030=ORIENTED_EDGE('',*,*,#6029,.F.);
#6031=DIRECTION('',(0.587955,0.808894,0));
#6032=VECTOR('',#6031,0.632533);
#6033=LINE('',#1534,#6032);
#6034=EDGE_CURVE('',#1535,#1615,#6033,.T.);
#6035=ORIENTED_EDGE('',*,*,#6034,.F.);
#6036=DIRECTION('',(0.52848,0.848946,0));
#6037=VECTOR('',#6036,0.630952);
#6038=LINE('',#1532,#6037);
#6039=EDGE_CURVE('',#1533,#1535,#6038,.T.);
#6040=ORIENTED_EDGE('',*,*,#6039,.F.);
#6041=DIRECTION('',(0.52848,0.848946,0));
#6042=VECTOR('',#6041,0.630952);
#6043=LINE('',#1530,#6042);
#6044=EDGE_CURVE('',#1531,#1533,#6043,.T.);
#6045=ORIENTED_EDGE('',*,*,#6044,.F.);
#6046=DIRECTION('',(0.528479,0.848947,0));
#6047=VECTOR('',#6046,0.630952);
#6048=LINE('',#1528,#6047);
#6049=EDGE_CURVE('',#1529,#1531,#6048,.T.);
#6050=ORIENTED_EDGE('',*,*,#6049,.F.);
#6051=DIRECTION('',(0.52848,0.848946,0));
#6052=VECTOR('',#6051,0.630952);
#6053=LINE('',#1526,#6052);
#6054=EDGE_CURVE('',#1527,#1529,#6053,.T.);
#6055=ORIENTED_EDGE('',*,*,#6054,.F.);
#6056=DIRECTION('',(0.900969,-0.433884,0));
#6057=VECTOR('',#6056,4.17168);
#6058=LINE('',#1516,#6057);
#6059=EDGE_CURVE('',#1517,#1527,#6058,.T.);
#6060=ORIENTED_EDGE('',*,*,#6059,.F.);
#6061=DIRECTION('',(0.334231,0.942491,0));
#6062=VECTOR('',#6061,0.630953);
#6063=LINE('',#1516,#6062);
#6064=EDGE_CURVE('',#1517,#1589,#6063,.T.);
#6065=ORIENTED_EDGE('',*,*,#6064,.T.);
#6066=DIRECTION('',(0.334231,0.942491,0));
#6067=VECTOR('',#6066,0.630951);
#6068=LINE('',#1588,#6067);
#6069=EDGE_CURVE('',#1589,#1591,#6068,.T.);
#6070=ORIENTED_EDGE('',*,*,#6069,.T.);
#6071=DIRECTION('',(0.334231,0.942491,0));
#6072=VECTOR('',#6071,0.630953);
#6073=LINE('',#1590,#6072);
#6074=EDGE_CURVE('',#1591,#1593,#6073,.T.);
#6075=ORIENTED_EDGE('',*,*,#6074,.T.);
#6076=DIRECTION('',(0.33423,0.942491,0));
#6077=VECTOR('',#6076,0.630953);
#6078=LINE('',#1592,#6077);
#6079=EDGE_CURVE('',#1593,#1595,#6078,.T.);
#6080=ORIENTED_EDGE('',*,*,#6079,.T.);
#6081=DIRECTION('',(0.265835,0.964019,0));
#6082=VECTOR('',#6081,0.632533);
#6083=LINE('',#1594,#6082);
#6084=EDGE_CURVE('',#1595,#1597,#6083,.T.);
#6085=ORIENTED_EDGE('',*,*,#6084,.T.);
#6086=DIRECTION('',(0.092029,0.995756,0));
#6087=VECTOR('',#6086,0.650077);
#6088=LINE('',#1596,#6087);
#6089=EDGE_CURVE('',#1597,#1599,#6088,.T.);
#6090=ORIENTED_EDGE('',*,*,#6089,.T.);
#6091=DIRECTION('',(-0.008442,0.999964,0));
#6092=VECTOR('',#6091,0.668239);
#6093=LINE('',#1598,#6092);
#6094=EDGE_CURVE('',#1599,#1601,#6093,.T.);
#6095=ORIENTED_EDGE('',*,*,#6094,.T.);
#6096=DIRECTION('',(-0.087306,0.996182,0));
#6097=VECTOR('',#6096,0.686283);
#6098=LINE('',#1600,#6097);
#6099=EDGE_CURVE('',#1601,#1603,#6098,.T.);
#6100=ORIENTED_EDGE('',*,*,#6099,.T.);
#6101=DIRECTION('',(-0.154861,0.987936,0));
#6102=VECTOR('',#6101,0.704297);
#6103=LINE('',#1602,#6102);
#6104=EDGE_CURVE('',#1603,#1611,#6103,.T.);
#6105=ORIENTED_EDGE('',*,*,#6104,.T.);
#6106=DIRECTION('',(-0.215021,0.97661,0));
#6107=VECTOR('',#6106,0.722299);
#6108=LINE('',#1610,#6107);
#6109=EDGE_CURVE('',#1611,#1613,#6108,.T.);
#6110=ORIENTED_EDGE('',*,*,#6109,.T.);
#6111=DIRECTION('',(0.269773,-0.962924,0));
#6112=VECTOR('',#6111,0.740298);
#6113=LINE('',#1604,#6112);
#6114=EDGE_CURVE('',#1605,#1613,#6113,.T.);
#6115=ORIENTED_EDGE('',*,*,#6114,.F.);
#6116=DIRECTION('',(-0.3203,0.947316,0));
#6117=VECTOR('',#6116,0.758289);
#6118=LINE('',#1604,#6117);
#6119=EDGE_CURVE('',#1605,#1609,#6118,.T.);
#6120=ORIENTED_EDGE('',*,*,#6119,.T.);
#6121=DIRECTION('',(0.974928,-0.222521,0));
#6122=VECTOR('',#6121,1.596672);
#6123=LINE('',#1606,#6122);
#6124=EDGE_CURVE('',#1607,#1609,#6123,.T.);
#6125=ORIENTED_EDGE('',*,*,#6124,.F.);
#6126=DIRECTION('',(0.699605,0.714529,0));
#6127=VECTOR('',#6126,0.75829);
#6128=LINE('',#1586,#6127);
#6129=EDGE_CURVE('',#1587,#1607,#6128,.T.);
#6130=ORIENTED_EDGE('',*,*,#6129,.F.);
#6131=DIRECTION('',(0.660855,0.750514,0));
#6132=VECTOR('',#6131,0.740297);
#6133=LINE('',#1584,#6132);
#6134=EDGE_CURVE('',#1585,#1587,#6133,.T.);
#6135=ORIENTED_EDGE('',*,*,#6134,.F.);
#6136=DIRECTION('',(0.617461,0.786602,0));
#6137=VECTOR('',#6136,0.722301);
#6138=LINE('',#1582,#6137);
#6139=EDGE_CURVE('',#1583,#1585,#6138,.T.);
#6140=ORIENTED_EDGE('',*,*,#6139,.F.);
#6141=DIRECTION('',(0.568176,0.822907,0));
#6142=VECTOR('',#6141,0.704297);
#6143=LINE('',#1580,#6142);
#6144=EDGE_CURVE('',#1581,#1583,#6143,.T.);
#6145=ORIENTED_EDGE('',*,*,#6144,.F.);
#6146=DIRECTION('',(0.510886,0.859648,0));
#6147=VECTOR('',#6146,0.686283);
#6148=LINE('',#1578,#6147);
#6149=EDGE_CURVE('',#1579,#1581,#6148,.T.);
#6150=ORIENTED_EDGE('',*,*,#6149,.F.);
#6151=DIRECTION('',(0.441474,0.897274,0));
#6152=VECTOR('',#6151,0.66824);
#6153=LINE('',#1576,#6152);
#6154=EDGE_CURVE('',#1577,#1579,#6153,.T.);
#6155=ORIENTED_EDGE('',*,*,#6154,.F.);
#6156=DIRECTION('',(0.349128,0.937075,0));
#6157=VECTOR('',#6156,0.650077);
#6158=LINE('',#1574,#6157);
#6159=EDGE_CURVE('',#1575,#1577,#6158,.T.);
#6160=ORIENTED_EDGE('',*,*,#6159,.F.);
#6161=DIRECTION('',(0.178763,0.983892,0));
#6162=VECTOR('',#6161,0.632532);
#6163=LINE('',#1572,#6162);
#6164=EDGE_CURVE('',#1573,#1575,#6163,.T.);
#6165=ORIENTED_EDGE('',*,*,#6164,.F.);
#6166=DIRECTION('',(0.1078,0.994173,0));
#6167=VECTOR('',#6166,0.630952);
#6168=LINE('',#1570,#6167);
#6169=EDGE_CURVE('',#1571,#1573,#6168,.T.);
#6170=ORIENTED_EDGE('',*,*,#6169,.F.);
#6171=DIRECTION('',(0.107799,0.994173,0));
#6172=VECTOR('',#6171,0.630952);
#6173=LINE('',#1568,#6172);
#6174=EDGE_CURVE('',#1569,#1571,#6173,.T.);
#6175=ORIENTED_EDGE('',*,*,#6174,.F.);
#6176=DIRECTION('',(0.1078,0.994173,0));
#6177=VECTOR('',#6176,0.630952);
#6178=LINE('',#1566,#6177);
#6179=EDGE_CURVE('',#1567,#1569,#6178,.T.);
#6180=ORIENTED_EDGE('',*,*,#6179,.F.);
#6181=DIRECTION('',(0.1078,0.994173,0));
#6182=VECTOR('',#6181,0.630952);
#6183=LINE('',#1564,#6182);
#6184=EDGE_CURVE('',#1565,#1567,#6183,.T.);
#6185=ORIENTED_EDGE('',*,*,#6184,.F.);
#6186=DIRECTION('',(1,0,0));
#6187=VECTOR('',#6186,4.171679);
#6188=LINE('',#846,#6187);
#6189=EDGE_CURVE('',#847,#1565,#6188,.T.);
#6190=ORIENTED_EDGE('',*,*,#6189,.F.);
#6191=DIRECTION('',(-0.1078,0.994173,0));
#6192=VECTOR('',#6191,0.630952);
#6193=LINE('',#846,#6192);
#6194=EDGE_CURVE('',#847,#849,#6193,.T.);
#6195=ORIENTED_EDGE('',*,*,#6194,.T.);
#6196=DIRECTION('',(-0.1078,0.994173,0));
#6197=VECTOR('',#6196,0.630952);
#6198=LINE('',#848,#6197);
#6199=EDGE_CURVE('',#849,#851,#6198,.T.);
#6200=ORIENTED_EDGE('',*,*,#6199,.T.);
#6201=DIRECTION('',(-0.107799,0.994173,0));
#6202=VECTOR('',#6201,0.630952);
#6203=LINE('',#850,#6202);
#6204=EDGE_CURVE('',#851,#853,#6203,.T.);
#6205=ORIENTED_EDGE('',*,*,#6204,.T.);
#6206=DIRECTION('',(-0.1078,0.994173,0));
#6207=VECTOR('',#6206,0.630952);
#6208=LINE('',#852,#6207);
#6209=EDGE_CURVE('',#853,#855,#6208,.T.);
#6210=ORIENTED_EDGE('',*,*,#6209,.T.);
#6211=DIRECTION('',(0.178763,-0.983892,0));
#6212=VECTOR('',#6211,0.632532);
#6213=LINE('',#842,#6212);
#6214=EDGE_CURVE('',#843,#855,#6213,.T.);
#6215=ORIENTED_EDGE('',*,*,#6214,.F.);
#6216=DIRECTION('',(-0.349128,0.937075,0));
#6217=VECTOR('',#6216,0.650077);
#6218=LINE('',#842,#6217);
#6219=EDGE_CURVE('',#843,#845,#6218,.T.);
#6220=ORIENTED_EDGE('',*,*,#6219,.T.);
#6221=DIRECTION('',(-0.441474,0.897274,0));
#6222=VECTOR('',#6221,0.66824);
#6223=LINE('',#844,#6222);
#6224=EDGE_CURVE('',#845,#863,#6223,.T.);
#6225=ORIENTED_EDGE('',*,*,#6224,.T.);
#6226=DIRECTION('',(0.510886,-0.859648,0));
#6227=VECTOR('',#6226,0.686283);
#6228=LINE('',#860,#6227);
#6229=EDGE_CURVE('',#861,#863,#6228,.T.);
#6230=ORIENTED_EDGE('',*,*,#6229,.F.);
#6231=DIRECTION('',(0.568176,-0.822907,0));
#6232=VECTOR('',#6231,0.704297);
#6233=LINE('',#856,#6232);
#6234=EDGE_CURVE('',#857,#861,#6233,.T.);
#6235=ORIENTED_EDGE('',*,*,#6234,.F.);
#6236=DIRECTION('',(-0.617461,0.786602,0));
#6237=VECTOR('',#6236,0.722301);
#6238=LINE('',#856,#6237);
#6239=EDGE_CURVE('',#857,#859,#6238,.T.);
#6240=ORIENTED_EDGE('',*,*,#6239,.T.);
#6241=DIRECTION('',(-0.660855,0.750514,0));
#6242=VECTOR('',#6241,0.740297);
#6243=LINE('',#858,#6242);
#6244=EDGE_CURVE('',#859,#865,#6243,.T.);
#6245=ORIENTED_EDGE('',*,*,#6244,.T.);
#6246=DIRECTION('',(0.699605,-0.714529,0));
#6247=VECTOR('',#6246,0.75829);
#6248=LINE('',#840,#6247);
#6249=EDGE_CURVE('',#841,#865,#6248,.T.);
#6250=ORIENTED_EDGE('',*,*,#6249,.F.);
#6251=DIRECTION('',(0.974928,0.222521,0));
#6252=VECTOR('',#6251,1.596672);
#6253=LINE('',#838,#6252);
#6254=EDGE_CURVE('',#839,#841,#6253,.T.);
#6255=ORIENTED_EDGE('',*,*,#6254,.F.);
#6256=DIRECTION('',(0.3203,0.947316,0));
#6257=VECTOR('',#6256,0.758289);
#6258=LINE('',#836,#6257);
#6259=EDGE_CURVE('',#837,#839,#6258,.T.);
#6260=ORIENTED_EDGE('',*,*,#6259,.F.);
#6261=DIRECTION('',(0.269773,0.962924,0));
#6262=VECTOR('',#6261,0.740298);
#6263=LINE('',#834,#6262);
#6264=EDGE_CURVE('',#835,#837,#6263,.T.);
#6265=ORIENTED_EDGE('',*,*,#6264,.F.);
#6266=DIRECTION('',(0.215021,0.97661,0));
#6267=VECTOR('',#6266,0.722299);
#6268=LINE('',#832,#6267);
#6269=EDGE_CURVE('',#833,#835,#6268,.T.);
#6270=ORIENTED_EDGE('',*,*,#6269,.F.);
#6271=DIRECTION('',(0.154861,0.987936,0));
#6272=VECTOR('',#6271,0.704297);
#6273=LINE('',#824,#6272);
#6274=EDGE_CURVE('',#825,#833,#6273,.T.);
#6275=ORIENTED_EDGE('',*,*,#6274,.F.);
#6276=DIRECTION('',(0.087306,0.996182,0));
#6277=VECTOR('',#6276,0.686283);
#6278=LINE('',#822,#6277);
#6279=EDGE_CURVE('',#823,#825,#6278,.T.);
#6280=ORIENTED_EDGE('',*,*,#6279,.F.);
#6281=DIRECTION('',(0.008442,0.999964,0));
#6282=VECTOR('',#6281,0.668239);
#6283=LINE('',#820,#6282);
#6284=EDGE_CURVE('',#821,#823,#6283,.T.);
#6285=ORIENTED_EDGE('',*,*,#6284,.F.);
#6286=DIRECTION('',(-0.092029,0.995756,0));
#6287=VECTOR('',#6286,0.650077);
#6288=LINE('',#818,#6287);
#6289=EDGE_CURVE('',#819,#821,#6288,.T.);
#6290=ORIENTED_EDGE('',*,*,#6289,.F.);
#6291=DIRECTION('',(-0.265835,0.964019,0));
#6292=VECTOR('',#6291,0.632533);
#6293=LINE('',#816,#6292);
#6294=EDGE_CURVE('',#817,#819,#6293,.T.);
#6295=ORIENTED_EDGE('',*,*,#6294,.F.);
#6296=DIRECTION('',(0.33423,-0.942491,0));
#6297=VECTOR('',#6296,0.630953);
#6298=LINE('',#816,#6297);
#6299=EDGE_CURVE('',#817,#831,#6298,.T.);
#6300=ORIENTED_EDGE('',*,*,#6299,.T.);
#6301=DIRECTION('',(-0.334231,0.942491,0));
#6302=VECTOR('',#6301,0.630953);
#6303=LINE('',#828,#6302);
#6304=EDGE_CURVE('',#829,#831,#6303,.T.);
#6305=ORIENTED_EDGE('',*,*,#6304,.F.);
#6306=DIRECTION('',(-0.334231,0.942491,0));
#6307=VECTOR('',#6306,0.630951);
#6308=LINE('',#826,#6307);
#6309=EDGE_CURVE('',#827,#829,#6308,.T.);
#6310=ORIENTED_EDGE('',*,*,#6309,.F.);
#6311=DIRECTION('',(-0.334231,0.942491,0));
#6312=VECTOR('',#6311,0.630953);
#6313=LINE('',#792,#6312);
#6314=EDGE_CURVE('',#793,#827,#6313,.T.);
#6315=ORIENTED_EDGE('',*,*,#6314,.F.);
#6316=DIRECTION('',(0.900969,0.433884,0));
#6317=VECTOR('',#6316,4.17168);
#6318=LINE('',#750,#6317);
#6319=EDGE_CURVE('',#751,#793,#6318,.T.);
#6320=ORIENTED_EDGE('',*,*,#6319,.F.);
#6321=DIRECTION('',(-0.52848,0.848946,0));
#6322=VECTOR('',#6321,0.630952);
#6323=LINE('',#750,#6322);
#6324=EDGE_CURVE('',#751,#759,#6323,.T.);
#6325=ORIENTED_EDGE('',*,*,#6324,.T.);
#6326=DIRECTION('',(0.528479,-0.848947,0));
#6327=VECTOR('',#6326,0.630952);
#6328=LINE('',#752,#6327);
#6329=EDGE_CURVE('',#753,#759,#6328,.T.);
#6330=ORIENTED_EDGE('',*,*,#6329,.F.);
#6331=DIRECTION('',(-0.52848,0.848946,0));
#6332=VECTOR('',#6331,0.630952);
#6333=LINE('',#752,#6332);
#6334=EDGE_CURVE('',#753,#757,#6333,.T.);
#6335=ORIENTED_EDGE('',*,*,#6334,.T.);
#6336=DIRECTION('',(0.52848,-0.848946,0));
#6337=VECTOR('',#6336,0.630952);
#6338=LINE('',#754,#6337);
#6339=EDGE_CURVE('',#755,#757,#6338,.T.);
#6340=ORIENTED_EDGE('',*,*,#6339,.F.);
#6341=DIRECTION('',(-0.587955,0.808894,0));
#6342=VECTOR('',#6341,0.632533);
#6343=LINE('',#754,#6342);
#6344=EDGE_CURVE('',#755,#815,#6343,.T.);
#6345=ORIENTED_EDGE('',*,*,#6344,.T.);
#6346=DIRECTION('',(0.721134,-0.692796,0));
#6347=VECTOR('',#6346,0.650077);
#6348=LINE('',#812,#6347);
#6349=EDGE_CURVE('',#813,#815,#6348,.T.);
#6350=ORIENTED_EDGE('',*,*,#6349,.F.);
#6351=DIRECTION('',(0.787067,-0.616867,0));
#6352=VECTOR('',#6351,0.668238);
#6353=LINE('',#810,#6352);
#6354=EDGE_CURVE('',#811,#813,#6353,.T.);
#6355=ORIENTED_EDGE('',*,*,#6354,.F.);
#6356=DIRECTION('',(0.833281,-0.55285,0));
#6357=VECTOR('',#6356,0.686283);
#6358=LINE('',#808,#6357);
#6359=EDGE_CURVE('',#809,#811,#6358,.T.);
#6360=ORIENTED_EDGE('',*,*,#6359,.F.);
#6361=DIRECTION('',(0.868955,-0.494892,0));
#6362=VECTOR('',#6361,0.704297);
#6363=LINE('',#806,#6362);
#6364=EDGE_CURVE('',#807,#809,#6363,.T.);
#6365=ORIENTED_EDGE('',*,*,#6364,.F.);
#6366=DIRECTION('',(0.897607,-0.440797,0));
#6367=VECTOR('',#6366,0.7223);
#6368=LINE('',#800,#6367);
#6369=EDGE_CURVE('',#801,#807,#6368,.T.);
#6370=ORIENTED_EDGE('',*,*,#6369,.F.);
#6371=DIRECTION('',(-0.921045,0.389455,0));
#6372=VECTOR('',#6371,0.740298);
#6373=LINE('',#800,#6372);
#6374=EDGE_CURVE('',#801,#805,#6373,.T.);
#6375=ORIENTED_EDGE('',*,*,#6374,.T.);
#6376=DIRECTION('',(0.940345,-0.340223,0));
#6377=VECTOR('',#6376,0.75829);
#6378=LINE('',#802,#6377);
#6379=EDGE_CURVE('',#803,#805,#6378,.T.);
#6380=ORIENTED_EDGE('',*,*,#6379,.F.);
#6381=DIRECTION('',(0.781831,0.62349,0));
#6382=VECTOR('',#6381,1.596673);
#6383=LINE('',#798,#6382);
#6384=EDGE_CURVE('',#799,#803,#6383,.T.);
#6385=ORIENTED_EDGE('',*,*,#6384,.F.);
#6386=DIRECTION('',(-0.122446,0.992475,0));
#6387=VECTOR('',#6386,0.75829);
#6388=LINE('',#796,#6387);
#6389=EDGE_CURVE('',#797,#799,#6388,.T.);
#6390=ORIENTED_EDGE('',*,*,#6389,.F.);
#6391=DIRECTION('',(-0.174739,0.984615,0));
#6392=VECTOR('',#6391,0.740296);
#6393=LINE('',#794,#6392);
#6394=EDGE_CURVE('',#795,#797,#6393,.T.);
#6395=ORIENTED_EDGE('',*,*,#6394,.F.);
#6396=DIRECTION('',(-0.230009,0.973188,0));
#6397=VECTOR('',#6396,0.7223);
#6398=LINE('',#732,#6397);
#6399=EDGE_CURVE('',#733,#795,#6398,.T.);
#6400=ORIENTED_EDGE('',*,*,#6399,.F.);
#6401=DIRECTION('',(-0.289123,0.957292,0));
#6402=VECTOR('',#6401,0.704296);
#6403=LINE('',#730,#6402);
#6404=EDGE_CURVE('',#731,#733,#6403,.T.);
#6405=ORIENTED_EDGE('',*,*,#6404,.F.);
#6406=DIRECTION('',(0.353567,-0.935409,0));
#6407=VECTOR('',#6406,0.686284);
#6408=LINE('',#730,#6407);
#6409=EDGE_CURVE('',#731,#745,#6408,.T.);
#6410=ORIENTED_EDGE('',*,*,#6409,.T.);
#6411=DIRECTION('',(-0.426263,0.904599,0));
#6412=VECTOR('',#6411,0.668239);
#6413=LINE('',#734,#6412);
#6414=EDGE_CURVE('',#735,#745,#6413,.T.);
#6415=ORIENTED_EDGE('',*,*,#6414,.F.);
#6416=DIRECTION('',(0.514958,-0.857215,0));
#6417=VECTOR('',#6416,0.650077);
#6418=LINE('',#734,#6417);
#6419=EDGE_CURVE('',#735,#737,#6418,.T.);
#6420=ORIENTED_EDGE('',*,*,#6419,.T.);
#6421=DIRECTION('',(0.657781,-0.753209,0));
#6422=VECTOR('',#6421,0.632532);
#6423=LINE('',#736,#6422);
#6424=EDGE_CURVE('',#737,#743,#6423,.T.);
#6425=ORIENTED_EDGE('',*,*,#6424,.T.);
#6426=DIRECTION('',(-0.710063,0.704138,0));
#6427=VECTOR('',#6426,0.630953);
#6428=LINE('',#738,#6427);
#6429=EDGE_CURVE('',#739,#743,#6428,.T.);
#6430=ORIENTED_EDGE('',*,*,#6429,.F.);
#6431=DIRECTION('',(0.710064,-0.704137,0));
#6432=VECTOR('',#6431,0.630952);
#6433=LINE('',#738,#6432);
#6434=EDGE_CURVE('',#739,#741,#6433,.T.);
#6435=ORIENTED_EDGE('',*,*,#6434,.T.);
#6436=DIRECTION('',(0.710063,-0.704138,0));
#6437=VECTOR('',#6436,0.630953);
#6438=LINE('',#740,#6437);
#6439=EDGE_CURVE('',#741,#747,#6438,.T.);
#6440=ORIENTED_EDGE('',*,*,#6439,.T.);
#6441=DIRECTION('',(0.710063,-0.704138,0));
#6442=VECTOR('',#6441,0.630953);
#6443=LINE('',#746,#6442);
#6444=EDGE_CURVE('',#747,#749,#6443,.T.);
#6445=ORIENTED_EDGE('',*,*,#6444,.T.);
#6446=DIRECTION('',(0.62349,0.781832,0));
#6447=VECTOR('',#6446,4.171679);
#6448=LINE('',#728,#6447);
#6449=EDGE_CURVE('',#729,#749,#6448,.T.);
#6450=ORIENTED_EDGE('',*,*,#6449,.F.);
#6451=DIRECTION('',(0.844488,-0.535575,0));
#6452=VECTOR('',#6451,0.630952);
#6453=LINE('',#724,#6452);
#6454=EDGE_CURVE('',#725,#729,#6453,.T.);
#6455=ORIENTED_EDGE('',*,*,#6454,.F.);
#6456=DIRECTION('',(0.844488,-0.535575,0));
#6457=VECTOR('',#6456,0.630954);
#6458=LINE('',#720,#6457);
#6459=EDGE_CURVE('',#721,#725,#6458,.T.);
#6460=ORIENTED_EDGE('',*,*,#6459,.F.);
#6461=DIRECTION('',(-0.844488,0.535575,0));
#6462=VECTOR('',#6461,0.630952);
#6463=LINE('',#720,#6462);
#6464=EDGE_CURVE('',#721,#723,#6463,.T.);
#6465=ORIENTED_EDGE('',*,*,#6464,.T.);
#6466=DIRECTION('',(0.844487,-0.535576,0));
#6467=VECTOR('',#6466,0.630953);
#6468=LINE('',#718,#6467);
#6469=EDGE_CURVE('',#719,#723,#6468,.T.);
#6470=ORIENTED_EDGE('',*,*,#6469,.F.);
#6471=DIRECTION('',(-0.880695,0.473684,0));
#6472=VECTOR('',#6471,0.632532);
#6473=LINE('',#718,#6472);
#6474=EDGE_CURVE('',#719,#727,#6473,.T.);
#6475=ORIENTED_EDGE('',*,*,#6474,.T.);
#6476=DIRECTION('',(0.950312,-0.311298,0));
#6477=VECTOR('',#6476,0.650078);
#6478=LINE('',#712,#6477);
#6479=EDGE_CURVE('',#713,#727,#6478,.T.);
#6480=ORIENTED_EDGE('',*,*,#6479,.F.);
#6481=DIRECTION('',(0.976772,-0.214283,0));
#6482=VECTOR('',#6481,0.668238);
#6483=LINE('',#710,#6482);
#6484=EDGE_CURVE('',#711,#713,#6483,.T.);
#6485=ORIENTED_EDGE('',*,*,#6484,.F.);
#6486=DIRECTION('',(0.990633,-0.136554,0));
#6487=VECTOR('',#6486,0.686282);
#6488=LINE('',#708,#6487);
#6489=EDGE_CURVE('',#709,#711,#6488,.T.);
#6490=ORIENTED_EDGE('',*,*,#6489,.F.);
#6491=DIRECTION('',(0.997627,-0.068857,0));
#6492=VECTOR('',#6491,0.704299);
#6493=LINE('',#706,#6492);
#6494=EDGE_CURVE('',#707,#709,#6493,.T.);
#6495=ORIENTED_EDGE('',*,*,#6494,.F.);
#6496=DIRECTION('',(0.99997,-0.007687,0));
#6497=VECTOR('',#6496,0.7223);
#6498=LINE('',#704,#6497);
#6499=EDGE_CURVE('',#705,#707,#6498,.T.);
#6500=ORIENTED_EDGE('',*,*,#6499,.F.);
#6501=DIRECTION('',(0.998812,0.048739,0));
#6502=VECTOR('',#6501,0.740296);
#6503=LINE('',#702,#6502);
#6504=EDGE_CURVE('',#703,#705,#6503,.T.);
#6505=ORIENTED_EDGE('',*,*,#6504,.F.);
#6506=DIRECTION('',(0.994839,0.101471,0));
#6507=VECTOR('',#6506,0.758291);
#6508=LINE('',#700,#6507);
#6509=EDGE_CURVE('',#701,#703,#6508,.T.);
#6510=ORIENTED_EDGE('',*,*,#6509,.F.);
#6511=DIRECTION('',(0.433884,0.900969,0));
#6512=VECTOR('',#6511,1.596672);
#6513=LINE('',#696,#6512);
#6514=EDGE_CURVE('',#697,#701,#6513,.T.);
#6515=ORIENTED_EDGE('',*,*,#6514,.F.);
#6516=DIRECTION('',(-0.540938,0.841062,0));
#6517=VECTOR('',#6516,0.758291);
#6518=LINE('',#694,#6517);
#6519=EDGE_CURVE('',#695,#697,#6518,.T.);
#6520=ORIENTED_EDGE('',*,*,#6519,.F.);
#6521=DIRECTION('',(0.584644,-0.81129,0));
#6522=VECTOR('',#6521,0.740297);
#6523=LINE('',#694,#6522);
#6524=EDGE_CURVE('',#695,#699,#6523,.T.);
#6525=ORIENTED_EDGE('',*,*,#6524,.T.);
#6526=DIRECTION('',(-0.629481,0.777016,0));
#6527=VECTOR('',#6526,0.7223);
#6528=LINE('',#680,#6527);
#6529=EDGE_CURVE('',#681,#699,#6528,.T.);
#6530=ORIENTED_EDGE('',*,*,#6529,.F.);
#6531=DIRECTION('',(-0.675845,0.737044,0));
#6532=VECTOR('',#6531,0.704298);
#6533=LINE('',#678,#6532);
#6534=EDGE_CURVE('',#679,#681,#6533,.T.);
#6535=ORIENTED_EDGE('',*,*,#6534,.F.);
#6536=DIRECTION('',(0.724413,-0.689366,0));
#6537=VECTOR('',#6536,0.686283);
#6538=LINE('',#678,#6537);
#6539=EDGE_CURVE('',#679,#683,#6538,.T.);
#6540=ORIENTED_EDGE('',*,*,#6539,.T.);
#6541=DIRECTION('',(0.77654,-0.630069,0));
#6542=VECTOR('',#6541,0.668238);
#6543=LINE('',#682,#6542);
#6544=EDGE_CURVE('',#683,#685,#6543,.T.);
#6545=ORIENTED_EDGE('',*,*,#6544,.T.);
#6546=DIRECTION('',(0.835893,-0.548893,0));
#6547=VECTOR('',#6546,0.650076);
#6548=LINE('',#684,#6547);
#6549=EDGE_CURVE('',#685,#691,#6548,.T.);
#6550=ORIENTED_EDGE('',*,*,#6549,.T.);
#6551=DIRECTION('',(0.919446,-0.393217,0));
#6552=VECTOR('',#6551,0.632534);
#6553=LINE('',#690,#6552);
#6554=EDGE_CURVE('',#691,#693,#6553,.T.);
#6555=ORIENTED_EDGE('',*,*,#6554,.T.);
#6556=DIRECTION('',(-0.945259,0.326321,0));
#6557=VECTOR('',#6556,0.630952);
#6558=LINE('',#686,#6557);
#6559=EDGE_CURVE('',#687,#693,#6558,.T.);
#6560=ORIENTED_EDGE('',*,*,#6559,.F.);
#6561=DIRECTION('',(0.945259,-0.326321,0));
#6562=VECTOR('',#6561,0.630952);
#6563=LINE('',#686,#6562);
#6564=EDGE_CURVE('',#687,#689,#6563,.T.);
#6565=ORIENTED_EDGE('',*,*,#6564,.T.);
#6566=DIRECTION('',(0.945259,-0.326321,0));
#6567=VECTOR('',#6566,0.630954);
#6568=LINE('',#688,#6567);
#6569=EDGE_CURVE('',#689,#715,#6568,.T.);
#6570=ORIENTED_EDGE('',*,*,#6569,.T.);
#6571=DIRECTION('',(0.945259,-0.326321,0));
#6572=VECTOR('',#6571,0.630952);
#6573=LINE('',#714,#6572);
#6574=EDGE_CURVE('',#715,#717,#6573,.T.);
#6575=ORIENTED_EDGE('',*,*,#6574,.T.);
#6576=DIRECTION('',(0.222521,0.974928,0));
#6577=VECTOR('',#6576,4.171679);
#6578=LINE('',#672,#6577);
#6579=EDGE_CURVE('',#673,#717,#6578,.T.);
#6580=ORIENTED_EDGE('',*,*,#6579,.F.);
#6581=DIRECTION('',(0.993234,-0.116127,0));
#6582=VECTOR('',#6581,0.630953);
#6583=LINE('',#670,#6582);
#6584=EDGE_CURVE('',#671,#673,#6583,.T.);
#6585=ORIENTED_EDGE('',*,*,#6584,.F.);
#6586=DIRECTION('',(-0.993234,0.116128,0));
#6587=VECTOR('',#6586,0.630951);
#6588=LINE('',#670,#6587);
#6589=EDGE_CURVE('',#671,#677,#6588,.T.);
#6590=ORIENTED_EDGE('',*,*,#6589,.T.);
#6591=DIRECTION('',(0.993234,-0.116127,0));
#6592=VECTOR('',#6591,0.630953);
#6593=LINE('',#674,#6592);
#6594=EDGE_CURVE('',#675,#677,#6593,.T.);
#6595=ORIENTED_EDGE('',*,*,#6594,.F.);
#6596=DIRECTION('',(0.993234,-0.116127,0));
#6597=VECTOR('',#6596,0.630953);
#6598=LINE('',#668,#6597);
#6599=EDGE_CURVE('',#669,#675,#6598,.T.);
#6600=ORIENTED_EDGE('',*,*,#6599,.F.);
#6601=DIRECTION('',(0.999002,-0.044656,0));
#6602=VECTOR('',#6601,0.632532);
#6603=LINE('',#666,#6602);
#6604=EDGE_CURVE('',#667,#669,#6603,.T.);
#6605=ORIENTED_EDGE('',*,*,#6604,.F.);
#6606=DIRECTION('',(0.991269,0.131855,0));
#6607=VECTOR('',#6606,0.650077);
#6608=LINE('',#664,#6607);
#6609=EDGE_CURVE('',#665,#667,#6608,.T.);
#6610=ORIENTED_EDGE('',*,*,#6609,.F.);
#6611=DIRECTION('',(0.973015,0.230743,0));
#6612=VECTOR('',#6611,0.668238);
#6613=LINE('',#662,#6612);
#6614=EDGE_CURVE('',#663,#665,#6613,.T.);
#6615=ORIENTED_EDGE('',*,*,#6614,.F.);
#6616=DIRECTION('',(0.951778,0.306788,0));
#6617=VECTOR('',#6616,0.686283);
#6618=LINE('',#660,#6617);
#6619=EDGE_CURVE('',#661,#663,#6618,.T.);
#6620=ORIENTED_EDGE('',*,*,#6619,.F.);
#6621=DIRECTION('',(0.928707,0.370815,0));
#6622=VECTOR('',#6621,0.704299);
#6623=LINE('',#658,#6622);
#6624=EDGE_CURVE('',#659,#661,#6623,.T.);
#6625=ORIENTED_EDGE('',*,*,#6624,.F.);
#6626=DIRECTION('',(0.904277,0.426946,0));
#6627=VECTOR('',#6626,0.722299);
#6628=LINE('',#656,#6627);
#6629=EDGE_CURVE('',#657,#659,#6628,.T.);
#6630=ORIENTED_EDGE('',*,*,#6629,.F.);
#6631=DIRECTION('',(0.878751,0.47728,0));
#6632=VECTOR('',#6631,0.740298);
#6633=LINE('',#654,#6632);
#6634=EDGE_CURVE('',#655,#657,#6633,.T.);
#6635=ORIENTED_EDGE('',*,*,#6634,.F.);
#6636=DIRECTION('',(0.852292,0.523067,0));
#6637=VECTOR('',#6636,0.75829);
#6638=LINE('',#652,#6637);
#6639=EDGE_CURVE('',#653,#655,#6638,.T.);
#6640=ORIENTED_EDGE('',*,*,#6639,.F.);
#6641=ORIENTED_EDGE('',*,*,#5440,.F.);
#6642=ORIENTED_EDGE('',*,*,#4212,.T.);
#6643=ORIENTED_EDGE('',*,*,#5458,.T.);
#6644=ORIENTED_EDGE('',*,*,#5753,.T.);
#6645=ORIENTED_EDGE('',*,*,#5766,.T.);
#6646=ORIENTED_EDGE('',*,*,#5725,.T.);
#6647=ORIENTED_EDGE('',*,*,#5739,.F.);
#6648=ORIENTED_EDGE('',*,*,#4321,.T.);
#6649=ORIENTED_EDGE('',*,*,#4663,.T.);
#6650=ORIENTED_EDGE('',*,*,#4695,.T.);
#6651=ORIENTED_EDGE('',*,*,#4690,.T.);
#6652=ORIENTED_EDGE('',*,*,#5782,.T.);
#6653=ORIENTED_EDGE('',*,*,#4709,.T.);
#6654=ORIENTED_EDGE('',*,*,#4644,.T.);
#6655=ORIENTED_EDGE('',*,*,#4612,.F.);
#6656=ORIENTED_EDGE('',*,*,#4607,.F.);
#6657=ORIENTED_EDGE('',*,*,#4632,.F.);
#6658=ORIENTED_EDGE('',*,*,#4627,.F.);
#6659=ORIENTED_EDGE('',*,*,#5710,.F.);
#6660=ORIENTED_EDGE('',*,*,#5698,.F.);
#6661=ORIENTED_EDGE('',*,*,#5682,.F.);
#6662=ORIENTED_EDGE('',*,*,#5586,.F.);
#6663=ORIENTED_EDGE('',*,*,#5570,.F.);
#6664=ORIENTED_EDGE('',*,*,#5558,.F.);
#6665=ORIENTED_EDGE('',*,*,#5543,.F.);
#6666=ORIENTED_EDGE('',*,*,#5516,.F.);
#6667=ORIENTED_EDGE('',*,*,#5530,.T.);
#6668=ORIENTED_EDGE('',*,*,#5473,.T.);
#6669=ORIENTED_EDGE('',*,*,#5488,.T.);
#6670=ORIENTED_EDGE('',*,*,#4338,.T.);
#6671=ORIENTED_EDGE('',*,*,#5501,.T.);
#6672=ORIENTED_EDGE('',*,*,#5600,.T.);
#6673=ORIENTED_EDGE('',*,*,#5614,.T.);
#6674=ORIENTED_EDGE('',*,*,#5628,.T.);
#6675=ORIENTED_EDGE('',*,*,#5640,.T.);
#6676=ORIENTED_EDGE('',*,*,#5654,.T.);
#6677=ORIENTED_EDGE('',*,*,#4562,.T.);
#6678=ORIENTED_EDGE('',*,*,#5670,.T.);
#6679=ORIENTED_EDGE('',*,*,#4576,.T.);
#6680=ORIENTED_EDGE('',*,*,#4539,.T.);
#6681=DIRECTION('',(0.710063,0.704138,0));
#6682=VECTOR('',#6681,0.630953);
#6683=LINE('',#398,#6682);
#6684=EDGE_CURVE('',#399,#401,#6683,.T.);
#6685=ORIENTED_EDGE('',*,*,#6684,.F.);
#6686=DIRECTION('',(0.710063,0.704138,0));
#6687=VECTOR('',#6686,0.630953);
#6688=LINE('',#374,#6687);
#6689=EDGE_CURVE('',#375,#399,#6688,.T.);
#6690=ORIENTED_EDGE('',*,*,#6689,.F.);
#6691=ORIENTED_EDGE('',*,*,#4021,.F.);
#6692=ORIENTED_EDGE('',*,*,#4944,.F.);
#6693=DIRECTION('',(0.657781,0.753209,0));
#6694=VECTOR('',#6693,0.632532);
#6695=LINE('',#368,#6694);
#6696=EDGE_CURVE('',#369,#371,#6695,.T.);
#6697=ORIENTED_EDGE('',*,*,#6696,.F.);
#6698=DIRECTION('',(0.514958,0.857215,0));
#6699=VECTOR('',#6698,0.650077);
#6700=LINE('',#366,#6699);
#6701=EDGE_CURVE('',#367,#369,#6700,.T.);
#6702=ORIENTED_EDGE('',*,*,#6701,.F.);
#6703=DIRECTION('',(0.426263,0.904599,0));
#6704=VECTOR('',#6703,0.668239);
#6705=LINE('',#364,#6704);
#6706=EDGE_CURVE('',#365,#367,#6705,.T.);
#6707=ORIENTED_EDGE('',*,*,#6706,.F.);
#6708=ORIENTED_EDGE('',*,*,#3955,.F.);
#6709=ORIENTED_EDGE('',*,*,#5427,.F.);
#6710=ORIENTED_EDGE('',*,*,#5412,.F.);
#6711=ORIENTED_EDGE('',*,*,#3861,.F.);
#6712=ORIENTED_EDGE('',*,*,#3842,.F.);
#6713=ORIENTED_EDGE('',*,*,#3825,.T.);
#6714=DIRECTION('',(0.940345,0.340223,0));
#6715=VECTOR('',#6714,0.75829);
#6716=LINE('',#294,#6715);
#6717=EDGE_CURVE('',#295,#297,#6716,.T.);
#6718=ORIENTED_EDGE('',*,*,#6717,.T.);
#6719=DIRECTION('',(0.921045,0.389455,0));
#6720=VECTOR('',#6719,0.740298);
#6721=LINE('',#296,#6720);
#6722=EDGE_CURVE('',#297,#299,#6721,.T.);
#6723=ORIENTED_EDGE('',*,*,#6722,.T.);
#6724=DIRECTION('',(0.897607,0.440797,0));
#6725=VECTOR('',#6724,0.7223);
#6726=LINE('',#298,#6725);
#6727=EDGE_CURVE('',#299,#301,#6726,.T.);
#6728=ORIENTED_EDGE('',*,*,#6727,.T.);
#6729=DIRECTION('',(0.868955,0.494892,0));
#6730=VECTOR('',#6729,0.704297);
#6731=LINE('',#300,#6730);
#6732=EDGE_CURVE('',#301,#303,#6731,.T.);
#6733=ORIENTED_EDGE('',*,*,#6732,.T.);
#6734=DIRECTION('',(0.833281,0.55285,0));
#6735=VECTOR('',#6734,0.686283);
#6736=LINE('',#302,#6735);
#6737=EDGE_CURVE('',#303,#305,#6736,.T.);
#6738=ORIENTED_EDGE('',*,*,#6737,.T.);
#6739=ORIENTED_EDGE('',*,*,#4817,.T.);
#6740=DIRECTION('',(0.721134,0.692796,0));
#6741=VECTOR('',#6740,0.650077);
#6742=LINE('',#306,#6741);
#6743=EDGE_CURVE('',#307,#309,#6742,.T.);
#6744=ORIENTED_EDGE('',*,*,#6743,.T.);
#6745=DIRECTION('',(0.587955,0.808894,0));
#6746=VECTOR('',#6745,0.632533);
#6747=LINE('',#308,#6746);
#6748=EDGE_CURVE('',#309,#389,#6747,.T.);
#6749=ORIENTED_EDGE('',*,*,#6748,.T.);
#6750=ORIENTED_EDGE('',*,*,#4986,.T.);
#6751=ORIENTED_EDGE('',*,*,#4981,.T.);
#6752=ORIENTED_EDGE('',*,*,#4890,.T.);
#6753=ORIENTED_EDGE('',*,*,#5005,.T.);
#6754=ORIENTED_EDGE('',*,*,#5036,.T.);
#6755=ORIENTED_EDGE('',*,*,#5326,.F.);
#6756=ORIENTED_EDGE('',*,*,#5321,.F.);
#6757=ORIENTED_EDGE('',*,*,#5316,.F.);
#6758=DIRECTION('',(0.33423,0.942491,0));
#6759=VECTOR('',#6758,0.630953);
#6760=LINE('',#328,#6759);
#6761=EDGE_CURVE('',#329,#331,#6760,.T.);
#6762=ORIENTED_EDGE('',*,*,#6761,.F.);
#6763=DIRECTION('',(0.265835,0.964019,0));
#6764=VECTOR('',#6763,0.632533);
#6765=LINE('',#326,#6764);
#6766=EDGE_CURVE('',#327,#329,#6765,.T.);
#6767=ORIENTED_EDGE('',*,*,#6766,.F.);
#6768=DIRECTION('',(0.092029,0.995756,0));
#6769=VECTOR('',#6768,0.650077);
#6770=LINE('',#324,#6769);
#6771=EDGE_CURVE('',#325,#327,#6770,.T.);
#6772=ORIENTED_EDGE('',*,*,#6771,.F.);
#6773=DIRECTION('',(-0.008442,0.999964,0));
#6774=VECTOR('',#6773,0.668239);
#6775=LINE('',#322,#6774);
#6776=EDGE_CURVE('',#323,#325,#6775,.T.);
#6777=ORIENTED_EDGE('',*,*,#6776,.F.);
#6778=DIRECTION('',(-0.087306,0.996182,0));
#6779=VECTOR('',#6778,0.686283);
#6780=LINE('',#320,#6779);
#6781=EDGE_CURVE('',#321,#323,#6780,.T.);
#6782=ORIENTED_EDGE('',*,*,#6781,.F.);
#6783=DIRECTION('',(-0.154861,0.987936,0));
#6784=VECTOR('',#6783,0.704297);
#6785=LINE('',#312,#6784);
#6786=EDGE_CURVE('',#313,#321,#6785,.T.);
#6787=ORIENTED_EDGE('',*,*,#6786,.F.);
#6788=ORIENTED_EDGE('',*,*,#5147,.F.);
#6789=DIRECTION('',(0.269773,-0.962924,0));
#6790=VECTOR('',#6789,0.740298);
#6791=LINE('',#310,#6790);
#6792=EDGE_CURVE('',#311,#319,#6791,.T.);
#6793=ORIENTED_EDGE('',*,*,#6792,.T.);
#6794=ORIENTED_EDGE('',*,*,#5121,.F.);
#6795=ORIENTED_EDGE('',*,*,#5059,.T.);
#6796=DIRECTION('',(0.699605,0.714529,0));
#6797=VECTOR('',#6796,0.75829);
#6798=LINE('',#316,#6797);
#6799=EDGE_CURVE('',#317,#337,#6798,.T.);
#6800=ORIENTED_EDGE('',*,*,#6799,.T.);
#6801=DIRECTION('',(0.660855,0.750514,0));
#6802=VECTOR('',#6801,0.740297);
#6803=LINE('',#336,#6802);
#6804=EDGE_CURVE('',#337,#339,#6803,.T.);
#6805=ORIENTED_EDGE('',*,*,#6804,.T.);
#6806=ORIENTED_EDGE('',*,*,#5188,.T.);
#6807=ORIENTED_EDGE('',*,*,#5200,.T.);
#6808=DIRECTION('',(0.510886,0.859648,0));
#6809=VECTOR('',#6808,0.686283);
#6810=LINE('',#342,#6809);
#6811=EDGE_CURVE('',#343,#345,#6810,.T.);
#6812=ORIENTED_EDGE('',*,*,#6811,.T.);
#6813=ORIENTED_EDGE('',*,*,#5244,.T.);
#6814=ORIENTED_EDGE('',*,*,#5261,.T.);
#6815=DIRECTION('',(0.178763,0.983892,0));
#6816=VECTOR('',#6815,0.632532);
#6817=LINE('',#348,#6816);
#6818=EDGE_CURVE('',#349,#351,#6817,.T.);
#6819=ORIENTED_EDGE('',*,*,#6818,.T.);
#6820=ORIENTED_EDGE('',*,*,#5339,.T.);
#6821=DIRECTION('',(0.107799,0.994173,0));
#6822=VECTOR('',#6821,0.630952);
#6823=LINE('',#352,#6822);
#6824=EDGE_CURVE('',#353,#355,#6823,.T.);
#6825=ORIENTED_EDGE('',*,*,#6824,.T.);
#6826=ORIENTED_EDGE('',*,*,#5368,.T.);
#6827=ORIENTED_EDGE('',*,*,#5363,.T.);
#6828=ORIENTED_EDGE('',*,*,#5398,.T.);
#6829=DIRECTION('',(-0.1078,0.994173,0));
#6830=VECTOR('',#6829,0.630952);
#6831=LINE('',#1090,#6830);
#6832=EDGE_CURVE('',#1091,#1093,#6831,.T.);
#6833=ORIENTED_EDGE('',*,*,#6832,.F.);
#6834=DIRECTION('',(-0.1078,0.994173,0));
#6835=VECTOR('',#6834,0.630952);
#6836=LINE('',#1088,#6835);
#6837=EDGE_CURVE('',#1089,#1091,#6836,.T.);
#6838=ORIENTED_EDGE('',*,*,#6837,.F.);
#6839=DIRECTION('',(-0.107799,0.994173,0));
#6840=VECTOR('',#6839,0.630952);
#6841=LINE('',#1086,#6840);
#6842=EDGE_CURVE('',#1087,#1089,#6841,.T.);
#6843=ORIENTED_EDGE('',*,*,#6842,.F.);
#6844=DIRECTION('',(-0.1078,0.994173,0));
#6845=VECTOR('',#6844,0.630952);
#6846=LINE('',#1084,#6845);
#6847=EDGE_CURVE('',#1085,#1087,#6846,.T.);
#6848=ORIENTED_EDGE('',*,*,#6847,.F.);
#6849=DIRECTION('',(0.178763,-0.983892,0));
#6850=VECTOR('',#6849,0.632532);
#6851=LINE('',#1084,#6850);
#6852=EDGE_CURVE('',#1085,#1097,#6851,.T.);
#6853=ORIENTED_EDGE('',*,*,#6852,.T.);
#6854=DIRECTION('',(-0.349128,0.937075,0));
#6855=VECTOR('',#6854,0.650077);
#6856=LINE('',#1094,#6855);
#6857=EDGE_CURVE('',#1095,#1097,#6856,.T.);
#6858=ORIENTED_EDGE('',*,*,#6857,.F.);
#6859=DIRECTION('',(-0.441474,0.897274,0));
#6860=VECTOR('',#6859,0.66824);
#6861=LINE('',#1076,#6860);
#6862=EDGE_CURVE('',#1077,#1095,#6861,.T.);
#6863=ORIENTED_EDGE('',*,*,#6862,.F.);
#6864=DIRECTION('',(0.510886,-0.859648,0));
#6865=VECTOR('',#6864,0.686283);
#6866=LINE('',#1076,#6865);
#6867=EDGE_CURVE('',#1077,#1079,#6866,.T.);
#6868=ORIENTED_EDGE('',*,*,#6867,.T.);
#6869=DIRECTION('',(0.568176,-0.822907,0));
#6870=VECTOR('',#6869,0.704297);
#6871=LINE('',#1078,#6870);
#6872=EDGE_CURVE('',#1079,#1083,#6871,.T.);
#6873=ORIENTED_EDGE('',*,*,#6872,.T.);
#6874=DIRECTION('',(-0.617461,0.786602,0));
#6875=VECTOR('',#6874,0.722301);
#6876=LINE('',#1080,#6875);
#6877=EDGE_CURVE('',#1081,#1083,#6876,.T.);
#6878=ORIENTED_EDGE('',*,*,#6877,.F.);
#6879=DIRECTION('',(-0.660855,0.750514,0));
#6880=VECTOR('',#6879,0.740297);
#6881=LINE('',#1074,#6880);
#6882=EDGE_CURVE('',#1075,#1081,#6881,.T.);
#6883=ORIENTED_EDGE('',*,*,#6882,.F.);
#6884=DIRECTION('',(0.699605,-0.714529,0));
#6885=VECTOR('',#6884,0.75829);
#6886=LINE('',#1074,#6885);
#6887=EDGE_CURVE('',#1075,#1099,#6886,.T.);
#6888=ORIENTED_EDGE('',*,*,#6887,.T.);
#6889=DIRECTION('',(0.974928,0.222521,0));
#6890=VECTOR('',#6889,1.596672);
#6891=LINE('',#1098,#6890);
#6892=EDGE_CURVE('',#1099,#1101,#6891,.T.);
#6893=ORIENTED_EDGE('',*,*,#6892,.T.);
#6894=DIRECTION('',(0.3203,0.947316,0));
#6895=VECTOR('',#6894,0.758289);
#6896=LINE('',#1100,#6895);
#6897=EDGE_CURVE('',#1101,#1103,#6896,.T.);
#6898=ORIENTED_EDGE('',*,*,#6897,.T.);
#6899=DIRECTION('',(0.269773,0.962924,0));
#6900=VECTOR('',#6899,0.740298);
#6901=LINE('',#1102,#6900);
#6902=EDGE_CURVE('',#1103,#1105,#6901,.T.);
#6903=ORIENTED_EDGE('',*,*,#6902,.T.);
#6904=DIRECTION('',(0.215021,0.97661,0));
#6905=VECTOR('',#6904,0.722299);
#6906=LINE('',#1104,#6905);
#6907=EDGE_CURVE('',#1105,#1107,#6906,.T.);
#6908=ORIENTED_EDGE('',*,*,#6907,.T.);
#6909=DIRECTION('',(0.154861,0.987936,0));
#6910=VECTOR('',#6909,0.704297);
#6911=LINE('',#1106,#6910);
#6912=EDGE_CURVE('',#1107,#1115,#6911,.T.);
#6913=ORIENTED_EDGE('',*,*,#6912,.T.);
#6914=DIRECTION('',(0.087306,0.996182,0));
#6915=VECTOR('',#6914,0.686283);
#6916=LINE('',#1114,#6915);
#6917=EDGE_CURVE('',#1115,#1117,#6916,.T.);
#6918=ORIENTED_EDGE('',*,*,#6917,.T.);
#6919=DIRECTION('',(0.008442,0.999964,0));
#6920=VECTOR('',#6919,0.668239);
#6921=LINE('',#1116,#6920);
#6922=EDGE_CURVE('',#1117,#1119,#6921,.T.);
#6923=ORIENTED_EDGE('',*,*,#6922,.T.);
#6924=DIRECTION('',(-0.092029,0.995756,0));
#6925=VECTOR('',#6924,0.650077);
#6926=LINE('',#1118,#6925);
#6927=EDGE_CURVE('',#1119,#1121,#6926,.T.);
#6928=ORIENTED_EDGE('',*,*,#6927,.T.);
#6929=DIRECTION('',(-0.265835,0.964019,0));
#6930=VECTOR('',#6929,0.632533);
#6931=LINE('',#1120,#6930);
#6932=EDGE_CURVE('',#1121,#1123,#6931,.T.);
#6933=ORIENTED_EDGE('',*,*,#6932,.T.);
#6934=DIRECTION('',(0.33423,-0.942491,0));
#6935=VECTOR('',#6934,0.630953);
#6936=LINE('',#1108,#6935);
#6937=EDGE_CURVE('',#1109,#1123,#6936,.T.);
#6938=ORIENTED_EDGE('',*,*,#6937,.F.);
#6939=DIRECTION('',(-0.334231,0.942491,0));
#6940=VECTOR('',#6939,0.630953);
#6941=LINE('',#1108,#6940);
#6942=EDGE_CURVE('',#1109,#1111,#6941,.T.);
#6943=ORIENTED_EDGE('',*,*,#6942,.T.);
#6944=DIRECTION('',(-0.334231,0.942491,0));
#6945=VECTOR('',#6944,0.630951);
#6946=LINE('',#1110,#6945);
#6947=EDGE_CURVE('',#1111,#1113,#6946,.T.);
#6948=ORIENTED_EDGE('',*,*,#6947,.T.);
#6949=DIRECTION('',(-0.334231,0.942491,0));
#6950=VECTOR('',#6949,0.630953);
#6951=LINE('',#1112,#6950);
#6952=EDGE_CURVE('',#1113,#1147,#6951,.T.);
#6953=ORIENTED_EDGE('',*,*,#6952,.T.);
#6954=DIRECTION('',(0.900969,0.433884,0));
#6955=VECTOR('',#6954,4.17168);
#6956=LINE('',#1146,#6955);
#6957=EDGE_CURVE('',#1147,#1183,#6956,.T.);
#6958=ORIENTED_EDGE('',*,*,#6957,.T.);
#6959=DIRECTION('',(-0.52848,0.848946,0));
#6960=VECTOR('',#6959,0.630952);
#6961=LINE('',#1174,#6960);
#6962=EDGE_CURVE('',#1175,#1183,#6961,.T.);
#6963=ORIENTED_EDGE('',*,*,#6962,.F.);
#6964=DIRECTION('',(0.528479,-0.848947,0));
#6965=VECTOR('',#6964,0.630952);
#6966=LINE('',#1174,#6965);
#6967=EDGE_CURVE('',#1175,#1181,#6966,.T.);
#6968=ORIENTED_EDGE('',*,*,#6967,.T.);
#6969=DIRECTION('',(-0.52848,0.848946,0));
#6970=VECTOR('',#6969,0.630952);
#6971=LINE('',#1176,#6970);
#6972=EDGE_CURVE('',#1177,#1181,#6971,.T.);
#6973=ORIENTED_EDGE('',*,*,#6972,.F.);
#6974=DIRECTION('',(0.52848,-0.848946,0));
#6975=VECTOR('',#6974,0.630952);
#6976=LINE('',#1176,#6975);
#6977=EDGE_CURVE('',#1177,#1179,#6976,.T.);
#6978=ORIENTED_EDGE('',*,*,#6977,.T.);
#6979=DIRECTION('',(-0.587955,0.808894,0));
#6980=VECTOR('',#6979,0.632533);
#6981=LINE('',#1124,#6980);
#6982=EDGE_CURVE('',#1125,#1179,#6981,.T.);
#6983=ORIENTED_EDGE('',*,*,#6982,.F.);
#6984=DIRECTION('',(0.721134,-0.692796,0));
#6985=VECTOR('',#6984,0.650077);
#6986=LINE('',#1124,#6985);
#6987=EDGE_CURVE('',#1125,#1127,#6986,.T.);
#6988=ORIENTED_EDGE('',*,*,#6987,.T.);
#6989=DIRECTION('',(0.787067,-0.616867,0));
#6990=VECTOR('',#6989,0.668238);
#6991=LINE('',#1126,#6990);
#6992=EDGE_CURVE('',#1127,#1129,#6991,.T.);
#6993=ORIENTED_EDGE('',*,*,#6992,.T.);
#6994=DIRECTION('',(0.833281,-0.55285,0));
#6995=VECTOR('',#6994,0.686283);
#6996=LINE('',#1128,#6995);
#6997=EDGE_CURVE('',#1129,#1131,#6996,.T.);
#6998=ORIENTED_EDGE('',*,*,#6997,.T.);
#6999=DIRECTION('',(0.868955,-0.494892,0));
#7000=VECTOR('',#6999,0.704297);
#7001=LINE('',#1130,#7000);
#7002=EDGE_CURVE('',#1131,#1133,#7001,.T.);
#7003=ORIENTED_EDGE('',*,*,#7002,.T.);
#7004=DIRECTION('',(0.897607,-0.440797,0));
#7005=VECTOR('',#7004,0.7223);
#7006=LINE('',#1132,#7005);
#7007=EDGE_CURVE('',#1133,#1139,#7006,.T.);
#7008=ORIENTED_EDGE('',*,*,#7007,.T.);
#7009=DIRECTION('',(-0.921045,0.389455,0));
#7010=VECTOR('',#7009,0.740298);
#7011=LINE('',#1134,#7010);
#7012=EDGE_CURVE('',#1135,#1139,#7011,.T.);
#7013=ORIENTED_EDGE('',*,*,#7012,.F.);
#7014=DIRECTION('',(0.940345,-0.340223,0));
#7015=VECTOR('',#7014,0.75829);
#7016=LINE('',#1134,#7015);
#7017=EDGE_CURVE('',#1135,#1137,#7016,.T.);
#7018=ORIENTED_EDGE('',*,*,#7017,.T.);
#7019=DIRECTION('',(0.781831,0.62349,0));
#7020=VECTOR('',#7019,1.596673);
#7021=LINE('',#1136,#7020);
#7022=EDGE_CURVE('',#1137,#1141,#7021,.T.);
#7023=ORIENTED_EDGE('',*,*,#7022,.T.);
#7024=DIRECTION('',(-0.122446,0.992475,0));
#7025=VECTOR('',#7024,0.75829);
#7026=LINE('',#1140,#7025);
#7027=EDGE_CURVE('',#1141,#1143,#7026,.T.);
#7028=ORIENTED_EDGE('',*,*,#7027,.T.);
#7029=DIRECTION('',(-0.174739,0.984615,0));
#7030=VECTOR('',#7029,0.740296);
#7031=LINE('',#1142,#7030);
#7032=EDGE_CURVE('',#1143,#1145,#7031,.T.);
#7033=ORIENTED_EDGE('',*,*,#7032,.T.);
#7034=DIRECTION('',(-0.230009,0.973188,0));
#7035=VECTOR('',#7034,0.7223);
#7036=LINE('',#1144,#7035);
#7037=EDGE_CURVE('',#1145,#1201,#7036,.T.);
#7038=ORIENTED_EDGE('',*,*,#7037,.T.);
#7039=DIRECTION('',(-0.289123,0.957292,0));
#7040=VECTOR('',#7039,0.704296);
#7041=LINE('',#1200,#7040);
#7042=EDGE_CURVE('',#1201,#1203,#7041,.T.);
#7043=ORIENTED_EDGE('',*,*,#7042,.T.);
#7044=DIRECTION('',(0.353567,-0.935409,0));
#7045=VECTOR('',#7044,0.686284);
#7046=LINE('',#1188,#7045);
#7047=EDGE_CURVE('',#1189,#1203,#7046,.T.);
#7048=ORIENTED_EDGE('',*,*,#7047,.F.);
#7049=DIRECTION('',(-0.426263,0.904599,0));
#7050=VECTOR('',#7049,0.668239);
#7051=LINE('',#1188,#7050);
#7052=EDGE_CURVE('',#1189,#1199,#7051,.T.);
#7053=ORIENTED_EDGE('',*,*,#7052,.T.);
#7054=DIRECTION('',(0.514958,-0.857215,0));
#7055=VECTOR('',#7054,0.650077);
#7056=LINE('',#1196,#7055);
#7057=EDGE_CURVE('',#1197,#1199,#7056,.T.);
#7058=ORIENTED_EDGE('',*,*,#7057,.F.);
#7059=DIRECTION('',(0.657781,-0.753209,0));
#7060=VECTOR('',#7059,0.632532);
#7061=LINE('',#1190,#7060);
#7062=EDGE_CURVE('',#1191,#1197,#7061,.T.);
#7063=ORIENTED_EDGE('',*,*,#7062,.F.);
#7064=DIRECTION('',(-0.710063,0.704138,0));
#7065=VECTOR('',#7064,0.630953);
#7066=LINE('',#1190,#7065);
#7067=EDGE_CURVE('',#1191,#1195,#7066,.T.);
#7068=ORIENTED_EDGE('',*,*,#7067,.T.);
#7069=DIRECTION('',(0.710064,-0.704137,0));
#7070=VECTOR('',#7069,0.630952);
#7071=LINE('',#1192,#7070);
#7072=EDGE_CURVE('',#1193,#1195,#7071,.T.);
#7073=ORIENTED_EDGE('',*,*,#7072,.F.);
#7074=DIRECTION('',(0.710063,-0.704138,0));
#7075=VECTOR('',#7074,0.630953);
#7076=LINE('',#1186,#7075);
#7077=EDGE_CURVE('',#1187,#1193,#7076,.T.);
#7078=ORIENTED_EDGE('',*,*,#7077,.F.);
#7079=DIRECTION('',(0.710063,-0.704138,0));
#7080=VECTOR('',#7079,0.630953);
#7081=LINE('',#1184,#7080);
#7082=EDGE_CURVE('',#1185,#1187,#7081,.T.);
#7083=ORIENTED_EDGE('',*,*,#7082,.F.);
#7084=DIRECTION('',(0.62349,0.781832,0));
#7085=VECTOR('',#7084,4.171679);
#7086=LINE('',#1184,#7085);
#7087=EDGE_CURVE('',#1185,#1205,#7086,.T.);
#7088=ORIENTED_EDGE('',*,*,#7087,.T.);
#7089=DIRECTION('',(0.844488,-0.535575,0));
#7090=VECTOR('',#7089,0.630952);
#7091=LINE('',#1204,#7090);
#7092=EDGE_CURVE('',#1205,#1209,#7091,.T.);
#7093=ORIENTED_EDGE('',*,*,#7092,.T.);
#7094=DIRECTION('',(0.844488,-0.535575,0));
#7095=VECTOR('',#7094,0.630954);
#7096=LINE('',#1208,#7095);
#7097=EDGE_CURVE('',#1209,#1213,#7096,.T.);
#7098=ORIENTED_EDGE('',*,*,#7097,.T.);
#7099=DIRECTION('',(-0.844488,0.535575,0));
#7100=VECTOR('',#7099,0.630952);
#7101=LINE('',#1210,#7100);
#7102=EDGE_CURVE('',#1211,#1213,#7101,.T.);
#7103=ORIENTED_EDGE('',*,*,#7102,.F.);
#7104=DIRECTION('',(0.844487,-0.535576,0));
#7105=VECTOR('',#7104,0.630953);
#7106=LINE('',#1210,#7105);
#7107=EDGE_CURVE('',#1211,#1215,#7106,.T.);
#7108=ORIENTED_EDGE('',*,*,#7107,.T.);
#7109=DIRECTION('',(-0.880695,0.473684,0));
#7110=VECTOR('',#7109,0.632532);
#7111=LINE('',#1206,#7110);
#7112=EDGE_CURVE('',#1207,#1215,#7111,.T.);
#7113=ORIENTED_EDGE('',*,*,#7112,.F.);
#7114=DIRECTION('',(0.950312,-0.311298,0));
#7115=VECTOR('',#7114,0.650078);
#7116=LINE('',#1206,#7115);
#7117=EDGE_CURVE('',#1207,#1221,#7116,.T.);
#7118=ORIENTED_EDGE('',*,*,#7117,.T.);
#7119=DIRECTION('',(0.976772,-0.214283,0));
#7120=VECTOR('',#7119,0.668238);
#7121=LINE('',#1220,#7120);
#7122=EDGE_CURVE('',#1221,#1223,#7121,.T.);
#7123=ORIENTED_EDGE('',*,*,#7122,.T.);
#7124=DIRECTION('',(0.990633,-0.136554,0));
#7125=VECTOR('',#7124,0.686282);
#7126=LINE('',#1222,#7125);
#7127=EDGE_CURVE('',#1223,#1225,#7126,.T.);
#7128=ORIENTED_EDGE('',*,*,#7127,.T.);
#7129=DIRECTION('',(0.997627,-0.068857,0));
#7130=VECTOR('',#7129,0.704299);
#7131=LINE('',#1224,#7130);
#7132=EDGE_CURVE('',#1225,#1227,#7131,.T.);
#7133=ORIENTED_EDGE('',*,*,#7132,.T.);
#7134=DIRECTION('',(0.99997,-0.007687,0));
#7135=VECTOR('',#7134,0.7223);
#7136=LINE('',#1226,#7135);
#7137=EDGE_CURVE('',#1227,#1229,#7136,.T.);
#7138=ORIENTED_EDGE('',*,*,#7137,.T.);
#7139=DIRECTION('',(0.998812,0.048739,0));
#7140=VECTOR('',#7139,0.740296);
#7141=LINE('',#1228,#7140);
#7142=EDGE_CURVE('',#1229,#1231,#7141,.T.);
#7143=ORIENTED_EDGE('',*,*,#7142,.T.);
#7144=DIRECTION('',(0.994839,0.101471,0));
#7145=VECTOR('',#7144,0.758291);
#7146=LINE('',#1230,#7145);
#7147=EDGE_CURVE('',#1231,#1233,#7146,.T.);
#7148=ORIENTED_EDGE('',*,*,#7147,.T.);
#7149=DIRECTION('',(0.433884,0.900969,0));
#7150=VECTOR('',#7149,1.596672);
#7151=LINE('',#1232,#7150);
#7152=EDGE_CURVE('',#1233,#1237,#7151,.T.);
#7153=ORIENTED_EDGE('',*,*,#7152,.T.);
#7154=DIRECTION('',(-0.540938,0.841062,0));
#7155=VECTOR('',#7154,0.758291);
#7156=LINE('',#1236,#7155);
#7157=EDGE_CURVE('',#1237,#1239,#7156,.T.);
#7158=ORIENTED_EDGE('',*,*,#7157,.T.);
#7159=DIRECTION('',(0.584644,-0.81129,0));
#7160=VECTOR('',#7159,0.740297);
#7161=LINE('',#1234,#7160);
#7162=EDGE_CURVE('',#1235,#1239,#7161,.T.);
#7163=ORIENTED_EDGE('',*,*,#7162,.F.);
#7164=DIRECTION('',(-0.629481,0.777016,0));
#7165=VECTOR('',#7164,0.7223);
#7166=LINE('',#1234,#7165);
#7167=EDGE_CURVE('',#1235,#1253,#7166,.T.);
#7168=ORIENTED_EDGE('',*,*,#7167,.T.);
#7169=DIRECTION('',(-0.675845,0.737044,0));
#7170=VECTOR('',#7169,0.704298);
#7171=LINE('',#1252,#7170);
#7172=EDGE_CURVE('',#1253,#1255,#7171,.T.);
#7173=ORIENTED_EDGE('',*,*,#7172,.T.);
#7174=DIRECTION('',(0.724413,-0.689366,0));
#7175=VECTOR('',#7174,0.686283);
#7176=LINE('',#1250,#7175);
#7177=EDGE_CURVE('',#1251,#1255,#7176,.T.);
#7178=ORIENTED_EDGE('',*,*,#7177,.F.);
#7179=DIRECTION('',(0.77654,-0.630069,0));
#7180=VECTOR('',#7179,0.668238);
#7181=LINE('',#1248,#7180);
#7182=EDGE_CURVE('',#1249,#1251,#7181,.T.);
#7183=ORIENTED_EDGE('',*,*,#7182,.F.);
#7184=DIRECTION('',(0.835893,-0.548893,0));
#7185=VECTOR('',#7184,0.650076);
#7186=LINE('',#1242,#7185);
#7187=EDGE_CURVE('',#1243,#1249,#7186,.T.);
#7188=ORIENTED_EDGE('',*,*,#7187,.F.);
#7189=DIRECTION('',(0.919446,-0.393217,0));
#7190=VECTOR('',#7189,0.632534);
#7191=LINE('',#1240,#7190);
#7192=EDGE_CURVE('',#1241,#1243,#7191,.T.);
#7193=ORIENTED_EDGE('',*,*,#7192,.F.);
#7194=DIRECTION('',(-0.945259,0.326321,0));
#7195=VECTOR('',#7194,0.630952);
#7196=LINE('',#1240,#7195);
#7197=EDGE_CURVE('',#1241,#1247,#7196,.T.);
#7198=ORIENTED_EDGE('',*,*,#7197,.T.);
#7199=DIRECTION('',(0.945259,-0.326321,0));
#7200=VECTOR('',#7199,0.630952);
#7201=LINE('',#1244,#7200);
#7202=EDGE_CURVE('',#1245,#1247,#7201,.T.);
#7203=ORIENTED_EDGE('',*,*,#7202,.F.);
#7204=DIRECTION('',(0.945259,-0.326321,0));
#7205=VECTOR('',#7204,0.630954);
#7206=LINE('',#1218,#7205);
#7207=EDGE_CURVE('',#1219,#1245,#7206,.T.);
#7208=ORIENTED_EDGE('',*,*,#7207,.F.);
#7209=DIRECTION('',(0.945259,-0.326321,0));
#7210=VECTOR('',#7209,0.630952);
#7211=LINE('',#1216,#7210);
#7212=EDGE_CURVE('',#1217,#1219,#7211,.T.);
#7213=ORIENTED_EDGE('',*,*,#7212,.F.);
#7214=DIRECTION('',(0.222521,0.974928,0));
#7215=VECTOR('',#7214,4.171679);
#7216=LINE('',#1216,#7215);
#7217=EDGE_CURVE('',#1217,#1261,#7216,.T.);
#7218=ORIENTED_EDGE('',*,*,#7217,.T.);
#7219=DIRECTION('',(0.993234,-0.116127,0));
#7220=VECTOR('',#7219,0.630953);
#7221=LINE('',#1260,#7220);
#7222=EDGE_CURVE('',#1261,#1263,#7221,.T.);
#7223=ORIENTED_EDGE('',*,*,#7222,.T.);
#7224=DIRECTION('',(-0.993234,0.116128,0));
#7225=VECTOR('',#7224,0.630951);
#7226=LINE('',#1256,#7225);
#7227=EDGE_CURVE('',#1257,#1263,#7226,.T.);
#7228=ORIENTED_EDGE('',*,*,#7227,.F.);
#7229=DIRECTION('',(0.993234,-0.116127,0));
#7230=VECTOR('',#7229,0.630953);
#7231=LINE('',#1256,#7230);
#7232=EDGE_CURVE('',#1257,#1259,#7231,.T.);
#7233=ORIENTED_EDGE('',*,*,#7232,.T.);
#7234=DIRECTION('',(0.993234,-0.116127,0));
#7235=VECTOR('',#7234,0.630953);
#7236=LINE('',#1258,#7235);
#7237=EDGE_CURVE('',#1259,#1265,#7236,.T.);
#7238=ORIENTED_EDGE('',*,*,#7237,.T.);
#7239=DIRECTION('',(0.999002,-0.044656,0));
#7240=VECTOR('',#7239,0.632532);
#7241=LINE('',#1264,#7240);
#7242=EDGE_CURVE('',#1265,#1267,#7241,.T.);
#7243=ORIENTED_EDGE('',*,*,#7242,.T.);
#7244=DIRECTION('',(0.991269,0.131855,0));
#7245=VECTOR('',#7244,0.650077);
#7246=LINE('',#1266,#7245);
#7247=EDGE_CURVE('',#1267,#1269,#7246,.T.);
#7248=ORIENTED_EDGE('',*,*,#7247,.T.);
#7249=DIRECTION('',(0.973015,0.230743,0));
#7250=VECTOR('',#7249,0.668238);
#7251=LINE('',#1268,#7250);
#7252=EDGE_CURVE('',#1269,#1271,#7251,.T.);
#7253=ORIENTED_EDGE('',*,*,#7252,.T.);
#7254=DIRECTION('',(0.951778,0.306788,0));
#7255=VECTOR('',#7254,0.686283);
#7256=LINE('',#1270,#7255);
#7257=EDGE_CURVE('',#1271,#1273,#7256,.T.);
#7258=ORIENTED_EDGE('',*,*,#7257,.T.);
#7259=DIRECTION('',(0.928707,0.370815,0));
#7260=VECTOR('',#7259,0.704299);
#7261=LINE('',#1272,#7260);
#7262=EDGE_CURVE('',#1273,#1275,#7261,.T.);
#7263=ORIENTED_EDGE('',*,*,#7262,.T.);
#7264=DIRECTION('',(0.904277,0.426946,0));
#7265=VECTOR('',#7264,0.722299);
#7266=LINE('',#1274,#7265);
#7267=EDGE_CURVE('',#1275,#1277,#7266,.T.);
#7268=ORIENTED_EDGE('',*,*,#7267,.T.);
#7269=DIRECTION('',(0.878751,0.47728,0));
#7270=VECTOR('',#7269,0.740298);
#7271=LINE('',#1276,#7270);
#7272=EDGE_CURVE('',#1277,#1279,#7271,.T.);
#7273=ORIENTED_EDGE('',*,*,#7272,.T.);
#7274=DIRECTION('',(0.852292,0.523067,0));
#7275=VECTOR('',#7274,0.75829);
#7276=LINE('',#1278,#7275);
#7277=EDGE_CURVE('',#1279,#1281,#7276,.T.);
#7278=ORIENTED_EDGE('',*,*,#7277,.T.);
#7279=DIRECTION('',(0,1,0));
#7280=VECTOR('',#7279,1.596672);
#7281=LINE('',#1280,#7280);
#7282=EDGE_CURVE('',#1281,#1677,#7281,.T.);
#7283=ORIENTED_EDGE('',*,*,#7282,.T.);
#7284=DIRECTION('',(0.852292,-0.523067,0));
#7285=VECTOR('',#7284,0.75829);
#7286=LINE('',#1674,#7285);
#7287=EDGE_CURVE('',#1675,#1677,#7286,.T.);
#7288=ORIENTED_EDGE('',*,*,#7287,.F.);
#7289=DIRECTION('',(0.878751,-0.47728,0));
#7290=VECTOR('',#7289,0.740298);
#7291=LINE('',#1672,#7290);
#7292=EDGE_CURVE('',#1673,#1675,#7291,.T.);
#7293=ORIENTED_EDGE('',*,*,#7292,.F.);
#7294=DIRECTION('',(0.904277,-0.426946,0));
#7295=VECTOR('',#7294,0.722299);
#7296=LINE('',#1670,#7295);
#7297=EDGE_CURVE('',#1671,#1673,#7296,.T.);
#7298=ORIENTED_EDGE('',*,*,#7297,.F.);
#7299=DIRECTION('',(0.928707,-0.370815,0));
#7300=VECTOR('',#7299,0.704299);
#7301=LINE('',#1668,#7300);
#7302=EDGE_CURVE('',#1669,#1671,#7301,.T.);
#7303=ORIENTED_EDGE('',*,*,#7302,.F.);
#7304=DIRECTION('',(0.951778,-0.306788,0));
#7305=VECTOR('',#7304,0.686283);
#7306=LINE('',#1644,#7305);
#7307=EDGE_CURVE('',#1645,#1669,#7306,.T.);
#7308=ORIENTED_EDGE('',*,*,#7307,.F.);
#7309=DIRECTION('',(-0.973015,0.230743,0));
#7310=VECTOR('',#7309,0.668238);
#7311=LINE('',#1644,#7310);
#7312=EDGE_CURVE('',#1645,#1651,#7311,.T.);
#7313=ORIENTED_EDGE('',*,*,#7312,.T.);
#7314=DIRECTION('',(0.991269,-0.131855,0));
#7315=VECTOR('',#7314,0.650077);
#7316=LINE('',#1648,#7315);
#7317=EDGE_CURVE('',#1649,#1651,#7316,.T.);
#7318=ORIENTED_EDGE('',*,*,#7317,.F.);
#7319=DIRECTION('',(0.999002,0.044656,0));
#7320=VECTOR('',#7319,0.632532);
#7321=LINE('',#1646,#7320);
#7322=EDGE_CURVE('',#1647,#1649,#7321,.T.);
#7323=ORIENTED_EDGE('',*,*,#7322,.F.);
#7324=DIRECTION('',(0.993234,0.116127,0));
#7325=VECTOR('',#7324,0.630953);
#7326=LINE('',#1642,#7325);
#7327=EDGE_CURVE('',#1643,#1647,#7326,.T.);
#7328=ORIENTED_EDGE('',*,*,#7327,.F.);
#7329=DIRECTION('',(0.993234,0.116127,0));
#7330=VECTOR('',#7329,0.630953);
#7331=LINE('',#1640,#7330);
#7332=EDGE_CURVE('',#1641,#1643,#7331,.T.);
#7333=ORIENTED_EDGE('',*,*,#7332,.F.);
#7334=DIRECTION('',(0.993234,0.116128,0));
#7335=VECTOR('',#7334,0.630951);
#7336=LINE('',#1638,#7335);
#7337=EDGE_CURVE('',#1639,#1641,#7336,.T.);
#7338=ORIENTED_EDGE('',*,*,#7337,.F.);
#7339=EDGE_LOOP('',(#5795,#5800,#5805,#5810,#5815,#5820,#5825,#5830,#5835,#5840,#5845,#5850,#5855,#5860,#5865,#5870,#5875,#5880,#5885,#5890,#5895,#5900,#5905,#5910,#5915,#5920,#5925,#5930,#5935,#5940,#5945,#5950,#5955,#5960,#5965,#5970,#5975,#5980,#5985,#5990,#5995,#6000,#6005,#6010,#6015,#6020,#6025,#6030,#6035,#6040,#6045,#6050,#6055,#6060,#6065,#6070,#6075,#6080,#6085,#6090,#6095,#6100,#6105,#6110,#6115,#6120,#6125,#6130,#6135,#6140,#6145,#6150,#6155,#6160,#6165,#6170,#6175,#6180,#6185,#6190,#6195,#6200,#6205,#6210,#6215,#6220,#6225,#6230,#6235,#6240,#6245,#6250,#6255,#6260,#6265,#6270,#6275,#6280,#6285,#6290,#6295,#6300,#6305,#6310,#6315,#6320,#6325,#6330,#6335,#6340,#6345,#6350,#6355,#6360,#6365,#6370,#6375,#6380,#6385,#6390,#6395,#6400,#6405,#6410,#6415,#6420,#6425,#6430,#6435,#6440,#6445,#6450,#6455,#6460,#6465,#6470,#6475,#6480,#6485,#6490,#6495,#6500,#6505,#6510,#6515,#6520,#6525,#6530,#6535,#6540,#6545,#6550,#6555,#6560,#6565,#6570,#6575,#6580,#6585,#6590,#6595,#6600,#6605,#6610,#6615,#6620,#6625,#6630,#6635,#6640,#6641,#6642,#6643,#6644,#6645,#6646,#6647,#6648,#6649,#6650,#6651,#6652,#6653,#6654,#6655,#6656,#6657,#6658,#6659,#6660,#6661,#6662,#6663,#6664,#6665,#6666,#6667,#6668,#6669,#6670,#6671,#6672,#6673,#6674,#6675,#6676,#6677,#6678,#6679,#6680,#6685,#6690,#6691,#6692,#6697,#6702,#6707,#6708,#6709,#6710,#6711,#6712,#6713,#6718,#6723,#6728,#6733,#6738,#6739,#6744,#6749,#6750,#6751,#6752,#6753,#6754,#6755,#6756,#6757,#6762,#6767,#6772,#6777,#6782,#6787,#6788,#6793,#6794,#6795,#6800,#6805,#6806,#6807,#6812,#6813,#6814,#6819,#6820,#6825,#6826,#6827,#6828,#6833,#6838,#6843,#6848,#6853,#6858,#6863,#6868,#6873,#6878,#6883,#6888,#6893,#6898,#6903,#6908,#6913,#6918,#6923,#6928,#6933,#6938,#6943,#6948,#6953,#6958,#6963,#6968,#6973,#6978,#6983,#6988,#6993,#6998,#7003,#7008,#7013,#7018,#7023,#7028,#7033,#7038,#7043,#7048,#7053,#7058,#7063,#7068,#7073,#7078,#7083,#7088,#7093,#7098,#7103,#7108,#7113,#7118,#7123,#7128,#7133,#7138,#7143,#7148,#7153,#7158,#7163,#7168,#7173,#7178,#7183,#7188,#7193,#7198,#7203,#7208,#7213,#7218,#7223,#7228,#7233,#7238,#7243,#7248,#7253,#7258,#7263,#7268,#7273,#7278,#7283,#7288,#7293,#7298,#7303,#7308,#7313,#7318,#7323,#7328,#7333,#7338));
#7340=FACE_OUTER_BOUND('',#7339,.T.);
#7341=DIRECTION('',(0.671559,-0.740951,0));
#7342=VECTOR('',#7341,0.245338);
#7343=LINE('',#1498,#7342);
#7344=EDGE_CURVE('',#1499,#1501,#7343,.T.);
#7345=ORIENTED_EDGE('',*,*,#7344,.T.);
#7346=DIRECTION('',(0.5957,-0.803207,0));
#7347=VECTOR('',#7346,0.113268);
#7348=LINE('',#1500,#7347);
#7349=EDGE_CURVE('',#1501,#1503,#7348,.T.);
#7350=ORIENTED_EDGE('',*,*,#7349,.T.);
#7351=DIRECTION('',(0,1,0));
#7352=VECTOR('',#7351,3.504995);
#7353=LINE('',#1502,#7352);
#7354=EDGE_CURVE('',#1503,#1513,#7353,.T.);
#7355=ORIENTED_EDGE('',*,*,#7354,.T.);
#7356=DIRECTION('',(1,0,0));
#7357=VECTOR('',#7356,3);
#7358=LINE('',#1512,#7357);
#7359=EDGE_CURVE('',#1513,#1515,#7358,.T.);
#7360=ORIENTED_EDGE('',*,*,#7359,.T.);
#7361=DIRECTION('',(0,1,0));
#7362=VECTOR('',#7361,10);
#7363=LINE('',#1172,#7362);
#7364=EDGE_CURVE('',#1173,#1515,#7363,.T.);
#7365=ORIENTED_EDGE('',*,*,#7364,.F.);
#7366=DIRECTION('',(1,0,0));
#7367=VECTOR('',#7366,3);
#7368=LINE('',#1148,#7367);
#7369=EDGE_CURVE('',#1149,#1173,#7368,.T.);
#7370=ORIENTED_EDGE('',*,*,#7369,.F.);
#7371=DIRECTION('',(0,1,0));
#7372=VECTOR('',#7371,3.504995);
#7373=LINE('',#1148,#7372);
#7374=EDGE_CURVE('',#1149,#1171,#7373,.T.);
#7375=ORIENTED_EDGE('',*,*,#7374,.T.);
#7376=DIRECTION('',(0.5957,0.803207,0));
#7377=VECTOR('',#7376,0.113268);
#7378=LINE('',#1168,#7377);
#7379=EDGE_CURVE('',#1169,#1171,#7378,.T.);
#7380=ORIENTED_EDGE('',*,*,#7379,.F.);
#7381=DIRECTION('',(0.671559,0.740951,0));
#7382=VECTOR('',#7381,0.245338);
#7383=LINE('',#1166,#7382);
#7384=EDGE_CURVE('',#1167,#1169,#7383,.T.);
#7385=ORIENTED_EDGE('',*,*,#7384,.F.);
#7386=DIRECTION('',(0.740951,0.671559,0));
#7387=VECTOR('',#7386,0.245338);
#7388=LINE('',#1164,#7387);
#7389=EDGE_CURVE('',#1165,#1167,#7388,.T.);
#7390=ORIENTED_EDGE('',*,*,#7389,.F.);
#7391=DIRECTION('',(0.803207,0.5957,0));
#7392=VECTOR('',#7391,0.245338);
#7393=LINE('',#1162,#7392);
#7394=EDGE_CURVE('',#1163,#1165,#7393,.T.);
#7395=ORIENTED_EDGE('',*,*,#7394,.F.);
#7396=DIRECTION('',(0.857729,0.514103,0));
#7397=VECTOR('',#7396,0.245338);
#7398=LINE('',#1160,#7397);
#7399=EDGE_CURVE('',#1161,#1163,#7398,.T.);
#7400=ORIENTED_EDGE('',*,*,#7399,.F.);
#7401=DIRECTION('',(0.903989,0.427555,0));
#7402=VECTOR('',#7401,0.245338);
#7403=LINE('',#1158,#7402);
#7404=EDGE_CURVE('',#1159,#1161,#7403,.T.);
#7405=ORIENTED_EDGE('',*,*,#7404,.F.);
#7406=DIRECTION('',(0.941544,0.33689,0));
#7407=VECTOR('',#7406,0.245338);
#7408=LINE('',#1156,#7407);
#7409=EDGE_CURVE('',#1157,#1159,#7408,.T.);
#7410=ORIENTED_EDGE('',*,*,#7409,.F.);
#7411=DIRECTION('',(0.970031,0.24298,0));
#7412=VECTOR('',#7411,0.245338);
#7413=LINE('',#1154,#7412);
#7414=EDGE_CURVE('',#1155,#1157,#7413,.T.);
#7415=ORIENTED_EDGE('',*,*,#7414,.F.);
#7416=DIRECTION('',(0.989177,0.14673,0));
#7417=VECTOR('',#7416,0.245338);
#7418=LINE('',#1152,#7417);
#7419=EDGE_CURVE('',#1153,#1155,#7418,.T.);
#7420=ORIENTED_EDGE('',*,*,#7419,.F.);
#7421=DIRECTION('',(0.998795,0.049068,0));
#7422=VECTOR('',#7421,0.245338);
#7423=LINE('',#1150,#7422);
#7424=EDGE_CURVE('',#1151,#1153,#7423,.T.);
#7425=ORIENTED_EDGE('',*,*,#7424,.F.);
#7426=DIRECTION('',(0.998795,-0.049068,0));
#7427=VECTOR('',#7426,0.245338);
#7428=LINE('',#416,#7427);
#7429=EDGE_CURVE('',#417,#1151,#7428,.T.);
#7430=ORIENTED_EDGE('',*,*,#7429,.F.);
#7431=DIRECTION('',(0.989177,-0.14673,0));
#7432=VECTOR('',#7431,0.245338);
#7433=LINE('',#414,#7432);
#7434=EDGE_CURVE('',#415,#417,#7433,.T.);
#7435=ORIENTED_EDGE('',*,*,#7434,.F.);
#7436=DIRECTION('',(0.970031,-0.24298,0));
#7437=VECTOR('',#7436,0.245338);
#7438=LINE('',#412,#7437);
#7439=EDGE_CURVE('',#413,#415,#7438,.T.);
#7440=ORIENTED_EDGE('',*,*,#7439,.F.);
#7441=DIRECTION('',(-0.941544,0.33689,0));
#7442=VECTOR('',#7441,0.245338);
#7443=LINE('',#412,#7442);
#7444=EDGE_CURVE('',#413,#437,#7443,.T.);
#7445=ORIENTED_EDGE('',*,*,#7444,.T.);
#7446=DIRECTION('',(0.903989,-0.427555,0));
#7447=VECTOR('',#7446,0.245338);
#7448=LINE('',#434,#7447);
#7449=EDGE_CURVE('',#435,#437,#7448,.T.);
#7450=ORIENTED_EDGE('',*,*,#7449,.F.);
#7451=DIRECTION('',(0.857729,-0.514103,0));
#7452=VECTOR('',#7451,0.245338);
#7453=LINE('',#428,#7452);
#7454=EDGE_CURVE('',#429,#435,#7453,.T.);
#7455=ORIENTED_EDGE('',*,*,#7454,.F.);
#7456=DIRECTION('',(0.803207,-0.5957,0));
#7457=VECTOR('',#7456,0.245338);
#7458=LINE('',#426,#7457);
#7459=EDGE_CURVE('',#427,#429,#7458,.T.);
#7460=ORIENTED_EDGE('',*,*,#7459,.F.);
#7461=DIRECTION('',(0.740951,-0.671559,0));
#7462=VECTOR('',#7461,0.245338);
#7463=LINE('',#424,#7462);
#7464=EDGE_CURVE('',#425,#427,#7463,.T.);
#7465=ORIENTED_EDGE('',*,*,#7464,.F.);
#7466=DIRECTION('',(0.671559,-0.740951,0));
#7467=VECTOR('',#7466,0.245338);
#7468=LINE('',#420,#7467);
#7469=EDGE_CURVE('',#421,#425,#7468,.T.);
#7470=ORIENTED_EDGE('',*,*,#7469,.F.);
#7471=DIRECTION('',(-0.5957,0.803207,0));
#7472=VECTOR('',#7471,0.245338);
#7473=LINE('',#420,#7472);
#7474=EDGE_CURVE('',#421,#423,#7473,.T.);
#7475=ORIENTED_EDGE('',*,*,#7474,.T.);
#7476=DIRECTION('',(0.514103,-0.857729,0));
#7477=VECTOR('',#7476,0.245338);
#7478=LINE('',#418,#7477);
#7479=EDGE_CURVE('',#419,#423,#7478,.T.);
#7480=ORIENTED_EDGE('',*,*,#7479,.F.);
#7481=DIRECTION('',(-0.427555,0.903989,0));
#7482=VECTOR('',#7481,0.245338);
#7483=LINE('',#418,#7482);
#7484=EDGE_CURVE('',#419,#431,#7483,.T.);
#7485=ORIENTED_EDGE('',*,*,#7484,.T.);
#7486=DIRECTION('',(-0.33689,0.941544,0));
#7487=VECTOR('',#7486,0.245338);
#7488=LINE('',#430,#7487);
#7489=EDGE_CURVE('',#431,#433,#7488,.T.);
#7490=ORIENTED_EDGE('',*,*,#7489,.T.);
#7491=DIRECTION('',(0.24298,-0.970031,0));
#7492=VECTOR('',#7491,0.245338);
#7493=LINE('',#408,#7492);
#7494=EDGE_CURVE('',#409,#433,#7493,.T.);
#7495=ORIENTED_EDGE('',*,*,#7494,.F.);
#7496=DIRECTION('',(-0.14673,0.989177,0));
#7497=VECTOR('',#7496,0.245338);
#7498=LINE('',#408,#7497);
#7499=EDGE_CURVE('',#409,#411,#7498,.T.);
#7500=ORIENTED_EDGE('',*,*,#7499,.T.);
#7501=DIRECTION('',(-0.049068,0.998795,0));
#7502=VECTOR('',#7501,0.245338);
#7503=LINE('',#410,#7502);
#7504=EDGE_CURVE('',#411,#761,#7503,.T.);
#7505=ORIENTED_EDGE('',*,*,#7504,.T.);
#7506=DIRECTION('',(0.049068,0.998795,0));
#7507=VECTOR('',#7506,0.245338);
#7508=LINE('',#760,#7507);
#7509=EDGE_CURVE('',#761,#763,#7508,.T.);
#7510=ORIENTED_EDGE('',*,*,#7509,.T.);
#7511=DIRECTION('',(0.14673,0.989177,0));
#7512=VECTOR('',#7511,0.245338);
#7513=LINE('',#762,#7512);
#7514=EDGE_CURVE('',#763,#765,#7513,.T.);
#7515=ORIENTED_EDGE('',*,*,#7514,.T.);
#7516=DIRECTION('',(0.24298,0.970031,0));
#7517=VECTOR('',#7516,0.245338);
#7518=LINE('',#764,#7517);
#7519=EDGE_CURVE('',#765,#767,#7518,.T.);
#7520=ORIENTED_EDGE('',*,*,#7519,.T.);
#7521=DIRECTION('',(0.33689,0.941544,0));
#7522=VECTOR('',#7521,0.245338);
#7523=LINE('',#766,#7522);
#7524=EDGE_CURVE('',#767,#769,#7523,.T.);
#7525=ORIENTED_EDGE('',*,*,#7524,.T.);
#7526=DIRECTION('',(0.427555,0.903989,0));
#7527=VECTOR('',#7526,0.245338);
#7528=LINE('',#768,#7527);
#7529=EDGE_CURVE('',#769,#771,#7528,.T.);
#7530=ORIENTED_EDGE('',*,*,#7529,.T.);
#7531=DIRECTION('',(0.514103,0.857729,0));
#7532=VECTOR('',#7531,0.245338);
#7533=LINE('',#770,#7532);
#7534=EDGE_CURVE('',#771,#773,#7533,.T.);
#7535=ORIENTED_EDGE('',*,*,#7534,.T.);
#7536=DIRECTION('',(0.5957,0.803207,0));
#7537=VECTOR('',#7536,0.245338);
#7538=LINE('',#772,#7537);
#7539=EDGE_CURVE('',#773,#775,#7538,.T.);
#7540=ORIENTED_EDGE('',*,*,#7539,.T.);
#7541=DIRECTION('',(0.671559,0.740951,0));
#7542=VECTOR('',#7541,0.245338);
#7543=LINE('',#774,#7542);
#7544=EDGE_CURVE('',#775,#777,#7543,.T.);
#7545=ORIENTED_EDGE('',*,*,#7544,.T.);
#7546=DIRECTION('',(0.740951,0.671559,0));
#7547=VECTOR('',#7546,0.245338);
#7548=LINE('',#776,#7547);
#7549=EDGE_CURVE('',#777,#779,#7548,.T.);
#7550=ORIENTED_EDGE('',*,*,#7549,.T.);
#7551=DIRECTION('',(0.803207,0.5957,0));
#7552=VECTOR('',#7551,0.245338);
#7553=LINE('',#778,#7552);
#7554=EDGE_CURVE('',#779,#781,#7553,.T.);
#7555=ORIENTED_EDGE('',*,*,#7554,.T.);
#7556=DIRECTION('',(0.857729,0.514103,0));
#7557=VECTOR('',#7556,0.245338);
#7558=LINE('',#780,#7557);
#7559=EDGE_CURVE('',#781,#783,#7558,.T.);
#7560=ORIENTED_EDGE('',*,*,#7559,.T.);
#7561=DIRECTION('',(0.903989,0.427555,0));
#7562=VECTOR('',#7561,0.245338);
#7563=LINE('',#782,#7562);
#7564=EDGE_CURVE('',#783,#785,#7563,.T.);
#7565=ORIENTED_EDGE('',*,*,#7564,.T.);
#7566=DIRECTION('',(0.941544,0.33689,0));
#7567=VECTOR('',#7566,0.245338);
#7568=LINE('',#784,#7567);
#7569=EDGE_CURVE('',#785,#787,#7568,.T.);
#7570=ORIENTED_EDGE('',*,*,#7569,.T.);
#7571=DIRECTION('',(0.970031,0.24298,0));
#7572=VECTOR('',#7571,0.245338);
#7573=LINE('',#786,#7572);
#7574=EDGE_CURVE('',#787,#789,#7573,.T.);
#7575=ORIENTED_EDGE('',*,*,#7574,.T.);
#7576=DIRECTION('',(0.989177,0.14673,0));
#7577=VECTOR('',#7576,0.245338);
#7578=LINE('',#788,#7577);
#7579=EDGE_CURVE('',#789,#791,#7578,.T.);
#7580=ORIENTED_EDGE('',*,*,#7579,.T.);
#7581=DIRECTION('',(0.998795,0.049068,0));
#7582=VECTOR('',#7581,0.245338);
#7583=LINE('',#790,#7582);
#7584=EDGE_CURVE('',#791,#1505,#7583,.T.);
#7585=ORIENTED_EDGE('',*,*,#7584,.T.);
#7586=DIRECTION('',(0.998795,-0.049068,0));
#7587=VECTOR('',#7586,0.245338);
#7588=LINE('',#1504,#7587);
#7589=EDGE_CURVE('',#1505,#1507,#7588,.T.);
#7590=ORIENTED_EDGE('',*,*,#7589,.T.);
#7591=DIRECTION('',(0.989177,-0.14673,0));
#7592=VECTOR('',#7591,0.245338);
#7593=LINE('',#1506,#7592);
#7594=EDGE_CURVE('',#1507,#1509,#7593,.T.);
#7595=ORIENTED_EDGE('',*,*,#7594,.T.);
#7596=DIRECTION('',(0.970031,-0.24298,0));
#7597=VECTOR('',#7596,0.245338);
#7598=LINE('',#1508,#7597);
#7599=EDGE_CURVE('',#1509,#1511,#7598,.T.);
#7600=ORIENTED_EDGE('',*,*,#7599,.T.);
#7601=DIRECTION('',(-0.941544,0.33689,0));
#7602=VECTOR('',#7601,0.245338);
#7603=LINE('',#1490,#7602);
#7604=EDGE_CURVE('',#1491,#1511,#7603,.T.);
#7605=ORIENTED_EDGE('',*,*,#7604,.F.);
#7606=DIRECTION('',(0.903989,-0.427555,0));
#7607=VECTOR('',#7606,0.245338);
#7608=LINE('',#1490,#7607);
#7609=EDGE_CURVE('',#1491,#1493,#7608,.T.);
#7610=ORIENTED_EDGE('',*,*,#7609,.T.);
#7611=DIRECTION('',(0.857729,-0.514103,0));
#7612=VECTOR('',#7611,0.245338);
#7613=LINE('',#1492,#7612);
#7614=EDGE_CURVE('',#1493,#1495,#7613,.T.);
#7615=ORIENTED_EDGE('',*,*,#7614,.T.);
#7616=DIRECTION('',(0.803207,-0.5957,0));
#7617=VECTOR('',#7616,0.245338);
#7618=LINE('',#1494,#7617);
#7619=EDGE_CURVE('',#1495,#1497,#7618,.T.);
#7620=ORIENTED_EDGE('',*,*,#7619,.T.);
#7621=DIRECTION('',(0.740951,-0.671559,0));
#7622=VECTOR('',#7621,0.245338);
#7623=LINE('',#1496,#7622);
#7624=EDGE_CURVE('',#1497,#1499,#7623,.T.);
#7625=ORIENTED_EDGE('',*,*,#7624,.T.);
#7626=EDGE_LOOP('',(#7345,#7350,#7355,#7360,#7365,#7370,#7375,#7380,#7385,#7390,#7395,#7400,#7405,#7410,#7415,#7420,#7425,#7430,#7435,#7440,#7445,#7450,#7455,#7460,#7465,#7470,#7475,#7480,#7485,#7490,#7495,#7500,#7505,#7510,#7515,#7520,#7525,#7530,#7535,#7540,#7545,#7550,#7555,#7560,#7565,#7570,#7575,#7580,#7585,#7590,#7595,#7600,#7605,#7610,#7615,#7620,#7625));
#7627=FACE_BOUND('',#7626,.T.);
#7628=ADVANCED_FACE('',(#7340,#7627),#5790,.T.);
#7629=DIRECTION('',(0.288326,-0.796905,0.530859));
#7630=DIRECTION('',(0,-0.554403,-0.832248));
#7631=AXIS2_PLACEMENT_3D('',#294,#7629,#7630);
#7632=PLANE('',#7631);
#7633=ORIENTED_EDGE('',*,*,#3898,.F.);
#7634=ORIENTED_EDGE('',*,*,#3918,.T.);
#7635=ORIENTED_EDGE('',*,*,#6717,.F.);
#7636=EDGE_LOOP('',(#7633,#7634,#7635));
#7637=FACE_OUTER_BOUND('',#7636,.T.);
#7638=ADVANCED_FACE('',(#7637),#7632,.T.);
#7639=DIRECTION('',(0.337372,-0.79787,0.499583));
#7640=DIRECTION('',(0,-0.530697,-0.847562));
#7641=AXIS2_PLACEMENT_3D('',#20,#7639,#7640);
#7642=PLANE('',#7641);
#7643=ORIENTED_EDGE('',*,*,#4769,.T.);
#7644=ORIENTED_EDGE('',*,*,#6722,.F.);
#7645=ORIENTED_EDGE('',*,*,#3913,.F.);
#7646=EDGE_LOOP('',(#7643,#7644,#7645));
#7647=FACE_OUTER_BOUND('',#7646,.T.);
#7648=ADVANCED_FACE('',(#7647),#7642,.T.);
#7649=DIRECTION('',(0.390497,-0.795179,0.4639));
#7650=DIRECTION('',(0,-0.503908,-0.863757));
#7651=AXIS2_PLACEMENT_3D('',#300,#7649,#7650);
#7652=PLANE('',#7651);
#7653=ORIENTED_EDGE('',*,*,#6727,.F.);
#7654=ORIENTED_EDGE('',*,*,#4764,.F.);
#7655=ORIENTED_EDGE('',*,*,#4781,.T.);
#7656=EDGE_LOOP('',(#7653,#7654,#7655));
#7657=FACE_OUTER_BOUND('',#7656,.T.);
#7658=ADVANCED_FACE('',(#7657),#7652,.T.);
#7659=DIRECTION('',(-0.859579,0.405048,0.311545));
#7660=DIRECTION('',(0,-0.609673,0.792653));
#7661=AXIS2_PLACEMENT_3D('',#34,#7659,#7660);
#7662=PLANE('',#7661);
#7663=ORIENTED_EDGE('',*,*,#3948,.T.);
#7664=ORIENTED_EDGE('',*,*,#6706,.T.);
#7665=ORIENTED_EDGE('',*,*,#3968,.F.);
#7666=EDGE_LOOP('',(#7663,#7664,#7665));
#7667=FACE_OUTER_BOUND('',#7666,.T.);
#7668=ADVANCED_FACE('',(#7667),#7662,.T.);
#7669=DIRECTION('',(0.448558,-0.7876,0.42247));
#7670=DIRECTION('',(0,-0.472692,-0.881228));
#7671=AXIS2_PLACEMENT_3D('',#24,#7669,#7670);
#7672=PLANE('',#7671);
#7673=ORIENTED_EDGE('',*,*,#4804,.T.);
#7674=ORIENTED_EDGE('',*,*,#6732,.F.);
#7675=ORIENTED_EDGE('',*,*,#4787,.F.);
#7676=EDGE_LOOP('',(#7673,#7674,#7675));
#7677=FACE_OUTER_BOUND('',#7676,.T.);
#7678=ADVANCED_FACE('',(#7677),#7672,.T.);
#7679=DIRECTION('',(0.512933,-0.773115,0.373085));
#7680=DIRECTION('',(0,-0.434614,-0.900617));
#7681=AXIS2_PLACEMENT_3D('',#128,#7679,#7680);
#7682=PLANE('',#7681);
#7683=ORIENTED_EDGE('',*,*,#4822,.T.);
#7684=ORIENTED_EDGE('',*,*,#6737,.F.);
#7685=ORIENTED_EDGE('',*,*,#4799,.F.);
#7686=EDGE_LOOP('',(#7683,#7684,#7685));
#7687=FACE_OUTER_BOUND('',#7686,.T.);
#7688=ADVANCED_FACE('',(#7687),#7682,.T.);
#7689=DIRECTION('',(0.674689,-0.702287,0.227129));
#7690=DIRECTION('',(0,-0.30772,-0.951477));
#7691=AXIS2_PLACEMENT_3D('',#152,#7689,#7690);
#7692=PLANE('',#7691);
#7693=ORIENTED_EDGE('',*,*,#4854,.T.);
#7694=ORIENTED_EDGE('',*,*,#6743,.F.);
#7695=ORIENTED_EDGE('',*,*,#4841,.F.);
#7696=EDGE_LOOP('',(#7693,#7694,#7695));
#7697=FACE_OUTER_BOUND('',#7696,.T.);
#7698=ADVANCED_FACE('',(#7697),#7692,.T.);
#7699=DIRECTION('',(0.807109,-0.586657,0.066393));
#7700=DIRECTION('',(0,-0.112454,-0.993657));
#7701=AXIS2_PLACEMENT_3D('',#308,#7699,#7700);
#7702=PLANE('',#7701);
#7703=ORIENTED_EDGE('',*,*,#4860,.F.);
#7704=ORIENTED_EDGE('',*,*,#4877,.T.);
#7705=ORIENTED_EDGE('',*,*,#6748,.F.);
#7706=EDGE_LOOP('',(#7703,#7704,#7705));
#7707=FACE_OUTER_BOUND('',#7706,.T.);
#7708=ADVANCED_FACE('',(#7707),#7702,.T.);
#7709=DIRECTION('',(-0.834149,-0.233695,0.499582));
#7710=DIRECTION('',(0,-0.905796,-0.423714));
#7711=AXIS2_PLACEMENT_3D('',#318,#7709,#7710);
#7712=PLANE('',#7711);
#7713=ORIENTED_EDGE('',*,*,#6792,.F.);
#7714=ORIENTED_EDGE('',*,*,#5109,.F.);
#7715=ORIENTED_EDGE('',*,*,#5126,.T.);
#7716=EDGE_LOOP('',(#7713,#7714,#7715));
#7717=FACE_OUTER_BOUND('',#7716,.T.);
#7718=ADVANCED_FACE('',(#7717),#7712,.T.);
#7719=DIRECTION('',(0.605535,-0.592887,0.53086));
#7720=DIRECTION('',(0,-0.667062,-0.745003));
#7721=AXIS2_PLACEMENT_3D('',#316,#7719,#7720);
#7722=PLANE('',#7721);
#7723=ORIENTED_EDGE('',*,*,#5072,.F.);
#7724=ORIENTED_EDGE('',*,*,#5090,.T.);
#7725=ORIENTED_EDGE('',*,*,#6799,.F.);
#7726=EDGE_LOOP('',(#7723,#7724,#7725));
#7727=FACE_OUTER_BOUND('',#7726,.T.);
#7728=ADVANCED_FACE('',(#7727),#7722,.T.);
#7729=DIRECTION('',(0.650145,-0.572476,0.499583));
#7730=DIRECTION('',(0,-0.65751,-0.753446));
#7731=AXIS2_PLACEMENT_3D('',#338,#7729,#7730);
#7732=PLANE('',#7731);
#7733=ORIENTED_EDGE('',*,*,#6804,.F.);
#7734=ORIENTED_EDGE('',*,*,#5085,.F.);
#7735=ORIENTED_EDGE('',*,*,#5177,.T.);
#7736=EDGE_LOOP('',(#7733,#7734,#7735));
#7737=FACE_OUTER_BOUND('',#7736,.T.);
#7738=ADVANCED_FACE('',(#7737),#7732,.T.);
#7739=DIRECTION('',(-0.895443,-0.140363,0.422469));
#7740=DIRECTION('',(0,-0.948993,-0.315298));
#7741=AXIS2_PLACEMENT_3D('',#320,#7739,#7740);
#7742=PLANE('',#7741);
#7743=ORIENTED_EDGE('',*,*,#5165,.F.);
#7744=ORIENTED_EDGE('',*,*,#5140,.T.);
#7745=ORIENTED_EDGE('',*,*,#6786,.T.);
#7746=EDGE_LOOP('',(#7743,#7744,#7745));
#7747=FACE_OUTER_BOUND('',#7746,.T.);
#7748=ADVANCED_FACE('',(#7747),#7742,.T.);
#7749=DIRECTION('',(-0.924255,-0.081002,0.373084));
#7750=DIRECTION('',(0.374314,-0,0.927302));
#7751=AXIS2_PLACEMENT_3D('',#320,#7749,#7750);
#7752=PLANE('',#7751);
#7753=ORIENTED_EDGE('',*,*,#6781,.T.);
#7754=ORIENTED_EDGE('',*,*,#4727,.F.);
#7755=ORIENTED_EDGE('',*,*,#5159,.T.);
#7756=EDGE_LOOP('',(#7753,#7754,#7755));
#7757=FACE_OUTER_BOUND('',#7756,.T.);
#7758=ADVANCED_FACE('',(#7757),#7752,.T.);
#7759=DIRECTION('',(-0.950197,-0.008021,0.311545));
#7760=DIRECTION('',(0.311555,-0,0.950228));
#7761=AXIS2_PLACEMENT_3D('',#324,#7759,#7760);
#7762=PLANE('',#7761);
#7763=ORIENTED_EDGE('',*,*,#4751,.F.);
#7764=ORIENTED_EDGE('',*,*,#4732,.T.);
#7765=ORIENTED_EDGE('',*,*,#6776,.T.);
#7766=EDGE_LOOP('',(#7763,#7764,#7765));
#7767=FACE_OUTER_BOUND('',#7766,.T.);
#7768=ADVANCED_FACE('',(#7767),#7762,.T.);
#7769=DIRECTION('',(-0.969732,0.089624,0.22713));
#7770=DIRECTION('',(0.228048,-0,0.97365));
#7771=AXIS2_PLACEMENT_3D('',#326,#7769,#7770);
#7772=PLANE('',#7771);
#7773=ORIENTED_EDGE('',*,*,#4958,.F.);
#7774=ORIENTED_EDGE('',*,*,#4745,.T.);
#7775=ORIENTED_EDGE('',*,*,#6771,.T.);
#7776=EDGE_LOOP('',(#7773,#7774,#7775));
#7777=FACE_OUTER_BOUND('',#7776,.T.);
#7778=ADVANCED_FACE('',(#7777),#7772,.T.);
#7779=DIRECTION('',(-0.961891,0.265249,0.066393));
#7780=DIRECTION('',(0.06886,-0,0.997626));
#7781=AXIS2_PLACEMENT_3D('',#326,#7779,#7780);
#7782=PLANE('',#7781);
#7783=ORIENTED_EDGE('',*,*,#6766,.T.);
#7784=ORIENTED_EDGE('',*,*,#5290,.F.);
#7785=ORIENTED_EDGE('',*,*,#4963,.T.);
#7786=EDGE_LOOP('',(#7783,#7784,#7785));
#7787=FACE_OUTER_BOUND('',#7786,.T.);
#7788=ADVANCED_FACE('',(#7787),#7782,.T.);
#7789=DIRECTION('',(-0.942491,0.33423,0.000001));
#7790=DIRECTION('',(0.000001,-0,1));
#7791=AXIS2_PLACEMENT_3D('',#146,#7789,#7790);
#7792=PLANE('',#7791);
#7793=ORIENTED_EDGE('',*,*,#5295,.T.);
#7794=ORIENTED_EDGE('',*,*,#6761,.T.);
#7795=ORIENTED_EDGE('',*,*,#5311,.F.);
#7796=EDGE_LOOP('',(#7793,#7794,#7795));
#7797=FACE_OUTER_BOUND('',#7796,.T.);
#7798=ADVANCED_FACE('',(#7797),#7792,.T.);
#7799=DIRECTION('',(0.79758,-0.473999,0.373084));
#7800=DIRECTION('',(0,-0.618494,-0.78579));
#7801=AXIS2_PLACEMENT_3D('',#342,#7799,#7800);
#7802=PLANE('',#7801);
#7803=ORIENTED_EDGE('',*,*,#5221,.F.);
#7804=ORIENTED_EDGE('',*,*,#5233,.T.);
#7805=ORIENTED_EDGE('',*,*,#6811,.F.);
#7806=EDGE_LOOP('',(#7803,#7804,#7805));
#7807=FACE_OUTER_BOUND('',#7806,.T.);
#7808=ADVANCED_FACE('',(#7807),#7802,.T.);
#7809=DIRECTION('',(0.981721,-0.178369,0.066393));
#7810=DIRECTION('',(0.067475,0,-0.997721));
#7811=AXIS2_PLACEMENT_3D('',#350,#7809,#7810);
#7812=PLANE('',#7811);
#7813=ORIENTED_EDGE('',*,*,#6818,.F.);
#7814=ORIENTED_EDGE('',*,*,#5277,.F.);
#7815=ORIENTED_EDGE('',*,*,#5344,.T.);
#7816=EDGE_LOOP('',(#7813,#7814,#7815));
#7817=FACE_OUTER_BOUND('',#7816,.T.);
#7818=ADVANCED_FACE('',(#7817),#7812,.T.);
#7819=DIRECTION('',(0.994173,-0.107799,-0));
#7820=DIRECTION('',(0,0,-1));
#7821=AXIS2_PLACEMENT_3D('',#352,#7819,#7820);
#7822=PLANE('',#7821);
#7823=ORIENTED_EDGE('',*,*,#5351,.F.);
#7824=ORIENTED_EDGE('',*,*,#5373,.T.);
#7825=ORIENTED_EDGE('',*,*,#6824,.F.);
#7826=EDGE_LOOP('',(#7823,#7824,#7825));
#7827=FACE_OUTER_BOUND('',#7826,.T.);
#7828=ADVANCED_FACE('',(#7827),#7822,.T.);
#7829=DIRECTION('',(-0.834812,0.5015,0.227129));
#7830=DIRECTION('',(0,-0.41256,0.910931));
#7831=AXIS2_PLACEMENT_3D('',#36,#7829,#7830);
#7832=PLANE('',#7831);
#7833=ORIENTED_EDGE('',*,*,#3973,.T.);
#7834=ORIENTED_EDGE('',*,*,#6701,.T.);
#7835=ORIENTED_EDGE('',*,*,#3991,.F.);
#7836=EDGE_LOOP('',(#7833,#7834,#7835));
#7837=FACE_OUTER_BOUND('',#7836,.T.);
#7838=ADVANCED_FACE('',(#7837),#7832,.T.);
#7839=DIRECTION('',(-0.751547,0.65633,0.066392));
#7840=DIRECTION('',(0,-0.100643,0.994923));
#7841=AXIS2_PLACEMENT_3D('',#370,#7839,#7840);
#7842=PLANE('',#7841);
#7843=ORIENTED_EDGE('',*,*,#4009,.F.);
#7844=ORIENTED_EDGE('',*,*,#3985,.T.);
#7845=ORIENTED_EDGE('',*,*,#6696,.T.);
#7846=EDGE_LOOP('',(#7843,#7844,#7845));
#7847=FACE_OUTER_BOUND('',#7846,.T.);
#7848=ADVANCED_FACE('',(#7847),#7842,.T.);
#7849=DIRECTION('',(-0.704138,0.710063,0));
#7850=DIRECTION('',(0,-0,1));
#7851=AXIS2_PLACEMENT_3D('',#398,#7849,#7850);
#7852=PLANE('',#7851);
#7853=ORIENTED_EDGE('',*,*,#4932,.F.);
#7854=ORIENTED_EDGE('',*,*,#4912,.T.);
#7855=ORIENTED_EDGE('',*,*,#6689,.T.);
#7856=EDGE_LOOP('',(#7853,#7854,#7855));
#7857=FACE_OUTER_BOUND('',#7856,.T.);
#7858=ADVANCED_FACE('',(#7857),#7852,.T.);
#7859=DIRECTION('',(-0.704138,0.710063,0));
#7860=DIRECTION('',(0,-0,1));
#7861=AXIS2_PLACEMENT_3D('',#400,#7859,#7860);
#7862=PLANE('',#7861);
#7863=ORIENTED_EDGE('',*,*,#4044,.F.);
#7864=ORIENTED_EDGE('',*,*,#4926,.T.);
#7865=ORIENTED_EDGE('',*,*,#6684,.T.);
#7866=EDGE_LOOP('',(#7863,#7864,#7865));
#7867=FACE_OUTER_BOUND('',#7866,.T.);
#7868=ADVANCED_FACE('',(#7867),#7862,.T.);
#7869=DIRECTION('',(-0.443278,0.722283,0.53086));
#7870=DIRECTION('',(0,-0.592224,0.805774));
#7871=AXIS2_PLACEMENT_3D('',#654,#7869,#7870);
#7872=PLANE('',#7871);
#7873=DIRECTION('',(0.744004,-0.033853,0.667317));
#7874=VECTOR('',#7873,14.985378);
#7875=LINE('',#440,#7874);
#7876=EDGE_CURVE('',#441,#655,#7875,.T.);
#7877=ORIENTED_EDGE('',*,*,#7876,.F.);
#7878=ORIENTED_EDGE('',*,*,#1750,.F.);
#7879=ORIENTED_EDGE('',*,*,#5445,.T.);
#7880=ORIENTED_EDGE('',*,*,#6639,.T.);
#7881=EDGE_LOOP('',(#7877,#7878,#7879,#7880));
#7882=FACE_OUTER_BOUND('',#7881,.T.);
#7883=ADVANCED_FACE('',(#7882),#7872,.T.);
#7884=DIRECTION('',(-0.413452,0.761232,0.499582));
#7885=DIRECTION('',(0,-0.548674,0.836036));
#7886=AXIS2_PLACEMENT_3D('',#656,#7884,#7885);
#7887=PLANE('',#7886);
#7888=DIRECTION('',(0.73531,-0.044451,0.676271));
#7889=VECTOR('',#7888,14.786966);
#7890=LINE('',#442,#7889);
#7891=EDGE_CURVE('',#443,#657,#7890,.T.);
#7892=ORIENTED_EDGE('',*,*,#7891,.F.);
#7893=ORIENTED_EDGE('',*,*,#1755,.F.);
#7894=DIRECTION('',(0.76285,-0.009954,0.646499));
#7895=VECTOR('',#7894,15.467935);
#7896=LINE('',#440,#7895);
#7897=EDGE_CURVE('',#441,#657,#7896,.T.);
#7898=ORIENTED_EDGE('',*,*,#7897,.T.);
#7899=EDGE_LOOP('',(#7892,#7893,#7898));
#7900=FACE_OUTER_BOUND('',#7899,.T.);
#7901=ADVANCED_FACE('',(#7900),#7887,.T.);
#7902=DIRECTION('',(-0.378225,0.801089,0.463899));
#7903=DIRECTION('',(0,-0.501126,0.865374));
#7904=AXIS2_PLACEMENT_3D('',#444,#7902,#7903);
#7905=PLANE('',#7904);
#7906=ORIENTED_EDGE('',*,*,#1760,.F.);
#7907=DIRECTION('',(0.755146,-0.022859,0.655158));
#7908=VECTOR('',#7907,15.263495);
#7909=LINE('',#442,#7908);
#7910=EDGE_CURVE('',#443,#659,#7909,.T.);
#7911=ORIENTED_EDGE('',*,*,#7910,.T.);
#7912=DIRECTION('',(0.726193,-0.054021,0.685365));
#7913=VECTOR('',#7912,14.59077);
#7914=LINE('',#444,#7913);
#7915=EDGE_CURVE('',#445,#659,#7914,.T.);
#7916=ORIENTED_EDGE('',*,*,#7915,.F.);
#7917=EDGE_LOOP('',(#7906,#7911,#7916));
#7918=FACE_OUTER_BOUND('',#7917,.T.);
#7919=ADVANCED_FACE('',(#7918),#7905,.T.);
#7920=DIRECTION('',(-0.336099,0.841758,0.42247));
#7921=DIRECTION('',(0,-0.448565,0.89375));
#7922=AXIS2_PLACEMENT_3D('',#660,#7920,#7921);
#7923=PLANE('',#7922);
#7924=DIRECTION('',(0.716686,-0.06245,0.694595));
#7925=VECTOR('',#7924,14.396889);
#7926=LINE('',#446,#7925);
#7927=EDGE_CURVE('',#447,#661,#7926,.T.);
#7928=ORIENTED_EDGE('',*,*,#7927,.F.);
#7929=ORIENTED_EDGE('',*,*,#1765,.F.);
#7930=DIRECTION('',(0.746946,-0.034994,0.663963));
#7931=VECTOR('',#7930,15.061074);
#7932=LINE('',#444,#7931);
#7933=EDGE_CURVE('',#445,#661,#7932,.T.);
#7934=ORIENTED_EDGE('',*,*,#7933,.T.);
#7935=EDGE_LOOP('',(#7928,#7929,#7934));
#7936=FACE_OUTER_BOUND('',#7935,.T.);
#7937=ADVANCED_FACE('',(#7936),#7923,.T.);
#7938=DIRECTION('',(-0.284637,0.883057,0.373085));
#7939=DIRECTION('',(0,-0.389183,0.92116));
#7940=AXIS2_PLACEMENT_3D('',#448,#7938,#7939);
#7941=PLANE('',#7940);
#7942=ORIENTED_EDGE('',*,*,#1770,.F.);
#7943=DIRECTION('',(0.738269,-0.046333,0.672913));
#7944=VECTOR('',#7943,14.860755);
#7945=LINE('',#446,#7944);
#7946=EDGE_CURVE('',#447,#663,#7945,.T.);
#7947=ORIENTED_EDGE('',*,*,#7946,.T.);
#7948=DIRECTION('',(0.706826,-0.069584,0.703957));
#7949=VECTOR('',#7948,14.205411);
#7950=LINE('',#448,#7949);
#7951=EDGE_CURVE('',#449,#663,#7950,.T.);
#7952=ORIENTED_EDGE('',*,*,#7951,.F.);
#7953=EDGE_LOOP('',(#7942,#7947,#7952));
#7954=FACE_OUTER_BOUND('',#7953,.T.);
#7955=ADVANCED_FACE('',(#7954),#7941,.T.);
#7956=DIRECTION('',(-0.219259,0.924589,0.311545));
#7957=DIRECTION('',(0,-0.319315,0.947649));
#7958=AXIS2_PLACEMENT_3D('',#664,#7956,#7957);
#7959=PLANE('',#7958);
#7960=DIRECTION('',(0.696662,-0.075192,0.713448));
#7961=VECTOR('',#7960,14.016434);
#7962=LINE('',#450,#7961);
#7963=EDGE_CURVE('',#451,#665,#7962,.T.);
#7964=ORIENTED_EDGE('',*,*,#7963,.F.);
#7965=ORIENTED_EDGE('',*,*,#1775,.F.);
#7966=DIRECTION('',(0.72913,-0.056898,0.682006));
#7967=VECTOR('',#7966,14.662623);
#7968=LINE('',#448,#7967);
#7969=EDGE_CURVE('',#449,#665,#7968,.T.);
#7970=ORIENTED_EDGE('',*,*,#7969,.T.);
#7971=EDGE_LOOP('',(#7964,#7965,#7970));
#7972=FACE_OUTER_BOUND('',#7971,.T.);
#7973=ADVANCED_FACE('',(#7972),#7959,.T.);
#7974=DIRECTION('',(-0.128409,0.965362,0.22713));
#7975=DIRECTION('',(0,-0.229026,0.97342));
#7976=AXIS2_PLACEMENT_3D('',#450,#7974,#7975);
#7977=PLANE('',#7976);
#7978=ORIENTED_EDGE('',*,*,#7963,.T.);
#7979=ORIENTED_EDGE('',*,*,#6609,.T.);
#7980=DIRECTION('',(0.686269,-0.078837,0.723062));
#7981=VECTOR('',#7980,13.830067);
#7982=LINE('',#452,#7981);
#7983=EDGE_CURVE('',#453,#667,#7982,.T.);
#7984=ORIENTED_EDGE('',*,*,#7983,.F.);
#7985=ORIENTED_EDGE('',*,*,#1780,.F.);
#7986=EDGE_LOOP('',(#7978,#7979,#7984,#7985));
#7987=FACE_OUTER_BOUND('',#7986,.T.);
#7988=ADVANCED_FACE('',(#7987),#7977,.T.);
#7989=DIRECTION('',(-0.712767,-0.458423,0.53086));
#7990=DIRECTION('',(0,-0.756856,-0.653581));
#7991=AXIS2_PLACEMENT_3D('',#696,#7989,#7990);
#7992=PLANE('',#7991);
#7993=DIRECTION('',(0.687433,-0.30628,0.658505));
#7994=VECTOR('',#7993,15.185921);
#7995=LINE('',#462,#7994);
#7996=EDGE_CURVE('',#463,#697,#7995,.T.);
#7997=ORIENTED_EDGE('',*,*,#7996,.F.);
#7998=ORIENTED_EDGE('',*,*,#1870,.T.);
#7999=DIRECTION('',(0.67824,-0.257574,0.68822));
#8000=VECTOR('',#7999,14.530239);
#8001=LINE('',#464,#8000);
#8002=EDGE_CURVE('',#465,#697,#8001,.T.);
#8003=ORIENTED_EDGE('',*,*,#8002,.T.);
#8004=EDGE_LOOP('',(#7997,#7998,#8003));
#8005=FACE_OUTER_BOUND('',#8004,.T.);
#8006=ADVANCED_FACE('',(#8005),#7992,.T.);
#8007=DIRECTION('',(-0.668039,-0.612571,0.422469));
#8008=DIRECTION('',(0,-0.567739,-0.823209));
#8009=AXIS2_PLACEMENT_3D('',#680,#8007,#8008);
#8010=PLANE('',#8009);
#8011=DIRECTION('',(0.677717,-0.266412,0.685365));
#8012=VECTOR('',#8011,14.590772);
#8013=LINE('',#472,#8012);
#8014=EDGE_CURVE('',#473,#681,#8013,.T.);
#8015=ORIENTED_EDGE('',*,*,#8014,.F.);
#8016=ORIENTED_EDGE('',*,*,#1855,.F.);
#8017=DIRECTION('',(0.660009,-0.225562,0.716596));
#8018=VECTOR('',#8017,13.954866);
#8019=LINE('',#470,#8018);
#8020=EDGE_CURVE('',#471,#681,#8019,.T.);
#8021=ORIENTED_EDGE('',*,*,#8020,.T.);
#8022=EDGE_LOOP('',(#8015,#8016,#8021));
#8023=FACE_OUTER_BOUND('',#8022,.T.);
#8024=ADVANCED_FACE('',(#8023),#8010,.T.);
#8025=DIRECTION('',(-0.639594,-0.672107,0.373085));
#8026=DIRECTION('',(0,-0.485337,-0.874327));
#8027=AXIS2_PLACEMENT_3D('',#470,#8025,#8026);
#8028=PLANE('',#8027);
#8029=ORIENTED_EDGE('',*,*,#1850,.F.);
#8030=DIRECTION('',(0.652091,-0.217373,0.72631));
#8031=VECTOR('',#8030,13.768221);
#8032=LINE('',#468,#8031);
#8033=EDGE_CURVE('',#469,#679,#8032,.T.);
#8034=ORIENTED_EDGE('',*,*,#8033,.T.);
#8035=DIRECTION('',(0.672808,-0.254693,0.694595));
#8036=VECTOR('',#8035,14.396889);
#8037=LINE('',#470,#8036);
#8038=EDGE_CURVE('',#471,#679,#8037,.T.);
#8039=ORIENTED_EDGE('',*,*,#8038,.F.);
#8040=EDGE_LOOP('',(#8029,#8034,#8039));
#8041=FACE_OUTER_BOUND('',#8040,.T.);
#8042=ADVANCED_FACE('',(#8041),#8028,.T.);
#8043=DIRECTION('',(-0.688348,-0.557651,0.4639));
#8044=DIRECTION('',(0,-0.639526,-0.76877));
#8045=AXIS2_PLACEMENT_3D('',#472,#8043,#8044);
#8046=PLANE('',#8045);
#8047=DIRECTION('',(0.666971,-0.235144,0.707006));
#8048=VECTOR('',#8047,14.144155);
#8049=LINE('',#472,#8048);
#8050=EDGE_CURVE('',#473,#699,#8049,.T.);
#8051=ORIENTED_EDGE('',*,*,#8050,.T.);
#8052=DIRECTION('',(0.681778,-0.27899,0.676271));
#8053=VECTOR('',#8052,14.786966);
#8054=LINE('',#460,#8053);
#8055=EDGE_CURVE('',#461,#699,#8054,.T.);
#8056=ORIENTED_EDGE('',*,*,#8055,.F.);
#8057=ORIENTED_EDGE('',*,*,#1860,.T.);
#8058=EDGE_LOOP('',(#8051,#8056,#8057));
#8059=FACE_OUTER_BOUND('',#8058,.T.);
#8060=ADVANCED_FACE('',(#8059),#8046,.T.);
#8061=DIRECTION('',(-0.702794,-0.506455,0.499584));
#8062=DIRECTION('',(0,-0.702261,-0.71192));
#8063=AXIS2_PLACEMENT_3D('',#694,#8061,#8062);
#8064=PLANE('',#8063);
#8065=DIRECTION('',(0.685013,-0.292311,0.667317));
#8066=VECTOR('',#8065,14.985377);
#8067=LINE('',#464,#8066);
#8068=EDGE_CURVE('',#465,#695,#8067,.T.);
#8069=ORIENTED_EDGE('',*,*,#8068,.F.);
#8070=ORIENTED_EDGE('',*,*,#1865,.F.);
#8071=DIRECTION('',(0.673036,-0.245872,0.697546));
#8072=VECTOR('',#8071,14.33598);
#8073=LINE('',#460,#8072);
#8074=EDGE_CURVE('',#461,#695,#8073,.T.);
#8075=ORIENTED_EDGE('',*,*,#8074,.T.);
#8076=EDGE_LOOP('',(#8069,#8070,#8075));
#8077=FACE_OUTER_BOUND('',#8076,.T.);
#8078=ADVANCED_FACE('',(#8077),#8064,.T.);
#8079=DIRECTION('',(-0.59344,0.285785,0.752433));
#8080=DIRECTION('',(0,-0.934841,0.355066));
#8081=AXIS2_PLACEMENT_3D('',#462,#8079,#8080);
#8082=PLANE('',#8081);
#8083=DIRECTION('',(0.727348,-0.209904,0.65338));
#8084=VECTOR('',#8083,15.305026);
#8085=LINE('',#462,#8084);
#8086=EDGE_CURVE('',#463,#701,#8085,.T.);
#8087=ORIENTED_EDGE('',*,*,#8086,.T.);
#8088=DIRECTION('',(0.668067,-0.346495,0.658505));
#8089=VECTOR('',#8088,15.185922);
#8090=LINE('',#466,#8089);
#8091=EDGE_CURVE('',#467,#701,#8090,.T.);
#8092=ORIENTED_EDGE('',*,*,#8091,.F.);
#8093=ORIENTED_EDGE('',*,*,#1875,.F.);
#8094=EDGE_LOOP('',(#8087,#8092,#8093));
#8095=FACE_OUTER_BOUND('',#8094,.T.);
#8096=ADVANCED_FACE('',(#8095),#8082,.T.);
#8097=DIRECTION('',(-0.085993,0.843086,0.53086));
#8098=DIRECTION('',(0,-0.532833,0.84622));
#8099=AXIS2_PLACEMENT_3D('',#466,#8097,#8098);
#8100=PLANE('',#8099);
#8101=DIRECTION('',(0.695379,-0.33079,0.637986));
#8102=VECTOR('',#8101,15.674314);
#8103=LINE('',#466,#8102);
#8104=EDGE_CURVE('',#467,#703,#8103,.T.);
#8105=ORIENTED_EDGE('',*,*,#8104,.T.);
#8106=DIRECTION('',(0.655636,-0.353312,0.667317));
#8107=VECTOR('',#8106,14.985377);
#8108=LINE('',#480,#8107);
#8109=EDGE_CURVE('',#481,#703,#8108,.T.);
#8110=ORIENTED_EDGE('',*,*,#8109,.F.);
#8111=ORIENTED_EDGE('',*,*,#1880,.F.);
#8112=EDGE_LOOP('',(#8105,#8110,#8111));
#8113=FACE_OUTER_BOUND('',#8112,.T.);
#8114=ADVANCED_FACE('',(#8113),#8100,.T.);
#8115=DIRECTION('',(-0.042221,0.865237,0.499583));
#8116=DIRECTION('',(0,-0.500029,0.866009));
#8117=AXIS2_PLACEMENT_3D('',#482,#8115,#8116);
#8118=PLANE('',#8117);
#8119=ORIENTED_EDGE('',*,*,#1885,.F.);
#8120=DIRECTION('',(0.682985,-0.339957,0.646499));
#8121=VECTOR('',#8120,15.467933);
#8122=LINE('',#480,#8121);
#8123=EDGE_CURVE('',#481,#705,#8122,.T.);
#8124=ORIENTED_EDGE('',*,*,#8123,.T.);
#8125=DIRECTION('',(0.643205,-0.359088,0.676271));
#8126=VECTOR('',#8125,14.786965);
#8127=LINE('',#482,#8126);
#8128=EDGE_CURVE('',#483,#705,#8127,.T.);
#8129=ORIENTED_EDGE('',*,*,#8128,.F.);
#8130=EDGE_LOOP('',(#8119,#8124,#8129));
#8131=FACE_OUTER_BOUND('',#8130,.T.);
#8132=ADVANCED_FACE('',(#8131),#8118,.T.);
#8133=DIRECTION('',(0.044557,0.996798,0.066393));
#8134=DIRECTION('',(0,-0.066459,0.997789));
#8135=AXIS2_PLACEMENT_3D('',#456,#8133,#8134);
#8136=PLANE('',#8135);
#8137=ORIENTED_EDGE('',*,*,#1785,.F.);
#8138=ORIENTED_EDGE('',*,*,#7983,.T.);
#8139=ORIENTED_EDGE('',*,*,#6604,.T.);
#8140=DIRECTION('',(0.675847,-0.079019,0.732793));
#8141=VECTOR('',#8140,13.64641);
#8142=LINE('',#456,#8141);
#8143=EDGE_CURVE('',#457,#669,#8142,.T.);
#8144=ORIENTED_EDGE('',*,*,#8143,.F.);
#8145=EDGE_LOOP('',(#8137,#8138,#8139,#8144));
#8146=FACE_OUTER_BOUND('',#8145,.T.);
#8147=ADVANCED_FACE('',(#8146),#8136,.T.);
#8148=DIRECTION('',(0.116127,0.993234,-0));
#8149=DIRECTION('',(-0,0,1));
#8150=AXIS2_PLACEMENT_3D('',#676,#8148,#8149);
#8151=PLANE('',#8150);
#8152=DIRECTION('',(0.654049,-0.07647,0.752577));
#8153=VECTOR('',#8152,13.287683);
#8154=LINE('',#458,#8153);
#8155=EDGE_CURVE('',#459,#677,#8154,.T.);
#8156=ORIENTED_EDGE('',*,*,#8155,.F.);
#8157=ORIENTED_EDGE('',*,*,#1795,.F.);
#8158=ORIENTED_EDGE('',*,*,#1790,.T.);
#8159=ORIENTED_EDGE('',*,*,#8143,.T.);
#8160=ORIENTED_EDGE('',*,*,#6599,.T.);
#8161=ORIENTED_EDGE('',*,*,#6594,.T.);
#8162=EDGE_LOOP('',(#8156,#8157,#8158,#8159,#8160,#8161));
#8163=FACE_OUTER_BOUND('',#8162,.T.);
#8164=ADVANCED_FACE('',(#8163),#8151,.T.);
#8165=DIRECTION('',(0.116127,0.993234,-0));
#8166=DIRECTION('',(-0,0,1));
#8167=AXIS2_PLACEMENT_3D('',#670,#8165,#8166);
#8168=PLANE('',#8167);
#8169=ORIENTED_EDGE('',*,*,#6584,.T.);
#8170=DIRECTION('',(0.630445,-0.073711,0.772726));
#8171=VECTOR('',#8170,12.941193);
#8172=LINE('',#492,#8171);
#8173=EDGE_CURVE('',#493,#673,#8172,.T.);
#8174=ORIENTED_EDGE('',*,*,#8173,.F.);
#8175=ORIENTED_EDGE('',*,*,#1805,.F.);
#8176=ORIENTED_EDGE('',*,*,#1800,.F.);
#8177=DIRECTION('',(0.679543,-0.079451,0.729321));
#8178=VECTOR('',#8177,13.711392);
#8179=LINE('',#458,#8178);
#8180=EDGE_CURVE('',#459,#671,#8179,.T.);
#8181=ORIENTED_EDGE('',*,*,#8180,.T.);
#8182=EDGE_LOOP('',(#8169,#8174,#8175,#8176,#8181));
#8183=FACE_OUTER_BOUND('',#8182,.T.);
#8184=ADVANCED_FACE('',(#8183),#8168,.T.);
#8185=DIRECTION('',(-0.39235,-0.917417,0.066393));
#8186=DIRECTION('',(0,-0.072181,-0.997392));
#8187=AXIS2_PLACEMENT_3D('',#690,#8185,#8186);
#8188=PLANE('',#8187);
#8189=DIRECTION('',(0.652513,-0.226732,0.723062));
#8190=VECTOR('',#8189,13.830065);
#8191=LINE('',#474,#8190);
#8192=EDGE_CURVE('',#475,#691,#8191,.T.);
#8193=ORIENTED_EDGE('',*,*,#8192,.F.);
#8194=ORIENTED_EDGE('',*,*,#1835,.T.);
#8195=DIRECTION('',(0.619709,-0.21031,0.756128));
#8196=VECTOR('',#8195,13.225268);
#8197=LINE('',#478,#8196);
#8198=EDGE_CURVE('',#479,#691,#8197,.T.);
#8199=ORIENTED_EDGE('',*,*,#8198,.T.);
#8200=EDGE_LOOP('',(#8193,#8194,#8199));
#8201=FACE_OUTER_BOUND('',#8200,.T.);
#8202=ADVANCED_FACE('',(#8201),#8188,.T.);
#8203=DIRECTION('',(-0.326321,-0.945259,0));
#8204=DIRECTION('',(0,-0,-1));
#8205=AXIS2_PLACEMENT_3D('',#496,#8203,#8204);
#8206=PLANE('',#8205);
#8207=DIRECTION('',(0.599993,-0.207129,0.772726));
#8208=VECTOR('',#8207,12.941194);
#8209=LINE('',#496,#8208);
#8210=EDGE_CURVE('',#497,#717,#8209,.T.);
#8211=ORIENTED_EDGE('',*,*,#8210,.T.);
#8212=ORIENTED_EDGE('',*,*,#6574,.F.);
#8213=ORIENTED_EDGE('',*,*,#6569,.F.);
#8214=ORIENTED_EDGE('',*,*,#6564,.F.);
#8215=ORIENTED_EDGE('',*,*,#6559,.T.);
#8216=DIRECTION('',(0.643203,-0.222046,0.732793));
#8217=VECTOR('',#8216,13.64641);
#8218=LINE('',#478,#8217);
#8219=EDGE_CURVE('',#479,#693,#8218,.T.);
#8220=ORIENTED_EDGE('',*,*,#8219,.F.);
#8221=ORIENTED_EDGE('',*,*,#1830,.T.);
#8222=ORIENTED_EDGE('',*,*,#1825,.T.);
#8223=ORIENTED_EDGE('',*,*,#1820,.F.);
#8224=ORIENTED_EDGE('',*,*,#1815,.T.);
#8225=EDGE_LOOP('',(#8211,#8212,#8213,#8214,#8215,#8220,#8221,#8222,#8223,#8224));
#8226=FACE_OUTER_BOUND('',#8225,.T.);
#8227=ADVANCED_FACE('',(#8226),#8206,.T.);
#8228=DIRECTION('',(-0.755122,0.172352,0.632523));
#8229=DIRECTION('',(0,-0.964824,0.262898));
#8230=AXIS2_PLACEMENT_3D('',#492,#8228,#8229);
#8231=PLANE('',#8230);
#8232=ORIENTED_EDGE('',*,*,#8173,.T.);
#8233=ORIENTED_EDGE('',*,*,#6579,.T.);
#8234=ORIENTED_EDGE('',*,*,#8210,.F.);
#8235=ORIENTED_EDGE('',*,*,#1810,.F.);
#8236=EDGE_LOOP('',(#8232,#8233,#8234,#8235));
#8237=FACE_OUTER_BOUND('',#8236,.T.);
#8238=ADVANCED_FACE('',(#8237),#8231,.T.);
#8239=DIRECTION('',(-0.59871,-0.737893,0.311546));
#8240=DIRECTION('',(0,-0.388963,-0.921254));
#8241=AXIS2_PLACEMENT_3D('',#476,#8239,#8240);
#8242=PLANE('',#8241);
#8243=DIRECTION('',(0.6431,-0.21099,0.736143));
#8244=VECTOR('',#8243,13.584325);
#8245=LINE('',#476,#8244);
#8246=EDGE_CURVE('',#477,#683,#8245,.T.);
#8247=ORIENTED_EDGE('',*,*,#8246,.T.);
#8248=DIRECTION('',(0.667019,-0.243987,0.703957));
#8249=VECTOR('',#8248,14.205411);
#8250=LINE('',#468,#8249);
#8251=EDGE_CURVE('',#469,#683,#8250,.T.);
#8252=ORIENTED_EDGE('',*,*,#8251,.F.);
#8253=ORIENTED_EDGE('',*,*,#1845,.T.);
#8254=EDGE_LOOP('',(#8247,#8252,#8253));
#8255=FACE_OUTER_BOUND('',#8254,.T.);
#8256=ADVANCED_FACE('',(#8255),#8242,.T.);
#8257=DIRECTION('',(-0.534547,-0.814047,0.227129));
#8258=DIRECTION('',(0,-0.268747,-0.963211));
#8259=AXIS2_PLACEMENT_3D('',#474,#8257,#8258);
#8260=PLANE('',#8259);
#8261=DIRECTION('',(0.632748,-0.207329,0.746086));
#8262=VECTOR('',#8261,13.403283);
#8263=LINE('',#474,#8262);
#8264=EDGE_CURVE('',#475,#685,#8263,.T.);
#8265=ORIENTED_EDGE('',*,*,#8264,.T.);
#8266=DIRECTION('',(0.660295,-0.234524,0.713448));
#8267=VECTOR('',#8266,14.016435);
#8268=LINE('',#476,#8267);
#8269=EDGE_CURVE('',#477,#685,#8268,.T.);
#8270=ORIENTED_EDGE('',*,*,#8269,.F.);
#8271=ORIENTED_EDGE('',*,*,#1840,.F.);
#8272=EDGE_LOOP('',(#8265,#8270,#8271));
#8273=FACE_OUTER_BOUND('',#8272,.T.);
#8274=ADVANCED_FACE('',(#8273),#8260,.T.);
#8275=DIRECTION('',(0.00681,0.885861,0.4639));
#8276=DIRECTION('',(0,-0.463911,0.885882));
#8277=AXIS2_PLACEMENT_3D('',#706,#8275,#8276);
#8278=PLANE('',#8277);
#8279=DIRECTION('',(0.630839,-0.363755,0.685365));
#8280=VECTOR('',#8279,14.590772);
#8281=LINE('',#484,#8280);
#8282=EDGE_CURVE('',#485,#707,#8281,.T.);
#8283=ORIENTED_EDGE('',*,*,#8282,.F.);
#8284=ORIENTED_EDGE('',*,*,#1890,.F.);
#8285=ORIENTED_EDGE('',*,*,#8128,.T.);
#8286=ORIENTED_EDGE('',*,*,#6499,.T.);
#8287=EDGE_LOOP('',(#8283,#8284,#8285,#8286));
#8288=FACE_OUTER_BOUND('',#8287,.T.);
#8289=ADVANCED_FACE('',(#8288),#8278,.T.);
#8290=DIRECTION('',(0.062411,0.904226,0.422469));
#8291=DIRECTION('',(0,-0.423294,0.905992));
#8292=AXIS2_PLACEMENT_3D('',#488,#8290,#8291);
#8293=PLANE('',#8292);
#8294=ORIENTED_EDGE('',*,*,#1895,.F.);
#8295=DIRECTION('',(0.657792,-0.355616,0.663963));
#8296=VECTOR('',#8295,15.061075);
#8297=LINE('',#484,#8296);
#8298=EDGE_CURVE('',#485,#709,#8297,.T.);
#8299=ORIENTED_EDGE('',*,*,#8298,.T.);
#8300=DIRECTION('',(0.618616,-0.367224,0.694594));
#8301=VECTOR('',#8300,14.39689);
#8302=LINE('',#488,#8301);
#8303=EDGE_CURVE('',#489,#709,#8302,.T.);
#8304=ORIENTED_EDGE('',*,*,#8303,.F.);
#8305=EDGE_LOOP('',(#8294,#8299,#8304));
#8306=FACE_OUTER_BOUND('',#8305,.T.);
#8307=ADVANCED_FACE('',(#8306),#8293,.T.);
#8308=DIRECTION('',(0.126696,0.919107,0.373083));
#8309=DIRECTION('',(0,-0.376114,0.926573));
#8310=AXIS2_PLACEMENT_3D('',#488,#8308,#8309);
#8311=PLANE('',#8310);
#8312=DIRECTION('',(0.645054,-0.362067,0.672913));
#8313=VECTOR('',#8312,14.860756);
#8314=LINE('',#488,#8313);
#8315=EDGE_CURVE('',#489,#711,#8314,.T.);
#8316=ORIENTED_EDGE('',*,*,#8315,.T.);
#8317=DIRECTION('',(0.606637,-0.369373,0.703957));
#8318=VECTOR('',#8317,14.20541);
#8319=LINE('',#486,#8318);
#8320=EDGE_CURVE('',#487,#711,#8319,.T.);
#8321=ORIENTED_EDGE('',*,*,#8320,.F.);
#8322=ORIENTED_EDGE('',*,*,#1900,.T.);
#8323=EDGE_LOOP('',(#8316,#8321,#8322));
#8324=FACE_OUTER_BOUND('',#8323,.T.);
#8325=ADVANCED_FACE('',(#8324),#8311,.T.);
#8326=DIRECTION('',(0.203618,0.928159,0.311545));
#8327=DIRECTION('',(0,-0.318211,0.94802));
#8328=AXIS2_PLACEMENT_3D('',#502,#8326,#8327);
#8329=PLANE('',#8328);
#8330=ORIENTED_EDGE('',*,*,#1905,.F.);
#8331=DIRECTION('',(0.632236,-0.367621,0.682006));
#8332=VECTOR('',#8331,14.662622);
#8333=LINE('',#486,#8332);
#8334=EDGE_CURVE('',#487,#713,#8333,.T.);
#8335=ORIENTED_EDGE('',*,*,#8334,.T.);
#8336=DIRECTION('',(0.595046,-0.370016,0.713448));
#8337=VECTOR('',#8336,14.016434);
#8338=LINE('',#502,#8337);
#8339=EDGE_CURVE('',#503,#713,#8338,.T.);
#8340=ORIENTED_EDGE('',*,*,#8339,.F.);
#8341=EDGE_LOOP('',(#8330,#8335,#8340));
#8342=FACE_OUTER_BOUND('',#8341,.T.);
#8343=ADVANCED_FACE('',(#8342),#8329,.T.);
#8344=DIRECTION('',(0.472639,0.878751,0.066392));
#8345=DIRECTION('',(0,-0.075338,0.997158));
#8346=AXIS2_PLACEMENT_3D('',#512,#8344,#8345);
#8347=PLANE('',#8346);
#8348=ORIENTED_EDGE('',*,*,#1915,.F.);
#8349=DIRECTION('',(0.604991,-0.37833,0.700608));
#8350=VECTOR('',#8349,14.27331);
#8351=LINE('',#504,#8350);
#8352=EDGE_CURVE('',#505,#719,#8351,.T.);
#8353=ORIENTED_EDGE('',*,*,#8352,.T.);
#8354=DIRECTION('',(0.574632,-0.364433,0.732794));
#8355=VECTOR('',#8354,13.646409);
#8356=LINE('',#512,#8355);
#8357=EDGE_CURVE('',#513,#719,#8356,.T.);
#8358=ORIENTED_EDGE('',*,*,#8357,.F.);
#8359=EDGE_LOOP('',(#8348,#8353,#8358));
#8360=FACE_OUTER_BOUND('',#8359,.T.);
#8361=ADVANCED_FACE('',(#8360),#8347,.T.);
#8362=DIRECTION('',(0.30316,0.925476,0.227131));
#8363=DIRECTION('',(0,-0.238348,0.97118));
#8364=AXIS2_PLACEMENT_3D('',#504,#8362,#8363);
#8365=PLANE('',#8364);
#8366=ORIENTED_EDGE('',*,*,#1910,.F.);
#8367=DIRECTION('',(0.619226,-0.372487,0.69124));
#8368=VECTOR('',#8367,14.466761);
#8369=LINE('',#502,#8368);
#8370=EDGE_CURVE('',#503,#727,#8369,.T.);
#8371=ORIENTED_EDGE('',*,*,#8370,.T.);
#8372=DIRECTION('',(0.584101,-0.36879,0.723062));
#8373=VECTOR('',#8372,13.830067);
#8374=LINE('',#504,#8373);
#8375=EDGE_CURVE('',#505,#727,#8374,.T.);
#8376=ORIENTED_EDGE('',*,*,#8375,.F.);
#8377=EDGE_LOOP('',(#8366,#8371,#8376));
#8378=FACE_OUTER_BOUND('',#8377,.T.);
#8379=ADVANCED_FACE('',(#8378),#8365,.T.);
#8380=DIRECTION('',(0.535575,0.844488,0));
#8381=DIRECTION('',(0,0,1));
#8382=AXIS2_PLACEMENT_3D('',#724,#8380,#8381);
#8383=PLANE('',#8382);
#8384=ORIENTED_EDGE('',*,*,#6454,.T.);
#8385=DIRECTION('',(0.568822,-0.360748,0.739123));
#8386=VECTOR('',#8385,13.529543);
#8387=LINE('',#508,#8386);
#8388=EDGE_CURVE('',#509,#729,#8387,.T.);
#8389=ORIENTED_EDGE('',*,*,#8388,.F.);
#8390=ORIENTED_EDGE('',*,*,#1930,.T.);
#8391=DIRECTION('',(0.577775,-0.366426,0.729321));
#8392=VECTOR('',#8391,13.711393);
#8393=LINE('',#510,#8392);
#8394=EDGE_CURVE('',#511,#725,#8393,.T.);
#8395=ORIENTED_EDGE('',*,*,#8394,.T.);
#8396=EDGE_LOOP('',(#8384,#8389,#8390,#8395));
#8397=FACE_OUTER_BOUND('',#8396,.T.);
#8398=ADVANCED_FACE('',(#8397),#8383,.T.);
#8399=DIRECTION('',(0.535575,0.844488,0));
#8400=DIRECTION('',(0,0,1));
#8401=AXIS2_PLACEMENT_3D('',#506,#8399,#8400);
#8402=PLANE('',#8401);
#8403=DIRECTION('',(0.565551,-0.358673,0.742634));
#8404=VECTOR('',#8403,13.465576);
#8405=LINE('',#506,#8404);
#8406=EDGE_CURVE('',#507,#723,#8405,.T.);
#8407=ORIENTED_EDGE('',*,*,#8406,.T.);
#8408=ORIENTED_EDGE('',*,*,#6464,.F.);
#8409=DIRECTION('',(0.586376,-0.371881,0.71963));
#8410=VECTOR('',#8409,13.896025);
#8411=LINE('',#506,#8410);
#8412=EDGE_CURVE('',#507,#721,#8411,.T.);
#8413=ORIENTED_EDGE('',*,*,#8412,.F.);
#8414=EDGE_LOOP('',(#8407,#8408,#8413));
#8415=FACE_OUTER_BOUND('',#8414,.T.);
#8416=ADVANCED_FACE('',(#8415),#8402,.T.);
#8417=DIRECTION('',(0.535576,0.844487,-0));
#8418=DIRECTION('',(-0,0,1));
#8419=AXIS2_PLACEMENT_3D('',#508,#8417,#8418);
#8420=PLANE('',#8419);
#8421=ORIENTED_EDGE('',*,*,#8388,.T.);
#8422=DIRECTION('',(0.53603,-0.339951,0.772726));
#8423=VECTOR('',#8422,12.941194);
#8424=LINE('',#514,#8423);
#8425=EDGE_CURVE('',#515,#729,#8424,.T.);
#8426=ORIENTED_EDGE('',*,*,#8425,.F.);
#8427=ORIENTED_EDGE('',*,*,#1935,.F.);
#8428=EDGE_LOOP('',(#8421,#8426,#8427));
#8429=FACE_OUTER_BOUND('',#8428,.T.);
#8430=ADVANCED_FACE('',(#8429),#8420,.T.);
#8431=DIRECTION('',(0.535576,0.844487,-0));
#8432=DIRECTION('',(-0,0,1));
#8433=AXIS2_PLACEMENT_3D('',#512,#8431,#8432);
#8434=PLANE('',#8433);
#8435=DIRECTION('',(0.594639,-0.377121,0.710059));
#8436=VECTOR('',#8435,14.083333);
#8437=LINE('',#512,#8436);
#8438=EDGE_CURVE('',#513,#723,#8437,.T.);
#8439=ORIENTED_EDGE('',*,*,#8438,.T.);
#8440=ORIENTED_EDGE('',*,*,#8406,.F.);
#8441=ORIENTED_EDGE('',*,*,#1920,.T.);
#8442=EDGE_LOOP('',(#8439,#8440,#8441));
#8443=FACE_OUTER_BOUND('',#8442,.T.);
#8444=ADVANCED_FACE('',(#8443),#8434,.T.);
#8445=DIRECTION('',(0.535576,0.844487,-0));
#8446=DIRECTION('',(-0,0,1));
#8447=AXIS2_PLACEMENT_3D('',#510,#8445,#8446);
#8448=PLANE('',#8447);
#8449=ORIENTED_EDGE('',*,*,#1925,.F.);
#8450=ORIENTED_EDGE('',*,*,#8412,.T.);
#8451=DIRECTION('',(0.556099,-0.352679,0.752577));
#8452=VECTOR('',#8451,13.287682);
#8453=LINE('',#510,#8452);
#8454=EDGE_CURVE('',#511,#721,#8453,.T.);
#8455=ORIENTED_EDGE('',*,*,#8454,.F.);
#8456=EDGE_LOOP('',(#8449,#8450,#8455));
#8457=FACE_OUTER_BOUND('',#8456,.T.);
#8458=ADVANCED_FACE('',(#8457),#8448,.T.);
#8459=DIRECTION('',(-0.867667,-0.262055,0.422469));
#8460=DIRECTION('',(0,-0.849791,-0.52712));
#8461=AXIS2_PLACEMENT_3D('',#538,#8459,#8460);
#8462=PLANE('',#8461);
#8463=DIRECTION('',(0.49678,-0.489591,0.716596));
#8464=VECTOR('',#8463,13.954867);
#8465=LINE('',#538,#8464);
#8466=EDGE_CURVE('',#539,#733,#8465,.T.);
#8467=ORIENTED_EDGE('',*,*,#8466,.T.);
#8468=DIRECTION('',(0.49501,-0.534079,0.685365));
#8469=VECTOR('',#8468,14.590772);
#8470=LINE('',#516,#8469);
#8471=EDGE_CURVE('',#517,#733,#8470,.T.);
#8472=ORIENTED_EDGE('',*,*,#8471,.F.);
#8473=ORIENTED_EDGE('',*,*,#1985,.T.);
#8474=EDGE_LOOP('',(#8467,#8472,#8473));
#8475=FACE_OUTER_BOUND('',#8474,.T.);
#8476=ADVANCED_FACE('',(#8475),#8462,.T.);
#8477=DIRECTION('',(-0.834812,-0.501498,0.22713));
#8478=DIRECTION('',(0,-0.412563,-0.910929));
#8479=AXIS2_PLACEMENT_3D('',#526,#8477,#8478);
#8480=PLANE('',#8479);
#8481=DIRECTION('',(0.48013,-0.461336,0.746086));
#8482=VECTOR('',#8481,13.403284);
#8483=LINE('',#526,#8482);
#8484=EDGE_CURVE('',#527,#735,#8483,.T.);
#8485=ORIENTED_EDGE('',*,*,#8484,.T.);
#8486=DIRECTION('',(0.493149,-0.497791,0.713448));
#8487=VECTOR('',#8486,14.016435);
#8488=LINE('',#522,#8487);
#8489=EDGE_CURVE('',#523,#735,#8488,.T.);
#8490=ORIENTED_EDGE('',*,*,#8489,.F.);
#8491=ORIENTED_EDGE('',*,*,#1970,.T.);
#8492=EDGE_LOOP('',(#8485,#8490,#8491));
#8493=FACE_OUTER_BOUND('',#8492,.T.);
#8494=ADVANCED_FACE('',(#8493),#8480,.T.);
#8495=DIRECTION('',(-0.704137,-0.710064,-0.000001));
#8496=DIRECTION('',(0,0.000001,-1));
#8497=AXIS2_PLACEMENT_3D('',#524,#8495,#8496);
#8498=PLANE('',#8497);
#8499=ORIENTED_EDGE('',*,*,#1960,.T.);
#8500=DIRECTION('',(0.456289,-0.452481,0.766199));
#8501=VECTOR('',#8500,13.051443);
#8502=LINE('',#534,#8501);
#8503=EDGE_CURVE('',#535,#743,#8502,.T.);
#8504=ORIENTED_EDGE('',*,*,#8503,.T.);
#8505=DIRECTION('',(0.483163,-0.479131,0.732794));
#8506=VECTOR('',#8505,13.646409);
#8507=LINE('',#524,#8506);
#8508=EDGE_CURVE('',#525,#743,#8507,.T.);
#8509=ORIENTED_EDGE('',*,*,#8508,.F.);
#8510=EDGE_LOOP('',(#8499,#8504,#8509));
#8511=FACE_OUTER_BOUND('',#8510,.T.);
#8512=ADVANCED_FACE('',(#8511),#8498,.T.);
#8513=DIRECTION('',(-0.704137,-0.710064,-0.000001));
#8514=DIRECTION('',(0,0.000001,-1));
#8515=AXIS2_PLACEMENT_3D('',#532,#8513,#8514);
#8516=PLANE('',#8515);
#8517=ORIENTED_EDGE('',*,*,#1945,.F.);
#8518=DIRECTION('',(0.42905,-0.425469,0.796802));
#8519=VECTOR('',#8518,12.550177);
#8520=LINE('',#530,#8519);
#8521=EDGE_CURVE('',#531,#747,#8520,.T.);
#8522=ORIENTED_EDGE('',*,*,#8521,.T.);
#8523=DIRECTION('',(0.45931,-0.455477,0.762611));
#8524=VECTOR('',#8523,13.112846);
#8525=LINE('',#532,#8524);
#8526=EDGE_CURVE('',#533,#747,#8525,.T.);
#8527=ORIENTED_EDGE('',*,*,#8526,.F.);
#8528=EDGE_LOOP('',(#8517,#8522,#8527));
#8529=FACE_OUTER_BOUND('',#8528,.T.);
#8530=ADVANCED_FACE('',(#8529),#8516,.T.);
#8531=DIRECTION('',(-0.751548,-0.656329,0.066393));
#8532=DIRECTION('',(0,-0.100644,-0.994922));
#8533=AXIS2_PLACEMENT_3D('',#524,#8531,#8532);
#8534=PLANE('',#8533);
#8535=DIRECTION('',(0.467089,-0.458364,0.756128));
#8536=VECTOR('',#8535,13.225269);
#8537=LINE('',#524,#8536);
#8538=EDGE_CURVE('',#525,#737,#8537,.T.);
#8539=ORIENTED_EDGE('',*,*,#8538,.T.);
#8540=DIRECTION('',(0.489519,-0.487393,0.723062));
#8541=VECTOR('',#8540,13.830066);
#8542=LINE('',#526,#8541);
#8543=EDGE_CURVE('',#527,#737,#8542,.T.);
#8544=ORIENTED_EDGE('',*,*,#8543,.F.);
#8545=ORIENTED_EDGE('',*,*,#1965,.F.);
#8546=EDGE_LOOP('',(#8539,#8544,#8545));
#8547=FACE_OUTER_BOUND('',#8546,.T.);
#8548=ADVANCED_FACE('',(#8547),#8534,.T.);
#8549=DIRECTION('',(-0.859579,-0.405049,0.311544));
#8550=DIRECTION('',(0,-0.609671,-0.792654));
#8551=AXIS2_PLACEMENT_3D('',#536,#8549,#8550);
#8552=PLANE('',#8551);
#8553=ORIENTED_EDGE('',*,*,#1975,.F.);
#8554=DIRECTION('',(0.487867,-0.469126,0.736143));
#8555=VECTOR('',#8554,13.584324);
#8556=LINE('',#522,#8555);
#8557=EDGE_CURVE('',#523,#745,#8556,.T.);
#8558=ORIENTED_EDGE('',*,*,#8557,.T.);
#8559=DIRECTION('',(0.495101,-0.509234,0.703957));
#8560=VECTOR('',#8559,14.205411);
#8561=LINE('',#536,#8560);
#8562=EDGE_CURVE('',#537,#745,#8561,.T.);
#8563=ORIENTED_EDGE('',*,*,#8562,.F.);
#8564=EDGE_LOOP('',(#8553,#8558,#8563));
#8565=FACE_OUTER_BOUND('',#8564,.T.);
#8566=ADVANCED_FACE('',(#8565),#8552,.T.);
#8567=DIRECTION('',(-0.86787,-0.328038,0.373085));
#8568=DIRECTION('',(0,-0.75099,-0.660314));
#8569=AXIS2_PLACEMENT_3D('',#744,#8567,#8568);
#8570=PLANE('',#8569);
#8571=ORIENTED_EDGE('',*,*,#6409,.F.);
#8572=DIRECTION('',(0.495672,-0.521391,0.694595));
#8573=VECTOR('',#8572,14.396889);
#8574=LINE('',#538,#8573);
#8575=EDGE_CURVE('',#539,#731,#8574,.T.);
#8576=ORIENTED_EDGE('',*,*,#8575,.F.);
#8577=ORIENTED_EDGE('',*,*,#1980,.F.);
#8578=ORIENTED_EDGE('',*,*,#8562,.T.);
#8579=EDGE_LOOP('',(#8571,#8576,#8577,#8578));
#8580=FACE_OUTER_BOUND('',#8579,.T.);
#8581=ADVANCED_FACE('',(#8580),#8570,.T.);
#8582=DIRECTION('',(-0.862136,-0.203763,0.463899));
#8583=DIRECTION('',(0,-0.915571,-0.402156));
#8584=AXIS2_PLACEMENT_3D('',#794,#8582,#8583);
#8585=PLANE('',#8584);
#8586=DIRECTION('',(0.493212,-0.547174,0.676271));
#8587=VECTOR('',#8586,14.786966);
#8588=LINE('',#520,#8587);
#8589=EDGE_CURVE('',#521,#795,#8588,.T.);
#8590=ORIENTED_EDGE('',*,*,#8589,.F.);
#8591=ORIENTED_EDGE('',*,*,#1990,.F.);
#8592=DIRECTION('',(0.498895,-0.501245,0.707006));
#8593=VECTOR('',#8592,14.144153);
#8594=LINE('',#516,#8593);
#8595=EDGE_CURVE('',#517,#795,#8594,.T.);
#8596=ORIENTED_EDGE('',*,*,#8595,.T.);
#8597=EDGE_LOOP('',(#8590,#8591,#8596));
#8598=FACE_OUTER_BOUND('',#8597,.T.);
#8599=ADVANCED_FACE('',(#8598),#8585,.T.);
#8600=DIRECTION('',(-0.852938,-0.15137,0.499583));
#8601=DIRECTION('',(0,-0.957034,-0.289974));
#8602=AXIS2_PLACEMENT_3D('',#520,#8600,#8601);
#8603=PLANE('',#8602);
#8604=ORIENTED_EDGE('',*,*,#8589,.T.);
#8605=ORIENTED_EDGE('',*,*,#6394,.T.);
#8606=DIRECTION('',(0.490346,-0.560579,0.667317));
#8607=VECTOR('',#8606,14.985378);
#8608=LINE('',#518,#8607);
#8609=EDGE_CURVE('',#519,#797,#8608,.T.);
#8610=ORIENTED_EDGE('',*,*,#8609,.F.);
#8611=ORIENTED_EDGE('',*,*,#1995,.T.);
#8612=EDGE_LOOP('',(#8604,#8605,#8610,#8611));
#8613=FACE_OUTER_BOUND('',#8612,.T.);
#8614=ADVANCED_FACE('',(#8613),#8603,.T.);
#8615=DIRECTION('',(-0.841083,-0.103768,0.530859));
#8616=DIRECTION('',(0,-0.981426,-0.191841));
#8617=AXIS2_PLACEMENT_3D('',#518,#8615,#8616);
#8618=PLANE('',#8617);
#8619=ORIENTED_EDGE('',*,*,#8609,.T.);
#8620=ORIENTED_EDGE('',*,*,#6389,.T.);
#8621=DIRECTION('',(0.486466,-0.574214,0.658505));
#8622=VECTOR('',#8621,15.185923);
#8623=LINE('',#540,#8622);
#8624=EDGE_CURVE('',#541,#799,#8623,.T.);
#8625=ORIENTED_EDGE('',*,*,#8624,.F.);
#8626=ORIENTED_EDGE('',*,*,#2000,.F.);
#8627=EDGE_LOOP('',(#8619,#8620,#8625,#8626));
#8628=FACE_OUTER_BOUND('',#8627,.T.);
#8629=ADVANCED_FACE('',(#8628),#8618,.T.);
#8630=DIRECTION('',(-0.410673,0.514968,0.752433));
#8631=DIRECTION('',(0,-0.825233,0.564793));
#8632=AXIS2_PLACEMENT_3D('',#802,#8630,#8631);
#8633=PLANE('',#8632);
#8634=DIRECTION('',(0.451569,-0.602044,0.658505));
#8635=VECTOR('',#8634,15.185922);
#8636=LINE('',#544,#8635);
#8637=EDGE_CURVE('',#545,#803,#8636,.T.);
#8638=ORIENTED_EDGE('',*,*,#8637,.F.);
#8639=ORIENTED_EDGE('',*,*,#2005,.F.);
#8640=ORIENTED_EDGE('',*,*,#8624,.T.);
#8641=ORIENTED_EDGE('',*,*,#6384,.T.);
#8642=EDGE_LOOP('',(#8638,#8639,#8640,#8641));
#8643=FACE_OUTER_BOUND('',#8642,.T.);
#8644=ADVANCED_FACE('',(#8643),#8633,.T.);
#8645=DIRECTION('',(0.288325,0.796905,0.53086));
#8646=DIRECTION('',(0,-0.554404,0.832248));
#8647=AXIS2_PLACEMENT_3D('',#542,#8645,#8646);
#8648=PLANE('',#8647);
#8649=ORIENTED_EDGE('',*,*,#2010,.T.);
#8650=DIRECTION('',(0.48299,-0.599745,0.637986));
#8651=VECTOR('',#8650,15.674314);
#8652=LINE('',#544,#8651);
#8653=EDGE_CURVE('',#545,#805,#8652,.T.);
#8654=ORIENTED_EDGE('',*,*,#8653,.T.);
#8655=DIRECTION('',(0.437411,-0.602793,0.667317));
#8656=VECTOR('',#8655,14.985378);
#8657=LINE('',#542,#8656);
#8658=EDGE_CURVE('',#543,#805,#8657,.T.);
#8659=ORIENTED_EDGE('',*,*,#8658,.F.);
#8660=EDGE_LOOP('',(#8649,#8654,#8659));
#8661=FACE_OUTER_BOUND('',#8660,.T.);
#8662=ADVANCED_FACE('',(#8661),#8648,.T.);
#8663=DIRECTION('',(0.337372,0.79787,0.499582));
#8664=DIRECTION('',(0,-0.530696,0.847562));
#8665=AXIS2_PLACEMENT_3D('',#546,#8663,#8664);
#8666=PLANE('',#8665);
#8667=ORIENTED_EDGE('',*,*,#2015,.F.);
#8668=DIRECTION('',(0.467847,-0.602627,0.646499));
#8669=VECTOR('',#8668,15.467935);
#8670=LINE('',#542,#8669);
#8671=EDGE_CURVE('',#543,#801,#8670,.T.);
#8672=ORIENTED_EDGE('',*,*,#8671,.T.);
#8673=DIRECTION('',(0.423705,-0.602604,0.676271));
#8674=VECTOR('',#8673,14.786966);
#8675=LINE('',#546,#8674);
#8676=EDGE_CURVE('',#547,#801,#8675,.T.);
#8677=ORIENTED_EDGE('',*,*,#8676,.F.);
#8678=EDGE_LOOP('',(#8667,#8672,#8677));
#8679=FACE_OUTER_BOUND('',#8678,.T.);
#8680=ADVANCED_FACE('',(#8679),#8666,.T.);
#8681=DIRECTION('',(-0.605561,0.482919,0.632523));
#8682=DIRECTION('',(0,-0.794828,0.606835));
#8683=AXIS2_PLACEMENT_3D('',#514,#8681,#8682);
#8684=PLANE('',#8683);
#8685=ORIENTED_EDGE('',*,*,#8425,.T.);
#8686=ORIENTED_EDGE('',*,*,#6449,.T.);
#8687=DIRECTION('',(0.450705,-0.446944,0.772726));
#8688=VECTOR('',#8687,12.941194);
#8689=LINE('',#530,#8688);
#8690=EDGE_CURVE('',#531,#749,#8689,.T.);
#8691=ORIENTED_EDGE('',*,*,#8690,.F.);
#8692=ORIENTED_EDGE('',*,*,#1940,.F.);
#8693=EDGE_LOOP('',(#8685,#8686,#8691,#8692));
#8694=FACE_OUTER_BOUND('',#8693,.T.);
#8695=ADVANCED_FACE('',(#8694),#8684,.T.);
#8696=DIRECTION('',(-0.704138,-0.710063,0.000001));
#8697=DIRECTION('',(0,-0.000001,-1));
#8698=AXIS2_PLACEMENT_3D('',#740,#8696,#8697);
#8699=PLANE('',#8698);
#8700=DIRECTION('',(0.46758,-0.463678,0.752577));
#8701=VECTOR('',#8700,13.287683);
#8702=LINE('',#528,#8701);
#8703=EDGE_CURVE('',#529,#741,#8702,.T.);
#8704=ORIENTED_EDGE('',*,*,#8703,.F.);
#8705=ORIENTED_EDGE('',*,*,#1950,.T.);
#8706=DIRECTION('',(0.438487,-0.434828,0.786546));
#8707=VECTOR('',#8706,12.713819);
#8708=LINE('',#532,#8707);
#8709=EDGE_CURVE('',#533,#741,#8708,.T.);
#8710=ORIENTED_EDGE('',*,*,#8709,.T.);
#8711=EDGE_LOOP('',(#8704,#8705,#8710));
#8712=FACE_OUTER_BOUND('',#8711,.T.);
#8713=ADVANCED_FACE('',(#8712),#8699,.T.);
#8714=DIRECTION('',(-0.704138,-0.710063,0));
#8715=DIRECTION('',(0,-0,-1));
#8716=AXIS2_PLACEMENT_3D('',#742,#8714,#8715);
#8717=PLANE('',#8716);
#8718=ORIENTED_EDGE('',*,*,#8503,.F.);
#8719=ORIENTED_EDGE('',*,*,#1955,.F.);
#8720=DIRECTION('',(0.447563,-0.443828,0.77634));
#8721=VECTOR('',#8720,12.880953);
#8722=LINE('',#528,#8721);
#8723=EDGE_CURVE('',#529,#739,#8722,.T.);
#8724=ORIENTED_EDGE('',*,*,#8723,.T.);
#8725=ORIENTED_EDGE('',*,*,#6429,.T.);
#8726=EDGE_LOOP('',(#8718,#8719,#8724,#8725));
#8727=FACE_OUTER_BOUND('',#8726,.T.);
#8728=ADVANCED_FACE('',(#8727),#8717,.T.);
#8729=DIRECTION('',(-0.704138,-0.710063,0));
#8730=DIRECTION('',(0,-0,-1));
#8731=AXIS2_PLACEMENT_3D('',#746,#8729,#8730);
#8732=PLANE('',#8731);
#8733=ORIENTED_EDGE('',*,*,#6439,.F.);
#8734=ORIENTED_EDGE('',*,*,#8709,.F.);
#8735=ORIENTED_EDGE('',*,*,#8526,.T.);
#8736=EDGE_LOOP('',(#8733,#8734,#8735));
#8737=FACE_OUTER_BOUND('',#8736,.T.);
#8738=ADVANCED_FACE('',(#8737),#8732,.T.);
#8739=DIRECTION('',(-0.704138,-0.710063,0));
#8740=DIRECTION('',(0,-0,-1));
#8741=AXIS2_PLACEMENT_3D('',#530,#8739,#8740);
#8742=PLANE('',#8741);
#8743=ORIENTED_EDGE('',*,*,#8690,.T.);
#8744=ORIENTED_EDGE('',*,*,#6444,.F.);
#8745=ORIENTED_EDGE('',*,*,#8521,.F.);
#8746=EDGE_LOOP('',(#8743,#8744,#8745));
#8747=FACE_OUTER_BOUND('',#8746,.T.);
#8748=ADVANCED_FACE('',(#8747),#8742,.T.);
#8749=DIRECTION('',(0.848947,0.528479,-0.000001));
#8750=DIRECTION('',(-0,0.000002,1));
#8751=AXIS2_PLACEMENT_3D('',#596,#8749,#8750);
#8752=PLANE('',#8751);
#8753=DIRECTION('',(0.372125,-0.597779,0.710059));
#8754=VECTOR('',#8753,14.083333);
#8755=LINE('',#596,#8754);
#8756=EDGE_CURVE('',#597,#757,#8755,.T.);
#8757=ORIENTED_EDGE('',*,*,#8756,.T.);
#8758=DIRECTION('',(0.353921,-0.568537,0.742634));
#8759=VECTOR('',#8758,13.465577);
#8760=LINE('',#590,#8759);
#8761=EDGE_CURVE('',#591,#757,#8760,.T.);
#8762=ORIENTED_EDGE('',*,*,#8761,.F.);
#8763=ORIENTED_EDGE('',*,*,#2050,.T.);
#8764=EDGE_LOOP('',(#8757,#8762,#8763));
#8765=FACE_OUTER_BOUND('',#8764,.T.);
#8766=ADVANCED_FACE('',(#8765),#8752,.T.);
#8767=DIRECTION('',(0.848947,0.528479,-0.000001));
#8768=DIRECTION('',(-0,0.000002,1));
#8769=AXIS2_PLACEMENT_3D('',#594,#8767,#8768);
#8770=PLANE('',#8769);
#8771=DIRECTION('',(0.348006,-0.559035,0.752577));
#8772=VECTOR('',#8771,13.287683);
#8773=LINE('',#594,#8772);
#8774=EDGE_CURVE('',#595,#753,#8773,.T.);
#8775=ORIENTED_EDGE('',*,*,#8774,.T.);
#8776=ORIENTED_EDGE('',*,*,#6329,.T.);
#8777=DIRECTION('',(0.361571,-0.580825,0.729321));
#8778=VECTOR('',#8777,13.711392);
#8779=LINE('',#594,#8778);
#8780=EDGE_CURVE('',#595,#759,#8779,.T.);
#8781=ORIENTED_EDGE('',*,*,#8780,.F.);
#8782=EDGE_LOOP('',(#8775,#8776,#8781));
#8783=FACE_OUTER_BOUND('',#8782,.T.);
#8784=ADVANCED_FACE('',(#8783),#8770,.T.);
#8785=DIRECTION('',(0.512934,0.773115,0.373084));
#8786=DIRECTION('',(0,-0.434613,0.900617));
#8787=AXIS2_PLACEMENT_3D('',#548,#8785,#8786);
#8788=PLANE('',#8787);
#8789=DIRECTION('',(0.424078,-0.60609,0.672913));
#8790=VECTOR('',#8789,14.860756);
#8791=LINE('',#548,#8790);
#8792=EDGE_CURVE('',#549,#811,#8791,.T.);
#8793=ORIENTED_EDGE('',*,*,#8792,.T.);
#8794=DIRECTION('',(0.386296,-0.596003,0.703957));
#8795=VECTOR('',#8794,14.205411);
#8796=LINE('',#600,#8795);
#8797=EDGE_CURVE('',#601,#811,#8796,.T.);
#8798=ORIENTED_EDGE('',*,*,#8797,.F.);
#8799=ORIENTED_EDGE('',*,*,#2030,.F.);
#8800=EDGE_LOOP('',(#8793,#8798,#8799));
#8801=FACE_OUTER_BOUND('',#8800,.T.);
#8802=ADVANCED_FACE('',(#8801),#8788,.T.);
#8803=DIRECTION('',(0.390496,0.795179,0.4639));
#8804=DIRECTION('',(0,-0.503908,0.863757));
#8805=AXIS2_PLACEMENT_3D('',#546,#8803,#8804);
#8806=PLANE('',#8805);
#8807=DIRECTION('',(0.452954,-0.60465,0.655158));
#8808=VECTOR('',#8807,15.263496);
#8809=LINE('',#546,#8808);
#8810=EDGE_CURVE('',#547,#807,#8809,.T.);
#8811=ORIENTED_EDGE('',*,*,#8810,.T.);
#8812=DIRECTION('',(0.410538,-0.601443,0.685365));
#8813=VECTOR('',#8812,14.590772);
#8814=LINE('',#550,#8813);
#8815=EDGE_CURVE('',#551,#807,#8814,.T.);
#8816=ORIENTED_EDGE('',*,*,#8815,.F.);
#8817=ORIENTED_EDGE('',*,*,#2020,.F.);
#8818=EDGE_LOOP('',(#8811,#8816,#8817));
#8819=FACE_OUTER_BOUND('',#8818,.T.);
#8820=ADVANCED_FACE('',(#8819),#8806,.T.);
#8821=DIRECTION('',(0.448559,0.7876,0.42247));
#8822=DIRECTION('',(0,-0.472692,0.881228));
#8823=AXIS2_PLACEMENT_3D('',#550,#8821,#8822);
#8824=PLANE('',#8823);
#8825=DIRECTION('',(0.438354,-0.605804,0.663963));
#8826=VECTOR('',#8825,15.061075);
#8827=LINE('',#550,#8826);
#8828=EDGE_CURVE('',#551,#809,#8827,.T.);
#8829=ORIENTED_EDGE('',*,*,#8828,.T.);
#8830=DIRECTION('',(0.398021,-0.599264,0.694595));
#8831=VECTOR('',#8830,14.396889);
#8832=LINE('',#548,#8831);
#8833=EDGE_CURVE('',#549,#809,#8832,.T.);
#8834=ORIENTED_EDGE('',*,*,#8833,.F.);
#8835=ORIENTED_EDGE('',*,*,#2025,.T.);
#8836=EDGE_LOOP('',(#8829,#8834,#8835));
#8837=FACE_OUTER_BOUND('',#8836,.T.);
#8838=ADVANCED_FACE('',(#8837),#8824,.T.);
#8839=DIRECTION('',(0.586166,0.747896,0.311546));
#8840=DIRECTION('',(0,-0.384534,0.923111));
#8841=AXIS2_PLACEMENT_3D('',#586,#8839,#8840);
#8842=PLANE('',#8841);
#8843=ORIENTED_EDGE('',*,*,#2035,.T.);
#8844=ORIENTED_EDGE('',*,*,#8797,.T.);
#8845=ORIENTED_EDGE('',*,*,#6354,.T.);
#8846=DIRECTION('',(0.375574,-0.591554,0.713448));
#8847=VECTOR('',#8846,14.016435);
#8848=LINE('',#586,#8847);
#8849=EDGE_CURVE('',#587,#813,#8848,.T.);
#8850=ORIENTED_EDGE('',*,*,#8849,.F.);
#8851=EDGE_LOOP('',(#8843,#8844,#8845,#8850));
#8852=FACE_OUTER_BOUND('',#8851,.T.);
#8853=ADVANCED_FACE('',(#8852),#8842,.T.);
#8854=DIRECTION('',(0.807109,0.586658,0.066393));
#8855=DIRECTION('',(0,-0.112454,0.993657));
#8856=AXIS2_PLACEMENT_3D('',#596,#8854,#8855);
#8857=PLANE('',#8856);
#8858=ORIENTED_EDGE('',*,*,#2045,.F.);
#8859=DIRECTION('',(0.380927,-0.603359,0.700608));
#8860=VECTOR('',#8859,14.273309);
#8861=LINE('',#588,#8860);
#8862=EDGE_CURVE('',#589,#755,#8861,.T.);
#8863=ORIENTED_EDGE('',*,*,#8862,.T.);
#8864=DIRECTION('',(0.359604,-0.577666,0.732794));
#8865=VECTOR('',#8864,13.646409);
#8866=LINE('',#596,#8865);
#8867=EDGE_CURVE('',#597,#755,#8866,.T.);
#8868=ORIENTED_EDGE('',*,*,#8867,.F.);
#8869=EDGE_LOOP('',(#8858,#8863,#8868));
#8870=FACE_OUTER_BOUND('',#8869,.T.);
#8871=ADVANCED_FACE('',(#8870),#8857,.T.);
#8872=DIRECTION('',(0.674689,0.702287,0.227129));
#8873=DIRECTION('',(0,-0.30772,0.951477));
#8874=AXIS2_PLACEMENT_3D('',#814,#8872,#8873);
#8875=PLANE('',#8874);
#8876=DIRECTION('',(0.366245,-0.585701,0.723062));
#8877=VECTOR('',#8876,13.830066);
#8878=LINE('',#588,#8877);
#8879=EDGE_CURVE('',#589,#815,#8878,.T.);
#8880=ORIENTED_EDGE('',*,*,#8879,.F.);
#8881=ORIENTED_EDGE('',*,*,#2040,.F.);
#8882=DIRECTION('',(0.396288,-0.604271,0.69124));
#8883=VECTOR('',#8882,14.466761);
#8884=LINE('',#586,#8883);
#8885=EDGE_CURVE('',#587,#815,#8884,.T.);
#8886=ORIENTED_EDGE('',*,*,#8885,.T.);
#8887=EDGE_LOOP('',(#8880,#8881,#8886));
#8888=FACE_OUTER_BOUND('',#8887,.T.);
#8889=ADVANCED_FACE('',(#8888),#8875,.T.);
#8890=DIRECTION('',(0.848946,0.52848,0));
#8891=DIRECTION('',(0,0,1));
#8892=AXIS2_PLACEMENT_3D('',#758,#8890,#8891);
#8893=PLANE('',#8892);
#8894=ORIENTED_EDGE('',*,*,#6324,.F.);
#8895=DIRECTION('',(0.335447,-0.53886,0.772726));
#8896=VECTOR('',#8895,12.941194);
#8897=LINE('',#584,#8896);
#8898=EDGE_CURVE('',#585,#751,#8897,.T.);
#8899=ORIENTED_EDGE('',*,*,#8898,.F.);
#8900=ORIENTED_EDGE('',*,*,#2065,.T.);
#8901=DIRECTION('',(0.341851,-0.549147,0.762611));
#8902=VECTOR('',#8901,13.112847);
#8903=LINE('',#592,#8902);
#8904=EDGE_CURVE('',#593,#759,#8903,.T.);
#8905=ORIENTED_EDGE('',*,*,#8904,.T.);
#8906=EDGE_LOOP('',(#8894,#8899,#8900,#8905));
#8907=FACE_OUTER_BOUND('',#8906,.T.);
#8908=ADVANCED_FACE('',(#8907),#8893,.T.);
#8909=DIRECTION('',(0.848946,0.52848,0));
#8910=DIRECTION('',(0,0,1));
#8911=AXIS2_PLACEMENT_3D('',#752,#8909,#8910);
#8912=PLANE('',#8911);
#8913=ORIENTED_EDGE('',*,*,#8774,.F.);
#8914=ORIENTED_EDGE('',*,*,#2055,.F.);
#8915=ORIENTED_EDGE('',*,*,#8761,.T.);
#8916=ORIENTED_EDGE('',*,*,#6334,.F.);
#8917=EDGE_LOOP('',(#8913,#8914,#8915,#8916));
#8918=FACE_OUTER_BOUND('',#8917,.T.);
#8919=ADVANCED_FACE('',(#8918),#8912,.T.);
#8920=DIRECTION('',(0.848946,0.52848,0));
#8921=DIRECTION('',(0,0,1));
#8922=AXIS2_PLACEMENT_3D('',#754,#8920,#8921);
#8923=PLANE('',#8922);
#8924=ORIENTED_EDGE('',*,*,#6339,.T.);
#8925=ORIENTED_EDGE('',*,*,#8756,.F.);
#8926=ORIENTED_EDGE('',*,*,#8867,.T.);
#8927=EDGE_LOOP('',(#8924,#8925,#8926));
#8928=FACE_OUTER_BOUND('',#8927,.T.);
#8929=ADVANCED_FACE('',(#8928),#8923,.T.);
#8930=DIRECTION('',(0.848946,0.52848,0.000001));
#8931=DIRECTION('',(0,-0.000002,1));
#8932=AXIS2_PLACEMENT_3D('',#594,#8930,#8931);
#8933=PLANE('',#8932);
#8934=ORIENTED_EDGE('',*,*,#8780,.T.);
#8935=ORIENTED_EDGE('',*,*,#8904,.F.);
#8936=ORIENTED_EDGE('',*,*,#2060,.T.);
#8937=EDGE_LOOP('',(#8934,#8935,#8936));
#8938=FACE_OUTER_BOUND('',#8937,.T.);
#8939=ADVANCED_FACE('',(#8938),#8933,.T.);
#8940=DIRECTION('',(-0.336061,0.697838,0.632523));
#8941=DIRECTION('',(0,-0.671582,0.74093));
#8942=AXIS2_PLACEMENT_3D('',#584,#8940,#8941);
#8943=PLANE('',#8942);
#8944=ORIENTED_EDGE('',*,*,#8898,.T.);
#8945=ORIENTED_EDGE('',*,*,#6319,.T.);
#8946=DIRECTION('',(0.21215,-0.598236,0.772726));
#8947=VECTOR('',#8946,12.941194);
#8948=LINE('',#622,#8947);
#8949=EDGE_CURVE('',#623,#793,#8948,.T.);
#8950=ORIENTED_EDGE('',*,*,#8949,.F.);
#8951=ORIENTED_EDGE('',*,*,#2070,.F.);
#8952=EDGE_LOOP('',(#8944,#8945,#8950,#8951));
#8953=FACE_OUTER_BOUND('',#8952,.T.);
#8954=ADVANCED_FACE('',(#8953),#8943,.T.);
#8955=DIRECTION('',(-0.969732,-0.089624,0.227129));
#8956=DIRECTION('',(0.228047,-0,0.97365));
#8957=AXIS2_PLACEMENT_3D('',#820,#8955,#8956);
#8958=PLANE('',#8957);
#8959=DIRECTION('',(0.228329,-0.662463,0.713448));
#8960=VECTOR('',#8959,14.016435);
#8961=LINE('',#608,#8960);
#8962=EDGE_CURVE('',#609,#821,#8961,.T.);
#8963=ORIENTED_EDGE('',*,*,#8962,.F.);
#8964=ORIENTED_EDGE('',*,*,#2100,.F.);
#8965=DIRECTION('',(0.232416,-0.62397,0.746086));
#8966=VECTOR('',#8965,13.403284);
#8967=LINE('',#606,#8966);
#8968=EDGE_CURVE('',#607,#821,#8967,.T.);
#8969=ORIENTED_EDGE('',*,*,#8968,.T.);
#8970=EDGE_LOOP('',(#8963,#8964,#8969));
#8971=FACE_OUTER_BOUND('',#8970,.T.);
#8972=ADVANCED_FACE('',(#8971),#8958,.T.);
#8973=DIRECTION('',(-0.950197,0.008022,0.311546));
#8974=DIRECTION('',(0.311556,-0,0.950228));
#8975=AXIS2_PLACEMENT_3D('',#608,#8973,#8974);
#8976=PLANE('',#8975);
#8977=DIRECTION('',(0.236007,-0.634346,0.736143));
#8978=VECTOR('',#8977,13.584324);
#8979=LINE('',#608,#8978);
#8980=EDGE_CURVE('',#609,#823,#8979,.T.);
#8981=ORIENTED_EDGE('',*,*,#8980,.T.);
#8982=DIRECTION('',(0.225123,-0.67362,0.703957));
#8983=VECTOR('',#8982,14.205411);
#8984=LINE('',#610,#8983);
#8985=EDGE_CURVE('',#611,#823,#8984,.T.);
#8986=ORIENTED_EDGE('',*,*,#8985,.F.);
#8987=ORIENTED_EDGE('',*,*,#2105,.F.);
#8988=EDGE_LOOP('',(#8981,#8986,#8987));
#8989=FACE_OUTER_BOUND('',#8988,.T.);
#8990=ADVANCED_FACE('',(#8989),#8976,.T.);
#8991=DIRECTION('',(-0.924255,0.081001,0.373084));
#8992=DIRECTION('',(0.374314,-0,0.927302));
#8993=AXIS2_PLACEMENT_3D('',#824,#8991,#8992);
#8994=PLANE('',#8993);
#8995=DIRECTION('',(0.220362,-0.684821,0.694594));
#8996=VECTOR('',#8995,14.39689);
#8997=LINE('',#612,#8996);
#8998=EDGE_CURVE('',#613,#825,#8997,.T.);
#8999=ORIENTED_EDGE('',*,*,#8998,.F.);
#9000=ORIENTED_EDGE('',*,*,#2110,.F.);
#9001=DIRECTION('',(0.236623,-0.645355,0.72631));
#9002=VECTOR('',#9001,13.768221);
#9003=LINE('',#610,#9002);
#9004=EDGE_CURVE('',#611,#825,#9003,.T.);
#9005=ORIENTED_EDGE('',*,*,#9004,.T.);
#9006=EDGE_LOOP('',(#8999,#9000,#9005));
#9007=FACE_OUTER_BOUND('',#9006,.T.);
#9008=ADVANCED_FACE('',(#9007),#8994,.T.);
#9009=DIRECTION('',(-0.942491,-0.334231,-0));
#9010=DIRECTION('',(0,0,1));
#9011=AXIS2_PLACEMENT_3D('',#826,#9009,#9010);
#9012=PLANE('',#9011);
#9013=ORIENTED_EDGE('',*,*,#6309,.T.);
#9014=ORIENTED_EDGE('',*,*,#6304,.T.);
#9015=DIRECTION('',(0.223834,-0.631184,0.742634));
#9016=VECTOR('',#9015,13.465576);
#9017=LINE('',#604,#9016);
#9018=EDGE_CURVE('',#605,#831,#9017,.T.);
#9019=ORIENTED_EDGE('',*,*,#9018,.F.);
#9020=ORIENTED_EDGE('',*,*,#2085,.F.);
#9021=ORIENTED_EDGE('',*,*,#2080,.T.);
#9022=ORIENTED_EDGE('',*,*,#2075,.F.);
#9023=ORIENTED_EDGE('',*,*,#8949,.T.);
#9024=ORIENTED_EDGE('',*,*,#6314,.T.);
#9025=EDGE_LOOP('',(#9013,#9014,#9019,#9020,#9021,#9022,#9023,#9024));
#9026=FACE_OUTER_BOUND('',#9025,.T.);
#9027=ADVANCED_FACE('',(#9026),#9012,.T.);
#9028=DIRECTION('',(-0.942491,-0.334231,-0));
#9029=DIRECTION('',(0,0,1));
#9030=AXIS2_PLACEMENT_3D('',#816,#9028,#9029);
#9031=PLANE('',#9030);
#9032=DIRECTION('',(0.227428,-0.641319,0.732793));
#9033=VECTOR('',#9032,13.646409);
#9034=LINE('',#602,#9033);
#9035=EDGE_CURVE('',#603,#817,#9034,.T.);
#9036=ORIENTED_EDGE('',*,*,#9035,.F.);
#9037=ORIENTED_EDGE('',*,*,#2090,.T.);
#9038=DIRECTION('',(0.214778,-0.605648,0.766199));
#9039=VECTOR('',#9038,13.051443);
#9040=LINE('',#604,#9039);
#9041=EDGE_CURVE('',#605,#817,#9040,.T.);
#9042=ORIENTED_EDGE('',*,*,#9041,.T.);
#9043=EDGE_LOOP('',(#9036,#9037,#9042));
#9044=FACE_OUTER_BOUND('',#9043,.T.);
#9045=ADVANCED_FACE('',(#9044),#9031,.T.);
#9046=DIRECTION('',(-0.961892,-0.265248,0.066393));
#9047=DIRECTION('',(0.06886,-0,0.997626));
#9048=AXIS2_PLACEMENT_3D('',#606,#9046,#9047);
#9049=PLANE('',#9048);
#9050=ORIENTED_EDGE('',*,*,#2095,.F.);
#9051=DIRECTION('',(0.221956,-0.615634,0.756128));
#9052=VECTOR('',#9051,13.225269);
#9053=LINE('',#602,#9052);
#9054=EDGE_CURVE('',#603,#819,#9053,.T.);
#9055=ORIENTED_EDGE('',*,*,#9054,.T.);
#9056=DIRECTION('',(0.229569,-0.65152,0.723062));
#9057=VECTOR('',#9056,13.830065);
#9058=LINE('',#606,#9057);
#9059=EDGE_CURVE('',#607,#819,#9058,.T.);
#9060=ORIENTED_EDGE('',*,*,#9059,.F.);
#9061=EDGE_LOOP('',(#9050,#9055,#9060));
#9062=FACE_OUTER_BOUND('',#9061,.T.);
#9063=ADVANCED_FACE('',(#9062),#9049,.T.);
#9064=DIRECTION('',(0.994173,0.1078,0));
#9065=DIRECTION('',(0,0,-1));
#9066=AXIS2_PLACEMENT_3D('',#846,#9064,#9065);
#9067=PLANE('',#9066);
#9068=DIRECTION('',(0.068425,-0.631041,0.772726));
#9069=VECTOR('',#9068,12.941194);
#9070=LINE('',#626,#9069);
#9071=EDGE_CURVE('',#627,#847,#9070,.T.);
#9072=ORIENTED_EDGE('',*,*,#9071,.F.);
#9073=ORIENTED_EDGE('',*,*,#2195,.T.);
#9074=ORIENTED_EDGE('',*,*,#2190,.T.);
#9075=ORIENTED_EDGE('',*,*,#2185,.T.);
#9076=DIRECTION('',(0.074852,-0.690311,0.71963));
#9077=VECTOR('',#9076,13.896026);
#9078=LINE('',#640,#9077);
#9079=EDGE_CURVE('',#641,#851,#9078,.T.);
#9080=ORIENTED_EDGE('',*,*,#9079,.T.);
#9081=ORIENTED_EDGE('',*,*,#6199,.F.);
#9082=ORIENTED_EDGE('',*,*,#6194,.F.);
#9083=EDGE_LOOP('',(#9072,#9073,#9074,#9075,#9080,#9081,#9082));
#9084=FACE_OUTER_BOUND('',#9083,.T.);
#9085=ADVANCED_FACE('',(#9084),#9067,.T.);
#9086=DIRECTION('',(0.994173,0.1078,0));
#9087=DIRECTION('',(0,0,-1));
#9088=AXIS2_PLACEMENT_3D('',#854,#9086,#9087);
#9089=PLANE('',#9088);
#9090=ORIENTED_EDGE('',*,*,#6209,.F.);
#9091=DIRECTION('',(0.072193,-0.665795,0.742634));
#9092=VECTOR('',#9091,13.465577);
#9093=LINE('',#640,#9092);
#9094=EDGE_CURVE('',#641,#853,#9093,.T.);
#9095=ORIENTED_EDGE('',*,*,#9094,.F.);
#9096=ORIENTED_EDGE('',*,*,#2180,.T.);
#9097=DIRECTION('',(0.073352,-0.676486,0.732794));
#9098=VECTOR('',#9097,13.646409);
#9099=LINE('',#644,#9098);
#9100=EDGE_CURVE('',#645,#855,#9099,.T.);
#9101=ORIENTED_EDGE('',*,*,#9100,.T.);
#9102=EDGE_LOOP('',(#9090,#9095,#9096,#9101));
#9103=FACE_OUTER_BOUND('',#9102,.T.);
#9104=ADVANCED_FACE('',(#9103),#9089,.T.);
#9105=DIRECTION('',(0.981721,0.178368,0.066393));
#9106=DIRECTION('',(0.067475,0,-0.997721));
#9107=AXIS2_PLACEMENT_3D('',#854,#9105,#9106);
#9108=PLANE('',#9107);
#9109=ORIENTED_EDGE('',*,*,#9100,.F.);
#9110=ORIENTED_EDGE('',*,*,#2175,.T.);
#9111=DIRECTION('',(0.081416,-0.708886,0.700608));
#9112=VECTOR('',#9111,14.273309);
#9113=LINE('',#646,#9112);
#9114=EDGE_CURVE('',#647,#855,#9113,.T.);
#9115=ORIENTED_EDGE('',*,*,#9114,.T.);
#9116=EDGE_LOOP('',(#9109,#9110,#9115));
#9117=FACE_OUTER_BOUND('',#9116,.T.);
#9118=ADVANCED_FACE('',(#9117),#9108,.T.);
#9119=DIRECTION('',(-0.895443,0.140363,0.42247));
#9120=DIRECTION('',(0,-0.948993,0.315297));
#9121=AXIS2_PLACEMENT_3D('',#614,#9119,#9120);
#9122=PLANE('',#9121);
#9123=ORIENTED_EDGE('',*,*,#2115,.F.);
#9124=DIRECTION('',(0.235158,-0.656652,0.716596));
#9125=VECTOR('',#9124,13.954867);
#9126=LINE('',#612,#9125);
#9127=EDGE_CURVE('',#613,#833,#9126,.T.);
#9128=ORIENTED_EDGE('',*,*,#9127,.T.);
#9129=DIRECTION('',(0.21426,-0.695965,0.685365));
#9130=VECTOR('',#9129,14.590773);
#9131=LINE('',#614,#9130);
#9132=EDGE_CURVE('',#615,#833,#9131,.T.);
#9133=ORIENTED_EDGE('',*,*,#9132,.F.);
#9134=EDGE_LOOP('',(#9123,#9128,#9133));
#9135=FACE_OUTER_BOUND('',#9134,.T.);
#9136=ADVANCED_FACE('',(#9135),#9122,.T.);
#9137=DIRECTION('',(-0.865166,0.190484,0.4639));
#9138=DIRECTION('',(0,-0.925052,0.37984));
#9139=AXIS2_PLACEMENT_3D('',#614,#9137,#9138);
#9140=PLANE('',#9139);
#9141=ORIENTED_EDGE('',*,*,#9132,.T.);
#9142=ORIENTED_EDGE('',*,*,#6269,.T.);
#9143=DIRECTION('',(0.206959,-0.706983,0.676271));
#9144=VECTOR('',#9143,14.786965);
#9145=LINE('',#616,#9144);
#9146=EDGE_CURVE('',#617,#835,#9145,.T.);
#9147=ORIENTED_EDGE('',*,*,#9146,.F.);
#9148=ORIENTED_EDGE('',*,*,#2120,.F.);
#9149=EDGE_LOOP('',(#9141,#9142,#9147,#9148));
#9150=FACE_OUTER_BOUND('',#9149,.T.);
#9151=ADVANCED_FACE('',(#9150),#9140,.T.);
#9152=DIRECTION('',(-0.834149,0.233696,0.499582));
#9153=DIRECTION('',(0,-0.905795,0.423716));
#9154=AXIS2_PLACEMENT_3D('',#836,#9152,#9153);
#9155=PLANE('',#9154);
#9156=DIRECTION('',(0.198561,-0.717817,0.667317));
#9157=VECTOR('',#9156,14.985378);
#9158=LINE('',#618,#9157);
#9159=EDGE_CURVE('',#619,#837,#9158,.T.);
#9160=ORIENTED_EDGE('',*,*,#9159,.F.);
#9161=ORIENTED_EDGE('',*,*,#2125,.F.);
#9162=DIRECTION('',(0.2274,-0.679499,0.697546));
#9163=VECTOR('',#9162,14.335978);
#9164=LINE('',#616,#9163);
#9165=EDGE_CURVE('',#617,#837,#9164,.T.);
#9166=ORIENTED_EDGE('',*,*,#9165,.T.);
#9167=EDGE_LOOP('',(#9160,#9161,#9166));
#9168=FACE_OUTER_BOUND('',#9167,.T.);
#9169=ADVANCED_FACE('',(#9168),#9155,.T.);
#9170=DIRECTION('',(0.650144,0.572477,0.499583));
#9171=DIRECTION('',(0,-0.657509,0.753446));
#9172=AXIS2_PLACEMENT_3D('',#858,#9170,#9171);
#9173=PLANE('',#9172);
#9174=DIRECTION('',(0.120285,-0.726766,0.676271));
#9175=VECTOR('',#9174,14.786966);
#9176=LINE('',#634,#9175);
#9177=EDGE_CURVE('',#635,#859,#9176,.T.);
#9178=ORIENTED_EDGE('',*,*,#9177,.F.);
#9179=ORIENTED_EDGE('',*,*,#2145,.F.);
#9180=DIRECTION('',(0.160046,-0.745939,0.646499));
#9181=VECTOR('',#9180,15.467933);
#9182=LINE('',#632,#9181);
#9183=EDGE_CURVE('',#633,#859,#9182,.T.);
#9184=ORIENTED_EDGE('',*,*,#9183,.T.);
#9185=EDGE_LOOP('',(#9178,#9179,#9184));
#9186=FACE_OUTER_BOUND('',#9185,.T.);
#9187=ADVANCED_FACE('',(#9186),#9173,.T.);
#9188=DIRECTION('',(0.696841,0.547001,0.4639));
#9189=DIRECTION('',(0,-0.646797,0.762662));
#9190=AXIS2_PLACEMENT_3D('',#634,#9188,#9189);
#9191=PLANE('',#9190);
#9192=ORIENTED_EDGE('',*,*,#9177,.T.);
#9193=ORIENTED_EDGE('',*,*,#6239,.F.);
#9194=DIRECTION('',(0.108926,-0.720007,0.685365));
#9195=VECTOR('',#9194,14.590772);
#9196=LINE('',#630,#9195);
#9197=EDGE_CURVE('',#631,#857,#9196,.T.);
#9198=ORIENTED_EDGE('',*,*,#9197,.F.);
#9199=ORIENTED_EDGE('',*,*,#2150,.T.);
#9200=EDGE_LOOP('',(#9192,#9193,#9198,#9199));
#9201=FACE_OUTER_BOUND('',#9200,.T.);
#9202=ADVANCED_FACE('',(#9201),#9191,.T.);
#9203=DIRECTION('',(-0.802812,0.271441,0.53086));
#9204=DIRECTION('',(0,-0.890358,0.455261));
#9205=AXIS2_PLACEMENT_3D('',#838,#9203,#9204);
#9206=PLANE('',#9205);
#9207=DIRECTION('',(0.189149,-0.728419,0.658505));
#9208=VECTOR('',#9207,15.185923);
#9209=LINE('',#620,#9208);
#9210=EDGE_CURVE('',#621,#839,#9209,.T.);
#9211=ORIENTED_EDGE('',*,*,#9210,.F.);
#9212=ORIENTED_EDGE('',*,*,#2130,.F.);
#9213=ORIENTED_EDGE('',*,*,#9159,.T.);
#9214=ORIENTED_EDGE('',*,*,#6259,.T.);
#9215=EDGE_LOOP('',(#9211,#9212,#9213,#9214));
#9216=FACE_OUTER_BOUND('',#9215,.T.);
#9217=ADVANCED_FACE('',(#9216),#9206,.T.);
#9218=DIRECTION('',(-0.146568,0.642154,0.752433));
#9219=DIRECTION('',(0,-0.760648,0.649165));
#9220=AXIS2_PLACEMENT_3D('',#620,#9218,#9219);
#9221=PLANE('',#9220);
#9222=ORIENTED_EDGE('',*,*,#9210,.T.);
#9223=ORIENTED_EDGE('',*,*,#6254,.T.);
#9224=DIRECTION('',(0.145632,-0.738352,0.658505));
#9225=VECTOR('',#9224,15.185924);
#9226=LINE('',#628,#9225);
#9227=EDGE_CURVE('',#629,#841,#9226,.T.);
#9228=ORIENTED_EDGE('',*,*,#9227,.F.);
#9229=ORIENTED_EDGE('',*,*,#2135,.F.);
#9230=EDGE_LOOP('',(#9222,#9223,#9228,#9229));
#9231=FACE_OUTER_BOUND('',#9230,.T.);
#9232=ADVANCED_FACE('',(#9231),#9221,.T.);
#9233=DIRECTION('',(0.605537,0.592886,0.530858));
#9234=DIRECTION('',(0,-0.667061,0.745003));
#9235=AXIS2_PLACEMENT_3D('',#864,#9233,#9234);
#9236=PLANE('',#9235);
#9237=DIRECTION('',(0.132552,-0.732883,0.667317));
#9238=VECTOR('',#9237,14.985376);
#9239=LINE('',#632,#9238);
#9240=EDGE_CURVE('',#633,#865,#9239,.T.);
#9241=ORIENTED_EDGE('',*,*,#9240,.F.);
#9242=ORIENTED_EDGE('',*,*,#2140,.F.);
#9243=DIRECTION('',(0.17494,-0.749913,0.637986));
#9244=VECTOR('',#9243,15.674315);
#9245=LINE('',#628,#9244);
#9246=EDGE_CURVE('',#629,#865,#9245,.T.);
#9247=ORIENTED_EDGE('',*,*,#9246,.T.);
#9248=EDGE_LOOP('',(#9241,#9242,#9247));
#9249=FACE_OUTER_BOUND('',#9248,.T.);
#9250=ADVANCED_FACE('',(#9249),#9236,.T.);
#9251=DIRECTION('',(0.852618,0.419502,0.311545));
#9252=DIRECTION('',(0,-0.596219,0.802822));
#9253=AXIS2_PLACEMENT_3D('',#862,#9251,#9252);
#9254=PLANE('',#9253);
#9255=ORIENTED_EDGE('',*,*,#6224,.F.);
#9256=DIRECTION('',(0.081715,-0.695927,0.713448));
#9257=VECTOR('',#9256,14.016435);
#9258=LINE('',#642,#9257);
#9259=EDGE_CURVE('',#643,#845,#9258,.T.);
#9260=ORIENTED_EDGE('',*,*,#9259,.F.);
#9261=ORIENTED_EDGE('',*,*,#2165,.T.);
#9262=DIRECTION('',(0.089444,-0.704588,0.703957));
#9263=VECTOR('',#9262,14.20541);
#9264=LINE('',#648,#9263);
#9265=EDGE_CURVE('',#649,#863,#9264,.T.);
#9266=ORIENTED_EDGE('',*,*,#9265,.T.);
#9267=EDGE_LOOP('',(#9255,#9260,#9261,#9266));
#9268=FACE_OUTER_BOUND('',#9267,.T.);
#9269=ADVANCED_FACE('',(#9268),#9254,.T.);
#9270=DIRECTION('',(0.797581,0.473998,0.373083));
#9271=DIRECTION('',(0,-0.618494,0.78579));
#9272=AXIS2_PLACEMENT_3D('',#648,#9270,#9271);
#9273=PLANE('',#9272);
#9274=ORIENTED_EDGE('',*,*,#2160,.T.);
#9275=DIRECTION('',(0.119109,-0.730069,0.672913));
#9276=VECTOR('',#9275,14.860757);
#9277=LINE('',#650,#9276);
#9278=EDGE_CURVE('',#651,#863,#9277,.T.);
#9279=ORIENTED_EDGE('',*,*,#9278,.T.);
#9280=ORIENTED_EDGE('',*,*,#9265,.F.);
#9281=EDGE_LOOP('',(#9274,#9279,#9280));
#9282=FACE_OUTER_BOUND('',#9281,.T.);
#9283=ADVANCED_FACE('',(#9282),#9273,.T.);
#9284=DIRECTION('',(0.912584,0.340003,0.22713));
#9285=DIRECTION('',(0.241519,0,-0.970396));
#9286=AXIS2_PLACEMENT_3D('',#642,#9284,#9285);
#9287=PLANE('',#9286);
#9288=ORIENTED_EDGE('',*,*,#9259,.T.);
#9289=ORIENTED_EDGE('',*,*,#6219,.F.);
#9290=DIRECTION('',(0.075849,-0.686606,0.723062));
#9291=VECTOR('',#9290,13.830066);
#9292=LINE('',#646,#9291);
#9293=EDGE_CURVE('',#647,#843,#9292,.T.);
#9294=ORIENTED_EDGE('',*,*,#9293,.F.);
#9295=ORIENTED_EDGE('',*,*,#2170,.F.);
#9296=EDGE_LOOP('',(#9288,#9289,#9294,#9295));
#9297=FACE_OUTER_BOUND('',#9296,.T.);
#9298=ADVANCED_FACE('',(#9297),#9287,.T.);
#9299=DIRECTION('',(0.745864,0.514981,0.42247));
#9300=DIRECTION('',(0,-0.634246,0.773131));
#9301=AXIS2_PLACEMENT_3D('',#860,#9299,#9300);
#9302=PLANE('',#9301);
#9303=DIRECTION('',(0.098593,-0.712613,0.694594));
#9304=VECTOR('',#9303,14.39689);
#9305=LINE('',#650,#9304);
#9306=EDGE_CURVE('',#651,#861,#9305,.T.);
#9307=ORIENTED_EDGE('',*,*,#9306,.F.);
#9308=ORIENTED_EDGE('',*,*,#2155,.F.);
#9309=ORIENTED_EDGE('',*,*,#9197,.T.);
#9310=ORIENTED_EDGE('',*,*,#6234,.T.);
#9311=EDGE_LOOP('',(#9307,#9308,#9309,#9310));
#9312=FACE_OUTER_BOUND('',#9311,.T.);
#9313=ADVANCED_FACE('',(#9312),#9302,.T.);
#9314=DIRECTION('',(-0.413452,0.761233,0.499582));
#9315=DIRECTION('',(0,-0.548674,0.836036));
#9316=AXIS2_PLACEMENT_3D('',#440,#9314,#9315);
#9317=PLANE('',#9316);
#9318=ORIENTED_EDGE('',*,*,#7876,.T.);
#9319=ORIENTED_EDGE('',*,*,#6634,.T.);
#9320=ORIENTED_EDGE('',*,*,#7897,.F.);
#9321=EDGE_LOOP('',(#9318,#9319,#9320));
#9322=FACE_OUTER_BOUND('',#9321,.T.);
#9323=ADVANCED_FACE('',(#9322),#9317,.T.);
#9324=DIRECTION('',(-0.378226,0.801088,0.463901));
#9325=DIRECTION('',(0,-0.501128,0.865373));
#9326=AXIS2_PLACEMENT_3D('',#656,#9324,#9325);
#9327=PLANE('',#9326);
#9328=ORIENTED_EDGE('',*,*,#6629,.T.);
#9329=ORIENTED_EDGE('',*,*,#7910,.F.);
#9330=ORIENTED_EDGE('',*,*,#7891,.T.);
#9331=EDGE_LOOP('',(#9328,#9329,#9330));
#9332=FACE_OUTER_BOUND('',#9331,.T.);
#9333=ADVANCED_FACE('',(#9332),#9327,.T.);
#9334=DIRECTION('',(-0.336098,0.841759,0.422469));
#9335=DIRECTION('',(0,-0.448563,0.893751));
#9336=AXIS2_PLACEMENT_3D('',#660,#9334,#9335);
#9337=PLANE('',#9336);
#9338=ORIENTED_EDGE('',*,*,#7933,.F.);
#9339=ORIENTED_EDGE('',*,*,#7915,.T.);
#9340=ORIENTED_EDGE('',*,*,#6624,.T.);
#9341=EDGE_LOOP('',(#9338,#9339,#9340));
#9342=FACE_OUTER_BOUND('',#9341,.T.);
#9343=ADVANCED_FACE('',(#9342),#9337,.T.);
#9344=DIRECTION('',(-0.284637,0.883057,0.373084));
#9345=DIRECTION('',(0,-0.389182,0.921161));
#9346=AXIS2_PLACEMENT_3D('',#660,#9344,#9345);
#9347=PLANE('',#9346);
#9348=ORIENTED_EDGE('',*,*,#6619,.T.);
#9349=ORIENTED_EDGE('',*,*,#7946,.F.);
#9350=ORIENTED_EDGE('',*,*,#7927,.T.);
#9351=EDGE_LOOP('',(#9348,#9349,#9350));
#9352=FACE_OUTER_BOUND('',#9351,.T.);
#9353=ADVANCED_FACE('',(#9352),#9347,.T.);
#9354=DIRECTION('',(-0.219259,0.924589,0.311546));
#9355=DIRECTION('',(0,-0.319316,0.947648));
#9356=AXIS2_PLACEMENT_3D('',#664,#9354,#9355);
#9357=PLANE('',#9356);
#9358=ORIENTED_EDGE('',*,*,#7969,.F.);
#9359=ORIENTED_EDGE('',*,*,#7951,.T.);
#9360=ORIENTED_EDGE('',*,*,#6614,.T.);
#9361=EDGE_LOOP('',(#9358,#9359,#9360));
#9362=FACE_OUTER_BOUND('',#9361,.T.);
#9363=ADVANCED_FACE('',(#9362),#9357,.T.);
#9364=DIRECTION('',(-0.598711,-0.737892,0.311546));
#9365=DIRECTION('',(0,-0.388963,-0.921253));
#9366=AXIS2_PLACEMENT_3D('',#682,#9364,#9365);
#9367=PLANE('',#9366);
#9368=ORIENTED_EDGE('',*,*,#8246,.F.);
#9369=ORIENTED_EDGE('',*,*,#8269,.T.);
#9370=ORIENTED_EDGE('',*,*,#6544,.F.);
#9371=EDGE_LOOP('',(#9368,#9369,#9370));
#9372=FACE_OUTER_BOUND('',#9371,.T.);
#9373=ADVANCED_FACE('',(#9372),#9367,.T.);
#9374=DIRECTION('',(-0.534547,-0.814046,0.22713));
#9375=DIRECTION('',(0,-0.268749,-0.96321));
#9376=AXIS2_PLACEMENT_3D('',#684,#9374,#9375);
#9377=PLANE('',#9376);
#9378=ORIENTED_EDGE('',*,*,#8264,.F.);
#9379=ORIENTED_EDGE('',*,*,#8192,.T.);
#9380=ORIENTED_EDGE('',*,*,#6549,.F.);
#9381=EDGE_LOOP('',(#9378,#9379,#9380));
#9382=FACE_OUTER_BOUND('',#9381,.T.);
#9383=ADVANCED_FACE('',(#9382),#9377,.T.);
#9384=DIRECTION('',(0.116128,0.993234,-0));
#9385=DIRECTION('',(-0,0,1));
#9386=AXIS2_PLACEMENT_3D('',#676,#9384,#9385);
#9387=PLANE('',#9386);
#9388=ORIENTED_EDGE('',*,*,#6589,.F.);
#9389=ORIENTED_EDGE('',*,*,#8180,.F.);
#9390=ORIENTED_EDGE('',*,*,#8155,.T.);
#9391=EDGE_LOOP('',(#9388,#9389,#9390));
#9392=FACE_OUTER_BOUND('',#9391,.T.);
#9393=ADVANCED_FACE('',(#9392),#9387,.T.);
#9394=DIRECTION('',(-0.392349,-0.917417,0.066392));
#9395=DIRECTION('',(0,-0.07218,-0.997392));
#9396=AXIS2_PLACEMENT_3D('',#690,#9394,#9395);
#9397=PLANE('',#9396);
#9398=ORIENTED_EDGE('',*,*,#8198,.F.);
#9399=ORIENTED_EDGE('',*,*,#8219,.T.);
#9400=ORIENTED_EDGE('',*,*,#6554,.F.);
#9401=EDGE_LOOP('',(#9398,#9399,#9400));
#9402=FACE_OUTER_BOUND('',#9401,.T.);
#9403=ADVANCED_FACE('',(#9402),#9397,.T.);
#9404=DIRECTION('',(-0.702794,-0.506457,0.499582));
#9405=DIRECTION('',(0,-0.702258,-0.711922));
#9406=AXIS2_PLACEMENT_3D('',#698,#9404,#9405);
#9407=PLANE('',#9406);
#9408=ORIENTED_EDGE('',*,*,#6524,.F.);
#9409=ORIENTED_EDGE('',*,*,#8074,.F.);
#9410=ORIENTED_EDGE('',*,*,#8055,.T.);
#9411=EDGE_LOOP('',(#9408,#9409,#9410));
#9412=FACE_OUTER_BOUND('',#9411,.T.);
#9413=ADVANCED_FACE('',(#9412),#9407,.T.);
#9414=DIRECTION('',(-0.688349,-0.557649,0.463901));
#9415=DIRECTION('',(0,-0.639528,-0.768768));
#9416=AXIS2_PLACEMENT_3D('',#680,#9414,#9415);
#9417=PLANE('',#9416);
#9418=ORIENTED_EDGE('',*,*,#6529,.T.);
#9419=ORIENTED_EDGE('',*,*,#8050,.F.);
#9420=ORIENTED_EDGE('',*,*,#8014,.T.);
#9421=EDGE_LOOP('',(#9418,#9419,#9420));
#9422=FACE_OUTER_BOUND('',#9421,.T.);
#9423=ADVANCED_FACE('',(#9422),#9417,.T.);
#9424=DIRECTION('',(-0.712766,-0.458424,0.53086));
#9425=DIRECTION('',(0,-0.756855,-0.653582));
#9426=AXIS2_PLACEMENT_3D('',#464,#9424,#9425);
#9427=PLANE('',#9426);
#9428=ORIENTED_EDGE('',*,*,#8068,.T.);
#9429=ORIENTED_EDGE('',*,*,#6519,.T.);
#9430=ORIENTED_EDGE('',*,*,#8002,.F.);
#9431=EDGE_LOOP('',(#9428,#9429,#9430));
#9432=FACE_OUTER_BOUND('',#9431,.T.);
#9433=ADVANCED_FACE('',(#9432),#9427,.T.);
#9434=DIRECTION('',(-0.59344,0.285786,0.752433));
#9435=DIRECTION('',(0,-0.934841,0.355067));
#9436=AXIS2_PLACEMENT_3D('',#462,#9434,#9435);
#9437=PLANE('',#9436);
#9438=ORIENTED_EDGE('',*,*,#7996,.T.);
#9439=ORIENTED_EDGE('',*,*,#6514,.T.);
#9440=ORIENTED_EDGE('',*,*,#8086,.F.);
#9441=EDGE_LOOP('',(#9438,#9439,#9440));
#9442=FACE_OUTER_BOUND('',#9441,.T.);
#9443=ADVANCED_FACE('',(#9442),#9437,.T.);
#9444=DIRECTION('',(-0.66804,-0.61257,0.422469));
#9445=DIRECTION('',(0,-0.567739,-0.823208));
#9446=AXIS2_PLACEMENT_3D('',#680,#9444,#9445);
#9447=PLANE('',#9446);
#9448=ORIENTED_EDGE('',*,*,#8020,.F.);
#9449=ORIENTED_EDGE('',*,*,#8038,.T.);
#9450=ORIENTED_EDGE('',*,*,#6534,.T.);
#9451=EDGE_LOOP('',(#9448,#9449,#9450));
#9452=FACE_OUTER_BOUND('',#9451,.T.);
#9453=ADVANCED_FACE('',(#9452),#9447,.T.);
#9454=DIRECTION('',(-0.639593,-0.672109,0.373084));
#9455=DIRECTION('',(0,-0.485335,-0.874328));
#9456=AXIS2_PLACEMENT_3D('',#678,#9454,#9455);
#9457=PLANE('',#9456);
#9458=ORIENTED_EDGE('',*,*,#8033,.F.);
#9459=ORIENTED_EDGE('',*,*,#8251,.T.);
#9460=ORIENTED_EDGE('',*,*,#6539,.F.);
#9461=EDGE_LOOP('',(#9458,#9459,#9460));
#9462=FACE_OUTER_BOUND('',#9461,.T.);
#9463=ADVANCED_FACE('',(#9462),#9457,.T.);
#9464=DIRECTION('',(-0.085992,0.843086,0.53086));
#9465=DIRECTION('',(0,-0.532833,0.84622));
#9466=AXIS2_PLACEMENT_3D('',#466,#9464,#9465);
#9467=PLANE('',#9466);
#9468=ORIENTED_EDGE('',*,*,#8091,.T.);
#9469=ORIENTED_EDGE('',*,*,#6509,.T.);
#9470=ORIENTED_EDGE('',*,*,#8104,.F.);
#9471=EDGE_LOOP('',(#9468,#9469,#9470));
#9472=FACE_OUTER_BOUND('',#9471,.T.);
#9473=ADVANCED_FACE('',(#9472),#9467,.T.);
#9474=DIRECTION('',(-0.042221,0.865237,0.499582));
#9475=DIRECTION('',(0,-0.500028,0.866009));
#9476=AXIS2_PLACEMENT_3D('',#704,#9474,#9475);
#9477=PLANE('',#9476);
#9478=ORIENTED_EDGE('',*,*,#8123,.F.);
#9479=ORIENTED_EDGE('',*,*,#8109,.T.);
#9480=ORIENTED_EDGE('',*,*,#6504,.T.);
#9481=EDGE_LOOP('',(#9478,#9479,#9480));
#9482=FACE_OUTER_BOUND('',#9481,.T.);
#9483=ADVANCED_FACE('',(#9482),#9477,.T.);
#9484=DIRECTION('',(0.062411,0.904226,0.42247));
#9485=DIRECTION('',(0,-0.423295,0.905992));
#9486=AXIS2_PLACEMENT_3D('',#706,#9484,#9485);
#9487=PLANE('',#9486);
#9488=ORIENTED_EDGE('',*,*,#6494,.T.);
#9489=ORIENTED_EDGE('',*,*,#8298,.F.);
#9490=ORIENTED_EDGE('',*,*,#8282,.T.);
#9491=EDGE_LOOP('',(#9488,#9489,#9490));
#9492=FACE_OUTER_BOUND('',#9491,.T.);
#9493=ADVANCED_FACE('',(#9492),#9487,.T.);
#9494=DIRECTION('',(0.203619,0.928159,0.311545));
#9495=DIRECTION('',(0,-0.318211,0.94802));
#9496=AXIS2_PLACEMENT_3D('',#710,#9494,#9495);
#9497=PLANE('',#9496);
#9498=ORIENTED_EDGE('',*,*,#6484,.T.);
#9499=ORIENTED_EDGE('',*,*,#8334,.F.);
#9500=ORIENTED_EDGE('',*,*,#8320,.T.);
#9501=EDGE_LOOP('',(#9498,#9499,#9500));
#9502=FACE_OUTER_BOUND('',#9501,.T.);
#9503=ADVANCED_FACE('',(#9502),#9497,.T.);
#9504=DIRECTION('',(0.303162,0.925475,0.22713));
#9505=DIRECTION('',(0,-0.238347,0.97118));
#9506=AXIS2_PLACEMENT_3D('',#726,#9504,#9505);
#9507=PLANE('',#9506);
#9508=ORIENTED_EDGE('',*,*,#8370,.F.);
#9509=ORIENTED_EDGE('',*,*,#8339,.T.);
#9510=ORIENTED_EDGE('',*,*,#6479,.T.);
#9511=EDGE_LOOP('',(#9508,#9509,#9510));
#9512=FACE_OUTER_BOUND('',#9511,.T.);
#9513=ADVANCED_FACE('',(#9512),#9507,.T.);
#9514=DIRECTION('',(0.472639,0.878752,0.066393));
#9515=DIRECTION('',(0,-0.075339,0.997158));
#9516=AXIS2_PLACEMENT_3D('',#718,#9514,#9515);
#9517=PLANE('',#9516);
#9518=ORIENTED_EDGE('',*,*,#8352,.F.);
#9519=ORIENTED_EDGE('',*,*,#8375,.T.);
#9520=ORIENTED_EDGE('',*,*,#6474,.F.);
#9521=EDGE_LOOP('',(#9518,#9519,#9520));
#9522=FACE_OUTER_BOUND('',#9521,.T.);
#9523=ADVANCED_FACE('',(#9522),#9517,.T.);
#9524=DIRECTION('',(0.535576,0.844487,-0.000001));
#9525=DIRECTION('',(-0,0.000001,1));
#9526=AXIS2_PLACEMENT_3D('',#512,#9524,#9525);
#9527=PLANE('',#9526);
#9528=ORIENTED_EDGE('',*,*,#8357,.T.);
#9529=ORIENTED_EDGE('',*,*,#6469,.T.);
#9530=ORIENTED_EDGE('',*,*,#8438,.F.);
#9531=EDGE_LOOP('',(#9528,#9529,#9530));
#9532=FACE_OUTER_BOUND('',#9531,.T.);
#9533=ADVANCED_FACE('',(#9532),#9527,.T.);
#9534=DIRECTION('',(0.535575,0.844488,0.000001));
#9535=DIRECTION('',(0,-0.000001,1));
#9536=AXIS2_PLACEMENT_3D('',#720,#9534,#9535);
#9537=PLANE('',#9536);
#9538=ORIENTED_EDGE('',*,*,#6459,.T.);
#9539=ORIENTED_EDGE('',*,*,#8394,.F.);
#9540=ORIENTED_EDGE('',*,*,#8454,.T.);
#9541=EDGE_LOOP('',(#9538,#9539,#9540));
#9542=FACE_OUTER_BOUND('',#9541,.T.);
#9543=ADVANCED_FACE('',(#9542),#9537,.T.);
#9544=DIRECTION('',(0.126695,0.919106,0.373085));
#9545=DIRECTION('',(0,-0.376116,0.926573));
#9546=AXIS2_PLACEMENT_3D('',#710,#9544,#9545);
#9547=PLANE('',#9546);
#9548=ORIENTED_EDGE('',*,*,#8315,.F.);
#9549=ORIENTED_EDGE('',*,*,#8303,.T.);
#9550=ORIENTED_EDGE('',*,*,#6489,.T.);
#9551=EDGE_LOOP('',(#9548,#9549,#9550));
#9552=FACE_OUTER_BOUND('',#9551,.T.);
#9553=ADVANCED_FACE('',(#9552),#9547,.T.);
#9554=DIRECTION('',(-0.867667,-0.262055,0.42247));
#9555=DIRECTION('',(0,-0.849791,-0.527119));
#9556=AXIS2_PLACEMENT_3D('',#538,#9554,#9555);
#9557=PLANE('',#9556);
#9558=ORIENTED_EDGE('',*,*,#8575,.T.);
#9559=ORIENTED_EDGE('',*,*,#6404,.T.);
#9560=ORIENTED_EDGE('',*,*,#8466,.F.);
#9561=EDGE_LOOP('',(#9558,#9559,#9560));
#9562=FACE_OUTER_BOUND('',#9561,.T.);
#9563=ADVANCED_FACE('',(#9562),#9557,.T.);
#9564=DIRECTION('',(-0.862136,-0.203762,0.4639));
#9565=DIRECTION('',(0,-0.915572,-0.402153));
#9566=AXIS2_PLACEMENT_3D('',#794,#9564,#9565);
#9567=PLANE('',#9566);
#9568=ORIENTED_EDGE('',*,*,#8595,.F.);
#9569=ORIENTED_EDGE('',*,*,#8471,.T.);
#9570=ORIENTED_EDGE('',*,*,#6399,.T.);
#9571=EDGE_LOOP('',(#9568,#9569,#9570));
#9572=FACE_OUTER_BOUND('',#9571,.T.);
#9573=ADVANCED_FACE('',(#9572),#9567,.T.);
#9574=DIRECTION('',(-0.834812,-0.5015,0.227129));
#9575=DIRECTION('',(0,-0.41256,-0.910931));
#9576=AXIS2_PLACEMENT_3D('',#526,#9574,#9575);
#9577=PLANE('',#9576);
#9578=ORIENTED_EDGE('',*,*,#8543,.T.);
#9579=ORIENTED_EDGE('',*,*,#6419,.F.);
#9580=ORIENTED_EDGE('',*,*,#8484,.F.);
#9581=EDGE_LOOP('',(#9578,#9579,#9580));
#9582=FACE_OUTER_BOUND('',#9581,.T.);
#9583=ADVANCED_FACE('',(#9582),#9577,.T.);
#9584=DIRECTION('',(-0.704137,-0.710064,-0));
#9585=DIRECTION('',(0,0,-1));
#9586=AXIS2_PLACEMENT_3D('',#738,#9584,#9585);
#9587=PLANE('',#9586);
#9588=ORIENTED_EDGE('',*,*,#8723,.F.);
#9589=ORIENTED_EDGE('',*,*,#8703,.T.);
#9590=ORIENTED_EDGE('',*,*,#6434,.F.);
#9591=EDGE_LOOP('',(#9588,#9589,#9590));
#9592=FACE_OUTER_BOUND('',#9591,.T.);
#9593=ADVANCED_FACE('',(#9592),#9587,.T.);
#9594=DIRECTION('',(-0.751547,-0.65633,0.066392));
#9595=DIRECTION('',(0,-0.100643,-0.994923));
#9596=AXIS2_PLACEMENT_3D('',#742,#9594,#9595);
#9597=PLANE('',#9596);
#9598=ORIENTED_EDGE('',*,*,#6424,.F.);
#9599=ORIENTED_EDGE('',*,*,#8538,.F.);
#9600=ORIENTED_EDGE('',*,*,#8508,.T.);
#9601=EDGE_LOOP('',(#9598,#9599,#9600));
#9602=FACE_OUTER_BOUND('',#9601,.T.);
#9603=ADVANCED_FACE('',(#9602),#9597,.T.);
#9604=DIRECTION('',(-0.859579,-0.405048,0.311545));
#9605=DIRECTION('',(0,-0.609673,-0.792653));
#9606=AXIS2_PLACEMENT_3D('',#734,#9604,#9605);
#9607=PLANE('',#9606);
#9608=ORIENTED_EDGE('',*,*,#6414,.T.);
#9609=ORIENTED_EDGE('',*,*,#8557,.F.);
#9610=ORIENTED_EDGE('',*,*,#8489,.T.);
#9611=EDGE_LOOP('',(#9608,#9609,#9610));
#9612=FACE_OUTER_BOUND('',#9611,.T.);
#9613=ADVANCED_FACE('',(#9612),#9607,.T.);
#9614=DIRECTION('',(0.448558,0.7876,0.42247));
#9615=DIRECTION('',(0,-0.472692,0.881228));
#9616=AXIS2_PLACEMENT_3D('',#808,#9614,#9615);
#9617=PLANE('',#9616);
#9618=ORIENTED_EDGE('',*,*,#8828,.F.);
#9619=ORIENTED_EDGE('',*,*,#8815,.T.);
#9620=ORIENTED_EDGE('',*,*,#6364,.T.);
#9621=EDGE_LOOP('',(#9618,#9619,#9620));
#9622=FACE_OUTER_BOUND('',#9621,.T.);
#9623=ADVANCED_FACE('',(#9622),#9617,.T.);
#9624=DIRECTION('',(0.512933,0.773115,0.373085));
#9625=DIRECTION('',(0,-0.434614,0.900617));
#9626=AXIS2_PLACEMENT_3D('',#810,#9624,#9625);
#9627=PLANE('',#9626);
#9628=ORIENTED_EDGE('',*,*,#8792,.F.);
#9629=ORIENTED_EDGE('',*,*,#8833,.T.);
#9630=ORIENTED_EDGE('',*,*,#6359,.T.);
#9631=EDGE_LOOP('',(#9628,#9629,#9630));
#9632=FACE_OUTER_BOUND('',#9631,.T.);
#9633=ADVANCED_FACE('',(#9632),#9627,.T.);
#9634=DIRECTION('',(0.288326,0.796905,0.530859));
#9635=DIRECTION('',(0,-0.554403,0.832248));
#9636=AXIS2_PLACEMENT_3D('',#802,#9634,#9635);
#9637=PLANE('',#9636);
#9638=ORIENTED_EDGE('',*,*,#6379,.T.);
#9639=ORIENTED_EDGE('',*,*,#8653,.F.);
#9640=ORIENTED_EDGE('',*,*,#8637,.T.);
#9641=EDGE_LOOP('',(#9638,#9639,#9640));
#9642=FACE_OUTER_BOUND('',#9641,.T.);
#9643=ADVANCED_FACE('',(#9642),#9637,.T.);
#9644=DIRECTION('',(0.337372,0.79787,0.499583));
#9645=DIRECTION('',(0,-0.530697,0.847562));
#9646=AXIS2_PLACEMENT_3D('',#542,#9644,#9645);
#9647=PLANE('',#9646);
#9648=ORIENTED_EDGE('',*,*,#8658,.T.);
#9649=ORIENTED_EDGE('',*,*,#6374,.F.);
#9650=ORIENTED_EDGE('',*,*,#8671,.F.);
#9651=EDGE_LOOP('',(#9648,#9649,#9650));
#9652=FACE_OUTER_BOUND('',#9651,.T.);
#9653=ADVANCED_FACE('',(#9652),#9647,.T.);
#9654=DIRECTION('',(0.390497,0.795179,0.4639));
#9655=DIRECTION('',(0,-0.503908,0.863757));
#9656=AXIS2_PLACEMENT_3D('',#800,#9654,#9655);
#9657=PLANE('',#9656);
#9658=ORIENTED_EDGE('',*,*,#6369,.T.);
#9659=ORIENTED_EDGE('',*,*,#8810,.F.);
#9660=ORIENTED_EDGE('',*,*,#8676,.T.);
#9661=EDGE_LOOP('',(#9658,#9659,#9660));
#9662=FACE_OUTER_BOUND('',#9661,.T.);
#9663=ADVANCED_FACE('',(#9662),#9657,.T.);
#9664=DIRECTION('',(0.674689,0.702287,0.227129));
#9665=DIRECTION('',(0,-0.30772,0.951477));
#9666=AXIS2_PLACEMENT_3D('',#586,#9664,#9665);
#9667=PLANE('',#9666);
#9668=ORIENTED_EDGE('',*,*,#8849,.T.);
#9669=ORIENTED_EDGE('',*,*,#6349,.T.);
#9670=ORIENTED_EDGE('',*,*,#8885,.F.);
#9671=EDGE_LOOP('',(#9668,#9669,#9670));
#9672=FACE_OUTER_BOUND('',#9671,.T.);
#9673=ADVANCED_FACE('',(#9672),#9667,.T.);
#9674=DIRECTION('',(0.807109,0.586657,0.066393));
#9675=DIRECTION('',(0,-0.112454,0.993657));
#9676=AXIS2_PLACEMENT_3D('',#754,#9674,#9675);
#9677=PLANE('',#9676);
#9678=ORIENTED_EDGE('',*,*,#8862,.F.);
#9679=ORIENTED_EDGE('',*,*,#8879,.T.);
#9680=ORIENTED_EDGE('',*,*,#6344,.F.);
#9681=EDGE_LOOP('',(#9678,#9679,#9680));
#9682=FACE_OUTER_BOUND('',#9681,.T.);
#9683=ADVANCED_FACE('',(#9682),#9677,.T.);
#9684=DIRECTION('',(-0.942491,-0.33423,0.000001));
#9685=DIRECTION('',(0.000001,-0,1));
#9686=AXIS2_PLACEMENT_3D('',#604,#9684,#9685);
#9687=PLANE('',#9686);
#9688=ORIENTED_EDGE('',*,*,#9018,.T.);
#9689=ORIENTED_EDGE('',*,*,#6299,.F.);
#9690=ORIENTED_EDGE('',*,*,#9041,.F.);
#9691=EDGE_LOOP('',(#9688,#9689,#9690));
#9692=FACE_OUTER_BOUND('',#9691,.T.);
#9693=ADVANCED_FACE('',(#9692),#9687,.T.);
#9694=DIRECTION('',(-0.961891,-0.265249,0.066393));
#9695=DIRECTION('',(0.06886,-0,0.997626));
#9696=AXIS2_PLACEMENT_3D('',#816,#9694,#9695);
#9697=PLANE('',#9696);
#9698=ORIENTED_EDGE('',*,*,#6294,.T.);
#9699=ORIENTED_EDGE('',*,*,#9054,.F.);
#9700=ORIENTED_EDGE('',*,*,#9035,.T.);
#9701=EDGE_LOOP('',(#9698,#9699,#9700));
#9702=FACE_OUTER_BOUND('',#9701,.T.);
#9703=ADVANCED_FACE('',(#9702),#9697,.T.);
#9704=DIRECTION('',(-0.969732,-0.089624,0.22713));
#9705=DIRECTION('',(0.228048,-0,0.97365));
#9706=AXIS2_PLACEMENT_3D('',#606,#9704,#9705);
#9707=PLANE('',#9706);
#9708=ORIENTED_EDGE('',*,*,#9059,.T.);
#9709=ORIENTED_EDGE('',*,*,#6289,.T.);
#9710=ORIENTED_EDGE('',*,*,#8968,.F.);
#9711=EDGE_LOOP('',(#9708,#9709,#9710));
#9712=FACE_OUTER_BOUND('',#9711,.T.);
#9713=ADVANCED_FACE('',(#9712),#9707,.T.);
#9714=DIRECTION('',(-0.950197,0.008021,0.311545));
#9715=DIRECTION('',(0.311555,-0,0.950228));
#9716=AXIS2_PLACEMENT_3D('',#820,#9714,#9715);
#9717=PLANE('',#9716);
#9718=ORIENTED_EDGE('',*,*,#6284,.T.);
#9719=ORIENTED_EDGE('',*,*,#8980,.F.);
#9720=ORIENTED_EDGE('',*,*,#8962,.T.);
#9721=EDGE_LOOP('',(#9718,#9719,#9720));
#9722=FACE_OUTER_BOUND('',#9721,.T.);
#9723=ADVANCED_FACE('',(#9722),#9717,.T.);
#9724=DIRECTION('',(-0.924255,0.081002,0.373084));
#9725=DIRECTION('',(0.374314,-0,0.927302));
#9726=AXIS2_PLACEMENT_3D('',#824,#9724,#9725);
#9727=PLANE('',#9726);
#9728=ORIENTED_EDGE('',*,*,#9004,.F.);
#9729=ORIENTED_EDGE('',*,*,#8985,.T.);
#9730=ORIENTED_EDGE('',*,*,#6279,.T.);
#9731=EDGE_LOOP('',(#9728,#9729,#9730));
#9732=FACE_OUTER_BOUND('',#9731,.T.);
#9733=ADVANCED_FACE('',(#9732),#9727,.T.);
#9734=DIRECTION('',(-0.895443,0.140363,0.422469));
#9735=DIRECTION('',(0,-0.948993,0.315298));
#9736=AXIS2_PLACEMENT_3D('',#832,#9734,#9735);
#9737=PLANE('',#9736);
#9738=ORIENTED_EDGE('',*,*,#9127,.F.);
#9739=ORIENTED_EDGE('',*,*,#8998,.T.);
#9740=ORIENTED_EDGE('',*,*,#6274,.T.);
#9741=EDGE_LOOP('',(#9738,#9739,#9740));
#9742=FACE_OUTER_BOUND('',#9741,.T.);
#9743=ADVANCED_FACE('',(#9742),#9737,.T.);
#9744=DIRECTION('',(0,0.774542,0.632523));
#9745=DIRECTION('',(0,-0.632523,0.774542));
#9746=AXIS2_PLACEMENT_3D('',#1564,#9744,#9745);
#9747=PLANE('',#9746);
#9748=DIRECTION('',(-0.068425,-0.631041,0.772726));
#9749=VECTOR('',#9748,12.941194);
#9750=LINE('',#1308,#9749);
#9751=EDGE_CURVE('',#1309,#1565,#9750,.T.);
#9752=ORIENTED_EDGE('',*,*,#9751,.F.);
#9753=ORIENTED_EDGE('',*,*,#2200,.F.);
#9754=ORIENTED_EDGE('',*,*,#9071,.T.);
#9755=ORIENTED_EDGE('',*,*,#6189,.T.);
#9756=EDGE_LOOP('',(#9752,#9753,#9754,#9755));
#9757=FACE_OUTER_BOUND('',#9756,.T.);
#9758=ADVANCED_FACE('',(#9757),#9747,.T.);
#9759=DIRECTION('',(0.994173,0.107799,-0));
#9760=DIRECTION('',(-0,0,-1));
#9761=AXIS2_PLACEMENT_3D('',#852,#9759,#9760);
#9762=PLANE('',#9761);
#9763=ORIENTED_EDGE('',*,*,#6204,.F.);
#9764=ORIENTED_EDGE('',*,*,#9079,.F.);
#9765=ORIENTED_EDGE('',*,*,#9094,.T.);
#9766=EDGE_LOOP('',(#9763,#9764,#9765));
#9767=FACE_OUTER_BOUND('',#9766,.T.);
#9768=ADVANCED_FACE('',(#9767),#9762,.T.);
#9769=DIRECTION('',(0.981721,0.178369,0.066393));
#9770=DIRECTION('',(0.067475,0,-0.997721));
#9771=AXIS2_PLACEMENT_3D('',#842,#9769,#9770);
#9772=PLANE('',#9771);
#9773=ORIENTED_EDGE('',*,*,#6214,.T.);
#9774=ORIENTED_EDGE('',*,*,#9114,.F.);
#9775=ORIENTED_EDGE('',*,*,#9293,.T.);
#9776=EDGE_LOOP('',(#9773,#9774,#9775));
#9777=FACE_OUTER_BOUND('',#9776,.T.);
#9778=ADVANCED_FACE('',(#9777),#9772,.T.);
#9779=DIRECTION('',(0.79758,0.473999,0.373084));
#9780=DIRECTION('',(0,-0.618494,0.78579));
#9781=AXIS2_PLACEMENT_3D('',#650,#9779,#9780);
#9782=PLANE('',#9781);
#9783=ORIENTED_EDGE('',*,*,#9306,.T.);
#9784=ORIENTED_EDGE('',*,*,#6229,.T.);
#9785=ORIENTED_EDGE('',*,*,#9278,.F.);
#9786=EDGE_LOOP('',(#9783,#9784,#9785));
#9787=FACE_OUTER_BOUND('',#9786,.T.);
#9788=ADVANCED_FACE('',(#9787),#9782,.T.);
#9789=DIRECTION('',(-0.834149,0.233695,0.499582));
#9790=DIRECTION('',(0,-0.905796,0.423714));
#9791=AXIS2_PLACEMENT_3D('',#836,#9789,#9790);
#9792=PLANE('',#9791);
#9793=ORIENTED_EDGE('',*,*,#9165,.F.);
#9794=ORIENTED_EDGE('',*,*,#9146,.T.);
#9795=ORIENTED_EDGE('',*,*,#6264,.T.);
#9796=EDGE_LOOP('',(#9793,#9794,#9795));
#9797=FACE_OUTER_BOUND('',#9796,.T.);
#9798=ADVANCED_FACE('',(#9797),#9792,.T.);
#9799=DIRECTION('',(0.650145,0.572476,0.499582));
#9800=DIRECTION('',(0,-0.657509,0.753446));
#9801=AXIS2_PLACEMENT_3D('',#632,#9799,#9800);
#9802=PLANE('',#9801);
#9803=ORIENTED_EDGE('',*,*,#9240,.T.);
#9804=ORIENTED_EDGE('',*,*,#6244,.F.);
#9805=ORIENTED_EDGE('',*,*,#9183,.F.);
#9806=EDGE_LOOP('',(#9803,#9804,#9805));
#9807=FACE_OUTER_BOUND('',#9806,.T.);
#9808=ADVANCED_FACE('',(#9807),#9802,.T.);
#9809=DIRECTION('',(0.605535,0.592887,0.53086));
#9810=DIRECTION('',(0,-0.667062,0.745003));
#9811=AXIS2_PLACEMENT_3D('',#628,#9809,#9810);
#9812=PLANE('',#9811);
#9813=ORIENTED_EDGE('',*,*,#9227,.T.);
#9814=ORIENTED_EDGE('',*,*,#6249,.T.);
#9815=ORIENTED_EDGE('',*,*,#9246,.F.);
#9816=EDGE_LOOP('',(#9813,#9814,#9815));
#9817=FACE_OUTER_BOUND('',#9816,.T.);
#9818=ADVANCED_FACE('',(#9817),#9812,.T.);
#9819=DIRECTION('',(-0.745864,-0.514981,0.42247));
#9820=DIRECTION('',(0,-0.634246,-0.773131));
#9821=AXIS2_PLACEMENT_3D('',#1082,#9819,#9820);
#9822=PLANE('',#9821);
#9823=ORIENTED_EDGE('',*,*,#6872,.F.);
#9824=DIRECTION('',(-0.098593,0.712613,0.694594));
#9825=VECTOR('',#9824,14.39689);
#9826=LINE('',#866,#9825);
#9827=EDGE_CURVE('',#867,#1079,#9826,.T.);
#9828=ORIENTED_EDGE('',*,*,#9827,.F.);
#9829=ORIENTED_EDGE('',*,*,#3065,.T.);
#9830=DIRECTION('',(-0.108926,0.720007,0.685365));
#9831=VECTOR('',#9830,14.590772);
#9832=LINE('',#886,#9831);
#9833=EDGE_CURVE('',#887,#1083,#9832,.T.);
#9834=ORIENTED_EDGE('',*,*,#9833,.T.);
#9835=EDGE_LOOP('',(#9823,#9828,#9829,#9834));
#9836=FACE_OUTER_BOUND('',#9835,.T.);
#9837=ADVANCED_FACE('',(#9836),#9822,.T.);
#9838=DIRECTION('',(-0.912584,-0.340003,0.22713));
#9839=DIRECTION('',(0.241519,-0,0.970396));
#9840=AXIS2_PLACEMENT_3D('',#874,#9838,#9839);
#9841=PLANE('',#9840);
#9842=DIRECTION('',(-0.081715,0.695927,0.713448));
#9843=VECTOR('',#9842,14.016435);
#9844=LINE('',#874,#9843);
#9845=EDGE_CURVE('',#875,#1095,#9844,.T.);
#9846=ORIENTED_EDGE('',*,*,#9845,.T.);
#9847=ORIENTED_EDGE('',*,*,#6857,.T.);
#9848=DIRECTION('',(-0.075849,0.686606,0.723062));
#9849=VECTOR('',#9848,13.830066);
#9850=LINE('',#870,#9849);
#9851=EDGE_CURVE('',#871,#1097,#9850,.T.);
#9852=ORIENTED_EDGE('',*,*,#9851,.F.);
#9853=ORIENTED_EDGE('',*,*,#3080,.T.);
#9854=EDGE_LOOP('',(#9846,#9847,#9852,#9853));
#9855=FACE_OUTER_BOUND('',#9854,.T.);
#9856=ADVANCED_FACE('',(#9855),#9841,.T.);
#9857=DIRECTION('',(-0.797581,-0.473998,0.373083));
#9858=DIRECTION('',(0,-0.618494,-0.78579));
#9859=AXIS2_PLACEMENT_3D('',#866,#9857,#9858);
#9860=PLANE('',#9859);
#9861=DIRECTION('',(-0.119109,0.730069,0.672913));
#9862=VECTOR('',#9861,14.860757);
#9863=LINE('',#866,#9862);
#9864=EDGE_CURVE('',#867,#1077,#9863,.T.);
#9865=ORIENTED_EDGE('',*,*,#9864,.T.);
#9866=DIRECTION('',(-0.089444,0.704588,0.703957));
#9867=VECTOR('',#9866,14.20541);
#9868=LINE('',#868,#9867);
#9869=EDGE_CURVE('',#869,#1077,#9868,.T.);
#9870=ORIENTED_EDGE('',*,*,#9869,.F.);
#9871=ORIENTED_EDGE('',*,*,#3070,.F.);
#9872=EDGE_LOOP('',(#9865,#9870,#9871));
#9873=FACE_OUTER_BOUND('',#9872,.T.);
#9874=ADVANCED_FACE('',(#9873),#9860,.T.);
#9875=DIRECTION('',(-0.852618,-0.419502,0.311545));
#9876=DIRECTION('',(0,-0.596219,-0.802822));
#9877=AXIS2_PLACEMENT_3D('',#1076,#9875,#9876);
#9878=PLANE('',#9877);
#9879=ORIENTED_EDGE('',*,*,#6862,.T.);
#9880=ORIENTED_EDGE('',*,*,#9845,.F.);
#9881=ORIENTED_EDGE('',*,*,#3075,.F.);
#9882=ORIENTED_EDGE('',*,*,#9869,.T.);
#9883=EDGE_LOOP('',(#9879,#9880,#9881,#9882));
#9884=FACE_OUTER_BOUND('',#9883,.T.);
#9885=ADVANCED_FACE('',(#9884),#9878,.T.);
#9886=DIRECTION('',(-0.605537,-0.592886,0.530858));
#9887=DIRECTION('',(0,-0.667061,-0.745003));
#9888=AXIS2_PLACEMENT_3D('',#1074,#9886,#9887);
#9889=PLANE('',#9888);
#9890=DIRECTION('',(-0.132552,0.732883,0.667317));
#9891=VECTOR('',#9890,14.985376);
#9892=LINE('',#884,#9891);
#9893=EDGE_CURVE('',#885,#1075,#9892,.T.);
#9894=ORIENTED_EDGE('',*,*,#9893,.F.);
#9895=ORIENTED_EDGE('',*,*,#3050,.T.);
#9896=DIRECTION('',(-0.17494,0.749913,0.637986));
#9897=VECTOR('',#9896,15.674315);
#9898=LINE('',#888,#9897);
#9899=EDGE_CURVE('',#889,#1075,#9898,.T.);
#9900=ORIENTED_EDGE('',*,*,#9899,.T.);
#9901=EDGE_LOOP('',(#9894,#9895,#9900));
#9902=FACE_OUTER_BOUND('',#9901,.T.);
#9903=ADVANCED_FACE('',(#9902),#9889,.T.);
#9904=DIRECTION('',(0.146568,-0.642154,0.752433));
#9905=DIRECTION('',(0,-0.760648,-0.649165));
#9906=AXIS2_PLACEMENT_3D('',#888,#9904,#9905);
#9907=PLANE('',#9906);
#9908=ORIENTED_EDGE('',*,*,#3045,.T.);
#9909=DIRECTION('',(-0.189149,0.728419,0.658505));
#9910=VECTOR('',#9909,15.185923);
#9911=LINE('',#896,#9910);
#9912=EDGE_CURVE('',#897,#1101,#9911,.T.);
#9913=ORIENTED_EDGE('',*,*,#9912,.T.);
#9914=ORIENTED_EDGE('',*,*,#6892,.F.);
#9915=DIRECTION('',(-0.145632,0.738352,0.658505));
#9916=VECTOR('',#9915,15.185924);
#9917=LINE('',#888,#9916);
#9918=EDGE_CURVE('',#889,#1099,#9917,.T.);
#9919=ORIENTED_EDGE('',*,*,#9918,.F.);
#9920=EDGE_LOOP('',(#9908,#9913,#9914,#9919));
#9921=FACE_OUTER_BOUND('',#9920,.T.);
#9922=ADVANCED_FACE('',(#9921),#9907,.T.);
#9923=DIRECTION('',(0.802812,-0.271441,0.53086));
#9924=DIRECTION('',(0,-0.890358,-0.455261));
#9925=AXIS2_PLACEMENT_3D('',#1100,#9923,#9924);
#9926=PLANE('',#9925);
#9927=ORIENTED_EDGE('',*,*,#9912,.F.);
#9928=ORIENTED_EDGE('',*,*,#3040,.T.);
#9929=DIRECTION('',(-0.198561,0.717817,0.667317));
#9930=VECTOR('',#9929,14.985378);
#9931=LINE('',#898,#9930);
#9932=EDGE_CURVE('',#899,#1103,#9931,.T.);
#9933=ORIENTED_EDGE('',*,*,#9932,.T.);
#9934=ORIENTED_EDGE('',*,*,#6897,.F.);
#9935=EDGE_LOOP('',(#9927,#9928,#9933,#9934));
#9936=FACE_OUTER_BOUND('',#9935,.T.);
#9937=ADVANCED_FACE('',(#9936),#9926,.T.);
#9938=DIRECTION('',(-0.696841,-0.547001,0.4639));
#9939=DIRECTION('',(0,-0.646797,-0.762662));
#9940=AXIS2_PLACEMENT_3D('',#1080,#9938,#9939);
#9941=PLANE('',#9940);
#9942=ORIENTED_EDGE('',*,*,#6877,.T.);
#9943=ORIENTED_EDGE('',*,*,#9833,.F.);
#9944=ORIENTED_EDGE('',*,*,#3060,.F.);
#9945=DIRECTION('',(-0.120285,0.726766,0.676271));
#9946=VECTOR('',#9945,14.786966);
#9947=LINE('',#882,#9946);
#9948=EDGE_CURVE('',#883,#1081,#9947,.T.);
#9949=ORIENTED_EDGE('',*,*,#9948,.T.);
#9950=EDGE_LOOP('',(#9942,#9943,#9944,#9949));
#9951=FACE_OUTER_BOUND('',#9950,.T.);
#9952=ADVANCED_FACE('',(#9951),#9941,.T.);
#9953=DIRECTION('',(-0.650144,-0.572477,0.499583));
#9954=DIRECTION('',(0,-0.657509,-0.753446));
#9955=AXIS2_PLACEMENT_3D('',#882,#9953,#9954);
#9956=PLANE('',#9955);
#9957=ORIENTED_EDGE('',*,*,#3055,.T.);
#9958=DIRECTION('',(-0.160046,0.745939,0.646499));
#9959=VECTOR('',#9958,15.467933);
#9960=LINE('',#884,#9959);
#9961=EDGE_CURVE('',#885,#1081,#9960,.T.);
#9962=ORIENTED_EDGE('',*,*,#9961,.T.);
#9963=ORIENTED_EDGE('',*,*,#9948,.F.);
#9964=EDGE_LOOP('',(#9957,#9962,#9963));
#9965=FACE_OUTER_BOUND('',#9964,.T.);
#9966=ADVANCED_FACE('',(#9965),#9956,.T.);
#9967=DIRECTION('',(0.834149,-0.233696,0.499582));
#9968=DIRECTION('',(0,-0.905795,-0.423716));
#9969=AXIS2_PLACEMENT_3D('',#898,#9967,#9968);
#9970=PLANE('',#9969);
#9971=ORIENTED_EDGE('',*,*,#3035,.T.);
#9972=DIRECTION('',(-0.2274,0.679499,0.697546));
#9973=VECTOR('',#9972,14.335978);
#9974=LINE('',#900,#9973);
#9975=EDGE_CURVE('',#901,#1103,#9974,.T.);
#9976=ORIENTED_EDGE('',*,*,#9975,.T.);
#9977=ORIENTED_EDGE('',*,*,#9932,.F.);
#9978=EDGE_LOOP('',(#9971,#9976,#9977));
#9979=FACE_OUTER_BOUND('',#9978,.T.);
#9980=ADVANCED_FACE('',(#9979),#9970,.T.);
#9981=DIRECTION('',(0.865166,-0.190484,0.4639));
#9982=DIRECTION('',(0,-0.925052,-0.37984));
#9983=AXIS2_PLACEMENT_3D('',#900,#9981,#9982);
#9984=PLANE('',#9983);
#9985=ORIENTED_EDGE('',*,*,#3030,.T.);
#9986=DIRECTION('',(-0.21426,0.695965,0.685365));
#9987=VECTOR('',#9986,14.590773);
#9988=LINE('',#902,#9987);
#9989=EDGE_CURVE('',#903,#1107,#9988,.T.);
#9990=ORIENTED_EDGE('',*,*,#9989,.T.);
#9991=ORIENTED_EDGE('',*,*,#6907,.F.);
#9992=DIRECTION('',(-0.206959,0.706983,0.676271));
#9993=VECTOR('',#9992,14.786965);
#9994=LINE('',#900,#9993);
#9995=EDGE_CURVE('',#901,#1105,#9994,.T.);
#9996=ORIENTED_EDGE('',*,*,#9995,.F.);
#9997=EDGE_LOOP('',(#9985,#9990,#9991,#9996));
#9998=FACE_OUTER_BOUND('',#9997,.T.);
#9999=ADVANCED_FACE('',(#9998),#9984,.T.);
#10000=DIRECTION('',(0.895443,-0.140363,0.42247));
#10001=DIRECTION('',(0,-0.948993,-0.315297));
#10002=AXIS2_PLACEMENT_3D('',#1106,#10000,#10001);
#10003=PLANE('',#10002);
#10004=ORIENTED_EDGE('',*,*,#9989,.F.);
#10005=ORIENTED_EDGE('',*,*,#3025,.T.);
#10006=DIRECTION('',(-0.235158,0.656652,0.716596));
#10007=VECTOR('',#10006,13.954867);
#10008=LINE('',#904,#10007);
#10009=EDGE_CURVE('',#905,#1107,#10008,.T.);
#10010=ORIENTED_EDGE('',*,*,#10009,.T.);
#10011=EDGE_LOOP('',(#10004,#10005,#10010));
#10012=FACE_OUTER_BOUND('',#10011,.T.);
#10013=ADVANCED_FACE('',(#10012),#10003,.T.);
#10014=DIRECTION('',(-0.994173,-0.1078,0));
#10015=DIRECTION('',(0,-0,1));
#10016=AXIS2_PLACEMENT_3D('',#1084,#10014,#10015);
#10017=PLANE('',#10016);
#10018=ORIENTED_EDGE('',*,*,#6847,.T.);
#10019=DIRECTION('',(-0.072193,0.665795,0.742634));
#10020=VECTOR('',#10019,13.465577);
#10021=LINE('',#876,#10020);
#10022=EDGE_CURVE('',#877,#1087,#10021,.T.);
#10023=ORIENTED_EDGE('',*,*,#10022,.F.);
#10024=ORIENTED_EDGE('',*,*,#3090,.F.);
#10025=DIRECTION('',(-0.073352,0.676486,0.732794));
#10026=VECTOR('',#10025,13.646409);
#10027=LINE('',#872,#10026);
#10028=EDGE_CURVE('',#873,#1085,#10027,.T.);
#10029=ORIENTED_EDGE('',*,*,#10028,.T.);
#10030=EDGE_LOOP('',(#10018,#10023,#10024,#10029));
#10031=FACE_OUTER_BOUND('',#10030,.T.);
#10032=ADVANCED_FACE('',(#10031),#10017,.T.);
#10033=DIRECTION('',(-0.994173,-0.1078,0));
#10034=DIRECTION('',(0,-0,1));
#10035=AXIS2_PLACEMENT_3D('',#878,#10033,#10034);
#10036=PLANE('',#10035);
#10037=ORIENTED_EDGE('',*,*,#3095,.F.);
#10038=DIRECTION('',(-0.074852,0.690311,0.71963));
#10039=VECTOR('',#10038,13.896026);
#10040=LINE('',#876,#10039);
#10041=EDGE_CURVE('',#877,#1089,#10040,.T.);
#10042=ORIENTED_EDGE('',*,*,#10041,.T.);
#10043=ORIENTED_EDGE('',*,*,#6837,.T.);
#10044=ORIENTED_EDGE('',*,*,#6832,.T.);
#10045=ORIENTED_EDGE('',*,*,#5393,.F.);
#10046=ORIENTED_EDGE('',*,*,#3105,.F.);
#10047=ORIENTED_EDGE('',*,*,#3100,.F.);
#10048=EDGE_LOOP('',(#10037,#10042,#10043,#10044,#10045,#10046,#10047));
#10049=FACE_OUTER_BOUND('',#10048,.T.);
#10050=ADVANCED_FACE('',(#10049),#10036,.T.);
#10051=DIRECTION('',(-0.981721,-0.178368,0.066393));
#10052=DIRECTION('',(0.067475,-0,0.997721));
#10053=AXIS2_PLACEMENT_3D('',#1084,#10051,#10052);
#10054=PLANE('',#10053);
#10055=ORIENTED_EDGE('',*,*,#10028,.F.);
#10056=ORIENTED_EDGE('',*,*,#3085,.F.);
#10057=DIRECTION('',(-0.081416,0.708886,0.700608));
#10058=VECTOR('',#10057,14.273309);
#10059=LINE('',#870,#10058);
#10060=EDGE_CURVE('',#871,#1085,#10059,.T.);
#10061=ORIENTED_EDGE('',*,*,#10060,.T.);
#10062=EDGE_LOOP('',(#10055,#10056,#10061));
#10063=FACE_OUTER_BOUND('',#10062,.T.);
#10064=ADVANCED_FACE('',(#10063),#10054,.T.);
#10065=DIRECTION('',(0.961892,0.265248,0.066393));
#10066=DIRECTION('',(0.06886,0,-0.997626));
#10067=AXIS2_PLACEMENT_3D('',#1120,#10065,#10066);
#10068=PLANE('',#10067);
#10069=DIRECTION('',(-0.229569,0.65152,0.723062));
#10070=VECTOR('',#10069,13.830065);
#10071=LINE('',#910,#10070);
#10072=EDGE_CURVE('',#911,#1121,#10071,.T.);
#10073=ORIENTED_EDGE('',*,*,#10072,.F.);
#10074=ORIENTED_EDGE('',*,*,#3005,.T.);
#10075=DIRECTION('',(-0.221956,0.615634,0.756128));
#10076=VECTOR('',#10075,13.225269);
#10077=LINE('',#914,#10076);
#10078=EDGE_CURVE('',#915,#1121,#10077,.T.);
#10079=ORIENTED_EDGE('',*,*,#10078,.T.);
#10080=EDGE_LOOP('',(#10073,#10074,#10079));
#10081=FACE_OUTER_BOUND('',#10080,.T.);
#10082=ADVANCED_FACE('',(#10081),#10068,.T.);
#10083=DIRECTION('',(0.942491,0.334231,-0));
#10084=DIRECTION('',(-0,0,-1));
#10085=AXIS2_PLACEMENT_3D('',#914,#10083,#10084);
#10086=PLANE('',#10085);
#10087=ORIENTED_EDGE('',*,*,#3000,.F.);
#10088=DIRECTION('',(-0.214778,0.605648,0.766199));
#10089=VECTOR('',#10088,13.051443);
#10090=LINE('',#912,#10089);
#10091=EDGE_CURVE('',#913,#1123,#10090,.T.);
#10092=ORIENTED_EDGE('',*,*,#10091,.T.);
#10093=DIRECTION('',(-0.227428,0.641319,0.732793));
#10094=VECTOR('',#10093,13.646409);
#10095=LINE('',#914,#10094);
#10096=EDGE_CURVE('',#915,#1123,#10095,.T.);
#10097=ORIENTED_EDGE('',*,*,#10096,.F.);
#10098=EDGE_LOOP('',(#10087,#10092,#10097));
#10099=FACE_OUTER_BOUND('',#10098,.T.);
#10100=ADVANCED_FACE('',(#10099),#10086,.T.);
#10101=DIRECTION('',(0.942491,0.334231,-0));
#10102=DIRECTION('',(-0,0,-1));
#10103=AXIS2_PLACEMENT_3D('',#894,#10101,#10102);
#10104=PLANE('',#10103);
#10105=DIRECTION('',(-0.21215,0.598236,0.772726));
#10106=VECTOR('',#10105,12.941194);
#10107=LINE('',#894,#10106);
#10108=EDGE_CURVE('',#895,#1147,#10107,.T.);
#10109=ORIENTED_EDGE('',*,*,#10108,.T.);
#10110=ORIENTED_EDGE('',*,*,#6952,.F.);
#10111=ORIENTED_EDGE('',*,*,#6947,.F.);
#10112=ORIENTED_EDGE('',*,*,#6942,.F.);
#10113=DIRECTION('',(-0.223834,0.631184,0.742634));
#10114=VECTOR('',#10113,13.465576);
#10115=LINE('',#912,#10114);
#10116=EDGE_CURVE('',#913,#1109,#10115,.T.);
#10117=ORIENTED_EDGE('',*,*,#10116,.F.);
#10118=ORIENTED_EDGE('',*,*,#2995,.T.);
#10119=ORIENTED_EDGE('',*,*,#2990,.F.);
#10120=ORIENTED_EDGE('',*,*,#2985,.T.);
#10121=EDGE_LOOP('',(#10109,#10110,#10111,#10112,#10117,#10118,#10119,#10120));
#10122=FACE_OUTER_BOUND('',#10121,.T.);
#10123=ADVANCED_FACE('',(#10122),#10104,.T.);
#10124=DIRECTION('',(0.924255,-0.081001,0.373084));
#10125=DIRECTION('',(0.374314,0,-0.927302));
#10126=AXIS2_PLACEMENT_3D('',#904,#10124,#10125);
#10127=PLANE('',#10126);
#10128=ORIENTED_EDGE('',*,*,#3020,.T.);
#10129=DIRECTION('',(-0.236623,0.645355,0.72631));
#10130=VECTOR('',#10129,13.768221);
#10131=LINE('',#906,#10130);
#10132=EDGE_CURVE('',#907,#1115,#10131,.T.);
#10133=ORIENTED_EDGE('',*,*,#10132,.T.);
#10134=DIRECTION('',(-0.220362,0.684821,0.694594));
#10135=VECTOR('',#10134,14.39689);
#10136=LINE('',#904,#10135);
#10137=EDGE_CURVE('',#905,#1115,#10136,.T.);
#10138=ORIENTED_EDGE('',*,*,#10137,.F.);
#10139=EDGE_LOOP('',(#10128,#10133,#10138));
#10140=FACE_OUTER_BOUND('',#10139,.T.);
#10141=ADVANCED_FACE('',(#10140),#10127,.T.);
#10142=DIRECTION('',(0.950197,-0.008022,0.311546));
#10143=DIRECTION('',(0.311556,0,-0.950228));
#10144=AXIS2_PLACEMENT_3D('',#908,#10142,#10143);
#10145=PLANE('',#10144);
#10146=DIRECTION('',(-0.236007,0.634346,0.736143));
#10147=VECTOR('',#10146,13.584324);
#10148=LINE('',#908,#10147);
#10149=EDGE_CURVE('',#909,#1117,#10148,.T.);
#10150=ORIENTED_EDGE('',*,*,#10149,.T.);
#10151=DIRECTION('',(-0.225123,0.67362,0.703957));
#10152=VECTOR('',#10151,14.205411);
#10153=LINE('',#906,#10152);
#10154=EDGE_CURVE('',#907,#1117,#10153,.T.);
#10155=ORIENTED_EDGE('',*,*,#10154,.F.);
#10156=ORIENTED_EDGE('',*,*,#3015,.T.);
#10157=EDGE_LOOP('',(#10150,#10155,#10156));
#10158=FACE_OUTER_BOUND('',#10157,.T.);
#10159=ADVANCED_FACE('',(#10158),#10145,.T.);
#10160=DIRECTION('',(0.969732,0.089624,0.227129));
#10161=DIRECTION('',(0.228047,0,-0.97365));
#10162=AXIS2_PLACEMENT_3D('',#908,#10160,#10161);
#10163=PLANE('',#10162);
#10164=ORIENTED_EDGE('',*,*,#3010,.T.);
#10165=DIRECTION('',(-0.232416,0.62397,0.746086));
#10166=VECTOR('',#10165,13.403284);
#10167=LINE('',#910,#10166);
#10168=EDGE_CURVE('',#911,#1119,#10167,.T.);
#10169=ORIENTED_EDGE('',*,*,#10168,.T.);
#10170=DIRECTION('',(-0.228329,0.662463,0.713448));
#10171=VECTOR('',#10170,14.016435);
#10172=LINE('',#908,#10171);
#10173=EDGE_CURVE('',#909,#1119,#10172,.T.);
#10174=ORIENTED_EDGE('',*,*,#10173,.F.);
#10175=EDGE_LOOP('',(#10164,#10169,#10174));
#10176=FACE_OUTER_BOUND('',#10175,.T.);
#10177=ADVANCED_FACE('',(#10176),#10163,.T.);
#10178=DIRECTION('',(0.336061,-0.697838,0.632523));
#10179=DIRECTION('',(0,-0.671582,-0.74093));
#10180=AXIS2_PLACEMENT_3D('',#1146,#10178,#10179);
#10181=PLANE('',#10180);
#10182=ORIENTED_EDGE('',*,*,#10108,.F.);
#10183=ORIENTED_EDGE('',*,*,#2980,.T.);
#10184=DIRECTION('',(-0.335447,0.53886,0.772726));
#10185=VECTOR('',#10184,12.941194);
#10186=LINE('',#932,#10185);
#10187=EDGE_CURVE('',#933,#1183,#10186,.T.);
#10188=ORIENTED_EDGE('',*,*,#10187,.T.);
#10189=ORIENTED_EDGE('',*,*,#6957,.F.);
#10190=EDGE_LOOP('',(#10182,#10183,#10188,#10189));
#10191=FACE_OUTER_BOUND('',#10190,.T.);
#10192=ADVANCED_FACE('',(#10191),#10181,.T.);
#10193=DIRECTION('',(-0.848946,-0.52848,-0));
#10194=DIRECTION('',(0,0,-1));
#10195=AXIS2_PLACEMENT_3D('',#1180,#10193,#10194);
#10196=PLANE('',#10195);
#10197=DIRECTION('',(-0.348006,0.559035,0.752577));
#10198=VECTOR('',#10197,13.287683);
#10199=LINE('',#922,#10198);
#10200=EDGE_CURVE('',#923,#1181,#10199,.T.);
#10201=ORIENTED_EDGE('',*,*,#10200,.F.);
#10202=ORIENTED_EDGE('',*,*,#2965,.T.);
#10203=DIRECTION('',(-0.353921,0.568537,0.742634));
#10204=VECTOR('',#10203,13.465577);
#10205=LINE('',#926,#10204);
#10206=EDGE_CURVE('',#927,#1177,#10205,.T.);
#10207=ORIENTED_EDGE('',*,*,#10206,.T.);
#10208=ORIENTED_EDGE('',*,*,#6972,.T.);
#10209=EDGE_LOOP('',(#10201,#10202,#10207,#10208));
#10210=FACE_OUTER_BOUND('',#10209,.T.);
#10211=ADVANCED_FACE('',(#10210),#10196,.T.);
#10212=DIRECTION('',(-0.848946,-0.52848,-0));
#10213=DIRECTION('',(0,0,-1));
#10214=AXIS2_PLACEMENT_3D('',#1182,#10212,#10213);
#10215=PLANE('',#10214);
#10216=ORIENTED_EDGE('',*,*,#10187,.F.);
#10217=ORIENTED_EDGE('',*,*,#2975,.F.);
#10218=DIRECTION('',(-0.341851,0.549147,0.762611));
#10219=VECTOR('',#10218,13.112847);
#10220=LINE('',#924,#10219);
#10221=EDGE_CURVE('',#925,#1175,#10220,.T.);
#10222=ORIENTED_EDGE('',*,*,#10221,.T.);
#10223=ORIENTED_EDGE('',*,*,#6962,.T.);
#10224=EDGE_LOOP('',(#10216,#10217,#10222,#10223));
#10225=FACE_OUTER_BOUND('',#10224,.T.);
#10226=ADVANCED_FACE('',(#10225),#10215,.T.);
#10227=DIRECTION('',(-0.848946,-0.52848,-0));
#10228=DIRECTION('',(0,0,-1));
#10229=AXIS2_PLACEMENT_3D('',#920,#10227,#10228);
#10230=PLANE('',#10229);
#10231=DIRECTION('',(-0.359604,0.577666,0.732794));
#10232=VECTOR('',#10231,13.646409);
#10233=LINE('',#920,#10232);
#10234=EDGE_CURVE('',#921,#1179,#10233,.T.);
#10235=ORIENTED_EDGE('',*,*,#10234,.T.);
#10236=ORIENTED_EDGE('',*,*,#6977,.F.);
#10237=DIRECTION('',(-0.372125,0.597779,0.710059));
#10238=VECTOR('',#10237,14.083333);
#10239=LINE('',#920,#10238);
#10240=EDGE_CURVE('',#921,#1177,#10239,.T.);
#10241=ORIENTED_EDGE('',*,*,#10240,.F.);
#10242=EDGE_LOOP('',(#10235,#10236,#10241));
#10243=FACE_OUTER_BOUND('',#10242,.T.);
#10244=ADVANCED_FACE('',(#10243),#10230,.T.);
#10245=DIRECTION('',(-0.848946,-0.52848,0.000001));
#10246=DIRECTION('',(0,-0.000002,-1));
#10247=AXIS2_PLACEMENT_3D('',#922,#10245,#10246);
#10248=PLANE('',#10247);
#10249=DIRECTION('',(-0.361571,0.580825,0.729321));
#10250=VECTOR('',#10249,13.711392);
#10251=LINE('',#922,#10250);
#10252=EDGE_CURVE('',#923,#1175,#10251,.T.);
#10253=ORIENTED_EDGE('',*,*,#10252,.T.);
#10254=ORIENTED_EDGE('',*,*,#10221,.F.);
#10255=ORIENTED_EDGE('',*,*,#2970,.F.);
#10256=EDGE_LOOP('',(#10253,#10254,#10255));
#10257=FACE_OUTER_BOUND('',#10256,.T.);
#10258=ADVANCED_FACE('',(#10257),#10248,.T.);
#10259=DIRECTION('',(-0.674689,-0.702287,0.227129));
#10260=DIRECTION('',(0,-0.30772,-0.951477));
#10261=AXIS2_PLACEMENT_3D('',#1124,#10259,#10260);
#10262=PLANE('',#10261);
#10263=DIRECTION('',(-0.366245,0.585701,0.723062));
#10264=VECTOR('',#10263,13.830066);
#10265=LINE('',#928,#10264);
#10266=EDGE_CURVE('',#929,#1125,#10265,.T.);
#10267=ORIENTED_EDGE('',*,*,#10266,.F.);
#10268=ORIENTED_EDGE('',*,*,#2950,.T.);
#10269=DIRECTION('',(-0.396288,0.604271,0.69124));
#10270=VECTOR('',#10269,14.466761);
#10271=LINE('',#930,#10270);
#10272=EDGE_CURVE('',#931,#1125,#10271,.T.);
#10273=ORIENTED_EDGE('',*,*,#10272,.T.);
#10274=EDGE_LOOP('',(#10267,#10268,#10273));
#10275=FACE_OUTER_BOUND('',#10274,.T.);
#10276=ADVANCED_FACE('',(#10275),#10262,.T.);
#10277=DIRECTION('',(-0.807109,-0.586658,0.066393));
#10278=DIRECTION('',(0,-0.112454,-0.993657));
#10279=AXIS2_PLACEMENT_3D('',#928,#10277,#10278);
#10280=PLANE('',#10279);
#10281=DIRECTION('',(-0.380927,0.603359,0.700608));
#10282=VECTOR('',#10281,14.273309);
#10283=LINE('',#928,#10282);
#10284=EDGE_CURVE('',#929,#1179,#10283,.T.);
#10285=ORIENTED_EDGE('',*,*,#10284,.T.);
#10286=ORIENTED_EDGE('',*,*,#10234,.F.);
#10287=ORIENTED_EDGE('',*,*,#2955,.T.);
#10288=EDGE_LOOP('',(#10285,#10286,#10287));
#10289=FACE_OUTER_BOUND('',#10288,.T.);
#10290=ADVANCED_FACE('',(#10289),#10280,.T.);
#10291=DIRECTION('',(-0.586166,-0.747896,0.311546));
#10292=DIRECTION('',(0,-0.384534,-0.923111));
#10293=AXIS2_PLACEMENT_3D('',#916,#10291,#10292);
#10294=PLANE('',#10293);
#10295=DIRECTION('',(-0.386296,0.596003,0.703957));
#10296=VECTOR('',#10295,14.205411);
#10297=LINE('',#916,#10296);
#10298=EDGE_CURVE('',#917,#1129,#10297,.T.);
#10299=ORIENTED_EDGE('',*,*,#10298,.T.);
#10300=ORIENTED_EDGE('',*,*,#6992,.F.);
#10301=DIRECTION('',(-0.375574,0.591554,0.713448));
#10302=VECTOR('',#10301,14.016435);
#10303=LINE('',#930,#10302);
#10304=EDGE_CURVE('',#931,#1127,#10303,.T.);
#10305=ORIENTED_EDGE('',*,*,#10304,.F.);
#10306=ORIENTED_EDGE('',*,*,#2945,.F.);
#10307=EDGE_LOOP('',(#10299,#10300,#10305,#10306));
#10308=FACE_OUTER_BOUND('',#10307,.T.);
#10309=ADVANCED_FACE('',(#10308),#10294,.T.);
#10310=DIRECTION('',(-0.448559,-0.7876,0.42247));
#10311=DIRECTION('',(0,-0.472692,-0.881228));
#10312=AXIS2_PLACEMENT_3D('',#960,#10310,#10311);
#10313=PLANE('',#10312);
#10314=DIRECTION('',(-0.438354,0.605804,0.663963));
#10315=VECTOR('',#10314,15.061075);
#10316=LINE('',#960,#10315);
#10317=EDGE_CURVE('',#961,#1131,#10316,.T.);
#10318=ORIENTED_EDGE('',*,*,#10317,.T.);
#10319=DIRECTION('',(-0.398021,0.599264,0.694595));
#10320=VECTOR('',#10319,14.396889);
#10321=LINE('',#962,#10320);
#10322=EDGE_CURVE('',#963,#1131,#10321,.T.);
#10323=ORIENTED_EDGE('',*,*,#10322,.F.);
#10324=ORIENTED_EDGE('',*,*,#2935,.F.);
#10325=EDGE_LOOP('',(#10318,#10323,#10324));
#10326=FACE_OUTER_BOUND('',#10325,.T.);
#10327=ADVANCED_FACE('',(#10326),#10313,.T.);
#10328=DIRECTION('',(-0.390496,-0.795179,0.4639));
#10329=DIRECTION('',(0,-0.503908,-0.863757));
#10330=AXIS2_PLACEMENT_3D('',#964,#10328,#10329);
#10331=PLANE('',#10330);
#10332=DIRECTION('',(-0.452954,0.60465,0.655158));
#10333=VECTOR('',#10332,15.263496);
#10334=LINE('',#964,#10333);
#10335=EDGE_CURVE('',#965,#1133,#10334,.T.);
#10336=ORIENTED_EDGE('',*,*,#10335,.T.);
#10337=DIRECTION('',(-0.410538,0.601443,0.685365));
#10338=VECTOR('',#10337,14.590772);
#10339=LINE('',#960,#10338);
#10340=EDGE_CURVE('',#961,#1133,#10339,.T.);
#10341=ORIENTED_EDGE('',*,*,#10340,.F.);
#10342=ORIENTED_EDGE('',*,*,#2930,.T.);
#10343=EDGE_LOOP('',(#10336,#10341,#10342));
#10344=FACE_OUTER_BOUND('',#10343,.T.);
#10345=ADVANCED_FACE('',(#10344),#10331,.T.);
#10346=DIRECTION('',(-0.512934,-0.773115,0.373084));
#10347=DIRECTION('',(0,-0.434613,-0.900617));
#10348=AXIS2_PLACEMENT_3D('',#1128,#10346,#10347);
#10349=PLANE('',#10348);
#10350=ORIENTED_EDGE('',*,*,#10298,.F.);
#10351=ORIENTED_EDGE('',*,*,#2940,.T.);
#10352=DIRECTION('',(-0.424078,0.60609,0.672913));
#10353=VECTOR('',#10352,14.860756);
#10354=LINE('',#962,#10353);
#10355=EDGE_CURVE('',#963,#1129,#10354,.T.);
#10356=ORIENTED_EDGE('',*,*,#10355,.T.);
#10357=EDGE_LOOP('',(#10350,#10351,#10356));
#10358=FACE_OUTER_BOUND('',#10357,.T.);
#10359=ADVANCED_FACE('',(#10358),#10349,.T.);
#10360=DIRECTION('',(-0.848947,-0.528479,-0.000001));
#10361=DIRECTION('',(0,0.000002,-1));
#10362=AXIS2_PLACEMENT_3D('',#926,#10360,#10361);
#10363=PLANE('',#10362);
#10364=ORIENTED_EDGE('',*,*,#2960,.F.);
#10365=ORIENTED_EDGE('',*,*,#10240,.T.);
#10366=ORIENTED_EDGE('',*,*,#10206,.F.);
#10367=EDGE_LOOP('',(#10364,#10365,#10366));
#10368=FACE_OUTER_BOUND('',#10367,.T.);
#10369=ADVANCED_FACE('',(#10368),#10363,.T.);
#10370=DIRECTION('',(-0.848947,-0.528479,-0.000001));
#10371=DIRECTION('',(0,0.000002,-1));
#10372=AXIS2_PLACEMENT_3D('',#1174,#10370,#10371);
#10373=PLANE('',#10372);
#10374=ORIENTED_EDGE('',*,*,#10252,.F.);
#10375=ORIENTED_EDGE('',*,*,#10200,.T.);
#10376=ORIENTED_EDGE('',*,*,#6967,.F.);
#10377=EDGE_LOOP('',(#10374,#10375,#10376));
#10378=FACE_OUTER_BOUND('',#10377,.T.);
#10379=ADVANCED_FACE('',(#10378),#10373,.T.);
#10380=DIRECTION('',(0.704138,0.710063,0));
#10381=DIRECTION('',(0,0,1));
#10382=AXIS2_PLACEMENT_3D('',#982,#10380,#10381);
#10383=PLANE('',#10382);
#10384=DIRECTION('',(-0.447563,0.443828,0.77634));
#10385=VECTOR('',#10384,12.880953);
#10386=LINE('',#982,#10385);
#10387=EDGE_CURVE('',#983,#1195,#10386,.T.);
#10388=ORIENTED_EDGE('',*,*,#10387,.T.);
#10389=ORIENTED_EDGE('',*,*,#7067,.F.);
#10390=DIRECTION('',(-0.456289,0.452481,0.766199));
#10391=VECTOR('',#10390,13.051443);
#10392=LINE('',#976,#10391);
#10393=EDGE_CURVE('',#977,#1191,#10392,.T.);
#10394=ORIENTED_EDGE('',*,*,#10393,.F.);
#10395=ORIENTED_EDGE('',*,*,#2865,.T.);
#10396=EDGE_LOOP('',(#10388,#10389,#10394,#10395));
#10397=FACE_OUTER_BOUND('',#10396,.T.);
#10398=ADVANCED_FACE('',(#10397),#10383,.T.);
#10399=DIRECTION('',(0.704138,0.710063,0));
#10400=DIRECTION('',(0,0,1));
#10401=AXIS2_PLACEMENT_3D('',#1186,#10399,#10400);
#10402=PLANE('',#10401);
#10403=DIRECTION('',(-0.42905,0.425469,0.796802));
#10404=VECTOR('',#10403,12.550177);
#10405=LINE('',#980,#10404);
#10406=EDGE_CURVE('',#981,#1187,#10405,.T.);
#10407=ORIENTED_EDGE('',*,*,#10406,.F.);
#10408=DIRECTION('',(-0.450705,0.446944,0.772726));
#10409=VECTOR('',#10408,12.941194);
#10410=LINE('',#980,#10409);
#10411=EDGE_CURVE('',#981,#1185,#10410,.T.);
#10412=ORIENTED_EDGE('',*,*,#10411,.T.);
#10413=ORIENTED_EDGE('',*,*,#7082,.T.);
#10414=EDGE_LOOP('',(#10407,#10412,#10413));
#10415=FACE_OUTER_BOUND('',#10414,.T.);
#10416=ADVANCED_FACE('',(#10415),#10402,.T.);
#10417=DIRECTION('',(0.704138,0.710063,0));
#10418=DIRECTION('',(0,0,1));
#10419=AXIS2_PLACEMENT_3D('',#1186,#10417,#10418);
#10420=PLANE('',#10419);
#10421=ORIENTED_EDGE('',*,*,#7077,.T.);
#10422=DIRECTION('',(-0.438487,0.434828,0.786546));
#10423=VECTOR('',#10422,12.713819);
#10424=LINE('',#978,#10423);
#10425=EDGE_CURVE('',#979,#1193,#10424,.T.);
#10426=ORIENTED_EDGE('',*,*,#10425,.F.);
#10427=DIRECTION('',(-0.45931,0.455477,0.762611));
#10428=VECTOR('',#10427,13.112846);
#10429=LINE('',#978,#10428);
#10430=EDGE_CURVE('',#979,#1187,#10429,.T.);
#10431=ORIENTED_EDGE('',*,*,#10430,.T.);
#10432=EDGE_LOOP('',(#10421,#10426,#10431));
#10433=FACE_OUTER_BOUND('',#10432,.T.);
#10434=ADVANCED_FACE('',(#10433),#10420,.T.);
#10435=DIRECTION('',(0.704138,0.710063,0.000001));
#10436=DIRECTION('',(0,-0.000001,1));
#10437=AXIS2_PLACEMENT_3D('',#1192,#10435,#10436);
#10438=PLANE('',#10437);
#10439=DIRECTION('',(-0.46758,0.463678,0.752577));
#10440=VECTOR('',#10439,13.287683);
#10441=LINE('',#982,#10440);
#10442=EDGE_CURVE('',#983,#1193,#10441,.T.);
#10443=ORIENTED_EDGE('',*,*,#10442,.F.);
#10444=ORIENTED_EDGE('',*,*,#2860,.F.);
#10445=ORIENTED_EDGE('',*,*,#10425,.T.);
#10446=EDGE_LOOP('',(#10443,#10444,#10445));
#10447=FACE_OUTER_BOUND('',#10446,.T.);
#10448=ADVANCED_FACE('',(#10447),#10438,.T.);
#10449=DIRECTION('',(0.704137,0.710064,-0.000001));
#10450=DIRECTION('',(-0,0.000001,1));
#10451=AXIS2_PLACEMENT_3D('',#978,#10449,#10450);
#10452=PLANE('',#10451);
#10453=ORIENTED_EDGE('',*,*,#2855,.T.);
#10454=ORIENTED_EDGE('',*,*,#10406,.T.);
#10455=ORIENTED_EDGE('',*,*,#10430,.F.);
#10456=EDGE_LOOP('',(#10453,#10454,#10455));
#10457=FACE_OUTER_BOUND('',#10456,.T.);
#10458=ADVANCED_FACE('',(#10457),#10452,.T.);
#10459=DIRECTION('',(0.704137,0.710064,-0.000001));
#10460=DIRECTION('',(-0,0.000001,1));
#10461=AXIS2_PLACEMENT_3D('',#986,#10459,#10460);
#10462=PLANE('',#10461);
#10463=ORIENTED_EDGE('',*,*,#2870,.F.);
#10464=ORIENTED_EDGE('',*,*,#10393,.T.);
#10465=DIRECTION('',(-0.483163,0.479131,0.732794));
#10466=VECTOR('',#10465,13.646409);
#10467=LINE('',#986,#10466);
#10468=EDGE_CURVE('',#987,#1191,#10467,.T.);
#10469=ORIENTED_EDGE('',*,*,#10468,.F.);
#10470=EDGE_LOOP('',(#10463,#10464,#10469));
#10471=FACE_OUTER_BOUND('',#10470,.T.);
#10472=ADVANCED_FACE('',(#10471),#10462,.T.);
#10473=DIRECTION('',(0.605561,-0.482919,0.632523));
#10474=DIRECTION('',(0,-0.794828,-0.606835));
#10475=AXIS2_PLACEMENT_3D('',#996,#10473,#10474);
#10476=PLANE('',#10475);
#10477=DIRECTION('',(-0.53603,0.339951,0.772726));
#10478=VECTOR('',#10477,12.941194);
#10479=LINE('',#996,#10478);
#10480=EDGE_CURVE('',#997,#1205,#10479,.T.);
#10481=ORIENTED_EDGE('',*,*,#10480,.T.);
#10482=ORIENTED_EDGE('',*,*,#7087,.F.);
#10483=ORIENTED_EDGE('',*,*,#10411,.F.);
#10484=ORIENTED_EDGE('',*,*,#2850,.T.);
#10485=EDGE_LOOP('',(#10481,#10482,#10483,#10484));
#10486=FACE_OUTER_BOUND('',#10485,.T.);
#10487=ADVANCED_FACE('',(#10486),#10476,.T.);
#10488=DIRECTION('',(-0.337372,-0.79787,0.499582));
#10489=DIRECTION('',(0,-0.530696,-0.847562));
#10490=AXIS2_PLACEMENT_3D('',#1138,#10488,#10489);
#10491=PLANE('',#10490);
#10492=DIRECTION('',(-0.423705,0.602604,0.676271));
#10493=VECTOR('',#10492,14.786966);
#10494=LINE('',#964,#10493);
#10495=EDGE_CURVE('',#965,#1139,#10494,.T.);
#10496=ORIENTED_EDGE('',*,*,#10495,.F.);
#10497=ORIENTED_EDGE('',*,*,#2925,.T.);
#10498=DIRECTION('',(-0.467847,0.602627,0.646499));
#10499=VECTOR('',#10498,15.467935);
#10500=LINE('',#968,#10499);
#10501=EDGE_CURVE('',#969,#1139,#10500,.T.);
#10502=ORIENTED_EDGE('',*,*,#10501,.T.);
#10503=EDGE_LOOP('',(#10496,#10497,#10502));
#10504=FACE_OUTER_BOUND('',#10503,.T.);
#10505=ADVANCED_FACE('',(#10504),#10491,.T.);
#10506=DIRECTION('',(-0.288325,-0.796905,0.53086));
#10507=DIRECTION('',(0,-0.554404,-0.832248));
#10508=AXIS2_PLACEMENT_3D('',#968,#10506,#10507);
#10509=PLANE('',#10508);
#10510=ORIENTED_EDGE('',*,*,#2920,.F.);
#10511=DIRECTION('',(-0.48299,0.599745,0.637986));
#10512=VECTOR('',#10511,15.674314);
#10513=LINE('',#966,#10512);
#10514=EDGE_CURVE('',#967,#1135,#10513,.T.);
#10515=ORIENTED_EDGE('',*,*,#10514,.T.);
#10516=DIRECTION('',(-0.437411,0.602793,0.667317));
#10517=VECTOR('',#10516,14.985378);
#10518=LINE('',#968,#10517);
#10519=EDGE_CURVE('',#969,#1135,#10518,.T.);
#10520=ORIENTED_EDGE('',*,*,#10519,.F.);
#10521=EDGE_LOOP('',(#10510,#10515,#10520));
#10522=FACE_OUTER_BOUND('',#10521,.T.);
#10523=ADVANCED_FACE('',(#10522),#10509,.T.);
#10524=DIRECTION('',(0.410673,-0.514968,0.752433));
#10525=DIRECTION('',(0,-0.825233,-0.564793));
#10526=AXIS2_PLACEMENT_3D('',#970,#10524,#10525);
#10527=PLANE('',#10526);
#10528=DIRECTION('',(-0.486466,0.574214,0.658505));
#10529=VECTOR('',#10528,15.185923);
#10530=LINE('',#970,#10529);
#10531=EDGE_CURVE('',#971,#1141,#10530,.T.);
#10532=ORIENTED_EDGE('',*,*,#10531,.T.);
#10533=ORIENTED_EDGE('',*,*,#7022,.F.);
#10534=DIRECTION('',(-0.451569,0.602044,0.658505));
#10535=VECTOR('',#10534,15.185922);
#10536=LINE('',#966,#10535);
#10537=EDGE_CURVE('',#967,#1137,#10536,.T.);
#10538=ORIENTED_EDGE('',*,*,#10537,.F.);
#10539=ORIENTED_EDGE('',*,*,#2915,.T.);
#10540=EDGE_LOOP('',(#10532,#10533,#10538,#10539));
#10541=FACE_OUTER_BOUND('',#10540,.T.);
#10542=ADVANCED_FACE('',(#10541),#10527,.T.);
#10543=DIRECTION('',(0.841083,0.103768,0.530859));
#10544=DIRECTION('',(0,-0.981426,0.191841));
#10545=AXIS2_PLACEMENT_3D('',#1142,#10543,#10544);
#10546=PLANE('',#10545);
#10547=ORIENTED_EDGE('',*,*,#7027,.F.);
#10548=ORIENTED_EDGE('',*,*,#10531,.F.);
#10549=ORIENTED_EDGE('',*,*,#2910,.T.);
#10550=DIRECTION('',(-0.490346,0.560579,0.667317));
#10551=VECTOR('',#10550,14.985378);
#10552=LINE('',#992,#10551);
#10553=EDGE_CURVE('',#993,#1143,#10552,.T.);
#10554=ORIENTED_EDGE('',*,*,#10553,.T.);
#10555=EDGE_LOOP('',(#10547,#10548,#10549,#10554));
#10556=FACE_OUTER_BOUND('',#10555,.T.);
#10557=ADVANCED_FACE('',(#10556),#10546,.T.);
#10558=DIRECTION('',(0.852938,0.15137,0.499583));
#10559=DIRECTION('',(0,-0.957034,0.289974));
#10560=AXIS2_PLACEMENT_3D('',#1142,#10558,#10559);
#10561=PLANE('',#10560);
#10562=ORIENTED_EDGE('',*,*,#10553,.F.);
#10563=ORIENTED_EDGE('',*,*,#2905,.F.);
#10564=DIRECTION('',(-0.493212,0.547174,0.676271));
#10565=VECTOR('',#10564,14.786966);
#10566=LINE('',#990,#10565);
#10567=EDGE_CURVE('',#991,#1145,#10566,.T.);
#10568=ORIENTED_EDGE('',*,*,#10567,.T.);
#10569=ORIENTED_EDGE('',*,*,#7032,.F.);
#10570=EDGE_LOOP('',(#10562,#10563,#10568,#10569));
#10571=FACE_OUTER_BOUND('',#10570,.T.);
#10572=ADVANCED_FACE('',(#10571),#10561,.T.);
#10573=DIRECTION('',(0.862136,0.203763,0.463899));
#10574=DIRECTION('',(0,-0.915571,0.402156));
#10575=AXIS2_PLACEMENT_3D('',#1144,#10573,#10574);
#10576=PLANE('',#10575);
#10577=ORIENTED_EDGE('',*,*,#10567,.F.);
#10578=ORIENTED_EDGE('',*,*,#2900,.T.);
#10579=DIRECTION('',(-0.498895,0.501245,0.707006));
#10580=VECTOR('',#10579,14.144153);
#10581=LINE('',#994,#10580);
#10582=EDGE_CURVE('',#995,#1145,#10581,.T.);
#10583=ORIENTED_EDGE('',*,*,#10582,.T.);
#10584=EDGE_LOOP('',(#10577,#10578,#10583));
#10585=FACE_OUTER_BOUND('',#10584,.T.);
#10586=ADVANCED_FACE('',(#10585),#10576,.T.);
#10587=DIRECTION('',(0.86787,0.328038,0.373085));
#10588=DIRECTION('',(0,-0.75099,0.660314));
#10589=AXIS2_PLACEMENT_3D('',#972,#10587,#10588);
#10590=PLANE('',#10589);
#10591=ORIENTED_EDGE('',*,*,#2890,.T.);
#10592=DIRECTION('',(-0.495101,0.509234,0.703957));
#10593=VECTOR('',#10592,14.205411);
#10594=LINE('',#974,#10593);
#10595=EDGE_CURVE('',#975,#1189,#10594,.T.);
#10596=ORIENTED_EDGE('',*,*,#10595,.T.);
#10597=ORIENTED_EDGE('',*,*,#7047,.T.);
#10598=DIRECTION('',(-0.495672,0.521391,0.694595));
#10599=VECTOR('',#10598,14.396889);
#10600=LINE('',#972,#10599);
#10601=EDGE_CURVE('',#973,#1203,#10600,.T.);
#10602=ORIENTED_EDGE('',*,*,#10601,.F.);
#10603=EDGE_LOOP('',(#10591,#10596,#10597,#10602));
#10604=FACE_OUTER_BOUND('',#10603,.T.);
#10605=ADVANCED_FACE('',(#10604),#10590,.T.);
#10606=DIRECTION('',(0.859579,0.405049,0.311544));
#10607=DIRECTION('',(0,-0.609671,0.792654));
#10608=AXIS2_PLACEMENT_3D('',#974,#10606,#10607);
#10609=PLANE('',#10608);
#10610=ORIENTED_EDGE('',*,*,#2885,.T.);
#10611=DIRECTION('',(-0.487867,0.469126,0.736143));
#10612=VECTOR('',#10611,13.584324);
#10613=LINE('',#988,#10612);
#10614=EDGE_CURVE('',#989,#1189,#10613,.T.);
#10615=ORIENTED_EDGE('',*,*,#10614,.T.);
#10616=ORIENTED_EDGE('',*,*,#10595,.F.);
#10617=EDGE_LOOP('',(#10610,#10615,#10616));
#10618=FACE_OUTER_BOUND('',#10617,.T.);
#10619=ADVANCED_FACE('',(#10618),#10609,.T.);
#10620=DIRECTION('',(0.751548,0.656329,0.066393));
#10621=DIRECTION('',(0,-0.100644,0.994922));
#10622=AXIS2_PLACEMENT_3D('',#984,#10620,#10621);
#10623=PLANE('',#10622);
#10624=ORIENTED_EDGE('',*,*,#2875,.T.);
#10625=DIRECTION('',(-0.467089,0.458364,0.756128));
#10626=VECTOR('',#10625,13.225269);
#10627=LINE('',#986,#10626);
#10628=EDGE_CURVE('',#987,#1197,#10627,.T.);
#10629=ORIENTED_EDGE('',*,*,#10628,.T.);
#10630=DIRECTION('',(-0.489519,0.487393,0.723062));
#10631=VECTOR('',#10630,13.830066);
#10632=LINE('',#984,#10631);
#10633=EDGE_CURVE('',#985,#1197,#10632,.T.);
#10634=ORIENTED_EDGE('',*,*,#10633,.F.);
#10635=EDGE_LOOP('',(#10624,#10629,#10634));
#10636=FACE_OUTER_BOUND('',#10635,.T.);
#10637=ADVANCED_FACE('',(#10636),#10623,.T.);
#10638=DIRECTION('',(0.834812,0.501498,0.22713));
#10639=DIRECTION('',(0,-0.412563,0.910929));
#10640=AXIS2_PLACEMENT_3D('',#988,#10638,#10639);
#10641=PLANE('',#10640);
#10642=ORIENTED_EDGE('',*,*,#2880,.F.);
#10643=DIRECTION('',(-0.48013,0.461336,0.746086));
#10644=VECTOR('',#10643,13.403284);
#10645=LINE('',#984,#10644);
#10646=EDGE_CURVE('',#985,#1199,#10645,.T.);
#10647=ORIENTED_EDGE('',*,*,#10646,.T.);
#10648=DIRECTION('',(-0.493149,0.497791,0.713448));
#10649=VECTOR('',#10648,14.016435);
#10650=LINE('',#988,#10649);
#10651=EDGE_CURVE('',#989,#1199,#10650,.T.);
#10652=ORIENTED_EDGE('',*,*,#10651,.F.);
#10653=EDGE_LOOP('',(#10642,#10647,#10652));
#10654=FACE_OUTER_BOUND('',#10653,.T.);
#10655=ADVANCED_FACE('',(#10654),#10641,.T.);
#10656=DIRECTION('',(0.867667,0.262055,0.422469));
#10657=DIRECTION('',(0,-0.849791,0.52712));
#10658=AXIS2_PLACEMENT_3D('',#1200,#10656,#10657);
#10659=PLANE('',#10658);
#10660=DIRECTION('',(-0.49501,0.534079,0.685365));
#10661=VECTOR('',#10660,14.590772);
#10662=LINE('',#994,#10661);
#10663=EDGE_CURVE('',#995,#1201,#10662,.T.);
#10664=ORIENTED_EDGE('',*,*,#10663,.F.);
#10665=ORIENTED_EDGE('',*,*,#2895,.F.);
#10666=DIRECTION('',(-0.49678,0.489591,0.716596));
#10667=VECTOR('',#10666,13.954867);
#10668=LINE('',#972,#10667);
#10669=EDGE_CURVE('',#973,#1201,#10668,.T.);
#10670=ORIENTED_EDGE('',*,*,#10669,.T.);
#10671=EDGE_LOOP('',(#10664,#10665,#10670));
#10672=FACE_OUTER_BOUND('',#10671,.T.);
#10673=ADVANCED_FACE('',(#10672),#10659,.T.);
#10674=DIRECTION('',(-0.535576,-0.844487,-0));
#10675=DIRECTION('',(0,0,-1));
#10676=AXIS2_PLACEMENT_3D('',#1212,#10674,#10675);
#10677=PLANE('',#10676);
#10678=DIRECTION('',(-0.556099,0.352679,0.752577));
#10679=VECTOR('',#10678,13.287682);
#10680=LINE('',#1000,#10679);
#10681=EDGE_CURVE('',#1001,#1213,#10680,.T.);
#10682=ORIENTED_EDGE('',*,*,#10681,.F.);
#10683=ORIENTED_EDGE('',*,*,#2835,.T.);
#10684=DIRECTION('',(-0.586376,0.371881,0.71963));
#10685=VECTOR('',#10684,13.896025);
#10686=LINE('',#1004,#10685);
#10687=EDGE_CURVE('',#1005,#1213,#10686,.T.);
#10688=ORIENTED_EDGE('',*,*,#10687,.T.);
#10689=EDGE_LOOP('',(#10682,#10683,#10688));
#10690=FACE_OUTER_BOUND('',#10689,.T.);
#10691=ADVANCED_FACE('',(#10690),#10677,.T.);
#10692=DIRECTION('',(-0.535576,-0.844487,-0));
#10693=DIRECTION('',(0,0,-1));
#10694=AXIS2_PLACEMENT_3D('',#998,#10692,#10693);
#10695=PLANE('',#10694);
#10696=DIRECTION('',(-0.594639,0.377121,0.710059));
#10697=VECTOR('',#10696,14.083333);
#10698=LINE('',#998,#10697);
#10699=EDGE_CURVE('',#999,#1211,#10698,.T.);
#10700=ORIENTED_EDGE('',*,*,#10699,.T.);
#10701=DIRECTION('',(-0.565551,0.358673,0.742634));
#10702=VECTOR('',#10701,13.465576);
#10703=LINE('',#1004,#10702);
#10704=EDGE_CURVE('',#1005,#1211,#10703,.T.);
#10705=ORIENTED_EDGE('',*,*,#10704,.F.);
#10706=ORIENTED_EDGE('',*,*,#2830,.F.);
#10707=EDGE_LOOP('',(#10700,#10705,#10706));
#10708=FACE_OUTER_BOUND('',#10707,.T.);
#10709=ADVANCED_FACE('',(#10708),#10695,.T.);
#10710=DIRECTION('',(-0.535576,-0.844487,-0));
#10711=DIRECTION('',(0,0,-1));
#10712=AXIS2_PLACEMENT_3D('',#1204,#10710,#10711);
#10713=PLANE('',#10712);
#10714=ORIENTED_EDGE('',*,*,#10480,.F.);
#10715=ORIENTED_EDGE('',*,*,#2845,.T.);
#10716=DIRECTION('',(-0.568822,0.360748,0.739123));
#10717=VECTOR('',#10716,13.529543);
#10718=LINE('',#1002,#10717);
#10719=EDGE_CURVE('',#1003,#1205,#10718,.T.);
#10720=ORIENTED_EDGE('',*,*,#10719,.T.);
#10721=EDGE_LOOP('',(#10714,#10715,#10720));
#10722=FACE_OUTER_BOUND('',#10721,.T.);
#10723=ADVANCED_FACE('',(#10722),#10713,.T.);
#10724=DIRECTION('',(-0.535575,-0.844488,0));
#10725=DIRECTION('',(0,-0,-1));
#10726=AXIS2_PLACEMENT_3D('',#1002,#10724,#10725);
#10727=PLANE('',#10726);
#10728=ORIENTED_EDGE('',*,*,#2840,.F.);
#10729=DIRECTION('',(-0.577775,0.366426,0.729321));
#10730=VECTOR('',#10729,13.711393);
#10731=LINE('',#1000,#10730);
#10732=EDGE_CURVE('',#1001,#1209,#10731,.T.);
#10733=ORIENTED_EDGE('',*,*,#10732,.T.);
#10734=ORIENTED_EDGE('',*,*,#7092,.F.);
#10735=ORIENTED_EDGE('',*,*,#10719,.F.);
#10736=EDGE_LOOP('',(#10728,#10733,#10734,#10735));
#10737=FACE_OUTER_BOUND('',#10736,.T.);
#10738=ADVANCED_FACE('',(#10737),#10727,.T.);
#10739=DIRECTION('',(-0.535575,-0.844488,0));
#10740=DIRECTION('',(0,-0,-1));
#10741=AXIS2_PLACEMENT_3D('',#1212,#10739,#10740);
#10742=PLANE('',#10741);
#10743=ORIENTED_EDGE('',*,*,#10687,.F.);
#10744=ORIENTED_EDGE('',*,*,#10704,.T.);
#10745=ORIENTED_EDGE('',*,*,#7102,.T.);
#10746=EDGE_LOOP('',(#10743,#10744,#10745));
#10747=FACE_OUTER_BOUND('',#10746,.T.);
#10748=ADVANCED_FACE('',(#10747),#10742,.T.);
#10749=DIRECTION('',(-0.30316,-0.925476,0.227131));
#10750=DIRECTION('',(0,-0.238348,-0.97118));
#10751=AXIS2_PLACEMENT_3D('',#1206,#10749,#10750);
#10752=PLANE('',#10751);
#10753=DIRECTION('',(-0.584101,0.36879,0.723062));
#10754=VECTOR('',#10753,13.830067);
#10755=LINE('',#1006,#10754);
#10756=EDGE_CURVE('',#1007,#1207,#10755,.T.);
#10757=ORIENTED_EDGE('',*,*,#10756,.F.);
#10758=ORIENTED_EDGE('',*,*,#2820,.T.);
#10759=DIRECTION('',(-0.619226,0.372487,0.69124));
#10760=VECTOR('',#10759,14.466761);
#10761=LINE('',#1008,#10760);
#10762=EDGE_CURVE('',#1009,#1207,#10761,.T.);
#10763=ORIENTED_EDGE('',*,*,#10762,.T.);
#10764=EDGE_LOOP('',(#10757,#10758,#10763));
#10765=FACE_OUTER_BOUND('',#10764,.T.);
#10766=ADVANCED_FACE('',(#10765),#10752,.T.);
#10767=DIRECTION('',(-0.472639,-0.878751,0.066392));
#10768=DIRECTION('',(0,-0.075338,-0.997158));
#10769=AXIS2_PLACEMENT_3D('',#1006,#10767,#10768);
#10770=PLANE('',#10769);
#10771=DIRECTION('',(-0.604991,0.37833,0.700608));
#10772=VECTOR('',#10771,14.27331);
#10773=LINE('',#1006,#10772);
#10774=EDGE_CURVE('',#1007,#1215,#10773,.T.);
#10775=ORIENTED_EDGE('',*,*,#10774,.T.);
#10776=DIRECTION('',(-0.574632,0.364433,0.732794));
#10777=VECTOR('',#10776,13.646409);
#10778=LINE('',#998,#10777);
#10779=EDGE_CURVE('',#999,#1215,#10778,.T.);
#10780=ORIENTED_EDGE('',*,*,#10779,.F.);
#10781=ORIENTED_EDGE('',*,*,#2825,.T.);
#10782=EDGE_LOOP('',(#10775,#10780,#10781));
#10783=FACE_OUTER_BOUND('',#10782,.T.);
#10784=ADVANCED_FACE('',(#10783),#10770,.T.);
#10785=DIRECTION('',(-0.203618,-0.928159,0.311545));
#10786=DIRECTION('',(0,-0.318211,-0.94802));
#10787=AXIS2_PLACEMENT_3D('',#1024,#10785,#10786);
#10788=PLANE('',#10787);
#10789=DIRECTION('',(-0.632236,0.367621,0.682006));
#10790=VECTOR('',#10789,14.662622);
#10791=LINE('',#1024,#10790);
#10792=EDGE_CURVE('',#1025,#1221,#10791,.T.);
#10793=ORIENTED_EDGE('',*,*,#10792,.T.);
#10794=DIRECTION('',(-0.595046,0.370016,0.713448));
#10795=VECTOR('',#10794,14.016434);
#10796=LINE('',#1008,#10795);
#10797=EDGE_CURVE('',#1009,#1221,#10796,.T.);
#10798=ORIENTED_EDGE('',*,*,#10797,.F.);
#10799=ORIENTED_EDGE('',*,*,#2815,.T.);
#10800=EDGE_LOOP('',(#10793,#10798,#10799));
#10801=FACE_OUTER_BOUND('',#10800,.T.);
#10802=ADVANCED_FACE('',(#10801),#10788,.T.);
#10803=DIRECTION('',(-0.126696,-0.919107,0.373083));
#10804=DIRECTION('',(0,-0.376114,-0.926573));
#10805=AXIS2_PLACEMENT_3D('',#1222,#10803,#10804);
#10806=PLANE('',#10805);
#10807=DIRECTION('',(-0.606637,0.369373,0.703957));
#10808=VECTOR('',#10807,14.20541);
#10809=LINE('',#1024,#10808);
#10810=EDGE_CURVE('',#1025,#1223,#10809,.T.);
#10811=ORIENTED_EDGE('',*,*,#10810,.F.);
#10812=ORIENTED_EDGE('',*,*,#2810,.F.);
#10813=DIRECTION('',(-0.645054,0.362067,0.672913));
#10814=VECTOR('',#10813,14.860756);
#10815=LINE('',#1022,#10814);
#10816=EDGE_CURVE('',#1023,#1223,#10815,.T.);
#10817=ORIENTED_EDGE('',*,*,#10816,.T.);
#10818=EDGE_LOOP('',(#10811,#10812,#10817));
#10819=FACE_OUTER_BOUND('',#10818,.T.);
#10820=ADVANCED_FACE('',(#10819),#10806,.T.);
#10821=DIRECTION('',(-0.062411,-0.904226,0.422469));
#10822=DIRECTION('',(0,-0.423294,-0.905992));
#10823=AXIS2_PLACEMENT_3D('',#1224,#10821,#10822);
#10824=PLANE('',#10823);
#10825=DIRECTION('',(-0.618616,0.367224,0.694594));
#10826=VECTOR('',#10825,14.39689);
#10827=LINE('',#1022,#10826);
#10828=EDGE_CURVE('',#1023,#1225,#10827,.T.);
#10829=ORIENTED_EDGE('',*,*,#10828,.F.);
#10830=ORIENTED_EDGE('',*,*,#2805,.T.);
#10831=DIRECTION('',(-0.657792,0.355616,0.663963));
#10832=VECTOR('',#10831,15.061075);
#10833=LINE('',#1026,#10832);
#10834=EDGE_CURVE('',#1027,#1225,#10833,.T.);
#10835=ORIENTED_EDGE('',*,*,#10834,.T.);
#10836=EDGE_LOOP('',(#10829,#10830,#10835));
#10837=FACE_OUTER_BOUND('',#10836,.T.);
#10838=ADVANCED_FACE('',(#10837),#10824,.T.);
#10839=DIRECTION('',(-0.00681,-0.885861,0.4639));
#10840=DIRECTION('',(0,-0.463911,-0.885882));
#10841=AXIS2_PLACEMENT_3D('',#1228,#10839,#10840);
#10842=PLANE('',#10841);
#10843=ORIENTED_EDGE('',*,*,#7137,.F.);
#10844=DIRECTION('',(-0.630839,0.363755,0.685365));
#10845=VECTOR('',#10844,14.590772);
#10846=LINE('',#1026,#10845);
#10847=EDGE_CURVE('',#1027,#1227,#10846,.T.);
#10848=ORIENTED_EDGE('',*,*,#10847,.F.);
#10849=ORIENTED_EDGE('',*,*,#2800,.T.);
#10850=DIRECTION('',(-0.643205,0.359088,0.676271));
#10851=VECTOR('',#10850,14.786965);
#10852=LINE('',#1028,#10851);
#10853=EDGE_CURVE('',#1029,#1229,#10852,.T.);
#10854=ORIENTED_EDGE('',*,*,#10853,.T.);
#10855=EDGE_LOOP('',(#10843,#10848,#10849,#10854));
#10856=FACE_OUTER_BOUND('',#10855,.T.);
#10857=ADVANCED_FACE('',(#10856),#10842,.T.);
#10858=DIRECTION('',(0.534547,0.814047,0.227129));
#10859=DIRECTION('',(0,-0.268747,0.963211));
#10860=AXIS2_PLACEMENT_3D('',#1034,#10858,#10859);
#10861=PLANE('',#10860);
#10862=ORIENTED_EDGE('',*,*,#2750,.T.);
#10863=DIRECTION('',(-0.632748,0.207329,0.746086));
#10864=VECTOR('',#10863,13.403283);
#10865=LINE('',#1036,#10864);
#10866=EDGE_CURVE('',#1037,#1249,#10865,.T.);
#10867=ORIENTED_EDGE('',*,*,#10866,.T.);
#10868=DIRECTION('',(-0.660295,0.234524,0.713448));
#10869=VECTOR('',#10868,14.016435);
#10870=LINE('',#1034,#10869);
#10871=EDGE_CURVE('',#1035,#1249,#10870,.T.);
#10872=ORIENTED_EDGE('',*,*,#10871,.F.);
#10873=EDGE_LOOP('',(#10862,#10867,#10872));
#10874=FACE_OUTER_BOUND('',#10873,.T.);
#10875=ADVANCED_FACE('',(#10874),#10861,.T.);
#10876=DIRECTION('',(0.59871,0.737893,0.311546));
#10877=DIRECTION('',(0,-0.388963,0.921254));
#10878=AXIS2_PLACEMENT_3D('',#1042,#10876,#10877);
#10879=PLANE('',#10878);
#10880=ORIENTED_EDGE('',*,*,#2755,.F.);
#10881=DIRECTION('',(-0.6431,0.21099,0.736143));
#10882=VECTOR('',#10881,13.584325);
#10883=LINE('',#1034,#10882);
#10884=EDGE_CURVE('',#1035,#1251,#10883,.T.);
#10885=ORIENTED_EDGE('',*,*,#10884,.T.);
#10886=DIRECTION('',(-0.667019,0.243987,0.703957));
#10887=VECTOR('',#10886,14.205411);
#10888=LINE('',#1042,#10887);
#10889=EDGE_CURVE('',#1043,#1251,#10888,.T.);
#10890=ORIENTED_EDGE('',*,*,#10889,.F.);
#10891=EDGE_LOOP('',(#10880,#10885,#10890));
#10892=FACE_OUTER_BOUND('',#10891,.T.);
#10893=ADVANCED_FACE('',(#10892),#10879,.T.);
#10894=DIRECTION('',(0.326321,0.945259,0));
#10895=DIRECTION('',(0,0,1));
#10896=AXIS2_PLACEMENT_3D('',#1032,#10894,#10895);
#10897=PLANE('',#10896);
#10898=ORIENTED_EDGE('',*,*,#2740,.F.);
#10899=ORIENTED_EDGE('',*,*,#2735,.F.);
#10900=ORIENTED_EDGE('',*,*,#2730,.T.);
#10901=ORIENTED_EDGE('',*,*,#2725,.F.);
#10902=DIRECTION('',(-0.599993,0.207129,0.772726));
#10903=VECTOR('',#10902,12.941194);
#10904=LINE('',#1014,#10903);
#10905=EDGE_CURVE('',#1015,#1217,#10904,.T.);
#10906=ORIENTED_EDGE('',*,*,#10905,.T.);
#10907=ORIENTED_EDGE('',*,*,#7212,.T.);
#10908=ORIENTED_EDGE('',*,*,#7207,.T.);
#10909=ORIENTED_EDGE('',*,*,#7202,.T.);
#10910=ORIENTED_EDGE('',*,*,#7197,.F.);
#10911=DIRECTION('',(-0.643203,0.222046,0.732793));
#10912=VECTOR('',#10911,13.64641);
#10913=LINE('',#1032,#10912);
#10914=EDGE_CURVE('',#1033,#1241,#10913,.T.);
#10915=ORIENTED_EDGE('',*,*,#10914,.F.);
#10916=EDGE_LOOP('',(#10898,#10899,#10900,#10901,#10906,#10907,#10908,#10909,#10910,#10915));
#10917=FACE_OUTER_BOUND('',#10916,.T.);
#10918=ADVANCED_FACE('',(#10917),#10897,.T.);
#10919=DIRECTION('',(0.755122,-0.172352,0.632523));
#10920=DIRECTION('',(0,-0.964824,-0.262898));
#10921=AXIS2_PLACEMENT_3D('',#1014,#10919,#10920);
#10922=PLANE('',#10921);
#10923=ORIENTED_EDGE('',*,*,#2720,.T.);
#10924=DIRECTION('',(-0.630445,0.073711,0.772726));
#10925=VECTOR('',#10924,12.941193);
#10926=LINE('',#1018,#10925);
#10927=EDGE_CURVE('',#1019,#1261,#10926,.T.);
#10928=ORIENTED_EDGE('',*,*,#10927,.T.);
#10929=ORIENTED_EDGE('',*,*,#7217,.F.);
#10930=ORIENTED_EDGE('',*,*,#10905,.F.);
#10931=EDGE_LOOP('',(#10923,#10928,#10929,#10930));
#10932=FACE_OUTER_BOUND('',#10931,.T.);
#10933=ADVANCED_FACE('',(#10932),#10922,.T.);
#10934=DIRECTION('',(0.39235,0.917417,0.066393));
#10935=DIRECTION('',(0,-0.072181,0.997392));
#10936=AXIS2_PLACEMENT_3D('',#1036,#10934,#10935);
#10937=PLANE('',#10936);
#10938=ORIENTED_EDGE('',*,*,#2745,.F.);
#10939=DIRECTION('',(-0.619709,0.21031,0.756128));
#10940=VECTOR('',#10939,13.225268);
#10941=LINE('',#1032,#10940);
#10942=EDGE_CURVE('',#1033,#1243,#10941,.T.);
#10943=ORIENTED_EDGE('',*,*,#10942,.T.);
#10944=DIRECTION('',(-0.652513,0.226732,0.723062));
#10945=VECTOR('',#10944,13.830065);
#10946=LINE('',#1036,#10945);
#10947=EDGE_CURVE('',#1037,#1243,#10946,.T.);
#10948=ORIENTED_EDGE('',*,*,#10947,.F.);
#10949=EDGE_LOOP('',(#10938,#10943,#10948));
#10950=FACE_OUTER_BOUND('',#10949,.T.);
#10951=ADVANCED_FACE('',(#10950),#10937,.T.);
#10952=DIRECTION('',(-0.116127,-0.993234,-0));
#10953=DIRECTION('',(0,0,-1));
#10954=AXIS2_PLACEMENT_3D('',#1018,#10952,#10953);
#10955=PLANE('',#10954);
#10956=ORIENTED_EDGE('',*,*,#2715,.T.);
#10957=ORIENTED_EDGE('',*,*,#2710,.T.);
#10958=DIRECTION('',(-0.679543,0.079451,0.729321));
#10959=VECTOR('',#10958,13.711392);
#10960=LINE('',#1052,#10959);
#10961=EDGE_CURVE('',#1053,#1263,#10960,.T.);
#10962=ORIENTED_EDGE('',*,*,#10961,.T.);
#10963=ORIENTED_EDGE('',*,*,#7222,.F.);
#10964=ORIENTED_EDGE('',*,*,#10927,.F.);
#10965=EDGE_LOOP('',(#10956,#10957,#10962,#10963,#10964));
#10966=FACE_OUTER_BOUND('',#10965,.T.);
#10967=ADVANCED_FACE('',(#10966),#10955,.T.);
#10968=DIRECTION('',(-0.116127,-0.993234,-0));
#10969=DIRECTION('',(0,0,-1));
#10970=AXIS2_PLACEMENT_3D('',#1052,#10968,#10969);
#10971=PLANE('',#10970);
#10972=ORIENTED_EDGE('',*,*,#2705,.T.);
#10973=ORIENTED_EDGE('',*,*,#2700,.F.);
#10974=DIRECTION('',(-0.675847,0.079019,0.732793));
#10975=VECTOR('',#10974,13.64641);
#10976=LINE('',#1054,#10975);
#10977=EDGE_CURVE('',#1055,#1265,#10976,.T.);
#10978=ORIENTED_EDGE('',*,*,#10977,.T.);
#10979=ORIENTED_EDGE('',*,*,#7237,.F.);
#10980=ORIENTED_EDGE('',*,*,#7232,.F.);
#10981=DIRECTION('',(-0.654049,0.07647,0.752577));
#10982=VECTOR('',#10981,13.287683);
#10983=LINE('',#1052,#10982);
#10984=EDGE_CURVE('',#1053,#1257,#10983,.T.);
#10985=ORIENTED_EDGE('',*,*,#10984,.F.);
#10986=EDGE_LOOP('',(#10972,#10973,#10978,#10979,#10980,#10985));
#10987=FACE_OUTER_BOUND('',#10986,.T.);
#10988=ADVANCED_FACE('',(#10987),#10971,.T.);
#10989=DIRECTION('',(-0.044557,-0.996798,0.066393));
#10990=DIRECTION('',(0,-0.066459,-0.997789));
#10991=AXIS2_PLACEMENT_3D('',#1264,#10989,#10990);
#10992=PLANE('',#10991);
#10993=ORIENTED_EDGE('',*,*,#10977,.F.);
#10994=ORIENTED_EDGE('',*,*,#2695,.T.);
#10995=DIRECTION('',(-0.686269,0.078837,0.723062));
#10996=VECTOR('',#10995,13.830067);
#10997=LINE('',#1058,#10996);
#10998=EDGE_CURVE('',#1059,#1267,#10997,.T.);
#10999=ORIENTED_EDGE('',*,*,#10998,.T.);
#11000=ORIENTED_EDGE('',*,*,#7242,.F.);
#11001=EDGE_LOOP('',(#10993,#10994,#10999,#11000));
#11002=FACE_OUTER_BOUND('',#11001,.T.);
#11003=ADVANCED_FACE('',(#11002),#10992,.T.);
#11004=DIRECTION('',(0.042221,-0.865237,0.499583));
#11005=DIRECTION('',(0,-0.500029,-0.866009));
#11006=AXIS2_PLACEMENT_3D('',#1030,#11004,#11005);
#11007=PLANE('',#11006);
#11008=DIRECTION('',(-0.682985,0.339957,0.646499));
#11009=VECTOR('',#11008,15.467933);
#11010=LINE('',#1030,#11009);
#11011=EDGE_CURVE('',#1031,#1229,#11010,.T.);
#11012=ORIENTED_EDGE('',*,*,#11011,.T.);
#11013=ORIENTED_EDGE('',*,*,#10853,.F.);
#11014=ORIENTED_EDGE('',*,*,#2795,.T.);
#11015=EDGE_LOOP('',(#11012,#11013,#11014));
#11016=FACE_OUTER_BOUND('',#11015,.T.);
#11017=ADVANCED_FACE('',(#11016),#11007,.T.);
#11018=DIRECTION('',(0.085993,-0.843086,0.53086));
#11019=DIRECTION('',(0,-0.532833,-0.84622));
#11020=AXIS2_PLACEMENT_3D('',#1230,#11018,#11019);
#11021=PLANE('',#11020);
#11022=DIRECTION('',(-0.655636,0.353312,0.667317));
#11023=VECTOR('',#11022,14.985377);
#11024=LINE('',#1030,#11023);
#11025=EDGE_CURVE('',#1031,#1231,#11024,.T.);
#11026=ORIENTED_EDGE('',*,*,#11025,.F.);
#11027=ORIENTED_EDGE('',*,*,#2790,.T.);
#11028=DIRECTION('',(-0.695379,0.33079,0.637986));
#11029=VECTOR('',#11028,15.674314);
#11030=LINE('',#1044,#11029);
#11031=EDGE_CURVE('',#1045,#1231,#11030,.T.);
#11032=ORIENTED_EDGE('',*,*,#11031,.T.);
#11033=EDGE_LOOP('',(#11026,#11027,#11032));
#11034=FACE_OUTER_BOUND('',#11033,.T.);
#11035=ADVANCED_FACE('',(#11034),#11021,.T.);
#11036=DIRECTION('',(0.59344,-0.285785,0.752433));
#11037=DIRECTION('',(0,-0.934841,-0.355066));
#11038=AXIS2_PLACEMENT_3D('',#1044,#11036,#11037);
#11039=PLANE('',#11038);
#11040=ORIENTED_EDGE('',*,*,#2785,.T.);
#11041=DIRECTION('',(-0.727348,0.209904,0.65338));
#11042=VECTOR('',#11041,15.305026);
#11043=LINE('',#1048,#11042);
#11044=EDGE_CURVE('',#1049,#1233,#11043,.T.);
#11045=ORIENTED_EDGE('',*,*,#11044,.T.);
#11046=DIRECTION('',(-0.668067,0.346495,0.658505));
#11047=VECTOR('',#11046,15.185922);
#11048=LINE('',#1044,#11047);
#11049=EDGE_CURVE('',#1045,#1233,#11048,.T.);
#11050=ORIENTED_EDGE('',*,*,#11049,.F.);
#11051=EDGE_LOOP('',(#11040,#11045,#11050));
#11052=FACE_OUTER_BOUND('',#11051,.T.);
#11053=ADVANCED_FACE('',(#11052),#11039,.T.);
#11054=DIRECTION('',(0.702794,0.506455,0.499584));
#11055=DIRECTION('',(0,-0.702261,0.71192));
#11056=AXIS2_PLACEMENT_3D('',#1050,#11054,#11055);
#11057=PLANE('',#11056);
#11058=DIRECTION('',(-0.673036,0.245872,0.697546));
#11059=VECTOR('',#11058,14.33598);
#11060=LINE('',#1050,#11059);
#11061=EDGE_CURVE('',#1051,#1239,#11060,.T.);
#11062=ORIENTED_EDGE('',*,*,#11061,.T.);
#11063=DIRECTION('',(-0.685013,0.292311,0.667317));
#11064=VECTOR('',#11063,14.985377);
#11065=LINE('',#1046,#11064);
#11066=EDGE_CURVE('',#1047,#1239,#11065,.T.);
#11067=ORIENTED_EDGE('',*,*,#11066,.F.);
#11068=ORIENTED_EDGE('',*,*,#2775,.T.);
#11069=EDGE_LOOP('',(#11062,#11067,#11068));
#11070=FACE_OUTER_BOUND('',#11069,.T.);
#11071=ADVANCED_FACE('',(#11070),#11057,.T.);
#11072=DIRECTION('',(0.688348,0.557651,0.4639));
#11073=DIRECTION('',(0,-0.639526,0.76877));
#11074=AXIS2_PLACEMENT_3D('',#1050,#11072,#11073);
#11075=PLANE('',#11074);
#11076=ORIENTED_EDGE('',*,*,#2770,.F.);
#11077=DIRECTION('',(-0.666971,0.235144,0.707006));
#11078=VECTOR('',#11077,14.144155);
#11079=LINE('',#1038,#11078);
#11080=EDGE_CURVE('',#1039,#1235,#11079,.T.);
#11081=ORIENTED_EDGE('',*,*,#11080,.T.);
#11082=DIRECTION('',(-0.681778,0.27899,0.676271));
#11083=VECTOR('',#11082,14.786966);
#11084=LINE('',#1050,#11083);
#11085=EDGE_CURVE('',#1051,#1235,#11084,.T.);
#11086=ORIENTED_EDGE('',*,*,#11085,.F.);
#11087=EDGE_LOOP('',(#11076,#11081,#11086));
#11088=FACE_OUTER_BOUND('',#11087,.T.);
#11089=ADVANCED_FACE('',(#11088),#11075,.T.);
#11090=DIRECTION('',(0.639594,0.672107,0.373085));
#11091=DIRECTION('',(0,-0.485337,0.874327));
#11092=AXIS2_PLACEMENT_3D('',#1040,#11090,#11091);
#11093=PLANE('',#11092);
#11094=ORIENTED_EDGE('',*,*,#2760,.T.);
#11095=DIRECTION('',(-0.652091,0.217373,0.72631));
#11096=VECTOR('',#11095,13.768221);
#11097=LINE('',#1042,#11096);
#11098=EDGE_CURVE('',#1043,#1255,#11097,.T.);
#11099=ORIENTED_EDGE('',*,*,#11098,.T.);
#11100=DIRECTION('',(-0.672808,0.254693,0.694595));
#11101=VECTOR('',#11100,14.396889);
#11102=LINE('',#1040,#11101);
#11103=EDGE_CURVE('',#1041,#1255,#11102,.T.);
#11104=ORIENTED_EDGE('',*,*,#11103,.F.);
#11105=EDGE_LOOP('',(#11094,#11099,#11104));
#11106=FACE_OUTER_BOUND('',#11105,.T.);
#11107=ADVANCED_FACE('',(#11106),#11093,.T.);
#11108=DIRECTION('',(0.668039,0.612571,0.422469));
#11109=DIRECTION('',(0,-0.567739,0.823209));
#11110=AXIS2_PLACEMENT_3D('',#1038,#11108,#11109);
#11111=PLANE('',#11110);
#11112=ORIENTED_EDGE('',*,*,#2765,.T.);
#11113=DIRECTION('',(-0.660009,0.225562,0.716596));
#11114=VECTOR('',#11113,13.954866);
#11115=LINE('',#1040,#11114);
#11116=EDGE_CURVE('',#1041,#1253,#11115,.T.);
#11117=ORIENTED_EDGE('',*,*,#11116,.T.);
#11118=DIRECTION('',(-0.677717,0.266412,0.685365));
#11119=VECTOR('',#11118,14.590772);
#11120=LINE('',#1038,#11119);
#11121=EDGE_CURVE('',#1039,#1253,#11120,.T.);
#11122=ORIENTED_EDGE('',*,*,#11121,.F.);
#11123=EDGE_LOOP('',(#11112,#11117,#11122));
#11124=FACE_OUTER_BOUND('',#11123,.T.);
#11125=ADVANCED_FACE('',(#11124),#11111,.T.);
#11126=DIRECTION('',(0.712767,0.458423,0.53086));
#11127=DIRECTION('',(0,-0.756856,0.653581));
#11128=AXIS2_PLACEMENT_3D('',#1048,#11126,#11127);
#11129=PLANE('',#11128);
#11130=ORIENTED_EDGE('',*,*,#2780,.F.);
#11131=DIRECTION('',(-0.67824,0.257574,0.68822));
#11132=VECTOR('',#11131,14.530239);
#11133=LINE('',#1046,#11132);
#11134=EDGE_CURVE('',#1047,#1237,#11133,.T.);
#11135=ORIENTED_EDGE('',*,*,#11134,.T.);
#11136=DIRECTION('',(-0.687433,0.30628,0.658505));
#11137=VECTOR('',#11136,15.185921);
#11138=LINE('',#1048,#11137);
#11139=EDGE_CURVE('',#1049,#1237,#11138,.T.);
#11140=ORIENTED_EDGE('',*,*,#11139,.F.);
#11141=EDGE_LOOP('',(#11130,#11135,#11140));
#11142=FACE_OUTER_BOUND('',#11141,.T.);
#11143=ADVANCED_FACE('',(#11142),#11129,.T.);
#11144=DIRECTION('',(0.128409,-0.965362,0.22713));
#11145=DIRECTION('',(0,-0.229026,-0.97342));
#11146=AXIS2_PLACEMENT_3D('',#1266,#11144,#11145);
#11147=PLANE('',#11146);
#11148=ORIENTED_EDGE('',*,*,#10998,.F.);
#11149=ORIENTED_EDGE('',*,*,#2690,.T.);
#11150=DIRECTION('',(-0.696662,0.075192,0.713448));
#11151=VECTOR('',#11150,14.016434);
#11152=LINE('',#1060,#11151);
#11153=EDGE_CURVE('',#1061,#1269,#11152,.T.);
#11154=ORIENTED_EDGE('',*,*,#11153,.T.);
#11155=ORIENTED_EDGE('',*,*,#7247,.F.);
#11156=EDGE_LOOP('',(#11148,#11149,#11154,#11155));
#11157=FACE_OUTER_BOUND('',#11156,.T.);
#11158=ADVANCED_FACE('',(#11157),#11147,.T.);
#11159=DIRECTION('',(0.219259,-0.924589,0.311545));
#11160=DIRECTION('',(0,-0.319315,-0.947649));
#11161=AXIS2_PLACEMENT_3D('',#1062,#11159,#11160);
#11162=PLANE('',#11161);
#11163=DIRECTION('',(-0.72913,0.056898,0.682006));
#11164=VECTOR('',#11163,14.662623);
#11165=LINE('',#1062,#11164);
#11166=EDGE_CURVE('',#1063,#1269,#11165,.T.);
#11167=ORIENTED_EDGE('',*,*,#11166,.T.);
#11168=ORIENTED_EDGE('',*,*,#11153,.F.);
#11169=ORIENTED_EDGE('',*,*,#2685,.T.);
#11170=EDGE_LOOP('',(#11167,#11168,#11169));
#11171=FACE_OUTER_BOUND('',#11170,.T.);
#11172=ADVANCED_FACE('',(#11171),#11162,.T.);
#11173=DIRECTION('',(0.284637,-0.883057,0.373085));
#11174=DIRECTION('',(0,-0.389183,-0.92116));
#11175=AXIS2_PLACEMENT_3D('',#1062,#11173,#11174);
#11176=PLANE('',#11175);
#11177=ORIENTED_EDGE('',*,*,#2680,.T.);
#11178=DIRECTION('',(-0.738269,0.046333,0.672913));
#11179=VECTOR('',#11178,14.860755);
#11180=LINE('',#1064,#11179);
#11181=EDGE_CURVE('',#1065,#1271,#11180,.T.);
#11182=ORIENTED_EDGE('',*,*,#11181,.T.);
#11183=DIRECTION('',(-0.706826,0.069584,0.703957));
#11184=VECTOR('',#11183,14.205411);
#11185=LINE('',#1062,#11184);
#11186=EDGE_CURVE('',#1063,#1271,#11185,.T.);
#11187=ORIENTED_EDGE('',*,*,#11186,.F.);
#11188=EDGE_LOOP('',(#11177,#11182,#11187));
#11189=FACE_OUTER_BOUND('',#11188,.T.);
#11190=ADVANCED_FACE('',(#11189),#11176,.T.);
#11191=DIRECTION('',(0.336099,-0.841758,0.42247));
#11192=DIRECTION('',(0,-0.448565,-0.89375));
#11193=AXIS2_PLACEMENT_3D('',#1066,#11191,#11192);
#11194=PLANE('',#11193);
#11195=DIRECTION('',(-0.746946,0.034994,0.663963));
#11196=VECTOR('',#11195,15.061074);
#11197=LINE('',#1066,#11196);
#11198=EDGE_CURVE('',#1067,#1273,#11197,.T.);
#11199=ORIENTED_EDGE('',*,*,#11198,.T.);
#11200=DIRECTION('',(-0.716686,0.06245,0.694595));
#11201=VECTOR('',#11200,14.396889);
#11202=LINE('',#1064,#11201);
#11203=EDGE_CURVE('',#1065,#1273,#11202,.T.);
#11204=ORIENTED_EDGE('',*,*,#11203,.F.);
#11205=ORIENTED_EDGE('',*,*,#2675,.T.);
#11206=EDGE_LOOP('',(#11199,#11204,#11205));
#11207=FACE_OUTER_BOUND('',#11206,.T.);
#11208=ADVANCED_FACE('',(#11207),#11194,.T.);
#11209=DIRECTION('',(0.378225,-0.801089,0.463899));
#11210=DIRECTION('',(0,-0.501126,-0.865374));
#11211=AXIS2_PLACEMENT_3D('',#1066,#11209,#11210);
#11212=PLANE('',#11211);
#11213=ORIENTED_EDGE('',*,*,#2670,.T.);
#11214=DIRECTION('',(-0.755146,0.022859,0.655158));
#11215=VECTOR('',#11214,15.263495);
#11216=LINE('',#1068,#11215);
#11217=EDGE_CURVE('',#1069,#1275,#11216,.T.);
#11218=ORIENTED_EDGE('',*,*,#11217,.T.);
#11219=DIRECTION('',(-0.726193,0.054021,0.685365));
#11220=VECTOR('',#11219,14.59077);
#11221=LINE('',#1066,#11220);
#11222=EDGE_CURVE('',#1067,#1275,#11221,.T.);
#11223=ORIENTED_EDGE('',*,*,#11222,.F.);
#11224=EDGE_LOOP('',(#11213,#11218,#11223));
#11225=FACE_OUTER_BOUND('',#11224,.T.);
#11226=ADVANCED_FACE('',(#11225),#11212,.T.);
#11227=DIRECTION('',(0.413452,-0.761232,0.499582));
#11228=DIRECTION('',(0,-0.548674,-0.836036));
#11229=AXIS2_PLACEMENT_3D('',#1276,#11227,#11228);
#11230=PLANE('',#11229);
#11231=DIRECTION('',(-0.73531,0.044451,0.676271));
#11232=VECTOR('',#11231,14.786966);
#11233=LINE('',#1068,#11232);
#11234=EDGE_CURVE('',#1069,#1277,#11233,.T.);
#11235=ORIENTED_EDGE('',*,*,#11234,.F.);
#11236=ORIENTED_EDGE('',*,*,#2665,.T.);
#11237=DIRECTION('',(-0.76285,0.009954,0.646499));
#11238=VECTOR('',#11237,15.467935);
#11239=LINE('',#1070,#11238);
#11240=EDGE_CURVE('',#1071,#1277,#11239,.T.);
#11241=ORIENTED_EDGE('',*,*,#11240,.T.);
#11242=EDGE_LOOP('',(#11235,#11236,#11241));
#11243=FACE_OUTER_BOUND('',#11242,.T.);
#11244=ADVANCED_FACE('',(#11243),#11230,.T.);
#11245=DIRECTION('',(0.443278,-0.722283,0.53086));
#11246=DIRECTION('',(0,-0.592224,-0.805774));
#11247=AXIS2_PLACEMENT_3D('',#1278,#11245,#11246);
#11248=PLANE('',#11247);
#11249=DIRECTION('',(-0.744004,0.033853,0.667317));
#11250=VECTOR('',#11249,14.985378);
#11251=LINE('',#1070,#11250);
#11252=EDGE_CURVE('',#1071,#1279,#11251,.T.);
#11253=ORIENTED_EDGE('',*,*,#11252,.F.);
#11254=ORIENTED_EDGE('',*,*,#2660,.T.);
#11255=DIRECTION('',(-0.752246,0.022318,0.658505));
#11256=VECTOR('',#11255,15.185923);
#11257=LINE('',#1072,#11256);
#11258=EDGE_CURVE('',#1073,#1281,#11257,.T.);
#11259=ORIENTED_EDGE('',*,*,#11258,.T.);
#11260=ORIENTED_EDGE('',*,*,#7277,.F.);
#11261=EDGE_LOOP('',(#11253,#11254,#11259,#11260));
#11262=FACE_OUTER_BOUND('',#11261,.T.);
#11263=ADVANCED_FACE('',(#11262),#11248,.T.);
#11264=DIRECTION('',(0.658669,-0,0.752433));
#11265=DIRECTION('',(0,-1,-0));
#11266=AXIS2_PLACEMENT_3D('',#1676,#11264,#11265);
#11267=PLANE('',#11266);
#11268=ORIENTED_EDGE('',*,*,#7282,.F.);
#11269=ORIENTED_EDGE('',*,*,#11258,.F.);
#11270=ORIENTED_EDGE('',*,*,#2655,.T.);
#11271=DIRECTION('',(-0.752246,-0.022318,0.658505));
#11272=VECTOR('',#11271,15.185923);
#11273=LINE('',#1420,#11272);
#11274=EDGE_CURVE('',#1421,#1677,#11273,.T.);
#11275=ORIENTED_EDGE('',*,*,#11274,.T.);
#11276=EDGE_LOOP('',(#11268,#11269,#11270,#11275));
#11277=FACE_OUTER_BOUND('',#11276,.T.);
#11278=ADVANCED_FACE('',(#11277),#11267,.T.);
#11279=DIRECTION('',(-0.605535,-0.592887,0.53086));
#11280=DIRECTION('',(0,-0.667062,-0.745003));
#11281=AXIS2_PLACEMENT_3D('',#888,#11279,#11280);
#11282=PLANE('',#11281);
#11283=ORIENTED_EDGE('',*,*,#9918,.T.);
#11284=ORIENTED_EDGE('',*,*,#6887,.F.);
#11285=ORIENTED_EDGE('',*,*,#9899,.F.);
#11286=EDGE_LOOP('',(#11283,#11284,#11285));
#11287=FACE_OUTER_BOUND('',#11286,.T.);
#11288=ADVANCED_FACE('',(#11287),#11282,.T.);
#11289=DIRECTION('',(-0.650145,-0.572476,0.499582));
#11290=DIRECTION('',(0,-0.657509,-0.753446));
#11291=AXIS2_PLACEMENT_3D('',#884,#11289,#11290);
#11292=PLANE('',#11291);
#11293=ORIENTED_EDGE('',*,*,#9893,.T.);
#11294=ORIENTED_EDGE('',*,*,#6882,.T.);
#11295=ORIENTED_EDGE('',*,*,#9961,.F.);
#11296=EDGE_LOOP('',(#11293,#11294,#11295));
#11297=FACE_OUTER_BOUND('',#11296,.T.);
#11298=ADVANCED_FACE('',(#11297),#11292,.T.);
#11299=DIRECTION('',(0.834149,-0.233695,0.499582));
#11300=DIRECTION('',(0,-0.905796,-0.423714));
#11301=AXIS2_PLACEMENT_3D('',#1102,#11299,#11300);
#11302=PLANE('',#11301);
#11303=ORIENTED_EDGE('',*,*,#9975,.F.);
#11304=ORIENTED_EDGE('',*,*,#9995,.T.);
#11305=ORIENTED_EDGE('',*,*,#6902,.F.);
#11306=EDGE_LOOP('',(#11303,#11304,#11305));
#11307=FACE_OUTER_BOUND('',#11306,.T.);
#11308=ADVANCED_FACE('',(#11307),#11302,.T.);
#11309=DIRECTION('',(-0.79758,-0.473999,0.373084));
#11310=DIRECTION('',(0,-0.618494,-0.78579));
#11311=AXIS2_PLACEMENT_3D('',#1078,#11309,#11310);
#11312=PLANE('',#11311);
#11313=ORIENTED_EDGE('',*,*,#6867,.F.);
#11314=ORIENTED_EDGE('',*,*,#9864,.F.);
#11315=ORIENTED_EDGE('',*,*,#9827,.T.);
#11316=EDGE_LOOP('',(#11313,#11314,#11315));
#11317=FACE_OUTER_BOUND('',#11316,.T.);
#11318=ADVANCED_FACE('',(#11317),#11312,.T.);
#11319=DIRECTION('',(-0.981721,-0.178369,0.066393));
#11320=DIRECTION('',(0.067475,-0,0.997721));
#11321=AXIS2_PLACEMENT_3D('',#1084,#11319,#11320);
#11322=PLANE('',#11321);
#11323=ORIENTED_EDGE('',*,*,#10060,.F.);
#11324=ORIENTED_EDGE('',*,*,#9851,.T.);
#11325=ORIENTED_EDGE('',*,*,#6852,.F.);
#11326=EDGE_LOOP('',(#11323,#11324,#11325));
#11327=FACE_OUTER_BOUND('',#11326,.T.);
#11328=ADVANCED_FACE('',(#11327),#11322,.T.);
#11329=DIRECTION('',(-0.994173,-0.107799,-0));
#11330=DIRECTION('',(0,0,1));
#11331=AXIS2_PLACEMENT_3D('',#1088,#11329,#11330);
#11332=PLANE('',#11331);
#11333=ORIENTED_EDGE('',*,*,#10041,.F.);
#11334=ORIENTED_EDGE('',*,*,#10022,.T.);
#11335=ORIENTED_EDGE('',*,*,#6842,.T.);
#11336=EDGE_LOOP('',(#11333,#11334,#11335));
#11337=FACE_OUTER_BOUND('',#11336,.T.);
#11338=ADVANCED_FACE('',(#11337),#11332,.T.);
#11339=DIRECTION('',(0.895443,-0.140363,0.422469));
#11340=DIRECTION('',(0,-0.948993,-0.315298));
#11341=AXIS2_PLACEMENT_3D('',#1106,#11339,#11340);
#11342=PLANE('',#11341);
#11343=ORIENTED_EDGE('',*,*,#10009,.F.);
#11344=ORIENTED_EDGE('',*,*,#10137,.T.);
#11345=ORIENTED_EDGE('',*,*,#6912,.F.);
#11346=EDGE_LOOP('',(#11343,#11344,#11345));
#11347=FACE_OUTER_BOUND('',#11346,.T.);
#11348=ADVANCED_FACE('',(#11347),#11342,.T.);
#11349=DIRECTION('',(0.924255,-0.081002,0.373084));
#11350=DIRECTION('',(0.374314,0,-0.927302));
#11351=AXIS2_PLACEMENT_3D('',#906,#11349,#11350);
#11352=PLANE('',#11351);
#11353=ORIENTED_EDGE('',*,*,#10154,.T.);
#11354=ORIENTED_EDGE('',*,*,#6917,.F.);
#11355=ORIENTED_EDGE('',*,*,#10132,.F.);
#11356=EDGE_LOOP('',(#11353,#11354,#11355));
#11357=FACE_OUTER_BOUND('',#11356,.T.);
#11358=ADVANCED_FACE('',(#11357),#11352,.T.);
#11359=DIRECTION('',(0.950197,-0.008021,0.311545));
#11360=DIRECTION('',(0.311555,0,-0.950228));
#11361=AXIS2_PLACEMENT_3D('',#1118,#11359,#11360);
#11362=PLANE('',#11361);
#11363=ORIENTED_EDGE('',*,*,#6922,.F.);
#11364=ORIENTED_EDGE('',*,*,#10149,.F.);
#11365=ORIENTED_EDGE('',*,*,#10173,.T.);
#11366=EDGE_LOOP('',(#11363,#11364,#11365));
#11367=FACE_OUTER_BOUND('',#11366,.T.);
#11368=ADVANCED_FACE('',(#11367),#11362,.T.);
#11369=DIRECTION('',(0.969732,0.089624,0.22713));
#11370=DIRECTION('',(0.228048,0,-0.97365));
#11371=AXIS2_PLACEMENT_3D('',#910,#11369,#11370);
#11372=PLANE('',#11371);
#11373=ORIENTED_EDGE('',*,*,#10072,.T.);
#11374=ORIENTED_EDGE('',*,*,#6927,.F.);
#11375=ORIENTED_EDGE('',*,*,#10168,.F.);
#11376=EDGE_LOOP('',(#11373,#11374,#11375));
#11377=FACE_OUTER_BOUND('',#11376,.T.);
#11378=ADVANCED_FACE('',(#11377),#11372,.T.);
#11379=DIRECTION('',(0.961891,0.265249,0.066393));
#11380=DIRECTION('',(0.06886,0,-0.997626));
#11381=AXIS2_PLACEMENT_3D('',#914,#11379,#11380);
#11382=PLANE('',#11381);
#11383=ORIENTED_EDGE('',*,*,#10096,.T.);
#11384=ORIENTED_EDGE('',*,*,#6932,.F.);
#11385=ORIENTED_EDGE('',*,*,#10078,.F.);
#11386=EDGE_LOOP('',(#11383,#11384,#11385));
#11387=FACE_OUTER_BOUND('',#11386,.T.);
#11388=ADVANCED_FACE('',(#11387),#11382,.T.);
#11389=DIRECTION('',(0.942491,0.33423,0.000001));
#11390=DIRECTION('',(0.000001,0,-1));
#11391=AXIS2_PLACEMENT_3D('',#912,#11389,#11390);
#11392=PLANE('',#11391);
#11393=ORIENTED_EDGE('',*,*,#10116,.T.);
#11394=ORIENTED_EDGE('',*,*,#6937,.T.);
#11395=ORIENTED_EDGE('',*,*,#10091,.F.);
#11396=EDGE_LOOP('',(#11393,#11394,#11395));
#11397=FACE_OUTER_BOUND('',#11396,.T.);
#11398=ADVANCED_FACE('',(#11397),#11392,.T.);
#11399=DIRECTION('',(-0.807109,-0.586657,0.066393));
#11400=DIRECTION('',(0,-0.112454,-0.993657));
#11401=AXIS2_PLACEMENT_3D('',#1178,#11399,#11400);
#11402=PLANE('',#11401);
#11403=ORIENTED_EDGE('',*,*,#10284,.F.);
#11404=ORIENTED_EDGE('',*,*,#10266,.T.);
#11405=ORIENTED_EDGE('',*,*,#6982,.T.);
#11406=EDGE_LOOP('',(#11403,#11404,#11405));
#11407=FACE_OUTER_BOUND('',#11406,.T.);
#11408=ADVANCED_FACE('',(#11407),#11402,.T.);
#11409=DIRECTION('',(-0.674689,-0.702287,0.227129));
#11410=DIRECTION('',(0,-0.30772,-0.951477));
#11411=AXIS2_PLACEMENT_3D('',#930,#11409,#11410);
#11412=PLANE('',#11411);
#11413=ORIENTED_EDGE('',*,*,#10304,.T.);
#11414=ORIENTED_EDGE('',*,*,#6987,.F.);
#11415=ORIENTED_EDGE('',*,*,#10272,.F.);
#11416=EDGE_LOOP('',(#11413,#11414,#11415));
#11417=FACE_OUTER_BOUND('',#11416,.T.);
#11418=ADVANCED_FACE('',(#11417),#11412,.T.);
#11419=DIRECTION('',(-0.390497,-0.795179,0.4639));
#11420=DIRECTION('',(0,-0.503908,-0.863757));
#11421=AXIS2_PLACEMENT_3D('',#1138,#11419,#11420);
#11422=PLANE('',#11421);
#11423=ORIENTED_EDGE('',*,*,#7007,.F.);
#11424=ORIENTED_EDGE('',*,*,#10335,.F.);
#11425=ORIENTED_EDGE('',*,*,#10495,.T.);
#11426=EDGE_LOOP('',(#11423,#11424,#11425));
#11427=FACE_OUTER_BOUND('',#11426,.T.);
#11428=ADVANCED_FACE('',(#11427),#11422,.T.);
#11429=DIRECTION('',(-0.337372,-0.79787,0.499583));
#11430=DIRECTION('',(0,-0.530697,-0.847562));
#11431=AXIS2_PLACEMENT_3D('',#1134,#11429,#11430);
#11432=PLANE('',#11431);
#11433=ORIENTED_EDGE('',*,*,#7012,.T.);
#11434=ORIENTED_EDGE('',*,*,#10501,.F.);
#11435=ORIENTED_EDGE('',*,*,#10519,.T.);
#11436=EDGE_LOOP('',(#11433,#11434,#11435));
#11437=FACE_OUTER_BOUND('',#11436,.T.);
#11438=ADVANCED_FACE('',(#11437),#11432,.T.);
#11439=DIRECTION('',(-0.288326,-0.796905,0.530859));
#11440=DIRECTION('',(0,-0.554403,-0.832248));
#11441=AXIS2_PLACEMENT_3D('',#1136,#11439,#11440);
#11442=PLANE('',#11441);
#11443=ORIENTED_EDGE('',*,*,#7017,.F.);
#11444=ORIENTED_EDGE('',*,*,#10514,.F.);
#11445=ORIENTED_EDGE('',*,*,#10537,.T.);
#11446=EDGE_LOOP('',(#11443,#11444,#11445));
#11447=FACE_OUTER_BOUND('',#11446,.T.);
#11448=ADVANCED_FACE('',(#11447),#11442,.T.);
#11449=DIRECTION('',(-0.512933,-0.773115,0.373085));
#11450=DIRECTION('',(0,-0.434614,-0.900617));
#11451=AXIS2_PLACEMENT_3D('',#1128,#11449,#11450);
#11452=PLANE('',#11451);
#11453=ORIENTED_EDGE('',*,*,#10355,.F.);
#11454=ORIENTED_EDGE('',*,*,#10322,.T.);
#11455=ORIENTED_EDGE('',*,*,#6997,.F.);
#11456=EDGE_LOOP('',(#11453,#11454,#11455));
#11457=FACE_OUTER_BOUND('',#11456,.T.);
#11458=ADVANCED_FACE('',(#11457),#11452,.T.);
#11459=DIRECTION('',(-0.448558,-0.7876,0.42247));
#11460=DIRECTION('',(0,-0.472692,-0.881228));
#11461=AXIS2_PLACEMENT_3D('',#1130,#11459,#11460);
#11462=PLANE('',#11461);
#11463=ORIENTED_EDGE('',*,*,#10317,.F.);
#11464=ORIENTED_EDGE('',*,*,#10340,.T.);
#11465=ORIENTED_EDGE('',*,*,#7002,.F.);
#11466=EDGE_LOOP('',(#11463,#11464,#11465));
#11467=FACE_OUTER_BOUND('',#11466,.T.);
#11468=ADVANCED_FACE('',(#11467),#11462,.T.);
#11469=DIRECTION('',(0.859579,0.405048,0.311545));
#11470=DIRECTION('',(0,-0.609673,0.792653));
#11471=AXIS2_PLACEMENT_3D('',#1198,#11469,#11470);
#11472=PLANE('',#11471);
#11473=ORIENTED_EDGE('',*,*,#7052,.F.);
#11474=ORIENTED_EDGE('',*,*,#10614,.F.);
#11475=ORIENTED_EDGE('',*,*,#10651,.T.);
#11476=EDGE_LOOP('',(#11473,#11474,#11475));
#11477=FACE_OUTER_BOUND('',#11476,.T.);
#11478=ADVANCED_FACE('',(#11477),#11472,.T.);
#11479=DIRECTION('',(0.751547,0.65633,0.066392));
#11480=DIRECTION('',(0,-0.100643,0.994923));
#11481=AXIS2_PLACEMENT_3D('',#986,#11479,#11480);
#11482=PLANE('',#11481);
#11483=ORIENTED_EDGE('',*,*,#10468,.T.);
#11484=ORIENTED_EDGE('',*,*,#7062,.T.);
#11485=ORIENTED_EDGE('',*,*,#10628,.F.);
#11486=EDGE_LOOP('',(#11483,#11484,#11485));
#11487=FACE_OUTER_BOUND('',#11486,.T.);
#11488=ADVANCED_FACE('',(#11487),#11482,.T.);
#11489=DIRECTION('',(0.704137,0.710064,-0));
#11490=DIRECTION('',(-0,0,1));
#11491=AXIS2_PLACEMENT_3D('',#1194,#11489,#11490);
#11492=PLANE('',#11491);
#11493=ORIENTED_EDGE('',*,*,#10387,.F.);
#11494=ORIENTED_EDGE('',*,*,#10442,.T.);
#11495=ORIENTED_EDGE('',*,*,#7072,.T.);
#11496=EDGE_LOOP('',(#11493,#11494,#11495));
#11497=FACE_OUTER_BOUND('',#11496,.T.);
#11498=ADVANCED_FACE('',(#11497),#11492,.T.);
#11499=DIRECTION('',(0.834812,0.5015,0.227129));
#11500=DIRECTION('',(0,-0.41256,0.910931));
#11501=AXIS2_PLACEMENT_3D('',#1198,#11499,#11500);
#11502=PLANE('',#11501);
#11503=ORIENTED_EDGE('',*,*,#10646,.F.);
#11504=ORIENTED_EDGE('',*,*,#10633,.T.);
#11505=ORIENTED_EDGE('',*,*,#7057,.T.);
#11506=EDGE_LOOP('',(#11503,#11504,#11505));
#11507=FACE_OUTER_BOUND('',#11506,.T.);
#11508=ADVANCED_FACE('',(#11507),#11502,.T.);
#11509=DIRECTION('',(0.862136,0.203762,0.4639));
#11510=DIRECTION('',(0,-0.915572,0.402153));
#11511=AXIS2_PLACEMENT_3D('',#1144,#11509,#11510);
#11512=PLANE('',#11511);
#11513=ORIENTED_EDGE('',*,*,#10582,.F.);
#11514=ORIENTED_EDGE('',*,*,#10663,.T.);
#11515=ORIENTED_EDGE('',*,*,#7037,.F.);
#11516=EDGE_LOOP('',(#11513,#11514,#11515));
#11517=FACE_OUTER_BOUND('',#11516,.T.);
#11518=ADVANCED_FACE('',(#11517),#11512,.T.);
#11519=DIRECTION('',(0.867667,0.262055,0.42247));
#11520=DIRECTION('',(0,-0.849791,0.527119));
#11521=AXIS2_PLACEMENT_3D('',#1200,#11519,#11520);
#11522=PLANE('',#11521);
#11523=ORIENTED_EDGE('',*,*,#10669,.F.);
#11524=ORIENTED_EDGE('',*,*,#10601,.T.);
#11525=ORIENTED_EDGE('',*,*,#7042,.F.);
#11526=EDGE_LOOP('',(#11523,#11524,#11525));
#11527=FACE_OUTER_BOUND('',#11526,.T.);
#11528=ADVANCED_FACE('',(#11527),#11522,.T.);
#11529=DIRECTION('',(-0.126695,-0.919106,0.373085));
#11530=DIRECTION('',(0,-0.376116,-0.926573));
#11531=AXIS2_PLACEMENT_3D('',#1022,#11529,#11530);
#11532=PLANE('',#11531);
#11533=ORIENTED_EDGE('',*,*,#10828,.T.);
#11534=ORIENTED_EDGE('',*,*,#7127,.F.);
#11535=ORIENTED_EDGE('',*,*,#10816,.F.);
#11536=EDGE_LOOP('',(#11533,#11534,#11535));
#11537=FACE_OUTER_BOUND('',#11536,.T.);
#11538=ADVANCED_FACE('',(#11537),#11532,.T.);
#11539=DIRECTION('',(-0.535575,-0.844488,0.000001));
#11540=DIRECTION('',(0,-0.000001,-1));
#11541=AXIS2_PLACEMENT_3D('',#1208,#11539,#11540);
#11542=PLANE('',#11541);
#11543=ORIENTED_EDGE('',*,*,#10732,.F.);
#11544=ORIENTED_EDGE('',*,*,#10681,.T.);
#11545=ORIENTED_EDGE('',*,*,#7097,.F.);
#11546=EDGE_LOOP('',(#11543,#11544,#11545));
#11547=FACE_OUTER_BOUND('',#11546,.T.);
#11548=ADVANCED_FACE('',(#11547),#11542,.T.);
#11549=DIRECTION('',(-0.535576,-0.844487,-0.000001));
#11550=DIRECTION('',(0,0.000001,-1));
#11551=AXIS2_PLACEMENT_3D('',#1214,#11549,#11550);
#11552=PLANE('',#11551);
#11553=ORIENTED_EDGE('',*,*,#7107,.F.);
#11554=ORIENTED_EDGE('',*,*,#10699,.F.);
#11555=ORIENTED_EDGE('',*,*,#10779,.T.);
#11556=EDGE_LOOP('',(#11553,#11554,#11555));
#11557=FACE_OUTER_BOUND('',#11556,.T.);
#11558=ADVANCED_FACE('',(#11557),#11552,.T.);
#11559=DIRECTION('',(-0.472639,-0.878752,0.066393));
#11560=DIRECTION('',(0,-0.075339,-0.997158));
#11561=AXIS2_PLACEMENT_3D('',#1206,#11559,#11560);
#11562=PLANE('',#11561);
#11563=ORIENTED_EDGE('',*,*,#7112,.T.);
#11564=ORIENTED_EDGE('',*,*,#10774,.F.);
#11565=ORIENTED_EDGE('',*,*,#10756,.T.);
#11566=EDGE_LOOP('',(#11563,#11564,#11565));
#11567=FACE_OUTER_BOUND('',#11566,.T.);
#11568=ADVANCED_FACE('',(#11567),#11562,.T.);
#11569=DIRECTION('',(-0.303162,-0.925475,0.22713));
#11570=DIRECTION('',(0,-0.238347,-0.97118));
#11571=AXIS2_PLACEMENT_3D('',#1008,#11569,#11570);
#11572=PLANE('',#11571);
#11573=ORIENTED_EDGE('',*,*,#10797,.T.);
#11574=ORIENTED_EDGE('',*,*,#7117,.F.);
#11575=ORIENTED_EDGE('',*,*,#10762,.F.);
#11576=EDGE_LOOP('',(#11573,#11574,#11575));
#11577=FACE_OUTER_BOUND('',#11576,.T.);
#11578=ADVANCED_FACE('',(#11577),#11572,.T.);
#11579=DIRECTION('',(-0.203619,-0.928159,0.311545));
#11580=DIRECTION('',(0,-0.318211,-0.94802));
#11581=AXIS2_PLACEMENT_3D('',#1024,#11579,#11580);
#11582=PLANE('',#11581);
#11583=ORIENTED_EDGE('',*,*,#10810,.T.);
#11584=ORIENTED_EDGE('',*,*,#7122,.F.);
#11585=ORIENTED_EDGE('',*,*,#10792,.F.);
#11586=EDGE_LOOP('',(#11583,#11584,#11585));
#11587=FACE_OUTER_BOUND('',#11586,.T.);
#11588=ADVANCED_FACE('',(#11587),#11582,.T.);
#11589=DIRECTION('',(-0.062411,-0.904226,0.42247));
#11590=DIRECTION('',(0,-0.423295,-0.905992));
#11591=AXIS2_PLACEMENT_3D('',#1224,#11589,#11590);
#11592=PLANE('',#11591);
#11593=ORIENTED_EDGE('',*,*,#10834,.F.);
#11594=ORIENTED_EDGE('',*,*,#10847,.T.);
#11595=ORIENTED_EDGE('',*,*,#7132,.F.);
#11596=EDGE_LOOP('',(#11593,#11594,#11595));
#11597=FACE_OUTER_BOUND('',#11596,.T.);
#11598=ADVANCED_FACE('',(#11597),#11592,.T.);
#11599=DIRECTION('',(0.042221,-0.865237,0.499582));
#11600=DIRECTION('',(0,-0.500028,-0.866009));
#11601=AXIS2_PLACEMENT_3D('',#1228,#11599,#11600);
#11602=PLANE('',#11601);
#11603=ORIENTED_EDGE('',*,*,#11011,.F.);
#11604=ORIENTED_EDGE('',*,*,#11025,.T.);
#11605=ORIENTED_EDGE('',*,*,#7142,.F.);
#11606=EDGE_LOOP('',(#11603,#11604,#11605));
#11607=FACE_OUTER_BOUND('',#11606,.T.);
#11608=ADVANCED_FACE('',(#11607),#11602,.T.);
#11609=DIRECTION('',(0.085992,-0.843086,0.53086));
#11610=DIRECTION('',(0,-0.532833,-0.84622));
#11611=AXIS2_PLACEMENT_3D('',#1232,#11609,#11610);
#11612=PLANE('',#11611);
#11613=ORIENTED_EDGE('',*,*,#7147,.F.);
#11614=ORIENTED_EDGE('',*,*,#11031,.F.);
#11615=ORIENTED_EDGE('',*,*,#11049,.T.);
#11616=EDGE_LOOP('',(#11613,#11614,#11615));
#11617=FACE_OUTER_BOUND('',#11616,.T.);
#11618=ADVANCED_FACE('',(#11617),#11612,.T.);
#11619=DIRECTION('',(0.639593,0.672109,0.373084));
#11620=DIRECTION('',(0,-0.485335,0.874328));
#11621=AXIS2_PLACEMENT_3D('',#1042,#11619,#11620);
#11622=PLANE('',#11621);
#11623=ORIENTED_EDGE('',*,*,#10889,.T.);
#11624=ORIENTED_EDGE('',*,*,#7177,.T.);
#11625=ORIENTED_EDGE('',*,*,#11098,.F.);
#11626=EDGE_LOOP('',(#11623,#11624,#11625));
#11627=FACE_OUTER_BOUND('',#11626,.T.);
#11628=ADVANCED_FACE('',(#11627),#11622,.T.);
#11629=DIRECTION('',(0.66804,0.61257,0.422469));
#11630=DIRECTION('',(0,-0.567739,0.823208));
#11631=AXIS2_PLACEMENT_3D('',#1040,#11629,#11630);
#11632=PLANE('',#11631);
#11633=ORIENTED_EDGE('',*,*,#11103,.T.);
#11634=ORIENTED_EDGE('',*,*,#7172,.F.);
#11635=ORIENTED_EDGE('',*,*,#11116,.F.);
#11636=EDGE_LOOP('',(#11633,#11634,#11635));
#11637=FACE_OUTER_BOUND('',#11636,.T.);
#11638=ADVANCED_FACE('',(#11637),#11632,.T.);
#11639=DIRECTION('',(0.59344,-0.285786,0.752433));
#11640=DIRECTION('',(0,-0.934841,-0.355067));
#11641=AXIS2_PLACEMENT_3D('',#1236,#11639,#11640);
#11642=PLANE('',#11641);
#11643=ORIENTED_EDGE('',*,*,#7152,.F.);
#11644=ORIENTED_EDGE('',*,*,#11044,.F.);
#11645=ORIENTED_EDGE('',*,*,#11139,.T.);
#11646=EDGE_LOOP('',(#11643,#11644,#11645));
#11647=FACE_OUTER_BOUND('',#11646,.T.);
#11648=ADVANCED_FACE('',(#11647),#11642,.T.);
#11649=DIRECTION('',(0.712766,0.458424,0.53086));
#11650=DIRECTION('',(0,-0.756855,0.653582));
#11651=AXIS2_PLACEMENT_3D('',#1236,#11649,#11650);
#11652=PLANE('',#11651);
#11653=ORIENTED_EDGE('',*,*,#11134,.F.);
#11654=ORIENTED_EDGE('',*,*,#11066,.T.);
#11655=ORIENTED_EDGE('',*,*,#7157,.F.);
#11656=EDGE_LOOP('',(#11653,#11654,#11655));
#11657=FACE_OUTER_BOUND('',#11656,.T.);
#11658=ADVANCED_FACE('',(#11657),#11652,.T.);
#11659=DIRECTION('',(0.688349,0.557649,0.463901));
#11660=DIRECTION('',(0,-0.639528,0.768768));
#11661=AXIS2_PLACEMENT_3D('',#1252,#11659,#11660);
#11662=PLANE('',#11661);
#11663=ORIENTED_EDGE('',*,*,#7167,.F.);
#11664=ORIENTED_EDGE('',*,*,#11080,.F.);
#11665=ORIENTED_EDGE('',*,*,#11121,.T.);
#11666=EDGE_LOOP('',(#11663,#11664,#11665));
#11667=FACE_OUTER_BOUND('',#11666,.T.);
#11668=ADVANCED_FACE('',(#11667),#11662,.T.);
#11669=DIRECTION('',(0.702794,0.506457,0.499582));
#11670=DIRECTION('',(0,-0.702258,0.711922));
#11671=AXIS2_PLACEMENT_3D('',#1050,#11669,#11670);
#11672=PLANE('',#11671);
#11673=ORIENTED_EDGE('',*,*,#11085,.T.);
#11674=ORIENTED_EDGE('',*,*,#7162,.T.);
#11675=ORIENTED_EDGE('',*,*,#11061,.F.);
#11676=EDGE_LOOP('',(#11673,#11674,#11675));
#11677=FACE_OUTER_BOUND('',#11676,.T.);
#11678=ADVANCED_FACE('',(#11677),#11672,.T.);
#11679=DIRECTION('',(0.392349,0.917417,0.066392));
#11680=DIRECTION('',(0,-0.07218,0.997392));
#11681=AXIS2_PLACEMENT_3D('',#1032,#11679,#11680);
#11682=PLANE('',#11681);
#11683=ORIENTED_EDGE('',*,*,#10914,.T.);
#11684=ORIENTED_EDGE('',*,*,#7192,.T.);
#11685=ORIENTED_EDGE('',*,*,#10942,.F.);
#11686=EDGE_LOOP('',(#11683,#11684,#11685));
#11687=FACE_OUTER_BOUND('',#11686,.T.);
#11688=ADVANCED_FACE('',(#11687),#11682,.T.);
#11689=DIRECTION('',(-0.116128,-0.993234,-0));
#11690=DIRECTION('',(0,0,-1));
#11691=AXIS2_PLACEMENT_3D('',#1052,#11689,#11690);
#11692=PLANE('',#11691);
#11693=ORIENTED_EDGE('',*,*,#10984,.T.);
#11694=ORIENTED_EDGE('',*,*,#7227,.T.);
#11695=ORIENTED_EDGE('',*,*,#10961,.F.);
#11696=EDGE_LOOP('',(#11693,#11694,#11695));
#11697=FACE_OUTER_BOUND('',#11696,.T.);
#11698=ADVANCED_FACE('',(#11697),#11692,.T.);
#11699=DIRECTION('',(0.534547,0.814046,0.22713));
#11700=DIRECTION('',(0,-0.268749,0.96321));
#11701=AXIS2_PLACEMENT_3D('',#1036,#11699,#11700);
#11702=PLANE('',#11701);
#11703=ORIENTED_EDGE('',*,*,#10947,.T.);
#11704=ORIENTED_EDGE('',*,*,#7187,.T.);
#11705=ORIENTED_EDGE('',*,*,#10866,.F.);
#11706=EDGE_LOOP('',(#11703,#11704,#11705));
#11707=FACE_OUTER_BOUND('',#11706,.T.);
#11708=ADVANCED_FACE('',(#11707),#11702,.T.);
#11709=DIRECTION('',(0.598711,0.737892,0.311546));
#11710=DIRECTION('',(0,-0.388963,0.921253));
#11711=AXIS2_PLACEMENT_3D('',#1250,#11709,#11710);
#11712=PLANE('',#11711);
#11713=ORIENTED_EDGE('',*,*,#10884,.F.);
#11714=ORIENTED_EDGE('',*,*,#10871,.T.);
#11715=ORIENTED_EDGE('',*,*,#7182,.T.);
#11716=EDGE_LOOP('',(#11713,#11714,#11715));
#11717=FACE_OUTER_BOUND('',#11716,.T.);
#11718=ADVANCED_FACE('',(#11717),#11712,.T.);
#11719=DIRECTION('',(0.219259,-0.924589,0.311546));
#11720=DIRECTION('',(0,-0.319316,-0.947648));
#11721=AXIS2_PLACEMENT_3D('',#1268,#11719,#11720);
#11722=PLANE('',#11721);
#11723=ORIENTED_EDGE('',*,*,#11166,.F.);
#11724=ORIENTED_EDGE('',*,*,#11186,.T.);
#11725=ORIENTED_EDGE('',*,*,#7252,.F.);
#11726=EDGE_LOOP('',(#11723,#11724,#11725));
#11727=FACE_OUTER_BOUND('',#11726,.T.);
#11728=ADVANCED_FACE('',(#11727),#11722,.T.);
#11729=DIRECTION('',(0.284637,-0.883057,0.373084));
#11730=DIRECTION('',(0,-0.389182,-0.921161));
#11731=AXIS2_PLACEMENT_3D('',#1064,#11729,#11730);
#11732=PLANE('',#11731);
#11733=ORIENTED_EDGE('',*,*,#11203,.T.);
#11734=ORIENTED_EDGE('',*,*,#7257,.F.);
#11735=ORIENTED_EDGE('',*,*,#11181,.F.);
#11736=EDGE_LOOP('',(#11733,#11734,#11735));
#11737=FACE_OUTER_BOUND('',#11736,.T.);
#11738=ADVANCED_FACE('',(#11737),#11732,.T.);
#11739=DIRECTION('',(0.336098,-0.841759,0.422469));
#11740=DIRECTION('',(0,-0.448563,-0.893751));
#11741=AXIS2_PLACEMENT_3D('',#1272,#11739,#11740);
#11742=PLANE('',#11741);
#11743=ORIENTED_EDGE('',*,*,#11198,.F.);
#11744=ORIENTED_EDGE('',*,*,#11222,.T.);
#11745=ORIENTED_EDGE('',*,*,#7262,.F.);
#11746=EDGE_LOOP('',(#11743,#11744,#11745));
#11747=FACE_OUTER_BOUND('',#11746,.T.);
#11748=ADVANCED_FACE('',(#11747),#11742,.T.);
#11749=DIRECTION('',(0.378226,-0.801088,0.463901));
#11750=DIRECTION('',(0,-0.501128,-0.865373));
#11751=AXIS2_PLACEMENT_3D('',#1276,#11749,#11750);
#11752=PLANE('',#11751);
#11753=ORIENTED_EDGE('',*,*,#7267,.F.);
#11754=ORIENTED_EDGE('',*,*,#11217,.F.);
#11755=ORIENTED_EDGE('',*,*,#11234,.T.);
#11756=EDGE_LOOP('',(#11753,#11754,#11755));
#11757=FACE_OUTER_BOUND('',#11756,.T.);
#11758=ADVANCED_FACE('',(#11757),#11752,.T.);
#11759=DIRECTION('',(0.413452,-0.761233,0.499582));
#11760=DIRECTION('',(0,-0.548674,-0.836036));
#11761=AXIS2_PLACEMENT_3D('',#1276,#11759,#11760);
#11762=PLANE('',#11761);
#11763=ORIENTED_EDGE('',*,*,#11240,.F.);
#11764=ORIENTED_EDGE('',*,*,#11252,.T.);
#11765=ORIENTED_EDGE('',*,*,#7272,.F.);
#11766=EDGE_LOOP('',(#11763,#11764,#11765));
#11767=FACE_OUTER_BOUND('',#11766,.T.);
#11768=ADVANCED_FACE('',(#11767),#11762,.T.);
#11769=DIRECTION('',(0.704137,-0.710064,-0.000001));
#11770=DIRECTION('',(0,0.000001,-1));
#11771=AXIS2_PLACEMENT_3D('',#1454,#11769,#11770);
#11772=PLANE('',#11771);
#11773=ORIENTED_EDGE('',*,*,#2455,.T.);
#11774=DIRECTION('',(-0.478278,-0.474286,0.739123));
#11775=VECTOR('',#11774,13.529542);
#11776=LINE('',#1456,#11775);
#11777=EDGE_CURVE('',#1457,#1523,#11776,.T.);
#11778=ORIENTED_EDGE('',*,*,#11777,.T.);
#11779=DIRECTION('',(-0.450705,-0.446944,0.772726));
#11780=VECTOR('',#11779,12.941194);
#11781=LINE('',#1454,#11780);
#11782=EDGE_CURVE('',#1455,#1523,#11781,.T.);
#11783=ORIENTED_EDGE('',*,*,#11782,.F.);
#11784=EDGE_LOOP('',(#11773,#11778,#11783));
#11785=FACE_OUTER_BOUND('',#11784,.T.);
#11786=ADVANCED_FACE('',(#11785),#11772,.T.);
#11787=DIRECTION('',(0.704137,-0.710064,-0.000001));
#11788=DIRECTION('',(0,0.000001,-1));
#11789=AXIS2_PLACEMENT_3D('',#1548,#11787,#11788);
#11790=PLANE('',#11789);
#11791=DIRECTION('',(-0.493038,-0.488923,0.71963));
#11792=VECTOR('',#11791,13.896025);
#11793=LINE('',#1460,#11792);
#11794=EDGE_CURVE('',#1461,#1549,#11793,.T.);
#11795=ORIENTED_EDGE('',*,*,#11794,.F.);
#11796=ORIENTED_EDGE('',*,*,#2440,.T.);
#11797=DIRECTION('',(-0.499985,-0.495813,0.710059));
#11798=VECTOR('',#11797,14.083333);
#11799=LINE('',#1462,#11798);
#11800=EDGE_CURVE('',#1463,#1551,#11799,.T.);
#11801=ORIENTED_EDGE('',*,*,#11800,.T.);
#11802=ORIENTED_EDGE('',*,*,#5944,.F.);
#11803=EDGE_LOOP('',(#11795,#11796,#11801,#11802));
#11804=FACE_OUTER_BOUND('',#11803,.T.);
#11805=ADVANCED_FACE('',(#11804),#11790,.T.);
#11806=DIRECTION('',(0.704138,-0.710063,0.000001));
#11807=DIRECTION('',(0,-0.000001,-1));
#11808=AXIS2_PLACEMENT_3D('',#1458,#11806,#11807);
#11809=PLANE('',#11808);
#11810=DIRECTION('',(-0.485806,-0.481751,0.729321));
#11811=VECTOR('',#11810,13.711392);
#11812=LINE('',#1458,#11811);
#11813=EDGE_CURVE('',#1459,#1525,#11812,.T.);
#11814=ORIENTED_EDGE('',*,*,#11813,.T.);
#11815=DIRECTION('',(-0.45931,-0.455477,0.762611));
#11816=VECTOR('',#11815,13.112846);
#11817=LINE('',#1456,#11816);
#11818=EDGE_CURVE('',#1457,#1525,#11817,.T.);
#11819=ORIENTED_EDGE('',*,*,#11818,.F.);
#11820=ORIENTED_EDGE('',*,*,#2450,.T.);
#11821=EDGE_LOOP('',(#11814,#11819,#11820));
#11822=FACE_OUTER_BOUND('',#11821,.T.);
#11823=ADVANCED_FACE('',(#11822),#11809,.T.);
#11824=DIRECTION('',(0.704138,-0.710063,0.000001));
#11825=DIRECTION('',(0,-0.000001,-1));
#11826=AXIS2_PLACEMENT_3D('',#1458,#11824,#11825);
#11827=PLANE('',#11826);
#11828=ORIENTED_EDGE('',*,*,#2445,.T.);
#11829=ORIENTED_EDGE('',*,*,#11794,.T.);
#11830=DIRECTION('',(-0.46758,-0.463678,0.752577));
#11831=VECTOR('',#11830,13.287683);
#11832=LINE('',#1458,#11831);
#11833=EDGE_CURVE('',#1459,#1549,#11832,.T.);
#11834=ORIENTED_EDGE('',*,*,#11833,.F.);
#11835=EDGE_LOOP('',(#11828,#11829,#11834));
#11836=FACE_OUTER_BOUND('',#11835,.T.);
#11837=ADVANCED_FACE('',(#11836),#11827,.T.);
#11838=DIRECTION('',(0.704138,-0.710063,0.000001));
#11839=DIRECTION('',(0,-0.000001,-1));
#11840=AXIS2_PLACEMENT_3D('',#1462,#11838,#11839);
#11841=PLANE('',#11840);
#11842=DIRECTION('',(-0.483163,-0.479131,0.732794));
#11843=VECTOR('',#11842,13.646409);
#11844=LINE('',#1462,#11843);
#11845=EDGE_CURVE('',#1463,#1553,#11844,.T.);
#11846=ORIENTED_EDGE('',*,*,#11845,.T.);
#11847=ORIENTED_EDGE('',*,*,#5949,.F.);
#11848=ORIENTED_EDGE('',*,*,#11800,.F.);
#11849=EDGE_LOOP('',(#11846,#11847,#11848));
#11850=FACE_OUTER_BOUND('',#11849,.T.);
#11851=ADVANCED_FACE('',(#11850),#11841,.T.);
#11852=DIRECTION('',(-0.994173,0.1078,0));
#11853=DIRECTION('',(0,-0,1));
#11854=AXIS2_PLACEMENT_3D('',#1564,#11852,#11853);
#11855=PLANE('',#11854);
#11856=ORIENTED_EDGE('',*,*,#6184,.T.);
#11857=ORIENTED_EDGE('',*,*,#6179,.T.);
#11858=DIRECTION('',(-0.070987,-0.654667,0.752577));
#11859=VECTOR('',#11858,13.287682);
#11860=LINE('',#1316,#11859);
#11861=EDGE_CURVE('',#1317,#1569,#11860,.T.);
#11862=ORIENTED_EDGE('',*,*,#11861,.F.);
#11863=ORIENTED_EDGE('',*,*,#2210,.F.);
#11864=ORIENTED_EDGE('',*,*,#2205,.F.);
#11865=ORIENTED_EDGE('',*,*,#9751,.T.);
#11866=EDGE_LOOP('',(#11856,#11857,#11862,#11863,#11864,#11865));
#11867=FACE_OUTER_BOUND('',#11866,.T.);
#11868=ADVANCED_FACE('',(#11867),#11855,.T.);
#11869=DIRECTION('',(-0.994173,0.1078,0));
#11870=DIRECTION('',(0,-0,1));
#11871=AXIS2_PLACEMENT_3D('',#1316,#11869,#11870);
#11872=PLANE('',#11871);
#11873=DIRECTION('',(-0.067948,-0.626641,0.77634));
#11874=VECTOR('',#11873,12.880953);
#11875=LINE('',#1316,#11874);
#11876=EDGE_CURVE('',#1317,#1571,#11875,.T.);
#11877=ORIENTED_EDGE('',*,*,#11876,.T.);
#11878=ORIENTED_EDGE('',*,*,#6169,.T.);
#11879=DIRECTION('',(-0.073352,-0.676486,0.732794));
#11880=VECTOR('',#11879,13.646409);
#11881=LINE('',#1320,#11880);
#11882=EDGE_CURVE('',#1321,#1573,#11881,.T.);
#11883=ORIENTED_EDGE('',*,*,#11882,.F.);
#11884=ORIENTED_EDGE('',*,*,#2220,.F.);
#11885=ORIENTED_EDGE('',*,*,#2215,.F.);
#11886=EDGE_LOOP('',(#11877,#11878,#11883,#11884,#11885));
#11887=FACE_OUTER_BOUND('',#11886,.T.);
#11888=ADVANCED_FACE('',(#11887),#11872,.T.);
#11889=DIRECTION('',(0.942491,-0.334231,-0));
#11890=DIRECTION('',(0,0,-1));
#11891=AXIS2_PLACEMENT_3D('',#1356,#11889,#11890);
#11892=PLANE('',#11891);
#11893=DIRECTION('',(-0.235346,-0.663648,0.710059));
#11894=VECTOR('',#11893,14.083333);
#11895=LINE('',#1356,#11894);
#11896=EDGE_CURVE('',#1357,#1593,#11895,.T.);
#11897=ORIENTED_EDGE('',*,*,#11896,.T.);
#11898=ORIENTED_EDGE('',*,*,#6074,.F.);
#11899=ORIENTED_EDGE('',*,*,#6069,.F.);
#11900=ORIENTED_EDGE('',*,*,#6064,.F.);
#11901=DIRECTION('',(-0.21215,-0.598236,0.772726));
#11902=VECTOR('',#11901,12.941194);
#11903=LINE('',#1310,#11902);
#11904=EDGE_CURVE('',#1311,#1517,#11903,.T.);
#11905=ORIENTED_EDGE('',*,*,#11904,.F.);
#11906=ORIENTED_EDGE('',*,*,#2325,.T.);
#11907=ORIENTED_EDGE('',*,*,#2320,.T.);
#11908=ORIENTED_EDGE('',*,*,#2315,.T.);
#11909=ORIENTED_EDGE('',*,*,#2310,.T.);
#11910=EDGE_LOOP('',(#11897,#11898,#11899,#11900,#11905,#11906,#11907,#11908,#11909));
#11911=FACE_OUTER_BOUND('',#11910,.T.);
#11912=ADVANCED_FACE('',(#11911),#11892,.T.);
#11913=DIRECTION('',(0.961892,-0.265248,0.066393));
#11914=DIRECTION('',(0.06886,0,-0.997626));
#11915=AXIS2_PLACEMENT_3D('',#1594,#11913,#11914);
#11916=PLANE('',#11915);
#11917=DIRECTION('',(-0.227428,-0.641319,0.732793));
#11918=VECTOR('',#11917,13.646409);
#11919=LINE('',#1356,#11918);
#11920=EDGE_CURVE('',#1357,#1595,#11919,.T.);
#11921=ORIENTED_EDGE('',*,*,#11920,.F.);
#11922=ORIENTED_EDGE('',*,*,#2305,.T.);
#11923=DIRECTION('',(-0.234221,-0.674009,0.700608));
#11924=VECTOR('',#11923,14.273309);
#11925=LINE('',#1358,#11924);
#11926=EDGE_CURVE('',#1359,#1595,#11925,.T.);
#11927=ORIENTED_EDGE('',*,*,#11926,.T.);
#11928=EDGE_LOOP('',(#11921,#11922,#11927));
#11929=FACE_OUTER_BOUND('',#11928,.T.);
#11930=ADVANCED_FACE('',(#11929),#11916,.T.);
#11931=DIRECTION('',(-0.981721,0.178368,0.066393));
#11932=DIRECTION('',(0.067475,-0,0.997721));
#11933=AXIS2_PLACEMENT_3D('',#1574,#11931,#11932);
#11934=PLANE('',#11933);
#11935=DIRECTION('',(-0.075849,-0.686606,0.723062));
#11936=VECTOR('',#11935,13.830066);
#11937=LINE('',#1322,#11936);
#11938=EDGE_CURVE('',#1323,#1575,#11937,.T.);
#11939=ORIENTED_EDGE('',*,*,#11938,.F.);
#11940=ORIENTED_EDGE('',*,*,#2225,.F.);
#11941=DIRECTION('',(-0.067138,-0.65097,0.756128));
#11942=VECTOR('',#11941,13.225269);
#11943=LINE('',#1320,#11942);
#11944=EDGE_CURVE('',#1321,#1575,#11943,.T.);
#11945=ORIENTED_EDGE('',*,*,#11944,.T.);
#11946=EDGE_LOOP('',(#11939,#11940,#11945));
#11947=FACE_OUTER_BOUND('',#11946,.T.);
#11948=ADVANCED_FACE('',(#11947),#11934,.T.);
#11949=DIRECTION('',(-0.912584,0.340003,0.22713));
#11950=DIRECTION('',(0.241519,-0,0.970396));
#11951=AXIS2_PLACEMENT_3D('',#1324,#11949,#11950);
#11952=PLANE('',#11951);
#11953=ORIENTED_EDGE('',*,*,#2230,.F.);
#11954=ORIENTED_EDGE('',*,*,#11938,.T.);
#11955=ORIENTED_EDGE('',*,*,#6159,.T.);
#11956=DIRECTION('',(-0.081715,-0.695927,0.713448));
#11957=VECTOR('',#11956,14.016435);
#11958=LINE('',#1324,#11957);
#11959=EDGE_CURVE('',#1325,#1577,#11958,.T.);
#11960=ORIENTED_EDGE('',*,*,#11959,.F.);
#11961=EDGE_LOOP('',(#11953,#11954,#11955,#11960));
#11962=FACE_OUTER_BOUND('',#11961,.T.);
#11963=ADVANCED_FACE('',(#11962),#11952,.T.);
#11964=DIRECTION('',(-0.852618,0.419502,0.311545));
#11965=DIRECTION('',(0,-0.596219,0.802822));
#11966=AXIS2_PLACEMENT_3D('',#1326,#11964,#11965);
#11967=PLANE('',#11966);
#11968=ORIENTED_EDGE('',*,*,#2235,.F.);
#11969=ORIENTED_EDGE('',*,*,#11959,.T.);
#11970=ORIENTED_EDGE('',*,*,#6154,.T.);
#11971=DIRECTION('',(-0.089444,-0.704588,0.703957));
#11972=VECTOR('',#11971,14.20541);
#11973=LINE('',#1326,#11972);
#11974=EDGE_CURVE('',#1327,#1579,#11973,.T.);
#11975=ORIENTED_EDGE('',*,*,#11974,.F.);
#11976=EDGE_LOOP('',(#11968,#11969,#11970,#11975));
#11977=FACE_OUTER_BOUND('',#11976,.T.);
#11978=ADVANCED_FACE('',(#11977),#11967,.T.);
#11979=DIRECTION('',(-0.797581,0.473998,0.373083));
#11980=DIRECTION('',(0,-0.618494,0.78579));
#11981=AXIS2_PLACEMENT_3D('',#1580,#11979,#11980);
#11982=PLANE('',#11981);
#11983=DIRECTION('',(-0.098593,-0.712613,0.694594));
#11984=VECTOR('',#11983,14.39689);
#11985=LINE('',#1328,#11984);
#11986=EDGE_CURVE('',#1329,#1581,#11985,.T.);
#11987=ORIENTED_EDGE('',*,*,#11986,.F.);
#11988=ORIENTED_EDGE('',*,*,#2240,.F.);
#11989=DIRECTION('',(-0.066819,-0.684111,0.72631));
#11990=VECTOR('',#11989,13.768219);
#11991=LINE('',#1326,#11990);
#11992=EDGE_CURVE('',#1327,#1581,#11991,.T.);
#11993=ORIENTED_EDGE('',*,*,#11992,.T.);
#11994=EDGE_LOOP('',(#11987,#11988,#11993));
#11995=FACE_OUTER_BOUND('',#11994,.T.);
#11996=ADVANCED_FACE('',(#11995),#11982,.T.);
#11997=DIRECTION('',(-0.745864,0.514981,0.42247));
#11998=DIRECTION('',(0,-0.634246,0.773131));
#11999=AXIS2_PLACEMENT_3D('',#1580,#11997,#11998);
#12000=PLANE('',#11999);
#12001=ORIENTED_EDGE('',*,*,#6144,.T.);
#12002=DIRECTION('',(-0.108926,-0.720007,0.685365));
#12003=VECTOR('',#12002,14.590772);
#12004=LINE('',#1330,#12003);
#12005=EDGE_CURVE('',#1331,#1583,#12004,.T.);
#12006=ORIENTED_EDGE('',*,*,#12005,.F.);
#12007=ORIENTED_EDGE('',*,*,#2245,.F.);
#12008=ORIENTED_EDGE('',*,*,#11986,.T.);
#12009=EDGE_LOOP('',(#12001,#12006,#12007,#12008));
#12010=FACE_OUTER_BOUND('',#12009,.T.);
#12011=ADVANCED_FACE('',(#12010),#12000,.T.);
#12012=DIRECTION('',(-0.696841,0.547001,0.4639));
#12013=DIRECTION('',(0,-0.646797,0.762662));
#12014=AXIS2_PLACEMENT_3D('',#1582,#12012,#12013);
#12015=PLANE('',#12014);
#12016=ORIENTED_EDGE('',*,*,#6139,.T.);
#12017=DIRECTION('',(-0.120285,-0.726766,0.676271));
#12018=VECTOR('',#12017,14.786966);
#12019=LINE('',#1332,#12018);
#12020=EDGE_CURVE('',#1333,#1585,#12019,.T.);
#12021=ORIENTED_EDGE('',*,*,#12020,.F.);
#12022=ORIENTED_EDGE('',*,*,#2250,.F.);
#12023=ORIENTED_EDGE('',*,*,#12005,.T.);
#12024=EDGE_LOOP('',(#12016,#12021,#12022,#12023));
#12025=FACE_OUTER_BOUND('',#12024,.T.);
#12026=ADVANCED_FACE('',(#12025),#12015,.T.);
#12027=DIRECTION('',(0.895443,0.140363,0.42247));
#12028=DIRECTION('',(0,-0.948993,0.315297));
#12029=AXIS2_PLACEMENT_3D('',#1366,#12027,#12028);
#12030=PLANE('',#12029);
#12031=DIRECTION('',(-0.200328,-0.720432,0.663963));
#12032=VECTOR('',#12031,15.061075);
#12033=LINE('',#1366,#12032);
#12034=EDGE_CURVE('',#1367,#1603,#12033,.T.);
#12035=ORIENTED_EDGE('',*,*,#12034,.T.);
#12036=DIRECTION('',(-0.220362,-0.684821,0.694594));
#12037=VECTOR('',#12036,14.39689);
#12038=LINE('',#1364,#12037);
#12039=EDGE_CURVE('',#1365,#1603,#12038,.T.);
#12040=ORIENTED_EDGE('',*,*,#12039,.F.);
#12041=ORIENTED_EDGE('',*,*,#2285,.T.);
#12042=EDGE_LOOP('',(#12035,#12040,#12041));
#12043=FACE_OUTER_BOUND('',#12042,.T.);
#12044=ADVANCED_FACE('',(#12043),#12030,.T.);
#12045=DIRECTION('',(0.865166,0.190484,0.4639));
#12046=DIRECTION('',(0,-0.925052,0.37984));
#12047=AXIS2_PLACEMENT_3D('',#1612,#12045,#12046);
#12048=PLANE('',#12047);
#12049=ORIENTED_EDGE('',*,*,#6109,.F.);
#12050=DIRECTION('',(-0.21426,-0.695965,0.685365));
#12051=VECTOR('',#12050,14.590773);
#12052=LINE('',#1366,#12051);
#12053=EDGE_CURVE('',#1367,#1611,#12052,.T.);
#12054=ORIENTED_EDGE('',*,*,#12053,.F.);
#12055=ORIENTED_EDGE('',*,*,#2280,.T.);
#12056=DIRECTION('',(-0.206959,-0.706983,0.676271));
#12057=VECTOR('',#12056,14.786965);
#12058=LINE('',#1368,#12057);
#12059=EDGE_CURVE('',#1369,#1613,#12058,.T.);
#12060=ORIENTED_EDGE('',*,*,#12059,.T.);
#12061=EDGE_LOOP('',(#12049,#12054,#12055,#12060));
#12062=FACE_OUTER_BOUND('',#12061,.T.);
#12063=ADVANCED_FACE('',(#12062),#12048,.T.);
#12064=DIRECTION('',(0.802812,0.271441,0.53086));
#12065=DIRECTION('',(0,-0.890358,0.455261));
#12066=AXIS2_PLACEMENT_3D('',#1372,#12064,#12065);
#12067=PLANE('',#12066);
#12068=DIRECTION('',(-0.189149,-0.728419,0.658505));
#12069=VECTOR('',#12068,15.185923);
#12070=LINE('',#1372,#12069);
#12071=EDGE_CURVE('',#1373,#1609,#12070,.T.);
#12072=ORIENTED_EDGE('',*,*,#12071,.T.);
#12073=ORIENTED_EDGE('',*,*,#6119,.F.);
#12074=DIRECTION('',(-0.198561,-0.717817,0.667317));
#12075=VECTOR('',#12074,14.985378);
#12076=LINE('',#1370,#12075);
#12077=EDGE_CURVE('',#1371,#1605,#12076,.T.);
#12078=ORIENTED_EDGE('',*,*,#12077,.F.);
#12079=ORIENTED_EDGE('',*,*,#2270,.T.);
#12080=EDGE_LOOP('',(#12072,#12073,#12078,#12079));
#12081=FACE_OUTER_BOUND('',#12080,.T.);
#12082=ADVANCED_FACE('',(#12081),#12067,.T.);
#12083=DIRECTION('',(0.834149,0.233696,0.499582));
#12084=DIRECTION('',(0,-0.905795,0.423716));
#12085=AXIS2_PLACEMENT_3D('',#1612,#12083,#12084);
#12086=PLANE('',#12085);
#12087=ORIENTED_EDGE('',*,*,#12059,.F.);
#12088=ORIENTED_EDGE('',*,*,#2275,.T.);
#12089=DIRECTION('',(-0.179455,-0.741509,0.646499));
#12090=VECTOR('',#12089,15.467936);
#12091=LINE('',#1370,#12090);
#12092=EDGE_CURVE('',#1371,#1613,#12091,.T.);
#12093=ORIENTED_EDGE('',*,*,#12092,.T.);
#12094=EDGE_LOOP('',(#12087,#12088,#12093));
#12095=FACE_OUTER_BOUND('',#12094,.T.);
#12096=ADVANCED_FACE('',(#12095),#12086,.T.);
#12097=DIRECTION('',(-0.650144,0.572477,0.499583));
#12098=DIRECTION('',(0,-0.657509,0.753446));
#12099=AXIS2_PLACEMENT_3D('',#1334,#12097,#12098);
#12100=PLANE('',#12099);
#12101=ORIENTED_EDGE('',*,*,#2255,.F.);
#12102=DIRECTION('',(-0.089943,-0.710873,0.697546));
#12103=VECTOR('',#12102,14.335979);
#12104=LINE('',#1332,#12103);
#12105=EDGE_CURVE('',#1333,#1587,#12104,.T.);
#12106=ORIENTED_EDGE('',*,*,#12105,.T.);
#12107=DIRECTION('',(-0.132552,-0.732883,0.667317));
#12108=VECTOR('',#12107,14.985376);
#12109=LINE('',#1334,#12108);
#12110=EDGE_CURVE('',#1335,#1587,#12109,.T.);
#12111=ORIENTED_EDGE('',*,*,#12110,.F.);
#12112=EDGE_LOOP('',(#12101,#12106,#12111));
#12113=FACE_OUTER_BOUND('',#12112,.T.);
#12114=ADVANCED_FACE('',(#12113),#12100,.T.);
#12115=DIRECTION('',(-0.605537,0.592886,0.530858));
#12116=DIRECTION('',(0,-0.667061,0.745003));
#12117=AXIS2_PLACEMENT_3D('',#1334,#12115,#12116);
#12118=PLANE('',#12117);
#12119=DIRECTION('',(-0.100194,-0.71855,0.68822));
#12120=VECTOR('',#12119,14.53024);
#12121=LINE('',#1334,#12120);
#12122=EDGE_CURVE('',#1335,#1607,#12121,.T.);
#12123=ORIENTED_EDGE('',*,*,#12122,.T.);
#12124=DIRECTION('',(-0.145632,-0.738352,0.658505));
#12125=VECTOR('',#12124,15.185924);
#12126=LINE('',#1336,#12125);
#12127=EDGE_CURVE('',#1337,#1607,#12126,.T.);
#12128=ORIENTED_EDGE('',*,*,#12127,.F.);
#12129=ORIENTED_EDGE('',*,*,#2260,.F.);
#12130=EDGE_LOOP('',(#12123,#12128,#12129));
#12131=FACE_OUTER_BOUND('',#12130,.T.);
#12132=ADVANCED_FACE('',(#12131),#12118,.T.);
#12133=DIRECTION('',(0.146568,0.642154,0.752433));
#12134=DIRECTION('',(0,-0.760648,0.649165));
#12135=AXIS2_PLACEMENT_3D('',#1608,#12133,#12134);
#12136=PLANE('',#12135);
#12137=ORIENTED_EDGE('',*,*,#12071,.F.);
#12138=ORIENTED_EDGE('',*,*,#2265,.F.);
#12139=ORIENTED_EDGE('',*,*,#12127,.T.);
#12140=ORIENTED_EDGE('',*,*,#6124,.T.);
#12141=EDGE_LOOP('',(#12137,#12138,#12139,#12140));
#12142=FACE_OUTER_BOUND('',#12141,.T.);
#12143=ADVANCED_FACE('',(#12142),#12136,.T.);
#12144=DIRECTION('',(0.336061,0.697838,0.632523));
#12145=DIRECTION('',(0,-0.671582,0.74093));
#12146=AXIS2_PLACEMENT_3D('',#1526,#12144,#12145);
#12147=PLANE('',#12146);
#12148=DIRECTION('',(-0.335447,-0.53886,0.772726));
#12149=VECTOR('',#12148,12.941194);
#12150=LINE('',#1340,#12149);
#12151=EDGE_CURVE('',#1341,#1527,#12150,.T.);
#12152=ORIENTED_EDGE('',*,*,#12151,.F.);
#12153=ORIENTED_EDGE('',*,*,#2330,.F.);
#12154=ORIENTED_EDGE('',*,*,#11904,.T.);
#12155=ORIENTED_EDGE('',*,*,#6059,.T.);
#12156=EDGE_LOOP('',(#12152,#12153,#12154,#12155));
#12157=FACE_OUTER_BOUND('',#12156,.T.);
#12158=ADVANCED_FACE('',(#12157),#12147,.T.);
#12159=DIRECTION('',(-0.848946,0.52848,0));
#12160=DIRECTION('',(0,-0,1));
#12161=AXIS2_PLACEMENT_3D('',#1342,#12159,#12160);
#12162=PLANE('',#12161);
#12163=ORIENTED_EDGE('',*,*,#2335,.F.);
#12164=ORIENTED_EDGE('',*,*,#12151,.T.);
#12165=ORIENTED_EDGE('',*,*,#6054,.T.);
#12166=DIRECTION('',(-0.341851,-0.549147,0.762611));
#12167=VECTOR('',#12166,13.112847);
#12168=LINE('',#1342,#12167);
#12169=EDGE_CURVE('',#1343,#1529,#12168,.T.);
#12170=ORIENTED_EDGE('',*,*,#12169,.F.);
#12171=EDGE_LOOP('',(#12163,#12164,#12165,#12170));
#12172=FACE_OUTER_BOUND('',#12171,.T.);
#12173=ADVANCED_FACE('',(#12172),#12162,.T.);
#12174=DIRECTION('',(-0.848946,0.52848,0));
#12175=DIRECTION('',(0,-0,1));
#12176=AXIS2_PLACEMENT_3D('',#1530,#12174,#12175);
#12177=PLANE('',#12176);
#12178=ORIENTED_EDGE('',*,*,#6044,.T.);
#12179=ORIENTED_EDGE('',*,*,#6039,.T.);
#12180=DIRECTION('',(-0.339603,-0.545536,0.766199));
#12181=VECTOR('',#12180,13.051443);
#12182=LINE('',#1346,#12181);
#12183=EDGE_CURVE('',#1347,#1535,#12182,.T.);
#12184=ORIENTED_EDGE('',*,*,#12183,.F.);
#12185=ORIENTED_EDGE('',*,*,#2345,.F.);
#12186=DIRECTION('',(-0.348006,-0.559035,0.752577));
#12187=VECTOR('',#12186,13.287683);
#12188=LINE('',#1344,#12187);
#12189=EDGE_CURVE('',#1345,#1531,#12188,.T.);
#12190=ORIENTED_EDGE('',*,*,#12189,.T.);
#12191=EDGE_LOOP('',(#12178,#12179,#12184,#12185,#12190));
#12192=FACE_OUTER_BOUND('',#12191,.T.);
#12193=ADVANCED_FACE('',(#12192),#12177,.T.);
#12194=DIRECTION('',(-0.848946,0.52848,0.000001));
#12195=DIRECTION('',(0,-0.000002,1));
#12196=AXIS2_PLACEMENT_3D('',#1342,#12194,#12195);
#12197=PLANE('',#12196);
#12198=DIRECTION('',(-0.326353,-0.524251,0.786546));
#12199=VECTOR('',#12198,12.713819);
#12200=LINE('',#1342,#12199);
#12201=EDGE_CURVE('',#1343,#1531,#12200,.T.);
#12202=ORIENTED_EDGE('',*,*,#12201,.T.);
#12203=ORIENTED_EDGE('',*,*,#12189,.F.);
#12204=ORIENTED_EDGE('',*,*,#2340,.F.);
#12205=EDGE_LOOP('',(#12202,#12203,#12204));
#12206=FACE_OUTER_BOUND('',#12205,.T.);
#12207=ADVANCED_FACE('',(#12206),#12197,.T.);
#12208=DIRECTION('',(0.969732,-0.089624,0.227129));
#12209=DIRECTION('',(0.228047,0,-0.97365));
#12210=AXIS2_PLACEMENT_3D('',#1358,#12208,#12209);
#12211=PLANE('',#12210);
#12212=ORIENTED_EDGE('',*,*,#2300,.T.);
#12213=DIRECTION('',(-0.225357,-0.686587,0.69124));
#12214=VECTOR('',#12213,14.46676);
#12215=LINE('',#1360,#12214);
#12216=EDGE_CURVE('',#1361,#1597,#12215,.T.);
#12217=ORIENTED_EDGE('',*,*,#12216,.T.);
#12218=DIRECTION('',(-0.229569,-0.65152,0.723062));
#12219=VECTOR('',#12218,13.830065);
#12220=LINE('',#1358,#12219);
#12221=EDGE_CURVE('',#1359,#1597,#12220,.T.);
#12222=ORIENTED_EDGE('',*,*,#12221,.F.);
#12223=EDGE_LOOP('',(#12212,#12217,#12222));
#12224=FACE_OUTER_BOUND('',#12223,.T.);
#12225=ADVANCED_FACE('',(#12224),#12211,.T.);
#12226=DIRECTION('',(-0.848947,0.528479,-0.000001));
#12227=DIRECTION('',(-0,0.000002,1));
#12228=AXIS2_PLACEMENT_3D('',#1346,#12226,#12227);
#12229=PLANE('',#12228);
#12230=ORIENTED_EDGE('',*,*,#12183,.T.);
#12231=DIRECTION('',(-0.359604,-0.577666,0.732794));
#12232=VECTOR('',#12231,13.646409);
#12233=LINE('',#1348,#12232);
#12234=EDGE_CURVE('',#1349,#1535,#12233,.T.);
#12235=ORIENTED_EDGE('',*,*,#12234,.F.);
#12236=ORIENTED_EDGE('',*,*,#2350,.F.);
#12237=EDGE_LOOP('',(#12230,#12235,#12236));
#12238=FACE_OUTER_BOUND('',#12237,.T.);
#12239=ADVANCED_FACE('',(#12238),#12229,.T.);
#12240=DIRECTION('',(-0.848947,0.528479,-0.000001));
#12241=DIRECTION('',(-0,0.000002,1));
#12242=AXIS2_PLACEMENT_3D('',#1342,#12240,#12241);
#12243=PLANE('',#12242);
#12244=ORIENTED_EDGE('',*,*,#12169,.T.);
#12245=ORIENTED_EDGE('',*,*,#6049,.T.);
#12246=ORIENTED_EDGE('',*,*,#12201,.F.);
#12247=EDGE_LOOP('',(#12244,#12245,#12246));
#12248=FACE_OUTER_BOUND('',#12247,.T.);
#12249=ADVANCED_FACE('',(#12248),#12243,.T.);
#12250=DIRECTION('',(-0.807109,0.586658,0.066393));
#12251=DIRECTION('',(0,-0.112454,0.993657));
#12252=AXIS2_PLACEMENT_3D('',#1614,#12250,#12251);
#12253=PLANE('',#12252);
#12254=DIRECTION('',(-0.366245,-0.585701,0.723062));
#12255=VECTOR('',#12254,13.830066);
#12256=LINE('',#1350,#12255);
#12257=EDGE_CURVE('',#1351,#1615,#12256,.T.);
#12258=ORIENTED_EDGE('',*,*,#12257,.F.);
#12259=ORIENTED_EDGE('',*,*,#2355,.F.);
#12260=DIRECTION('',(-0.342935,-0.557374,0.756128));
#12261=VECTOR('',#12260,13.225269);
#12262=LINE('',#1348,#12261);
#12263=EDGE_CURVE('',#1349,#1615,#12262,.T.);
#12264=ORIENTED_EDGE('',*,*,#12263,.T.);
#12265=EDGE_LOOP('',(#12258,#12259,#12264));
#12266=FACE_OUTER_BOUND('',#12265,.T.);
#12267=ADVANCED_FACE('',(#12266),#12253,.T.);
#12268=DIRECTION('',(-0.674689,0.702287,0.227129));
#12269=DIRECTION('',(0,-0.30772,0.951477));
#12270=AXIS2_PLACEMENT_3D('',#1350,#12268,#12269);
#12271=PLANE('',#12270);
#12272=DIRECTION('',(-0.342931,-0.570749,0.746086));
#12273=VECTOR('',#12272,13.403284);
#12274=LINE('',#1350,#12273);
#12275=EDGE_CURVE('',#1351,#1617,#12274,.T.);
#12276=ORIENTED_EDGE('',*,*,#12275,.T.);
#12277=DIRECTION('',(-0.375574,-0.591554,0.713448));
#12278=VECTOR('',#12277,14.016435);
#12279=LINE('',#1352,#12278);
#12280=EDGE_CURVE('',#1353,#1617,#12279,.T.);
#12281=ORIENTED_EDGE('',*,*,#12280,.F.);
#12282=ORIENTED_EDGE('',*,*,#2360,.F.);
#12283=EDGE_LOOP('',(#12276,#12281,#12282));
#12284=FACE_OUTER_BOUND('',#12283,.T.);
#12285=ADVANCED_FACE('',(#12284),#12271,.T.);
#12286=DIRECTION('',(-0.586166,0.747896,0.311546));
#12287=DIRECTION('',(0,-0.384534,0.923111));
#12288=AXIS2_PLACEMENT_3D('',#1374,#12286,#12287);
#12289=PLANE('',#12288);
#12290=ORIENTED_EDGE('',*,*,#2365,.F.);
#12291=ORIENTED_EDGE('',*,*,#12280,.T.);
#12292=ORIENTED_EDGE('',*,*,#6024,.T.);
#12293=DIRECTION('',(-0.386296,-0.596003,0.703957));
#12294=VECTOR('',#12293,14.205411);
#12295=LINE('',#1374,#12294);
#12296=EDGE_CURVE('',#1375,#1619,#12295,.T.);
#12297=ORIENTED_EDGE('',*,*,#12296,.F.);
#12298=EDGE_LOOP('',(#12290,#12291,#12292,#12297));
#12299=FACE_OUTER_BOUND('',#12298,.T.);
#12300=ADVANCED_FACE('',(#12299),#12289,.T.);
#12301=DIRECTION('',(-0.512934,0.773115,0.373084));
#12302=DIRECTION('',(0,-0.434613,0.900617));
#12303=AXIS2_PLACEMENT_3D('',#1374,#12301,#12302);
#12304=PLANE('',#12303);
#12305=DIRECTION('',(-0.357027,-0.587372,0.72631));
#12306=VECTOR('',#12305,13.768221);
#12307=LINE('',#1374,#12306);
#12308=EDGE_CURVE('',#1375,#1621,#12307,.T.);
#12309=ORIENTED_EDGE('',*,*,#12308,.T.);
#12310=DIRECTION('',(-0.398021,-0.599264,0.694595));
#12311=VECTOR('',#12310,14.396889);
#12312=LINE('',#1478,#12311);
#12313=EDGE_CURVE('',#1479,#1621,#12312,.T.);
#12314=ORIENTED_EDGE('',*,*,#12313,.F.);
#12315=ORIENTED_EDGE('',*,*,#2370,.F.);
#12316=EDGE_LOOP('',(#12309,#12314,#12315));
#12317=FACE_OUTER_BOUND('',#12316,.T.);
#12318=ADVANCED_FACE('',(#12317),#12304,.T.);
#12319=DIRECTION('',(-0.448559,0.7876,0.42247));
#12320=DIRECTION('',(0,-0.472692,0.881228));
#12321=AXIS2_PLACEMENT_3D('',#1622,#12319,#12320);
#12322=PLANE('',#12321);
#12323=DIRECTION('',(-0.410538,-0.601443,0.685365));
#12324=VECTOR('',#12323,14.590772);
#12325=LINE('',#1480,#12324);
#12326=EDGE_CURVE('',#1481,#1623,#12325,.T.);
#12327=ORIENTED_EDGE('',*,*,#12326,.F.);
#12328=ORIENTED_EDGE('',*,*,#2375,.F.);
#12329=DIRECTION('',(-0.366772,-0.593269,0.716596));
#12330=VECTOR('',#12329,13.954867);
#12331=LINE('',#1478,#12330);
#12332=EDGE_CURVE('',#1479,#1623,#12331,.T.);
#12333=ORIENTED_EDGE('',*,*,#12332,.T.);
#12334=EDGE_LOOP('',(#12327,#12328,#12333));
#12335=FACE_OUTER_BOUND('',#12334,.T.);
#12336=ADVANCED_FACE('',(#12335),#12322,.T.);
#12337=DIRECTION('',(-0.390496,0.795179,0.4639));
#12338=DIRECTION('',(0,-0.503908,0.863757));
#12339=AXIS2_PLACEMENT_3D('',#1482,#12337,#12338);
#12340=PLANE('',#12339);
#12341=ORIENTED_EDGE('',*,*,#2380,.F.);
#12342=DIRECTION('',(-0.377664,-0.597924,0.707006));
#12343=VECTOR('',#12342,14.144154);
#12344=LINE('',#1480,#12343);
#12345=EDGE_CURVE('',#1481,#1625,#12344,.T.);
#12346=ORIENTED_EDGE('',*,*,#12345,.T.);
#12347=DIRECTION('',(-0.423705,-0.602604,0.676271));
#12348=VECTOR('',#12347,14.786966);
#12349=LINE('',#1482,#12348);
#12350=EDGE_CURVE('',#1483,#1625,#12349,.T.);
#12351=ORIENTED_EDGE('',*,*,#12350,.F.);
#12352=EDGE_LOOP('',(#12341,#12346,#12351));
#12353=FACE_OUTER_BOUND('',#12352,.T.);
#12354=ADVANCED_FACE('',(#12353),#12340,.T.);
#12355=DIRECTION('',(0.950197,0.008022,0.311546));
#12356=DIRECTION('',(0.311556,0,-0.950228));
#12357=AXIS2_PLACEMENT_3D('',#1598,#12355,#12356);
#12358=PLANE('',#12357);
#12359=DIRECTION('',(-0.228329,-0.662463,0.713448));
#12360=VECTOR('',#12359,14.016435);
#12361=LINE('',#1360,#12360);
#12362=EDGE_CURVE('',#1361,#1599,#12361,.T.);
#12363=ORIENTED_EDGE('',*,*,#12362,.F.);
#12364=ORIENTED_EDGE('',*,*,#2295,.T.);
#12365=DIRECTION('',(-0.217718,-0.698188,0.682006));
#12366=VECTOR('',#12365,14.662624);
#12367=LINE('',#1362,#12366);
#12368=EDGE_CURVE('',#1363,#1599,#12367,.T.);
#12369=ORIENTED_EDGE('',*,*,#12368,.T.);
#12370=EDGE_LOOP('',(#12363,#12364,#12369));
#12371=FACE_OUTER_BOUND('',#12370,.T.);
#12372=ADVANCED_FACE('',(#12371),#12358,.T.);
#12373=DIRECTION('',(0.924255,0.081001,0.373084));
#12374=DIRECTION('',(0.374314,0,-0.927302));
#12375=AXIS2_PLACEMENT_3D('',#1362,#12373,#12374);
#12376=PLANE('',#12375);
#12377=ORIENTED_EDGE('',*,*,#2290,.T.);
#12378=DIRECTION('',(-0.209452,-0.709449,0.672913));
#12379=VECTOR('',#12378,14.860757);
#12380=LINE('',#1364,#12379);
#12381=EDGE_CURVE('',#1365,#1601,#12380,.T.);
#12382=ORIENTED_EDGE('',*,*,#12381,.T.);
#12383=DIRECTION('',(-0.225123,-0.67362,0.703957));
#12384=VECTOR('',#12383,14.205411);
#12385=LINE('',#1362,#12384);
#12386=EDGE_CURVE('',#1363,#1601,#12385,.T.);
#12387=ORIENTED_EDGE('',*,*,#12386,.F.);
#12388=EDGE_LOOP('',(#12377,#12382,#12387));
#12389=FACE_OUTER_BOUND('',#12388,.T.);
#12390=ADVANCED_FACE('',(#12389),#12376,.T.);
#12391=DIRECTION('',(0.326321,-0.945259,0));
#12392=DIRECTION('',(0,0,-1));
#12393=AXIS2_PLACEMENT_3D('',#1656,#12391,#12392);
#12394=PLANE('',#12393);
#12395=ORIENTED_EDGE('',*,*,#5819,.F.);
#12396=ORIENTED_EDGE('',*,*,#5814,.F.);
#12397=ORIENTED_EDGE('',*,*,#5809,.F.);
#12398=ORIENTED_EDGE('',*,*,#5804,.F.);
#12399=DIRECTION('',(-0.599993,-0.207129,0.772726));
#12400=VECTOR('',#12399,12.941194);
#12401=LINE('',#1380,#12400);
#12402=EDGE_CURVE('',#1381,#1519,#12401,.T.);
#12403=ORIENTED_EDGE('',*,*,#12402,.F.);
#12404=ORIENTED_EDGE('',*,*,#2585,.T.);
#12405=ORIENTED_EDGE('',*,*,#2580,.T.);
#12406=ORIENTED_EDGE('',*,*,#2575,.T.);
#12407=ORIENTED_EDGE('',*,*,#2570,.T.);
#12408=DIRECTION('',(-0.643203,-0.222046,0.732793));
#12409=VECTOR('',#12408,13.64641);
#12410=LINE('',#1424,#12409);
#12411=EDGE_CURVE('',#1425,#1657,#12410,.T.);
#12412=ORIENTED_EDGE('',*,*,#12411,.T.);
#12413=EDGE_LOOP('',(#12395,#12396,#12397,#12398,#12403,#12404,#12405,#12406,#12407,#12412));
#12414=FACE_OUTER_BOUND('',#12413,.T.);
#12415=ADVANCED_FACE('',(#12414),#12394,.T.);
#12416=DIRECTION('',(-0.116127,0.993234,-0));
#12417=DIRECTION('',(-0,0,1));
#12418=AXIS2_PLACEMENT_3D('',#1638,#12416,#12417);
#12419=PLANE('',#12418);
#12420=DIRECTION('',(-0.642481,-0.075118,0.762611));
#12421=VECTOR('',#12420,13.112846);
#12422=LINE('',#1378,#12421);
#12423=EDGE_CURVE('',#1379,#1639,#12422,.T.);
#12424=ORIENTED_EDGE('',*,*,#12423,.F.);
#12425=ORIENTED_EDGE('',*,*,#2595,.F.);
#12426=DIRECTION('',(-0.630445,-0.073711,0.772726));
#12427=VECTOR('',#12426,12.941193);
#12428=LINE('',#1376,#12427);
#12429=EDGE_CURVE('',#1377,#1637,#12428,.T.);
#12430=ORIENTED_EDGE('',*,*,#12429,.T.);
#12431=ORIENTED_EDGE('',*,*,#5794,.T.);
#12432=EDGE_LOOP('',(#12424,#12425,#12430,#12431));
#12433=FACE_OUTER_BOUND('',#12432,.T.);
#12434=ADVANCED_FACE('',(#12433),#12419,.T.);
#12435=DIRECTION('',(-0.116127,0.993234,-0));
#12436=DIRECTION('',(-0,0,1));
#12437=AXIS2_PLACEMENT_3D('',#1646,#12435,#12436);
#12438=PLANE('',#12437);
#12439=DIRECTION('',(-0.675847,-0.079019,0.732793));
#12440=VECTOR('',#12439,13.64641);
#12441=LINE('',#1406,#12440);
#12442=EDGE_CURVE('',#1407,#1647,#12441,.T.);
#12443=ORIENTED_EDGE('',*,*,#12442,.F.);
#12444=ORIENTED_EDGE('',*,*,#2610,.F.);
#12445=ORIENTED_EDGE('',*,*,#2605,.F.);
#12446=ORIENTED_EDGE('',*,*,#2600,.F.);
#12447=DIRECTION('',(-0.613354,-0.071712,0.786546));
#12448=VECTOR('',#12447,12.713819);
#12449=LINE('',#1378,#12448);
#12450=EDGE_CURVE('',#1379,#1641,#12449,.T.);
#12451=ORIENTED_EDGE('',*,*,#12450,.T.);
#12452=ORIENTED_EDGE('',*,*,#7332,.T.);
#12453=ORIENTED_EDGE('',*,*,#7327,.T.);
#12454=EDGE_LOOP('',(#12443,#12444,#12445,#12446,#12451,#12452,#12453));
#12455=FACE_OUTER_BOUND('',#12454,.T.);
#12456=ADVANCED_FACE('',(#12455),#12438,.T.);
#12457=DIRECTION('',(-0.044557,0.996798,0.066393));
#12458=DIRECTION('',(0,-0.066459,0.997789));
#12459=AXIS2_PLACEMENT_3D('',#1406,#12457,#12458);
#12460=PLANE('',#12459);
#12461=ORIENTED_EDGE('',*,*,#12442,.T.);
#12462=ORIENTED_EDGE('',*,*,#7322,.T.);
#12463=DIRECTION('',(-0.686269,-0.078837,0.723062));
#12464=VECTOR('',#12463,13.830067);
#12465=LINE('',#1408,#12464);
#12466=EDGE_CURVE('',#1409,#1649,#12465,.T.);
#12467=ORIENTED_EDGE('',*,*,#12466,.F.);
#12468=ORIENTED_EDGE('',*,*,#2615,.F.);
#12469=EDGE_LOOP('',(#12461,#12462,#12467,#12468));
#12470=FACE_OUTER_BOUND('',#12469,.T.);
#12471=ADVANCED_FACE('',(#12470),#12460,.T.);
#12472=DIRECTION('',(0.755122,0.172352,0.632523));
#12473=DIRECTION('',(0,-0.964824,0.262898));
#12474=AXIS2_PLACEMENT_3D('',#1518,#12472,#12473);
#12475=PLANE('',#12474);
#12476=ORIENTED_EDGE('',*,*,#5799,.T.);
#12477=ORIENTED_EDGE('',*,*,#12429,.F.);
#12478=ORIENTED_EDGE('',*,*,#2590,.T.);
#12479=ORIENTED_EDGE('',*,*,#12402,.T.);
#12480=EDGE_LOOP('',(#12476,#12477,#12478,#12479));
#12481=FACE_OUTER_BOUND('',#12480,.T.);
#12482=ADVANCED_FACE('',(#12481),#12475,.T.);
#12483=DIRECTION('',(0.39235,-0.917417,0.066393));
#12484=DIRECTION('',(0,-0.072181,-0.997392));
#12485=AXIS2_PLACEMENT_3D('',#1424,#12483,#12484);
#12486=PLANE('',#12485);
#12487=ORIENTED_EDGE('',*,*,#2565,.T.);
#12488=DIRECTION('',(-0.672996,-0.237117,0.700608));
#12489=VECTOR('',#12488,14.27331);
#12490=LINE('',#1426,#12489);
#12491=EDGE_CURVE('',#1427,#1657,#12490,.T.);
#12492=ORIENTED_EDGE('',*,*,#12491,.T.);
#12493=ORIENTED_EDGE('',*,*,#12411,.F.);
#12494=EDGE_LOOP('',(#12487,#12492,#12493));
#12495=FACE_OUTER_BOUND('',#12494,.T.);
#12496=ADVANCED_FACE('',(#12495),#12486,.T.);
#12497=DIRECTION('',(-0.535576,0.844487,-0));
#12498=DIRECTION('',(-0,0,1));
#12499=AXIS2_PLACEMENT_3D('',#1390,#12497,#12498);
#12500=PLANE('',#12499);
#12501=ORIENTED_EDGE('',*,*,#2465,.F.);
#12502=DIRECTION('',(-0.510274,-0.323617,0.796801));
#12503=VECTOR('',#12502,12.550178);
#12504=LINE('',#1384,#12503);
#12505=EDGE_CURVE('',#1385,#1539,#12504,.T.);
#12506=ORIENTED_EDGE('',*,*,#12505,.T.);
#12507=DIRECTION('',(-0.546263,-0.346441,0.762611));
#12508=VECTOR('',#12507,13.112848);
#12509=LINE('',#1390,#12508);
#12510=EDGE_CURVE('',#1391,#1539,#12509,.T.);
#12511=ORIENTED_EDGE('',*,*,#12510,.F.);
#12512=EDGE_LOOP('',(#12501,#12506,#12511));
#12513=FACE_OUTER_BOUND('',#12512,.T.);
#12514=ADVANCED_FACE('',(#12513),#12500,.T.);
#12515=DIRECTION('',(-0.535576,0.844487,-0));
#12516=DIRECTION('',(-0,0,1));
#12517=AXIS2_PLACEMENT_3D('',#1542,#12515,#12516);
#12518=PLANE('',#12517);
#12519=DIRECTION('',(-0.565551,-0.358673,0.742634));
#12520=VECTOR('',#12519,13.465576);
#12521=LINE('',#1394,#12520);
#12522=EDGE_CURVE('',#1395,#1543,#12521,.T.);
#12523=ORIENTED_EDGE('',*,*,#12522,.F.);
#12524=ORIENTED_EDGE('',*,*,#2475,.F.);
#12525=DIRECTION('',(-0.532292,-0.337581,0.77634));
#12526=VECTOR('',#12525,12.880952);
#12527=LINE('',#1392,#12526);
#12528=EDGE_CURVE('',#1393,#1543,#12527,.T.);
#12529=ORIENTED_EDGE('',*,*,#12528,.T.);
#12530=EDGE_LOOP('',(#12523,#12524,#12529));
#12531=FACE_OUTER_BOUND('',#12530,.T.);
#12532=ADVANCED_FACE('',(#12531),#12518,.T.);
#12533=DIRECTION('',(-0.535576,0.844487,-0));
#12534=DIRECTION('',(-0,0,1));
#12535=AXIS2_PLACEMENT_3D('',#1396,#12533,#12534);
#12536=PLANE('',#12535);
#12537=ORIENTED_EDGE('',*,*,#2480,.F.);
#12538=DIRECTION('',(-0.542671,-0.344163,0.766199));
#12539=VECTOR('',#12538,13.051443);
#12540=LINE('',#1394,#12539);
#12541=EDGE_CURVE('',#1395,#1545,#12540,.T.);
#12542=ORIENTED_EDGE('',*,*,#12541,.T.);
#12543=DIRECTION('',(-0.574632,-0.364433,0.732794));
#12544=VECTOR('',#12543,13.646409);
#12545=LINE('',#1396,#12544);
#12546=EDGE_CURVE('',#1397,#1545,#12545,.T.);
#12547=ORIENTED_EDGE('',*,*,#12546,.F.);
#12548=EDGE_LOOP('',(#12537,#12542,#12547));
#12549=FACE_OUTER_BOUND('',#12548,.T.);
#12550=ADVANCED_FACE('',(#12549),#12536,.T.);
#12551=DIRECTION('',(-0.535575,0.844488,0));
#12552=DIRECTION('',(0,-0,1));
#12553=AXIS2_PLACEMENT_3D('',#1392,#12551,#12552);
#12554=PLANE('',#12553);
#12555=ORIENTED_EDGE('',*,*,#2470,.F.);
#12556=DIRECTION('',(-0.521498,-0.330735,0.786546));
#12557=VECTOR('',#12556,12.713819);
#12558=LINE('',#1390,#12557);
#12559=EDGE_CURVE('',#1391,#1541,#12558,.T.);
#12560=ORIENTED_EDGE('',*,*,#12559,.T.);
#12561=ORIENTED_EDGE('',*,*,#5914,.T.);
#12562=ORIENTED_EDGE('',*,*,#12528,.F.);
#12563=EDGE_LOOP('',(#12555,#12560,#12561,#12562));
#12564=FACE_OUTER_BOUND('',#12563,.T.);
#12565=ADVANCED_FACE('',(#12564),#12554,.T.);
#12566=DIRECTION('',(-0.535575,0.844488,0));
#12567=DIRECTION('',(0,-0,1));
#12568=AXIS2_PLACEMENT_3D('',#1538,#12566,#12567);
#12569=PLANE('',#12568);
#12570=ORIENTED_EDGE('',*,*,#12505,.F.);
#12571=DIRECTION('',(-0.53603,-0.339951,0.772726));
#12572=VECTOR('',#12571,12.941194);
#12573=LINE('',#1384,#12572);
#12574=EDGE_CURVE('',#1385,#1537,#12573,.T.);
#12575=ORIENTED_EDGE('',*,*,#12574,.T.);
#12576=ORIENTED_EDGE('',*,*,#5924,.T.);
#12577=EDGE_LOOP('',(#12570,#12575,#12576));
#12578=FACE_OUTER_BOUND('',#12577,.T.);
#12579=ADVANCED_FACE('',(#12578),#12569,.T.);
#12580=DIRECTION('',(0.605561,0.482919,0.632523));
#12581=DIRECTION('',(0,-0.794828,0.606835));
#12582=AXIS2_PLACEMENT_3D('',#1384,#12580,#12581);
#12583=PLANE('',#12582);
#12584=ORIENTED_EDGE('',*,*,#2460,.T.);
#12585=ORIENTED_EDGE('',*,*,#11782,.T.);
#12586=ORIENTED_EDGE('',*,*,#5929,.T.);
#12587=ORIENTED_EDGE('',*,*,#12574,.F.);
#12588=EDGE_LOOP('',(#12584,#12585,#12586,#12587));
#12589=FACE_OUTER_BOUND('',#12588,.T.);
#12590=ADVANCED_FACE('',(#12589),#12583,.T.);
#12591=DIRECTION('',(0.534547,-0.814047,0.227129));
#12592=DIRECTION('',(0,-0.268747,-0.963211));
#12593=AXIS2_PLACEMENT_3D('',#1658,#12591,#12592);
#12594=PLANE('',#12593);
#12595=DIRECTION('',(-0.652513,-0.226732,0.723062));
#12596=VECTOR('',#12595,13.830065);
#12597=LINE('',#1426,#12596);
#12598=EDGE_CURVE('',#1427,#1659,#12597,.T.);
#12599=ORIENTED_EDGE('',*,*,#12598,.F.);
#12600=ORIENTED_EDGE('',*,*,#2560,.T.);
#12601=DIRECTION('',(-0.677303,-0.251889,0.69124));
#12602=VECTOR('',#12601,14.46676);
#12603=LINE('',#1428,#12602);
#12604=EDGE_CURVE('',#1429,#1659,#12603,.T.);
#12605=ORIENTED_EDGE('',*,*,#12604,.T.);
#12606=EDGE_LOOP('',(#12599,#12600,#12605));
#12607=FACE_OUTER_BOUND('',#12606,.T.);
#12608=ADVANCED_FACE('',(#12607),#12594,.T.);
#12609=DIRECTION('',(0.59871,-0.737893,0.311545));
#12610=DIRECTION('',(0,-0.388962,-0.921254));
#12611=AXIS2_PLACEMENT_3D('',#1430,#12609,#12610);
#12612=PLANE('',#12611);
#12613=DIRECTION('',(-0.68161,-0.265094,0.682006));
#12614=VECTOR('',#12613,14.662623);
#12615=LINE('',#1430,#12614);
#12616=EDGE_CURVE('',#1431,#1661,#12615,.T.);
#12617=ORIENTED_EDGE('',*,*,#12616,.T.);
#12618=DIRECTION('',(-0.660295,-0.234524,0.713448));
#12619=VECTOR('',#12618,14.016435);
#12620=LINE('',#1428,#12619);
#12621=EDGE_CURVE('',#1429,#1661,#12620,.T.);
#12622=ORIENTED_EDGE('',*,*,#12621,.F.);
#12623=ORIENTED_EDGE('',*,*,#2555,.T.);
#12624=EDGE_LOOP('',(#12617,#12622,#12623));
#12625=FACE_OUTER_BOUND('',#12624,.T.);
#12626=ADVANCED_FACE('',(#12625),#12612,.T.);
#12627=DIRECTION('',(-0.472639,0.878751,0.066392));
#12628=DIRECTION('',(0,-0.075338,0.997158));
#12629=AXIS2_PLACEMENT_3D('',#1398,#12627,#12628);
#12630=PLANE('',#12629);
#12631=ORIENTED_EDGE('',*,*,#2485,.F.);
#12632=DIRECTION('',(-0.550809,-0.353382,0.756128));
#12633=VECTOR('',#12632,13.225269);
#12634=LINE('',#1396,#12633);
#12635=EDGE_CURVE('',#1397,#1547,#12634,.T.);
#12636=ORIENTED_EDGE('',*,*,#12635,.T.);
#12637=DIRECTION('',(-0.584101,-0.36879,0.723062));
#12638=VECTOR('',#12637,13.830067);
#12639=LINE('',#1398,#12638);
#12640=EDGE_CURVE('',#1399,#1547,#12639,.T.);
#12641=ORIENTED_EDGE('',*,*,#12640,.F.);
#12642=EDGE_LOOP('',(#12631,#12636,#12641));
#12643=FACE_OUTER_BOUND('',#12642,.T.);
#12644=ADVANCED_FACE('',(#12643),#12630,.T.);
#12645=DIRECTION('',(-0.30316,0.925476,0.227131));
#12646=DIRECTION('',(0,-0.238348,0.97118));
#12647=AXIS2_PLACEMENT_3D('',#1400,#12645,#12646);
#12648=PLANE('',#12647);
#12649=ORIENTED_EDGE('',*,*,#2490,.F.);
#12650=DIRECTION('',(-0.556609,-0.365435,0.746086));
#12651=VECTOR('',#12650,13.403284);
#12652=LINE('',#1398,#12651);
#12653=EDGE_CURVE('',#1399,#1679,#12652,.T.);
#12654=ORIENTED_EDGE('',*,*,#12653,.T.);
#12655=DIRECTION('',(-0.595046,-0.370016,0.713448));
#12656=VECTOR('',#12655,14.016434);
#12657=LINE('',#1400,#12656);
#12658=EDGE_CURVE('',#1401,#1679,#12657,.T.);
#12659=ORIENTED_EDGE('',*,*,#12658,.F.);
#12660=EDGE_LOOP('',(#12649,#12654,#12659));
#12661=FACE_OUTER_BOUND('',#12660,.T.);
#12662=ADVANCED_FACE('',(#12661),#12648,.T.);
#12663=DIRECTION('',(-0.203618,0.928159,0.311545));
#12664=DIRECTION('',(0,-0.318211,0.94802));
#12665=AXIS2_PLACEMENT_3D('',#1680,#12663,#12664);
#12666=PLANE('',#12665);
#12667=DIRECTION('',(-0.606637,-0.369373,0.703957));
#12668=VECTOR('',#12667,14.20541);
#12669=LINE('',#1436,#12668);
#12670=EDGE_CURVE('',#1437,#1681,#12669,.T.);
#12671=ORIENTED_EDGE('',*,*,#12670,.F.);
#12672=ORIENTED_EDGE('',*,*,#2495,.F.);
#12673=DIRECTION('',(-0.565925,-0.371245,0.736143));
#12674=VECTOR('',#12673,13.584324);
#12675=LINE('',#1400,#12674);
#12676=EDGE_CURVE('',#1401,#1681,#12675,.T.);
#12677=ORIENTED_EDGE('',*,*,#12676,.T.);
#12678=EDGE_LOOP('',(#12671,#12672,#12677));
#12679=FACE_OUTER_BOUND('',#12678,.T.);
#12680=ADVANCED_FACE('',(#12679),#12666,.T.);
#12681=DIRECTION('',(-0.126696,0.919107,0.373083));
#12682=DIRECTION('',(0,-0.376114,0.926573));
#12683=AXIS2_PLACEMENT_3D('',#1682,#12681,#12682);
#12684=PLANE('',#12683);
#12685=DIRECTION('',(-0.618616,-0.367224,0.694594));
#12686=VECTOR('',#12685,14.39689);
#12687=LINE('',#1438,#12686);
#12688=EDGE_CURVE('',#1439,#1683,#12687,.T.);
#12689=ORIENTED_EDGE('',*,*,#12688,.F.);
#12690=ORIENTED_EDGE('',*,*,#2500,.F.);
#12691=DIRECTION('',(-0.576521,-0.374295,0.72631));
#12692=VECTOR('',#12691,13.768221);
#12693=LINE('',#1436,#12692);
#12694=EDGE_CURVE('',#1437,#1683,#12693,.T.);
#12695=ORIENTED_EDGE('',*,*,#12694,.T.);
#12696=EDGE_LOOP('',(#12689,#12690,#12695));
#12697=FACE_OUTER_BOUND('',#12696,.T.);
#12698=ADVANCED_FACE('',(#12697),#12684,.T.);
#12699=DIRECTION('',(-0.062411,0.904226,0.422469));
#12700=DIRECTION('',(0,-0.423294,0.905992));
#12701=AXIS2_PLACEMENT_3D('',#1440,#12699,#12700);
#12702=PLANE('',#12701);
#12703=ORIENTED_EDGE('',*,*,#2505,.F.);
#12704=DIRECTION('',(-0.58786,-0.375381,0.716596));
#12705=VECTOR('',#12704,13.954866);
#12706=LINE('',#1438,#12705);
#12707=EDGE_CURVE('',#1439,#1687,#12706,.T.);
#12708=ORIENTED_EDGE('',*,*,#12707,.T.);
#12709=DIRECTION('',(-0.630839,-0.363755,0.685365));
#12710=VECTOR('',#12709,14.590772);
#12711=LINE('',#1440,#12710);
#12712=EDGE_CURVE('',#1441,#1687,#12711,.T.);
#12713=ORIENTED_EDGE('',*,*,#12712,.F.);
#12714=EDGE_LOOP('',(#12703,#12708,#12713));
#12715=FACE_OUTER_BOUND('',#12714,.T.);
#12716=ADVANCED_FACE('',(#12715),#12702,.T.);
#12717=DIRECTION('',(-0.00681,0.885861,0.4639));
#12718=DIRECTION('',(0,-0.463911,0.885882));
#12719=AXIS2_PLACEMENT_3D('',#1686,#12717,#12718);
#12720=PLANE('',#12719);
#12721=ORIENTED_EDGE('',*,*,#5879,.T.);
#12722=DIRECTION('',(-0.643205,-0.359088,0.676271));
#12723=VECTOR('',#12722,14.786965);
#12724=LINE('',#1442,#12723);
#12725=EDGE_CURVE('',#1443,#1689,#12724,.T.);
#12726=ORIENTED_EDGE('',*,*,#12725,.F.);
#12727=ORIENTED_EDGE('',*,*,#2510,.F.);
#12728=ORIENTED_EDGE('',*,*,#12712,.T.);
#12729=EDGE_LOOP('',(#12721,#12726,#12727,#12728));
#12730=FACE_OUTER_BOUND('',#12729,.T.);
#12731=ADVANCED_FACE('',(#12730),#12720,.T.);
#12732=DIRECTION('',(0.128409,0.965362,0.22713));
#12733=DIRECTION('',(0,-0.229026,0.97342));
#12734=AXIS2_PLACEMENT_3D('',#1408,#12732,#12733);
#12735=PLANE('',#12734);
#12736=ORIENTED_EDGE('',*,*,#12466,.T.);
#12737=ORIENTED_EDGE('',*,*,#7317,.T.);
#12738=DIRECTION('',(-0.696662,-0.075192,0.713448));
#12739=VECTOR('',#12738,14.016434);
#12740=LINE('',#1410,#12739);
#12741=EDGE_CURVE('',#1411,#1651,#12740,.T.);
#12742=ORIENTED_EDGE('',*,*,#12741,.F.);
#12743=ORIENTED_EDGE('',*,*,#2620,.F.);
#12744=EDGE_LOOP('',(#12736,#12737,#12742,#12743));
#12745=FACE_OUTER_BOUND('',#12744,.T.);
#12746=ADVANCED_FACE('',(#12745),#12735,.T.);
#12747=DIRECTION('',(0.219259,0.924589,0.311545));
#12748=DIRECTION('',(0,-0.319315,0.947649));
#12749=AXIS2_PLACEMENT_3D('',#1644,#12747,#12748);
#12750=PLANE('',#12749);
#12751=DIRECTION('',(-0.706826,-0.069584,0.703957));
#12752=VECTOR('',#12751,14.205411);
#12753=LINE('',#1412,#12752);
#12754=EDGE_CURVE('',#1413,#1645,#12753,.T.);
#12755=ORIENTED_EDGE('',*,*,#12754,.F.);
#12756=ORIENTED_EDGE('',*,*,#2625,.F.);
#12757=DIRECTION('',(-0.670958,-0.088935,0.736143));
#12758=VECTOR('',#12757,13.584323);
#12759=LINE('',#1410,#12758);
#12760=EDGE_CURVE('',#1411,#1645,#12759,.T.);
#12761=ORIENTED_EDGE('',*,*,#12760,.T.);
#12762=EDGE_LOOP('',(#12755,#12756,#12761));
#12763=FACE_OUTER_BOUND('',#12762,.T.);
#12764=ADVANCED_FACE('',(#12763),#12750,.T.);
#12765=DIRECTION('',(0.284637,0.883057,0.373085));
#12766=DIRECTION('',(0,-0.389183,0.92116));
#12767=AXIS2_PLACEMENT_3D('',#1414,#12765,#12766);
#12768=PLANE('',#12767);
#12769=ORIENTED_EDGE('',*,*,#2630,.F.);
#12770=DIRECTION('',(-0.681828,-0.087085,0.72631));
#12771=VECTOR('',#12770,13.768221);
#12772=LINE('',#1412,#12771);
#12773=EDGE_CURVE('',#1413,#1669,#12772,.T.);
#12774=ORIENTED_EDGE('',*,*,#12773,.T.);
#12775=DIRECTION('',(-0.716686,-0.06245,0.694595));
#12776=VECTOR('',#12775,14.396889);
#12777=LINE('',#1414,#12776);
#12778=EDGE_CURVE('',#1415,#1669,#12777,.T.);
#12779=ORIENTED_EDGE('',*,*,#12778,.F.);
#12780=EDGE_LOOP('',(#12769,#12774,#12779));
#12781=FACE_OUTER_BOUND('',#12780,.T.);
#12782=ADVANCED_FACE('',(#12781),#12768,.T.);
#12783=DIRECTION('',(0.378225,0.801089,0.463899));
#12784=DIRECTION('',(0,-0.501126,0.865374));
#12785=AXIS2_PLACEMENT_3D('',#1418,#12783,#12784);
#12786=PLANE('',#12785);
#12787=ORIENTED_EDGE('',*,*,#2640,.F.);
#12788=DIRECTION('',(-0.702945,-0.07753,0.707006));
#12789=VECTOR('',#12788,14.144153);
#12790=LINE('',#1416,#12789);
#12791=EDGE_CURVE('',#1417,#1673,#12790,.T.);
#12792=ORIENTED_EDGE('',*,*,#12791,.T.);
#12793=DIRECTION('',(-0.73531,-0.044451,0.676271));
#12794=VECTOR('',#12793,14.786966);
#12795=LINE('',#1418,#12794);
#12796=EDGE_CURVE('',#1419,#1673,#12795,.T.);
#12797=ORIENTED_EDGE('',*,*,#12796,.F.);
#12798=EDGE_LOOP('',(#12787,#12792,#12797));
#12799=FACE_OUTER_BOUND('',#12798,.T.);
#12800=ADVANCED_FACE('',(#12799),#12786,.T.);
#12801=DIRECTION('',(0.413452,0.761232,0.499582));
#12802=DIRECTION('',(0,-0.548674,0.836036));
#12803=AXIS2_PLACEMENT_3D('',#1418,#12801,#12802);
#12804=PLANE('',#12803);
#12805=DIRECTION('',(-0.713064,-0.070496,0.697546));
#12806=VECTOR('',#12805,14.335979);
#12807=LINE('',#1418,#12806);
#12808=EDGE_CURVE('',#1419,#1675,#12807,.T.);
#12809=ORIENTED_EDGE('',*,*,#12808,.T.);
#12810=DIRECTION('',(-0.744004,-0.033853,0.667317));
#12811=VECTOR('',#12810,14.985378);
#12812=LINE('',#1422,#12811);
#12813=EDGE_CURVE('',#1423,#1675,#12812,.T.);
#12814=ORIENTED_EDGE('',*,*,#12813,.F.);
#12815=ORIENTED_EDGE('',*,*,#2645,.F.);
#12816=EDGE_LOOP('',(#12809,#12814,#12815));
#12817=FACE_OUTER_BOUND('',#12816,.T.);
#12818=ADVANCED_FACE('',(#12817),#12804,.T.);
#12819=DIRECTION('',(0.336099,0.841758,0.42247));
#12820=DIRECTION('',(0,-0.448565,0.89375));
#12821=AXIS2_PLACEMENT_3D('',#1670,#12819,#12820);
#12822=PLANE('',#12821);
#12823=DIRECTION('',(-0.726193,-0.054021,0.685365));
#12824=VECTOR('',#12823,14.59077);
#12825=LINE('',#1416,#12824);
#12826=EDGE_CURVE('',#1417,#1671,#12825,.T.);
#12827=ORIENTED_EDGE('',*,*,#12826,.F.);
#12828=ORIENTED_EDGE('',*,*,#2635,.F.);
#12829=DIRECTION('',(-0.692515,-0.083143,0.716596));
#12830=VECTOR('',#12829,13.954865);
#12831=LINE('',#1414,#12830);
#12832=EDGE_CURVE('',#1415,#1671,#12831,.T.);
#12833=ORIENTED_EDGE('',*,*,#12832,.T.);
#12834=EDGE_LOOP('',(#12827,#12828,#12833));
#12835=FACE_OUTER_BOUND('',#12834,.T.);
#12836=ADVANCED_FACE('',(#12835),#12822,.T.);
#12837=DIRECTION('',(0.443278,0.722283,0.53086));
#12838=DIRECTION('',(0,-0.592224,0.805774));
#12839=AXIS2_PLACEMENT_3D('',#1422,#12837,#12838);
#12840=PLANE('',#12839);
#12841=ORIENTED_EDGE('',*,*,#12813,.T.);
#12842=ORIENTED_EDGE('',*,*,#7287,.T.);
#12843=ORIENTED_EDGE('',*,*,#11274,.F.);
#12844=ORIENTED_EDGE('',*,*,#2650,.T.);
#12845=EDGE_LOOP('',(#12841,#12842,#12843,#12844));
#12846=FACE_OUTER_BOUND('',#12845,.T.);
#12847=ADVANCED_FACE('',(#12846),#12840,.T.);
#12848=DIRECTION('',(0.639594,-0.672107,0.373085));
#12849=DIRECTION('',(0,-0.485337,-0.874327));
#12850=AXIS2_PLACEMENT_3D('',#1662,#12848,#12849);
#12851=PLANE('',#12850);
#12852=DIRECTION('',(-0.667019,-0.243987,0.703957));
#12853=VECTOR('',#12852,14.205411);
#12854=LINE('',#1430,#12853);
#12855=EDGE_CURVE('',#1431,#1663,#12854,.T.);
#12856=ORIENTED_EDGE('',*,*,#12855,.F.);
#12857=ORIENTED_EDGE('',*,*,#2550,.T.);
#12858=DIRECTION('',(-0.68526,-0.278578,0.672913));
#12859=VECTOR('',#12858,14.860757);
#12860=LINE('',#1432,#12859);
#12861=EDGE_CURVE('',#1433,#1663,#12860,.T.);
#12862=ORIENTED_EDGE('',*,*,#12861,.T.);
#12863=EDGE_LOOP('',(#12856,#12857,#12862));
#12864=FACE_OUTER_BOUND('',#12863,.T.);
#12865=ADVANCED_FACE('',(#12864),#12851,.T.);
#12866=DIRECTION('',(0.668039,-0.612571,0.422469));
#12867=DIRECTION('',(0,-0.567739,-0.823209));
#12868=AXIS2_PLACEMENT_3D('',#1432,#12866,#12867);
#12869=PLANE('',#12868);
#12870=ORIENTED_EDGE('',*,*,#2545,.T.);
#12871=DIRECTION('',(-0.688158,-0.292559,0.663963));
#12872=VECTOR('',#12871,15.061075);
#12873=LINE('',#1434,#12872);
#12874=EDGE_CURVE('',#1435,#1665,#12873,.T.);
#12875=ORIENTED_EDGE('',*,*,#12874,.T.);
#12876=DIRECTION('',(-0.672808,-0.254693,0.694595));
#12877=VECTOR('',#12876,14.396889);
#12878=LINE('',#1432,#12877);
#12879=EDGE_CURVE('',#1433,#1665,#12878,.T.);
#12880=ORIENTED_EDGE('',*,*,#12879,.F.);
#12881=EDGE_LOOP('',(#12870,#12875,#12880));
#12882=FACE_OUTER_BOUND('',#12881,.T.);
#12883=ADVANCED_FACE('',(#12882),#12869,.T.);
#12884=DIRECTION('',(0.688348,-0.557651,0.4639));
#12885=DIRECTION('',(0,-0.639526,-0.76877));
#12886=AXIS2_PLACEMENT_3D('',#1446,#12884,#12885);
#12887=PLANE('',#12886);
#12888=DIRECTION('',(-0.690281,-0.30705,0.655158));
#12889=VECTOR('',#12888,15.263496);
#12890=LINE('',#1446,#12889);
#12891=EDGE_CURVE('',#1447,#1667,#12890,.T.);
#12892=ORIENTED_EDGE('',*,*,#12891,.T.);
#12893=DIRECTION('',(-0.677717,-0.266412,0.685365));
#12894=VECTOR('',#12893,14.590772);
#12895=LINE('',#1434,#12894);
#12896=EDGE_CURVE('',#1435,#1667,#12895,.T.);
#12897=ORIENTED_EDGE('',*,*,#12896,.F.);
#12898=ORIENTED_EDGE('',*,*,#2540,.T.);
#12899=EDGE_LOOP('',(#12892,#12897,#12898));
#12900=FACE_OUTER_BOUND('',#12899,.T.);
#12901=ADVANCED_FACE('',(#12900),#12887,.T.);
#12902=DIRECTION('',(0.702794,-0.506455,0.499584));
#12903=DIRECTION('',(0,-0.702261,-0.71192));
#12904=AXIS2_PLACEMENT_3D('',#1448,#12902,#12903);
#12905=PLANE('',#12904);
#12906=DIRECTION('',(-0.691623,-0.32202,0.646499));
#12907=VECTOR('',#12906,15.467934);
#12908=LINE('',#1448,#12907);
#12909=EDGE_CURVE('',#1449,#1685,#12908,.T.);
#12910=ORIENTED_EDGE('',*,*,#12909,.T.);
#12911=DIRECTION('',(-0.681778,-0.27899,0.676271));
#12912=VECTOR('',#12911,14.786966);
#12913=LINE('',#1446,#12912);
#12914=EDGE_CURVE('',#1447,#1685,#12913,.T.);
#12915=ORIENTED_EDGE('',*,*,#12914,.F.);
#12916=ORIENTED_EDGE('',*,*,#2535,.T.);
#12917=EDGE_LOOP('',(#12910,#12915,#12916));
#12918=FACE_OUTER_BOUND('',#12917,.T.);
#12919=ADVANCED_FACE('',(#12918),#12905,.T.);
#12920=DIRECTION('',(0.712767,-0.458423,0.53086));
#12921=DIRECTION('',(0,-0.756856,-0.653581));
#12922=AXIS2_PLACEMENT_3D('',#1448,#12920,#12921);
#12923=PLANE('',#12922);
#12924=ORIENTED_EDGE('',*,*,#2530,.T.);
#12925=DIRECTION('',(-0.692183,-0.337425,0.637987));
#12926=VECTOR('',#12925,15.674313);
#12927=LINE('',#1450,#12926);
#12928=EDGE_CURVE('',#1451,#1695,#12927,.T.);
#12929=ORIENTED_EDGE('',*,*,#12928,.T.);
#12930=DIRECTION('',(-0.685013,-0.292311,0.667317));
#12931=VECTOR('',#12930,14.985377);
#12932=LINE('',#1448,#12931);
#12933=EDGE_CURVE('',#1449,#1695,#12932,.T.);
#12934=ORIENTED_EDGE('',*,*,#12933,.F.);
#12935=EDGE_LOOP('',(#12924,#12929,#12934));
#12936=FACE_OUTER_BOUND('',#12935,.T.);
#12937=ADVANCED_FACE('',(#12936),#12923,.T.);
#12938=DIRECTION('',(0.042221,0.865237,0.499583));
#12939=DIRECTION('',(0,-0.500029,0.866009));
#12940=AXIS2_PLACEMENT_3D('',#1444,#12938,#12939);
#12941=PLANE('',#12940);
#12942=ORIENTED_EDGE('',*,*,#2515,.F.);
#12943=DIRECTION('',(-0.611861,-0.372902,0.697546));
#12944=VECTOR('',#12943,14.335979);
#12945=LINE('',#1442,#12944);
#12946=EDGE_CURVE('',#1443,#1691,#12945,.T.);
#12947=ORIENTED_EDGE('',*,*,#12946,.T.);
#12948=DIRECTION('',(-0.655636,-0.353312,0.667317));
#12949=VECTOR('',#12948,14.985377);
#12950=LINE('',#1444,#12949);
#12951=EDGE_CURVE('',#1445,#1691,#12950,.T.);
#12952=ORIENTED_EDGE('',*,*,#12951,.F.);
#12953=EDGE_LOOP('',(#12942,#12947,#12952));
#12954=FACE_OUTER_BOUND('',#12953,.T.);
#12955=ADVANCED_FACE('',(#12954),#12941,.T.);
#12956=DIRECTION('',(0.085993,0.843086,0.53086));
#12957=DIRECTION('',(0,-0.532833,0.84622));
#12958=AXIS2_PLACEMENT_3D('',#1444,#12956,#12957);
#12959=PLANE('',#12958);
#12960=DIRECTION('',(-0.624255,-0.369674,0.68822));
#12961=VECTOR('',#12960,14.530239);
#12962=LINE('',#1444,#12961);
#12963=EDGE_CURVE('',#1445,#1693,#12962,.T.);
#12964=ORIENTED_EDGE('',*,*,#12963,.T.);
#12965=DIRECTION('',(-0.668067,-0.346495,0.658505));
#12966=VECTOR('',#12965,15.185922);
#12967=LINE('',#1452,#12966);
#12968=EDGE_CURVE('',#1453,#1693,#12967,.T.);
#12969=ORIENTED_EDGE('',*,*,#12968,.F.);
#12970=ORIENTED_EDGE('',*,*,#2520,.F.);
#12971=EDGE_LOOP('',(#12964,#12969,#12970));
#12972=FACE_OUTER_BOUND('',#12971,.T.);
#12973=ADVANCED_FACE('',(#12972),#12959,.T.);
#12974=DIRECTION('',(0.59344,0.285785,0.752433));
#12975=DIRECTION('',(0,-0.934841,0.355066));
#12976=AXIS2_PLACEMENT_3D('',#1452,#12974,#12975);
#12977=PLANE('',#12976);
#12978=DIRECTION('',(-0.617603,-0.437791,0.65338));
#12979=VECTOR('',#12978,15.305027);
#12980=LINE('',#1452,#12979);
#12981=EDGE_CURVE('',#1453,#1697,#12980,.T.);
#12982=ORIENTED_EDGE('',*,*,#12981,.T.);
#12983=DIRECTION('',(-0.687433,-0.30628,0.658505));
#12984=VECTOR('',#12983,15.185921);
#12985=LINE('',#1450,#12984);
#12986=EDGE_CURVE('',#1451,#1697,#12985,.T.);
#12987=ORIENTED_EDGE('',*,*,#12986,.F.);
#12988=ORIENTED_EDGE('',*,*,#2525,.T.);
#12989=EDGE_LOOP('',(#12982,#12987,#12988));
#12990=FACE_OUTER_BOUND('',#12989,.T.);
#12991=ADVANCED_FACE('',(#12990),#12977,.T.);
#12992=DIRECTION('',(0.751548,-0.656329,0.066393));
#12993=DIRECTION('',(0,-0.100644,-0.994922));
#12994=AXIS2_PLACEMENT_3D('',#1462,#12992,#12993);
#12995=PLANE('',#12994);
#12996=ORIENTED_EDGE('',*,*,#2435,.T.);
#12997=DIRECTION('',(-0.503467,-0.505637,0.700608));
#12998=VECTOR('',#12997,14.273309);
#12999=LINE('',#1464,#12998);
#13000=EDGE_CURVE('',#1465,#1553,#12999,.T.);
#13001=ORIENTED_EDGE('',*,*,#13000,.T.);
#13002=ORIENTED_EDGE('',*,*,#11845,.F.);
#13003=EDGE_LOOP('',(#12996,#13001,#13002));
#13004=FACE_OUTER_BOUND('',#13003,.T.);
#13005=ADVANCED_FACE('',(#13004),#12995,.T.);
#13006=DIRECTION('',(0.834812,-0.501498,0.22713));
#13007=DIRECTION('',(0,-0.412563,-0.910929));
#13008=AXIS2_PLACEMENT_3D('',#1466,#13006,#13007);
#13009=PLANE('',#13008);
#13010=DIRECTION('',(-0.500938,-0.520815,0.69124));
#13011=VECTOR('',#13010,14.466761);
#13012=LINE('',#1466,#13011);
#13013=EDGE_CURVE('',#1467,#1555,#13012,.T.);
#13014=ORIENTED_EDGE('',*,*,#13013,.T.);
#13015=DIRECTION('',(-0.489519,-0.487393,0.723062));
#13016=VECTOR('',#13015,13.830066);
#13017=LINE('',#1464,#13016);
#13018=EDGE_CURVE('',#1465,#1555,#13017,.T.);
#13019=ORIENTED_EDGE('',*,*,#13018,.F.);
#13020=ORIENTED_EDGE('',*,*,#2430,.T.);
#13021=EDGE_LOOP('',(#13014,#13019,#13020));
#13022=FACE_OUTER_BOUND('',#13021,.T.);
#13023=ADVANCED_FACE('',(#13022),#13009,.T.);
#13024=DIRECTION('',(0.859579,-0.405049,0.311544));
#13025=DIRECTION('',(0,-0.609671,-0.792654));
#13026=AXIS2_PLACEMENT_3D('',#1556,#13024,#13025);
#13027=PLANE('',#13026);
#13028=DIRECTION('',(-0.493149,-0.497791,0.713448));
#13029=VECTOR('',#13028,14.016435);
#13030=LINE('',#1466,#13029);
#13031=EDGE_CURVE('',#1467,#1557,#13030,.T.);
#13032=ORIENTED_EDGE('',*,*,#13031,.F.);
#13033=ORIENTED_EDGE('',*,*,#2425,.T.);
#13034=DIRECTION('',(-0.49909,-0.534581,0.682006));
#13035=VECTOR('',#13034,14.662623);
#13036=LINE('',#1468,#13035);
#13037=EDGE_CURVE('',#1469,#1557,#13036,.T.);
#13038=ORIENTED_EDGE('',*,*,#13037,.T.);
#13039=EDGE_LOOP('',(#13032,#13033,#13038));
#13040=FACE_OUTER_BOUND('',#13039,.T.);
#13041=ADVANCED_FACE('',(#13040),#13027,.T.);
#13042=DIRECTION('',(0.86787,-0.328038,0.373085));
#13043=DIRECTION('',(0,-0.75099,-0.660314));
#13044=AXIS2_PLACEMENT_3D('',#1470,#13042,#13043);
#13045=PLANE('',#13044);
#13046=DIRECTION('',(-0.495672,-0.521391,0.694595));
#13047=VECTOR('',#13046,14.396889);
#13048=LINE('',#1470,#13047);
#13049=EDGE_CURVE('',#1471,#1561,#13048,.T.);
#13050=ORIENTED_EDGE('',*,*,#13049,.T.);
#13051=ORIENTED_EDGE('',*,*,#5969,.F.);
#13052=DIRECTION('',(-0.495101,-0.509234,0.703957));
#13053=VECTOR('',#13052,14.205411);
#13054=LINE('',#1468,#13053);
#13055=EDGE_CURVE('',#1469,#1559,#13054,.T.);
#13056=ORIENTED_EDGE('',*,*,#13055,.F.);
#13057=ORIENTED_EDGE('',*,*,#2420,.T.);
#13058=EDGE_LOOP('',(#13050,#13051,#13056,#13057));
#13059=FACE_OUTER_BOUND('',#13058,.T.);
#13060=ADVANCED_FACE('',(#13059),#13045,.T.);
#13061=DIRECTION('',(0.867667,-0.262055,0.422469));
#13062=DIRECTION('',(0,-0.849791,-0.52712));
#13063=AXIS2_PLACEMENT_3D('',#1560,#13061,#13062);
#13064=PLANE('',#13063);
#13065=ORIENTED_EDGE('',*,*,#13049,.F.);
#13066=ORIENTED_EDGE('',*,*,#2415,.T.);
#13067=DIRECTION('',(-0.493073,-0.562167,0.663963));
#13068=VECTOR('',#13067,15.061074);
#13069=LINE('',#1472,#13068);
#13070=EDGE_CURVE('',#1473,#1561,#13069,.T.);
#13071=ORIENTED_EDGE('',*,*,#13070,.T.);
#13072=EDGE_LOOP('',(#13065,#13066,#13071));
#13073=FACE_OUTER_BOUND('',#13072,.T.);
#13074=ADVANCED_FACE('',(#13073),#13064,.T.);
#13075=DIRECTION('',(-0.337372,0.79787,0.499582));
#13076=DIRECTION('',(0,-0.530696,0.847562));
#13077=AXIS2_PLACEMENT_3D('',#1484,#13075,#13076);
#13078=PLANE('',#13077);
#13079=ORIENTED_EDGE('',*,*,#2385,.F.);
#13080=DIRECTION('',(-0.389472,-0.601449,0.697546));
#13081=VECTOR('',#13080,14.335979);
#13082=LINE('',#1482,#13081);
#13083=EDGE_CURVE('',#1483,#1627,#13082,.T.);
#13084=ORIENTED_EDGE('',*,*,#13083,.T.);
#13085=DIRECTION('',(-0.437411,-0.602793,0.667317));
#13086=VECTOR('',#13085,14.985378);
#13087=LINE('',#1484,#13086);
#13088=EDGE_CURVE('',#1485,#1627,#13087,.T.);
#13089=ORIENTED_EDGE('',*,*,#13088,.F.);
#13090=EDGE_LOOP('',(#13079,#13084,#13089));
#13091=FACE_OUTER_BOUND('',#13090,.T.);
#13092=ADVANCED_FACE('',(#13091),#13078,.T.);
#13093=DIRECTION('',(-0.288325,0.796905,0.53086));
#13094=DIRECTION('',(0,-0.554404,0.832248));
#13095=AXIS2_PLACEMENT_3D('',#1484,#13093,#13094);
#13096=PLANE('',#13095);
#13097=DIRECTION('',(-0.402039,-0.603919,0.68822));
#13098=VECTOR('',#13097,14.53024);
#13099=LINE('',#1484,#13098);
#13100=EDGE_CURVE('',#1485,#1629,#13099,.T.);
#13101=ORIENTED_EDGE('',*,*,#13100,.T.);
#13102=DIRECTION('',(-0.451569,-0.602044,0.658505));
#13103=VECTOR('',#13102,15.185922);
#13104=LINE('',#1486,#13103);
#13105=EDGE_CURVE('',#1487,#1629,#13104,.T.);
#13106=ORIENTED_EDGE('',*,*,#13105,.F.);
#13107=ORIENTED_EDGE('',*,*,#2390,.F.);
#13108=EDGE_LOOP('',(#13101,#13106,#13107));
#13109=FACE_OUTER_BOUND('',#13108,.T.);
#13110=ADVANCED_FACE('',(#13109),#13096,.T.);
#13111=DIRECTION('',(0.862136,-0.203763,0.463899));
#13112=DIRECTION('',(0,-0.915571,-0.402156));
#13113=AXIS2_PLACEMENT_3D('',#1472,#13111,#13112);
#13114=PLANE('',#13113);
#13115=ORIENTED_EDGE('',*,*,#2410,.T.);
#13116=DIRECTION('',(-0.488698,-0.576144,0.655158));
#13117=VECTOR('',#13116,15.263496);
#13118=LINE('',#1474,#13117);
#13119=EDGE_CURVE('',#1475,#1563,#13118,.T.);
#13120=ORIENTED_EDGE('',*,*,#13119,.T.);
#13121=DIRECTION('',(-0.49501,-0.534079,0.685365));
#13122=VECTOR('',#13121,14.590772);
#13123=LINE('',#1472,#13122);
#13124=EDGE_CURVE('',#1473,#1563,#13123,.T.);
#13125=ORIENTED_EDGE('',*,*,#13124,.F.);
#13126=EDGE_LOOP('',(#13115,#13120,#13125));
#13127=FACE_OUTER_BOUND('',#13126,.T.);
#13128=ADVANCED_FACE('',(#13127),#13114,.T.);
#13129=DIRECTION('',(0.852938,-0.15137,0.499583));
#13130=DIRECTION('',(0,-0.957034,-0.289974));
#13131=AXIS2_PLACEMENT_3D('',#1476,#13129,#13130);
#13132=PLANE('',#13131);
#13133=DIRECTION('',(-0.490346,-0.560579,0.667317));
#13134=VECTOR('',#13133,14.985378);
#13135=LINE('',#1476,#13134);
#13136=EDGE_CURVE('',#1477,#1633,#13135,.T.);
#13137=ORIENTED_EDGE('',*,*,#13136,.T.);
#13138=ORIENTED_EDGE('',*,*,#5984,.F.);
#13139=DIRECTION('',(-0.493212,-0.547174,0.676271));
#13140=VECTOR('',#13139,14.786966);
#13141=LINE('',#1474,#13140);
#13142=EDGE_CURVE('',#1475,#1631,#13141,.T.);
#13143=ORIENTED_EDGE('',*,*,#13142,.F.);
#13144=ORIENTED_EDGE('',*,*,#2405,.T.);
#13145=EDGE_LOOP('',(#13137,#13138,#13143,#13144));
#13146=FACE_OUTER_BOUND('',#13145,.T.);
#13147=ADVANCED_FACE('',(#13146),#13132,.T.);
#13148=DIRECTION('',(0.841083,-0.103768,0.530859));
#13149=DIRECTION('',(0,-0.981426,-0.191841));
#13150=AXIS2_PLACEMENT_3D('',#1488,#13148,#13149);
#13151=PLANE('',#13150);
#13152=DIRECTION('',(-0.486466,-0.574214,0.658505));
#13153=VECTOR('',#13152,15.185923);
#13154=LINE('',#1488,#13153);
#13155=EDGE_CURVE('',#1489,#1635,#13154,.T.);
#13156=ORIENTED_EDGE('',*,*,#13155,.T.);
#13157=ORIENTED_EDGE('',*,*,#5989,.F.);
#13158=ORIENTED_EDGE('',*,*,#13136,.F.);
#13159=ORIENTED_EDGE('',*,*,#2400,.T.);
#13160=EDGE_LOOP('',(#13156,#13157,#13158,#13159));
#13161=FACE_OUTER_BOUND('',#13160,.T.);
#13162=ADVANCED_FACE('',(#13161),#13151,.T.);
#13163=DIRECTION('',(0.410673,0.514968,0.752433));
#13164=DIRECTION('',(0,-0.825233,0.564793));
#13165=AXIS2_PLACEMENT_3D('',#1628,#13163,#13164);
#13166=PLANE('',#13165);
#13167=ORIENTED_EDGE('',*,*,#5994,.T.);
#13168=ORIENTED_EDGE('',*,*,#13155,.F.);
#13169=ORIENTED_EDGE('',*,*,#2395,.F.);
#13170=ORIENTED_EDGE('',*,*,#13105,.T.);
#13171=EDGE_LOOP('',(#13167,#13168,#13169,#13170));
#13172=FACE_OUTER_BOUND('',#13171,.T.);
#13173=ADVANCED_FACE('',(#13172),#13166,.T.);
#13174=DIRECTION('',(0.704138,-0.710063,0));
#13175=DIRECTION('',(0,0,-1));
#13176=AXIS2_PLACEMENT_3D('',#1524,#13174,#13175);
#13177=PLANE('',#13176);
#13178=ORIENTED_EDGE('',*,*,#5934,.F.);
#13179=ORIENTED_EDGE('',*,*,#11777,.F.);
#13180=ORIENTED_EDGE('',*,*,#11818,.T.);
#13181=EDGE_LOOP('',(#13178,#13179,#13180));
#13182=FACE_OUTER_BOUND('',#13181,.T.);
#13183=ADVANCED_FACE('',(#13182),#13177,.T.);
#13184=DIRECTION('',(0.704138,-0.710063,0));
#13185=DIRECTION('',(0,0,-1));
#13186=AXIS2_PLACEMENT_3D('',#1458,#13184,#13185);
#13187=PLANE('',#13186);
#13188=ORIENTED_EDGE('',*,*,#11833,.T.);
#13189=ORIENTED_EDGE('',*,*,#5939,.F.);
#13190=ORIENTED_EDGE('',*,*,#11813,.F.);
#13191=EDGE_LOOP('',(#13188,#13189,#13190));
#13192=FACE_OUTER_BOUND('',#13191,.T.);
#13193=ADVANCED_FACE('',(#13192),#13187,.T.);
#13194=DIRECTION('',(0.751547,-0.65633,0.066392));
#13195=DIRECTION('',(0,-0.100643,-0.994923));
#13196=AXIS2_PLACEMENT_3D('',#1554,#13194,#13195);
#13197=PLANE('',#13196);
#13198=ORIENTED_EDGE('',*,*,#5954,.F.);
#13199=ORIENTED_EDGE('',*,*,#13000,.F.);
#13200=ORIENTED_EDGE('',*,*,#13018,.T.);
#13201=EDGE_LOOP('',(#13198,#13199,#13200));
#13202=FACE_OUTER_BOUND('',#13201,.T.);
#13203=ADVANCED_FACE('',(#13202),#13197,.T.);
#13204=DIRECTION('',(0.834812,-0.5015,0.227129));
#13205=DIRECTION('',(0,-0.41256,-0.910931));
#13206=AXIS2_PLACEMENT_3D('',#1466,#13204,#13205);
#13207=PLANE('',#13206);
#13208=ORIENTED_EDGE('',*,*,#13031,.T.);
#13209=ORIENTED_EDGE('',*,*,#5959,.F.);
#13210=ORIENTED_EDGE('',*,*,#13013,.F.);
#13211=EDGE_LOOP('',(#13208,#13209,#13210));
#13212=FACE_OUTER_BOUND('',#13211,.T.);
#13213=ADVANCED_FACE('',(#13212),#13207,.T.);
#13214=DIRECTION('',(-0.994173,0.107799,-0));
#13215=DIRECTION('',(-0,0,1));
#13216=AXIS2_PLACEMENT_3D('',#1570,#13214,#13215);
#13217=PLANE('',#13216);
#13218=ORIENTED_EDGE('',*,*,#11876,.F.);
#13219=ORIENTED_EDGE('',*,*,#11861,.T.);
#13220=ORIENTED_EDGE('',*,*,#6174,.T.);
#13221=EDGE_LOOP('',(#13218,#13219,#13220));
#13222=FACE_OUTER_BOUND('',#13221,.T.);
#13223=ADVANCED_FACE('',(#13222),#13217,.T.);
#13224=DIRECTION('',(-0.981721,0.178369,0.066393));
#13225=DIRECTION('',(0.067475,-0,0.997721));
#13226=AXIS2_PLACEMENT_3D('',#1574,#13224,#13225);
#13227=PLANE('',#13226);
#13228=ORIENTED_EDGE('',*,*,#11944,.F.);
#13229=ORIENTED_EDGE('',*,*,#11882,.T.);
#13230=ORIENTED_EDGE('',*,*,#6164,.T.);
#13231=EDGE_LOOP('',(#13228,#13229,#13230));
#13232=FACE_OUTER_BOUND('',#13231,.T.);
#13233=ADVANCED_FACE('',(#13232),#13227,.T.);
#13234=DIRECTION('',(-0.79758,0.473999,0.373084));
#13235=DIRECTION('',(0,-0.618494,0.78579));
#13236=AXIS2_PLACEMENT_3D('',#1580,#13234,#13235);
#13237=PLANE('',#13236);
#13238=ORIENTED_EDGE('',*,*,#11992,.F.);
#13239=ORIENTED_EDGE('',*,*,#11974,.T.);
#13240=ORIENTED_EDGE('',*,*,#6149,.T.);
#13241=EDGE_LOOP('',(#13238,#13239,#13240));
#13242=FACE_OUTER_BOUND('',#13241,.T.);
#13243=ADVANCED_FACE('',(#13242),#13237,.T.);
#13244=DIRECTION('',(0.942491,-0.33423,0.000001));
#13245=DIRECTION('',(0.000001,0,-1));
#13246=AXIS2_PLACEMENT_3D('',#1356,#13244,#13245);
#13247=PLANE('',#13246);
#13248=ORIENTED_EDGE('',*,*,#11920,.T.);
#13249=ORIENTED_EDGE('',*,*,#6079,.F.);
#13250=ORIENTED_EDGE('',*,*,#11896,.F.);
#13251=EDGE_LOOP('',(#13248,#13249,#13250));
#13252=FACE_OUTER_BOUND('',#13251,.T.);
#13253=ADVANCED_FACE('',(#13252),#13247,.T.);
#13254=DIRECTION('',(0.961891,-0.265249,0.066393));
#13255=DIRECTION('',(0.06886,0,-0.997626));
#13256=AXIS2_PLACEMENT_3D('',#1358,#13254,#13255);
#13257=PLANE('',#13256);
#13258=ORIENTED_EDGE('',*,*,#12221,.T.);
#13259=ORIENTED_EDGE('',*,*,#6084,.F.);
#13260=ORIENTED_EDGE('',*,*,#11926,.F.);
#13261=EDGE_LOOP('',(#13258,#13259,#13260));
#13262=FACE_OUTER_BOUND('',#13261,.T.);
#13263=ADVANCED_FACE('',(#13262),#13257,.T.);
#13264=DIRECTION('',(0.969732,-0.089624,0.22713));
#13265=DIRECTION('',(0.228048,0,-0.97365));
#13266=AXIS2_PLACEMENT_3D('',#1598,#13264,#13265);
#13267=PLANE('',#13266);
#13268=ORIENTED_EDGE('',*,*,#6089,.F.);
#13269=ORIENTED_EDGE('',*,*,#12216,.F.);
#13270=ORIENTED_EDGE('',*,*,#12362,.T.);
#13271=EDGE_LOOP('',(#13268,#13269,#13270));
#13272=FACE_OUTER_BOUND('',#13271,.T.);
#13273=ADVANCED_FACE('',(#13272),#13267,.T.);
#13274=DIRECTION('',(0.950197,0.008021,0.311545));
#13275=DIRECTION('',(0.311555,0,-0.950228));
#13276=AXIS2_PLACEMENT_3D('',#1362,#13274,#13275);
#13277=PLANE('',#13276);
#13278=ORIENTED_EDGE('',*,*,#12386,.T.);
#13279=ORIENTED_EDGE('',*,*,#6094,.F.);
#13280=ORIENTED_EDGE('',*,*,#12368,.F.);
#13281=EDGE_LOOP('',(#13278,#13279,#13280));
#13282=FACE_OUTER_BOUND('',#13281,.T.);
#13283=ADVANCED_FACE('',(#13282),#13277,.T.);
#13284=DIRECTION('',(0.924255,0.081002,0.373084));
#13285=DIRECTION('',(0.374314,0,-0.927302));
#13286=AXIS2_PLACEMENT_3D('',#1600,#13284,#13285);
#13287=PLANE('',#13286);
#13288=ORIENTED_EDGE('',*,*,#12381,.F.);
#13289=ORIENTED_EDGE('',*,*,#12039,.T.);
#13290=ORIENTED_EDGE('',*,*,#6099,.F.);
#13291=EDGE_LOOP('',(#13288,#13289,#13290));
#13292=FACE_OUTER_BOUND('',#13291,.T.);
#13293=ADVANCED_FACE('',(#13292),#13287,.T.);
#13294=DIRECTION('',(0.895443,0.140363,0.422469));
#13295=DIRECTION('',(0,-0.948993,0.315298));
#13296=AXIS2_PLACEMENT_3D('',#1610,#13294,#13295);
#13297=PLANE('',#13296);
#13298=ORIENTED_EDGE('',*,*,#6104,.F.);
#13299=ORIENTED_EDGE('',*,*,#12034,.F.);
#13300=ORIENTED_EDGE('',*,*,#12053,.T.);
#13301=EDGE_LOOP('',(#13298,#13299,#13300));
#13302=FACE_OUTER_BOUND('',#13301,.T.);
#13303=ADVANCED_FACE('',(#13302),#13297,.T.);
#13304=DIRECTION('',(-0.650145,0.572476,0.499583));
#13305=DIRECTION('',(0,-0.65751,0.753446));
#13306=AXIS2_PLACEMENT_3D('',#1332,#13304,#13305);
#13307=PLANE('',#13306);
#13308=ORIENTED_EDGE('',*,*,#12020,.T.);
#13309=ORIENTED_EDGE('',*,*,#6134,.T.);
#13310=ORIENTED_EDGE('',*,*,#12105,.F.);
#13311=EDGE_LOOP('',(#13308,#13309,#13310));
#13312=FACE_OUTER_BOUND('',#13311,.T.);
#13313=ADVANCED_FACE('',(#13312),#13307,.T.);
#13314=DIRECTION('',(-0.605535,0.592887,0.53086));
#13315=DIRECTION('',(0,-0.667062,0.745003));
#13316=AXIS2_PLACEMENT_3D('',#1586,#13314,#13315);
#13317=PLANE('',#13316);
#13318=ORIENTED_EDGE('',*,*,#6129,.T.);
#13319=ORIENTED_EDGE('',*,*,#12122,.F.);
#13320=ORIENTED_EDGE('',*,*,#12110,.T.);
#13321=EDGE_LOOP('',(#13318,#13319,#13320));
#13322=FACE_OUTER_BOUND('',#13321,.T.);
#13323=ADVANCED_FACE('',(#13322),#13317,.T.);
#13324=DIRECTION('',(0.834149,0.233695,0.499582));
#13325=DIRECTION('',(0,-0.905796,0.423714));
#13326=AXIS2_PLACEMENT_3D('',#1612,#13324,#13325);
#13327=PLANE('',#13326);
#13328=ORIENTED_EDGE('',*,*,#12092,.F.);
#13329=ORIENTED_EDGE('',*,*,#12077,.T.);
#13330=ORIENTED_EDGE('',*,*,#6114,.T.);
#13331=EDGE_LOOP('',(#13328,#13329,#13330));
#13332=FACE_OUTER_BOUND('',#13331,.T.);
#13333=ADVANCED_FACE('',(#13332),#13327,.T.);
#13334=DIRECTION('',(-0.807109,0.586657,0.066393));
#13335=DIRECTION('',(0,-0.112454,0.993657));
#13336=AXIS2_PLACEMENT_3D('',#1534,#13334,#13335);
#13337=PLANE('',#13336);
#13338=ORIENTED_EDGE('',*,*,#6034,.T.);
#13339=ORIENTED_EDGE('',*,*,#12263,.F.);
#13340=ORIENTED_EDGE('',*,*,#12234,.T.);
#13341=EDGE_LOOP('',(#13338,#13339,#13340));
#13342=FACE_OUTER_BOUND('',#13341,.T.);
#13343=ADVANCED_FACE('',(#13342),#13337,.T.);
#13344=DIRECTION('',(-0.674689,0.702287,0.227129));
#13345=DIRECTION('',(0,-0.30772,0.951477));
#13346=AXIS2_PLACEMENT_3D('',#1350,#13344,#13345);
#13347=PLANE('',#13346);
#13348=ORIENTED_EDGE('',*,*,#12257,.T.);
#13349=ORIENTED_EDGE('',*,*,#6029,.T.);
#13350=ORIENTED_EDGE('',*,*,#12275,.F.);
#13351=EDGE_LOOP('',(#13348,#13349,#13350));
#13352=FACE_OUTER_BOUND('',#13351,.T.);
#13353=ADVANCED_FACE('',(#13352),#13347,.T.);
#13354=DIRECTION('',(-0.512933,0.773115,0.373085));
#13355=DIRECTION('',(0,-0.434614,0.900617));
#13356=AXIS2_PLACEMENT_3D('',#1618,#13354,#13355);
#13357=PLANE('',#13356);
#13358=ORIENTED_EDGE('',*,*,#6019,.T.);
#13359=ORIENTED_EDGE('',*,*,#12308,.F.);
#13360=ORIENTED_EDGE('',*,*,#12296,.T.);
#13361=EDGE_LOOP('',(#13358,#13359,#13360));
#13362=FACE_OUTER_BOUND('',#13361,.T.);
#13363=ADVANCED_FACE('',(#13362),#13357,.T.);
#13364=DIRECTION('',(-0.448558,0.7876,0.42247));
#13365=DIRECTION('',(0,-0.472692,0.881228));
#13366=AXIS2_PLACEMENT_3D('',#1622,#13364,#13365);
#13367=PLANE('',#13366);
#13368=ORIENTED_EDGE('',*,*,#12332,.F.);
#13369=ORIENTED_EDGE('',*,*,#12313,.T.);
#13370=ORIENTED_EDGE('',*,*,#6014,.T.);
#13371=EDGE_LOOP('',(#13368,#13369,#13370));
#13372=FACE_OUTER_BOUND('',#13371,.T.);
#13373=ADVANCED_FACE('',(#13372),#13367,.T.);
#13374=DIRECTION('',(0.859579,-0.405048,0.311545));
#13375=DIRECTION('',(0,-0.609673,-0.792653));
#13376=AXIS2_PLACEMENT_3D('',#1556,#13374,#13375);
#13377=PLANE('',#13376);
#13378=ORIENTED_EDGE('',*,*,#13037,.F.);
#13379=ORIENTED_EDGE('',*,*,#13055,.T.);
#13380=ORIENTED_EDGE('',*,*,#5964,.F.);
#13381=EDGE_LOOP('',(#13378,#13379,#13380));
#13382=FACE_OUTER_BOUND('',#13381,.T.);
#13383=ADVANCED_FACE('',(#13382),#13377,.T.);
#13384=DIRECTION('',(-0.390497,0.795179,0.4639));
#13385=DIRECTION('',(0,-0.503908,0.863757));
#13386=AXIS2_PLACEMENT_3D('',#1622,#13384,#13385);
#13387=PLANE('',#13386);
#13388=ORIENTED_EDGE('',*,*,#6009,.T.);
#13389=ORIENTED_EDGE('',*,*,#12345,.F.);
#13390=ORIENTED_EDGE('',*,*,#12326,.T.);
#13391=EDGE_LOOP('',(#13388,#13389,#13390));
#13392=FACE_OUTER_BOUND('',#13391,.T.);
#13393=ADVANCED_FACE('',(#13392),#13387,.T.);
#13394=DIRECTION('',(-0.337372,0.79787,0.499583));
#13395=DIRECTION('',(0,-0.530697,0.847562));
#13396=AXIS2_PLACEMENT_3D('',#1482,#13394,#13395);
#13397=PLANE('',#13396);
#13398=ORIENTED_EDGE('',*,*,#12350,.T.);
#13399=ORIENTED_EDGE('',*,*,#6004,.T.);
#13400=ORIENTED_EDGE('',*,*,#13083,.F.);
#13401=EDGE_LOOP('',(#13398,#13399,#13400));
#13402=FACE_OUTER_BOUND('',#13401,.T.);
#13403=ADVANCED_FACE('',(#13402),#13397,.T.);
#13404=DIRECTION('',(-0.288326,0.796905,0.530859));
#13405=DIRECTION('',(0,-0.554403,0.832248));
#13406=AXIS2_PLACEMENT_3D('',#1626,#13404,#13405);
#13407=PLANE('',#13406);
#13408=ORIENTED_EDGE('',*,*,#5999,.T.);
#13409=ORIENTED_EDGE('',*,*,#13100,.F.);
#13410=ORIENTED_EDGE('',*,*,#13088,.T.);
#13411=EDGE_LOOP('',(#13408,#13409,#13410));
#13412=FACE_OUTER_BOUND('',#13411,.T.);
#13413=ADVANCED_FACE('',(#13412),#13407,.T.);
#13414=DIRECTION('',(-0.116128,0.993234,-0));
#13415=DIRECTION('',(-0,0,1));
#13416=AXIS2_PLACEMENT_3D('',#1378,#13414,#13415);
#13417=PLANE('',#13416);
#13418=ORIENTED_EDGE('',*,*,#12423,.T.);
#13419=ORIENTED_EDGE('',*,*,#7337,.T.);
#13420=ORIENTED_EDGE('',*,*,#12450,.F.);
#13421=EDGE_LOOP('',(#13418,#13419,#13420));
#13422=FACE_OUTER_BOUND('',#13421,.T.);
#13423=ADVANCED_FACE('',(#13422),#13417,.T.);
#13424=DIRECTION('',(0.336098,0.841759,0.422469));
#13425=DIRECTION('',(0,-0.448563,0.893751));
#13426=AXIS2_PLACEMENT_3D('',#1668,#13424,#13425);
#13427=PLANE('',#13426);
#13428=ORIENTED_EDGE('',*,*,#7302,.T.);
#13429=ORIENTED_EDGE('',*,*,#12832,.F.);
#13430=ORIENTED_EDGE('',*,*,#12778,.T.);
#13431=EDGE_LOOP('',(#13428,#13429,#13430));
#13432=FACE_OUTER_BOUND('',#13431,.T.);
#13433=ADVANCED_FACE('',(#13432),#13427,.T.);
#13434=DIRECTION('',(0.378226,0.801088,0.463901));
#13435=DIRECTION('',(0,-0.501128,0.865373));
#13436=AXIS2_PLACEMENT_3D('',#1670,#13434,#13435);
#13437=PLANE('',#13436);
#13438=ORIENTED_EDGE('',*,*,#7297,.T.);
#13439=ORIENTED_EDGE('',*,*,#12791,.F.);
#13440=ORIENTED_EDGE('',*,*,#12826,.T.);
#13441=EDGE_LOOP('',(#13438,#13439,#13440));
#13442=FACE_OUTER_BOUND('',#13441,.T.);
#13443=ADVANCED_FACE('',(#13442),#13437,.T.);
#13444=DIRECTION('',(0.219259,0.924589,0.311546));
#13445=DIRECTION('',(0,-0.319316,0.947648));
#13446=AXIS2_PLACEMENT_3D('',#1650,#13444,#13445);
#13447=PLANE('',#13446);
#13448=ORIENTED_EDGE('',*,*,#7312,.F.);
#13449=ORIENTED_EDGE('',*,*,#12760,.F.);
#13450=ORIENTED_EDGE('',*,*,#12741,.T.);
#13451=EDGE_LOOP('',(#13448,#13449,#13450));
#13452=FACE_OUTER_BOUND('',#13451,.T.);
#13453=ADVANCED_FACE('',(#13452),#13447,.T.);
#13454=DIRECTION('',(0.284637,0.883057,0.373084));
#13455=DIRECTION('',(0,-0.389182,0.921161));
#13456=AXIS2_PLACEMENT_3D('',#1412,#13454,#13455);
#13457=PLANE('',#13456);
#13458=ORIENTED_EDGE('',*,*,#12754,.T.);
#13459=ORIENTED_EDGE('',*,*,#7307,.T.);
#13460=ORIENTED_EDGE('',*,*,#12773,.F.);
#13461=EDGE_LOOP('',(#13458,#13459,#13460));
#13462=FACE_OUTER_BOUND('',#13461,.T.);
#13463=ADVANCED_FACE('',(#13462),#13457,.T.);
#13464=DIRECTION('',(0.392349,-0.917417,0.066392));
#13465=DIRECTION('',(0,-0.07218,-0.997392));
#13466=AXIS2_PLACEMENT_3D('',#1426,#13464,#13465);
#13467=PLANE('',#13466);
#13468=ORIENTED_EDGE('',*,*,#12598,.T.);
#13469=ORIENTED_EDGE('',*,*,#5824,.F.);
#13470=ORIENTED_EDGE('',*,*,#12491,.F.);
#13471=EDGE_LOOP('',(#13468,#13469,#13470));
#13472=FACE_OUTER_BOUND('',#13471,.T.);
#13473=ADVANCED_FACE('',(#13472),#13467,.T.);
#13474=DIRECTION('',(0.534547,-0.814046,0.22713));
#13475=DIRECTION('',(0,-0.268749,-0.96321));
#13476=AXIS2_PLACEMENT_3D('',#1660,#13474,#13475);
#13477=PLANE('',#13476);
#13478=ORIENTED_EDGE('',*,*,#5829,.F.);
#13479=ORIENTED_EDGE('',*,*,#12604,.F.);
#13480=ORIENTED_EDGE('',*,*,#12621,.T.);
#13481=EDGE_LOOP('',(#13478,#13479,#13480));
#13482=FACE_OUTER_BOUND('',#13481,.T.);
#13483=ADVANCED_FACE('',(#13482),#13477,.T.);
#13484=DIRECTION('',(0.598711,-0.737892,0.311546));
#13485=DIRECTION('',(0,-0.388963,-0.921253));
#13486=AXIS2_PLACEMENT_3D('',#1430,#13484,#13485);
#13487=PLANE('',#13486);
#13488=ORIENTED_EDGE('',*,*,#12855,.T.);
#13489=ORIENTED_EDGE('',*,*,#5834,.F.);
#13490=ORIENTED_EDGE('',*,*,#12616,.F.);
#13491=EDGE_LOOP('',(#13488,#13489,#13490));
#13492=FACE_OUTER_BOUND('',#13491,.T.);
#13493=ADVANCED_FACE('',(#13492),#13487,.T.);
#13494=DIRECTION('',(-0.535575,0.844488,0.000001));
#13495=DIRECTION('',(0,-0.000001,1));
#13496=AXIS2_PLACEMENT_3D('',#1538,#13494,#13495);
#13497=PLANE('',#13496);
#13498=ORIENTED_EDGE('',*,*,#5919,.T.);
#13499=ORIENTED_EDGE('',*,*,#12559,.F.);
#13500=ORIENTED_EDGE('',*,*,#12510,.T.);
#13501=EDGE_LOOP('',(#13498,#13499,#13500));
#13502=FACE_OUTER_BOUND('',#13501,.T.);
#13503=ADVANCED_FACE('',(#13502),#13497,.T.);
#13504=DIRECTION('',(-0.535576,0.844487,-0.000001));
#13505=DIRECTION('',(-0,0.000001,1));
#13506=AXIS2_PLACEMENT_3D('',#1544,#13504,#13505);
#13507=PLANE('',#13506);
#13508=ORIENTED_EDGE('',*,*,#12541,.F.);
#13509=ORIENTED_EDGE('',*,*,#12522,.T.);
#13510=ORIENTED_EDGE('',*,*,#5909,.T.);
#13511=EDGE_LOOP('',(#13508,#13509,#13510));
#13512=FACE_OUTER_BOUND('',#13511,.T.);
#13513=ADVANCED_FACE('',(#13512),#13507,.T.);
#13514=DIRECTION('',(-0.472639,0.878752,0.066393));
#13515=DIRECTION('',(0,-0.075339,0.997158));
#13516=AXIS2_PLACEMENT_3D('',#1396,#13514,#13515);
#13517=PLANE('',#13516);
#13518=ORIENTED_EDGE('',*,*,#12546,.T.);
#13519=ORIENTED_EDGE('',*,*,#5904,.T.);
#13520=ORIENTED_EDGE('',*,*,#12635,.F.);
#13521=EDGE_LOOP('',(#13518,#13519,#13520));
#13522=FACE_OUTER_BOUND('',#13521,.T.);
#13523=ADVANCED_FACE('',(#13522),#13517,.T.);
#13524=DIRECTION('',(-0.303162,0.925475,0.22713));
#13525=DIRECTION('',(0,-0.238347,0.97118));
#13526=AXIS2_PLACEMENT_3D('',#1678,#13524,#13525);
#13527=PLANE('',#13526);
#13528=ORIENTED_EDGE('',*,*,#12653,.F.);
#13529=ORIENTED_EDGE('',*,*,#12640,.T.);
#13530=ORIENTED_EDGE('',*,*,#5899,.T.);
#13531=EDGE_LOOP('',(#13528,#13529,#13530));
#13532=FACE_OUTER_BOUND('',#13531,.T.);
#13533=ADVANCED_FACE('',(#13532),#13527,.T.);
#13534=DIRECTION('',(-0.203619,0.928159,0.311545));
#13535=DIRECTION('',(0,-0.318211,0.94802));
#13536=AXIS2_PLACEMENT_3D('',#1400,#13534,#13535);
#13537=PLANE('',#13536);
#13538=ORIENTED_EDGE('',*,*,#12658,.T.);
#13539=ORIENTED_EDGE('',*,*,#5894,.T.);
#13540=ORIENTED_EDGE('',*,*,#12676,.F.);
#13541=EDGE_LOOP('',(#13538,#13539,#13540));
#13542=FACE_OUTER_BOUND('',#13541,.T.);
#13543=ADVANCED_FACE('',(#13542),#13537,.T.);
#13544=DIRECTION('',(-0.126695,0.919106,0.373084));
#13545=DIRECTION('',(0,-0.376115,0.926573));
#13546=AXIS2_PLACEMENT_3D('',#1682,#13544,#13545);
#13547=PLANE('',#13546);
#13548=ORIENTED_EDGE('',*,*,#12694,.F.);
#13549=ORIENTED_EDGE('',*,*,#12670,.T.);
#13550=ORIENTED_EDGE('',*,*,#5889,.T.);
#13551=EDGE_LOOP('',(#13548,#13549,#13550));
#13552=FACE_OUTER_BOUND('',#13551,.T.);
#13553=ADVANCED_FACE('',(#13552),#13547,.T.);
#13554=DIRECTION('',(0.639593,-0.672109,0.373083));
#13555=DIRECTION('',(0,-0.485334,-0.874329));
#13556=AXIS2_PLACEMENT_3D('',#1664,#13554,#13555);
#13557=PLANE('',#13556);
#13558=ORIENTED_EDGE('',*,*,#5839,.F.);
#13559=ORIENTED_EDGE('',*,*,#12861,.F.);
#13560=ORIENTED_EDGE('',*,*,#12879,.T.);
#13561=EDGE_LOOP('',(#13558,#13559,#13560));
#13562=FACE_OUTER_BOUND('',#13561,.T.);
#13563=ADVANCED_FACE('',(#13562),#13557,.T.);
#13564=DIRECTION('',(0.66804,-0.61257,0.42247));
#13565=DIRECTION('',(0,-0.56774,-0.823208));
#13566=AXIS2_PLACEMENT_3D('',#1434,#13564,#13565);
#13567=PLANE('',#13566);
#13568=ORIENTED_EDGE('',*,*,#12896,.T.);
#13569=ORIENTED_EDGE('',*,*,#5844,.F.);
#13570=ORIENTED_EDGE('',*,*,#12874,.F.);
#13571=EDGE_LOOP('',(#13568,#13569,#13570));
#13572=FACE_OUTER_BOUND('',#13571,.T.);
#13573=ADVANCED_FACE('',(#13572),#13567,.T.);
#13574=DIRECTION('',(0.688349,-0.557649,0.463901));
#13575=DIRECTION('',(0,-0.639528,-0.768768));
#13576=AXIS2_PLACEMENT_3D('',#1684,#13574,#13575);
#13577=PLANE('',#13576);
#13578=ORIENTED_EDGE('',*,*,#5849,.F.);
#13579=ORIENTED_EDGE('',*,*,#12891,.F.);
#13580=ORIENTED_EDGE('',*,*,#12914,.T.);
#13581=EDGE_LOOP('',(#13578,#13579,#13580));
#13582=FACE_OUTER_BOUND('',#13581,.T.);
#13583=ADVANCED_FACE('',(#13582),#13577,.T.);
#13584=DIRECTION('',(0.702794,-0.506457,0.499582));
#13585=DIRECTION('',(0,-0.702258,-0.711922));
#13586=AXIS2_PLACEMENT_3D('',#1448,#13584,#13585);
#13587=PLANE('',#13586);
#13588=ORIENTED_EDGE('',*,*,#12933,.T.);
#13589=ORIENTED_EDGE('',*,*,#5854,.F.);
#13590=ORIENTED_EDGE('',*,*,#12909,.F.);
#13591=EDGE_LOOP('',(#13588,#13589,#13590));
#13592=FACE_OUTER_BOUND('',#13591,.T.);
#13593=ADVANCED_FACE('',(#13592),#13587,.T.);
#13594=DIRECTION('',(0.59344,0.285786,0.752433));
#13595=DIRECTION('',(0,-0.934841,0.355067));
#13596=AXIS2_PLACEMENT_3D('',#1696,#13594,#13595);
#13597=PLANE('',#13596);
#13598=ORIENTED_EDGE('',*,*,#12981,.F.);
#13599=ORIENTED_EDGE('',*,*,#12968,.T.);
#13600=ORIENTED_EDGE('',*,*,#5864,.T.);
#13601=EDGE_LOOP('',(#13598,#13599,#13600));
#13602=FACE_OUTER_BOUND('',#13601,.T.);
#13603=ADVANCED_FACE('',(#13602),#13597,.T.);
#13604=DIRECTION('',(0.712766,-0.458424,0.53086));
#13605=DIRECTION('',(0,-0.756855,-0.653582));
#13606=AXIS2_PLACEMENT_3D('',#1694,#13604,#13605);
#13607=PLANE('',#13606);
#13608=ORIENTED_EDGE('',*,*,#12928,.F.);
#13609=ORIENTED_EDGE('',*,*,#12986,.T.);
#13610=ORIENTED_EDGE('',*,*,#5859,.F.);
#13611=EDGE_LOOP('',(#13608,#13609,#13610));
#13612=FACE_OUTER_BOUND('',#13611,.T.);
#13613=ADVANCED_FACE('',(#13612),#13607,.T.);
#13614=DIRECTION('',(-0.062411,0.904226,0.42247));
#13615=DIRECTION('',(0,-0.423295,0.905992));
#13616=AXIS2_PLACEMENT_3D('',#1686,#13614,#13615);
#13617=PLANE('',#13616);
#13618=ORIENTED_EDGE('',*,*,#12707,.F.);
#13619=ORIENTED_EDGE('',*,*,#12688,.T.);
#13620=ORIENTED_EDGE('',*,*,#5884,.T.);
#13621=EDGE_LOOP('',(#13618,#13619,#13620));
#13622=FACE_OUTER_BOUND('',#13621,.T.);
#13623=ADVANCED_FACE('',(#13622),#13617,.T.);
#13624=DIRECTION('',(0.042221,0.865237,0.499582));
#13625=DIRECTION('',(0,-0.500028,0.866009));
#13626=AXIS2_PLACEMENT_3D('',#1688,#13624,#13625);
#13627=PLANE('',#13626);
#13628=ORIENTED_EDGE('',*,*,#5874,.T.);
#13629=ORIENTED_EDGE('',*,*,#12946,.F.);
#13630=ORIENTED_EDGE('',*,*,#12725,.T.);
#13631=EDGE_LOOP('',(#13628,#13629,#13630));
#13632=FACE_OUTER_BOUND('',#13631,.T.);
#13633=ADVANCED_FACE('',(#13632),#13627,.T.);
#13634=DIRECTION('',(0.085992,0.843086,0.53086));
#13635=DIRECTION('',(0,-0.532833,0.84622));
#13636=AXIS2_PLACEMENT_3D('',#1444,#13634,#13635);
#13637=PLANE('',#13636);
#13638=ORIENTED_EDGE('',*,*,#12951,.T.);
#13639=ORIENTED_EDGE('',*,*,#5869,.T.);
#13640=ORIENTED_EDGE('',*,*,#12963,.F.);
#13641=EDGE_LOOP('',(#13638,#13639,#13640));
#13642=FACE_OUTER_BOUND('',#13641,.T.);
#13643=ADVANCED_FACE('',(#13642),#13637,.T.);
#13644=DIRECTION('',(0.413452,0.761233,0.499582));
#13645=DIRECTION('',(0,-0.548674,0.836036));
#13646=AXIS2_PLACEMENT_3D('',#1674,#13644,#13645);
#13647=PLANE('',#13646);
#13648=ORIENTED_EDGE('',*,*,#12808,.F.);
#13649=ORIENTED_EDGE('',*,*,#12796,.T.);
#13650=ORIENTED_EDGE('',*,*,#7292,.T.);
#13651=EDGE_LOOP('',(#13648,#13649,#13650));
#13652=FACE_OUTER_BOUND('',#13651,.T.);
#13653=ADVANCED_FACE('',(#13652),#13647,.T.);
#13654=DIRECTION('',(0.867667,-0.262055,0.42247));
#13655=DIRECTION('',(0,-0.849791,-0.527119));
#13656=AXIS2_PLACEMENT_3D('',#1560,#13654,#13655);
#13657=PLANE('',#13656);
#13658=ORIENTED_EDGE('',*,*,#13070,.F.);
#13659=ORIENTED_EDGE('',*,*,#13124,.T.);
#13660=ORIENTED_EDGE('',*,*,#5974,.F.);
#13661=EDGE_LOOP('',(#13658,#13659,#13660));
#13662=FACE_OUTER_BOUND('',#13661,.T.);
#13663=ADVANCED_FACE('',(#13662),#13657,.T.);
#13664=DIRECTION('',(0.862136,-0.203762,0.4639));
#13665=DIRECTION('',(0,-0.915572,-0.402153));
#13666=AXIS2_PLACEMENT_3D('',#1630,#13664,#13665);
#13667=PLANE('',#13666);
#13668=ORIENTED_EDGE('',*,*,#5979,.F.);
#13669=ORIENTED_EDGE('',*,*,#13119,.F.);
#13670=ORIENTED_EDGE('',*,*,#13142,.T.);
#13671=EDGE_LOOP('',(#13668,#13669,#13670));
#13672=FACE_OUTER_BOUND('',#13671,.T.);
#13673=ADVANCED_FACE('',(#13672),#13667,.T.);
#13674=DIRECTION('',(0.970031,0.24298,0));
#13675=DIRECTION('',(0,0,-1));
#13676=AXIS2_PLACEMENT_3D('',#220,#13674,#13675);
#13677=PLANE('',#13676);
#13678=ORIENTED_EDGE('',*,*,#3612,.F.);
#13679=DIRECTION('',(0,0,1));
#13680=VECTOR('',#13679,10);
#13681=LINE('',#196,#13680);
#13682=EDGE_CURVE('',#197,#409,#13681,.T.);
#13683=ORIENTED_EDGE('',*,*,#13682,.T.);
#13684=ORIENTED_EDGE('',*,*,#7494,.T.);
#13685=DIRECTION('',(0,0,1));
#13686=VECTOR('',#13685,10);
#13687=LINE('',#220,#13686);
#13688=EDGE_CURVE('',#221,#433,#13687,.T.);
#13689=ORIENTED_EDGE('',*,*,#13688,.F.);
#13690=EDGE_LOOP('',(#13678,#13683,#13684,#13689));
#13691=FACE_OUTER_BOUND('',#13690,.T.);
#13692=ADVANCED_FACE('',(#13691),#13677,.T.);
#13693=DIRECTION('',(0.989177,0.14673,0));
#13694=DIRECTION('',(0,0,-1));
#13695=AXIS2_PLACEMENT_3D('',#408,#13693,#13694);
#13696=PLANE('',#13695);
#13697=ORIENTED_EDGE('',*,*,#13682,.F.);
#13698=ORIENTED_EDGE('',*,*,#3607,.T.);
#13699=DIRECTION('',(0,0,1));
#13700=VECTOR('',#13699,10);
#13701=LINE('',#198,#13700);
#13702=EDGE_CURVE('',#199,#411,#13701,.T.);
#13703=ORIENTED_EDGE('',*,*,#13702,.T.);
#13704=ORIENTED_EDGE('',*,*,#7499,.F.);
#13705=EDGE_LOOP('',(#13697,#13698,#13703,#13704));
#13706=FACE_OUTER_BOUND('',#13705,.T.);
#13707=ADVANCED_FACE('',(#13706),#13696,.T.);
#13708=DIRECTION('',(0.998795,0.049068,0));
#13709=DIRECTION('',(0,0,-1));
#13710=AXIS2_PLACEMENT_3D('',#760,#13708,#13709);
#13711=PLANE('',#13710);
#13712=ORIENTED_EDGE('',*,*,#7504,.F.);
#13713=ORIENTED_EDGE('',*,*,#13702,.F.);
#13714=ORIENTED_EDGE('',*,*,#3602,.T.);
#13715=DIRECTION('',(0,0,1));
#13716=VECTOR('',#13715,10);
#13717=LINE('',#552,#13716);
#13718=EDGE_CURVE('',#553,#761,#13717,.T.);
#13719=ORIENTED_EDGE('',*,*,#13718,.T.);
#13720=EDGE_LOOP('',(#13712,#13713,#13714,#13719));
#13721=FACE_OUTER_BOUND('',#13720,.T.);
#13722=ADVANCED_FACE('',(#13721),#13711,.T.);
#13723=DIRECTION('',(0.24298,0.970031,0));
#13724=DIRECTION('',(0,0,1));
#13725=AXIS2_PLACEMENT_3D('',#412,#13723,#13724);
#13726=PLANE('',#13725);
#13727=ORIENTED_EDGE('',*,*,#7439,.T.);
#13728=DIRECTION('',(0,0,1));
#13729=VECTOR('',#13728,10);
#13730=LINE('',#202,#13729);
#13731=EDGE_CURVE('',#203,#415,#13730,.T.);
#13732=ORIENTED_EDGE('',*,*,#13731,.F.);
#13733=ORIENTED_EDGE('',*,*,#3667,.F.);
#13734=DIRECTION('',(0,0,1));
#13735=VECTOR('',#13734,10);
#13736=LINE('',#200,#13735);
#13737=EDGE_CURVE('',#201,#413,#13736,.T.);
#13738=ORIENTED_EDGE('',*,*,#13737,.T.);
#13739=EDGE_LOOP('',(#13727,#13732,#13733,#13738));
#13740=FACE_OUTER_BOUND('',#13739,.T.);
#13741=ADVANCED_FACE('',(#13740),#13726,.T.);
#13742=DIRECTION('',(0.14673,0.989177,0));
#13743=DIRECTION('',(0,0,1));
#13744=AXIS2_PLACEMENT_3D('',#202,#13742,#13743);
#13745=PLANE('',#13744);
#13746=ORIENTED_EDGE('',*,*,#13731,.T.);
#13747=ORIENTED_EDGE('',*,*,#7434,.T.);
#13748=DIRECTION('',(0,0,1));
#13749=VECTOR('',#13748,10);
#13750=LINE('',#204,#13749);
#13751=EDGE_CURVE('',#205,#417,#13750,.T.);
#13752=ORIENTED_EDGE('',*,*,#13751,.F.);
#13753=ORIENTED_EDGE('',*,*,#3672,.F.);
#13754=EDGE_LOOP('',(#13746,#13747,#13752,#13753));
#13755=FACE_OUTER_BOUND('',#13754,.T.);
#13756=ADVANCED_FACE('',(#13755),#13745,.T.);
#13757=DIRECTION('',(0.049068,0.998795,0));
#13758=DIRECTION('',(0,0,1));
#13759=AXIS2_PLACEMENT_3D('',#1150,#13757,#13758);
#13760=PLANE('',#13759);
#13761=DIRECTION('',(0,0,1));
#13762=VECTOR('',#13761,10);
#13763=LINE('',#936,#13762);
#13764=EDGE_CURVE('',#937,#1151,#13763,.T.);
#13765=ORIENTED_EDGE('',*,*,#13764,.F.);
#13766=ORIENTED_EDGE('',*,*,#3677,.F.);
#13767=ORIENTED_EDGE('',*,*,#13751,.T.);
#13768=ORIENTED_EDGE('',*,*,#7429,.T.);
#13769=EDGE_LOOP('',(#13765,#13766,#13767,#13768));
#13770=FACE_OUTER_BOUND('',#13769,.T.);
#13771=ADVANCED_FACE('',(#13770),#13760,.T.);
#13772=DIRECTION('',(0.857729,0.514103,0));
#13773=DIRECTION('',(0,0,1));
#13774=AXIS2_PLACEMENT_3D('',#418,#13772,#13773);
#13775=PLANE('',#13774);
#13776=ORIENTED_EDGE('',*,*,#7479,.T.);
#13777=DIRECTION('',(0,0,1));
#13778=VECTOR('',#13777,10);
#13779=LINE('',#210,#13778);
#13780=EDGE_CURVE('',#211,#423,#13779,.T.);
#13781=ORIENTED_EDGE('',*,*,#13780,.F.);
#13782=ORIENTED_EDGE('',*,*,#3627,.F.);
#13783=DIRECTION('',(0,0,1));
#13784=VECTOR('',#13783,10);
#13785=LINE('',#206,#13784);
#13786=EDGE_CURVE('',#207,#419,#13785,.T.);
#13787=ORIENTED_EDGE('',*,*,#13786,.T.);
#13788=EDGE_LOOP('',(#13776,#13781,#13782,#13787));
#13789=FACE_OUTER_BOUND('',#13788,.T.);
#13790=ADVANCED_FACE('',(#13789),#13775,.T.);
#13791=DIRECTION('',(0.740951,0.671559,0));
#13792=DIRECTION('',(0,0,1));
#13793=AXIS2_PLACEMENT_3D('',#212,#13791,#13792);
#13794=PLANE('',#13793);
#13795=ORIENTED_EDGE('',*,*,#3637,.F.);
#13796=DIRECTION('',(0,0,1));
#13797=VECTOR('',#13796,10);
#13798=LINE('',#208,#13797);
#13799=EDGE_CURVE('',#209,#421,#13798,.T.);
#13800=ORIENTED_EDGE('',*,*,#13799,.T.);
#13801=ORIENTED_EDGE('',*,*,#7469,.T.);
#13802=DIRECTION('',(0,0,1));
#13803=VECTOR('',#13802,10);
#13804=LINE('',#212,#13803);
#13805=EDGE_CURVE('',#213,#425,#13804,.T.);
#13806=ORIENTED_EDGE('',*,*,#13805,.F.);
#13807=EDGE_LOOP('',(#13795,#13800,#13801,#13806));
#13808=FACE_OUTER_BOUND('',#13807,.T.);
#13809=ADVANCED_FACE('',(#13808),#13794,.T.);
#13810=DIRECTION('',(0.803207,0.5957,0));
#13811=DIRECTION('',(0,0,1));
#13812=AXIS2_PLACEMENT_3D('',#210,#13810,#13811);
#13813=PLANE('',#13812);
#13814=ORIENTED_EDGE('',*,*,#13780,.T.);
#13815=ORIENTED_EDGE('',*,*,#7474,.F.);
#13816=ORIENTED_EDGE('',*,*,#13799,.F.);
#13817=ORIENTED_EDGE('',*,*,#3632,.T.);
#13818=EDGE_LOOP('',(#13814,#13815,#13816,#13817));
#13819=FACE_OUTER_BOUND('',#13818,.T.);
#13820=ADVANCED_FACE('',(#13819),#13813,.T.);
#13821=DIRECTION('',(0.671559,0.740951,0));
#13822=DIRECTION('',(0,0,1));
#13823=AXIS2_PLACEMENT_3D('',#424,#13821,#13822);
#13824=PLANE('',#13823);
#13825=ORIENTED_EDGE('',*,*,#7464,.T.);
#13826=DIRECTION('',(0,0,1));
#13827=VECTOR('',#13826,10);
#13828=LINE('',#214,#13827);
#13829=EDGE_CURVE('',#215,#427,#13828,.T.);
#13830=ORIENTED_EDGE('',*,*,#13829,.F.);
#13831=ORIENTED_EDGE('',*,*,#3642,.F.);
#13832=ORIENTED_EDGE('',*,*,#13805,.T.);
#13833=EDGE_LOOP('',(#13825,#13830,#13831,#13832));
#13834=FACE_OUTER_BOUND('',#13833,.T.);
#13835=ADVANCED_FACE('',(#13834),#13824,.T.);
#13836=DIRECTION('',(0.5957,0.803207,0));
#13837=DIRECTION('',(0,0,1));
#13838=AXIS2_PLACEMENT_3D('',#426,#13836,#13837);
#13839=PLANE('',#13838);
#13840=ORIENTED_EDGE('',*,*,#7459,.T.);
#13841=DIRECTION('',(0,0,1));
#13842=VECTOR('',#13841,10);
#13843=LINE('',#216,#13842);
#13844=EDGE_CURVE('',#217,#429,#13843,.T.);
#13845=ORIENTED_EDGE('',*,*,#13844,.F.);
#13846=ORIENTED_EDGE('',*,*,#3647,.F.);
#13847=ORIENTED_EDGE('',*,*,#13829,.T.);
#13848=EDGE_LOOP('',(#13840,#13845,#13846,#13847));
#13849=FACE_OUTER_BOUND('',#13848,.T.);
#13850=ADVANCED_FACE('',(#13849),#13839,.T.);
#13851=DIRECTION('',(0.514103,0.857729,0));
#13852=DIRECTION('',(0,0,1));
#13853=AXIS2_PLACEMENT_3D('',#428,#13851,#13852);
#13854=PLANE('',#13853);
#13855=ORIENTED_EDGE('',*,*,#7454,.T.);
#13856=DIRECTION('',(0,0,1));
#13857=VECTOR('',#13856,10);
#13858=LINE('',#222,#13857);
#13859=EDGE_CURVE('',#223,#435,#13858,.T.);
#13860=ORIENTED_EDGE('',*,*,#13859,.F.);
#13861=ORIENTED_EDGE('',*,*,#3652,.F.);
#13862=ORIENTED_EDGE('',*,*,#13844,.T.);
#13863=EDGE_LOOP('',(#13855,#13860,#13861,#13862));
#13864=FACE_OUTER_BOUND('',#13863,.T.);
#13865=ADVANCED_FACE('',(#13864),#13854,.T.);
#13866=DIRECTION('',(0.903989,0.427555,0));
#13867=DIRECTION('',(0,0,-1));
#13868=AXIS2_PLACEMENT_3D('',#430,#13866,#13867);
#13869=PLANE('',#13868);
#13870=ORIENTED_EDGE('',*,*,#7484,.F.);
#13871=ORIENTED_EDGE('',*,*,#13786,.F.);
#13872=ORIENTED_EDGE('',*,*,#3622,.T.);
#13873=DIRECTION('',(0,0,1));
#13874=VECTOR('',#13873,10);
#13875=LINE('',#218,#13874);
#13876=EDGE_CURVE('',#219,#431,#13875,.T.);
#13877=ORIENTED_EDGE('',*,*,#13876,.T.);
#13878=EDGE_LOOP('',(#13870,#13871,#13872,#13877));
#13879=FACE_OUTER_BOUND('',#13878,.T.);
#13880=ADVANCED_FACE('',(#13879),#13869,.T.);
#13881=DIRECTION('',(0.941544,0.33689,0));
#13882=DIRECTION('',(0,0,-1));
#13883=AXIS2_PLACEMENT_3D('',#430,#13881,#13882);
#13884=PLANE('',#13883);
#13885=ORIENTED_EDGE('',*,*,#13876,.F.);
#13886=ORIENTED_EDGE('',*,*,#3617,.T.);
#13887=ORIENTED_EDGE('',*,*,#13688,.T.);
#13888=ORIENTED_EDGE('',*,*,#7489,.F.);
#13889=EDGE_LOOP('',(#13885,#13886,#13887,#13888));
#13890=FACE_OUTER_BOUND('',#13889,.T.);
#13891=ADVANCED_FACE('',(#13890),#13884,.T.);
#13892=DIRECTION('',(0.427555,0.903989,0));
#13893=DIRECTION('',(0,0,1));
#13894=AXIS2_PLACEMENT_3D('',#224,#13892,#13893);
#13895=PLANE('',#13894);
#13896=ORIENTED_EDGE('',*,*,#3657,.F.);
#13897=ORIENTED_EDGE('',*,*,#13859,.T.);
#13898=ORIENTED_EDGE('',*,*,#7449,.T.);
#13899=DIRECTION('',(0,0,1));
#13900=VECTOR('',#13899,10);
#13901=LINE('',#224,#13900);
#13902=EDGE_CURVE('',#225,#437,#13901,.T.);
#13903=ORIENTED_EDGE('',*,*,#13902,.F.);
#13904=EDGE_LOOP('',(#13896,#13897,#13898,#13903));
#13905=FACE_OUTER_BOUND('',#13904,.T.);
#13906=ADVANCED_FACE('',(#13905),#13895,.T.);
#13907=DIRECTION('',(0.33689,0.941544,0));
#13908=DIRECTION('',(0,0,1));
#13909=AXIS2_PLACEMENT_3D('',#412,#13907,#13908);
#13910=PLANE('',#13909);
#13911=ORIENTED_EDGE('',*,*,#13737,.F.);
#13912=ORIENTED_EDGE('',*,*,#3662,.T.);
#13913=ORIENTED_EDGE('',*,*,#13902,.T.);
#13914=ORIENTED_EDGE('',*,*,#7444,.F.);
#13915=EDGE_LOOP('',(#13911,#13912,#13913,#13914));
#13916=FACE_OUTER_BOUND('',#13915,.T.);
#13917=ADVANCED_FACE('',(#13916),#13910,.T.);
#13918=DIRECTION('',(0.998795,-0.049068,0));
#13919=DIRECTION('',(0,0,-1));
#13920=AXIS2_PLACEMENT_3D('',#762,#13918,#13919);
#13921=PLANE('',#13920);
#13922=ORIENTED_EDGE('',*,*,#7509,.F.);
#13923=ORIENTED_EDGE('',*,*,#13718,.F.);
#13924=ORIENTED_EDGE('',*,*,#3597,.T.);
#13925=DIRECTION('',(0,0,1));
#13926=VECTOR('',#13925,10);
#13927=LINE('',#554,#13926);
#13928=EDGE_CURVE('',#555,#763,#13927,.T.);
#13929=ORIENTED_EDGE('',*,*,#13928,.T.);
#13930=EDGE_LOOP('',(#13922,#13923,#13924,#13929));
#13931=FACE_OUTER_BOUND('',#13930,.T.);
#13932=ADVANCED_FACE('',(#13931),#13921,.T.);
#13933=DIRECTION('',(0.989177,-0.14673,0));
#13934=DIRECTION('',(0,0,-1));
#13935=AXIS2_PLACEMENT_3D('',#554,#13933,#13934);
#13936=PLANE('',#13935);
#13937=ORIENTED_EDGE('',*,*,#3592,.T.);
#13938=DIRECTION('',(0,0,1));
#13939=VECTOR('',#13938,10);
#13940=LINE('',#556,#13939);
#13941=EDGE_CURVE('',#557,#765,#13940,.T.);
#13942=ORIENTED_EDGE('',*,*,#13941,.T.);
#13943=ORIENTED_EDGE('',*,*,#7514,.F.);
#13944=ORIENTED_EDGE('',*,*,#13928,.F.);
#13945=EDGE_LOOP('',(#13937,#13942,#13943,#13944));
#13946=FACE_OUTER_BOUND('',#13945,.T.);
#13947=ADVANCED_FACE('',(#13946),#13936,.T.);
#13948=DIRECTION('',(0.970031,-0.24298,0));
#13949=DIRECTION('',(0,0,-1));
#13950=AXIS2_PLACEMENT_3D('',#764,#13948,#13949);
#13951=PLANE('',#13950);
#13952=ORIENTED_EDGE('',*,*,#13941,.F.);
#13953=ORIENTED_EDGE('',*,*,#3587,.T.);
#13954=DIRECTION('',(0,0,1));
#13955=VECTOR('',#13954,10);
#13956=LINE('',#558,#13955);
#13957=EDGE_CURVE('',#559,#767,#13956,.T.);
#13958=ORIENTED_EDGE('',*,*,#13957,.T.);
#13959=ORIENTED_EDGE('',*,*,#7519,.F.);
#13960=EDGE_LOOP('',(#13952,#13953,#13958,#13959));
#13961=FACE_OUTER_BOUND('',#13960,.T.);
#13962=ADVANCED_FACE('',(#13961),#13951,.T.);
#13963=DIRECTION('',(0.941544,-0.33689,0));
#13964=DIRECTION('',(0,0,-1));
#13965=AXIS2_PLACEMENT_3D('',#558,#13963,#13964);
#13966=PLANE('',#13965);
#13967=ORIENTED_EDGE('',*,*,#3582,.T.);
#13968=DIRECTION('',(0,0,1));
#13969=VECTOR('',#13968,10);
#13970=LINE('',#560,#13969);
#13971=EDGE_CURVE('',#561,#769,#13970,.T.);
#13972=ORIENTED_EDGE('',*,*,#13971,.T.);
#13973=ORIENTED_EDGE('',*,*,#7524,.F.);
#13974=ORIENTED_EDGE('',*,*,#13957,.F.);
#13975=EDGE_LOOP('',(#13967,#13972,#13973,#13974));
#13976=FACE_OUTER_BOUND('',#13975,.T.);
#13977=ADVANCED_FACE('',(#13976),#13966,.T.);
#13978=DIRECTION('',(0.903989,-0.427555,0));
#13979=DIRECTION('',(0,0,-1));
#13980=AXIS2_PLACEMENT_3D('',#770,#13978,#13979);
#13981=PLANE('',#13980);
#13982=ORIENTED_EDGE('',*,*,#7529,.F.);
#13983=ORIENTED_EDGE('',*,*,#13971,.F.);
#13984=ORIENTED_EDGE('',*,*,#3577,.T.);
#13985=DIRECTION('',(0,0,1));
#13986=VECTOR('',#13985,10);
#13987=LINE('',#562,#13986);
#13988=EDGE_CURVE('',#563,#771,#13987,.T.);
#13989=ORIENTED_EDGE('',*,*,#13988,.T.);
#13990=EDGE_LOOP('',(#13982,#13983,#13984,#13989));
#13991=FACE_OUTER_BOUND('',#13990,.T.);
#13992=ADVANCED_FACE('',(#13991),#13981,.T.);
#13993=DIRECTION('',(0.857729,-0.514103,0));
#13994=DIRECTION('',(0,0,-1));
#13995=AXIS2_PLACEMENT_3D('',#564,#13993,#13994);
#13996=PLANE('',#13995);
#13997=DIRECTION('',(0,0,1));
#13998=VECTOR('',#13997,10);
#13999=LINE('',#564,#13998);
#14000=EDGE_CURVE('',#565,#773,#13999,.T.);
#14001=ORIENTED_EDGE('',*,*,#14000,.T.);
#14002=ORIENTED_EDGE('',*,*,#7534,.F.);
#14003=ORIENTED_EDGE('',*,*,#13988,.F.);
#14004=ORIENTED_EDGE('',*,*,#3572,.T.);
#14005=EDGE_LOOP('',(#14001,#14002,#14003,#14004));
#14006=FACE_OUTER_BOUND('',#14005,.T.);
#14007=ADVANCED_FACE('',(#14006),#13996,.T.);
#14008=DIRECTION('',(0.803207,-0.5957,0));
#14009=DIRECTION('',(0,0,-1));
#14010=AXIS2_PLACEMENT_3D('',#566,#14008,#14009);
#14011=PLANE('',#14010);
#14012=DIRECTION('',(0,0,1));
#14013=VECTOR('',#14012,10);
#14014=LINE('',#566,#14013);
#14015=EDGE_CURVE('',#567,#775,#14014,.T.);
#14016=ORIENTED_EDGE('',*,*,#14015,.T.);
#14017=ORIENTED_EDGE('',*,*,#7539,.F.);
#14018=ORIENTED_EDGE('',*,*,#14000,.F.);
#14019=ORIENTED_EDGE('',*,*,#3567,.T.);
#14020=EDGE_LOOP('',(#14016,#14017,#14018,#14019));
#14021=FACE_OUTER_BOUND('',#14020,.T.);
#14022=ADVANCED_FACE('',(#14021),#14011,.T.);
#14023=DIRECTION('',(0.740951,-0.671559,0));
#14024=DIRECTION('',(0,0,-1));
#14025=AXIS2_PLACEMENT_3D('',#776,#14023,#14024);
#14026=PLANE('',#14025);
#14027=ORIENTED_EDGE('',*,*,#7544,.F.);
#14028=ORIENTED_EDGE('',*,*,#14015,.F.);
#14029=ORIENTED_EDGE('',*,*,#3562,.T.);
#14030=DIRECTION('',(0,0,1));
#14031=VECTOR('',#14030,10);
#14032=LINE('',#568,#14031);
#14033=EDGE_CURVE('',#569,#777,#14032,.T.);
#14034=ORIENTED_EDGE('',*,*,#14033,.T.);
#14035=EDGE_LOOP('',(#14027,#14028,#14029,#14034));
#14036=FACE_OUTER_BOUND('',#14035,.T.);
#14037=ADVANCED_FACE('',(#14036),#14026,.T.);
#14038=DIRECTION('',(0.671559,-0.740951,0));
#14039=DIRECTION('',(0,0,-1));
#14040=AXIS2_PLACEMENT_3D('',#568,#14038,#14039);
#14041=PLANE('',#14040);
#14042=ORIENTED_EDGE('',*,*,#3557,.T.);
#14043=DIRECTION('',(0,0,1));
#14044=VECTOR('',#14043,10);
#14045=LINE('',#570,#14044);
#14046=EDGE_CURVE('',#571,#779,#14045,.T.);
#14047=ORIENTED_EDGE('',*,*,#14046,.T.);
#14048=ORIENTED_EDGE('',*,*,#7549,.F.);
#14049=ORIENTED_EDGE('',*,*,#14033,.F.);
#14050=EDGE_LOOP('',(#14042,#14047,#14048,#14049));
#14051=FACE_OUTER_BOUND('',#14050,.T.);
#14052=ADVANCED_FACE('',(#14051),#14041,.T.);
#14053=DIRECTION('',(0.5957,-0.803207,0));
#14054=DIRECTION('',(0,0,-1));
#14055=AXIS2_PLACEMENT_3D('',#572,#14053,#14054);
#14056=PLANE('',#14055);
#14057=DIRECTION('',(0,0,1));
#14058=VECTOR('',#14057,10);
#14059=LINE('',#572,#14058);
#14060=EDGE_CURVE('',#573,#781,#14059,.T.);
#14061=ORIENTED_EDGE('',*,*,#14060,.T.);
#14062=ORIENTED_EDGE('',*,*,#7554,.F.);
#14063=ORIENTED_EDGE('',*,*,#14046,.F.);
#14064=ORIENTED_EDGE('',*,*,#3552,.T.);
#14065=EDGE_LOOP('',(#14061,#14062,#14063,#14064));
#14066=FACE_OUTER_BOUND('',#14065,.T.);
#14067=ADVANCED_FACE('',(#14066),#14056,.T.);
#14068=DIRECTION('',(0.514103,-0.857729,0));
#14069=DIRECTION('',(0,0,-1));
#14070=AXIS2_PLACEMENT_3D('',#782,#14068,#14069);
#14071=PLANE('',#14070);
#14072=ORIENTED_EDGE('',*,*,#7559,.F.);
#14073=ORIENTED_EDGE('',*,*,#14060,.F.);
#14074=ORIENTED_EDGE('',*,*,#3547,.T.);
#14075=DIRECTION('',(0,0,1));
#14076=VECTOR('',#14075,10);
#14077=LINE('',#574,#14076);
#14078=EDGE_CURVE('',#575,#783,#14077,.T.);
#14079=ORIENTED_EDGE('',*,*,#14078,.T.);
#14080=EDGE_LOOP('',(#14072,#14073,#14074,#14079));
#14081=FACE_OUTER_BOUND('',#14080,.T.);
#14082=ADVANCED_FACE('',(#14081),#14071,.T.);
#14083=DIRECTION('',(0.427555,-0.903989,0));
#14084=DIRECTION('',(0,0,-1));
#14085=AXIS2_PLACEMENT_3D('',#782,#14083,#14084);
#14086=PLANE('',#14085);
#14087=ORIENTED_EDGE('',*,*,#14078,.F.);
#14088=ORIENTED_EDGE('',*,*,#3542,.T.);
#14089=DIRECTION('',(0,0,1));
#14090=VECTOR('',#14089,10);
#14091=LINE('',#576,#14090);
#14092=EDGE_CURVE('',#577,#785,#14091,.T.);
#14093=ORIENTED_EDGE('',*,*,#14092,.T.);
#14094=ORIENTED_EDGE('',*,*,#7564,.F.);
#14095=EDGE_LOOP('',(#14087,#14088,#14093,#14094));
#14096=FACE_OUTER_BOUND('',#14095,.T.);
#14097=ADVANCED_FACE('',(#14096),#14086,.T.);
#14098=DIRECTION('',(0.33689,-0.941544,0));
#14099=DIRECTION('',(0,0,-1));
#14100=AXIS2_PLACEMENT_3D('',#578,#14098,#14099);
#14101=PLANE('',#14100);
#14102=DIRECTION('',(0,0,1));
#14103=VECTOR('',#14102,10);
#14104=LINE('',#578,#14103);
#14105=EDGE_CURVE('',#579,#787,#14104,.T.);
#14106=ORIENTED_EDGE('',*,*,#14105,.T.);
#14107=ORIENTED_EDGE('',*,*,#7569,.F.);
#14108=ORIENTED_EDGE('',*,*,#14092,.F.);
#14109=ORIENTED_EDGE('',*,*,#3537,.T.);
#14110=EDGE_LOOP('',(#14106,#14107,#14108,#14109));
#14111=FACE_OUTER_BOUND('',#14110,.T.);
#14112=ADVANCED_FACE('',(#14111),#14101,.T.);
#14113=DIRECTION('',(0.24298,-0.970031,0));
#14114=DIRECTION('',(0,0,-1));
#14115=AXIS2_PLACEMENT_3D('',#580,#14113,#14114);
#14116=PLANE('',#14115);
#14117=DIRECTION('',(0,0,1));
#14118=VECTOR('',#14117,10);
#14119=LINE('',#580,#14118);
#14120=EDGE_CURVE('',#581,#789,#14119,.T.);
#14121=ORIENTED_EDGE('',*,*,#14120,.T.);
#14122=ORIENTED_EDGE('',*,*,#7574,.F.);
#14123=ORIENTED_EDGE('',*,*,#14105,.F.);
#14124=ORIENTED_EDGE('',*,*,#3532,.T.);
#14125=EDGE_LOOP('',(#14121,#14122,#14123,#14124));
#14126=FACE_OUTER_BOUND('',#14125,.T.);
#14127=ADVANCED_FACE('',(#14126),#14116,.T.);
#14128=DIRECTION('',(0.14673,-0.989177,0));
#14129=DIRECTION('',(0,0,-1));
#14130=AXIS2_PLACEMENT_3D('',#580,#14128,#14129);
#14131=PLANE('',#14130);
#14132=ORIENTED_EDGE('',*,*,#3527,.T.);
#14133=DIRECTION('',(0,0,1));
#14134=VECTOR('',#14133,10);
#14135=LINE('',#582,#14134);
#14136=EDGE_CURVE('',#583,#791,#14135,.T.);
#14137=ORIENTED_EDGE('',*,*,#14136,.T.);
#14138=ORIENTED_EDGE('',*,*,#7579,.F.);
#14139=ORIENTED_EDGE('',*,*,#14120,.F.);
#14140=EDGE_LOOP('',(#14132,#14137,#14138,#14139));
#14141=FACE_OUTER_BOUND('',#14140,.T.);
#14142=ADVANCED_FACE('',(#14141),#14131,.T.);
#14143=DIRECTION('',(0.049068,-0.998795,0));
#14144=DIRECTION('',(0,0,-1));
#14145=AXIS2_PLACEMENT_3D('',#1504,#14143,#14144);
#14146=PLANE('',#14145);
#14147=ORIENTED_EDGE('',*,*,#7584,.F.);
#14148=ORIENTED_EDGE('',*,*,#14136,.F.);
#14149=ORIENTED_EDGE('',*,*,#3807,.T.);
#14150=DIRECTION('',(0,0,1));
#14151=VECTOR('',#14150,10);
#14152=LINE('',#1296,#14151);
#14153=EDGE_CURVE('',#1297,#1505,#14152,.T.);
#14154=ORIENTED_EDGE('',*,*,#14153,.T.);
#14155=EDGE_LOOP('',(#14147,#14148,#14149,#14154));
#14156=FACE_OUTER_BOUND('',#14155,.T.);
#14157=ADVANCED_FACE('',(#14156),#14146,.T.);
#14158=DIRECTION('',(-0.049068,0.998795,0));
#14159=DIRECTION('',(0,-0,1));
#14160=AXIS2_PLACEMENT_3D('',#1150,#14158,#14159);
#14161=PLANE('',#14160);
#14162=ORIENTED_EDGE('',*,*,#7424,.T.);
#14163=DIRECTION('',(0,0,1));
#14164=VECTOR('',#14163,10);
#14165=LINE('',#938,#14164);
#14166=EDGE_CURVE('',#939,#1153,#14165,.T.);
#14167=ORIENTED_EDGE('',*,*,#14166,.F.);
#14168=ORIENTED_EDGE('',*,*,#3682,.F.);
#14169=ORIENTED_EDGE('',*,*,#13764,.T.);
#14170=EDGE_LOOP('',(#14162,#14167,#14168,#14169));
#14171=FACE_OUTER_BOUND('',#14170,.T.);
#14172=ADVANCED_FACE('',(#14171),#14161,.T.);
#14173=DIRECTION('',(-0.14673,0.989177,0));
#14174=DIRECTION('',(0,-0,1));
#14175=AXIS2_PLACEMENT_3D('',#1154,#14173,#14174);
#14176=PLANE('',#14175);
#14177=DIRECTION('',(0,0,1));
#14178=VECTOR('',#14177,10);
#14179=LINE('',#940,#14178);
#14180=EDGE_CURVE('',#941,#1155,#14179,.T.);
#14181=ORIENTED_EDGE('',*,*,#14180,.F.);
#14182=ORIENTED_EDGE('',*,*,#3687,.F.);
#14183=ORIENTED_EDGE('',*,*,#14166,.T.);
#14184=ORIENTED_EDGE('',*,*,#7419,.T.);
#14185=EDGE_LOOP('',(#14181,#14182,#14183,#14184));
#14186=FACE_OUTER_BOUND('',#14185,.T.);
#14187=ADVANCED_FACE('',(#14186),#14176,.T.);
#14188=DIRECTION('',(-0.24298,0.970031,0));
#14189=DIRECTION('',(0,-0,1));
#14190=AXIS2_PLACEMENT_3D('',#942,#14188,#14189);
#14191=PLANE('',#14190);
#14192=ORIENTED_EDGE('',*,*,#3692,.F.);
#14193=ORIENTED_EDGE('',*,*,#14180,.T.);
#14194=ORIENTED_EDGE('',*,*,#7414,.T.);
#14195=DIRECTION('',(0,0,1));
#14196=VECTOR('',#14195,10);
#14197=LINE('',#942,#14196);
#14198=EDGE_CURVE('',#943,#1157,#14197,.T.);
#14199=ORIENTED_EDGE('',*,*,#14198,.F.);
#14200=EDGE_LOOP('',(#14192,#14193,#14194,#14199));
#14201=FACE_OUTER_BOUND('',#14200,.T.);
#14202=ADVANCED_FACE('',(#14201),#14191,.T.);
#14203=DIRECTION('',(-0.33689,0.941544,0));
#14204=DIRECTION('',(0,-0,1));
#14205=AXIS2_PLACEMENT_3D('',#1158,#14203,#14204);
#14206=PLANE('',#14205);
#14207=DIRECTION('',(0,0,1));
#14208=VECTOR('',#14207,10);
#14209=LINE('',#944,#14208);
#14210=EDGE_CURVE('',#945,#1159,#14209,.T.);
#14211=ORIENTED_EDGE('',*,*,#14210,.F.);
#14212=ORIENTED_EDGE('',*,*,#3697,.F.);
#14213=ORIENTED_EDGE('',*,*,#14198,.T.);
#14214=ORIENTED_EDGE('',*,*,#7409,.T.);
#14215=EDGE_LOOP('',(#14211,#14212,#14213,#14214));
#14216=FACE_OUTER_BOUND('',#14215,.T.);
#14217=ADVANCED_FACE('',(#14216),#14206,.T.);
#14218=DIRECTION('',(-0.427555,0.903989,0));
#14219=DIRECTION('',(0,-0,1));
#14220=AXIS2_PLACEMENT_3D('',#1160,#14218,#14219);
#14221=PLANE('',#14220);
#14222=DIRECTION('',(0,0,1));
#14223=VECTOR('',#14222,10);
#14224=LINE('',#946,#14223);
#14225=EDGE_CURVE('',#947,#1161,#14224,.T.);
#14226=ORIENTED_EDGE('',*,*,#14225,.F.);
#14227=ORIENTED_EDGE('',*,*,#3702,.F.);
#14228=ORIENTED_EDGE('',*,*,#14210,.T.);
#14229=ORIENTED_EDGE('',*,*,#7404,.T.);
#14230=EDGE_LOOP('',(#14226,#14227,#14228,#14229));
#14231=FACE_OUTER_BOUND('',#14230,.T.);
#14232=ADVANCED_FACE('',(#14231),#14221,.T.);
#14233=DIRECTION('',(-0.514103,0.857729,0));
#14234=DIRECTION('',(0,-0,1));
#14235=AXIS2_PLACEMENT_3D('',#946,#14233,#14234);
#14236=PLANE('',#14235);
#14237=ORIENTED_EDGE('',*,*,#14225,.T.);
#14238=ORIENTED_EDGE('',*,*,#7399,.T.);
#14239=DIRECTION('',(0,0,1));
#14240=VECTOR('',#14239,10);
#14241=LINE('',#948,#14240);
#14242=EDGE_CURVE('',#949,#1163,#14241,.T.);
#14243=ORIENTED_EDGE('',*,*,#14242,.F.);
#14244=ORIENTED_EDGE('',*,*,#3707,.F.);
#14245=EDGE_LOOP('',(#14237,#14238,#14243,#14244));
#14246=FACE_OUTER_BOUND('',#14245,.T.);
#14247=ADVANCED_FACE('',(#14246),#14236,.T.);
#14248=DIRECTION('',(-0.5957,0.803207,0));
#14249=DIRECTION('',(0,-0,1));
#14250=AXIS2_PLACEMENT_3D('',#950,#14248,#14249);
#14251=PLANE('',#14250);
#14252=ORIENTED_EDGE('',*,*,#3712,.F.);
#14253=ORIENTED_EDGE('',*,*,#14242,.T.);
#14254=ORIENTED_EDGE('',*,*,#7394,.T.);
#14255=DIRECTION('',(0,0,1));
#14256=VECTOR('',#14255,10);
#14257=LINE('',#950,#14256);
#14258=EDGE_CURVE('',#951,#1165,#14257,.T.);
#14259=ORIENTED_EDGE('',*,*,#14258,.F.);
#14260=EDGE_LOOP('',(#14252,#14253,#14254,#14259));
#14261=FACE_OUTER_BOUND('',#14260,.T.);
#14262=ADVANCED_FACE('',(#14261),#14251,.T.);
#14263=DIRECTION('',(-0.671559,0.740951,0));
#14264=DIRECTION('',(0,-0,1));
#14265=AXIS2_PLACEMENT_3D('',#1164,#14263,#14264);
#14266=PLANE('',#14265);
#14267=ORIENTED_EDGE('',*,*,#7389,.T.);
#14268=DIRECTION('',(0,0,1));
#14269=VECTOR('',#14268,10);
#14270=LINE('',#952,#14269);
#14271=EDGE_CURVE('',#953,#1167,#14270,.T.);
#14272=ORIENTED_EDGE('',*,*,#14271,.F.);
#14273=ORIENTED_EDGE('',*,*,#3717,.F.);
#14274=ORIENTED_EDGE('',*,*,#14258,.T.);
#14275=EDGE_LOOP('',(#14267,#14272,#14273,#14274));
#14276=FACE_OUTER_BOUND('',#14275,.T.);
#14277=ADVANCED_FACE('',(#14276),#14266,.T.);
#14278=DIRECTION('',(-0.740951,0.671559,0));
#14279=DIRECTION('',(0,-0,1));
#14280=AXIS2_PLACEMENT_3D('',#954,#14278,#14279);
#14281=PLANE('',#14280);
#14282=ORIENTED_EDGE('',*,*,#3722,.F.);
#14283=ORIENTED_EDGE('',*,*,#14271,.T.);
#14284=ORIENTED_EDGE('',*,*,#7384,.T.);
#14285=DIRECTION('',(0,0,1));
#14286=VECTOR('',#14285,10);
#14287=LINE('',#954,#14286);
#14288=EDGE_CURVE('',#955,#1169,#14287,.T.);
#14289=ORIENTED_EDGE('',*,*,#14288,.F.);
#14290=EDGE_LOOP('',(#14282,#14283,#14284,#14289));
#14291=FACE_OUTER_BOUND('',#14290,.T.);
#14292=ADVANCED_FACE('',(#14291),#14281,.T.);
#14293=DIRECTION('',(-0.803207,0.5957,0));
#14294=DIRECTION('',(0,-0,1));
#14295=AXIS2_PLACEMENT_3D('',#1168,#14293,#14294);
#14296=PLANE('',#14295);
#14297=ORIENTED_EDGE('',*,*,#7379,.T.);
#14298=DIRECTION('',(0,0,1));
#14299=VECTOR('',#14298,10);
#14300=LINE('',#956,#14299);
#14301=EDGE_CURVE('',#957,#1171,#14300,.T.);
#14302=ORIENTED_EDGE('',*,*,#14301,.F.);
#14303=ORIENTED_EDGE('',*,*,#3727,.F.);
#14304=ORIENTED_EDGE('',*,*,#14288,.T.);
#14305=EDGE_LOOP('',(#14297,#14302,#14303,#14304));
#14306=FACE_OUTER_BOUND('',#14305,.T.);
#14307=ADVANCED_FACE('',(#14306),#14296,.T.);
#14308=DIRECTION('',(-0.33689,-0.941544,0));
#14309=DIRECTION('',(0,-0,-1));
#14310=AXIS2_PLACEMENT_3D('',#1302,#14308,#14309);
#14311=PLANE('',#14310);
#14312=ORIENTED_EDGE('',*,*,#3787,.F.);
#14313=DIRECTION('',(0,0,1));
#14314=VECTOR('',#14313,10);
#14315=LINE('',#1282,#14314);
#14316=EDGE_CURVE('',#1283,#1491,#14315,.T.);
#14317=ORIENTED_EDGE('',*,*,#14316,.T.);
#14318=ORIENTED_EDGE('',*,*,#7604,.T.);
#14319=DIRECTION('',(0,0,1));
#14320=VECTOR('',#14319,10);
#14321=LINE('',#1302,#14320);
#14322=EDGE_CURVE('',#1303,#1511,#14321,.T.);
#14323=ORIENTED_EDGE('',*,*,#14322,.F.);
#14324=EDGE_LOOP('',(#14312,#14317,#14318,#14323));
#14325=FACE_OUTER_BOUND('',#14324,.T.);
#14326=ADVANCED_FACE('',(#14325),#14311,.T.);
#14327=DIRECTION('',(-0.427555,-0.903989,0));
#14328=DIRECTION('',(0,-0,-1));
#14329=AXIS2_PLACEMENT_3D('',#1284,#14327,#14328);
#14330=PLANE('',#14329);
#14331=DIRECTION('',(0,0,1));
#14332=VECTOR('',#14331,10);
#14333=LINE('',#1284,#14332);
#14334=EDGE_CURVE('',#1285,#1493,#14333,.T.);
#14335=ORIENTED_EDGE('',*,*,#14334,.T.);
#14336=ORIENTED_EDGE('',*,*,#7609,.F.);
#14337=ORIENTED_EDGE('',*,*,#14316,.F.);
#14338=ORIENTED_EDGE('',*,*,#3782,.T.);
#14339=EDGE_LOOP('',(#14335,#14336,#14337,#14338));
#14340=FACE_OUTER_BOUND('',#14339,.T.);
#14341=ADVANCED_FACE('',(#14340),#14330,.T.);
#14342=DIRECTION('',(-0.514103,-0.857729,0));
#14343=DIRECTION('',(0,-0,-1));
#14344=AXIS2_PLACEMENT_3D('',#1284,#14342,#14343);
#14345=PLANE('',#14344);
#14346=ORIENTED_EDGE('',*,*,#3777,.T.);
#14347=DIRECTION('',(0,0,1));
#14348=VECTOR('',#14347,10);
#14349=LINE('',#1286,#14348);
#14350=EDGE_CURVE('',#1287,#1495,#14349,.T.);
#14351=ORIENTED_EDGE('',*,*,#14350,.T.);
#14352=ORIENTED_EDGE('',*,*,#7614,.F.);
#14353=ORIENTED_EDGE('',*,*,#14334,.F.);
#14354=EDGE_LOOP('',(#14346,#14351,#14352,#14353));
#14355=FACE_OUTER_BOUND('',#14354,.T.);
#14356=ADVANCED_FACE('',(#14355),#14345,.T.);
#14357=DIRECTION('',(-0.5957,-0.803207,0));
#14358=DIRECTION('',(0,-0,-1));
#14359=AXIS2_PLACEMENT_3D('',#1286,#14357,#14358);
#14360=PLANE('',#14359);
#14361=ORIENTED_EDGE('',*,*,#3772,.T.);
#14362=DIRECTION('',(0,0,1));
#14363=VECTOR('',#14362,10);
#14364=LINE('',#1288,#14363);
#14365=EDGE_CURVE('',#1289,#1497,#14364,.T.);
#14366=ORIENTED_EDGE('',*,*,#14365,.T.);
#14367=ORIENTED_EDGE('',*,*,#7619,.F.);
#14368=ORIENTED_EDGE('',*,*,#14350,.F.);
#14369=EDGE_LOOP('',(#14361,#14366,#14367,#14368));
#14370=FACE_OUTER_BOUND('',#14369,.T.);
#14371=ADVANCED_FACE('',(#14370),#14360,.T.);
#14372=DIRECTION('',(-0.671559,-0.740951,0));
#14373=DIRECTION('',(0,-0,-1));
#14374=AXIS2_PLACEMENT_3D('',#1496,#14372,#14373);
#14375=PLANE('',#14374);
#14376=ORIENTED_EDGE('',*,*,#14365,.F.);
#14377=ORIENTED_EDGE('',*,*,#3767,.T.);
#14378=DIRECTION('',(0,0,1));
#14379=VECTOR('',#14378,10);
#14380=LINE('',#1290,#14379);
#14381=EDGE_CURVE('',#1291,#1499,#14380,.T.);
#14382=ORIENTED_EDGE('',*,*,#14381,.T.);
#14383=ORIENTED_EDGE('',*,*,#7624,.F.);
#14384=EDGE_LOOP('',(#14376,#14377,#14382,#14383));
#14385=FACE_OUTER_BOUND('',#14384,.T.);
#14386=ADVANCED_FACE('',(#14385),#14375,.T.);
#14387=DIRECTION('',(-0.740951,-0.671559,0));
#14388=DIRECTION('',(0,-0,-1));
#14389=AXIS2_PLACEMENT_3D('',#1500,#14387,#14388);
#14390=PLANE('',#14389);
#14391=ORIENTED_EDGE('',*,*,#7344,.F.);
#14392=ORIENTED_EDGE('',*,*,#14381,.F.);
#14393=ORIENTED_EDGE('',*,*,#3762,.T.);
#14394=DIRECTION('',(0,0,1));
#14395=VECTOR('',#14394,10);
#14396=LINE('',#1292,#14395);
#14397=EDGE_CURVE('',#1293,#1501,#14396,.T.);
#14398=ORIENTED_EDGE('',*,*,#14397,.T.);
#14399=EDGE_LOOP('',(#14391,#14392,#14393,#14398));
#14400=FACE_OUTER_BOUND('',#14399,.T.);
#14401=ADVANCED_FACE('',(#14400),#14390,.T.);
#14402=DIRECTION('',(-0.803207,-0.5957,0));
#14403=DIRECTION('',(0,-0,-1));
#14404=AXIS2_PLACEMENT_3D('',#1292,#14402,#14403);
#14405=PLANE('',#14404);
#14406=ORIENTED_EDGE('',*,*,#3757,.T.);
#14407=DIRECTION('',(0,0,1));
#14408=VECTOR('',#14407,10);
#14409=LINE('',#1294,#14408);
#14410=EDGE_CURVE('',#1295,#1503,#14409,.T.);
#14411=ORIENTED_EDGE('',*,*,#14410,.T.);
#14412=ORIENTED_EDGE('',*,*,#7349,.F.);
#14413=ORIENTED_EDGE('',*,*,#14397,.F.);
#14414=EDGE_LOOP('',(#14406,#14411,#14412,#14413));
#14415=FACE_OUTER_BOUND('',#14414,.T.);
#14416=ADVANCED_FACE('',(#14415),#14405,.T.);
#14417=DIRECTION('',(-0.049068,-0.998795,0));
#14418=DIRECTION('',(0,-0,-1));
#14419=AXIS2_PLACEMENT_3D('',#1296,#14417,#14418);
#14420=PLANE('',#14419);
#14421=ORIENTED_EDGE('',*,*,#3802,.T.);
#14422=DIRECTION('',(0,0,1));
#14423=VECTOR('',#14422,10);
#14424=LINE('',#1298,#14423);
#14425=EDGE_CURVE('',#1299,#1507,#14424,.T.);
#14426=ORIENTED_EDGE('',*,*,#14425,.T.);
#14427=ORIENTED_EDGE('',*,*,#7589,.F.);
#14428=ORIENTED_EDGE('',*,*,#14153,.F.);
#14429=EDGE_LOOP('',(#14421,#14426,#14427,#14428));
#14430=FACE_OUTER_BOUND('',#14429,.T.);
#14431=ADVANCED_FACE('',(#14430),#14420,.T.);
#14432=DIRECTION('',(-0.14673,-0.989177,0));
#14433=DIRECTION('',(0,-0,-1));
#14434=AXIS2_PLACEMENT_3D('',#1508,#14432,#14433);
#14435=PLANE('',#14434);
#14436=ORIENTED_EDGE('',*,*,#7594,.F.);
#14437=ORIENTED_EDGE('',*,*,#14425,.F.);
#14438=ORIENTED_EDGE('',*,*,#3797,.T.);
#14439=DIRECTION('',(0,0,1));
#14440=VECTOR('',#14439,10);
#14441=LINE('',#1300,#14440);
#14442=EDGE_CURVE('',#1301,#1509,#14441,.T.);
#14443=ORIENTED_EDGE('',*,*,#14442,.T.);
#14444=EDGE_LOOP('',(#14436,#14437,#14438,#14443));
#14445=FACE_OUTER_BOUND('',#14444,.T.);
#14446=ADVANCED_FACE('',(#14445),#14435,.T.);
#14447=DIRECTION('',(-0.24298,-0.970031,0));
#14448=DIRECTION('',(0,-0,-1));
#14449=AXIS2_PLACEMENT_3D('',#1300,#14447,#14448);
#14450=PLANE('',#14449);
#14451=ORIENTED_EDGE('',*,*,#3792,.T.);
#14452=ORIENTED_EDGE('',*,*,#14322,.T.);
#14453=ORIENTED_EDGE('',*,*,#7599,.F.);
#14454=ORIENTED_EDGE('',*,*,#14442,.F.);
#14455=EDGE_LOOP('',(#14451,#14452,#14453,#14454));
#14456=FACE_OUTER_BOUND('',#14455,.T.);
#14457=ADVANCED_FACE('',(#14456),#14450,.T.);
#14458=DIRECTION('',(0,1,0));
#14459=DIRECTION('',(0,0,1));
#14460=AXIS2_PLACEMENT_3D('',#934,#14458,#14459);
#14461=PLANE('',#14460);
#14462=DIRECTION('',(0,0,1));
#14463=VECTOR('',#14462,10);
#14464=LINE('',#934,#14463);
#14465=EDGE_CURVE('',#935,#1149,#14464,.T.);
#14466=ORIENTED_EDGE('',*,*,#14465,.T.);
#14467=ORIENTED_EDGE('',*,*,#7369,.T.);
#14468=DIRECTION('',(0,0,1));
#14469=VECTOR('',#14468,10);
#14470=LINE('',#958,#14469);
#14471=EDGE_CURVE('',#959,#1173,#14470,.T.);
#14472=ORIENTED_EDGE('',*,*,#14471,.F.);
#14473=ORIENTED_EDGE('',*,*,#3737,.F.);
#14474=EDGE_LOOP('',(#14466,#14467,#14472,#14473));
#14475=FACE_OUTER_BOUND('',#14474,.T.);
#14476=ADVANCED_FACE('',(#14475),#14461,.T.);
#14477=DIRECTION('',(1,0,0));
#14478=DIRECTION('',(0,0,-1));
#14479=AXIS2_PLACEMENT_3D('',#934,#14477,#14478);
#14480=PLANE('',#14479);
#14481=ORIENTED_EDGE('',*,*,#3732,.T.);
#14482=ORIENTED_EDGE('',*,*,#14301,.T.);
#14483=ORIENTED_EDGE('',*,*,#7374,.F.);
#14484=ORIENTED_EDGE('',*,*,#14465,.F.);
#14485=EDGE_LOOP('',(#14481,#14482,#14483,#14484));
#14486=FACE_OUTER_BOUND('',#14485,.T.);
#14487=ADVANCED_FACE('',(#14486),#14480,.T.);
#14488=DIRECTION('',(1,0,0));
#14489=DIRECTION('',(0,0,-1));
#14490=AXIS2_PLACEMENT_3D('',#1502,#14488,#14489);
#14491=PLANE('',#14490);
#14492=ORIENTED_EDGE('',*,*,#14410,.F.);
#14493=ORIENTED_EDGE('',*,*,#3752,.T.);
#14494=DIRECTION('',(0,0,1));
#14495=VECTOR('',#14494,10);
#14496=LINE('',#1304,#14495);
#14497=EDGE_CURVE('',#1305,#1513,#14496,.T.);
#14498=ORIENTED_EDGE('',*,*,#14497,.T.);
#14499=ORIENTED_EDGE('',*,*,#7354,.F.);
#14500=EDGE_LOOP('',(#14492,#14493,#14498,#14499));
#14501=FACE_OUTER_BOUND('',#14500,.T.);
#14502=ADVANCED_FACE('',(#14501),#14491,.T.);
#14503=DIRECTION('',(-1,0,0));
#14504=DIRECTION('',(0,-0,1));
#14505=AXIS2_PLACEMENT_3D('',#958,#14503,#14504);
#14506=PLANE('',#14505);
#14507=ORIENTED_EDGE('',*,*,#14471,.T.);
#14508=ORIENTED_EDGE('',*,*,#7364,.T.);
#14509=DIRECTION('',(0,0,1));
#14510=VECTOR('',#14509,10);
#14511=LINE('',#1306,#14510);
#14512=EDGE_CURVE('',#1307,#1515,#14511,.T.);
#14513=ORIENTED_EDGE('',*,*,#14512,.F.);
#14514=ORIENTED_EDGE('',*,*,#3742,.F.);
#14515=EDGE_LOOP('',(#14507,#14508,#14513,#14514));
#14516=FACE_OUTER_BOUND('',#14515,.T.);
#14517=ADVANCED_FACE('',(#14516),#14506,.T.);
#14518=DIRECTION('',(0,-1,0));
#14519=DIRECTION('',(0,0,-1));
#14520=AXIS2_PLACEMENT_3D('',#1514,#14518,#14519);
#14521=PLANE('',#14520);
#14522=ORIENTED_EDGE('',*,*,#7359,.F.);
#14523=ORIENTED_EDGE('',*,*,#14497,.F.);
#14524=ORIENTED_EDGE('',*,*,#3747,.T.);
#14525=ORIENTED_EDGE('',*,*,#14512,.T.);
#14526=EDGE_LOOP('',(#14522,#14523,#14524,#14525));
#14527=FACE_OUTER_BOUND('',#14526,.T.);
#14528=ADVANCED_FACE('',(#14527),#14521,.T.);
#14529=CLOSED_SHELL('',(#3811,#3834,#3853,#3872,#3890,#3904,#3922,#3940,#3959,#3977,#3995,#4013,#4036,#4054,#4072,#4090,#4108,#4126,#4144,#4162,#4180,#4198,#4221,#4239,#4253,#4271,#4289,#4307,#4330,#4353,#4367,#4385,#4403,#4421,#4439,#4457,#4475,#4493,#4511,#4529,#4548,#4567,#4581,#4599,#4636,#4655,#4674,#4700,#4719,#4737,#4755,#4773,#4791,#4809,#4832,#4846,#4864,#4882,#4904,#4918,#4936,#4950,#4968,#4992,#5011,#5021,#5040,#5063,#5077,#5095,#5113,#5132,#5151,#5169,#5192,#5211,#5225,#5248,#5267,#5281,#5299,#5331,#5355,#5384,#5403,#5417,#5431,#5450,#5464,#5478,#5492,#5506,#5520,#5534,#5548,#5562,#5576,#5590,#5604,#5618,#5632,#5646,#5660,#5674,#5688,#5702,#5716,#5730,#5744,#5758,#5772,#5786,#7628,#7638,#7648,#7658,#7668,#7678,#7688,#7698,#7708,#7718,#7728,#7738,#7748,#7758,#7768,#7778,#7788,#7798,#7808,#7818,#7828,#7838,#7848,#7858,#7868,#7883,#7901,#7919,#7937,#7955,#7973,#7988,#8006,#8024,#8042,#8060,#8078,#8096,#8114,#8132,#8147,#8164,#8184,#8202,#8227,#8238,#8256,#8274,#8289,#8307,#8325,#8343,#8361,#8379,#8398,#8416,#8430,#8444,#8458,#8476,#8494,#8512,#8530,#8548,#8566,#8581,#8599,#8614,#8629,#8644,#8662,#8680,#8695,#8713,#8728,#8738,#8748,#8766,#8784,#8802,#8820,#8838,#8853,#8871,#8889,#8908,#8919,#8929,#8939,#8954,#8972,#8990,#9008,#9027,#9045,#9063,#9085,#9104,#9118,#9136,#9151,#9169,#9187,#9202,#9217,#9232,#9250,#9269,#9283,#9298,#9313,#9323,#9333,#9343,#9353,#9363,#9373,#9383,#9393,#9403,#9413,#9423,#9433,#9443,#9453,#9463,#9473,#9483,#9493,#9503,#9513,#9523,#9533,#9543,#9553,#9563,#9573,#9583,#9593,#9603,#9613,#9623,#9633,#9643,#9653,#9663,#9673,#9683,#9693,#9703,#9713,#9723,#9733,#9743,#9758,#9768,#9778,#9788,#9798,#9808,#9818,#9837,#9856,#9874,#9885,#9903,#9922,#9937,#9952,#9966,#9980,#9999,#10013,#10032,#10050,#10064,#10082,#10100,#10123,#10141,#10159,#10177,#10192,#10211,#10226,#10244,#10258,#10276,#10290,#10309,#10327,#10345,#10359,#10369,#10379,#10398,#10416,#10434,#10448,#10458,#10472,#10487,#10505,#10523,#10542,#10557,#10572,#10586,#10605,#10619,#10637,#10655,#10673,#10691,#10709,#10723,#10738,#10748,#10766,#10784,#10802,#10820,#10838,#10857,#10875,#10893,#10918,#10933,#10951,#10967,#10988,#11003,#11017,#11035,#11053,#11071,#11089,#11107,#11125,#11143,#11158,#11172,#11190,#11208,#11226,#11244,#11263,#11278,#11288,#11298,#11308,#11318,#11328,#11338,#11348,#11358,#11368,#11378,#11388,#11398,#11408,#11418,#11428,#11438,#11448,#11458,#11468,#11478,#11488,#11498,#11508,#11518,#11528,#11538,#11548,#11558,#11568,#11578,#11588,#11598,#11608,#11618,#11628,#11638,#11648,#11658,#11668,#11678,#11688,#11698,#11708,#11718,#11728,#11738,#11748,#11758,#11768,#11786,#11805,#11823,#11837,#11851,#11868,#11888,#11912,#11930,#11948,#11963,#11978,#11996,#12011,#12026,#12044,#12063,#12082,#12096,#12114,#12132,#12143,#12158,#12173,#12193,#12207,#12225,#12239,#12249,#12267,#12285,#12300,#12318,#12336,#12354,#12372,#12390,#12415,#12434,#12456,#12471,#12482,#12496,#12514,#12532,#12550,#12565,#12579,#12590,#12608,#12626,#12644,#12662,#12680,#12698,#12716,#12731,#12746,#12764,#12782,#12800,#12818,#12836,#12847,#12865,#12883,#12901,#12919,#12937,#12955,#12973,#12991,#13005,#13023,#13041,#13060,#13074,#13092,#13110,#13128,#13147,#13162,#13173,#13183,#13193,#13203,#13213,#13223,#13233,#13243,#13253,#13263,#13273,#13283,#13293,#13303,#13313,#13323,#13333,#13343,#13353,#13363,#13373,#13383,#13393,#13403,#13413,#13423,#13433,#13443,#13453,#13463,#13473,#13483,#13493,#13503,#13513,#13523,#13533,#13543,#13553,#13563,#13573,#13583,#13593,#13603,#13613,#13623,#13633,#13643,#13653,#13663,#13673,#13692,#13707,#13722,#13741,#13756,#13771,#13790,#13809,#13820,#13835,#13850,#13865,#13880,#13891,#13906,#13917,#13932,#13947,#13962,#13977,#13992,#14007,#14022,#14037,#14052,#14067,#14082,#14097,#14112,#14127,#14142,#14157,#14172,#14187,#14202,#14217,#14232,#14247,#14262,#14277,#14292,#14307,#14326,#14341,#14356,#14371,#14386,#14401,#14416,#14431,#14446,#14457,#14476,#14487,#14502,#14517,#14528));
#14530=MANIFOLD_SOLID_BREP('pinion',#14529);
#14531=CARTESIAN_POINT('',(0.,0.,0.));
#14532=DIRECTION('',(0.,0.,1.));
#14533=DIRECTION('',(1.,0.,0.));
#14534=AXIS2_PLACEMENT_3D('',#14531,#14532,#14533);
#14535=ADVANCED_BREP_SHAPE_REPRESENTATION('pinion',(#14530,#14534),#13);
#14536=SHAPE_DEFINITION_REPRESENTATION(#8,#14535);
ENDSEC;
END-ISO-10303-21;
